t,x,y,yaw,v,w,cmd_v,cmd_w
1780837940.542210102,-0.001432988,0.000890040,0.000000000,0.000000000,0.000000000,0.000000000,0.000000000
1780837940.561424494,-0.001471522,0.000951756,0.000000000,0.000000000,0.000000000,0.000000000,0.000000000
1780837940.581390381,-0.001510738,0.001011305,0.000000000,0.000000000,0.000000000,0.000000000,0.000000000
1780837940.601615191,-0.001545516,0.001096130,0.000000000,0.000000000,0.000000000,0.000000000,0.000000000
1780837940.621452570,-0.001590824,0.001053899,0.000000000,0.000000000,0.000000000,0.000000000,0.000000000
1780837940.641449451,-0.001561618,0.000993851,0.000000000,0.000000000,0.000000000,0.000000000,0.000000000
1780837940.661281347,-0.001524993,0.001009762,0.000000000,0.000000000,0.000000000,0.000000000,0.000000000
1780837940.681427002,-0.001605726,0.000953066,0.000000000,0.000000000,0.000000000,0.000000000,0.000000000
1780837940.701598644,-0.001530353,0.000899443,0.000000000,0.000000000,0.000000000,0.000000000,0.000000000
1780837940.721642494,-0.001471983,0.000958412,0.000000000,0.000000000,0.000000000,0.000000000,0.000000000
1780837940.741588831,-0.001486041,0.000990744,0.000000000,0.000000000,0.000000000,0.000000000,0.000000000
1780837940.761521816,-0.001529429,0.000983583,0.000000000,0.000000000,0.000000000,0.000000000,0.000000000
1780837940.781636238,-0.001608183,0.001001795,0.000000000,0.000000000,0.000000000,0.000000000,0.000000000
1780837940.801614285,-0.001549261,0.000938838,0.000000000,0.000000000,0.000000000,0.000000000,0.000000000
1780837940.821482897,-0.001512472,0.000959770,0.000000000,0.000000000,0.000000000,0.000000000,0.000000000
1780837940.841380119,-0.001542978,0.000905164,0.000000000,0.000000000,0.000000000,0.000000000,0.000000000
1780837940.861458778,-0.001575106,0.000953124,0.000000000,0.000000000,0.000000000,0.000000000,0.000000000
1780837940.881463528,-0.001591949,0.000998641,0.000000000,0.000000000,0.000000000,0.000000000,0.000000000
1780837940.901466131,-0.001657108,0.000913383,0.000000000,0.000000000,0.000000000,0.000000000,0.000000000
1780837940.921548128,-0.001691855,0.000897676,0.000000000,0.000000000,0.000000000,0.000000000,0.000000000
1780837940.941451788,-0.001706530,0.000915529,0.000000000,0.000000000,0.000000000,0.000000000,0.000000000
1780837940.961376667,-0.001610849,0.000957671,0.000000000,0.000000000,0.000000000,0.000000000,0.000000000
1780837940.981535673,-0.001696329,0.000930878,0.000000000,0.000000000,0.000000000,0.000000000,0.000000000
1780837941.001419067,-0.001706826,0.000910365,0.000000000,0.000000000,0.000000000,0.000000000,0.000000000
1780837941.021543980,-0.001655047,0.000926240,0.000000000,0.000000000,0.000000000,0.000000000,0.000000000
1780837941.041546345,-0.001681885,0.000987368,0.000000000,0.000000000,0.000000000,0.000000000,0.000000000
1780837941.061612368,-0.001708591,0.000931436,0.000000000,0.000000000,0.000000000,0.000000000,0.000000000
1780837941.081546783,-0.001749162,0.000872389,0.000000000,0.000000000,0.000000000,0.000000000,0.000000000
1780837941.101632118,-0.001742667,0.000774922,0.000000000,0.000000000,0.000000000,0.000000000,0.000000000
1780837941.121450901,-0.001746316,0.000747879,0.000000000,0.000000000,0.000000000,0.000000000,0.000000000
1780837941.141335487,-0.001812364,0.000729613,0.000000000,0.000000000,0.000000000,0.000000000,0.000000000
1780837941.161375046,-0.001820860,0.000825717,0.000000000,0.000000000,0.000000000,0.000000000,0.000000000
1780837941.181423903,-0.001910675,0.000857719,0.000000000,0.000000000,0.000000000,0.000000000,0.000000000
1780837941.201476574,-0.001966306,0.000772881,0.000000000,0.000000000,0.000000000,0.000000000,0.000000000
1780837941.221503496,-0.002042903,0.000697769,0.000000000,0.000000000,0.000000000,0.000000000,0.000000000
1780837941.241678238,-0.002141734,0.000597782,0.000000000,0.000000000,0.000000000,0.000000000,0.000000000
1780837941.261557341,-0.002165845,0.000653783,0.000000000,0.000000000,0.000000000,0.000000000,0.000000000
1780837941.281573772,-0.002096743,0.000609275,0.000000000,0.000000000,0.000000000,0.000000000,0.000000000
1780837941.301608562,-0.002068586,0.000559027,0.000000000,0.000000000,0.000000000,0.000000000,0.000000000
1780837941.321523666,-0.002008911,0.000575836,0.000000000,0.000000000,0.000000000,0.000000000,0.000000000
1780837941.341536999,-0.001955649,0.000599380,0.000000000,0.000000000,0.000000000,0.000000000,0.000000000
1780837941.361562967,-0.002049189,0.000560518,0.000000000,0.000000000,0.000000000,0.000000000,0.000000000
1780837941.381486177,-0.002119190,0.000657324,0.000000000,0.000000000,0.000000000,0.000000000,0.000000000
1780837941.401706934,-0.002207600,0.000657411,0.000000000,0.000000000,0.000000000,0.000000000,0.000000000
1780837941.421508074,-0.002247045,0.000629357,0.000000000,0.000000000,0.000000000,0.000000000,0.000000000
1780837941.441652775,-0.002250561,0.000666003,0.000000000,0.000000000,0.000000000,0.000000000,0.000000000
1780837941.461492062,-0.002188982,0.000687864,0.000000000,0.000000000,0.000000000,0.000000000,0.000000000
1780837941.481490612,-0.002172916,0.000599477,0.000000000,0.000000000,0.000000000,0.000000000,0.000000000
1780837941.501579285,-0.002240390,0.000663772,0.000000000,0.000000000,0.000000000,0.000000000,0.000000000
1780837941.521506071,-0.002321827,0.000620911,0.000000000,0.000000000,0.000000000,0.000000000,0.000000000
1780837941.541656733,-0.002246149,0.000707936,0.000000000,0.000000000,0.000000000,0.000000000,0.000000000
1780837941.561627626,-0.002249937,0.000634452,0.000000000,0.000000000,0.000000000,0.000000000,0.000000000
1780837941.581551075,-0.002251364,0.000613694,0.000000000,0.000000000,0.000000000,0.000000000,0.000000000
1780837941.601641417,-0.002232463,0.000531372,0.000000000,0.000000000,0.000000000,0.000000000,0.000000000
1780837941.621597528,-0.002299124,0.000618415,0.000000000,0.000000000,0.000000000,0.000000000,0.000000000
1780837941.641597271,-0.002283069,0.000658116,0.000000000,0.000000000,0.000000000,0.000000000,0.000000000
1780837941.661590815,-0.002256385,0.000638017,0.000000000,0.000000000,0.000000000,0.000000000,0.000000000
1780837941.681681871,-0.002309746,0.000602782,0.000000000,0.000000000,0.000000000,0.000000000,0.000000000
1780837941.701555967,-0.002212964,0.000655068,0.000000000,0.000000000,0.000000000,0.000000000,0.000000000
1780837941.721612692,-0.002306641,0.000650546,0.000000000,0.000000000,0.000000000,0.000000000,0.000000000
1780837941.741682768,-0.002318204,0.000711906,0.000000000,0.000000000,0.000000000,0.000000000,0.000000000
1780837941.761760950,-0.002264337,0.000784843,0.000000000,0.000000000,0.000000000,0.000000000,0.000000000
1780837941.781635046,-0.002196771,0.000740030,0.000000000,0.000000000,0.000000000,0.000000000,0.000000000
1780837941.801574707,-0.002140645,0.000690159,0.000000000,0.000000000,0.000000000,0.000000000,0.000000000
1780837941.821421862,-0.002080226,0.000644989,0.000000000,0.000000000,0.000000000,0.000000000,0.000000000
1780837941.841356277,-0.002148595,0.000606590,0.000000000,0.000000000,0.000000000,0.000000000,0.000000000
1780837941.861464262,-0.002171023,0.000646124,0.000000000,0.000000000,0.000000000,0.000000000,0.000000000
1780837941.881449938,-0.002261738,0.000563153,0.000000000,0.000000000,0.000000000,0.000000000,0.000000000
1780837941.901373863,-0.002263485,0.000567915,0.000000000,0.000000000,0.000000000,0.000000000,0.000000000
1780837941.921414137,-0.002306089,0.000572802,0.000000000,0.000000000,0.000000000,0.000000000,0.000000000
1780837941.941577435,-0.002285080,0.000594824,0.000000000,0.000000000,0.000000000,0.000000000,0.000000000
1780837941.961485147,-0.002217581,0.000654766,0.000000000,0.000000000,0.000000000,0.000000000,0.000000000
1780837941.981562138,-0.002149753,0.000675455,0.000000000,0.000000000,0.000000000,0.000000000,0.000000000
1780837942.001591444,-0.002091236,0.000744271,0.000000000,0.000000000,0.000000000,0.000000000,0.000000000
1780837942.021735668,-0.002002852,0.000644754,0.000000000,0.000000000,0.000000000,0.000000000,0.000000000
1780837942.041624069,-0.002070001,0.000730479,0.000000000,0.000000000,0.000000000,0.000000000,0.000000000
1780837942.061452389,-0.002129325,0.000747282,0.000000000,0.000000000,0.000000000,0.000000000,0.000000000
1780837942.081611156,-0.002148947,0.000757892,0.000000000,0.000000000,0.000000000,0.000000000,0.000000000
1780837942.101591110,-0.002117516,0.000704795,0.000000000,0.000000000,0.000000000,0.000000000,0.000000000
1780837942.121712446,-0.002118744,0.000675381,0.000000000,0.000000000,0.000000000,0.000000000,0.000000000
1780837942.141547441,-0.002022734,0.000716883,0.000000000,0.000000000,0.000000000,0.000000000,0.000000000
1780837942.161584139,-0.002077079,0.000720117,0.000000000,0.000000000,0.000000000,0.000000000,0.000000000
1780837942.181534529,-0.002015592,0.000730069,0.000000000,0.000000000,0.000000000,0.000000000,0.000000000
1780837942.201508522,-0.002056562,0.000703866,0.000000000,0.000000000,0.000000000,0.000000000,0.000000000
1780837942.221427441,-0.002147899,0.000793416,0.000000000,0.000000000,0.000000000,0.000000000,0.000000000
1780837942.241344213,-0.002155146,0.000747982,0.000000000,0.000000000,0.000000000,0.000000000,0.000000000
1780837942.261336565,-0.002058129,0.000844910,0.000000000,0.000000000,0.000000000,0.000000000,0.000000000
1780837942.281302452,-0.002065460,0.000929411,0.000000000,0.000000000,0.000000000,0.000000000,0.000000000
1780837942.301378727,-0.002010108,0.000894823,0.000000000,0.000000000,0.000000000,0.000000000,0.000000000
1780837942.321429253,-0.002095645,0.000845329,0.000000000,0.000000000,0.000000000,0.000000000,0.000000000
1780837942.341470003,-0.002147839,0.000866012,0.000000000,0.000000000,0.000000000,0.000000000,0.000000000
1780837942.361460447,-0.002209211,0.000838172,0.000000000,0.000000000,0.000000000,0.000000000,0.000000000
1780837942.381519556,-0.002111787,0.000921121,0.000000000,0.000000000,0.000000000,0.000000000,0.000000000
1780837942.401435375,-0.002033017,0.000875484,0.000000000,0.000000000,0.000000000,0.000000000,0.000000000
1780837942.421508074,-0.001999081,0.000955255,0.000000000,0.000000000,0.000000000,0.000000000,0.000000000
1780837942.441420794,-0.002072911,0.000995899,0.000000000,0.000000000,0.000000000,0.000000000,0.000000000
1780837942.461436510,-0.002093082,0.001045062,0.000000000,0.000000000,0.000000000,0.000000000,0.000000000
1780837942.481496811,-0.002186166,0.001136374,0.000000000,0.000000000,0.000000000,0.000000000,0.000000000
1780837942.501367569,-0.002264326,0.001064844,0.000000000,0.000000000,0.000000000,0.000000000,0.000000000
1780837942.521311998,-0.002242200,0.001063221,0.000000000,0.000000000,0.000000000,0.000000000,0.000000000
1780837942.541335106,-0.002195396,0.000987817,0.000000000,0.000000000,0.000000000,0.000000000,0.000000000
1780837942.561662912,-0.002173260,0.000940042,0.000000000,0.000000000,0.000000000,0.000000000,0.000000000
1780837942.581361294,-0.002240126,0.000943645,0.000000000,0.000000000,0.000000000,0.000000000,0.000000000
1780837942.601378202,-0.002173702,0.000949651,0.000000000,0.000000000,0.000000000,0.000000000,0.000000000
1780837942.621217012,-0.002102584,0.000967811,0.000000000,0.000000000,0.000000000,0.000000000,0.000000000
1780837942.641296387,-0.002008547,0.000939388,0.000000000,0.000000000,0.000000000,0.000000000,0.000000000
1780837942.661341190,-0.002075539,0.001016510,0.000000000,0.000000000,0.000000000,0.000000000,0.000000000
1780837942.681420326,-0.002144501,0.001079767,0.000000000,0.000000000,0.000000000,0.000000000,0.000000000
1780837942.701433897,-0.002216774,0.001037230,0.000000000,0.000000000,0.000000000,0.000000000,0.000000000
1780837942.721565723,-0.002183852,0.001093888,0.000000000,0.000000000,0.000000000,0.000000000,0.000000000
1780837942.741644859,-0.002234791,0.001183549,0.000000000,0.000000000,0.000000000,0.000000000,0.000000000
1780837942.761695147,-0.002306303,0.001167373,0.000000000,0.000000000,0.000000000,0.000000000,0.000000000
1780837942.781559706,-0.002383506,0.001125682,0.000000000,0.000000000,0.000000000,0.000000000,0.000000000
1780837942.801528692,-0.002301939,0.001088417,0.000000000,0.000000000,0.000000000,0.000000000,0.000000000
1780837942.821336985,-0.002321087,0.001051457,0.000000000,0.000000000,0.000000000,0.000000000,0.000000000
1780837942.841490030,-0.002239898,0.001010544,0.000000000,0.000000000,0.000000000,0.000000000,0.000000000
1780837942.861595392,-0.002321459,0.001072843,0.000000000,0.000000000,0.000000000,0.000000000,0.000000000
1780837942.881666660,-0.002270808,0.001165828,0.000000000,0.000000000,0.000000000,0.000000000,0.000000000
1780837942.901546717,-0.002226128,0.001129409,0.000000000,0.000000000,0.000000000,0.000000000,0.000000000
1780837942.921488285,-0.002194451,0.001173333,0.000000000,0.000000000,0.000000000,0.000000000,0.000000000
1780837942.941420794,-0.002172577,0.001191097,0.000000000,0.000000000,0.000000000,0.000000000,0.000000000
1780837942.961451530,-0.002183166,0.001209871,0.000000000,0.000000000,0.000000000,0.000000000,0.000000000
1780837942.981442451,-0.002096412,0.001176054,0.000000000,0.000000000,0.000000000,0.000000000,0.000000000
1780837943.001500130,-0.002130331,0.001158973,0.000000000,0.000000000,0.000000000,0.000000000,0.000000000
1780837943.021336317,-0.002129244,0.001159729,0.000000000,0.000000000,0.000000000,0.000000000,0.000000000
1780837943.041494608,-0.002044647,0.001126857,0.000000000,0.000000000,0.000000000,0.000000000,0.000000000
1780837943.061541796,-0.002028905,0.001173813,0.000000000,0.000000000,0.000000000,0.000000000,0.000000000
1780837943.081453323,-0.002103970,0.001263142,0.000000000,0.000000000,0.000000000,0.000000000,0.000000000
1780837943.101600885,-0.002046559,0.001309771,0.000000000,0.000000000,0.000000000,0.000000000,0.000000000
1780837943.121508598,-0.002123398,0.001328754,0.000000000,0.000000000,0.000000000,0.000000000,0.000000000
1780837943.141467094,-0.002047565,0.001337936,0.000000000,0.000000000,0.000000000,0.000000000,0.000000000
1780837943.161383867,-0.001962327,0.001333699,0.000000000,0.000000000,0.000000000,0.000000000,0.000000000
1780837943.181562424,-0.001997330,0.001429806,0.000000000,0.000000000,0.000000000,0.000000000,0.000000000
1780837943.201454401,-0.001965113,0.001352925,0.000000000,0.000000000,0.000000000,0.000000000,0.000000000
1780837943.221469164,-0.001984590,0.001315067,0.000000000,0.000000000,0.000000000,0.000000000,0.000000000
1780837943.241401196,-0.002029807,0.001378357,0.000000000,0.000000000,0.000000000,0.000000000,0.000000000
1780837943.261468649,-0.002054951,0.001447438,0.000000000,0.000000000,0.000000000,0.000000000,0.000000000
1780837943.281467676,-0.002048175,0.001382807,0.000000000,0.000000000,0.000000000,0.000000000,0.000000000
1780837943.301509142,-0.002108712,0.001386136,0.000000000,0.000000000,0.000000000,0.000000000,0.000000000
1780837943.321445942,-0.002030384,0.001331066,0.000000000,0.000000000,0.000000000,0.000000000,0.000000000
1780837943.341451883,-0.001949108,0.001400300,0.000000000,0.000000000,0.000000000,0.000000000,0.000000000
1780837943.361475468,-0.002041283,0.001311712,0.000000000,0.000000000,0.000000000,0.000000000,0.000000000
1780837943.381454945,-0.002044521,0.001223049,0.000000000,0.000000000,0.000000000,0.000000000,0.000000000
1780837943.401565075,-0.002033318,0.001316476,0.000000000,0.000000000,0.000000000,0.000000000,0.000000000
1780837943.421375275,-0.002133209,0.001309476,0.000000000,0.000000000,0.000000000,0.000000000,0.000000000
1780837943.441515446,-0.002128193,0.001245116,0.000000000,0.000000000,0.000000000,0.000000000,0.000000000
1780837943.461475611,-0.002151033,0.001229351,0.000000000,0.000000000,0.000000000,0.000000000,0.000000000
1780837943.481412411,-0.002205020,0.001205114,0.000000000,0.000000000,0.000000000,0.000000000,0.000000000
1780837943.501259327,-0.002201183,0.001128522,0.000000000,0.000000000,0.000000000,0.000000000,0.000000000
1780837943.521420240,0.022208960,0.001139105,-0.014666638,1.222878060,-0.733331881,1.222878060,-0.733331881
1780837943.541806936,0.046633293,0.000794033,-0.029333275,1.222878060,-0.733331881,1.222878060,-0.733331881
1780837943.561673641,0.071097489,0.000170432,-0.043999913,1.222878060,-0.733331881,1.222878060,-0.733331881
1780837943.581657171,0.095441629,-0.000923034,-0.058666550,1.222878060,-0.733331881,1.222878060,-0.733331881
1780837943.601444721,0.119862138,-0.002273290,-0.073333188,1.222878060,-0.733331881,1.222878060,-0.733331881
1780837943.621483564,0.142560496,-0.003961373,-0.085590800,1.139856825,-0.612880614,1.139856825,-0.612880614
1780837943.641566038,0.165333975,-0.005937946,-0.097848413,1.139856825,-0.612880614,1.139856825,-0.612880614
1780837943.661530733,0.188112425,-0.008188639,-0.110106025,1.139856825,-0.612880614,1.139856825,-0.612880614
1780837943.681491137,0.210681139,-0.010619810,-0.122363637,1.139856825,-0.612880614,1.139856825,-0.612880614
1780837943.701502323,0.233386863,-0.013442805,-0.134621249,1.139856825,-0.612880614,1.139856825,-0.612880614
1780837943.721724510,0.253354828,-0.016212348,-0.143386565,1.004866683,-0.438265765,1.004866683,-0.438265765
1780837943.741657972,0.273247995,-0.019106950,-0.152151880,1.004866683,-0.438265765,1.004866683,-0.438265765
1780837943.761722565,0.293086913,-0.022108815,-0.160917195,1.004866683,-0.438265765,1.004866683,-0.438265765
1780837943.781587362,0.312987994,-0.025317105,-0.169682511,1.004866683,-0.438265765,1.004866683,-0.438265765
1780837943.801551819,0.332718082,-0.028615886,-0.178447826,1.004866683,-0.438265765,1.004866683,-0.438265765
1780837943.821500778,0.355222082,-0.032758890,-0.184436605,1.141354142,-0.299438972,1.141354142,-0.299438972
1780837943.841633797,0.377638285,-0.036969193,-0.190425385,1.141354142,-0.299438972,1.141354142,-0.299438972
1780837943.861609459,0.400059164,-0.041199752,-0.196414164,1.141354142,-0.299438972,1.141354142,-0.299438972
1780837943.881443977,0.422512270,-0.045716082,-0.202402944,1.141354142,-0.299438972,1.141354142,-0.299438972
1780837943.901504040,0.444839310,-0.050226584,-0.208391723,1.141354142,-0.299438972,1.141354142,-0.299438972
1780837943.921596527,0.464727191,-0.054415069,-0.212353239,1.014072043,-0.198075804,1.014072043,-0.198075804
1780837943.941720009,0.484493903,-0.058622069,-0.216314755,1.014072043,-0.198075804,1.014072043,-0.198075804
1780837943.961583138,0.504332109,-0.063042083,-0.220276271,1.014072043,-0.198075804,1.014072043,-0.198075804
1780837943.981599808,0.524083157,-0.067471975,-0.224237788,1.014072043,-0.198075804,1.014072043,-0.198075804
1780837944.001617908,0.543944347,-0.072020516,-0.228199304,1.014072043,-0.198075804,1.014072043,-0.198075804
1780837944.021727562,0.566028888,-0.077122406,-0.229430667,1.135603784,-0.061568154,1.135603784,-0.061568154
1780837944.041677713,0.588100022,-0.082293079,-0.230662030,1.135603784,-0.061568154,1.135603784,-0.061568154
1780837944.061716080,0.610277199,-0.087432086,-0.231893393,1.135603784,-0.061568154,1.135603784,-0.061568154
1780837944.081676483,0.632307904,-0.092612039,-0.233124756,1.135603784,-0.061568154,1.135603784,-0.061568154
1780837944.101514578,0.654335506,-0.097791360,-0.234356119,1.135603784,-0.061568154,1.135603784,-0.061568154
1780837944.121585131,0.677593582,-0.103329591,-0.227007630,1.196597177,0.367424473,1.196597177,0.367424473
1780837944.141680956,0.700822225,-0.108682379,-0.219659140,1.196597177,0.367424473,1.196597177,0.367424473
1780837944.161736012,0.724277487,-0.113822200,-0.212310651,1.196597177,0.367424473,1.196597177,0.367424473
1780837944.181636572,0.747767367,-0.118797297,-0.204962161,1.196597177,0.367424473,1.196597177,0.367424473
1780837944.201601982,0.771223277,-0.123705871,-0.197613672,1.196597177,0.367424473,1.196597177,0.367424473
1780837944.221774340,0.792065813,-0.127840903,-0.191091636,1.058251900,0.326101790,1.058251900,0.326101790
1780837944.241677046,0.812891068,-0.131889368,-0.184569600,1.058251900,0.326101790,1.058251900,0.326101790
1780837944.261599541,0.833607092,-0.135722908,-0.178047564,1.058251900,0.326101790,1.058251900,0.326101790
1780837944.281754255,0.854410416,-0.139537655,-0.171525529,1.058251900,0.326101790,1.058251900,0.326101790
1780837944.301437140,0.875230271,-0.143117358,-0.165003493,1.058251900,0.326101790,1.058251900,0.326101790
1780837944.321697474,0.898935743,-0.146984210,-0.159741485,1.201144283,0.263100395,1.201144283,0.263100395
1780837944.341634512,0.922661321,-0.150864349,-0.154479477,1.201144283,0.263100395,1.201144283,0.263100395
1780837944.361713409,0.946371938,-0.154590885,-0.149217469,1.201144283,0.263100395,1.201144283,0.263100395
1780837944.381717443,0.970085521,-0.158100422,-0.143955461,1.201144283,0.263100395,1.201144283,0.263100395
1780837944.401578903,0.993858749,-0.161494103,-0.138693453,1.201144283,0.263100395,1.201144283,0.263100395
1780837944.421675920,1.015067553,-0.164362526,-0.135047612,1.066195352,0.182292046,1.066195352,0.182292046
1780837944.441630602,1.036134112,-0.167270213,-0.131401771,1.066195352,0.182292046,1.066195352,0.182292046
1780837944.462035656,1.057307210,-0.170047357,-0.127755930,1.066195352,0.182292046,1.066195352,0.182292046
1780837944.481633425,1.078417673,-0.172789698,-0.124110090,1.066195352,0.182292046,1.066195352,0.182292046
1780837944.501660347,1.099525997,-0.175372148,-0.120464249,1.066195352,0.182292046,1.066195352,0.182292046
1780837944.521674633,1.123203614,-0.178140246,-0.118267471,1.192871204,0.109838874,1.192871204,0.109838874
1780837944.541596889,1.146959013,-0.181029951,-0.116070694,1.192871204,0.109838874,1.192871204,0.109838874
1780837944.561649323,1.170724780,-0.183721576,-0.113873916,1.192871204,0.109838874,1.192871204,0.109838874
1780837944.581661701,1.194422450,-0.186349922,-0.111677139,1.192871204,0.109838874,1.192871204,0.109838874
1780837944.601511002,1.218105863,-0.188919128,-0.109480361,1.192871204,0.109838874,1.192871204,0.109838874
1780837944.621670246,1.244231508,-0.191748523,-0.111095299,1.313686265,-0.080746885,1.313686265,-0.080746885
1780837944.641626358,1.270313846,-0.194579322,-0.112710237,1.313686265,-0.080746885,1.313686265,-0.080746885
1780837944.661651134,1.296485895,-0.197445518,-0.114325174,1.313686265,-0.080746885,1.313686265,-0.080746885
1780837944.681575060,1.322636997,-0.200514306,-0.115940112,1.313686265,-0.080746885,1.313686265,-0.080746885
1780837944.701459169,1.348749652,-0.203538174,-0.117555050,1.313686265,-0.080746885,1.313686265,-0.080746885
1780837944.721477270,1.371770883,-0.206233337,-0.119305932,1.163215525,-0.087544093,1.163215525,-0.087544093
1780837944.741531134,1.394906187,-0.209064095,-0.121056813,1.163215525,-0.087544093,1.163215525,-0.087544093
1780837944.761571884,1.417941868,-0.211922505,-0.122807695,1.163215525,-0.087544093,1.163215525,-0.087544093
1780837944.781570673,1.441034760,-0.214721163,-0.124558577,1.163215525,-0.087544093,1.163215525,-0.087544093
1780837944.801523209,1.464203812,-0.217678408,-0.126309459,1.163215525,-0.087544093,1.163215525,-0.087544093
1780837944.821584702,1.490006104,-0.220945870,-0.128588251,1.298443111,-0.113939605,1.298443111,-0.113939605
1780837944.841653347,1.515858037,-0.224224192,-0.130867043,1.298443111,-0.113939605,1.298443111,-0.113939605
1780837944.861577988,1.541659658,-0.227676508,-0.133145835,1.298443111,-0.113939605,1.298443111,-0.113939605
1780837944.881491184,1.567315794,-0.231055424,-0.135424627,1.298443111,-0.113939605,1.298443111,-0.113939605
1780837944.901436090,1.592988187,-0.234502478,-0.137703420,1.298443111,-0.113939605,1.298443111,-0.113939605
1780837944.921563864,1.615775782,-0.237649481,-0.139443287,1.150085127,-0.086993384,1.150085127,-0.086993384
1780837944.941548824,1.638609933,-0.240931157,-0.141183155,1.150085127,-0.086993384,1.150085127,-0.086993384
1780837944.961593151,1.661384159,-0.244185141,-0.142923023,1.150085127,-0.086993384,1.150085127,-0.086993384
1780837944.981572628,1.684154641,-0.247372806,-0.144662890,1.150085127,-0.086993384,1.150085127,-0.086993384
1780837945.001725674,1.709312190,-0.251088922,-0.146867887,1.271826415,-0.110249826,1.271826415,-0.110249826
1780837945.021727085,1.734513417,-0.254812278,-0.149072883,1.271826415,-0.110249826,1.271826415,-0.110249826
1780837945.041359663,1.759632906,-0.258623087,-0.151277880,1.271826415,-0.110249826,1.271826415,-0.110249826
1780837945.061695576,1.784713696,-0.262392807,-0.153482876,1.271826415,-0.110249826,1.271826415,-0.110249826
1780837945.081514359,1.809831872,-0.266330396,-0.155687873,1.271826415,-0.110249826,1.271826415,-0.110249826
1780837945.101591110,1.835030616,-0.270323967,-0.157892869,1.271826415,-0.110249826,1.271826415,-0.110249826
1780837945.121630907,1.859100422,-0.274237456,-0.156657296,1.220887672,0.061778647,1.220887672,0.061778647
1780837945.141624689,1.883141602,-0.278123183,-0.155421724,1.220887672,0.061778647,1.220887672,0.061778647
1780837945.161537886,1.907274773,-0.281901173,-0.154186151,1.220887672,0.061778647,1.220887672,0.061778647
1780837945.181586742,1.931342586,-0.285590712,-0.152950578,1.220887672,0.061778647,1.220887672,0.061778647
1780837945.201378345,1.955469002,-0.289321006,-0.151715005,1.220887672,0.061778647,1.220887672,0.061778647
1780837945.222352982,1.976688093,-0.292591820,-0.150314787,1.073129713,0.070010877,1.073129713,0.070010877
1780837945.241585255,1.997942130,-0.295810570,-0.148914570,1.073129713,0.070010877,1.073129713,0.070010877
1780837945.261717558,2.019188124,-0.298912884,-0.147514352,1.073129713,0.070010877,1.073129713,0.070010877
1780837945.281564236,2.040435619,-0.302096517,-0.146114135,1.073129713,0.070010877,1.073129713,0.070010877
1780837945.301588774,2.061617217,-0.305168465,-0.144713917,1.073129713,0.070010877,1.073129713,0.070010877
1780837945.321514130,2.085763222,-0.308700293,-0.143813678,1.218843975,0.045011960,1.218843975,0.045011960
1780837945.341565847,2.109792078,-0.312183969,-0.142913439,1.218843975,0.045011960,1.218843975,0.045011960
1780837945.361607790,2.133924298,-0.315644819,-0.142013199,1.218843975,0.045011960,1.218843975,0.045011960
1780837945.381597281,2.158064766,-0.319183025,-0.141112960,1.218843975,0.045011960,1.218843975,0.045011960
1780837945.401535034,2.182273452,-0.322628406,-0.140212721,1.218843975,0.045011960,1.218843975,0.045011960
1780837945.421528578,2.203716618,-0.325588085,-0.139621667,1.080985493,0.029552710,1.080985493,0.029552710
1780837945.441456795,2.225152044,-0.328691550,-0.139030613,1.080985493,0.029552710,1.080985493,0.029552710
1780837945.461528778,2.246606377,-0.331738961,-0.138439558,1.080985493,0.029552710,1.080985493,0.029552710
1780837945.481642485,2.267963700,-0.334723796,-0.137848504,1.080985493,0.029552710,1.080985493,0.029552710
1780837945.501534462,2.289317948,-0.337666282,-0.137257450,1.080985493,0.029552710,1.080985493,0.029552710
1780837945.521580458,2.315019157,-0.341253448,-0.138387590,1.295427413,-0.056507003,1.295427413,-0.056507003
1780837945.541753292,2.340635036,-0.344897399,-0.139517730,1.295427413,-0.056507003,1.295427413,-0.056507003
1780837945.561779022,2.366246097,-0.348593240,-0.140647870,1.295427413,-0.056507003,1.295427413,-0.056507003
1780837945.581629038,2.391979700,-0.352206855,-0.141778010,1.295427413,-0.056507003,1.295427413,-0.056507003
1780837945.601478577,2.417614373,-0.355793984,-0.142908150,1.295427413,-0.056507003,1.295427413,-0.056507003
1780837945.621658802,2.440316593,-0.359108833,-0.143941751,1.151781628,-0.051680019,1.151781628,-0.051680019
1780837945.641470194,2.463084664,-0.362466895,-0.144975351,1.151781628,-0.051680019,1.151781628,-0.051680019
1780837945.661565065,2.485937600,-0.365732899,-0.146008951,1.151781628,-0.051680019,1.151781628,-0.051680019
1780837945.681517124,2.508805723,-0.369034241,-0.147042552,1.151781628,-0.051680019,1.151781628,-0.051680019
1780837945.701513052,2.531663500,-0.372320607,-0.148076152,1.151781628,-0.051680019,1.151781628,-0.051680019
1780837945.721582890,2.557229623,-0.376086737,-0.149753889,1.289729417,-0.083886844,1.289729417,-0.083886844
1780837945.741461039,2.582833955,-0.380033106,-0.151431626,1.289729417,-0.083886844,1.289729417,-0.083886844
1780837945.761552095,2.608261586,-0.383888202,-0.153109363,1.289729417,-0.083886844,1.289729417,-0.083886844
1780837945.781445742,2.633830482,-0.387907556,-0.154787100,1.289729417,-0.083886844,1.289729417,-0.083886844
1780837945.801370859,2.659343458,-0.391831934,-0.156464837,1.289729417,-0.083886844,1.289729417,-0.083886844
1780837945.821453094,2.681929266,-0.395426578,-0.157773040,1.142670115,-0.065410167,1.142670115,-0.065410167
1780837945.841678381,2.704480650,-0.399093333,-0.159081243,1.142670115,-0.065410167,1.142670115,-0.065410167
1780837945.861505032,2.727009478,-0.402690044,-0.160389447,1.142670115,-0.065410167,1.142670115,-0.065410167
1780837945.881491899,2.749479786,-0.406272473,-0.161697650,1.142670115,-0.065410167,1.142670115,-0.065410167
1780837945.901523113,2.772016327,-0.409867639,-0.163005853,1.142670115,-0.065410167,1.142670115,-0.065410167
1780837945.921465635,2.797100049,-0.414051719,-0.164944474,1.266498804,-0.096931034,1.266498804,-0.096931034
1780837945.941522837,2.822168828,-0.418256108,-0.166883095,1.266498804,-0.096931034,1.266498804,-0.096931034
1780837945.961687803,2.847171692,-0.422415272,-0.168821715,1.266498804,-0.096931034,1.266498804,-0.096931034
1780837945.981640339,2.872229520,-0.426710420,-0.170760336,1.266498804,-0.096931034,1.266498804,-0.096931034
1780837946.001573563,2.897258736,-0.430961134,-0.172698957,1.266498804,-0.096931034,1.266498804,-0.096931034
1780837946.021667004,2.921026605,-0.435049304,-0.172616583,1.204815111,0.004118701,1.204815111,0.004118701
1780837946.041631460,2.944772031,-0.439256264,-0.172534209,1.204815111,0.004118701,1.204815111,0.004118701
1780837946.061720610,2.968508728,-0.443331576,-0.172451835,1.204815111,0.004118701,1.204815111,0.004118701
1780837946.081553459,2.992295801,-0.447474135,-0.172369461,1.204815111,0.004118701,1.204815111,0.004118701
1780837946.101603508,3.016020258,-0.451668595,-0.172287087,1.204815111,0.004118701,1.204815111,0.004118701
1780837946.121663570,3.042421223,-0.456205785,-0.172888693,1.340897028,-0.030080307,1.340897028,-0.030080307
1780837946.141635895,3.068840588,-0.460749140,-0.173490299,1.340897028,-0.030080307,1.340897028,-0.030080307
1780837946.161585093,3.095159189,-0.465408749,-0.174091905,1.340897028,-0.030080307,1.340897028,-0.030080307
1780837946.181658983,3.121583193,-0.470046180,-0.174693511,1.340897028,-0.030080307,1.340897028,-0.030080307
1780837946.201611042,3.148088356,-0.474727627,-0.175295117,1.340897028,-0.030080307,1.340897028,-0.030080307
1780837946.221462011,3.171527236,-0.478903221,-0.175836810,1.188034452,-0.027084622,1.188034452,-0.027084622
1780837946.241474628,3.195013675,-0.483149553,-0.176378502,1.188034452,-0.027084622,1.188034452,-0.027084622
1780837946.261623383,3.218462405,-0.487362130,-0.176920195,1.188034452,-0.027084622,1.188034452,-0.027084622
1780837946.281464815,3.241803073,-0.491579732,-0.177461887,1.188034452,-0.027084622,1.188034452,-0.027084622
1780837946.301357746,3.262289545,-0.495213086,-0.177905489,1.038932293,-0.022180070,1.038932293,-0.022180070
1780837946.321581602,3.282779928,-0.498922005,-0.178349090,1.038932293,-0.022180070,1.038932293,-0.022180070
1780837946.341524124,3.303315487,-0.502527858,-0.178792691,1.038932293,-0.022180070,1.038932293,-0.022180070
1780837946.361649752,3.323694260,-0.506304390,-0.179236293,1.038932293,-0.022180070,1.038932293,-0.022180070
1780837946.381572723,3.344056823,-0.509967892,-0.179679894,1.038932293,-0.022180070,1.038932293,-0.022180070
1780837946.401595592,3.364495091,-0.513710061,-0.180123496,1.038932293,-0.022180070,1.038932293,-0.022180070
1780837946.421673775,3.389226338,-0.518271711,-0.185292160,1.259566720,-0.258433203,1.259566720,-0.258433203
1780837946.441794634,3.414046024,-0.522947285,-0.190460824,1.259566720,-0.258433203,1.259566720,-0.258433203
1780837946.461919069,3.438879292,-0.527715319,-0.195629488,1.259566720,-0.258433203,1.259566720,-0.258433203
1780837946.481755733,3.463639248,-0.532636376,-0.200798152,1.259566720,-0.258433203,1.259566720,-0.258433203
1780837946.501619339,3.488415543,-0.537631906,-0.205966816,1.259566720,-0.258433203,1.259566720,-0.258433203
1780837946.521554947,3.510391831,-0.542220549,-0.210327208,1.120843862,-0.218019629,1.120843862,-0.218019629
1780837946.541650057,3.532216112,-0.546893470,-0.214687601,1.120843862,-0.218019629,1.120843862,-0.218019629
1780837946.561678648,3.554152808,-0.551729953,-0.219047994,1.120843862,-0.218019629,1.120843862,-0.218019629
1780837946.581672668,3.575945626,-0.556526424,-0.223408386,1.120843862,-0.218019629,1.120843862,-0.218019629
1780837946.601562977,3.597754083,-0.561444394,-0.227768779,1.120843862,-0.218019629,1.120843862,-0.218019629
1780837946.621500254,3.622441056,-0.567220223,-0.231726837,1.266054498,-0.197902935,1.266054498,-0.197902935
1780837946.641602755,3.646998287,-0.573088790,-0.235684896,1.266054498,-0.197902935,1.266054498,-0.197902935
1780837946.661747456,3.671697451,-0.579059529,-0.239642955,1.266054498,-0.197902935,1.266054498,-0.197902935
1780837946.681558132,3.696234636,-0.584972071,-0.243601014,1.266054498,-0.197902935,1.266054498,-0.197902935
1780837946.701441050,3.720758053,-0.591071654,-0.247559072,1.266054498,-0.197902935,1.266054498,-0.197902935
1780837946.721441984,3.742591458,-0.596524715,-0.250380863,1.122873442,-0.141089521,1.122873442,-0.141089521
1780837946.741507053,3.764348423,-0.602073098,-0.253202653,1.122873442,-0.141089521,1.122873442,-0.141089521
1780837946.761549234,3.786078671,-0.607785625,-0.256024444,1.122873442,-0.141089521,1.122873442,-0.141089521
1780837946.781465054,3.807868500,-0.613446496,-0.258846234,1.122873442,-0.141089521,1.122873442,-0.141089521
1780837946.801507235,3.829527624,-0.619139184,-0.261668024,1.122873442,-0.141089521,1.122873442,-0.141089521
1780837946.821614265,3.854440703,-0.625731101,-0.262011118,1.290647834,-0.017154693,1.290647834,-0.017154693
1780837946.841518641,3.879290880,-0.632386018,-0.262354212,1.290647834,-0.017154693,1.290647834,-0.017154693
1780837946.861652136,3.904274532,-0.638985097,-0.262697306,1.290647834,-0.017154693,1.290647834,-0.017154693
1780837946.881687880,3.929223944,-0.645746646,-0.263040400,1.290647834,-0.017154693,1.290647834,-0.017154693
1780837946.901807785,3.954156615,-0.652517052,-0.263383494,1.290647834,-0.017154693,1.290647834,-0.017154693
1780837946.921669722,3.976220088,-0.658448678,-0.263438261,1.144913481,-0.002738391,1.144913481,-0.002738391
1780837946.941545248,3.998412452,-0.664467002,-0.263493029,1.144913481,-0.002738391,1.144913481,-0.002738391
1780837946.961820602,4.020547304,-0.670434604,-0.263547797,1.144913481,-0.002738391,1.144913481,-0.002738391
1780837946.981731892,4.042683497,-0.676442846,-0.263602565,1.144913481,-0.002738391,1.144913481,-0.002738391
1780837947.001705408,4.064741473,-0.682444320,-0.263657333,1.144913481,-0.002738391,1.144913481,-0.002738391
1780837947.021529675,4.089538884,-0.689040921,-0.264823496,1.283377722,-0.058308141,1.283377722,-0.058308141
1780837947.041821718,4.114321333,-0.695734340,-0.265989658,1.283377722,-0.058308141,1.283377722,-0.058308141
1780837947.061535597,4.139137029,-0.702490994,-0.267155821,1.283377722,-0.058308141,1.283377722,-0.058308141
1780837947.081615210,4.163857732,-0.709190198,-0.268321984,1.283377722,-0.058308141,1.283377722,-0.058308141
1780837947.101488590,4.188659540,-0.715967657,-0.269488147,1.283377722,-0.058308141,1.283377722,-0.058308141
1780837947.121621132,4.210552815,-0.722023653,-0.270660342,1.136577690,-0.058609768,1.136577690,-0.058609768
1780837947.141621590,4.232434518,-0.728184517,-0.271832538,1.136577690,-0.058609768,1.136577690,-0.058609768
1780837947.161696434,4.254239563,-0.734326174,-0.273004733,1.136577690,-0.058609768,1.136577690,-0.058609768
1780837947.181668043,4.276049878,-0.740404731,-0.274176928,1.136577690,-0.058609768,1.136577690,-0.058609768
1780837947.201596737,4.297976525,-0.746541639,-0.275349124,1.136577690,-0.058609768,1.136577690,-0.058609768
1780837947.221697092,4.322287624,-0.753308423,-0.277766150,1.261274827,-0.120851302,1.261274827,-0.120851302
1780837947.241693497,4.346516568,-0.760265680,-0.280183176,1.261274827,-0.120851302,1.261274827,-0.120851302
1780837947.261597395,4.370803064,-0.767237684,-0.282600202,1.261274827,-0.120851302,1.261274827,-0.120851302
1780837947.281599522,4.395116842,-0.774266748,-0.285017228,1.261274827,-0.120851302,1.261274827,-0.120851302
1780837947.301496744,4.419264232,-0.781420603,-0.287434254,1.261274827,-0.120851302,1.261274827,-0.120851302
1780837947.321714640,4.440584159,-0.787691991,-0.289335119,1.115896874,-0.095043265,1.115896874,-0.095043265
1780837947.341519594,4.461981524,-0.794072406,-0.291235984,1.115896874,-0.095043265,1.115896874,-0.095043265
1780837947.361627579,4.483430029,-0.800454991,-0.293136850,1.115896874,-0.095043265,1.115896874,-0.095043265
1780837947.381695509,4.504872448,-0.806982907,-0.295037715,1.115896874,-0.095043265,1.115896874,-0.095043265
1780837947.401479959,4.526161717,-0.813450876,-0.296938580,1.115896874,-0.095043265,1.115896874,-0.095043265
1780837947.421781778,4.550178368,-0.820825944,-0.300507736,1.255157878,-0.178457773,1.255157878,-0.178457773
1780837947.441666126,4.574254606,-0.828263859,-0.304076891,1.255157878,-0.178457773,1.255157878,-0.178457773
1780837947.461561680,4.598233215,-0.835726462,-0.307646047,1.255157878,-0.178457773,1.255157878,-0.178457773
1780837947.481580257,4.622068652,-0.843416735,-0.311215202,1.255157878,-0.178457773,1.255157878,-0.178457773
1780837947.501495600,4.645968845,-0.851025362,-0.314784358,1.255157878,-0.178457773,1.255157878,-0.178457773
1780837947.521743774,4.667038537,-0.857932843,-0.316742978,1.110650152,-0.097931044,1.110650152,-0.097931044
1780837947.541630507,4.688144474,-0.864914621,-0.318701599,1.110650152,-0.097931044,1.110650152,-0.097931044
1780837947.561617374,4.709243272,-0.871911068,-0.320660220,1.110650152,-0.097931044,1.110650152,-0.097931044
1780837947.581677675,4.730340190,-0.878876213,-0.322618841,1.110650152,-0.097931044,1.110650152,-0.097931044
1780837947.601573229,4.751309276,-0.885825026,-0.324577462,1.110650152,-0.097931044,1.110650152,-0.097931044
1780837947.621701479,4.775081994,-0.893736765,-0.327220014,1.252555830,-0.132127582,1.252555830,-0.132127582
1780837947.641570330,4.798755095,-0.901787833,-0.329862565,1.252555830,-0.132127582,1.252555830,-0.132127582
1780837947.661642313,4.822380390,-0.909845928,-0.332505117,1.252555830,-0.132127582,1.252555830,-0.132127582
1780837947.681696415,4.846056068,-0.918118203,-0.335147669,1.252555830,-0.132127582,1.252555830,-0.132127582
1780837947.701569796,4.869621922,-0.926283543,-0.337790220,1.252555830,-0.132127582,1.252555830,-0.132127582
1780837947.721554756,4.890446630,-0.933650212,-0.336836903,1.106046542,0.047665861,1.106046542,0.047665861
1780837947.741433382,4.911316272,-0.940910815,-0.335883586,1.106046542,0.047665861,1.106046542,0.047665861
1780837947.761578083,4.932249721,-0.948256377,-0.334930269,1.106046542,0.047665861,1.106046542,0.047665861
1780837947.781594515,4.953212669,-0.955513590,-0.333976951,1.106046542,0.047665861,1.106046542,0.047665861
1780837947.801543236,4.974049810,-0.962779310,-0.333023634,1.106046542,0.047665861,1.106046542,0.047665861
1780837947.821595192,4.996674412,-0.970684239,-0.332448273,1.201395979,0.028768048,1.201395979,0.028768048
1780837947.841690063,5.019428474,-0.978585733,-0.331872912,1.201395979,0.028768048,1.201395979,0.028768048
1780837947.861740351,5.042119213,-0.986371428,-0.331297551,1.201395979,0.028768048,1.201395979,0.028768048
1780837947.881621361,5.064939220,-0.994224763,-0.330722190,1.201395979,0.028768048,1.201395979,0.028768048
1780837947.901511669,5.087638953,-1.002041015,-0.330146829,1.201395979,0.028768048,1.201395979,0.028768048
1780837947.921515703,5.109179588,-1.009542002,-0.322458922,1.142574791,0.384395361,1.142574791,0.384395361
1780837947.941577196,5.130805739,-1.016801100,-0.314771015,1.142574791,0.384395361,1.142574791,0.384395361
1780837947.961737871,5.152572329,-1.023960752,-0.307083108,1.142574791,0.384395361,1.142574791,0.384395361
1780837947.981678009,5.174403843,-1.030937607,-0.299395200,1.142574791,0.384395361,1.142574791,0.384395361
1780837948.001597166,5.196196376,-1.037582531,-0.291707293,1.142574791,0.384395361,1.142574791,0.384395361
1780837948.021608114,5.220366636,-1.044761492,-0.278704803,1.261622396,0.650124505,1.261622396,0.650124505
1780837948.041679144,5.244711837,-1.051735952,-0.265702313,1.261622396,0.650124505,1.261622396,0.650124505
1780837948.061880112,5.268974062,-1.058452440,-0.252699823,1.261622396,0.650124505,1.261622396,0.650124505
1780837948.081768274,5.293504144,-1.064731550,-0.239697333,1.261622396,0.650124505,1.261622396,0.650124505
1780837948.101624012,5.318038631,-1.070689451,-0.226694843,1.261622396,0.650124505,1.261622396,0.650124505
1780837948.121633768,5.339771794,-1.075768782,-0.215987976,1.118896259,0.535343311,1.118896259,0.535343311
1780837948.141628265,5.361692276,-1.080512366,-0.205281110,1.118896259,0.535343311,1.118896259,0.535343311
1780837948.161786556,5.383569148,-1.085061261,-0.194574244,1.118896259,0.535343311,1.118896259,0.535343311
1780837948.181814671,5.405517868,-1.089408067,-0.183867378,1.118896259,0.535343311,1.118896259,0.535343311
1780837948.201589823,5.427525963,-1.093567988,-0.173160512,1.118896259,0.535343311,1.118896259,0.535343311
1780837948.221550941,5.446914894,-1.096964171,-0.165190585,0.980291089,0.398496342,0.980291089,0.398496342
1780837948.241464376,5.466169233,-1.100101176,-0.157220658,0.980291089,0.398496342,0.980291089,0.398496342
1780837948.261520147,5.485540249,-1.103224678,-0.149250731,0.980291089,0.398496342,0.980291089,0.398496342
1780837948.281518698,5.504856997,-1.106063750,-0.141280804,0.980291089,0.398496342,0.980291089,0.398496342
1780837948.301591635,5.524285288,-1.108839404,-0.133310877,0.980291089,0.398496342,0.980291089,0.398496342
1780837948.321650267,5.546162356,-1.111773003,-0.123085963,1.103997146,0.511245722,1.103997146,0.511245722
1780837948.341491222,5.568064930,-1.114567263,-0.112861048,1.103997146,0.511245722,1.103997146,0.511245722
1780837948.361709356,5.589904935,-1.117097651,-0.102636134,1.103997146,0.511245722,1.103997146,0.511245722
1780837948.381678343,5.611864958,-1.119437741,-0.092411220,1.103997146,0.511245722,1.103997146,0.511245722
1780837948.401602983,5.633815628,-1.121506558,-0.082186305,1.103997146,0.511245722,1.103997146,0.511245722
1780837948.421647072,5.659381541,-1.123539972,-0.068314072,1.281627551,0.693611645,1.281627551,0.693611645
1780837948.441644192,5.685004241,-1.125215445,-0.054441839,1.281627551,0.693611645,1.281627551,0.693611645
1780837948.461601257,5.710586592,-1.126600930,-0.040569606,1.281627551,0.693611645,1.281627551,0.693611645
1780837948.481654644,5.736110104,-1.127540993,-0.026697374,1.281627551,0.693611645,1.281627551,0.693611645
1780837948.501556158,5.761635991,-1.128152540,-0.012825141,1.281627551,0.693611645,1.281627551,0.693611645
1780837948.521495342,5.784487839,-1.128392099,-0.002366428,1.142155814,0.522935627,1.142155814,0.522935627
1780837948.541664600,5.807373703,-1.128422116,0.008092284,1.142155814,0.522935627,1.142155814,0.522935627
1780837948.561872482,5.830169455,-1.128288685,0.018550997,1.142155814,0.522935627,1.142155814,0.522935627
1780837948.581578016,5.853046099,-1.127770675,0.029009710,1.142155814,0.522935627,1.142155814,0.522935627
1780837948.601531982,5.875872551,-1.127008252,0.039468422,1.142155814,0.522935627,1.142155814,0.522935627
1780837948.621525049,5.901537306,-1.126051407,0.048617645,1.279922953,0.457461156,1.279922953,0.457461156
1780837948.641602755,5.927180576,-1.124769457,0.057766868,1.279922953,0.457461156,1.279922953,0.457461156
1780837948.661638975,5.952688019,-1.123302685,0.066916091,1.279922953,0.457461156,1.279922953,0.457461156
1780837948.681543350,5.978203145,-1.121674502,0.076065315,1.279922953,0.457461156,1.279922953,0.457461156
1780837948.701534510,6.000866655,-1.119967898,0.082437191,1.136374895,0.318593831,1.136374895,0.318593831
1780837948.721441746,6.023559566,-1.118069506,0.088809068,1.136374895,0.318593831,1.136374895,0.318593831
1780837948.741499424,6.046167568,-1.116144641,0.095180944,1.136374895,0.318593831,1.136374895,0.318593831
1780837948.761512995,6.068737383,-1.113952397,0.101552821,1.136374895,0.318593831,1.136374895,0.318593831
1780837948.781569719,6.091419650,-1.111577868,0.107924698,1.136374895,0.318593831,1.136374895,0.318593831
1780837948.801529884,6.114011926,-1.109188768,0.114296574,1.136374895,0.318593831,1.136374895,0.318593831
1780837948.821392059,6.139013769,-1.106344360,0.119645757,1.263018263,0.267459117,1.263018263,0.267459117
1780837948.841699362,6.164151035,-1.103229862,0.124994939,1.263018263,0.267459117,1.263018263,0.267459117
1780837948.861585617,6.189152407,-1.100110019,0.130344121,1.263018263,0.267459117,1.263018263,0.267459117
1780837948.881727934,6.214120814,-1.096785479,0.135693304,1.263018263,0.267459117,1.263018263,0.267459117
1780837948.901625633,6.239176743,-1.093375832,0.141042486,1.263018263,0.267459117,1.263018263,0.267459117
1780837948.921665192,6.261413681,-1.090207704,0.144710188,1.119701444,0.183385120,1.119701444,0.183385120
1780837948.941416264,6.283627802,-1.087054344,0.148377891,1.119701444,0.183385120,1.119701444,0.183385120
1780837948.961631536,6.305687105,-1.083723265,0.152045593,1.119701444,0.183385120,1.119701444,0.183385120
1780837948.981584549,6.327847909,-1.080360595,0.155713296,1.119701444,0.183385120,1.119701444,0.183385120
1780837949.001367569,6.349920141,-1.076918583,0.159380998,1.119701444,0.183385120,1.119701444,0.183385120
1780837949.021493196,6.374706112,-1.072968746,0.157571248,1.253622754,-0.090487478,1.253622754,-0.090487478
1780837949.041538477,6.399439388,-1.069087987,0.155761499,1.253622754,-0.090487478,1.253622754,-0.090487478
1780837949.061754465,6.424200311,-1.065168867,0.153951749,1.253622754,-0.090487478,1.253622754,-0.090487478
1780837949.081689358,6.449056978,-1.061233957,0.152142000,1.253622754,-0.090487478,1.253622754,-0.090487478
1780837949.101604700,6.471050496,-1.057769937,0.150074744,1.110797834,-0.103362800,1.110797834,-0.103362800
1780837949.121589184,6.493105443,-1.054391195,0.148007488,1.110797834,-0.103362800,1.110797834,-0.103362800
1780837949.141660452,6.515102078,-1.051193395,0.145940232,1.110797834,-0.103362800,1.110797834,-0.103362800
1780837949.161684752,6.537048625,-1.047997908,0.143872976,1.110797834,-0.103362800,1.110797834,-0.103362800
1780837949.181702375,6.559052453,-1.044864741,0.141805720,1.110797834,-0.103362800,1.110797834,-0.103362800
1780837949.201513290,6.581053322,-1.041798670,0.139738464,1.110797834,-0.103362800,1.110797834,-0.103362800
1780837949.221587181,6.605920642,-1.038392571,0.138058123,1.254452509,-0.084017031,1.254452509,-0.084017031
1780837949.241621017,6.630719910,-1.034995809,0.136377783,1.254452509,-0.084017031,1.254452509,-0.084017031
1780837949.261804104,6.655560930,-1.031632354,0.134697442,1.254452509,-0.084017031,1.254452509,-0.084017031
1780837949.281707287,6.680491251,-1.028219557,0.133017101,1.254452509,-0.084017031,1.254452509,-0.084017031
1780837949.301626682,6.705360015,-1.024890861,0.131336761,1.254452509,-0.084017031,1.254452509,-0.084017031
1780837949.321637630,6.727434751,-1.021968913,0.130195945,1.112166401,-0.057040782,1.112166401,-0.057040782
1780837949.341515064,6.749442493,-1.019109133,0.129055129,1.112166401,-0.057040782,1.112166401,-0.057040782
1780837949.361731529,6.771588831,-1.016169189,0.127914314,1.112166401,-0.057040782,1.112166401,-0.057040782
1780837949.381630659,6.793660934,-1.013402005,0.126773498,1.112166401,-0.057040782,1.112166401,-0.057040782
1780837949.401491642,6.815681928,-1.010588444,0.125632683,1.112166401,-0.057040782,1.112166401,-0.057040782
1780837949.421604633,6.841276086,-1.007436187,0.125885993,1.285425500,0.012665539,1.285425500,0.012665539
1780837949.441753626,6.866857172,-1.004123823,0.126139304,1.285425500,0.012665539,1.285425500,0.012665539
1780837949.461621761,6.892347213,-1.000969835,0.126392615,1.285425500,0.012665539,1.285425500,0.012665539
1780837949.481667519,6.917903841,-0.997674011,0.126645926,1.285425500,0.012665539,1.285425500,0.012665539
1780837949.501600742,6.943504714,-0.994401926,0.126899236,1.285425500,0.012665539,1.285425500,0.012665539
1780837949.521668196,6.966201249,-0.991480341,0.127285075,1.140557228,0.019291912,1.140557228,0.019291912
1780837949.541713953,6.988739741,-0.988629685,0.127670913,1.140557228,0.019291912,1.140557228,0.019291912
1780837949.561758995,7.011451705,-0.985741276,0.128056751,1.140557228,0.019291912,1.140557228,0.019291912
1780837949.581713915,7.034086787,-0.982842802,0.128442589,1.140557228,0.019291912,1.140557228,0.019291912
1780837949.601716518,7.056742504,-0.979948163,0.128828428,1.140557228,0.019291912,1.277165736,0.029189419
1780837949.621870518,7.082056109,-0.976613888,0.129412216,1.277165736,0.029189419,1.277165736,0.029189419
1780837949.641645908,7.107449380,-0.973246273,0.129996004,1.277165736,0.029189419,1.277165736,0.029189419
1780837949.661812544,7.132779837,-0.969907597,0.130579793,1.277165736,0.029189419,1.277165736,0.029189419
1780837949.681636810,7.158149674,-0.966668642,0.131163581,1.277165736,0.029189419,1.277165736,0.029189419
1780837949.701595068,7.183534707,-0.963282758,0.131747370,1.277165736,0.029189419,1.277165736,0.029189419
1780837949.721614599,7.206014750,-0.960367286,0.132193040,1.131523020,0.022283548,1.131523020,0.022283548
1780837949.741524458,7.228364549,-0.957372508,0.132638711,1.131523020,0.022283548,1.131523020,0.022283548
1780837949.761687517,7.250760166,-0.954322122,0.133084382,1.131523020,0.022283548,1.131523020,0.022283548
1780837949.781674147,7.273192222,-0.951390640,0.133530053,1.131523020,0.022283548,1.131523020,0.022283548
1780837949.801339865,7.297969699,-0.948030605,0.134224884,1.253321739,0.034741537,1.253321739,0.034741537
1780837949.821702719,7.322811411,-0.944623535,0.134919715,1.253321739,0.034741537,1.253321739,0.034741537
1780837949.841693163,7.347586847,-0.941258811,0.135614546,1.253321739,0.034741537,1.253321739,0.034741537
1780837949.861752033,7.372366522,-0.937946130,0.136309376,1.253321739,0.034741537,1.253321739,0.034741537
1780837949.881694794,7.397231813,-0.934575792,0.137004207,1.253321739,0.034741537,1.253321739,0.034741537
1780837949.901526451,7.421990217,-0.931235420,0.137699038,1.253321739,0.034741537,1.253321739,0.034741537
1780837949.921750784,7.443900077,-0.928209116,0.138237557,1.107266020,0.026925978,1.107266020,0.026925978
1780837949.941512108,7.465736160,-0.925061745,0.138776077,1.107266020,0.026925978,1.107266020,0.026925978
1780837949.961875916,7.487685233,-0.922060183,0.139314597,1.107266020,0.026925978,1.107266020,0.026925978
1780837949.981744051,7.509621659,-0.918965592,0.139853116,1.107266020,0.026925978,1.107266020,0.026925978
1780837950.001640558,7.531479142,-0.915910576,0.140391636,1.107266020,0.026925978,1.107266020,0.026925978
1780837950.021642208,7.556243218,-0.912328893,0.139869391,1.254631088,-0.026112216,1.254631088,-0.026112216
1780837950.041678190,7.581019655,-0.908907147,0.139347147,1.254631088,-0.026112216,1.254631088,-0.026112216
1780837950.061720133,7.605912361,-0.905425962,0.138824903,1.254631088,-0.026112216,1.254631088,-0.026112216
1780837950.081695080,7.630694663,-0.901901498,0.138302658,1.254631088,-0.026112216,1.254631088,-0.026112216
1780837950.101674318,7.655484259,-0.898473850,0.137780414,1.254631088,-0.026112216,1.254631088,-0.026112216
1780837950.121564865,7.677490673,-0.895440178,0.137246682,1.112516735,-0.026686580,1.112516735,-0.026686580
1780837950.141653776,7.699575157,-0.892350445,0.136712951,1.112516735,-0.026686580,1.112516735,-0.026686580
1780837950.161667347,7.721670499,-0.889328159,0.136179219,1.112516735,-0.026686580,1.112516735,-0.026686580
1780837950.181748152,7.743803403,-0.886294806,0.135645488,1.112516735,-0.026686580,1.112516735,-0.026686580
1780837950.201632738,7.765913929,-0.883325000,0.135111756,1.112516735,-0.026686580,1.112516735,-0.026686580
1780837950.221669197,7.790620162,-0.879946285,0.134956928,1.250971107,-0.007741390,1.250971107,-0.007741390
1780837950.241580486,7.815330459,-0.876534371,0.134802100,1.250971107,-0.007741390,1.250971107,-0.007741390
1780837950.261632681,7.840178557,-0.873244337,0.134647273,1.250971107,-0.007741390,1.250971107,-0.007741390
1780837950.281599522,7.864963448,-0.869820595,0.134492445,1.250971107,-0.007741390,1.250971107,-0.007741390
1780837950.301563025,7.889777995,-0.866368613,0.134337617,1.250971107,-0.007741390,1.250971107,-0.007741390
1780837950.321627617,7.911701746,-0.863360206,0.134282841,1.108645617,-0.002738792,1.108645617,-0.002738792
1780837950.341736555,7.933769123,-0.860440165,0.134228065,1.108645617,-0.002738792,1.108645617,-0.002738792
1780837950.361776352,7.955820887,-0.857458147,0.134173289,1.108645617,-0.002738792,1.108645617,-0.002738792
1780837950.381627083,7.977701172,-0.854584857,0.134118514,1.108645617,-0.002738792,1.108645617,-0.002738792
1780837950.401574135,7.999750530,-0.851629543,0.134063738,1.108645617,-0.002738792,1.108645617,-0.002738792
1780837950.421637535,8.024165159,-0.848348581,0.134487703,1.231239235,0.021198254,1.231239235,0.021198254
1780837950.441648960,8.048623947,-0.845100286,0.134911668,1.231239235,0.021198254,1.231239235,0.021198254
1780837950.461528778,8.072978634,-0.841859894,0.135335633,1.231239235,0.021198254,1.231239235,0.021198254
1780837950.481661081,8.097328689,-0.838525957,0.135759598,1.231239235,0.021198254,1.231239235,0.021198254
1780837950.501555681,8.121740684,-0.835171857,0.136183563,1.231239235,0.021198254,1.231239235,0.021198254
1780837950.521636963,8.143260144,-0.832156330,0.136586543,1.090586361,0.020148975,1.090586361,0.020148975
1780837950.541509867,8.164868647,-0.829199378,0.136989522,1.090586361,0.020148975,1.090586361,0.020148975
1780837950.561712980,8.186413237,-0.826313341,0.137392502,1.090586361,0.020148975,1.090586361,0.020148975
1780837950.581855536,8.208098851,-0.823422885,0.137795481,1.090586361,0.020148975,1.090586361,0.020148975
1780837950.601578236,8.229726943,-0.820350833,0.138198461,1.090586361,0.020148975,1.090586361,0.020148975
1780837950.621787310,8.253885065,-0.817009291,0.139097052,1.221689474,0.044929584,1.221689474,0.044929584
1780837950.641932726,8.278140912,-0.813577510,0.139995644,1.221689474,0.044929584,1.221689474,0.044929584
1780837950.661905050,8.302383918,-0.810075153,0.140894236,1.221689474,0.044929584,1.221689474,0.044929584
1780837950.681770563,8.326535881,-0.806675156,0.141792827,1.221689474,0.044929584,1.221689474,0.044929584
1780837950.701607704,8.350728403,-0.803138818,0.142691419,1.221689474,0.044929584,1.221689474,0.044929584
1780837950.721675634,8.372119531,-0.800095856,0.143437168,1.082324314,0.037287438,1.082324314,0.037287438
1780837950.741757393,8.393482753,-0.796942506,0.144182916,1.082324314,0.037287438,1.082324314,0.037287438
1780837950.761695147,8.414877925,-0.793841692,0.144928665,1.082324314,0.037287438,1.082324314,0.037287438
1780837950.781732082,8.436262831,-0.790768625,0.145674414,1.082324314,0.037287438,1.082324314,0.037287438
1780837950.801592827,8.457634007,-0.787649300,0.146420163,1.082324314,0.037287438,1.082324314,0.037287438
1780837950.821602821,8.481767539,-0.784165757,0.147852266,1.221566611,0.071605180,1.221566611,0.071605180
1780837950.841834307,8.505934989,-0.780613933,0.149284370,1.221566611,0.071605180,1.221566611,0.071605180
1780837950.861893415,8.530089004,-0.777013582,0.150716474,1.221566611,0.071605180,1.221566611,0.071605180
1780837950.881855965,8.554201070,-0.773356771,0.152148577,1.221566611,0.071605180,1.221566611,0.071605180
1780837950.901664019,8.578445131,-0.769630604,0.153580681,1.221566611,0.071605180,1.221566611,0.071605180
1780837950.921688557,8.599919143,-0.766218814,0.154769082,1.082998185,0.059420079,1.082998185,0.059420079
1780837950.941505432,8.621250533,-0.762870878,0.155957484,1.082998185,0.059420079,1.082998185,0.059420079
1780837950.961545706,8.642654946,-0.759568122,0.157145885,1.082998185,0.059420079,1.082998185,0.059420079
1780837950.981650591,8.664099772,-0.756188509,0.158334287,1.082998185,0.059420079,1.082998185,0.059420079
1780837951.001621246,8.685576678,-0.752846134,0.159522689,1.082998185,0.059420079,1.082998185,0.059420079
1780837951.021670103,8.710414434,-0.748854238,0.160040290,1.257216615,0.025880083,1.257216615,0.025880083
1780837951.041646957,8.735217006,-0.744832861,0.160557892,1.257216615,0.025880083,1.257216615,0.025880083
1780837951.061769724,8.760104530,-0.740871051,0.161075494,1.257216615,0.025880083,1.257216615,0.025880083
1780837951.081615448,8.784914269,-0.736807137,0.161593095,1.257216615,0.025880083,1.257216615,0.025880083
1780837951.101458788,8.806963515,-0.733138547,0.161911045,1.115654131,0.015897480,1.115654131,0.015897480
1780837951.121708632,8.829066655,-0.729605289,0.162228994,1.115654131,0.015897480,1.115654131,0.015897480
1780837951.141778708,8.850992421,-0.726083517,0.162546944,1.115654131,0.015897480,1.115654131,0.015897480
1780837951.161796331,8.873081179,-0.722481225,0.162864894,1.115654131,0.015897480,1.115654131,0.015897480
1780837951.181727648,8.895019859,-0.718822619,0.163182843,1.115654131,0.015897480,1.115654131,0.015897480
1780837951.201702118,8.917107040,-0.715177298,0.163500793,1.115654131,0.015897480,1.115654131,0.015897480
1780837951.221679688,8.941678636,-0.711117291,0.164590189,1.245098692,0.054469817,1.245098692,0.054469817
1780837951.241725445,8.966146462,-0.707114591,0.165679586,1.245098692,0.054469817,1.245098692,0.054469817
1780837951.261808395,8.990747049,-0.703026747,0.166768982,1.245098692,0.054469817,1.245098692,0.054469817
1780837951.281635523,9.015216943,-0.698985187,0.167858378,1.245098692,0.054469817,1.245098692,0.054469817
1780837951.301559925,9.039732303,-0.694857806,0.168947775,1.245098692,0.054469817,1.245098692,0.054469817
1780837951.321654558,9.061453917,-0.691141159,0.169883847,1.103161782,0.046803616,1.103161782,0.046803616
1780837951.341673374,9.083172783,-0.687427151,0.170819919,1.103161782,0.046803616,1.103161782,0.046803616
1780837951.361639023,9.104837136,-0.683588061,0.171755992,1.103161782,0.046803616,1.103161782,0.046803616
1780837951.381588459,9.126649739,-0.679781939,0.172692064,1.103161782,0.046803616,1.103161782,0.046803616
1780837951.401447535,9.148389510,-0.676067296,0.173628136,1.103161782,0.046803616,1.103161782,0.046803616
1780837951.421744823,9.167491754,-0.672820624,0.174368238,0.965394504,0.037005095,0.965394504,0.037005095
1780837951.441473484,9.186498268,-0.669406400,0.175108340,0.965394504,0.037005095,0.965394504,0.037005095
1780837951.461552382,9.205436138,-0.666120183,0.175848442,0.965394504,0.037005095,0.965394504,0.037005095
1780837951.481588364,9.224395667,-0.662808511,0.176588544,0.965394504,0.037005095,0.965394504,0.037005095
1780837951.501522541,9.243341239,-0.659361690,0.177328646,0.965394504,0.037005095,0.965394504,0.037005095
1780837951.521548748,9.265538871,-0.655447631,0.177388282,1.123580060,0.002981837,1.123580060,0.002981837
1780837951.541686058,9.287729036,-0.651455970,0.177447919,1.123580060,0.002981837,1.123580060,0.002981837
1780837951.561641455,9.309763383,-0.647587281,0.177507556,1.123580060,0.002981837,1.123580060,0.002981837
1780837951.581588268,9.331914635,-0.643618284,0.177567193,1.123580060,0.002981837,1.123580060,0.002981837
1780837951.601454020,9.354030824,-0.639644754,0.177626829,1.123580060,0.002981837,1.123580060,0.002981837
1780837951.621550798,9.373730077,-0.636210050,0.177623909,0.997467568,-0.000146023,0.997467568,-0.000146023
1780837951.641615152,9.393435505,-0.632635349,0.177620988,0.997467568,-0.000146023,0.997467568,-0.000146023
1780837951.661503315,9.413144099,-0.629128482,0.177618068,0.997467568,-0.000146023,0.997467568,-0.000146023
1780837951.681602478,9.432830562,-0.625673627,0.177615148,0.997467568,-0.000146023,0.997467568,-0.000146023
1780837951.701552391,9.454793068,-0.621641197,0.178432495,1.114786822,0.040867362,1.114786822,0.040867362
1780837951.721573830,9.476668246,-0.617715810,0.179249842,1.114786822,0.040867362,1.114786822,0.040867362
1780837951.741639853,9.498534205,-0.613689596,0.180067189,1.114786822,0.040867362,1.114786822,0.040867362
1780837951.761688232,9.520397018,-0.609718011,0.180884536,1.114786822,0.040867362,1.114786822,0.040867362
1780837951.781571150,9.542312252,-0.605618141,0.181701884,1.114786822,0.040867362,1.114786822,0.040867362
1780837951.801495075,9.564178548,-0.601513083,0.182519231,1.114786822,0.040867362,1.114786822,0.040867362
1780837951.821601391,9.583607957,-0.597886175,0.183232044,0.985070055,0.035640653,0.985070055,0.035640653
1780837951.841475248,9.603023736,-0.594369338,0.183944857,0.985070055,0.035640653,0.985070055,0.035640653
1780837951.861684561,9.622468950,-0.590681981,0.184657670,0.985070055,0.035640653,0.985070055,0.035640653
1780837951.881562710,9.641879413,-0.587031683,0.185370483,0.985070055,0.035640653,0.985070055,0.035640653
1780837951.901440620,9.664398917,-0.582864868,0.185404728,1.148083300,0.001712233,1.148083300,0.001712233
1780837951.921630859,9.686962775,-0.578670310,0.185438972,1.148083300,0.001712233,1.148083300,0.001712233
1780837951.941712141,9.709451941,-0.574405848,0.185473217,1.148083300,0.001712233,1.148083300,0.001712233
1780837951.961825609,9.732087107,-0.570188233,0.185507462,1.148083300,0.001712233,1.148083300,0.001712233
1780837951.981568575,9.754685631,-0.566004674,0.185541706,1.148083300,0.001712233,1.148083300,0.001712233
1780837952.001505852,9.777202608,-0.561723163,0.185575951,1.148083300,0.001712233,1.148083300,0.001712233
1780837952.021550894,9.797126420,-0.557991636,0.185589570,1.015370188,0.000680966,1.015370188,0.000680966
1780837952.041585684,9.817145244,-0.554331571,0.185603190,1.015370188,0.000680966,1.015370188,0.000680966
1780837952.061451435,9.837038562,-0.550584970,0.185616809,1.015370188,0.000680966,1.015370188,0.000680966
1780837952.081604719,9.857019756,-0.546898822,0.185630428,1.015370188,0.000680966,1.015370188,0.000680966
1780837952.101589203,9.876993688,-0.543237050,0.185644048,1.015370188,0.000680966,1.015370188,0.000680966
1780837952.121816635,9.899008818,-0.539020844,0.186457451,1.121972441,0.040670179,1.121972441,0.040670179
1780837952.141779423,9.921082091,-0.534920587,0.187270855,1.121972441,0.040670179,1.121972441,0.040670179
1780837952.161772728,9.943114722,-0.530793468,0.188084258,1.121972441,0.040670179,1.121972441,0.040670179
1780837952.181849241,9.965116405,-0.526503623,0.188897662,1.121972441,0.040670179,1.121972441,0.040670179
1780837952.201786518,9.984675631,-0.522850081,0.189672113,0.993572342,0.038722549,0.993572342,0.038722549
1780837952.221805334,10.004126833,-0.519119067,0.190446564,0.993572342,0.038722549,0.993572342,0.038722549
1780837952.241662264,10.023706276,-0.515308857,0.191221015,0.993572342,0.038722549,0.993572342,0.038722549
1780837952.261791468,10.043149296,-0.511570666,0.191995466,0.993572342,0.038722549,0.993572342,0.038722549
1780837952.281743526,10.062651556,-0.507742529,0.192769917,0.993572342,0.038722549,0.993572342,0.038722549
1780837952.301706314,10.082187297,-0.503994470,0.193544368,0.993572342,0.038722549,0.993572342,0.038722549
1780837952.321887016,10.099302630,-0.500599023,0.194213386,0.872325725,0.033450886,0.872325725,0.033450886
1780837952.341862440,10.116490867,-0.497184069,0.194882403,0.872325725,0.033450886,0.872325725,0.033450886
1780837952.361785650,10.133668055,-0.493783683,0.195551421,0.872325725,0.033450886,0.872325725,0.033450886
1780837952.381629467,10.150696947,-0.490361090,0.196220439,0.872325725,0.033450886,0.872325725,0.033450886
1780837952.401784897,10.167802754,-0.487048740,0.196889457,0.872325725,0.033450886,0.965695714,0.071333256
1780837952.421737194,10.186817679,-0.483267792,0.198316122,0.965695714,0.071333256,0.965695714,0.071333256
1780837952.441540956,10.205660593,-0.479451469,0.199742787,0.965695714,0.071333256,0.965695714,0.071333256
1780837952.461775780,10.224586345,-0.475636408,0.201169452,0.965695714,0.071333256,0.965695714,0.071333256
1780837952.481679678,10.243431734,-0.471686806,0.202596117,0.965695714,0.071333256,0.965695714,0.071333256
1780837952.501599550,10.262364416,-0.467890471,0.204022782,0.965695714,0.071333256,0.965695714,0.071333256
1780837952.521645784,10.282023228,-0.463725929,0.203408621,1.003407827,-0.030708085,1.003407827,-0.030708085
1780837952.541583776,10.301721814,-0.459573626,0.202794459,1.003407827,-0.030708085,1.003407827,-0.030708085
1780837952.561613560,10.321346280,-0.455521457,0.202180297,1.003407827,-0.030708085,1.003407827,-0.030708085
1780837952.581628323,10.341075566,-0.451410612,0.201566135,1.003407827,-0.030708085,1.003407827,-0.030708085
1780837952.601572514,10.360731909,-0.447454611,0.200951974,1.003407827,-0.030708085,0.885745919,-0.033696247
1780837952.621691465,10.378124876,-0.443974170,0.200278049,0.885745919,-0.033696247,0.885745919,-0.033696247
1780837952.641480684,10.395447248,-0.440351404,0.199604124,0.885745919,-0.033696247,0.885745919,-0.033696247
1780837952.661657810,10.412834727,-0.436839351,0.198930199,0.885745919,-0.033696247,0.885745919,-0.033696247
1780837952.681504488,10.430214307,-0.433338447,0.198256274,0.885745919,-0.033696247,0.885745919,-0.033696247
1780837952.701469898,10.447632446,-0.429814674,0.197582349,0.885745919,-0.033696247,0.885745919,-0.033696247
1780837952.721683264,10.466441865,-0.426040764,0.197554282,0.963273505,-0.001403365,0.963273505,-0.001403365
1780837952.741682529,10.485371781,-0.422311318,0.197526214,0.963273505,-0.001403365,0.963273505,-0.001403365
1780837952.761664867,10.504253337,-0.418510205,0.197498147,0.963273505,-0.001403365,0.963273505,-0.001403365
1780837952.781604052,10.523230556,-0.414663187,0.197470080,0.963273505,-0.001403365,0.963273505,-0.001403365
1780837952.801539183,10.539991044,-0.411357708,0.197617272,0.852340215,0.007359625,0.852340215,0.007359625
1780837952.821703672,10.556708592,-0.408095255,0.197764465,0.852340215,0.007359625,0.852340215,0.007359625
1780837952.841636181,10.573351030,-0.404753540,0.197911657,0.852340215,0.007359625,0.852340215,0.007359625
1780837952.861564398,10.590032868,-0.401314390,0.198058850,0.852340215,0.007359625,0.852340215,0.007359625
1780837952.881576538,10.606841951,-0.397962650,0.198206042,0.852340215,0.007359625,0.852340215,0.007359625
1780837952.901451826,10.623499900,-0.394559872,0.198353235,0.852340215,0.007359625,0.852340215,0.007359625
1780837952.921633482,10.638248880,-0.391643610,0.198594238,0.748225883,0.012050178,0.748225883,0.012050178
1780837952.941511631,10.652839436,-0.388685298,0.198835242,0.748225883,0.012050178,0.748225883,0.012050178
1780837952.961698532,10.667513160,-0.385732397,0.199076245,0.748225883,0.012050178,0.748225883,0.012050178
1780837952.981634140,10.682129812,-0.382825019,0.199317249,0.748225883,0.012050178,0.748225883,0.012050178
1780837953.001661301,10.696857695,-0.379897707,0.199558253,0.748225883,0.012050178,0.748225883,0.012050178
1780837953.021628380,10.712476301,-0.376682316,0.200381369,0.798893218,0.041155816,0.798893218,0.041155816
1780837953.041664362,10.728138502,-0.373532769,0.201204485,0.798893218,0.041155816,0.798893218,0.041155816
1780837953.061772108,10.743794509,-0.370429342,0.202027601,0.798893218,0.041155816,0.798893218,0.041155816
1780837953.081624746,10.759390206,-0.367274470,0.202850718,0.798893218,0.041155816,0.798893218,0.041155816
1780837953.101667881,10.775086358,-0.364027845,0.203673834,0.798893218,0.041155816,0.798893218,0.041155816
1780837953.121621847,10.788875160,-0.361078308,0.204537794,0.706291173,0.043197997,0.706291173,0.043197997
1780837953.141762972,10.802674154,-0.358259875,0.205401754,0.706291173,0.043197997,0.706291173,0.043197997
1780837953.161634922,10.816481775,-0.355292088,0.206265714,0.706291173,0.043197997,0.706291173,0.043197997
1780837953.181796074,10.830344720,-0.352481633,0.207129674,0.706291173,0.043197997,0.706291173,0.043197997
1780837953.201551676,10.844178669,-0.349602415,0.207993634,0.706291173,0.043197997,0.706291173,0.043197997
1780837953.221659184,10.856177292,-0.346983654,0.208820939,0.617896949,0.041365260,0.617896949,0.041365260
1780837953.241640091,10.868349052,-0.344350570,0.209648244,0.617896949,0.041365260,0.617896949,0.041365260
1780837953.261737108,10.880337989,-0.341735721,0.210475549,0.617896949,0.041365260,0.617896949,0.041365260
1780837953.281709671,10.892375185,-0.339214424,0.211302855,0.617896949,0.041365260,0.617896949,0.041365260
1780837953.301478624,10.905671459,-0.336401410,0.212443213,0.675839037,0.057017938,0.675839037,0.057017938
1780837953.321645498,10.918821426,-0.333531191,0.213583572,0.675839037,0.057017938,0.675839037,0.057017938
1780837953.341674805,10.932009846,-0.330603519,0.214723931,0.675839037,0.057017938,0.675839037,0.057017938
1780837953.361719370,10.945118703,-0.327755012,0.215864290,0.675839037,0.057017938,0.675839037,0.057017938
1780837953.381658554,10.958360455,-0.324802424,0.217004648,0.675839037,0.057017938,0.675839037,0.057017938
1780837953.401596069,10.971528492,-0.321894792,0.218145007,0.675839037,0.057017938,0.675839037,0.057017938
1780837953.421612740,10.983205971,-0.319287441,0.219220419,0.596942405,0.053770588,0.596942405,0.053770588
1780837953.441717863,10.994880051,-0.316591776,0.220295831,0.596942405,0.053770588,0.596942405,0.053770588
1780837953.461658478,11.006586945,-0.313970778,0.221371242,0.596942405,0.053770588,0.596942405,0.053770588
1780837953.481642246,11.018187359,-0.311388667,0.222446654,0.596942405,0.053770588,0.596942405,0.053770588
1780837953.501376867,11.028387658,-0.309100417,0.223435891,0.521940327,0.049461854,0.521940327,0.049461854
1780837953.521642923,11.038538463,-0.306746829,0.224425128,0.521940327,0.049461854,0.521940327,0.049461854
1780837953.541633606,11.048715389,-0.304356905,0.225414365,0.521940327,0.049461854,0.521940327,0.049461854
1780837953.561589956,11.058884037,-0.301975395,0.226403603,0.521940327,0.049461854,0.521940327,0.049461854
1780837953.581522226,11.068977298,-0.299537618,0.227392840,0.521940327,0.049461854,0.521940327,0.049461854
1780837953.601269484,11.079139945,-0.297087276,0.228382077,0.521940327,0.049461854,0.458053197,0.045740738
1780837953.621713877,11.088163068,-0.295066972,0.229296892,0.458053197,0.045740738,0.458053197,0.045740738
1780837953.641606331,11.097060399,-0.293067620,0.230211706,0.458053197,0.045740738,0.458053197,0.045740738
1780837953.661755085,11.106007457,-0.290877409,0.231126521,0.458053197,0.045740738,0.458053197,0.045740738
1780837953.681538582,11.115008034,-0.288725077,0.232041336,0.458053197,0.045740738,0.458053197,0.045740738
1780837953.701515198,11.123843862,-0.286695567,0.232956151,0.458053197,0.045740738,0.458053197,0.045740738
1780837953.721607208,11.133037786,-0.284580843,0.233857382,0.476479003,0.045061589,0.476479003,0.045061589
1780837953.741711378,11.142214763,-0.282375051,0.234758614,0.476479003,0.045061589,0.476479003,0.045061589
1780837953.761610031,11.151469368,-0.280132304,0.235659846,0.476479003,0.045061589,0.476479003,0.045061589
1780837953.781699181,11.160742943,-0.277880796,0.236561078,0.476479003,0.045061589,0.476479003,0.045061589
1780837953.801524639,11.170048686,-0.275582773,0.237462309,0.476479003,0.045061589,0.476479003,0.045061589
1780837953.821703672,11.178272546,-0.273518153,0.238324281,0.420858538,0.043098556,0.420858538,0.043098556
1780837953.841616631,11.186415226,-0.271601360,0.239186252,0.420858538,0.043098556,0.420858538,0.043098556
1780837953.861606836,11.194600563,-0.269648272,0.240048223,0.420858538,0.043098556,0.420858538,0.043098556
1780837953.881666899,11.202748430,-0.267630639,0.240910194,0.420858538,0.043098556,0.420858538,0.043098556
1780837953.901557446,11.209922069,-0.265888972,0.241722311,0.368007279,0.040605827,0.368007279,0.040605827
1780837953.921744823,11.217069697,-0.264110814,0.242534427,0.368007279,0.040605827,0.368007279,0.040605827
1780837953.941532135,11.224151452,-0.262271078,0.243346544,0.368007279,0.040605827,0.368007279,0.040605827
1780837953.961716413,11.231290249,-0.260556625,0.244158660,0.368007279,0.040605827,0.368007279,0.040605827
1780837953.981765747,11.238385792,-0.258790908,0.244970777,0.368007279,0.040605827,0.368007279,0.040605827
1780837954.001613140,11.245442292,-0.257049768,0.245782893,0.368007279,0.040605827,0.368007279,0.040605827
1780837954.021693945,11.251719253,-0.255439405,0.246539527,0.322999234,0.037831704,0.322999234,0.037831704
1780837954.041854620,11.257976790,-0.253885681,0.247296161,0.322999234,0.037831704,0.322999234,0.037831704
1780837954.061668873,11.264317746,-0.252242923,0.248052795,0.322999234,0.037831704,0.322999234,0.037831704
1780837954.081626177,11.270624335,-0.250601713,0.248809430,0.322999234,0.037831704,0.322999234,0.037831704
1780837954.101500988,11.276905880,-0.249106241,0.249566064,0.322999234,0.037831704,0.322999234,0.037831704
1780837954.121544123,11.282328955,-0.247726723,0.250267307,0.282445178,0.035062166,0.282445178,0.035062166
1780837954.141754150,11.287706131,-0.246237645,0.250968550,0.282445178,0.035062166,0.282445178,0.035062166
1780837954.161654949,11.293180187,-0.244777012,0.251669794,0.282445178,0.035062166,0.282445178,0.035062166
1780837954.181665897,11.298639676,-0.243306427,0.252371037,0.282445178,0.035062166,0.282445178,0.035062166
1780837954.201552153,11.304150605,-0.241936765,0.253072280,0.282445178,0.035062166,0.282445178,0.035062166
1780837954.221696615,11.308990405,-0.240793407,0.253706273,0.246951480,0.031699615,0.246951480,0.031699615
1780837954.241657495,11.313835501,-0.239593178,0.254340265,0.246951480,0.031699615,0.246951480,0.031699615
1780837954.261701584,11.318652351,-0.238331450,0.254974257,0.246951480,0.031699615,0.246951480,0.031699615
1780837954.281561613,11.323486018,-0.237148941,0.255608249,0.246951480,0.031699615,0.246951480,0.031699615
1780837954.301417589,11.328296370,-0.235825644,0.256242242,0.246951480,0.031699615,0.215658392,0.029857312
1780837954.321640015,11.332493440,-0.234705740,0.256839388,0.215658392,0.029857312,0.215658392,0.029857312
1780837954.341709137,11.336719618,-0.233656188,0.257436534,0.215658392,0.029857312,0.215658392,0.029857312
1780837954.361700535,11.340894943,-0.232479932,0.258033680,0.215658392,0.029857312,0.215658392,0.029857312
1780837954.381668806,11.344976012,-0.231307500,0.258630827,0.215658392,0.029857312,0.215658392,0.029857312
1780837954.401502371,11.349108608,-0.230215951,0.259227973,0.215658392,0.029857312,0.188276501,0.026969334
1780837954.421576977,11.352658204,-0.229298930,0.259767360,0.188276501,0.026969334,0.188276501,0.026969334
1780837954.441569328,11.356267035,-0.228279008,0.260306746,0.188276501,0.026969334,0.188276501,0.026969334
1780837954.461565971,11.359934525,-0.227366264,0.260846133,0.188276501,0.026969334,0.188276501,0.026969334
1780837954.481659174,11.363635229,-0.226416617,0.261385520,0.188276501,0.026969334,0.188276501,0.026969334
1780837954.501451492,11.367367240,-0.225445714,0.261924906,0.188276501,0.026969334,0.188276501,0.026969334
1780837954.521640778,11.370633737,-0.224538138,0.262303201,0.164737727,0.018914734,0.164737727,0.018914734
1780837954.541607380,11.373792492,-0.223739090,0.262681496,0.164737727,0.018914734,0.164737727,0.018914734
1780837954.561550140,11.377072151,-0.222913761,0.263059790,0.164737727,0.018914734,0.164737727,0.018914734
1780837954.581564188,11.380174654,-0.222154673,0.263438085,0.164737727,0.018914734,0.164737727,0.018914734
1780837954.601652145,11.383306111,-0.221355817,0.263816380,0.164737727,0.018914734,0.164737727,0.018914734
1780837954.621447325,11.386010994,-0.220568829,0.264143091,0.143683505,0.016335560,0.143683505,0.016335560
1780837954.641711712,11.388882702,-0.219814866,0.264469802,0.143683505,0.016335560,0.143683505,0.016335560
1780837954.661671162,11.391667662,-0.219125567,0.264796513,0.143683505,0.016335560,0.143683505,0.016335560
1780837954.681592226,11.394353563,-0.218318680,0.265123225,0.143683505,0.016335560,0.143683505,0.016335560
1780837954.701672554,11.397164462,-0.217595739,0.265449936,0.143683505,0.016335560,0.143683505,0.016335560
1780837954.721669436,11.399519376,-0.216962305,0.265739619,0.125749453,0.014484177,0.125749453,0.014484177
1780837954.742650986,11.401954229,-0.216225618,0.266029303,0.125749453,0.014484177,0.125749453,0.014484177
1780837954.761680841,11.404398224,-0.215623025,0.266318986,0.125749453,0.014484177,0.125749453,0.014484177
1780837954.781643152,11.406845111,-0.214925937,0.266608670,0.125749453,0.014484177,0.125749453,0.014484177
1780837954.801644325,11.409223053,-0.214165035,0.266898353,0.125749453,0.014484177,0.125749453,0.014484177
1780837954.821742773,11.411319865,-0.213540413,0.267144927,0.110051375,0.012328673,0.110051375,0.012328673
1780837954.841594219,11.413478710,-0.212873443,0.267391500,0.110051375,0.012328673,0.110051375,0.012328673
1780837954.861760616,11.415616682,-0.212237035,0.267638074,0.110051375,0.012328673,0.110051375,0.012328673
1780837954.881565809,11.417715924,-0.211602593,0.267884647,0.110051375,0.012328673,0.110051375,0.012328673
1780837954.901647091,11.419927366,-0.210928798,0.268131221,0.110051375,0.012328673,0.110051375,0.012328673
1780837954.921525240,11.421824740,-0.210453709,0.268325901,0.096130705,0.009733990,0.096130705,0.009733990
1780837954.941608191,11.423651778,-0.209914473,0.268520580,0.096130705,0.009733990,0.096130705,0.009733990
1780837954.961607933,11.425531669,-0.209359519,0.268715260,0.096130705,0.009733990,0.096130705,0.009733990
1780837954.981538057,11.427333919,-0.208780069,0.268909940,0.096130705,0.009733990,0.096130705,0.009733990
1780837955.001551628,11.429182381,-0.208276776,0.269104620,0.096130705,0.009733990,0.096130705,0.009733990
1780837955.021616936,11.430792058,-0.207799564,0.269266184,0.083855747,0.008078201,0.083855747,0.008078201
1780837955.041583538,11.432338796,-0.207306020,0.269427748,0.083855747,0.008078201,0.083855747,0.008078201
1780837955.061765432,11.434025773,-0.206944583,0.269589312,0.083855747,0.008078201,0.083855747,0.008078201
1780837955.081643343,11.435563567,-0.206572589,0.269750876,0.083855747,0.008078201,0.083855747,0.008078201
1780837955.101623297,11.437088269,-0.206138701,0.269912440,0.083855747,0.008078201,0.073352538,0.006942634
1780837955.121681452,11.438425668,-0.205806626,0.270051293,0.073352538,0.006942634,0.073352538,0.006942634
1780837955.141560316,11.439812733,-0.205370578,0.270190145,0.073352538,0.006942634,0.073352538,0.006942634
1780837955.161606550,11.441301485,-0.204927494,0.270328998,0.073352538,0.006942634,0.073352538,0.006942634
1780837955.181504965,11.442718500,-0.204464068,0.270467851,0.073352538,0.006942634,0.073352538,0.006942634
1780837955.201488972,11.444034105,-0.203997253,0.270606703,0.073352538,0.006942634,0.073352538,0.006942634
1780837955.221643686,11.445325492,-0.203606016,0.270729971,0.064370289,0.006163370,0.064370289,0.006163370
1780837955.241604090,11.446579757,-0.203245863,0.270853238,0.064370289,0.006163370,0.064370289,0.006163370
1780837955.261613607,11.447794810,-0.202871290,0.270976506,0.064370289,0.006163370,0.064370289,0.006163370
1780837955.281492710,11.449022305,-0.202459193,0.271099773,0.064370289,0.006163370,0.064370289,0.006163370
1780837955.301499605,11.450263807,-0.202151786,0.271223040,0.064370289,0.006163370,0.056276803,0.005002134
1780837955.321721077,11.451426557,-0.201941493,0.271323083,0.056276803,0.005002134,0.056276803,0.005002134
1780837955.341742754,11.452431507,-0.201601758,0.271423126,0.056276803,0.005002134,0.056276803,0.005002134
1780837955.361705542,11.453466633,-0.201325003,0.271523168,0.056276803,0.005002134,0.056276803,0.005002134
1780837955.381635666,11.454630234,-0.200976319,0.271623211,0.056276803,0.005002134,0.056276803,0.005002134
1780837955.401501417,11.455760952,-0.200763342,0.271723254,0.056276803,0.005002134,0.056276803,0.005002134
1780837955.421493769,11.456678148,-0.200437721,0.271814164,0.049281443,0.004545521,0.049281443,0.004545521
1780837955.441607952,11.457649407,-0.200184442,0.271905075,0.049281443,0.004545521,0.049281443,0.004545521
1780837955.461580753,11.458551574,-0.199971614,0.271995985,0.049281443,0.004545521,0.049281443,0.004545521
1780837955.481440306,11.459440668,-0.199711019,0.272086895,0.049281443,0.004545521,0.049281443,0.004545521
1780837955.501539469,11.460358775,-0.199383858,0.272177806,0.049281443,0.004545521,0.049281443,0.004545521
1780837955.521568060,11.461262999,-0.199064918,0.272261757,0.043019809,0.004197578,0.043019809,0.004197578
1780837955.541610479,11.462082867,-0.198808873,0.272345709,0.043019809,0.004197578,0.043019809,0.004197578
1780837955.561649084,11.462959828,-0.198572503,0.272429660,0.043019809,0.004197578,0.043019809,0.004197578
1780837955.581655264,11.463864935,-0.198365722,0.272513612,0.043019809,0.004197578,0.043019809,0.004197578
1780837955.601547241,11.464667851,-0.198218063,0.272597564,0.043019809,0.004197578,0.043019809,0.004197578
1780837955.621560097,11.465421604,-0.197955122,0.272668697,0.037522597,0.003556654,0.037522597,0.003556654
1780837955.641709328,11.466218135,-0.197801494,0.272739830,0.037522597,0.003556654,0.037522597,0.003556654
1780837955.661646366,11.466905551,-0.197672041,0.272810963,0.037522597,0.003556654,0.037522597,0.003556654
1780837955.681817293,11.467692244,-0.197401810,0.272882096,0.037522597,0.003556654,0.037522597,0.003556654
1780837955.701711893,11.468352060,-0.197118253,0.272953229,0.037522597,0.003556654,0.037522597,0.003556654
1780837955.721540451,11.468999571,-0.196849575,0.273023363,0.032709659,0.003506716,0.032709659,0.003506716
1780837955.741816521,11.469667392,-0.196739472,0.273093498,0.032709659,0.003506716,0.032709659,0.003506716
1780837955.761685848,11.470394640,-0.196606321,0.273163632,0.032709659,0.003506716,0.032709659,0.003506716
1780837955.781686306,11.470926314,-0.196460540,0.273233766,0.032709659,0.003506716,0.032709659,0.003506716
1780837955.801591158,11.471606804,-0.196269428,0.273303901,0.032709659,0.003506716,0.032709659,0.003506716
1780837955.821554661,11.472217583,-0.196090922,0.273365752,0.028371174,0.003092581,0.028371174,0.003092581
1780837955.841803074,11.472747384,-0.195992767,0.273427604,0.028371174,0.003092581,0.028371174,0.003092581
1780837955.861752987,11.473304303,-0.195888011,0.273489455,0.028371174,0.003092581,0.028371174,0.003092581
1780837955.881586313,11.473796692,-0.195811100,0.273551307,0.028371174,0.003092581,0.028371174,0.003092581
1780837955.901511192,11.474393799,-0.195587991,0.273613159,0.028371174,0.003092581,0.028371174,0.003092581
1780837955.921682835,11.474772952,-0.195373615,0.273672382,0.024805690,0.002961158,0.024805690,0.002961158
1780837955.941545010,11.475274872,-0.195309420,0.273731605,0.024805690,0.002961158,0.024805690,0.002961158
1780837955.961831093,11.475745981,-0.195154062,0.273790828,0.024805690,0.002961158,0.024805690,0.002961158
1780837955.981633902,11.476230174,-0.194971626,0.273850051,0.024805690,0.002961158,0.024805690,0.002961158
1780837956.001513958,11.476785770,-0.194921886,0.273909274,0.024805690,0.002961158,0.024805690,0.002961158
1780837956.021704912,11.477198597,-0.194792046,0.273963268,0.021773284,0.002699659,0.021773284,0.002699659
1780837956.041710615,11.477588224,-0.194682204,0.274017261,0.021773284,0.002699659,0.021773284,0.002699659
1780837956.061874866,11.477969974,-0.194481192,0.274071254,0.021773284,0.002699659,0.021773284,0.002699659
1780837956.081670284,11.478296429,-0.194427570,0.274125247,0.021773284,0.002699659,0.021773284,0.002699659
1780837956.101713896,11.478732808,-0.194240229,0.274179240,0.021773284,0.002699659,0.019009789,0.002466183
1780837956.121762514,11.479134536,-0.194227010,0.274228564,0.019009789,0.002466183,0.019009789,0.002466183
1780837956.141669989,11.479473566,-0.194148559,0.274277888,0.019009789,0.002466183,0.019009789,0.002466183
1780837956.161758184,11.479767837,-0.193968559,0.274327211,0.019009789,0.002466183,0.019009789,0.002466183
1780837956.181738853,11.480127563,-0.193944733,0.274376535,0.019009789,0.002466183,0.019009789,0.002466183
1780837956.201588392,11.480426937,-0.193828741,0.274425859,0.019009789,0.002466183,0.019009789,0.002466183
1780837956.222002268,11.480798849,-0.193716373,0.274472122,0.016785553,0.002313159,0.016785553,0.002313159
1780837956.241765738,11.481105719,-0.193622497,0.274518385,0.016785553,0.002313159,0.016785553,0.002313159
1780837956.261796236,11.481411537,-0.193508483,0.274564648,0.016785553,0.002313159,0.016785553,0.002313159
1780837956.281673670,11.481672292,-0.193343524,0.274610911,0.016785553,0.002313159,0.016785553,0.002313159
1780837956.301553249,11.482003334,-0.193242485,0.274657175,0.016785553,0.002313159,0.016785553,0.002313159
1780837956.321666479,11.482193063,-0.193197768,0.274700833,0.014754714,0.002182903,0.014754714,0.002182903
1780837956.341707468,11.482475537,-0.193040165,0.274744491,0.014754714,0.002182903,0.014754714,0.002182903
1780837956.361522436,11.482825782,-0.192925140,0.274788149,0.014754714,0.002182903,0.014754714,0.002182903
1780837956.381661415,11.483062148,-0.192804443,0.274831807,0.014754714,0.002182903,0.014754714,0.002182903
1780837956.401497126,11.483360795,-0.192808298,0.274875465,0.014754714,0.002182903,0.014754714,0.002182903
1780837956.421712875,11.483653729,-0.192799166,0.274913742,0.012948769,0.001913830,0.012948769,0.001913830
1780837956.441690207,11.483840716,-0.192664120,0.274952018,0.012948769,0.001913830,0.012948769,0.001913830
1780837956.461625814,11.484124237,-0.192497365,0.274990295,0.012948769,0.001913830,0.012948769,0.001913830
1780837956.481649160,11.484312460,-0.192346046,0.275028571,0.012948769,0.001913830,0.012948769,0.001913830
1780837956.501492739,11.484548658,-0.192231331,0.275066848,0.012948769,0.001913830,0.012948769,0.001913830
1780837956.521587133,11.484726231,-0.192171514,0.275102217,0.011324243,0.001768460,0.011324243,0.001768460
1780837956.541635513,11.485014627,-0.192161399,0.275137586,0.011324243,0.001768460,0.011324243,0.001768460
1780837956.561661959,11.485253041,-0.192119232,0.275172956,0.011324243,0.001768460,0.011324243,0.001768460
1780837956.581531048,11.485399213,-0.192108103,0.275208325,0.011324243,0.001768460,0.011324243,0.001768460
1780837956.601483107,11.485592940,-0.192132322,0.275243694,0.011324243,0.001768460,0.011324243,0.001768460
1780837956.621728659,11.485822614,-0.192158167,0.275276534,0.009909957,0.001642013,0.009909957,0.001642013
1780837956.641704082,11.486039822,-0.192030381,0.275309374,0.009909957,0.001642013,0.009909957,0.001642013
1780837956.661928654,11.486296385,-0.191896059,0.275342215,0.009909957,0.001642013,0.009909957,0.001642013
1780837956.681596279,11.486499335,-0.191766610,0.275375055,0.009909957,0.001642013,0.009909957,0.001642013
1780837956.701529026,11.486761259,-0.191744877,0.275407895,0.009909957,0.001642013,0.009909957,0.001642013
1780837956.721688032,11.487025960,-0.191718861,0.275440324,0.008642477,0.001621445,0.008642477,0.001621445
1780837956.741789103,11.487264323,-0.191647399,0.275472753,0.008642477,0.001621445,0.008642477,0.001621445
1780837956.761784554,11.487458416,-0.191572085,0.275505182,0.008642477,0.001621445,0.008642477,0.001621445
1780837956.781761885,11.487707579,-0.191504558,0.275537611,0.008642477,0.001621445,0.008642477,0.001621445
1780837956.801664829,11.487914266,-0.191543907,0.275570040,0.008642477,0.001621445,0.008642477,0.001621445
1780837956.821604013,11.488101469,-0.191440894,0.275600867,0.007207027,0.001541373,0.007207027,0.001541373
1780837956.841710567,11.488337829,-0.191424714,0.275631695,0.007207027,0.001541373,0.007207027,0.001541373
1780837956.861677408,11.488510790,-0.191304350,0.275662522,0.007207027,0.001541373,0.007207027,0.001541373
1780837956.881623030,11.488745753,-0.191279184,0.275693350,0.007207027,0.001541373,0.007207027,0.001541373
1780837956.901597023,11.488868273,-0.191290084,0.275724177,0.007207027,0.001541373,0.007207027,0.001541373
1780837956.921601534,11.488888360,-0.191160156,0.275753895,0.005915156,0.001485923,0.005915156,0.001485923
1780837956.941412210,11.489001328,-0.191114465,0.275783614,0.005915156,0.001485923,0.005915156,0.001485923
1780837956.961548567,11.489173160,-0.191031111,0.275813332,0.005915156,0.001485923,0.005915156,0.001485923
1780837956.981622696,11.489338532,-0.190996082,0.275843051,0.005915156,0.001485923,0.005915156,0.001485923
1780837957.001518250,11.489391067,-0.190987114,0.275872769,0.005915156,0.001485923,0.005915156,0.001485923
1780837957.021573782,11.489474856,-0.190869078,0.275900433,0.005069123,0.001383180,0.005069123,0.001383180
1780837957.041701317,11.489523620,-0.190864663,0.275928097,0.005069123,0.001383180,0.005069123,0.001383180
1780837957.061576843,11.489717864,-0.190798682,0.275955760,0.005069123,0.001383180,0.005069123,0.001383180
1780837957.081668377,11.489766425,-0.190680183,0.275983424,0.005069123,0.001383180,0.005069123,0.001383180
1780837957.101497412,11.489868139,-0.190635181,0.276009359,0.004370922,0.001296769,0.004370922,0.001296769
1780837957.121782780,11.489920438,-0.190525405,0.276035295,0.004370922,0.001296769,0.004370922,0.001296769
1780837957.141645193,11.489933895,-0.190496555,0.276061230,0.004370922,0.001296769,0.004370922,0.001296769
1780837957.161606073,11.490093361,-0.190536344,0.276087165,0.004370922,0.001296769,0.004370922,0.001296769
1780837957.181662560,11.490190801,-0.190420980,0.276113101,0.004370922,0.001296769,0.004370922,0.001296769
1780837957.201514482,11.490261839,-0.190423833,0.276139036,0.004370922,0.001296769,0.003857273,0.001176864
1780837957.221666098,11.490242449,-0.190403244,0.276162573,0.003857273,0.001176864,0.003857273,0.001176864
1780837957.241722107,11.490322900,-0.190316635,0.276186111,0.003857273,0.001176864,0.003857273,0.001176864
1780837957.261620522,11.490451693,-0.190206979,0.276209648,0.003857273,0.001176864,0.003857273,0.001176864
1780837957.281584501,11.490518625,-0.190201850,0.276233185,0.003857273,0.001176864,0.003857273,0.001176864
1780837957.301520348,11.490643120,-0.190121260,0.276256722,0.003857273,0.001176864,0.003857273,0.001176864
1780837957.321582794,11.490778415,-0.190202073,0.276277112,0.003341809,0.001019470,0.003341809,0.001019470
1780837957.341556072,11.490850014,-0.190173165,0.276297501,0.003341809,0.001019470,0.003341809,0.001019470
1780837957.361768961,11.490917688,-0.190245842,0.276317891,0.003341809,0.001019470,0.003341809,0.001019470
1780837957.381654501,11.491060462,-0.190197459,0.276338280,0.003341809,0.001019470,0.003341809,0.001019470
1780837957.401743174,11.491152700,-0.190275612,0.276358669,0.003341809,0.001019470,0.003341809,0.001019470
1780837957.421702623,11.491265522,-0.190186375,0.276380527,0.002819887,0.001092900,0.002819887,0.001092900
1780837957.441490173,11.491306097,-0.190205329,0.276402385,0.002819887,0.001092900,0.002819887,0.001092900
1780837957.461755991,11.491450715,-0.190188177,0.276424243,0.002819887,0.001092900,0.002819887,0.001092900
1780837957.481632710,11.491499539,-0.190089712,0.276446101,0.002819887,0.001092900,0.002819887,0.001092900
1780837957.501511335,11.491638039,-0.190128603,0.276467959,0.002819887,0.001092900,0.002819887,0.001092900
1780837957.521670818,11.491694671,-0.190080853,0.276490234,0.002190365,0.001113718,0.002190365,0.001113718
1780837957.541694164,11.491793901,-0.190059659,0.276512508,0.002190365,0.001113718,0.002190365,0.001113718
1780837957.561700583,11.491750807,-0.190007319,0.276534783,0.002190365,0.001113718,0.002190365,0.001113718
1780837957.581651449,11.491796991,-0.189972240,0.276557057,0.002190365,0.001113718,0.002190365,0.001113718
1780837957.601437330,11.491769489,-0.190028036,0.276577893,0.001788878,0.001041825,0.001788878,0.001041825
1780837957.621480703,11.491824409,-0.190094371,0.276598730,0.001788878,0.001041825,0.001788878,0.001041825
1780837957.641637087,11.491767382,-0.190096554,0.276619566,0.001788878,0.001041825,0.001788878,0.001041825
1780837957.661607027,11.491733464,-0.190090187,0.276640403,0.001788878,0.001041825,0.001788878,0.001041825
1780837957.681680441,11.491823859,-0.190154914,0.276661239,0.001788878,0.001041825,0.001788878,0.001041825
1780837957.701385021,11.491846112,-0.190045954,0.276682076,0.001788878,0.001041825,0.001788878,0.001041825
1780837957.721559525,11.491790280,-0.190029159,0.276703801,0.001835377,0.001086230,0.001835377,0.001086230
1780837957.741688728,11.491918680,-0.189950210,0.276725525,0.001835377,0.001086230,0.001835377,0.001086230
1780837957.761849642,11.492037172,-0.189950653,0.276747250,0.001835377,0.001086230,0.001835377,0.001086230
1780837957.781732082,11.492082654,-0.189934639,0.276768974,0.001835377,0.001086230,0.001835377,0.001086230
1780837957.801625252,11.492122167,-0.189844193,0.276790699,0.001835377,0.001086230,0.001835377,0.001086230
1780837957.821788073,11.492212384,-0.189759057,0.276811465,0.001442861,0.001038303,0.001442861,0.001038303
1780837957.841794491,11.492258233,-0.189704671,0.276832231,0.001442861,0.001038303,0.001442861,0.001038303
1780837957.861674547,11.492190183,-0.189633073,0.276852997,0.001442861,0.001038303,0.001442861,0.001038303
1780837957.881570101,11.492208196,-0.189554068,0.276873763,0.001442861,0.001038303,0.001442861,0.001038303
1780837957.901648998,11.492203117,-0.189587243,0.276894529,0.001442861,0.001038303,0.001442861,0.001038303
1780837957.921650410,11.492176647,-0.189497331,0.276912159,0.001166290,0.000881481,0.001166290,0.000881481
1780837957.941633463,11.492240395,-0.189519534,0.276929789,0.001166290,0.000881481,0.001166290,0.000881481
1780837957.961637259,11.492191992,-0.189563036,0.276947418,0.001166290,0.000881481,0.001166290,0.000881481
1780837957.981584072,11.492230573,-0.189506262,0.276965048,0.001166290,0.000881481,0.001166290,0.000881481
1780837958.001592398,11.492223625,-0.189571452,0.276982677,0.001166290,0.000881481,0.001166290,0.000881481
1780837958.021714687,11.492307757,-0.189546115,0.276999562,0.001141999,0.000844236,0.001141999,0.000844236
1780837958.041746855,11.492249201,-0.189619828,0.277016447,0.001141999,0.000844236,0.001141999,0.000844236
1780837958.061765671,11.492306491,-0.189530024,0.277033332,0.001141999,0.000844236,0.001141999,0.000844236
1780837958.081690550,11.492350363,-0.189482436,0.277050216,0.001141999,0.000844236,0.001141999,0.000844236
1780837958.101549149,11.492409506,-0.189380942,0.277067101,0.001141999,0.000844236,0.001141999,0.000844236
1780837958.121531725,11.492445689,-0.189298065,0.277083868,0.001000316,0.000838360,0.001000316,0.000838360
1780837958.141789913,11.492456735,-0.189329152,0.277100635,0.001000316,0.000838360,0.001000316,0.000838360
1780837958.161590576,11.492537736,-0.189274876,0.277117403,0.001000316,0.000838360,0.001000316,0.000838360
1780837958.181587696,11.492517938,-0.189281660,0.277134170,0.001000316,0.000838360,0.001000316,0.000838360
1780837958.201545477,11.492620024,-0.189263539,0.277150937,0.001000316,0.000838360,0.001000316,0.000838360
1780837958.221576452,11.492696047,-0.189306666,0.277165494,0.000653596,0.000727847,0.000653596,0.000727847
1780837958.241638660,11.492735962,-0.189386631,0.277180051,0.000653596,0.000727847,0.000653596,0.000727847
1780837958.261600494,11.492831688,-0.189383195,0.277194608,0.000653596,0.000727847,0.000653596,0.000727847
1780837958.281479597,11.492841385,-0.189309185,0.277209165,0.000653596,0.000727847,0.000653596,0.000727847
1780837958.301543713,11.492815630,-0.189298689,0.277223722,0.000653596,0.000727847,0.000653596,0.000727847
1780837958.321848392,11.492879049,-0.189330430,0.277239994,0.000351467,0.000813631,0.000351467,0.000813631
1780837958.341680527,11.492873829,-0.189289171,0.277256267,0.000351467,0.000813631,0.000351467,0.000813631
1780837958.361812830,11.492813611,-0.189338476,0.277272540,0.000351467,0.000813631,0.000351467,0.000813631
1780837958.381644011,11.492780815,-0.189335806,0.277288812,0.000351467,0.000813631,0.000351467,0.000813631
1780837958.401566267,11.492806528,-0.189296394,0.277304591,0.000358004,0.000788931,0.000358004,0.000788931
1780837958.421615124,11.492771151,-0.189380820,0.277320369,0.000358004,0.000788931,0.000358004,0.000788931
1780837958.441602468,11.492681024,-0.189358400,0.277336148,0.000358004,0.000788931,0.000358004,0.000788931
1780837958.461839437,11.492742405,-0.189279621,0.277351927,0.000358004,0.000788931,0.000358004,0.000788931
1780837958.481590033,11.492819773,-0.189286921,0.277367705,0.000358004,0.000788931,0.000358004,0.000788931
1780837958.501362801,11.492752790,-0.189229299,0.277382737,0.000420892,0.000751602,0.000420892,0.000751602
1780837958.521700144,11.492852593,-0.189135601,0.277397769,0.000420892,0.000751602,0.000420892,0.000751602
1780837958.541637182,11.492957704,-0.189140661,0.277412801,0.000420892,0.000751602,0.000420892,0.000751602
1780837958.561657190,11.492866135,-0.189170163,0.277427834,0.000420892,0.000751602,0.000420892,0.000751602
1780837958.581638575,11.492962025,-0.189094075,0.277442866,0.000420892,0.000751602,0.000420892,0.000751602
1780837958.601348639,11.492974136,-0.189010018,0.277457026,0.000244047,0.000708020,0.000244047,0.000708020
1780837958.621644974,11.492886061,-0.189102945,0.277471186,0.000244047,0.000708020,0.000244047,0.000708020
1780837958.641585588,11.492888823,-0.189101229,0.277485347,0.000244047,0.000708020,0.000244047,0.000708020
1780837958.661571980,11.492821274,-0.189180843,0.277499507,0.000244047,0.000708020,0.000244047,0.000708020
1780837958.681747913,11.492910012,-0.189213221,0.277513667,0.000244047,0.000708020,0.000244047,0.000708020
1780837958.701604605,11.492964473,-0.189146812,0.277527828,0.000244047,0.000708020,0.000244047,0.000708020
1780837958.721656322,11.493069910,-0.189229928,0.277542008,0.000299014,0.000709009,0.000299014,0.000709009
1780837958.741544724,11.492996051,-0.189146958,0.277556188,0.000299014,0.000709009,0.000299014,0.000709009
1780837958.761649132,11.492962079,-0.189217356,0.277570368,0.000299014,0.000709009,0.000299014,0.000709009
1780837958.781667471,11.492956045,-0.189225137,0.277584549,0.000299014,0.000709009,0.000299014,0.000709009
1780837958.801593781,11.492914441,-0.189221942,0.277598729,0.000299014,0.000709009,0.000299014,0.000709009
1780837958.821604490,11.492888026,-0.189223484,0.277613568,0.000149469,0.000741939,0.000149469,0.000741939
1780837958.841620684,11.492946370,-0.189172354,0.277628406,0.000149469,0.000741939,0.000149469,0.000741939
1780837958.861657381,11.492928627,-0.189203403,0.277643245,0.000149469,0.000741939,0.000149469,0.000741939
1780837958.881680489,11.492888986,-0.189292493,0.277658084,0.000149469,0.000741939,0.000149469,0.000741939
1780837958.901539564,11.492961324,-0.189230669,0.277672923,0.000149469,0.000741939,0.000149469,0.000741939
1780837958.921532869,11.492934180,-0.189194531,0.277687555,0.000183452,0.000731603,0.000183452,0.000731603
1780837958.941594124,11.492892533,-0.189214539,0.277702187,0.000183452,0.000731603,0.000183452,0.000731603
1780837958.961610317,11.492920850,-0.189222291,0.277716819,0.000183452,0.000731603,0.000183452,0.000731603
1780837958.981634140,11.492902343,-0.189204878,0.277731451,0.000183452,0.000731603,0.000183452,0.000731603
1780837959.001630783,11.493003990,-0.189136917,0.277746083,0.000183452,0.000731603,0.000183452,0.000731603
1780837959.021614075,11.492971556,-0.189055761,0.277760894,0.000198558,0.000740570,0.000198558,0.000740570
1780837959.041881323,11.492925758,-0.189052336,0.277775706,0.000198558,0.000740570,0.000198558,0.000740570
1780837959.061688423,11.492910247,-0.189033122,0.277790517,0.000198558,0.000740570,0.000198558,0.000740570
1780837959.081536055,11.492884276,-0.189081249,0.277805329,0.000198558,0.000740570,0.000198558,0.000740570
1780837959.101693869,11.492933939,-0.189107303,0.277818194,0.000149966,0.000643276,0.000149966,0.000643276
1780837959.121822834,11.492861995,-0.189180604,0.277831060,0.000149966,0.000643276,0.000149966,0.000643276
1780837959.141636848,11.492852353,-0.189193059,0.277843925,0.000149966,0.000643276,0.000149966,0.000643276
1780837959.161682844,11.492849932,-0.189117072,0.277856791,0.000149966,0.000643276,0.000149966,0.000643276
1780837959.181596756,11.492930390,-0.189142697,0.277869656,0.000149966,0.000643276,0.000149966,0.000643276
1780837959.201464176,11.492911769,-0.189078088,0.277882522,0.000149966,0.000643276,0.000149966,0.000643276
1780837959.221646786,11.492823939,-0.189120102,0.277896118,0.000246220,0.000679833,0.000246220,0.000679833
1780837959.241694450,11.492867524,-0.189049011,0.277909715,0.000246220,0.000679833,0.000246220,0.000679833
1780837959.261691809,11.492873561,-0.188986948,0.277923312,0.000246220,0.000679833,0.000246220,0.000679833
1780837959.281672716,11.492922870,-0.189014175,0.277936908,0.000246220,0.000679833,0.000246220,0.000679833
1780837959.301571369,11.492902690,-0.188969209,0.277950505,0.000246220,0.000679833,0.000246220,0.000679833
1780837959.321654797,11.492973368,-0.188901294,0.277962828,0.000177316,0.000616135,0.000177316,0.000616135
1780837959.341596603,11.492926764,-0.188978059,0.277975150,0.000177316,0.000616135,0.000177316,0.000616135
1780837959.361709595,11.493004352,-0.189015999,0.277987473,0.000177316,0.000616135,0.000177316,0.000616135
1780837959.381714106,11.492993255,-0.188939543,0.277999796,0.000177316,0.000616135,0.000177316,0.000616135
1780837959.401497364,11.493037227,-0.188841900,0.278012119,0.000177316,0.000616135,0.000177316,0.000616135
1780837959.421515226,11.493009681,-0.188877778,0.278025013,0.000036899,0.000644711,0.000036899,0.000644711
1780837959.441738844,11.493075729,-0.188947132,0.278037907,0.000036899,0.000644711,0.000036899,0.000644711
1780837959.461632490,11.493108620,-0.188957948,0.278050801,0.000036899,0.000644711,0.000036899,0.000644711
1780837959.481643438,11.493196943,-0.188951902,0.278063695,0.000036899,0.000644711,0.000036899,0.000644711
1780837959.501577377,11.493194029,-0.188936700,0.278076590,0.000036899,0.000644711,0.000036899,0.000644711
1780837959.521693707,11.493251391,-0.189012882,0.278089118,-0.000101204,0.000626417,-0.000101204,0.000626417
1780837959.541736603,11.493339570,-0.188992334,0.278101646,-0.000101204,0.000626417,-0.000101204,0.000626417
1780837959.561677217,11.493280480,-0.189074889,0.278114175,-0.000101204,0.000626417,-0.000101204,0.000626417
1780837959.581742287,11.493230126,-0.189167549,0.278126703,-0.000101204,0.000626417,-0.000101204,0.000626417
1780837959.601524830,11.493282295,-0.189187127,0.278140749,-0.000260365,0.000702306,-0.000260365,0.000702306
1780837959.621681452,11.493217989,-0.189241470,0.278154795,-0.000260365,0.000702306,-0.000260365,0.000702306
1780837959.641566277,11.493170561,-0.189236433,0.278168841,-0.000260365,0.000702306,-0.000260365,0.000702306
1780837959.661583900,11.493243241,-0.189200248,0.278182887,-0.000260365,0.000702306,-0.000260365,0.000702306
1780837959.681526184,11.493297603,-0.189190077,0.278196934,-0.000260365,0.000702306,-0.000260365,0.000702306
1780837959.701642036,11.493305482,-0.189115792,0.278210980,-0.000260365,0.000702306,-0.000260365,0.000702306
1780837959.721694708,11.493390945,-0.189034175,0.278226210,-0.000177224,0.000761523,-0.000177224,0.000761523
1780837959.741720676,11.493412630,-0.189096011,0.278241441,-0.000177224,0.000761523,-0.000177224,0.000761523
1780837959.761692762,11.493428574,-0.189032361,0.278256671,-0.000177224,0.000761523,-0.000177224,0.000761523
1780837959.781751394,11.493341635,-0.188976744,0.278271902,-0.000177224,0.000761523,-0.000177224,0.000761523
1780837959.801861048,11.493272913,-0.189020708,0.278285818,-0.000443541,0.000695828,-0.000443541,0.000695828
1780837959.821698666,11.493340639,-0.189081184,0.278299735,-0.000443541,0.000695828,-0.000443541,0.000695828
1780837959.841741323,11.493404612,-0.188992731,0.278313651,-0.000443541,0.000695828,-0.000443541,0.000695828
1780837959.861759186,11.493474967,-0.188966224,0.278327568,-0.000443541,0.000695828,-0.000443541,0.000695828
1780837959.881559134,11.493393215,-0.188929250,0.278341484,-0.000443541,0.000695828,-0.000443541,0.000695828
1780837959.901467323,11.493449713,-0.188893518,0.278355401,-0.000443541,0.000695828,-0.000443541,0.000695828
1780837959.921590328,11.493385375,-0.188886651,0.278368758,-0.000517906,0.000667849,-0.000517906,0.000667849
1780837959.941707373,11.493440441,-0.188856621,0.278382115,-0.000517906,0.000667849,-0.000517906,0.000667849
1780837959.961741209,11.493375575,-0.188902869,0.278395472,-0.000517906,0.000667849,-0.000517906,0.000667849
1780837959.981609583,11.493291774,-0.189005664,0.278408829,-0.000517906,0.000667849,-0.000517906,0.000667849
1780837960.001515150,11.493266044,-0.189048093,0.278422186,-0.000517906,0.000667849,-0.000517906,0.000667849
1780837960.021674395,11.493225541,-0.189030370,0.278434723,-0.000424357,0.000626884,-0.000424357,0.000626884
1780837960.041575193,11.493134855,-0.189089903,0.278447261,-0.000424357,0.000626884,-0.000424357,0.000626884
1780837960.061657429,11.493195304,-0.189159717,0.278459799,-0.000424357,0.000626884,-0.000424357,0.000626884
1780837960.081636667,11.493271453,-0.189123845,0.278472337,-0.000424357,0.000626884,-0.000424357,0.000626884
1780837960.101499796,11.493328559,-0.189117229,0.278484874,-0.000424357,0.000626884,-0.000424357,0.000626884
1780837960.121613026,11.493231784,-0.189136640,0.278499614,-0.000134855,0.000737000,-0.000134855,0.000737000
1780837960.141486645,11.493293839,-0.189038497,0.278514354,-0.000134855,0.000737000,-0.000134855,0.000737000
1780837960.161846161,11.493254120,-0.189013805,0.278529094,-0.000134855,0.000737000,-0.000134855,0.000737000
1780837960.181739330,11.493281057,-0.189064992,0.278543834,-0.000134855,0.000737000,-0.000134855,0.000737000
1780837960.201470375,11.493193354,-0.189005299,0.278558574,-0.000134855,0.000737000,-0.000249187,0.000669903
1780837960.221707344,11.493198978,-0.189076734,0.278571972,-0.000249187,0.000669903,-0.000249187,0.000669903
1780837960.241775513,11.493226275,-0.189003989,0.278585370,-0.000249187,0.000669903,-0.000249187,0.000669903
1780837960.261552572,11.493216018,-0.188964119,0.278598768,-0.000249187,0.000669903,-0.000249187,0.000669903
1780837960.281550646,11.493244759,-0.188888270,0.278612166,-0.000249187,0.000669903,-0.000249187,0.000669903
1780837960.301521778,11.493334776,-0.188791437,0.278625564,-0.000249187,0.000669903,-0.000249187,0.000669903
1780837960.321600914,11.493403175,-0.188758100,0.278638392,-0.000221465,0.000641396,-0.000221465,0.000641396
1780837960.341523886,11.493472622,-0.188780756,0.278651220,-0.000221465,0.000641396,-0.000221465,0.000641396
1780837960.361518383,11.493419505,-0.188733187,0.278664048,-0.000221465,0.000641396,-0.000221465,0.000641396
1780837960.381514788,11.493379814,-0.188716420,0.278676876,-0.000221465,0.000641396,-0.000221465,0.000641396
1780837960.401588202,11.493431211,-0.188734342,0.278687845,-0.000529163,0.000548457,-0.000529163,0.000548457
1780837960.421529055,11.493334303,-0.188761559,0.278698814,-0.000529163,0.000548457,-0.000529163,0.000548457
1780837960.441690207,11.493287420,-0.188808089,0.278709784,-0.000529163,0.000548457,-0.000529163,0.000548457
1780837960.461535215,11.493351168,-0.188721965,0.278720753,-0.000529163,0.000548457,-0.000529163,0.000548457
1780837960.481418848,11.493381082,-0.188694757,0.278731722,-0.000529163,0.000548457,-0.000529163,0.000548457
1780837960.501563549,11.493346111,-0.188676813,0.278742439,-0.000454442,0.000535838,-0.000454442,0.000535838
1780837960.521500349,11.493436667,-0.188732560,0.278753155,-0.000454442,0.000535838,-0.000454442,0.000535838
1780837960.541671515,11.493433142,-0.188677574,0.278763872,-0.000454442,0.000535838,-0.000454442,0.000535838
1780837960.561490536,11.493403118,-0.188770537,0.278774589,-0.000454442,0.000535838,-0.000454442,0.000535838
1780837960.581352234,11.493415650,-0.188681447,0.278785306,-0.000454442,0.000535838,-0.000454442,0.000535838
1780837960.601573467,11.493395677,-0.188607980,0.278796610,-0.000498157,0.000565230,-0.000498157,0.000565230
1780837960.621279001,11.493308475,-0.188626044,0.278807915,-0.000498157,0.000565230,-0.000498157,0.000565230
1780837960.641640902,11.493283321,-0.188682799,0.278819219,-0.000498157,0.000565230,-0.000498157,0.000565230
1780837960.661548376,11.493179598,-0.188775389,0.278830524,-0.000498157,0.000565230,-0.000498157,0.000565230
1780837960.681625366,11.493077017,-0.188836428,0.278841829,-0.000498157,0.000565230,-0.000498157,0.000565230
1780837960.701417923,11.493027136,-0.188913140,0.278853133,-0.000498157,0.000565230,-0.000498157,0.000565230
1780837960.721686840,11.493051106,-0.188858535,0.278864014,-0.000240467,0.000544044,-0.000240467,0.000544044
1780837960.741667509,11.493139499,-0.188937782,0.278874895,-0.000240467,0.000544044,-0.000240467,0.000544044
1780837960.761749268,11.493104287,-0.188996522,0.278885776,-0.000240467,0.000544044,-0.000240467,0.000544044
1780837960.781555891,11.493027859,-0.189065226,0.278896657,-0.000240467,0.000544044,-0.000240467,0.000544044
1780837960.801646233,11.492964412,-0.189081767,0.278907538,-0.000240467,0.000544044,-0.000240467,0.000544044
1780837960.821630478,11.492933643,-0.189039988,0.278920469,-0.000082557,0.000646591,-0.000082557,0.000646591
1780837960.841680288,11.493009488,-0.188963137,0.278933401,-0.000082557,0.000646591,-0.000082557,0.000646591
1780837960.861651182,11.492950080,-0.188933134,0.278946333,-0.000082557,0.000646591,-0.000082557,0.000646591
1780837960.881546497,11.492863989,-0.189028943,0.278959265,-0.000082557,0.000646591,-0.000082557,0.000646591
1780837960.901578903,11.492931063,-0.189038406,0.278971236,0.000073681,0.000598538,0.000073681,0.000598538
1780837960.921625137,11.492894713,-0.189119860,0.278983206,0.000073681,0.000598538,0.000073681,0.000598538
1780837960.941506624,11.492816082,-0.189126486,0.278995177,0.000073681,0.000598538,0.000073681,0.000598538
1780837960.961555481,11.492774727,-0.189149201,0.279007148,0.000073681,0.000598538,0.000073681,0.000598538
1780837960.981600761,11.492860932,-0.189206013,0.279019119,0.000073681,0.000598538,0.000073681,0.000598538
1780837961.001525402,11.492817292,-0.189160300,0.279031089,0.000073681,0.000598538,0.000073681,0.000598538
1780837961.021605015,11.492750070,-0.189080300,0.279044890,0.000344544,0.000690049,0.000344544,0.000690049
1780837961.041762114,11.492782249,-0.189123869,0.279058691,0.000344544,0.000690049,0.000344544,0.000690049
1780837961.061557055,11.492711908,-0.189202398,0.279072492,0.000344544,0.000690049,0.000344544,0.000690049
1780837961.081503153,11.492647975,-0.189109131,0.279086293,0.000344544,0.000690049,0.000344544,0.000690049
1780837961.101785421,11.492690954,-0.189202289,0.279100512,0.000433809,0.000710947,0.000433809,0.000710947
1780837961.121736288,11.492751292,-0.189276194,0.279114731,0.000433809,0.000710947,0.000433809,0.000710947
1780837961.141640425,11.492815113,-0.189361757,0.279128950,0.000433809,0.000710947,0.000433809,0.000710947
1780837961.161656618,11.492909697,-0.189420895,0.279143169,0.000433809,0.000710947,0.000433809,0.000710947
1780837961.181666851,11.492857866,-0.189510677,0.279157388,0.000433809,0.000710947,0.000433809,0.000710947
1780837961.201617956,11.492779374,-0.189515429,0.279171607,0.000433809,0.000710947,0.000277825,0.000843255
1780837961.221767426,11.492767640,-0.189563993,0.279188472,0.000277825,0.000843255,0.000277825,0.000843255
1780837961.241732121,11.492785545,-0.189632682,0.279205337,0.000277825,0.000843255,0.000277825,0.000843255
1780837961.261673689,11.492858027,-0.189621634,0.279222202,0.000277825,0.000843255,0.000277825,0.000843255
1780837961.281680346,11.492886121,-0.189617101,0.279239067,0.000277825,0.000843255,0.000277825,0.000843255
1780837961.301689863,11.492806756,-0.189616603,0.279255933,0.000277825,0.000843255,0.000277825,0.000843255
1780837961.321669579,11.492777199,-0.189530725,0.279274777,0.000401840,0.000942201,0.000401840,0.000942201
1780837961.341646194,11.492765214,-0.189562185,0.279293621,0.000401840,0.000942201,0.000401840,0.000942201
1780837961.361777306,11.492818942,-0.189538539,0.279312465,0.000401840,0.000942201,0.000401840,0.000942201
1780837961.381687403,11.492866189,-0.189443070,0.279331309,0.000401840,0.000942201,0.000401840,0.000942201
1780837961.401565790,11.492802307,-0.189500496,0.279350153,0.000401840,0.000942201,0.000401840,0.000942201
1780837961.421546698,11.492817649,-0.189435247,0.279368065,0.000420064,0.000895639,0.000420064,0.000895639
1780837961.441698074,11.492831249,-0.189440640,0.279385978,0.000420064,0.000895639,0.000420064,0.000895639
1780837961.461527586,11.492740304,-0.189461004,0.279403891,0.000420064,0.000895639,0.000420064,0.000895639
1780837961.481479406,11.492658493,-0.189488368,0.279421804,0.000420064,0.000895639,0.000420064,0.000895639
1780837961.501407385,11.492646237,-0.189416478,0.279438765,0.000485355,0.000848045,0.000485355,0.000848045
1780837961.521458864,11.492568316,-0.189387321,0.279455725,0.000485355,0.000848045,0.000485355,0.000848045
1780837961.541406155,11.492597914,-0.189348168,0.279472686,0.000485355,0.000848045,0.000485355,0.000848045
1780837961.561449289,11.492598443,-0.189395014,0.279489647,0.000485355,0.000848045,0.000485355,0.000848045
1780837961.581352234,11.492680392,-0.189427427,0.279506608,0.000485355,0.000848045,0.000485355,0.000848045
1780837961.601578712,11.492792215,-0.189358748,0.279522603,0.000626746,0.000799753,0.000626746,0.000799753
1780837961.621446609,11.492821723,-0.189265658,0.279538598,0.000626746,0.000799753,0.000626746,0.000799753
1780837961.641655207,11.492761419,-0.189291187,0.279554593,0.000626746,0.000799753,0.000626746,0.000799753
1780837961.661421537,11.492716330,-0.189340787,0.279570588,0.000626746,0.000799753,0.000626746,0.000799753
1780837961.681563616,11.492765013,-0.189350165,0.279586583,0.000626746,0.000799753,0.000626746,0.000799753
1780837961.701587915,11.492679213,-0.189363533,0.279602255,0.000474307,0.000783573,0.000474307,0.000783573
1780837961.721330166,11.492756019,-0.189263282,0.279617926,0.000474307,0.000783573,0.000474307,0.000783573
1780837961.741563320,11.492783638,-0.189357738,0.279633598,0.000474307,0.000783573,0.000474307,0.000783573
1780837961.761438608,11.492781164,-0.189417463,0.279649269,0.000474307,0.000783573,0.000474307,0.000783573
1780837961.781543493,11.492773001,-0.189369635,0.279664941,0.000474307,0.000783573,0.000474307,0.000783573
1780837961.801548481,11.492731004,-0.189392903,0.279680612,0.000474307,0.000783573,0.000474307,0.000783573
1780837961.821545839,11.492639192,-0.189317116,0.279697208,0.000424947,0.000829792,0.000424947,0.000829792
1780837961.841571569,11.492580323,-0.189407023,0.279713804,0.000424947,0.000829792,0.000424947,0.000829792
1780837961.861559629,11.492642044,-0.189396234,0.279730400,0.000424947,0.000829792,0.000424947,0.000829792
1780837961.881499290,11.492554593,-0.189326332,0.279746996,0.000424947,0.000829792,0.000424947,0.000829792
1780837961.901752234,11.492641879,-0.189242234,0.279763097,0.000577620,0.000805096,0.000577620,0.000805096
1780837961.921801805,11.492721699,-0.189175366,0.279779199,0.000577620,0.000805096,0.000577620,0.000805096
1780837961.941523790,11.492786794,-0.189222219,0.279795301,0.000577620,0.000805096,0.000577620,0.000805096
1780837961.961646080,11.492795287,-0.189138538,0.279811403,0.000577620,0.000805096,0.000577620,0.000805096
1780837961.981860876,11.492904642,-0.189210617,0.279827505,0.000577620,0.000805096,0.000577620,0.000805096
1780837962.001554012,11.492900084,-0.189134765,0.279843607,0.000577620,0.000805096,0.000577620,0.000805096
1780837962.021617413,11.492957270,-0.189173811,0.279857364,0.000318795,0.000687838,0.000318795,0.000687838
1780837962.041669130,11.493000843,-0.189183413,0.279871121,0.000318795,0.000687838,0.000318795,0.000687838
1780837962.061625719,11.493019679,-0.189234226,0.279884877,0.000318795,0.000687838,0.000318795,0.000687838
1780837962.081714869,11.492926474,-0.189175118,0.279898634,0.000318795,0.000687838,0.000318795,0.000687838
1780837962.101547956,11.492934626,-0.189183798,0.279912391,0.000318795,0.000687838,0.000318795,0.000687838
1780837962.121593714,11.492902981,-0.189108959,0.279927583,0.000092880,0.000759600,0.000092880,0.000759600
1780837962.141679525,11.492808994,-0.189039599,0.279942775,0.000092880,0.000759600,0.000092880,0.000759600
1780837962.161794662,11.492825274,-0.189073374,0.279957967,0.000092880,0.000759600,0.000092880,0.000759600
1780837962.181673765,11.492830677,-0.188991246,0.279973159,0.000092880,0.000759600,0.000092880,0.000759600
1780837962.201672792,11.492915380,-0.189067550,0.279988351,0.000092880,0.000759600,0.000092880,0.000759600
1780837962.221637964,11.492969964,-0.189030523,0.280001508,0.000263539,0.000657875,0.000263539,0.000657875
1780837962.241639137,11.493052379,-0.189094503,0.280014666,0.000263539,0.000657875,0.000263539,0.000657875
1780837962.261709929,11.493043525,-0.189058674,0.280027823,0.000263539,0.000657875,0.000263539,0.000657875
1780837962.281673908,11.493042125,-0.189115633,0.280040981,0.000263539,0.000657875,0.000263539,0.000657875
1780837962.301652670,11.493129189,-0.189149549,0.280054138,0.000263539,0.000657875,0.000263539,0.000657875
1780837962.321587801,11.493036304,-0.189205967,0.280067605,0.000008909,0.000673330,0.000008909,0.000673330
1780837962.341658592,11.493014925,-0.189169980,0.280081072,0.000008909,0.000673330,0.000008909,0.000673330
1780837962.361850262,11.493045095,-0.189239445,0.280094538,0.000008909,0.000673330,0.000008909,0.000673330
1780837962.381672621,11.493090004,-0.189196907,0.280108005,0.000008909,0.000673330,0.000008909,0.000673330
1780837962.401540279,11.493112957,-0.189270458,0.280121471,0.000008909,0.000673330,0.000008909,0.000673330
1780837962.421666145,11.493072587,-0.189306770,0.280136773,0.000065821,0.000765062,0.000065821,0.000765062
1780837962.441688299,11.493021400,-0.189243660,0.280152074,0.000065821,0.000765062,0.000065821,0.000765062
1780837962.461608648,11.493105480,-0.189237051,0.280167375,0.000065821,0.000765062,0.000065821,0.000765062
1780837962.481603384,11.493197895,-0.189286501,0.280182676,0.000065821,0.000765062,0.000065821,0.000765062
1780837962.501546860,11.493116421,-0.189259782,0.280197978,0.000065821,0.000765062,0.000065821,0.000765062
1780837962.521636724,11.493075006,-0.189163683,0.280213375,-0.000003994,0.000769863,-0.000003994,0.000769863
1780837962.541819572,11.492995099,-0.189234652,0.280228772,-0.000003994,0.000769863,-0.000003994,0.000769863
1780837962.561742544,11.492988174,-0.189294641,0.280244169,-0.000003994,0.000769863,-0.000003994,0.000769863
1780837962.581705809,11.493043721,-0.189246410,0.280259567,-0.000003994,0.000769863,-0.000003994,0.000769863
1780837962.601546764,11.492951976,-0.189222043,0.280274964,-0.000003994,0.000769863,-0.000003994,0.000769863
1780837962.621559858,11.493008448,-0.189198632,0.280290719,0.000149166,0.000787780,0.000149166,0.000787780
1780837962.641609430,11.492938784,-0.189282231,0.280306475,0.000149166,0.000787780,0.000149166,0.000787780
1780837962.661616802,11.492990294,-0.189344113,0.280322231,0.000149166,0.000787780,0.000149166,0.000787780
1780837962.681578159,11.493048787,-0.189245469,0.280337986,0.000149166,0.000787780,0.000149166,0.000787780
1780837962.701535702,11.492953199,-0.189211927,0.280353742,0.000149166,0.000787780,0.000149166,0.000787780
1780837962.721729279,11.493045299,-0.189140871,0.280370009,0.000162903,0.000813342,0.000162903,0.000813342
1780837962.741663218,11.493095196,-0.189133133,0.280386276,0.000162903,0.000813342,0.000162903,0.000813342
1780837962.761710644,11.493115791,-0.189214295,0.280402542,0.000162903,0.000813342,0.000162903,0.000813342
1780837962.781784534,11.493217609,-0.189190561,0.280418809,0.000162903,0.000813342,0.000162903,0.000813342
1780837962.801678419,11.493230019,-0.189128425,0.280435076,0.000162903,0.000813342,0.000162903,0.000813342
1780837962.821615696,11.493311712,-0.189122289,0.280450271,-0.000022765,0.000759721,-0.000022765,0.000759721
1780837962.841637373,11.493217261,-0.189040951,0.280465465,-0.000022765,0.000759721,-0.000022765,0.000759721
1780837962.861581564,11.493160446,-0.189083398,0.280480659,-0.000022765,0.000759721,-0.000022765,0.000759721
1780837962.881627083,11.493249471,-0.189135136,0.280495854,-0.000022765,0.000759721,-0.000022765,0.000759721
1780837962.901555538,11.493260934,-0.189106021,0.280511048,-0.000022765,0.000759721,-0.000022765,0.000759721
1780837962.921500683,11.493291854,-0.189093717,0.280525015,-0.000116254,0.000698359,-0.000116254,0.000698359
1780837962.941631317,11.493252902,-0.189073444,0.280538983,-0.000116254,0.000698359,-0.000116254,0.000698359
1780837962.961664677,11.493281516,-0.189109262,0.280552950,-0.000116254,0.000698359,-0.000116254,0.000698359
1780837962.981587172,11.493323549,-0.189024657,0.280566917,-0.000116254,0.000698359,-0.000116254,0.000698359
1780837963.001604080,11.493370407,-0.188948787,0.280580884,-0.000116254,0.000698359,-0.000116254,0.000698359
1780837963.021565676,11.493364429,-0.188988910,0.280595353,-0.000246391,0.000723438,-0.000246391,0.000723438
1780837963.041673899,11.493455767,-0.188904936,0.280609822,-0.000246391,0.000723438,-0.000246391,0.000723438
1780837963.061770916,11.493370701,-0.188866804,0.280624290,-0.000246391,0.000723438,-0.000246391,0.000723438
1780837963.081648111,11.493371679,-0.188826333,0.280638759,-0.000246391,0.000723438,-0.000246391,0.000723438
1780837963.101591825,11.493445144,-0.188737070,0.280653228,-0.000246391,0.000723438,-0.000246391,0.000723438
1780837963.121669054,11.493423737,-0.188694236,0.280665473,-0.000427223,0.000612250,-0.000427223,0.000612250
1780837963.141792059,11.493396495,-0.188637974,0.280677718,-0.000427223,0.000612250,-0.000427223,0.000612250
1780837963.161747217,11.493485054,-0.188653214,0.280689963,-0.000427223,0.000612250,-0.000427223,0.000612250
1780837963.181698322,11.493432890,-0.188614178,0.280702208,-0.000427223,0.000612250,-0.000427223,0.000612250
1780837963.201475382,11.493509173,-0.188579786,0.280712603,-0.000627654,0.000519762,-0.000627654,0.000519762
1780837963.221668959,11.493415257,-0.188508959,0.280722998,-0.000627654,0.000519762,-0.000627654,0.000519762
1780837963.241688013,11.493416338,-0.188483495,0.280733394,-0.000627654,0.000519762,-0.000627654,0.000519762
1780837963.261722326,11.493450985,-0.188442422,0.280743789,-0.000627654,0.000519762,-0.000627654,0.000519762
1780837963.281547546,11.493481373,-0.188506805,0.280754184,-0.000627654,0.000519762,-0.000627654,0.000519762
1780837963.301458120,11.493531437,-0.188517131,0.280762461,-0.000657432,0.000413861,-0.000657432,0.000413861
1780837963.321590185,11.493590720,-0.188507392,0.280770739,-0.000657432,0.000413861,-0.000657432,0.000413861
1780837963.341498852,11.493662411,-0.188573122,0.280779016,-0.000657432,0.000413861,-0.000657432,0.000413861
1780837963.361492157,11.493711283,-0.188662999,0.280787293,-0.000657432,0.000413861,-0.000657432,0.000413861
1780837963.381475210,11.493791868,-0.188602692,0.280795570,-0.000657432,0.000413861,-0.000657432,0.000413861
1780837963.401569128,11.493833404,-0.188674641,0.280803847,-0.000657432,0.000413861,-0.000657432,0.000413861
1780837963.421467304,11.493883819,-0.188637615,0.280814814,-0.000883341,0.000548342,-0.000883341,0.000548342
1780837963.441730738,11.493966792,-0.188665964,0.280825781,-0.000883341,0.000548342,-0.000883341,0.000548342
1780837963.461629868,11.493978338,-0.188719405,0.280836748,-0.000883341,0.000548342,-0.000883341,0.000548342
1780837963.481625319,11.493870968,-0.188739804,0.280847715,-0.000883341,0.000548342,-0.000883341,0.000548342
1780837963.501718521,11.493873513,-0.188802175,0.280858682,-0.000883341,0.000548342,-0.000883341,0.000548342
1780837963.521748781,11.493815899,-0.188836278,0.280870722,-0.001170648,0.000602020,-0.001170648,0.000602020
1780837963.541590691,11.493822302,-0.188934117,0.280882762,-0.001170648,0.000602020,-0.001170648,0.000602020
1780837963.561596394,11.493781557,-0.188989652,0.280894803,-0.001170648,0.000602020,-0.001170648,0.000602020
1780837963.581640720,11.493670593,-0.189028907,0.280906843,-0.001170648,0.000602020,-0.001170648,0.000602020
1780837963.601352692,11.493737289,-0.189073173,0.280921103,-0.000857306,0.000712973,-0.000857306,0.000712973
1780837963.621728659,11.493811298,-0.189090313,0.280935362,-0.000857306,0.000712973,-0.000857306,0.000712973
1780837963.641568661,11.493718576,-0.189064131,0.280949622,-0.000857306,0.000712973,-0.000857306,0.000712973
1780837963.661728859,11.493717906,-0.188979591,0.280963881,-0.000857306,0.000712973,-0.000857306,0.000712973
1780837963.681719780,11.493788206,-0.188928652,0.280978141,-0.000857306,0.000712973,-0.000857306,0.000712973
1780837963.701666832,11.493841359,-0.188874335,0.280992400,-0.000857306,0.000712973,-0.000857306,0.000712973
1780837963.721585989,11.493921059,-0.188907500,0.281006445,-0.000787572,0.000702253,-0.000787572,0.000702253
1780837963.741726398,11.493986402,-0.188948344,0.281020490,-0.000787572,0.000702253,-0.000787572,0.000702253
1780837963.761653900,11.493996146,-0.188882483,0.281034535,-0.000787572,0.000702253,-0.000787572,0.000702253
1780837963.781672001,11.494043108,-0.188829779,0.281048580,-0.000787572,0.000702253,-0.000787572,0.000702253
1780837963.801543713,11.494057445,-0.188790470,0.281062625,-0.000787572,0.000702253,-0.000787572,0.000702253
1780837963.821445704,11.494059885,-0.188841369,0.281076258,-0.001137645,0.000681643,-0.001137645,0.000681643
1780837963.841565371,11.494088340,-0.188937555,0.281089891,-0.001137645,0.000681643,-0.001137645,0.000681643
1780837963.861691713,11.493968997,-0.188885016,0.281103524,-0.001137645,0.000681643,-0.001137645,0.000681643
1780837963.881593227,11.493942151,-0.188924118,0.281117157,-0.001137645,0.000681643,-0.001137645,0.000681643
1780837963.901477337,11.493983090,-0.188987146,0.281130790,-0.001137645,0.000681643,-0.001137645,0.000681643
1780837963.921677589,11.493867127,-0.189025857,0.281144399,-0.001105620,0.000680467,-0.001105620,0.000680467
1780837963.941597462,11.493765157,-0.189086667,0.281158008,-0.001105620,0.000680467,-0.001105620,0.000680467
1780837963.961759090,11.493666073,-0.189055966,0.281171618,-0.001105620,0.000680467,-0.001105620,0.000680467
1780837963.981569767,11.493585157,-0.189106286,0.281185227,-0.001105620,0.000680467,-0.001105620,0.000680467
1780837964.001676798,11.493654622,-0.189192732,0.281198836,-0.001105620,0.000680467,-0.001105620,0.000680467
1780837964.021618366,11.493587520,-0.189223622,0.281213535,-0.000703027,0.000734941,-0.000703027,0.000734941
1780837964.041663647,11.493607660,-0.189280258,0.281228234,-0.000703027,0.000734941,-0.000703027,0.000734941
1780837964.061676502,11.493594411,-0.189358728,0.281242933,-0.000703027,0.000734941,-0.000703027,0.000734941
1780837964.081672192,11.493484099,-0.189294562,0.281257632,-0.000703027,0.000734941,-0.000703027,0.000734941
1780837964.101471186,11.493546649,-0.189302743,0.281272331,-0.000703027,0.000734941,-0.000703027,0.000734941
1780837964.121732950,11.493559588,-0.189208316,0.281289880,-0.000522496,0.000877452,-0.000522496,0.000877452
1780837964.141814947,11.493531695,-0.189163927,0.281307429,-0.000522496,0.000877452,-0.000522496,0.000877452
1780837964.161762238,11.493469855,-0.189227412,0.281324978,-0.000522496,0.000877452,-0.000522496,0.000877452
1780837964.181716681,11.493444557,-0.189323968,0.281342527,-0.000522496,0.000877452,-0.000522496,0.000877452
1780837964.201534033,11.493428109,-0.189375628,0.281360076,-0.000522496,0.000877452,-0.000522496,0.000877452
1780837964.221716881,11.493492515,-0.189448608,0.281376103,-0.000422322,0.000801388,-0.000422322,0.000801388
1780837964.241659164,11.493411410,-0.189468016,0.281392131,-0.000422322,0.000801388,-0.000422322,0.000801388
1780837964.261703491,11.493391055,-0.189380613,0.281408159,-0.000422322,0.000801388,-0.000422322,0.000801388
1780837964.281685352,11.493397877,-0.189475748,0.281424187,-0.000422322,0.000801388,-0.000422322,0.000801388
1780837964.301556110,11.493386005,-0.189571332,0.281440215,-0.000422322,0.000801388,-0.000422322,0.000801388
1780837964.321713448,11.493301355,-0.189622546,0.281457629,-0.000282162,0.000870727,-0.000282162,0.000870727
1780837964.341734409,11.493346988,-0.189526326,0.281475044,-0.000282162,0.000870727,-0.000282162,0.000870727
1780837964.361647129,11.493402957,-0.189581934,0.281492458,-0.000282162,0.000870727,-0.000282162,0.000870727
1780837964.381725550,11.493413098,-0.189556102,0.281509873,-0.000282162,0.000870727,-0.000282162,0.000870727
1780837964.401462078,11.493499712,-0.189608003,0.281527287,-0.000282162,0.000870727,-0.000282162,0.000870727
1780837964.421630144,11.493518336,-0.189675852,0.281546747,-0.000230322,0.000972990,-0.000230322,0.000972990
1780837964.441608667,11.493562380,-0.189683015,0.281566207,-0.000230322,0.000972990,-0.000230322,0.000972990
1780837964.461769819,11.493525462,-0.189603422,0.281585667,-0.000230322,0.000972990,-0.000230322,0.000972990
1780837964.481747627,11.493461171,-0.189610385,0.281605126,-0.000230322,0.000972990,-0.000230322,0.000972990
1780837964.501602888,11.493411970,-0.189666326,0.281624586,-0.000230322,0.000972990,-0.000230322,0.000972990
1780837964.521667242,11.493502247,-0.189649796,0.281644468,-0.000363459,0.000994070,-0.000363459,0.000994070
1780837964.541778803,11.493579798,-0.189626767,0.281664349,-0.000363459,0.000994070,-0.000363459,0.000994070
1780837964.561684847,11.493642866,-0.189649981,0.281684230,-0.000363459,0.000994070,-0.000363459,0.000994070
1780837964.581748724,11.493655293,-0.189552717,0.281704112,-0.000363459,0.000994070,-0.000363459,0.000994070
1780837964.601564884,11.493675001,-0.189504607,0.281723993,-0.000363459,0.000994070,-0.000363459,0.000994070
1780837964.621650219,11.493691053,-0.189565642,0.281744531,-0.000482620,0.001026881,-0.000482620,0.001026881
1780837964.641734362,11.493724901,-0.189629981,0.281765068,-0.000482620,0.001026881,-0.000482620,0.001026881
1780837964.661704302,11.493755691,-0.189657600,0.281785606,-0.000482620,0.001026881,-0.000482620,0.001026881
1780837964.681766033,11.493815846,-0.189620332,0.281806144,-0.000482620,0.001026881,-0.000482620,0.001026881
1780837964.701514721,11.493711867,-0.189593153,0.281826935,-0.000609137,0.001039573,-0.000609137,0.001039573
1780837964.721704483,11.493607558,-0.189514892,0.281847727,-0.000609137,0.001039573,-0.000609137,0.001039573
1780837964.741662025,11.493657385,-0.189497655,0.281868518,-0.000609137,0.001039573,-0.000609137,0.001039573
1780837964.761879206,11.493554143,-0.189451969,0.281889310,-0.000609137,0.001039573,-0.000609137,0.001039573
1780837964.781725883,11.493453727,-0.189449548,0.281910101,-0.000609137,0.001039573,-0.000609137,0.001039573
1780837964.801581621,11.493395754,-0.189452482,0.281928528,-0.000444750,0.000921372,-0.000444750,0.000921372
1780837964.821673155,11.493456673,-0.189432876,0.281946956,-0.000444750,0.000921372,-0.000444750,0.000921372
1780837964.841723442,11.493365655,-0.189380373,0.281965383,-0.000444750,0.000921372,-0.000444750,0.000921372
1780837964.861714363,11.493347690,-0.189385491,0.281983811,-0.000444750,0.000921372,-0.000444750,0.000921372
1780837964.881726265,11.493288918,-0.189368653,0.282002238,-0.000444750,0.000921372,-0.000444750,0.000921372
1780837964.901587486,11.493325532,-0.189453477,0.282020666,-0.000444750,0.000921372,-0.000444750,0.000921372
1780837964.921723127,11.493410528,-0.189356443,0.282038070,-0.000229751,0.000870210,-0.000229751,0.000870210
1780837964.941586256,11.493453941,-0.189443433,0.282055474,-0.000229751,0.000870210,-0.000229751,0.000870210
1780837964.961710691,11.493424839,-0.189511598,0.282072878,-0.000229751,0.000870210,-0.000229751,0.000870210
1780837964.981775522,11.493357206,-0.189464752,0.282090282,-0.000229751,0.000870210,-0.000229751,0.000870210
1780837965.001468897,11.493441858,-0.189483868,0.282107687,-0.000229751,0.000870210,-0.000229751,0.000870210
1780837965.021800041,11.493498921,-0.189473571,0.282126495,-0.000276910,0.000940435,-0.000276910,0.000940435
1780837965.041515350,11.493449858,-0.189406420,0.282145304,-0.000276910,0.000940435,-0.000276910,0.000940435
1780837965.061734915,11.493475907,-0.189338716,0.282164113,-0.000276910,0.000940435,-0.000276910,0.000940435
1780837965.081671000,11.493423373,-0.189339662,0.282182921,-0.000276910,0.000940435,-0.000276910,0.000940435
1780837965.101530790,11.493365350,-0.189415218,0.282201730,-0.000276910,0.000940435,-0.000276910,0.000940435
1780837965.121732712,11.493292718,-0.189411757,0.282218903,-0.000391416,0.000858647,-0.000391416,0.000858647
1780837965.141762733,11.493278500,-0.189451427,0.282236076,-0.000391416,0.000858647,-0.000391416,0.000858647
1780837965.161726236,11.493185459,-0.189469271,0.282253249,-0.000391416,0.000858647,-0.000391416,0.000858647
1780837965.181636572,11.493258694,-0.189547906,0.282270422,-0.000391416,0.000858647,-0.000391416,0.000858647
1780837965.201642275,11.493266551,-0.189576408,0.282287595,-0.000391416,0.000858647,-0.000391416,0.000858647
1780837965.221506357,11.493273867,-0.189575315,0.282305559,-0.000016184,0.000898227,-0.000016184,0.000898227
1780837965.241678476,11.493361326,-0.189640333,0.282323524,-0.000016184,0.000898227,-0.000016184,0.000898227
1780837965.261780024,11.493311975,-0.189541606,0.282341488,-0.000016184,0.000898227,-0.000016184,0.000898227
1780837965.281660318,11.493227833,-0.189491589,0.282359453,-0.000016184,0.000898227,-0.000016184,0.000898227
1780837965.301661253,11.493244708,-0.189441668,0.282377417,-0.000016184,0.000898227,-0.000016184,0.000898227
1780837965.321567774,11.493270232,-0.189386247,0.282396342,-0.000137328,0.000946242,-0.000137328,0.000946242
1780837965.341764927,11.493278409,-0.189287487,0.282415267,-0.000137328,0.000946242,-0.000137328,0.000946242
1780837965.361775160,11.493362224,-0.189323464,0.282434192,-0.000137328,0.000946242,-0.000137328,0.000946242
1780837965.381754160,11.493453849,-0.189409238,0.282453117,-0.000137328,0.000946242,-0.000137328,0.000946242
1780837965.401593685,11.493444058,-0.189391489,0.282472042,-0.000137328,0.000946242,-0.000137328,0.000946242
1780837965.421892166,11.493531998,-0.189435630,0.282488865,-0.000265694,0.000841174,-0.000265694,0.000841174
1780837965.441622496,11.493622033,-0.189467344,0.282505689,-0.000265694,0.000841174,-0.000265694,0.000841174
1780837965.461611986,11.493576813,-0.189379050,0.282522512,-0.000265694,0.000841174,-0.000265694,0.000841174
1780837965.481626272,11.493606099,-0.189363363,0.282539336,-0.000265694,0.000841174,-0.000265694,0.000841174
1780837965.501581907,11.493655413,-0.189404309,0.282557099,-0.000493077,0.000888184,-0.000493077,0.000888184
1780837965.521599293,11.493650176,-0.189450974,0.282574863,-0.000493077,0.000888184,-0.000493077,0.000888184
1780837965.541514158,11.493648124,-0.189455144,0.282592627,-0.000493077,0.000888184,-0.000493077,0.000888184
1780837965.561618328,11.493704415,-0.189401227,0.282610390,-0.000493077,0.000888184,-0.000493077,0.000888184
1780837965.581582546,11.493646567,-0.189422406,0.282628154,-0.000493077,0.000888184,-0.000493077,0.000888184
1780837965.601298571,11.493690038,-0.189471691,0.282645918,-0.000493077,0.000888184,-0.000493077,0.000888184
1780837965.621526241,11.493762098,-0.189408923,0.282664122,-0.000631760,0.000910215,-0.000631760,0.000910215
1780837965.641500473,11.493698277,-0.189368908,0.282682326,-0.000631760,0.000910215,-0.000631760,0.000910215
1780837965.661592007,11.493654848,-0.189341867,0.282700530,-0.000631760,0.000910215,-0.000631760,0.000910215
1780837965.681466818,11.493620038,-0.189369852,0.282718735,-0.000631760,0.000910215,-0.000631760,0.000910215
1780837965.701545715,11.493664273,-0.189461688,0.282736272,-0.000594162,0.000876876,-0.000594162,0.000876876
1780837965.721577883,11.493557908,-0.189429725,0.282753810,-0.000594162,0.000876876,-0.000594162,0.000876876
1780837965.741560936,11.493585820,-0.189485173,0.282771347,-0.000594162,0.000876876,-0.000594162,0.000876876
1780837965.761840105,11.493636999,-0.189535169,0.282788885,-0.000594162,0.000876876,-0.000594162,0.000876876
1780837965.781698704,11.493599277,-0.189567776,0.282806422,-0.000594162,0.000876876,-0.000594162,0.000876876
1780837965.801548004,11.493491159,-0.189667205,0.282823960,-0.000594162,0.000876876,-0.000594162,0.000876876
1780837965.821618080,11.493469475,-0.189662613,0.282843384,-0.000510572,0.000971196,-0.000510572,0.000971196
1780837965.841777086,11.493557322,-0.189675577,0.282862808,-0.000510572,0.000971196,-0.000510572,0.000971196
1780837965.861758709,11.493467157,-0.189626051,0.282882232,-0.000510572,0.000971196,-0.000510572,0.000971196
1780837965.881716251,11.493504859,-0.189639612,0.282901656,-0.000510572,0.000971196,-0.000510572,0.000971196
1780837965.901632309,11.493401633,-0.189703302,0.282921080,-0.000510572,0.000971196,-0.000286320,0.001002818
1780837965.921644449,11.493374724,-0.189685834,0.282941136,-0.000286320,0.001002818,-0.000286320,0.001002818
1780837965.941705704,11.493352333,-0.189777746,0.282961192,-0.000286320,0.001002818,-0.000286320,0.001002818
1780837965.961679459,11.493431735,-0.189725937,0.282981249,-0.000286320,0.001002818,-0.000286320,0.001002818
1780837965.981631994,11.493360532,-0.189651587,0.283001305,-0.000286320,0.001002818,-0.000286320,0.001002818
1780837966.001648188,11.493315718,-0.189642981,0.283021361,-0.000286320,0.001002818,-0.000286320,0.001002818
1780837966.021615982,11.493224254,-0.189740300,0.283042370,-0.000213034,0.001050436,-0.000213034,0.001050436
1780837966.041676044,11.493297391,-0.189828325,0.283063379,-0.000213034,0.001050436,-0.000213034,0.001050436
1780837966.061832905,11.493227265,-0.189739996,0.283084387,-0.000213034,0.001050436,-0.000213034,0.001050436
1780837966.081777573,11.493318310,-0.189664234,0.283105396,-0.000213034,0.001050436,-0.000213034,0.001050436
1780837966.101672649,11.493299467,-0.189569655,0.283126216,0.000025903,0.001040996,0.000025903,0.001040996
