scenario,context_level,method,step,time,robot_x,robot_y,robot_vx,robot_vy,robot_theta,human_x,human_y,human_vx,human_vy,human_type,motion_state,attention_state,ttc,head_on_factor,crowding_factor,distance,clearance,beta_candidate,beta_final,beta_requested,beta_applied,beta_dynamic,beta_cbf,delta_beta,h_standard,h_ee,h_see,h_cbf,slack,controller_type,horizon_steps,predicted_min_h,solver_success,solver_backend,solver_status,solver_iterations,solve_time_ms,active_constraints,min_cbf_value,guard_status,guard_active,u_ref_x,u_ref_y,cmd_vx,cmd_vy,cmd_v,cmd_omega,speed,command_step,path_length,goal_error
head_on,context_bl,Standard MPC-CBF,0,0.000,-2.200000,0.000000,0.000000,0.000000,0.000000,2.000000,0.080000,-0.500000,0.000000,unknown,walking,unknown,7.202830,1.000000,0.000000,4.200762,3.600762,0.000000,0.000000,0.000000,0.000000,0.000000,0.000000,0.000000,3.600762,3.600762,3.600762,3.600762,0.000000,horizon_mpc_secbf,8,2.624927,true,osqp,optimal,75,37.172959,0,2.479948,geometric,false,0.750000,0.000000,0.621017,-0.000000,,,0.621017,0.621017,0.062102,4.400000
head_on,context_bl,Standard MPC-CBF,1,0.100,-2.137898,-0.000000,0.621017,-0.000000,-0.000000,1.950000,0.080000,-0.500000,0.000000,unknown,walking,unknown,3.112664,1.000000,0.000000,4.088681,3.488681,0.000000,0.000000,0.000000,0.000000,0.000000,0.000000,0.000000,3.488681,3.488681,3.488681,3.488681,0.000000,horizon_mpc_secbf,8,2.501408,true,osqp,optimal,75,5.560358,0,2.262815,geometric,false,0.750000,0.000000,0.726100,-0.000000,,,0.726100,0.105084,0.134712,4.337898
head_on,context_bl,Standard MPC-CBF,2,0.200,-2.065288,-0.000000,0.726100,-0.000000,-0.000000,1.900000,0.080000,-0.500000,0.000000,unknown,walking,unknown,2.745926,1.000000,0.000000,3.966095,3.366095,0.000000,0.000000,0.000000,0.000000,0.000000,0.000000,0.000000,3.366095,3.366095,3.366095,3.366095,0.000000,horizon_mpc_secbf,8,2.377892,true,osqp,optimal,75,5.293322,0,2.130758,geometric,false,0.750000,0.000000,0.735588,-0.000000,,,0.735588,0.009488,0.208271,4.265288
head_on,context_bl,Standard MPC-CBF,3,0.300,-1.991729,-0.000000,0.735588,-0.000000,-0.000000,1.850000,0.080000,-0.500000,0.000000,unknown,walking,unknown,2.624875,1.000000,0.000000,3.842562,3.242562,0.000000,0.000000,0.000000,0.000000,0.000000,0.000000,0.000000,3.242562,3.242562,3.242562,3.242562,0.000000,horizon_mpc_secbf,8,2.254380,true,osqp,optimal,75,4.419251,0,2.007242,geometric,false,0.750000,0.000000,0.735588,-0.000000,,,0.735588,0.000000,0.281829,4.191729
head_on,context_bl,Standard MPC-CBF,4,0.400,-1.918171,-0.000000,0.735588,-0.000000,-0.000000,1.800000,0.080000,-0.500000,0.000000,unknown,walking,unknown,2.524913,1.000000,0.000000,3.719031,3.119031,0.000000,0.000000,0.000000,0.000000,0.000000,0.000000,0.000000,3.119031,3.119031,3.119031,3.119031,0.000000,horizon_mpc_secbf,8,2.130872,true,osqp,optimal,75,4.558690,0,1.883729,geometric,false,0.750000,0.000000,0.735588,-0.000000,,,0.735588,0.000000,0.355388,4.118171
head_on,context_bl,Standard MPC-CBF,5,0.500,-1.844612,-0.000000,0.735588,-0.000000,-0.000000,1.750000,0.080000,-0.500000,0.000000,unknown,walking,unknown,2.424953,1.000000,0.000000,3.595502,2.995502,0.000000,0.000000,0.000000,0.000000,0.000000,0.000000,0.000000,2.995502,2.995502,2.995502,2.995502,0.000000,horizon_mpc_secbf,8,2.007368,true,osqp,optimal,75,4.931098,0,1.760219,geometric,false,0.750000,0.000000,0.735588,-0.000000,,,0.735588,0.000000,0.428947,4.044612
head_on,context_bl,Standard MPC-CBF,6,0.600,-1.771053,-0.000000,0.735588,-0.000000,-0.000000,1.700000,0.080000,-0.500000,0.000000,unknown,walking,unknown,2.324995,1.000000,0.000000,3.471975,2.871975,0.000000,0.000000,0.000000,0.000000,0.000000,0.000000,0.000000,2.871975,2.871975,2.871975,2.871975,0.000000,horizon_mpc_secbf,8,1.883871,true,osqp,optimal,75,3.358668,0,1.636714,geometric,false,0.750000,0.000000,0.735588,-0.000000,,,0.735588,0.000000,0.502506,3.971053
head_on,context_bl,Standard MPC-CBF,7,0.700,-1.697494,-0.000000,0.735588,-0.000000,-0.000000,1.650000,0.080000,-0.500000,0.000000,unknown,walking,unknown,2.225041,1.000000,0.000000,3.348450,2.748450,0.000000,0.000000,0.000000,0.000000,0.000000,0.000000,0.000000,2.748450,2.748450,2.748450,2.748450,0.000000,horizon_mpc_secbf,8,1.760379,true,osqp,optimal,75,4.236723,0,1.513214,geometric,false,0.750000,0.000000,0.735588,-0.000000,,,0.735588,0.000000,0.576065,3.897494
head_on,context_bl,Standard MPC-CBF,8,0.800,-1.623935,-0.000000,0.735588,-0.000000,-0.000000,1.600000,0.080000,-0.500000,0.000000,unknown,walking,unknown,2.125089,1.000000,0.000000,3.224928,2.624928,0.000000,0.000000,0.000000,0.000000,0.000000,0.000000,0.000000,2.624928,2.624928,2.624928,2.624928,0.000000,horizon_mpc_secbf,8,1.636895,true,osqp,optimal,75,4.887445,0,1.389720,geometric,false,0.750000,0.000000,0.735588,-0.000000,,,0.735588,0.000000,0.649624,3.823935
head_on,context_bl,Standard MPC-CBF,9,0.900,-1.550376,-0.000000,0.735588,-0.000000,-0.000000,1.550000,0.080000,-0.500000,0.000000,unknown,walking,unknown,2.025141,1.000000,0.000000,3.101408,2.501408,0.000000,0.000000,0.000000,0.000000,0.000000,0.000000,0.000000,2.501408,2.501408,2.501408,2.501408,0.000000,horizon_mpc_secbf,8,1.513420,true,osqp,optimal,75,4.633958,0,1.266231,geometric,false,0.750000,0.000000,0.735588,-0.000000,,,0.735588,0.000000,0.723182,3.750376
head_on,context_bl,Standard MPC-CBF,10,1.000,-1.476818,-0.000000,0.735588,-0.000000,-0.000000,1.500000,0.080000,-0.500000,0.000000,unknown,walking,unknown,1.925197,1.000000,0.000000,2.977892,2.377892,0.000000,0.000000,0.000000,0.000000,0.000000,0.000000,0.000000,2.377892,2.377892,2.377892,2.377892,0.000000,horizon_mpc_secbf,8,1.389955,true,osqp,optimal,75,4.447927,0,1.142750,geometric,false,0.750000,0.000000,0.735588,-0.000000,,,0.735588,0.000000,0.796741,3.676818
head_on,context_bl,Standard MPC-CBF,11,1.100,-1.403259,-0.000000,0.735588,-0.000000,-0.000000,1.450000,0.080000,-0.500000,0.000000,adult,walking,attentive,1.825257,1.000000,0.000000,2.854380,2.254380,0.000000,0.000000,0.000000,0.000000,0.000000,0.000000,0.000000,2.254380,2.254380,2.254380,2.254380,0.000000,horizon_mpc_secbf,8,1.266503,true,osqp,optimal,75,3.564267,0,1.019277,geometric,false,0.750000,0.000000,0.735588,-0.000000,,,0.735588,0.000000,0.870300,3.603259
head_on,context_bl,Standard MPC-CBF,12,1.200,-1.329700,-0.000000,0.735588,-0.000000,-0.000000,1.400000,0.080000,-0.500000,0.000000,adult,walking,attentive,1.725321,1.000000,0.000000,2.730872,2.130872,0.000000,0.000000,0.000000,0.000000,0.000000,0.000000,0.000000,2.130872,2.130872,2.130872,2.130872,0.000000,horizon_mpc_secbf,8,1.143154,true,osqp,optimal,75,3.145867,0,0.895814,geometric,false,0.750000,0.000000,0.735588,-0.000000,,,0.735588,0.000000,0.943859,3.529700
head_on,context_bl,Standard MPC-CBF,13,1.300,-1.256141,-0.000000,0.735588,-0.000000,-0.000000,1.350000,0.080000,-0.500000,0.000000,adult,walking,attentive,1.625391,1.000000,0.000000,2.607369,2.007369,0.000000,0.000000,0.000000,0.000000,0.000000,0.000000,0.000000,2.007369,2.007369,2.007369,2.007369,0.000000,horizon_mpc_secbf,8,1.020017,true,osqp,optimal,75,3.602166,0,0.772362,geometric,false,0.750000,0.000000,0.735588,-0.000001,,,0.735588,0.000000,1.017418,3.456141
head_on,context_bl,Standard MPC-CBF,14,1.400,-1.182582,-0.000000,0.735588,-0.000001,-0.000001,1.300000,0.080000,-0.500000,0.000000,adult,walking,attentive,1.525467,1.000000,0.000000,2.483871,1.883871,0.000000,0.000000,0.000000,0.000000,0.000000,0.000000,0.000000,1.883871,1.883871,1.883871,1.883871,0.000000,horizon_mpc_secbf,8,0.897179,true,osqp,optimal,75,3.181546,0,0.648924,geometric,false,0.750000,0.000000,0.735588,-0.000003,,,0.735588,0.000003,1.090977,3.382582
head_on,context_bl,Standard MPC-CBF,15,1.500,-1.109023,-0.000000,0.735588,-0.000003,-0.000004,1.250000,0.080000,-0.500000,0.000000,adult,walking,attentive,1.425549,1.000000,0.000000,2.360380,1.760380,0.000000,0.000000,0.000000,0.000000,0.000000,0.000000,0.000000,1.760380,1.760380,1.760380,1.760380,0.000000,horizon_mpc_secbf,8,0.774778,true,osqp,optimal,75,4.377370,0,0.525502,geometric,false,0.750000,0.000000,0.735588,-0.000018,,,0.735588,0.000015,1.164535,3.309023
head_on,context_bl,Standard MPC-CBF,16,1.600,-1.035465,-0.000002,0.735588,-0.000018,-0.000025,1.200000,0.080000,-0.500000,0.000000,adult,walking,attentive,1.325639,1.000000,0.000000,2.236896,1.636896,0.000000,0.000000,0.000000,0.000000,0.000000,0.000000,0.000000,1.636896,1.636896,1.636896,1.636896,0.000000,horizon_mpc_secbf,8,0.653134,true,osqp,optimal,75,4.989302,0,0.402102,geometric,false,0.750000,0.000001,0.735588,-0.000106,,,0.735588,0.000087,1.238094,3.235465
head_on,context_bl,Standard MPC-CBF,17,1.700,-0.961906,-0.000013,0.735588,-0.000106,-0.000143,1.150000,0.080000,-0.500000,0.000000,adult,walking,attentive,1.225742,1.000000,0.000000,2.113421,1.513421,0.000000,0.000000,0.000000,0.000000,0.000000,0.000000,0.000000,1.513421,1.513421,1.513421,1.513421,0.000000,horizon_mpc_secbf,8,0.533724,true,osqp,optimal,75,4.743134,0,0.278742,geometric,false,0.750000,0.000003,0.735588,-0.000605,,,0.735588,0.000499,1.311653,3.161906
head_on,context_bl,Standard MPC-CBF,18,1.800,-0.888347,-0.000073,0.735588,-0.000605,-0.000822,1.100000,0.080000,-0.500000,0.000000,adult,walking,attentive,1.125871,1.000000,0.000000,1.989959,1.389959,0.000000,0.000000,0.000000,0.000000,0.000000,0.000000,0.000000,1.389959,1.389959,1.389959,1.389959,0.000000,horizon_mpc_secbf,8,0.416973,true,osqp,optimal,75,3.789222,0,0.155511,geometric,false,0.750000,0.000018,0.735588,-0.003465,,,0.735596,0.002860,1.385213,3.088347
head_on,context_bl,Standard MPC-CBF,19,1.900,-0.814788,-0.000420,0.735588,-0.003465,-0.004711,1.050000,0.080000,-0.500000,0.000000,adult,walking,attentive,1.026112,1.000000,0.000000,1.866521,1.266521,0.000000,0.000000,0.000000,0.000000,0.000000,0.000000,0.000000,1.266521,1.266521,1.266521,1.266521,0.000000,horizon_mpc_secbf,8,0.303505,true,osqp,optimal,75,4.737011,0,0.032936,geometric,false,0.750000,0.000104,0.735588,-0.019851,,,0.735856,0.016386,1.458798,3.014788
head_on,context_bl,Standard MPC-CBF,20,2.000,-0.741229,-0.002405,0.735588,-0.019851,-0.026980,1.000000,0.080000,-0.500000,0.000000,adult,walking,attentive,0.926950,1.000000,0.000000,1.743178,1.143178,0.000000,0.000000,0.000000,0.000000,0.000000,0.000000,0.000000,1.143178,1.143178,1.143178,1.143178,0.000000,horizon_mpc_secbf,8,0.194255,true,osqp,optimal,75,3.761009,0,-0.088643,geometric,false,0.750000,0.000613,0.735588,-0.050465,,,0.737317,0.030614,1.532530,2.941230
head_on,context_bl,Standard MPC-CBF,21,2.100,-0.667671,-0.007451,0.735588,-0.050465,-0.068498,0.950000,0.080000,-0.500000,0.000000,adult,walking,attentive,0.828579,1.000000,0.000000,1.620033,1.020033,0.000000,0.000000,0.000000,0.000000,0.000000,0.000000,0.000000,1.020033,1.020033,1.020033,1.020033,0.000000,horizon_mpc_secbf,8,0.090633,true,osqp,optimal,75,4.288954,0,-0.209302,geometric,false,0.749997,0.001949,0.735589,-0.082496,,,0.740201,0.032031,1.606550,2.867680
head_on,context_bl,Standard MPC-CBF,22,2.200,-0.594112,-0.015701,0.735589,-0.082496,-0.111683,0.900000,0.080000,-0.500000,0.000000,adult,walking,attentive,0.730723,1.000000,0.000000,1.497173,0.897173,0.000000,0.000000,0.000000,0.000000,0.000000,0.000000,0.000000,0.897173,0.897173,0.897173,0.897173,0.000010,horizon_mpc_secbf,8,-0.000001,true,osqp,optimal,50,4.386363,0,-0.324853,geometric,false,0.749988,0.004214,0.732055,-0.117319,,,0.741396,0.035002,1.680690,2.794156
head_on,context_bl,Standard MPC-CBF,23,2.300,-0.520906,-0.027433,0.732055,-0.117319,-0.158908,0.850000,0.080000,-0.500000,0.000000,adult,walking,attentive,0.635792,1.000000,0.000000,1.375109,0.775109,0.000000,0.000000,0.000000,0.000000,0.000000,0.000000,0.000000,0.775109,0.775109,0.775109,0.775109,0.000118,horizon_mpc_secbf,8,-0.000118,true,osqp,optimal,50,3.198573,0,-0.361656,geometric,false,0.749962,0.007561,0.656194,-0.201935,,,0.686563,0.113644,1.749346,2.721044
head_on,context_bl,Standard MPC-CBF,24,2.400,-0.455287,-0.047626,0.656194,-0.201935,-0.298540,0.800000,0.080000,-0.500000,0.000000,adult,walking,attentive,0.585710,1.000000,0.000000,1.261758,0.661758,0.000000,0.000000,0.000000,0.000000,0.000000,0.000000,0.000000,0.661758,0.661758,0.661758,0.661758,0.000188,horizon_mpc_secbf,8,-0.000188,true,osqp,optimal,50,4.490971,0,-0.417186,geometric,false,0.749879,0.013450,0.614666,-0.294774,,,0.681693,0.101704,1.817515,2.655714
head_on,context_bl,Standard MPC-CBF,25,2.500,-0.393820,-0.077104,0.614666,-0.294774,-0.447169,0.750000,0.080000,-0.500000,0.000000,adult,walking,attentive,0.521110,1.000000,0.000000,1.154559,0.554559,0.000000,0.000000,0.000000,0.000000,0.000000,0.000000,0.000000,0.554559,0.554559,0.554559,0.554559,0.000229,horizon_mpc_secbf,8,0.000173,true,osqp,optimal,50,4.119686,0,-0.505014,geometric,false,0.749669,0.022285,0.621643,-0.377802,,,0.727444,0.083321,1.890260,2.594966
head_on,context_bl,Standard MPC-CBF,26,2.600,-0.331656,-0.114884,0.621643,-0.377802,-0.546097,0.700000,0.080000,-0.500000,0.000000,adult,walking,attentive,0.435942,1.000000,0.000000,1.049902,0.449902,0.000000,0.000000,0.000000,0.000000,0.000000,0.000000,0.000000,0.449902,0.449902,0.449902,0.449902,0.000190,horizon_mpc_secbf,8,0.000222,true,osqp,optimal,100,3.616989,0,-0.570209,geometric,false,0.749229,0.033999,0.618099,-0.422189,,,0.748525,0.044528,1.965112,2.534261
head_on,context_bl,Standard MPC-CBF,27,2.700,-0.269846,-0.157103,0.618099,-0.422189,-0.599256,0.650000,0.080000,-0.500000,0.000000,adult,walking,attentive,0.358030,1.000000,0.000000,0.949913,0.349913,0.000000,0.000000,0.000000,0.000000,0.000000,0.000000,0.000000,0.349913,0.349913,0.349913,0.349913,0.000247,horizon_mpc_secbf,8,0.000240,true,osqp,optimal,125,3.488310,0,-0.602059,geometric,false,0.748487,0.047610,0.597482,-0.442802,,,0.743679,0.029154,2.039480,2.474838
head_on,context_bl,Standard MPC-CBF,28,2.800,-0.210098,-0.201383,0.597482,-0.442802,-0.637789,0.600000,0.080000,-0.500000,0.000000,adult,walking,attentive,0.288945,1.000000,0.000000,0.857575,0.257575,0.000000,0.000000,0.000000,0.000000,0.000000,0.000000,0.000000,0.257575,0.257575,0.257575,0.257575,0.000266,horizon_mpc_secbf,8,0.000178,true,osqp,optimal,125,3.524227,0,-0.608933,geometric,false,0.747395,0.062451,0.578107,-0.462176,,,0.740145,0.027400,2.113495,2.418497
head_on,context_bl,Standard MPC-CBF,29,2.900,-0.152287,-0.247601,0.578107,-0.462176,-0.674414,0.550000,0.080000,-0.500000,0.000000,adult,walking,attentive,0.223806,1.000000,0.000000,0.774938,0.174938,0.000000,0.000000,0.000000,0.000000,0.000000,0.000000,0.000000,0.174938,0.174938,0.174938,0.174938,0.000283,horizon_mpc_secbf,8,0.000092,true,osqp,optimal,125,3.493835,0,-0.582239,geometric,false,0.745879,0.078511,0.559904,-0.480378,,,0.737737,0.025742,2.187268,2.365282
head_on,context_bl,Standard MPC-CBF,30,3.000,-0.096297,-0.295639,0.559904,-0.480378,-0.709099,0.500000,0.080000,-0.500000,0.000000,adult,walking,attentive,0.163482,1.000000,0.000000,0.704751,0.104751,0.000000,0.000000,0.000000,0.000000,0.000000,0.000000,0.000000,0.104751,0.104751,0.104751,0.104751,0.000303,horizon_mpc_secbf,8,0.000010,true,osqp,optimal,125,5.070851,0,-0.513019,geometric,false,0.743860,0.095769,0.543461,-0.496821,,,0.736329,0.023254,2.260901,2.315250
head_on,context_bl,Standard MPC-CBF,31,3.100,-0.041950,-0.345321,0.543461,-0.496821,-0.740593,0.450000,0.080000,-0.500000,0.000000,adult,walking,attentive,0.108344,1.000000,0.000000,0.650318,0.050318,0.000000,0.000000,0.000000,0.000000,0.000000,0.000000,0.000000,0.050318,0.050318,0.050318,0.050318,0.000326,horizon_mpc_secbf,8,-0.000047,true,osqp,optimal,125,4.424291,0,-0.395577,geometric,false,0.741259,0.114174,0.530555,-0.509727,,,0.735738,0.018252,2.334475,2.268389
head_on,context_bl,Standard MPC-CBF,32,3.200,0.011105,-0.396293,0.530555,-0.509727,-0.765379,0.400000,0.080000,-0.500000,0.000000,adult,walking,attentive,0.057964,1.000000,0.000000,0.614894,0.014894,0.000000,0.000000,0.000000,0.000000,0.000000,0.000000,0.000000,0.014894,0.014894,0.014894,0.014894,0.000355,horizon_mpc_secbf,8,-0.000126,true,osqp,optimal,125,4.728591,0,-0.239938,geometric,false,0.738002,0.133613,0.529300,-0.510981,,,0.735704,0.001775,2.408045,2.224480
head_on,context_bl,Standard MPC-CBF,33,3.300,0.064035,-0.447391,0.529300,-0.510981,-0.767790,0.350000,0.080000,-0.500000,0.000000,adult,walking,attentive,0.000000,1.000000,0.000000,0.599931,-0.000069,0.000000,0.000000,0.000000,0.000000,0.000000,0.000000,0.000000,-0.000069,-0.000069,-0.000069,-0.000069,0.000358,horizon_mpc_secbf,8,-0.000335,true,osqp,optimal,125,4.286620,1,-0.117860,geometric,false,0.734070,0.153756,0.585888,-0.454396,,,0.741444,0.080025,2.482190,2.182316
head_on,context_bl,Standard MPC-CBF,34,3.400,0.122624,-0.492831,0.585888,-0.454396,-0.659665,0.300000,0.080000,-0.500000,0.000000,adult,walking,attentive,,0.000000,0.000000,0.599665,-0.000335,0.000000,0.000000,0.000000,0.000000,0.000000,0.000000,0.000000,-0.000335,-0.000335,-0.000335,-0.000335,0.000068,horizon_mpc_secbf,8,-0.000060,true,osqp,optimal,75,3.118309,0,-0.121606,geometric,false,0.729746,0.173123,0.695477,-0.243154,,,0.736758,0.237976,2.555866,2.135035
head_on,context_bl,Standard MPC-CBF,35,3.500,0.192172,-0.517146,0.695477,-0.243154,-0.336339,0.250000,0.080000,-0.500000,0.000000,adult,walking,attentive,,0.000000,0.000000,0.599940,-0.000060,0.000000,0.000000,0.000000,0.000000,0.000000,0.000000,0.000000,-0.000060,-0.000060,-0.000060,-0.000060,0.000000,horizon_mpc_secbf,8,0.015354,true,osqp,optimal,75,3.193721,1,0.027921,geometric,false,0.726296,0.187068,0.731161,-0.147339,,,0.745859,0.102244,2.630451,2.073359
head_on,context_bl,Standard MPC-CBF,36,3.600,0.265288,-0.531880,0.731161,-0.147339,-0.198851,0.200000,0.080000,-0.500000,0.000000,adult,walking,attentive,,0.000000,0.000000,0.615354,0.015354,0.000000,0.000000,0.000000,0.000000,0.000000,0.000000,0.000000,0.015354,0.015354,0.015354,0.015354,0.000000,horizon_mpc_secbf,8,0.051140,true,osqp,optimal,75,3.217817,0,0.258543,geometric,false,0.723170,0.198810,0.735590,-0.112732,,,0.744178,0.034889,2.704869,2.006492
head_on,context_bl,Standard MPC-CBF,37,3.700,0.338847,-0.543154,0.735590,-0.112732,-0.152071,0.150000,0.080000,-0.500000,0.000000,adult,walking,attentive,,0.000000,0.000000,0.651140,0.051140,0.000000,0.000000,0.000000,0.000000,0.000000,0.000000,0.000000,0.051140,0.051140,0.051140,0.051140,0.000000,horizon_mpc_secbf,8,0.104731,true,osqp,optimal,75,3.555869,0,0.491315,geometric,false,0.719967,0.210113,0.735589,-0.085499,,,0.740541,0.027234,2.778923,1.938790
head_on,context_bl,Standard MPC-CBF,38,3.800,0.412405,-0.551703,0.735589,-0.085499,-0.115713,0.100000,0.080000,-0.500000,0.000000,adult,walking,attentive,,0.000000,0.000000,0.704731,0.104731,0.000000,0.000000,0.000000,0.000000,0.000000,0.000000,0.000000,0.104731,0.104731,0.104731,0.104731,0.000000,horizon_mpc_secbf,8,0.172217,true,osqp,optimal,75,3.534453,0,0.703359,geometric,false,0.716645,0.221178,0.735587,-0.056779,,,0.737775,0.028720,2.852701,1.870794
head_on,context_bl,Standard MPC-CBF,39,3.900,0.485964,-0.557381,0.735587,-0.056779,-0.077036,0.050000,0.080000,-0.500000,0.000000,adult,walking,attentive,,0.000000,0.000000,0.772217,0.172217,0.000000,0.000000,0.000000,0.000000,0.000000,0.000000,0.000000,0.172217,0.172217,0.172217,0.172217,0.000000,horizon_mpc_secbf,8,0.250062,true,osqp,optimal,75,3.381823,0,0.891012,geometric,false,0.713236,0.231935,0.735586,-0.025721,,,0.736036,0.031057,2.926304,1.802385
head_on,context_bl,Standard MPC-CBF,40,4.000,0.559523,-0.559953,0.735586,-0.025721,-0.034953,0.000000,0.080000,-0.500000,0.000000,adult,walking,attentive,,0.000000,0.000000,0.850062,0.250062,0.000000,0.000000,0.000000,0.000000,0.000000,0.000000,0.000000,0.250062,0.250062,0.250062,0.250062,0.000000,horizon_mpc_secbf,8,0.335531,true,osqp,optimal,75,4.281472,0,1.057911,geometric,false,0.709790,0.242277,0.735587,0.007215,,,0.735622,0.032936,2.999867,1.733411
head_on,context_bl,Standard MPC-CBF,41,4.100,0.633082,-0.559232,0.735587,0.007215,0.009808,-0.050000,0.080000,-0.500000,0.000000,adult,walking,attentive,,0.000000,0.000000,0.935531,0.335531,0.000000,0.000000,0.000000,0.000000,0.000000,0.000000,0.000000,0.335531,0.335531,0.335531,0.335531,0.000000,horizon_mpc_secbf,8,0.426647,true,osqp,optimal,75,4.121807,0,1.209373,geometric,false,0.706361,0.252100,0.735588,0.041458,,,0.736756,0.034244,3.073542,1.663723
head_on,context_bl,Standard MPC-CBF,42,4.200,0.706640,-0.555086,0.735588,0.041458,0.056301,-0.100000,0.080000,-0.500000,0.000000,adult,walking,attentive,,0.000000,0.000000,1.026647,0.426647,0.000000,0.000000,0.000000,0.000000,0.000000,0.000000,0.000000,0.426647,0.426647,0.426647,0.426647,0.000000,horizon_mpc_secbf,8,0.522027,true,osqp,optimal,75,3.898815,0,1.350126,geometric,false,0.703006,0.261309,0.735589,0.076508,,,0.739557,0.035049,3.147498,1.593187
head_on,context_bl,Standard MPC-CBF,43,4.300,0.780199,-0.547435,0.735589,0.076508,0.103636,-0.150000,0.080000,-0.500000,0.000000,adult,walking,attentive,,0.000000,0.000000,1.122027,0.522027,0.000000,0.000000,0.000000,0.000000,0.000000,0.000000,0.000000,0.522027,0.522027,0.522027,0.522027,0.000000,horizon_mpc_secbf,8,0.620723,true,osqp,optimal,50,3.457808,0,1.483797,geometric,false,0.699785,0.269817,0.735592,0.111908,,,0.744056,0.035400,3.221904,1.521683
head_on,context_bl,Standard MPC-CBF,44,4.400,0.853758,-0.536245,0.735592,0.111908,0.150975,-0.200000,0.080000,-0.500000,0.000000,adult,walking,attentive,,0.000000,0.000000,1.220723,0.620723,0.000000,0.000000,0.000000,0.000000,0.000000,0.000000,0.000000,0.620723,0.620723,0.620723,0.620723,0.000000,horizon_mpc_secbf,8,0.721890,true,osqp,optimal,50,3.352357,0,1.611122,geometric,false,0.696759,0.277538,0.733333,0.147071,,,0.747935,0.035236,3.296697,1.449112
head_on,context_bl,Standard MPC-CBF,45,4.500,0.927092,-0.521537,0.733333,0.147071,0.197926,-0.250000,0.080000,-0.500000,0.000000,adult,walking,attentive,,0.000000,0.000000,1.321890,0.721890,0.000000,0.000000,0.000000,0.000000,0.000000,0.000000,0.000000,0.721890,0.721890,0.721890,0.721890,0.000000,horizon_mpc_secbf,8,0.824270,true,osqp,optimal,75,3.345118,0,1.727664,geometric,false,0.694007,0.284349,0.721569,0.180165,,,0.743721,0.035122,3.371069,1.375608
head_on,context_bl,Standard MPC-CBF,46,4.600,0.999249,-0.503521,0.721569,0.180165,0.244682,-0.300000,0.080000,-0.500000,0.000000,adult,walking,attentive,,0.000000,0.000000,1.424270,0.824270,0.000000,0.000000,0.000000,0.000000,0.000000,0.000000,0.000000,0.824270,0.824270,0.824270,0.824270,0.000000,horizon_mpc_secbf,8,0.927336,true,osqp,optimal,75,3.999283,0,1.839393,geometric,false,0.691650,0.290035,0.708208,0.212422,,,0.739379,0.034915,3.445007,1.302051
head_on,context_bl,Standard MPC-CBF,47,4.700,1.070069,-0.482279,0.708208,0.212422,0.291404,-0.350000,0.080000,-0.500000,0.000000,adult,walking,attentive,,0.000000,0.000000,1.527336,0.927336,0.000000,0.000000,0.000000,0.000000,0.000000,0.000000,0.000000,0.927336,0.927336,0.927336,0.927336,0.000000,horizon_mpc_secbf,8,1.030862,true,osqp,optimal,75,3.556028,0,1.948971,geometric,false,0.689795,0.294419,0.695276,0.243642,,,0.736729,0.033793,3.518680,1.228550
head_on,context_bl,Standard MPC-CBF,48,4.800,1.139597,-0.457915,0.695276,0.243642,0.337054,-0.400000,0.080000,-0.500000,0.000000,adult,walking,attentive,,0.000000,0.000000,1.630862,1.030862,0.000000,0.000000,0.000000,0.000000,0.000000,0.000000,0.000000,1.030862,1.030862,1.030862,1.030862,0.000000,horizon_mpc_secbf,8,1.134824,true,osqp,optimal,75,3.984777,0,2.058403,geometric,false,0.688544,0.297334,0.683506,0.272058,,,0.735660,0.030757,3.592246,1.155050
head_on,context_bl,Standard MPC-CBF,49,4.900,1.207948,-0.430709,0.683506,0.272058,0.378809,-0.450000,0.080000,-0.500000,0.000000,adult,walking,attentive,,0.000000,0.000000,1.734824,1.134824,0.000000,0.000000,0.000000,0.000000,0.000000,0.000000,0.000000,1.134824,1.134824,1.134824,1.134824,0.000000,horizon_mpc_secbf,8,1.239767,true,osqp,optimal,75,4.091722,0,2.173699,geometric,false,0.687959,0.298684,0.676248,0.289581,,,0.735641,0.018967,3.665810,1.081517
head_on,context_bl,Standard MPC-CBF,50,5.000,1.275572,-0.401751,0.676248,0.289581,0.404593,-0.500000,0.080000,-0.500000,0.000000,adult,walking,attentive,,0.000000,0.000000,1.839767,1.239767,0.000000,0.000000,0.000000,0.000000,0.000000,0.000000,0.000000,1.239767,1.239767,1.239767,1.239767,0.000000,horizon_mpc_secbf,8,1.346387,true,osqp,optimal,75,3.878564,0,2.297016,geometric,false,0.687850,0.298935,0.674915,0.292797,,,0.735691,0.003481,3.739379,1.007953
head_on,context_bl,Standard MPC-CBF,51,5.100,1.343064,-0.372471,0.674915,0.292797,0.409325,-0.550000,0.080000,-0.500000,0.000000,adult,walking,attentive,,0.000000,0.000000,1.946387,1.346387,0.000000,0.000000,0.000000,0.000000,0.000000,0.000000,0.000000,1.346387,1.346387,1.346387,1.346387,0.000000,horizon_mpc_secbf,8,1.454575,true,osqp,optimal,75,3.135816,0,2.420679,geometric,false,0.687835,0.298970,0.674675,0.293378,,,0.735702,0.000629,3.812949,0.934384
head_on,context_bl,Standard MPC-CBF,52,5.200,1.410531,-0.343133,0.674675,0.293378,0.410179,-0.600000,0.080000,-0.500000,0.000000,adult,walking,attentive,,0.000000,0.000000,2.054575,1.454575,0.000000,0.000000,0.000000,0.000000,0.000000,0.000000,0.000000,1.454575,1.454575,1.454575,1.454575,0.000000,horizon_mpc_secbf,8,1.564123,true,osqp,optimal,75,3.230843,0,2.543592,geometric,false,0.687839,0.298961,0.674637,0.293470,,,0.735703,0.000099,3.886520,0.860814
head_on,context_bl,Standard MPC-CBF,53,5.300,1.477995,-0.313786,0.674637,0.293470,0.410314,-0.650000,0.080000,-0.500000,0.000000,adult,walking,attentive,,0.000000,0.000000,2.164123,1.564123,0.000000,0.000000,0.000000,0.000000,0.000000,0.000000,0.000000,1.564123,1.564123,1.564123,1.564123,0.000000,horizon_mpc_secbf,8,1.674841,true,osqp,optimal,75,3.661049,0,2.665751,geometric,false,0.687848,0.298941,0.674637,0.293469,,,0.735703,0.000001,3.960090,0.787244
head_on,context_bl,Standard MPC-CBF,54,5.400,1.545459,-0.284439,0.674637,0.293469,0.410313,-0.700000,0.080000,-0.500000,0.000000,adult,walking,attentive,,0.000000,0.000000,2.274841,1.674841,0.000000,0.000000,0.000000,0.000000,0.000000,0.000000,0.000000,1.674841,1.674841,1.674841,1.674841,0.000000,horizon_mpc_secbf,8,1.786565,true,osqp,optimal,75,3.622020,0,2.787302,geometric,false,0.687858,0.298917,0.674645,0.293449,,,0.735703,0.000022,4.033660,0.713674
head_on,context_bl,Standard MPC-CBF,55,5.500,1.612923,-0.255094,0.674645,0.293449,0.410284,-0.750000,0.080000,-0.500000,0.000000,adult,walking,attentive,,0.000000,0.000000,2.386565,1.786565,0.000000,0.000000,0.000000,0.000000,0.000000,0.000000,0.000000,1.786565,1.786565,1.786565,1.786565,0.000000,horizon_mpc_secbf,8,1.899162,true,osqp,optimal,75,3.355775,0,2.908386,geometric,false,0.687870,0.298890,0.674656,0.293424,,,0.735703,0.000028,4.107231,0.640103
head_on,context_bl,Standard MPC-CBF,56,5.600,1.680389,-0.225752,0.674656,0.293424,0.410245,-0.800000,0.080000,-0.500000,0.000000,adult,walking,attentive,,0.000000,0.000000,2.499162,1.899162,0.000000,0.000000,0.000000,0.000000,0.000000,0.000000,0.000000,1.899162,1.899162,1.899162,1.899162,0.000000,horizon_mpc_secbf,8,2.012520,true,osqp,optimal,75,3.602026,0,3.029113,geometric,false,0.687883,0.298860,0.674669,0.293394,,,0.735702,0.000032,4.180801,0.566533
head_on,context_bl,Standard MPC-CBF,57,5.700,1.747856,-0.196413,0.674669,0.293394,0.410201,-0.850000,0.080000,-0.500000,0.000000,adult,walking,attentive,,0.000000,0.000000,2.612520,2.012520,0.000000,0.000000,0.000000,0.000000,0.000000,0.000000,0.000000,2.012520,2.012520,2.012520,2.012520,0.000000,horizon_mpc_secbf,8,2.126542,true,osqp,optimal,75,4.567277,0,3.149571,geometric,false,0.687898,0.298825,0.674683,0.293359,,,0.735701,0.000037,4.254371,0.492963
head_on,context_bl,Standard MPC-CBF,58,5.800,1.815324,-0.167077,0.674683,0.293359,0.410151,-0.900000,0.080000,-0.500000,0.000000,adult,walking,attentive,,0.000000,0.000000,2.726542,2.126542,0.000000,0.000000,0.000000,0.000000,0.000000,0.000000,0.000000,2.126542,2.126542,2.126542,2.126542,0.000000,horizon_mpc_secbf,8,2.241150,true,osqp,optimal,75,3.846621,0,3.269828,geometric,false,0.687916,0.298783,0.674700,0.293319,,,0.735701,0.000044,4.327941,0.419393
head_on,context_bl,Standard MPC-CBF,59,5.900,1.882794,-0.137745,0.674700,0.293319,0.410091,-0.950000,0.080000,-0.500000,0.000000,adult,walking,attentive,,0.000000,0.000000,2.841150,2.241150,0.000000,0.000000,0.000000,0.000000,0.000000,0.000000,0.000000,2.241150,2.241150,2.241150,2.241150,0.000000,horizon_mpc_secbf,8,2.356277,true,osqp,optimal,75,3.644313,0,3.389939,geometric,false,0.687938,0.298733,0.674720,0.293270,,,0.735700,0.000053,4.401511,0.345823
head_on,context_bl,Standard MPC-CBF,60,6.000,1.950266,-0.108418,0.674720,0.293270,0.410019,-1.000000,0.080000,-0.500000,0.000000,adult,walking,attentive,,0.000000,0.000000,2.956277,2.356277,0.000000,0.000000,0.000000,0.000000,0.000000,0.000000,0.000000,2.356277,2.356277,2.356277,2.356277,0.000000,horizon_mpc_secbf,8,2.471863,true,osqp,optimal,75,3.719908,0,3.509946,geometric,false,0.687966,0.298669,0.674746,0.293208,,,0.735699,0.000067,4.475081,0.272253
head_on,context_bl,Standard MPC-CBF,61,6.100,2.017741,-0.079097,0.674746,0.293208,0.409928,-1.050000,0.080000,-0.500000,0.000000,adult,walking,attentive,,0.000000,0.000000,3.071863,2.471863,0.000000,0.000000,0.000000,0.000000,0.000000,0.000000,0.000000,2.471863,2.471863,2.471863,2.471863,0.000000,horizon_mpc_secbf,8,2.587862,true,osqp,optimal,75,3.228593,0,3.629886,geometric,false,0.688004,0.298580,0.674781,0.293123,,,0.735697,0.000091,4.548651,0.198683
head_on,context_bl,Standard MPC-CBF,62,6.200,2.085219,-0.049785,0.674781,0.293123,0.409804,-1.100000,0.080000,-0.500000,0.000000,adult,walking,attentive,,0.000000,0.000000,3.187862,2.587862,0.000000,0.000000,0.000000,0.000000,0.000000,0.000000,0.000000,2.587862,2.587862,2.587862,2.587862,0.000000,horizon_mpc_secbf,8,2.704231,true,osqp,optimal,75,4.025778,0,3.749795,geometric,false,0.688066,0.298438,0.674836,0.292990,,,0.735695,0.000144,4.622220,0.125113
head_on,context_bl,Standard MPC-CBF,63,6.300,2.152702,-0.020486,0.674836,0.292990,0.409608,-1.150000,0.080000,-0.500000,0.000000,adult,walking,attentive,,0.000000,0.000000,3.304231,2.704231,0.000000,0.000000,0.000000,0.000000,0.000000,0.000000,0.000000,2.704231,2.704231,2.704231,2.704231,0.000000,horizon_mpc_secbf,8,2.804368,true,osqp,optimal,50,3.303165,0,3.704685,geometric,false,0.472978,0.204856,0.507611,0.219978,,,0.553226,0.182470,4.677543,0.051544
head_on,context_bl,Standard MPC-CBF,64,6.400,2.203463,0.001512,0.507611,0.219978,0.408929,-1.200000,0.080000,-0.500000,0.000000,adult,walking,attentive,,0.000000,0.000000,3.404368,2.804368,0.000000,0.000000,0.000000,0.000000,0.000000,0.000000,0.000000,2.804368,2.804368,2.804368,2.804368,0.000000,horizon_mpc_secbf,8,2.854366,true,osqp,optimal,50,4.040227,0,3.304345,geometric,false,-0.034633,-0.015121,0.000104,-0.000238,,,0.000260,0.553225,4.677569,0.003779
head_on,context_bl,Standard MPC-CBF,65,6.500,2.203474,0.001488,0.000104,-0.000238,-1.159741,-1.250000,0.080000,-0.500000,0.000000,adult,walking,attentive,,0.000000,0.000000,3.454366,2.854366,0.000000,0.000000,0.000000,0.000000,0.000000,0.000000,0.000000,2.854366,2.854366,2.854366,2.854366,0.000000,horizon_mpc_secbf,8,2.901506,true,osqp,optimal,50,4.078773,0,3.325766,geometric,false,-0.034737,-0.014883,-0.028759,-0.012370,,,0.031307,0.031309,4.680699,0.003779
head_on,context_bl,Standard MPC-CBF,66,6.600,2.200598,0.000251,-0.028759,-0.012370,-2.735378,-1.300000,0.080000,-0.500000,0.000000,adult,walking,attentive,,0.000000,0.000000,3.501506,2.901506,0.000000,0.000000,0.000000,0.000000,0.000000,0.000000,0.000000,2.901506,2.901506,2.901506,2.901506,0.000000,horizon_mpc_secbf,8,2.950514,true,osqp,optimal,50,4.099903,0,3.391588,geometric,false,-0.005978,-0.002513,-0.009886,-0.004204,,,0.010743,0.020564,4.681774,0.000648
head_on,context_bl,Standard MPC-CBF,67,6.700,2.199609,-0.000169,-0.009886,-0.004204,-2.739534,-1.350000,0.080000,-0.500000,0.000000,adult,walking,attentive,,0.000000,0.000000,3.550514,2.950514,0.000000,0.000000,0.000000,0.000000,0.000000,0.000000,0.000000,2.950514,2.950514,2.950514,2.950514,0.000000,horizon_mpc_secbf,8,3.000654,true,osqp,optimal,25,3.269681,0,3.451909,geometric,false,0.003909,0.001691,0.001538,0.000680,,,0.001682,0.012425,4.681942,0.000426
head_on,context_bl,Standard MPC-CBF,68,6.800,2.199763,-0.000101,0.001538,0.000680,0.416175,-1.400000,0.080000,-0.500000,0.000000,adult,walking,attentive,,0.000000,0.000000,3.600654,3.000654,0.000000,0.000000,0.000000,0.000000,0.000000,0.000000,0.000000,3.000654,3.000654,3.000654,3.000654,0.000000,horizon_mpc_secbf,8,3.050862,true,osqp,optimal,25,3.057382,0,3.502734,geometric,false,0.002370,0.001011,0.002225,0.000955,,,0.002421,0.000740,4.682184,0.000258
head_on,context_bl,Standard MPC-CBF,69,6.900,2.199985,-0.000006,0.002225,0.000955,0.405240,-1.450000,0.080000,-0.500000,0.000000,adult,walking,attentive,,0.000000,0.000000,3.650862,3.050862,0.000000,0.000000,0.000000,0.000000,0.000000,0.000000,0.000000,3.050862,3.050862,3.050862,3.050862,0.000000,horizon_mpc_secbf,8,3.100900,true,osqp,optimal,25,3.279262,0,3.551239,geometric,false,0.000145,0.000057,0.000502,0.000211,,,0.000544,0.001877,4.682238,0.000016
head_on,context_bl,Standard MPC-CBF,70,7.000,2.200036,0.000015,0.000502,0.000211,0.397812,-1.500000,0.080000,-0.500000,0.000000,adult,walking,attentive,,0.000000,0.000000,3.700900,3.100900,0.000000,0.000000,0.000000,0.000000,0.000000,0.000000,0.000000,3.100900,3.100900,3.100900,3.100900,0.000000,horizon_mpc_secbf,8,3.150868,true,osqp,optimal,25,3.999708,0,3.600576,geometric,false,-0.000357,-0.000154,-0.000209,-0.000091,,,0.000228,0.000772,4.682261,0.000039
head_on,context_bl,Standard MPC-CBF,71,7.100,2.200015,0.000006,-0.000209,-0.000091,-2.729262,-1.550000,0.080000,-0.500000,0.000000,adult,walking,attentive,,0.000000,0.000000,3.750868,3.150868,0.000000,0.000000,0.000000,0.000000,0.000000,0.000000,0.000000,3.150868,3.150868,3.150868,3.150868,0.000000,horizon_mpc_secbf,8,3.200841,true,osqp,optimal,25,4.043756,0,3.650598,geometric,false,-0.000148,-0.000063,-0.000158,-0.000068,,,0.000172,0.000056,4.682278,0.000016
head_on,context_bl,Standard MPC-CBF,72,7.200,2.199999,-0.000000,-0.000158,-0.000068,-2.737590,-1.600000,0.080000,-0.500000,0.000000,adult,walking,attentive,,0.000000,0.000000,3.800841,3.200841,0.000000,0.000000,0.000000,0.000000,0.000000,0.000000,0.000000,3.200841,3.200841,3.200841,3.200841,0.000000,horizon_mpc_secbf,8,3.250830,true,osqp,optimal,25,4.766730,0,3.700730,geometric,false,0.000010,0.000005,-0.000000,0.000001,,,0.000001,0.000172,4.682279,0.000001
head_on,context_bl,Standard MPC-CBF,73,7.300,2.199999,-0.000000,-0.000000,0.000001,1.964456,-1.650000,0.080000,-0.500000,0.000000,adult,walking,attentive,,0.000000,0.000000,3.850830,3.250830,0.000000,0.000000,0.000000,0.000000,0.000000,0.000000,0.000000,3.250830,3.250830,3.250830,3.250830,0.000000,horizon_mpc_secbf,8,3.300820,true,osqp,optimal,25,4.526161,0,3.750731,geometric,false,0.000011,0.000004,0.000009,0.000003,,,0.000009,0.000010,4.682279,0.000001
head_on,context_bl,Standard MPC-CBF,74,7.400,2.200000,-0.000000,0.000009,0.000003,0.361472,-1.700000,0.080000,-0.500000,0.000000,adult,walking,attentive,,0.000000,0.000000,3.900820,3.300820,0.000000,0.000000,0.000000,0.000000,0.000000,0.000000,0.000000,3.300820,3.300820,3.300820,3.300820,0.000000,horizon_mpc_secbf,8,3.350810,true,osqp,optimal,25,4.752892,0,3.800718,geometric,false,0.000002,0.000000,0.000003,0.000001,,,0.000003,0.000006,4.682280,0.000000
head_on,context_bl,Standard MPC-CBF,75,7.500,2.200000,0.000000,0.000003,0.000001,0.297061,-1.750000,0.080000,-0.500000,0.000000,adult,walking,attentive,,0.000000,0.000000,3.950810,3.350810,0.000000,0.000000,0.000000,0.000000,0.000000,0.000000,0.000000,3.350810,3.350810,3.350810,3.350810,0.000000,horizon_mpc_secbf,8,3.400800,true,osqp,optimal,25,4.155796,0,3.850707,geometric,false,-0.000001,-0.000000,-0.000000,-0.000000,,,0.000001,0.000004,4.682280,0.000000
head_on,context_bl,Standard MPC-CBF,76,7.600,2.200000,0.000000,-0.000000,-0.000000,-2.634659,-1.800000,0.080000,-0.500000,0.000000,adult,walking,attentive,,0.000000,0.000000,4.000800,3.400800,0.000000,0.000000,0.000000,0.000000,0.000000,0.000000,0.000000,3.400800,3.400800,3.400800,3.400800,0.000000,horizon_mpc_secbf,8,3.450790,true,osqp,optimal,25,4.021402,0,3.900699,geometric,false,-0.000001,-0.000000,-0.000001,-0.000000,,,0.000001,0.000000,4.682280,0.000000
head_on,context_bl,Standard MPC-CBF,77,7.700,2.200000,0.000000,-0.000001,-0.000000,-2.795169,-1.850000,0.080000,-0.500000,0.000000,adult,walking,attentive,,0.000000,0.000000,4.050790,3.450790,0.000000,0.000000,0.000000,0.000000,0.000000,0.000000,0.000000,3.450790,3.450790,3.450790,3.450790,0.000000,horizon_mpc_secbf,8,3.500780,true,osqp,optimal,25,4.014140,0,3.950692,geometric,false,-0.000000,-0.000000,-0.000000,-0.000000,,,0.000000,0.000001,4.682280,0.000000
head_on,context_bl,Standard MPC-CBF,78,7.800,2.200000,-0.000000,-0.000000,-0.000000,-2.880046,-1.900000,0.080000,-0.500000,0.000000,adult,walking,attentive,,0.000000,0.000000,4.100780,3.500780,0.000000,0.000000,0.000000,0.000000,0.000000,0.000000,0.000000,3.500780,3.500780,3.500780,3.500780,0.000000,horizon_mpc_secbf,8,3.550771,true,osqp,optimal,25,3.647153,0,4.000685,geometric,false,0.000000,0.000000,0.000000,0.000000,,,0.000000,0.000000,4.682280,0.000000
head_on,context_bl,Standard MPC-CBF,79,7.900,2.200000,-0.000000,0.000000,0.000000,0.418063,-1.950000,0.080000,-0.500000,0.000000,adult,walking,attentive,,0.000000,0.000000,4.150771,3.550771,0.000000,0.000000,0.000000,0.000000,0.000000,0.000000,0.000000,3.550771,3.550771,3.550771,3.550771,0.000000,horizon_mpc_secbf,8,3.600762,true,osqp,optimal,25,2.951998,0,4.050678,geometric,false,0.000000,0.000000,0.000000,0.000000,,,0.000000,0.000000,4.682280,0.000000
head_on,context_bl,Standard MPC-CBF,80,8.000,2.200000,0.000000,0.000000,0.000000,0.331870,-2.000000,0.080000,-0.500000,0.000000,adult,walking,attentive,,0.000000,0.000000,4.200762,3.600762,0.000000,0.000000,0.000000,0.000000,0.000000,0.000000,0.000000,3.600762,3.600762,3.600762,3.600762,0.000000,horizon_mpc_secbf,8,3.650753,true,osqp,optimal,25,3.373397,0,4.100671,geometric,false,0.000000,0.000000,0.000000,0.000000,,,0.000000,0.000000,4.682280,0.000000
head_on,context_bl,Standard MPC-CBF,81,8.100,2.200000,0.000000,0.000000,0.000000,0.331719,-2.050000,0.080000,-0.500000,0.000000,adult,walking,attentive,,0.000000,0.000000,4.250753,3.650753,0.000000,0.000000,0.000000,0.000000,0.000000,0.000000,0.000000,3.650753,3.650753,3.650753,3.650753,0.000000,horizon_mpc_secbf,8,3.700744,true,osqp,optimal,25,4.315378,0,4.150664,geometric,false,-0.000000,-0.000000,-0.000000,-0.000000,,,0.000000,0.000000,4.682280,0.000000
head_on,context_bl,Standard MPC-CBF,82,8.200,2.200000,0.000000,-0.000000,-0.000000,-2.690380,-2.100000,0.080000,-0.500000,0.000000,adult,walking,attentive,,0.000000,0.000000,4.300744,3.700744,0.000000,0.000000,0.000000,0.000000,0.000000,0.000000,0.000000,3.700744,3.700744,3.700744,3.700744,0.000000,horizon_mpc_secbf,8,3.750736,true,osqp,optimal,25,3.990148,0,4.200658,geometric,false,0.000000,0.000000,-0.000000,-0.000000,,,0.000000,0.000000,4.682280,0.000000
head_on,context_bl,Standard MPC-CBF,83,8.300,2.200000,0.000000,-0.000000,-0.000000,-2.690380,-2.150000,0.080000,-0.500000,0.000000,adult,walking,attentive,,0.000000,0.000000,4.350736,3.750736,0.000000,0.000000,0.000000,0.000000,0.000000,0.000000,0.000000,3.750736,3.750736,3.750736,3.750736,0.000000,horizon_mpc_secbf,8,3.800727,true,osqp,optimal,25,3.502502,0,4.250651,geometric,false,0.000000,0.000000,-0.000000,-0.000000,,,0.000000,0.000000,4.682280,0.000000
head_on,context_bl,Standard MPC-CBF,84,8.400,2.200000,0.000000,-0.000000,-0.000000,-2.690380,-2.200000,0.080000,-0.500000,0.000000,adult,walking,attentive,,0.000000,0.000000,4.400727,3.800727,0.000000,0.000000,0.000000,0.000000,0.000000,0.000000,0.000000,3.800727,3.800727,3.800727,3.800727,0.000000,horizon_mpc_secbf,8,3.850719,true,osqp,optimal,25,2.754028,0,4.300645,geometric,false,0.000000,0.000000,-0.000000,-0.000000,,,0.000000,0.000000,4.682280,0.000000
head_on,context_bl,Standard MPC-CBF,85,8.500,2.200000,0.000000,-0.000000,-0.000000,-2.690380,-2.250000,0.080000,-0.500000,0.000000,adult,walking,attentive,,0.000000,0.000000,4.450719,3.850719,0.000000,0.000000,0.000000,0.000000,0.000000,0.000000,0.000000,3.850719,3.850719,3.850719,3.850719,0.000000,horizon_mpc_secbf,8,3.900711,true,osqp,optimal,25,3.392003,0,4.350638,geometric,false,0.000000,0.000000,-0.000000,-0.000000,,,0.000000,0.000000,4.682280,0.000000
head_on,context_bl,Standard MPC-CBF,86,8.600,2.200000,0.000000,-0.000000,-0.000000,-2.690380,-2.300000,0.080000,-0.500000,0.000000,adult,walking,attentive,,0.000000,0.000000,4.500711,3.900711,0.000000,0.000000,0.000000,0.000000,0.000000,0.000000,0.000000,3.900711,3.900711,3.900711,3.900711,0.000000,horizon_mpc_secbf,8,3.950703,true,osqp,optimal,25,4.688030,0,4.400632,geometric,false,0.000000,0.000000,0.000000,-0.000000,,,0.000000,0.000000,4.682280,0.000000
head_on,context_bl,Standard MPC-CBF,87,8.700,2.200000,0.000000,0.000000,-0.000000,-2.690380,-2.350000,0.080000,-0.500000,0.000000,adult,walking,attentive,,0.000000,0.000000,4.550703,3.950703,0.000000,0.000000,0.000000,0.000000,0.000000,0.000000,0.000000,3.950703,3.950703,3.950703,3.950703,0.000000,horizon_mpc_secbf,8,4.000696,true,osqp,optimal,25,4.433044,0,4.450626,geometric,false,0.000000,0.000000,0.000000,-0.000000,,,0.000000,0.000000,4.682280,0.000000
head_on,context_bl,Standard MPC-CBF,88,8.800,2.200000,0.000000,0.000000,-0.000000,-2.690380,-2.400000,0.080000,-0.500000,0.000000,adult,walking,attentive,,0.000000,0.000000,4.600696,4.000696,0.000000,0.000000,0.000000,0.000000,0.000000,0.000000,0.000000,4.000696,4.000696,4.000696,4.000696,0.000000,horizon_mpc_secbf,8,4.050688,true,osqp,optimal,25,7.577801,0,4.500620,geometric,false,0.000000,0.000000,0.000000,-0.000000,,,0.000000,0.000000,4.682280,0.000000
head_on,context_bl,Standard MPC-CBF,89,8.900,2.200000,0.000000,0.000000,-0.000000,-2.690380,-2.450000,0.080000,-0.500000,0.000000,adult,walking,attentive,,0.000000,0.000000,4.650688,4.050688,0.000000,0.000000,0.000000,0.000000,0.000000,0.000000,0.000000,4.050688,4.050688,4.050688,4.050688,0.000000,horizon_mpc_secbf,8,4.100681,true,osqp,optimal,25,4.996942,0,4.550614,geometric,false,0.000000,0.000000,0.000000,-0.000000,,,0.000000,0.000000,4.682280,0.000000
head_on,context_bl,Standard MPC-CBF,90,9.000,2.200000,0.000000,0.000000,-0.000000,-2.690380,-2.500000,0.080000,-0.500000,0.000000,adult,walking,attentive,,0.000000,0.000000,4.700681,4.100681,0.000000,0.000000,0.000000,0.000000,0.000000,0.000000,0.000000,4.100681,4.100681,4.100681,4.100681,0.000000,horizon_mpc_secbf,8,4.150674,true,osqp,optimal,25,4.381299,0,4.600608,geometric,false,0.000000,0.000000,0.000000,-0.000000,,,0.000000,0.000000,4.682280,0.000000
head_on,context_bl,Standard MPC-CBF,91,9.100,2.200000,0.000000,0.000000,-0.000000,-2.690380,-2.550000,0.080000,-0.500000,0.000000,adult,walking,attentive,,0.000000,0.000000,4.750674,4.150674,0.000000,0.000000,0.000000,0.000000,0.000000,0.000000,0.000000,4.150674,4.150674,4.150674,4.150674,0.000000,horizon_mpc_secbf,8,4.200667,true,osqp,optimal,25,4.513692,0,4.650603,geometric,false,0.000000,0.000000,0.000000,-0.000000,,,0.000000,0.000000,4.682280,0.000000
head_on,context_bl,Standard MPC-CBF,92,9.200,2.200000,0.000000,0.000000,-0.000000,-2.690380,-2.600000,0.080000,-0.500000,0.000000,adult,walking,attentive,,0.000000,0.000000,4.800667,4.200667,0.000000,0.000000,0.000000,0.000000,0.000000,0.000000,0.000000,4.200667,4.200667,4.200667,4.200667,0.000000,horizon_mpc_secbf,8,4.250660,true,osqp,optimal,25,4.092050,0,4.700597,geometric,false,0.000000,0.000000,0.000000,-0.000000,,,0.000000,0.000000,4.682280,0.000000
head_on,context_bl,Standard MPC-CBF,93,9.300,2.200000,0.000000,0.000000,-0.000000,-2.690380,-2.650000,0.080000,-0.500000,0.000000,adult,walking,attentive,,0.000000,0.000000,4.850660,4.250660,0.000000,0.000000,0.000000,0.000000,0.000000,0.000000,0.000000,4.250660,4.250660,4.250660,4.250660,0.000000,horizon_mpc_secbf,8,4.300653,true,osqp,optimal,25,4.035140,0,4.750592,geometric,false,0.000000,0.000000,0.000000,-0.000000,,,0.000000,0.000000,4.682280,0.000000
head_on,context_bl,Standard MPC-CBF,94,9.400,2.200000,0.000000,0.000000,-0.000000,-2.690380,-2.700000,0.080000,-0.500000,0.000000,adult,walking,attentive,,0.000000,0.000000,4.900653,4.300653,0.000000,0.000000,0.000000,0.000000,0.000000,0.000000,0.000000,4.300653,4.300653,4.300653,4.300653,0.000000,horizon_mpc_secbf,8,4.350646,true,osqp,optimal,25,3.402204,0,4.800586,geometric,false,0.000000,0.000000,0.000000,-0.000000,,,0.000000,0.000000,4.682280,0.000000
head_on,context_bl,Standard MPC-CBF,95,9.500,2.200000,0.000000,0.000000,-0.000000,-2.690380,-2.750000,0.080000,-0.500000,0.000000,adult,walking,attentive,,0.000000,0.000000,4.950646,4.350646,0.000000,0.000000,0.000000,0.000000,0.000000,0.000000,0.000000,4.350646,4.350646,4.350646,4.350646,0.000000,horizon_mpc_secbf,8,4.400640,true,osqp,optimal,25,6.341308,0,4.850581,geometric,false,0.000000,0.000000,0.000000,-0.000000,,,0.000000,0.000000,4.682280,0.000000
head_on,context_bl,Standard MPC-CBF,96,9.600,2.200000,0.000000,0.000000,-0.000000,-2.690380,-2.800000,0.080000,-0.500000,0.000000,adult,walking,attentive,,0.000000,0.000000,5.000640,4.400640,0.000000,0.000000,0.000000,0.000000,0.000000,0.000000,0.000000,4.400640,4.400640,4.400640,4.400640,0.000000,horizon_mpc_secbf,8,4.450634,true,osqp,optimal,25,4.886565,0,4.900576,geometric,false,0.000000,0.000000,0.000000,-0.000000,,,0.000000,0.000000,4.682280,0.000000
head_on,context_bl,Standard MPC-CBF,97,9.700,2.200000,0.000000,0.000000,-0.000000,-2.690380,-2.850000,0.080000,-0.500000,0.000000,adult,walking,attentive,,0.000000,0.000000,5.050634,4.450634,0.000000,0.000000,0.000000,0.000000,0.000000,0.000000,0.000000,4.450634,4.450634,4.450634,4.450634,0.000000,horizon_mpc_secbf,8,4.500627,true,osqp,optimal,25,3.632643,0,4.950571,geometric,false,0.000000,0.000000,0.000000,-0.000000,,,0.000000,0.000000,4.682280,0.000000
head_on,context_bl,Standard MPC-CBF,98,9.800,2.200000,0.000000,0.000000,-0.000000,-2.690380,-2.900000,0.080000,-0.500000,0.000000,adult,walking,attentive,,0.000000,0.000000,5.100627,4.500627,0.000000,0.000000,0.000000,0.000000,0.000000,0.000000,0.000000,4.500627,4.500627,4.500627,4.500627,0.000000,horizon_mpc_secbf,8,4.550621,true,osqp,optimal,25,3.171469,0,5.000566,geometric,false,0.000000,0.000000,0.000000,-0.000000,,,0.000000,0.000000,4.682280,0.000000
head_on,context_bl,Standard MPC-CBF,99,9.900,2.200000,0.000000,0.000000,-0.000000,-2.690380,-2.950000,0.080000,-0.500000,0.000000,adult,walking,attentive,,0.000000,0.000000,5.150621,4.550621,0.000000,0.000000,0.000000,0.000000,0.000000,0.000000,0.000000,4.550621,4.550621,4.550621,4.550621,0.000000,horizon_mpc_secbf,8,4.600615,true,osqp,optimal,25,3.998650,0,5.050561,geometric,false,0.000000,0.000000,0.000000,-0.000000,,,0.000000,0.000000,4.682280,0.000000
head_on,context_bl,Standard MPC-CBF,100,10.000,2.200000,0.000000,0.000000,-0.000000,-2.690380,-3.000000,0.080000,-0.500000,0.000000,adult,walking,attentive,,0.000000,0.000000,5.200615,4.600615,0.000000,0.000000,0.000000,0.000000,0.000000,0.000000,0.000000,4.600615,4.600615,4.600615,4.600615,0.000000,horizon_mpc_secbf,8,4.650609,true,osqp,optimal,25,3.073674,0,5.100556,geometric,false,0.000000,0.000000,0.000000,-0.000000,,,0.000000,0.000000,4.682280,0.000000
head_on,context_bl,Standard MPC-CBF,101,10.100,2.200000,0.000000,0.000000,-0.000000,-2.690380,-3.050000,0.080000,-0.500000,0.000000,adult,walking,attentive,,0.000000,0.000000,5.250609,4.650609,0.000000,0.000000,0.000000,0.000000,0.000000,0.000000,0.000000,4.650609,4.650609,4.650609,4.650609,0.000000,horizon_mpc_secbf,8,4.700604,true,osqp,optimal,25,3.186941,0,5.150551,geometric,false,0.000000,0.000000,0.000000,-0.000000,,,0.000000,0.000000,4.682280,0.000000
head_on,context_bl,Standard MPC-CBF,102,10.200,2.200000,0.000000,0.000000,-0.000000,-2.690380,-3.100000,0.080000,-0.500000,0.000000,adult,walking,attentive,,0.000000,0.000000,5.300604,4.700604,0.000000,0.000000,0.000000,0.000000,0.000000,0.000000,0.000000,4.700604,4.700604,4.700604,4.700604,0.000000,horizon_mpc_secbf,8,4.750598,true,osqp,optimal,25,3.227585,0,5.200547,geometric,false,0.000000,0.000000,0.000000,-0.000000,,,0.000000,0.000000,4.682280,0.000000
head_on,context_bl,Standard MPC-CBF,103,10.300,2.200000,0.000000,0.000000,-0.000000,-2.690380,-3.150000,0.080000,-0.500000,0.000000,adult,walking,attentive,,0.000000,0.000000,5.350598,4.750598,0.000000,0.000000,0.000000,0.000000,0.000000,0.000000,0.000000,4.750598,4.750598,4.750598,4.750598,0.000000,horizon_mpc_secbf,8,4.800593,true,osqp,optimal,25,6.759564,0,5.250542,geometric,false,0.000000,0.000000,0.000000,-0.000000,,,0.000000,0.000000,4.682280,0.000000
head_on,context_bl,Standard MPC-CBF,104,10.400,2.200000,0.000000,0.000000,-0.000000,-2.690380,-3.200000,0.080000,-0.500000,0.000000,adult,walking,attentive,,0.000000,0.000000,5.400593,4.800593,0.000000,0.000000,0.000000,0.000000,0.000000,0.000000,0.000000,4.800593,4.800593,4.800593,4.800593,0.000000,horizon_mpc_secbf,8,4.850587,true,osqp,optimal,25,3.929483,0,5.300538,geometric,false,0.000000,0.000000,0.000000,-0.000000,,,0.000000,0.000000,4.682280,0.000000
head_on,context_bl,Standard MPC-CBF,105,10.500,2.200000,0.000000,0.000000,-0.000000,-2.690380,-3.250000,0.080000,-0.500000,0.000000,adult,walking,attentive,,0.000000,0.000000,5.450587,4.850587,0.000000,0.000000,0.000000,0.000000,0.000000,0.000000,0.000000,4.850587,4.850587,4.850587,4.850587,0.000000,horizon_mpc_secbf,8,4.900582,true,osqp,optimal,25,3.227892,0,5.350533,geometric,false,0.000000,0.000000,0.000000,-0.000000,,,0.000000,0.000000,4.682280,0.000000
head_on,context_bl,Standard MPC-CBF,106,10.600,2.200000,0.000000,0.000000,-0.000000,-2.690380,-3.300000,0.080000,-0.500000,0.000000,adult,walking,attentive,,0.000000,0.000000,5.500582,4.900582,0.000000,0.000000,0.000000,0.000000,0.000000,0.000000,0.000000,4.900582,4.900582,4.900582,4.900582,0.000000,horizon_mpc_secbf,8,4.950577,true,osqp,optimal,25,2.981410,0,5.400529,geometric,false,0.000000,0.000000,0.000000,-0.000000,,,0.000000,0.000000,4.682280,0.000000
head_on,context_bl,Standard MPC-CBF,107,10.700,2.200000,0.000000,0.000000,-0.000000,-2.690380,-3.350000,0.080000,-0.500000,0.000000,adult,walking,attentive,,0.000000,0.000000,5.550577,4.950577,0.000000,0.000000,0.000000,0.000000,0.000000,0.000000,0.000000,4.950577,4.950577,4.950577,4.950577,0.000000,horizon_mpc_secbf,8,5.000571,true,osqp,optimal,25,2.855971,0,5.450525,geometric,false,0.000000,0.000000,0.000000,-0.000000,,,0.000000,0.000000,4.682280,0.000000
head_on,context_bl,Standard MPC-CBF,108,10.800,2.200000,0.000000,0.000000,-0.000000,-2.690380,-3.400000,0.080000,-0.500000,0.000000,adult,walking,attentive,,0.000000,0.000000,5.600571,5.000571,0.000000,0.000000,0.000000,0.000000,0.000000,0.000000,0.000000,5.000571,5.000571,5.000571,5.000571,0.000000,horizon_mpc_secbf,8,5.050566,true,osqp,optimal,25,3.042021,0,5.500520,geometric,false,0.000000,0.000000,0.000000,-0.000000,,,0.000000,0.000000,4.682280,0.000000
head_on,context_bl,Standard MPC-CBF,109,10.900,2.200000,0.000000,0.000000,-0.000000,-2.690380,-3.450000,0.080000,-0.500000,0.000000,adult,walking,attentive,,0.000000,0.000000,5.650566,5.050566,0.000000,0.000000,0.000000,0.000000,0.000000,0.000000,0.000000,5.050566,5.050566,5.050566,5.050566,0.000000,horizon_mpc_secbf,8,5.100561,true,osqp,optimal,25,3.910447,0,5.550516,geometric,false,0.000000,0.000000,0.000000,-0.000000,,,0.000000,0.000000,4.682280,0.000000
head_on,context_bl,Standard MPC-CBF,110,11.000,2.200000,0.000000,0.000000,-0.000000,-2.690380,-3.500000,0.080000,-0.500000,0.000000,adult,walking,attentive,,0.000000,0.000000,5.700561,5.100561,0.000000,0.000000,0.000000,0.000000,0.000000,0.000000,0.000000,5.100561,5.100561,5.100561,5.100561,0.000000,horizon_mpc_secbf,8,5.150556,true,osqp,optimal,25,2.789842,0,5.600512,geometric,false,0.000000,0.000000,0.000000,-0.000000,,,0.000000,0.000000,4.682280,0.000000
head_on,context_bl,Standard MPC-CBF,111,11.100,2.200000,0.000000,0.000000,-0.000000,-2.690380,-3.550000,0.080000,-0.500000,0.000000,adult,walking,attentive,,0.000000,0.000000,5.750556,5.150556,0.000000,0.000000,0.000000,0.000000,0.000000,0.000000,0.000000,5.150556,5.150556,5.150556,5.150556,0.000000,horizon_mpc_secbf,8,5.200552,true,osqp,optimal,25,3.070137,0,5.650508,geometric,false,0.000000,0.000000,0.000000,-0.000000,,,0.000000,0.000000,4.682280,0.000000
head_on,context_bl,Standard MPC-CBF,112,11.200,2.200000,0.000000,0.000000,-0.000000,-2.690380,-3.600000,0.080000,-0.500000,0.000000,adult,walking,attentive,,0.000000,0.000000,5.800552,5.200552,0.000000,0.000000,0.000000,0.000000,0.000000,0.000000,0.000000,5.200552,5.200552,5.200552,5.200552,0.000000,horizon_mpc_secbf,8,5.250547,true,osqp,optimal,25,3.976524,0,5.700504,geometric,false,0.000000,0.000000,0.000000,-0.000000,,,0.000000,0.000000,4.682280,0.000000
head_on,context_bl,Standard MPC-CBF,113,11.300,2.200000,0.000000,0.000000,-0.000000,-2.690380,-3.650000,0.080000,-0.500000,0.000000,adult,walking,attentive,,0.000000,0.000000,5.850547,5.250547,0.000000,0.000000,0.000000,0.000000,0.000000,0.000000,0.000000,5.250547,5.250547,5.250547,5.250547,0.000000,horizon_mpc_secbf,8,5.300542,true,osqp,optimal,25,3.673470,0,5.750500,geometric,false,0.000000,0.000000,0.000000,-0.000000,,,0.000000,0.000000,4.682280,0.000000
head_on,context_bl,Standard MPC-CBF,114,11.400,2.200000,0.000000,0.000000,-0.000000,-2.690380,-3.700000,0.080000,-0.500000,0.000000,adult,walking,attentive,,0.000000,0.000000,5.900542,5.300542,0.000000,0.000000,0.000000,0.000000,0.000000,0.000000,0.000000,5.300542,5.300542,5.300542,5.300542,0.000000,horizon_mpc_secbf,8,5.350538,true,osqp,optimal,25,3.524594,0,5.800496,geometric,false,0.000000,0.000000,0.000000,-0.000000,,,0.000000,0.000000,4.682280,0.000000
head_on,context_bl,Standard MPC-CBF,115,11.500,2.200000,0.000000,0.000000,-0.000000,-2.690380,-3.750000,0.080000,-0.500000,0.000000,adult,walking,attentive,,0.000000,0.000000,5.950538,5.350538,0.000000,0.000000,0.000000,0.000000,0.000000,0.000000,0.000000,5.350538,5.350538,5.350538,5.350538,0.000000,horizon_mpc_secbf,8,5.400533,true,osqp,optimal,25,3.070760,0,5.850493,geometric,false,0.000000,0.000000,0.000000,-0.000000,,,0.000000,0.000000,4.682280,0.000000
head_on,context_bl,Standard MPC-CBF,116,11.600,2.200000,0.000000,0.000000,-0.000000,-2.690380,-3.800000,0.080000,-0.500000,0.000000,adult,walking,attentive,,0.000000,0.000000,6.000533,5.400533,0.000000,0.000000,0.000000,0.000000,0.000000,0.000000,0.000000,5.400533,5.400533,5.400533,5.400533,0.000000,horizon_mpc_secbf,8,5.450529,true,osqp,optimal,25,3.273355,0,5.900489,geometric,false,0.000000,0.000000,0.000000,-0.000000,,,0.000000,0.000000,4.682280,0.000000
head_on,context_bl,Standard MPC-CBF,117,11.700,2.200000,0.000000,0.000000,-0.000000,-2.690380,-3.850000,0.080000,-0.500000,0.000000,adult,walking,attentive,,0.000000,0.000000,6.050529,5.450529,0.000000,0.000000,0.000000,0.000000,0.000000,0.000000,0.000000,5.450529,5.450529,5.450529,5.450529,0.000000,horizon_mpc_secbf,8,5.500525,true,osqp,optimal,25,3.126385,0,5.950485,geometric,false,0.000000,0.000000,0.000000,-0.000000,,,0.000000,0.000000,4.682280,0.000000
head_on,context_bl,Standard MPC-CBF,118,11.800,2.200000,0.000000,0.000000,-0.000000,-2.690380,-3.900000,0.080000,-0.500000,0.000000,adult,walking,attentive,,0.000000,0.000000,6.100525,5.500525,0.000000,0.000000,0.000000,0.000000,0.000000,0.000000,0.000000,5.500525,5.500525,5.500525,5.500525,0.000000,horizon_mpc_secbf,8,5.550520,true,osqp,optimal,25,3.412305,0,6.000482,geometric,false,0.000000,0.000000,0.000000,-0.000000,,,0.000000,0.000000,4.682280,0.000000
head_on,context_bl,Standard MPC-CBF,119,11.900,2.200000,0.000000,0.000000,-0.000000,-2.690380,-3.950000,0.080000,-0.500000,0.000000,adult,walking,attentive,,0.000000,0.000000,6.150520,5.550520,0.000000,0.000000,0.000000,0.000000,0.000000,0.000000,0.000000,5.550520,5.550520,5.550520,5.550520,0.000000,horizon_mpc_secbf,8,5.600516,true,osqp,optimal,25,3.561810,0,6.050478,geometric,false,0.000000,0.000000,0.000000,-0.000000,,,0.000000,0.000000,4.682280,0.000000
head_on,context_bl,EESM-MPC-ECBF,0,0.000,-2.200000,0.000000,0.000000,0.000000,0.000000,2.000000,0.080000,-0.500000,0.000000,unknown,walking,unknown,7.202830,1.000000,0.000000,4.200762,3.600762,0.000000,0.000000,0.000000,0.000000,0.499897,0.499897,0.000000,3.600762,3.100865,3.100865,3.100865,0.000000,horizon_mpc_secbf,8,2.125030,true,osqp,optimal,75,5.117085,0,1.980051,geometric,false,0.750000,0.000000,0.621017,-0.000000,,,0.621017,0.621017,0.062102,4.400000
head_on,context_bl,EESM-MPC-ECBF,1,0.100,-2.137898,-0.000000,0.621017,-0.000000,-0.000000,1.950000,0.080000,-0.500000,0.000000,unknown,walking,unknown,3.112664,1.000000,0.000000,4.088681,3.488681,0.000000,0.000000,0.000000,0.000000,1.120721,1.120721,0.000000,3.488681,2.367960,2.367960,2.367960,0.000000,horizon_mpc_secbf,8,1.380687,true,osqp,optimal,75,5.278662,0,1.142094,geometric,false,0.750000,0.000000,0.726100,-0.000000,,,0.726100,0.105084,0.134712,4.337898
head_on,context_bl,EESM-MPC-ECBF,2,0.200,-2.065288,-0.000000,0.726100,-0.000000,-0.000000,1.900000,0.080000,-0.500000,0.000000,unknown,walking,unknown,2.745926,1.000000,0.000000,3.966095,3.366095,0.000000,0.000000,0.000000,0.000000,1.225739,1.225739,0.000000,3.366095,2.140356,2.140356,2.140356,0.000000,horizon_mpc_secbf,8,1.152153,true,osqp,optimal,75,5.099831,0,0.905019,geometric,false,0.750000,0.000000,0.735588,-0.000000,,,0.735588,0.009488,0.208271,4.265288
head_on,context_bl,EESM-MPC-ECBF,3,0.300,-1.991729,-0.000000,0.735588,-0.000000,-0.000000,1.850000,0.080000,-0.500000,0.000000,unknown,walking,unknown,2.624875,1.000000,0.000000,3.842562,3.242562,0.000000,0.000000,0.000000,0.000000,1.235194,1.235194,0.000000,3.242562,2.007369,2.007369,2.007369,0.000000,horizon_mpc_secbf,8,1.019186,true,osqp,optimal,75,3.113059,0,0.772048,geometric,false,0.750000,0.000000,0.735588,-0.000000,,,0.735588,0.000000,0.281829,4.191729
head_on,context_bl,EESM-MPC-ECBF,4,0.400,-1.918171,-0.000000,0.735588,-0.000000,-0.000000,1.800000,0.080000,-0.500000,0.000000,unknown,walking,unknown,2.524913,1.000000,0.000000,3.719031,3.119031,0.000000,0.000000,0.000000,0.000000,1.235160,1.235160,0.000000,3.119031,1.883871,1.883871,1.883871,0.000000,horizon_mpc_secbf,8,0.895711,true,osqp,optimal,75,2.913018,0,0.648568,geometric,false,0.750000,0.000000,0.735588,-0.000000,,,0.735588,0.000000,0.355388,4.118171
head_on,context_bl,EESM-MPC-ECBF,5,0.500,-1.844612,-0.000000,0.735588,-0.000000,-0.000000,1.750000,0.080000,-0.500000,0.000000,unknown,walking,unknown,2.424953,1.000000,0.000000,3.595502,2.995502,0.000000,0.000000,0.000000,0.000000,1.235122,1.235122,0.000000,2.995502,1.760379,1.760379,1.760379,0.000000,horizon_mpc_secbf,8,0.772246,true,osqp,optimal,75,3.490715,0,0.525097,geometric,false,0.750000,0.000000,0.735588,-0.000000,,,0.735588,0.000000,0.428947,4.044612
head_on,context_bl,EESM-MPC-ECBF,6,0.600,-1.771053,-0.000000,0.735588,-0.000000,-0.000000,1.700000,0.080000,-0.500000,0.000000,unknown,walking,unknown,2.324995,1.000000,0.000000,3.471975,2.871975,0.000000,0.000000,0.000000,0.000000,1.235079,1.235079,0.000000,2.871975,1.636896,1.636896,1.636896,0.000000,horizon_mpc_secbf,8,0.648791,true,osqp,optimal,75,3.098983,0,0.401635,geometric,false,0.750000,0.000000,0.735588,-0.000000,,,0.735588,0.000000,0.502506,3.971053
head_on,context_bl,EESM-MPC-ECBF,7,0.700,-1.697494,-0.000000,0.735588,-0.000000,-0.000000,1.650000,0.080000,-0.500000,0.000000,unknown,walking,unknown,2.225041,1.000000,0.000000,3.348450,2.748450,0.000000,0.000000,0.000000,0.000000,1.235030,1.235030,0.000000,2.748450,1.513420,1.513420,1.513420,0.000000,horizon_mpc_secbf,8,0.525350,true,osqp,optimal,75,3.443579,0,0.278185,geometric,false,0.750000,0.000000,0.735588,-0.000000,,,0.735588,0.000000,0.576065,3.897494
head_on,context_bl,EESM-MPC-ECBF,8,0.800,-1.623935,-0.000000,0.735588,-0.000000,-0.000000,1.600000,0.080000,-0.500000,0.000000,unknown,walking,unknown,2.125089,1.000000,0.000000,3.224928,2.624928,0.000000,0.000000,0.000000,0.000000,1.234972,1.234972,0.000000,2.624928,1.389956,1.389956,1.389956,0.000000,horizon_mpc_secbf,8,0.401923,true,osqp,optimal,75,4.093285,0,0.154747,geometric,false,0.750000,0.000000,0.735588,-0.000000,,,0.735588,0.000000,0.649624,3.823935
head_on,context_bl,EESM-MPC-ECBF,9,0.900,-1.550376,-0.000000,0.735588,-0.000000,-0.000000,1.550000,0.080000,-0.500000,0.000000,unknown,walking,unknown,2.025141,1.000000,0.000000,3.101408,2.501408,0.000000,0.000000,0.000000,0.000000,1.234905,1.234905,0.000000,2.501408,1.266503,1.266503,1.266503,0.000000,horizon_mpc_secbf,8,0.278515,true,osqp,optimal,75,4.163894,0,0.031326,geometric,false,0.750000,0.000000,0.735588,-0.000000,,,0.735588,0.000000,0.723182,3.750376
head_on,context_bl,EESM-MPC-ECBF,10,1.000,-1.476818,-0.000000,0.735588,-0.000000,-0.000000,1.500000,0.080000,-0.500000,0.000000,unknown,walking,unknown,1.925197,1.000000,0.000000,2.977892,2.377892,0.000000,0.000000,0.000000,0.000000,1.234826,1.234826,0.000000,2.377892,1.143066,1.143066,1.143066,0.000000,horizon_mpc_secbf,8,0.155129,true,osqp,optimal,75,4.241088,0,-0.092076,geometric,false,0.750000,0.000000,0.735588,-0.000000,,,0.735588,0.000000,0.796741,3.676818
head_on,context_bl,EESM-MPC-ECBF,11,1.100,-1.403259,-0.000000,0.735588,-0.000000,-0.000000,1.450000,0.080000,-0.500000,0.000000,adult,walking,attentive,1.825257,1.000000,0.000000,2.854380,2.254380,0.000000,0.000000,0.000000,0.000000,1.234733,1.234733,0.000000,2.254380,1.019647,1.019647,1.019647,0.000000,horizon_mpc_secbf,8,0.031770,true,osqp,optimal,75,3.069576,0,-0.215456,geometric,false,0.750000,0.000000,0.735588,-0.000000,,,0.735588,0.000000,0.870300,3.603259
head_on,context_bl,EESM-MPC-ECBF,12,1.200,-1.329700,-0.000000,0.735588,-0.000000,-0.000000,1.400000,0.080000,-0.500000,0.000000,adult,walking,attentive,1.725321,1.000000,0.000000,2.730872,2.130872,0.000000,0.000000,0.000000,0.000000,1.234620,1.234620,0.000000,2.130872,0.896252,0.896252,0.896252,0.000132,horizon_mpc_secbf,8,-0.000131,true,osqp,optimal,50,3.151476,0,-0.241633,geometric,false,0.750000,0.000000,0.638656,-0.005155,,,0.638676,0.097070,0.934168,3.529700
head_on,context_bl,EESM-MPC-ECBF,13,1.300,-1.265834,-0.000516,0.638656,-0.005155,-0.008072,1.350000,0.080000,-0.500000,0.000000,adult,walking,attentive,1.772537,1.000000,0.000000,2.617073,2.017073,0.000000,0.000000,0.000000,0.000000,1.137412,1.137412,0.000000,2.017073,0.879661,0.879661,0.879661,0.000150,horizon_mpc_secbf,8,-0.000150,true,osqp,optimal,50,3.527361,0,-0.226570,geometric,false,0.750000,0.000112,0.607134,-0.007460,,,0.607180,0.031606,0.994886,3.465834
head_on,context_bl,EESM-MPC-ECBF,14,1.400,-1.205121,-0.001262,0.607134,-0.007460,-0.012287,1.300000,0.080000,-0.500000,0.000000,adult,walking,attentive,1.723241,1.000000,0.000000,2.506439,1.906439,0.000000,0.000000,0.000000,0.000000,1.105639,1.105639,0.000000,1.906439,0.800799,0.800799,0.800799,0.000249,horizon_mpc_secbf,8,-0.000249,true,osqp,optimal,50,3.332942,0,-0.217914,geometric,false,0.750000,0.000278,0.519952,-0.014016,,,0.520141,0.087428,1.046900,3.405121
head_on,context_bl,EESM-MPC-ECBF,15,1.500,-1.153126,-0.002663,0.519952,-0.014016,-0.026950,1.250000,0.080000,-0.500000,0.000000,adult,walking,attentive,1.771130,1.000000,0.000000,2.404547,1.804547,0.000000,0.000000,0.000000,0.000000,1.017999,1.017999,0.000000,1.804547,0.786548,0.786548,0.786548,0.000263,horizon_mpc_secbf,8,-0.000263,true,osqp,optimal,50,3.808306,0,-0.205547,geometric,false,0.750000,0.000596,0.493569,-0.018150,,,0.493903,0.026705,1.096290,3.353127
head_on,context_bl,EESM-MPC-ECBF,16,1.600,-1.103769,-0.004478,0.493569,-0.018150,-0.036757,1.200000,0.080000,-0.500000,0.000000,adult,walking,attentive,1.718660,1.000000,0.000000,2.305317,1.705317,0.000000,0.000000,0.000000,0.000000,0.991104,0.991104,0.000000,1.705317,0.714213,0.714213,0.714213,0.000352,horizon_mpc_secbf,8,-0.000352,true,osqp,optimal,50,3.220620,0,-0.199513,geometric,false,0.749999,0.001017,0.415734,-0.028384,,,0.416701,0.078505,1.137960,3.303772
head_on,context_bl,EESM-MPC-ECBF,17,1.700,-1.062195,-0.007317,0.415734,-0.028384,-0.068170,1.150000,0.080000,-0.500000,0.000000,adult,walking,attentive,1.765965,1.000000,0.000000,2.213918,1.613918,0.000000,0.000000,0.000000,0.000000,0.912304,0.912304,0.000000,1.613918,0.701614,0.701614,0.701614,0.000362,horizon_mpc_secbf,8,-0.000362,true,osqp,optimal,50,4.060580,0,-0.190349,geometric,false,0.749998,0.001682,0.394439,-0.035960,,,0.396075,0.022601,1.177568,3.262204
head_on,context_bl,EESM-MPC-ECBF,18,1.800,-1.022752,-0.010913,0.394439,-0.035960,-0.090915,1.100000,0.080000,-0.500000,0.000000,adult,walking,attentive,1.709146,1.000000,0.000000,2.124697,1.524697,0.000000,0.000000,0.000000,0.000000,0.889850,0.889850,0.000000,1.524697,0.634847,0.634847,0.634847,0.000442,horizon_mpc_secbf,8,-0.000442,true,osqp,optimal,50,4.685644,0,-0.187606,geometric,false,0.749996,0.002540,0.325888,-0.052273,,,0.330054,0.070465,1.210573,3.222770
head_on,context_bl,EESM-MPC-ECBF,19,1.900,-0.990163,-0.016140,0.325888,-0.052273,-0.159047,1.050000,0.080000,-0.500000,0.000000,adult,walking,attentive,1.753684,1.000000,0.000000,2.042427,1.442427,0.000000,0.000000,0.000000,0.000000,0.819116,0.819116,0.000000,1.442427,0.623310,0.623310,0.623310,0.000449,horizon_mpc_secbf,8,-0.000449,true,osqp,optimal,50,3.417333,0,-0.182200,geometric,false,0.749990,0.003794,0.309929,-0.065263,,,0.316726,0.020578,1.242246,3.190203
head_on,context_bl,EESM-MPC-ECBF,20,2.000,-0.959170,-0.022666,0.309929,-0.065263,-0.207543,1.000000,0.080000,-0.500000,0.000000,adult,walking,attentive,1.690900,1.000000,0.000000,1.961858,1.361858,0.000000,0.000000,0.000000,0.000000,0.800413,0.800413,0.000000,1.361858,0.561445,0.561445,0.561445,0.000520,horizon_mpc_secbf,8,-0.000520,true,osqp,optimal,50,3.185130,0,-0.183772,geometric,false,0.749981,0.005381,0.251603,-0.092417,,,0.268039,0.064337,1.269050,3.159251
head_on,context_bl,EESM-MPC-ECBF,21,2.100,-0.934009,-0.031908,0.251603,-0.092417,-0.352015,0.950000,0.080000,-0.500000,0.000000,adult,walking,attentive,1.728423,1.000000,0.000000,1.887330,1.287330,0.000000,0.000000,0.000000,0.000000,0.736637,0.736637,0.000000,1.287330,0.550693,0.550693,0.550693,0.000522,horizon_mpc_secbf,8,-0.000522,true,osqp,optimal,50,3.262680,0,-0.183187,geometric,false,0.749961,0.007636,0.242944,-0.122017,,,0.271864,0.030840,1.296236,3.134172
head_on,context_bl,EESM-MPC-ECBF,22,2.200,-0.909715,-0.044110,0.242944,-0.122017,-0.465439,0.900000,0.080000,-0.500000,0.000000,adult,walking,attentive,1.656488,1.000000,0.000000,1.813966,1.213966,0.000000,0.000000,0.000000,0.000000,0.719170,0.719170,0.000000,1.213966,0.494796,0.494796,0.494796,0.000581,horizon_mpc_secbf,8,-0.000581,true,osqp,optimal,50,3.254660,0,-0.190350,geometric,false,0.749925,0.010637,0.199318,-0.174688,,,0.265035,0.068393,1.322740,3.110028
head_on,context_bl,EESM-MPC-ECBF,23,2.300,-0.889783,-0.061579,0.199318,-0.174688,-0.719640,0.850000,0.080000,-0.500000,0.000000,adult,walking,attentive,1.677591,1.000000,0.000000,1.745534,1.145534,0.000000,0.000000,0.000000,0.000000,0.658063,0.658063,0.000000,1.145534,0.487471,0.487471,0.487471,0.000574,horizon_mpc_secbf,8,-0.000573,true,osqp,optimal,50,4.155337,0,-0.197025,geometric,false,0.749851,0.014944,0.205235,-0.219983,,,0.300856,0.045680,1.352825,3.090397
head_on,context_bl,EESM-MPC-ECBF,24,2.400,-0.869260,-0.083577,0.205235,-0.219983,-0.820068,0.800000,0.080000,-0.500000,0.000000,adult,walking,attentive,1.583223,1.000000,0.000000,1.677255,1.077255,0.000000,0.000000,0.000000,0.000000,0.639729,0.639729,0.000000,1.077255,0.437527,0.437527,0.437527,0.000618,horizon_mpc_secbf,8,-0.000617,true,osqp,optimal,50,4.947831,0,-0.214799,geometric,false,0.749722,0.020415,0.183905,-0.284048,,,0.338385,0.067522,1.386664,3.070397
head_on,context_bl,EESM-MPC-ECBF,25,2.500,-0.850869,-0.111982,0.183905,-0.284048,-0.996219,0.750000,0.080000,-0.500000,0.000000,adult,walking,attentive,1.568988,1.000000,0.000000,1.612340,1.012340,0.000000,0.000000,0.000000,0.000000,0.579176,0.579176,0.000000,1.012340,0.433163,0.433163,0.433163,0.000597,horizon_mpc_secbf,8,-0.000596,true,osqp,optimal,50,4.609461,0,-0.234636,geometric,false,0.749495,0.027510,0.213314,-0.334619,,,0.396829,0.058501,1.426347,3.052924
head_on,context_bl,EESM-MPC-ECBF,26,2.600,-0.829538,-0.145444,0.213314,-0.334619,-1.003271,0.700000,0.080000,-0.500000,0.000000,adult,walking,attentive,1.440201,1.000000,0.000000,1.546063,0.946063,0.000000,0.000000,0.000000,0.000000,0.556168,0.556168,0.000000,0.946063,0.389895,0.389895,0.389895,0.000619,horizon_mpc_secbf,8,-0.000618,true,osqp,optimal,50,5.239494,0,-0.271168,geometric,false,0.749137,0.035965,0.228490,-0.404764,,,0.464803,0.071767,1.472827,3.033027
head_on,context_bl,EESM-MPC-ECBF,27,2.700,-0.806689,-0.185920,0.228490,-0.404764,-1.056888,0.650000,0.080000,-0.500000,0.000000,adult,walking,attentive,1.367732,1.000000,0.000000,1.480762,0.880762,0.000000,0.000000,0.000000,0.000000,0.490766,0.490766,0.000000,0.880762,0.389995,0.389995,0.389995,0.000574,horizon_mpc_secbf,8,-0.000572,true,osqp,optimal,50,4.815170,0,-0.312806,geometric,false,0.748570,0.046288,0.296801,-0.448103,,,0.537482,0.080899,1.526575,3.012432
head_on,context_bl,EESM-MPC-ECBF,28,2.800,-0.777009,-0.230730,0.296801,-0.448103,-0.985788,0.600000,0.080000,-0.500000,0.000000,adult,walking,attentive,1.196004,1.000000,0.000000,1.411632,0.811632,0.000000,0.000000,0.000000,0.000000,0.456400,0.456400,0.000000,0.811632,0.355232,0.355232,0.355232,0.000563,horizon_mpc_secbf,8,-0.000533,true,osqp,optimal,50,3.290725,0,-0.374735,geometric,false,0.747758,0.057954,0.362386,-0.502921,,,0.619882,0.085478,1.588563,2.985937
head_on,context_bl,EESM-MPC-ECBF,29,2.900,-0.740770,-0.281022,0.362386,-0.502921,-0.946403,0.550000,0.080000,-0.500000,0.000000,adult,walking,attentive,1.065119,1.000000,0.000000,1.340308,0.740308,0.000000,0.000000,0.000000,0.000000,0.375988,0.375988,0.000000,0.740308,0.364319,0.364319,0.364319,0.000477,horizon_mpc_secbf,8,-0.000212,true,osqp,optimal,350,4.811810,0,-0.436525,geometric,false,0.746599,0.071346,0.472343,-0.501503,,,0.688922,0.109966,1.657455,2.954167
head_on,context_bl,EESM-MPC-ECBF,30,3.000,-0.693536,-0.331173,0.472343,-0.501503,-0.815333,0.500000,0.080000,-0.500000,0.000000,adult,walking,attentive,0.876189,1.000000,0.000000,1.262375,0.662375,0.000000,0.000000,0.000000,0.000000,0.323278,0.323278,0.000000,0.662375,0.339097,0.339097,0.339097,0.000381,horizon_mpc_secbf,8,-0.000055,true,osqp,optimal,100,4.755385,0,-0.490024,geometric,false,0.745135,0.085283,0.547209,-0.493072,,,0.736585,0.075339,1.731114,2.912426
head_on,context_bl,EESM-MPC-ECBF,31,3.100,-0.638815,-0.380480,0.547209,-0.493072,-0.733405,0.450000,0.080000,-0.500000,0.000000,adult,walking,attentive,0.753695,1.000000,0.000000,1.182184,0.582184,0.000000,0.000000,0.000000,0.000000,0.227725,0.227725,0.000000,0.582184,0.354460,0.354460,0.354460,0.000165,horizon_mpc_secbf,8,-0.000048,true,osqp,optimal,75,3.637289,0,-0.524970,geometric,false,0.743353,0.099630,0.627376,-0.407533,,,0.748120,0.117234,1.805926,2.864199
head_on,context_bl,EESM-MPC-ECBF,32,3.200,-0.576077,-0.421233,0.627376,-0.407533,-0.576082,0.400000,0.080000,-0.500000,0.000000,adult,walking,attentive,0.608847,1.000000,0.000000,1.097252,0.497252,0.000000,0.000000,0.000000,0.000000,0.175977,0.175977,0.000000,0.497252,0.321275,0.321275,0.321275,0.000169,horizon_mpc_secbf,8,-0.000035,true,osqp,optimal,100,5.253761,0,-0.561426,geometric,false,0.741512,0.112515,0.660592,-0.327386,,,0.737267,0.086758,1.879653,2.807854
head_on,context_bl,EESM-MPC-ECBF,33,3.300,-0.510018,-0.453972,0.660592,-0.327386,-0.460117,0.350000,0.080000,-0.500000,0.000000,adult,walking,attentive,0.506945,1.000000,0.000000,1.012303,0.412303,0.000000,0.000000,0.000000,0.000000,0.100008,0.100008,0.000000,0.412303,0.312295,0.312295,0.312295,0.000088,horizon_mpc_secbf,8,0.000031,true,osqp,optimal,50,6.543198,0,-0.591563,geometric,false,0.739693,0.123911,0.703282,-0.224314,,,0.738188,0.111563,1.953471,2.747779
head_on,context_bl,EESM-MPC-ECBF,34,3.400,-0.439690,-0.476403,0.703282,-0.224314,-0.308753,0.300000,0.080000,-0.500000,0.000000,adult,walking,attentive,0.393819,1.000000,0.000000,0.925595,0.325595,0.000000,0.000000,0.000000,0.000000,0.017610,0.017610,0.000000,0.325595,0.307985,0.307985,0.307985,0.000000,horizon_mpc_secbf,8,0.035811,true,osqp,optimal,50,3.704515,0,-0.588396,geometric,false,0.738076,0.133206,0.732245,-0.147004,,,0.746855,0.082556,2.028157,2.682335
head_on,context_bl,EESM-MPC-ECBF,35,3.500,-0.366466,-0.491104,0.732245,-0.147004,-0.198125,0.250000,0.080000,-0.500000,0.000000,adult,walking,attentive,0.298926,1.000000,0.000000,0.840351,0.240351,0.000000,0.000000,0.000000,0.000000,0.000000,0.000000,0.000000,0.240351,0.345972,0.345972,0.240351,0.000000,horizon_mpc_secbf,8,0.048547,true,osqp,optimal,50,4.461060,0,-0.569455,geometric,false,0.736635,0.140958,0.735491,-0.142035,,,0.749080,0.005935,2.103065,2.613030
head_on,context_bl,EESM-MPC-ECBF,36,3.600,-0.292916,-0.505307,0.735491,-0.142035,-0.190768,0.200000,0.080000,-0.500000,0.000000,adult,walking,attentive,0.240413,1.000000,0.000000,0.765213,0.165213,0.000000,0.000000,0.000000,0.000000,0.000000,0.000000,0.000000,0.165213,0.439444,0.439444,0.165213,0.000000,horizon_mpc_secbf,8,0.044802,true,osqp,optimal,50,4.130843,0,-0.518427,geometric,false,0.735052,0.148993,0.734979,-0.146267,,,0.749391,0.004262,2.178004,2.543613
head_on,context_bl,EESM-MPC-ECBF,37,3.700,-0.219419,-0.519934,0.734979,-0.146267,-0.196441,0.150000,0.080000,-0.500000,0.000000,adult,walking,attentive,0.199908,1.000000,0.000000,0.704550,0.104550,0.000000,0.000000,0.000000,0.000000,0.000000,0.000000,0.000000,0.104550,0.542808,0.542808,0.104550,0.000000,horizon_mpc_secbf,8,0.042202,true,osqp,optimal,50,3.573260,0,-0.417039,geometric,false,0.733259,0.157578,0.734821,-0.147817,,,0.749541,0.001558,2.252958,2.474655
head_on,context_bl,EESM-MPC-ECBF,38,3.800,-0.145936,-0.534715,0.734821,-0.147817,-0.198511,0.100000,0.080000,-0.500000,0.000000,adult,walking,attentive,0.193153,1.000000,0.000000,0.662088,0.062088,0.000000,0.000000,0.000000,0.000000,0.000000,0.000000,0.000000,0.062088,0.648739,0.648739,0.062088,0.000000,horizon_mpc_secbf,8,0.040921,true,osqp,optimal,75,4.989334,0,-0.263053,geometric,false,0.731245,0.166675,0.735589,-0.144140,,,0.749578,0.003756,2.327916,2.406104
head_on,context_bl,EESM-MPC-ECBF,39,3.900,-0.072377,-0.549129,0.735589,-0.144140,-0.193500,0.050000,0.080000,-0.500000,0.000000,adult,walking,attentive,0.433325,1.000000,0.000000,0.640921,0.040921,0.000000,0.000000,0.000000,0.000000,0.000000,0.000000,0.000000,0.040921,0.755428,0.755428,0.040921,0.000000,horizon_mpc_secbf,8,0.042577,true,osqp,optimal,75,4.119561,0,-0.063016,geometric,false,0.729016,0.176170,0.735590,-0.134460,,,0.747778,0.009680,2.402694,2.337786
head_on,context_bl,EESM-MPC-ECBF,40,4.000,0.001181,-0.562575,0.735590,-0.134460,-0.180796,0.000000,0.080000,-0.500000,0.000000,adult,walking,attentive,,0.000000,0.000000,0.642577,0.042577,0.000000,0.000000,0.000000,0.000000,0.000000,0.000000,0.000000,0.042577,0.042577,0.042577,0.042577,0.000000,horizon_mpc_secbf,8,0.066261,true,osqp,optimal,75,4.408122,0,0.163886,geometric,false,0.726595,0.185902,0.735590,-0.119038,,,0.745160,0.015422,2.477210,2.269646
head_on,context_bl,EESM-MPC-ECBF,41,4.100,0.074741,-0.574479,0.735590,-0.119038,-0.160435,-0.050000,0.080000,-0.500000,0.000000,adult,walking,attentive,,0.000000,0.000000,0.666261,0.066261,0.000000,0.000000,0.000000,0.000000,0.000000,0.000000,0.000000,0.066261,0.066261,0.066261,0.066261,0.000000,horizon_mpc_secbf,8,0.109224,true,osqp,optimal,75,4.086540,0,0.394443,geometric,false,0.724015,0.195709,0.735590,-0.098593,,,0.742168,0.020444,2.551427,2.201535
head_on,context_bl,EESM-MPC-ECBF,42,4.200,0.148299,-0.584338,0.735590,-0.098593,-0.133239,-0.100000,0.080000,-0.500000,0.000000,adult,walking,attentive,,0.000000,0.000000,0.709224,0.109224,0.000000,0.000000,0.000000,0.000000,0.000000,0.000000,0.000000,0.109224,0.109224,0.109224,0.109224,0.000000,horizon_mpc_secbf,8,0.167801,true,osqp,optimal,75,3.732082,0,0.611169,geometric,false,0.721316,0.205436,0.735588,-0.074052,,,0.739306,0.024541,2.625357,2.133290
head_on,context_bl,EESM-MPC-ECBF,43,4.300,0.221858,-0.591744,0.735588,-0.074052,-0.100332,-0.150000,0.080000,-0.500000,0.000000,adult,walking,attentive,,0.000000,0.000000,0.767801,0.167801,0.000000,0.000000,0.000000,0.000000,0.000000,0.000000,0.000000,0.167801,0.167801,0.167801,0.167801,0.000000,horizon_mpc_secbf,8,0.238406,true,osqp,optimal,75,3.603807,0,0.806758,geometric,false,0.718539,0.214945,0.735587,-0.046340,,,0.737045,0.027712,2.699062,2.064753
head_on,context_bl,EESM-MPC-ECBF,44,4.400,0.295417,-0.596378,0.735587,-0.046340,-0.062914,-0.200000,0.080000,-0.500000,0.000000,adult,walking,attentive,,0.000000,0.000000,0.838406,0.238406,0.000000,0.000000,0.000000,0.000000,0.000000,0.000000,0.000000,0.238406,0.238406,0.238406,0.238406,0.000000,horizon_mpc_secbf,8,0.318053,true,osqp,optimal,75,3.550200,0,0.981645,geometric,false,0.715732,0.224115,0.735587,-0.016271,,,0.735767,0.030069,2.772638,1.995771
head_on,context_bl,EESM-MPC-ECBF,45,4.500,0.368976,-0.598005,0.735587,-0.016271,-0.022116,-0.250000,0.080000,-0.500000,0.000000,adult,walking,attentive,,0.000000,0.000000,0.918053,0.318053,0.000000,0.000000,0.000000,0.000000,0.000000,0.000000,0.000000,0.318053,0.318053,0.318053,0.318053,0.000000,horizon_mpc_secbf,8,0.404465,true,osqp,optimal,75,4.203424,0,1.139684,geometric,false,0.712940,0.232843,0.735587,0.015484,,,0.735750,0.031755,2.846213,1.926203
head_on,context_bl,EESM-MPC-ECBF,46,4.600,0.442534,-0.596456,0.735587,0.015484,0.021046,-0.300000,0.080000,-0.500000,0.000000,adult,walking,attentive,,0.000000,0.000000,1.004465,0.404465,0.000000,0.000000,0.000000,0.000000,0.000000,0.000000,0.000000,0.404465,0.404465,0.404465,0.404465,0.000000,horizon_mpc_secbf,8,0.495988,true,osqp,optimal,75,3.942849,0,1.285275,geometric,false,0.710213,0.241035,0.735588,0.048376,,,0.737177,0.032893,2.919931,1.855922
head_on,context_bl,EESM-MPC-ECBF,47,4.700,0.516093,-0.591619,0.735588,0.048376,0.065671,-0.350000,0.080000,-0.500000,0.000000,adult,walking,attentive,,0.000000,0.000000,1.095988,0.495988,0.000000,0.000000,0.000000,0.000000,0.000000,0.000000,0.000000,0.495988,0.495988,0.495988,0.495988,0.000000,horizon_mpc_secbf,8,0.591446,true,osqp,optimal,75,4.338329,0,1.422181,geometric,false,0.707598,0.248605,0.735588,0.081948,,,0.740139,0.033572,2.993945,1.784812
head_on,context_bl,EESM-MPC-ECBF,48,4.800,0.589652,-0.583424,0.735588,0.081948,0.110948,-0.400000,0.080000,-0.500000,0.000000,adult,walking,attentive,,0.000000,0.000000,1.191446,0.591446,0.000000,0.000000,0.000000,0.000000,0.000000,0.000000,0.000000,0.591446,0.591446,0.591446,0.591446,0.000000,horizon_mpc_secbf,8,0.690015,true,osqp,optimal,50,3.745384,0,1.553285,geometric,false,0.705148,0.255473,0.735576,0.115781,,,0.744632,0.033833,3.068408,1.712777
head_on,context_bl,EESM-MPC-ECBF,49,4.900,0.663210,-0.571846,0.735576,0.115781,0.156121,-0.450000,0.080000,-0.500000,0.000000,adult,walking,attentive,,0.000000,0.000000,1.290015,0.690015,0.000000,0.000000,0.000000,0.000000,0.000000,0.000000,0.000000,0.690015,0.690015,0.690015,0.690015,0.000000,horizon_mpc_secbf,8,0.790899,true,osqp,optimal,50,3.030771,0,1.678519,geometric,false,0.702914,0.261557,0.732930,0.149306,,,0.747984,0.033630,3.143207,1.639735
head_on,context_bl,EESM-MPC-ECBF,50,5.000,0.736503,-0.556915,0.732930,0.149306,0.200962,-0.500000,0.080000,-0.500000,0.000000,adult,walking,attentive,,0.000000,0.000000,1.390899,0.790899,0.000000,0.000000,0.000000,0.000000,0.000000,0.000000,0.000000,0.790899,0.790899,0.790899,0.790899,0.000000,horizon_mpc_secbf,8,0.892938,true,osqp,optimal,75,4.232150,0,1.793918,geometric,false,0.700963,0.266742,0.721343,0.180710,,,0.743634,0.033473,3.217570,1.565880
head_on,context_bl,EESM-MPC-ECBF,51,5.100,0.808637,-0.538844,0.721343,0.180710,0.245467,-0.550000,0.080000,-0.500000,0.000000,adult,walking,attentive,,0.000000,0.000000,1.492938,0.892938,0.000000,0.000000,0.000000,0.000000,0.000000,0.000000,0.000000,0.892938,0.892938,0.892938,0.892938,0.000000,horizon_mpc_secbf,8,0.995677,true,osqp,optimal,75,4.315926,0,1.905258,geometric,false,0.699383,0.270856,0.708653,0.211347,,,0.739498,0.033161,3.291520,1.492060
head_on,context_bl,EESM-MPC-ECBF,52,5.200,0.879502,-0.517710,0.708653,0.211347,0.289839,-0.600000,0.080000,-0.500000,0.000000,adult,walking,attentive,,0.000000,0.000000,1.595677,0.995677,0.000000,0.000000,0.000000,0.000000,0.000000,0.000000,0.000000,0.995677,0.995677,0.995677,0.995677,0.000000,horizon_mpc_secbf,8,1.098935,true,osqp,optimal,75,3.106262,0,2.014992,geometric,false,0.698254,0.273755,0.696546,0.240576,,,0.736921,0.031638,3.365212,1.418357
head_on,context_bl,EESM-MPC-ECBF,53,5.300,0.949157,-0.493652,0.696546,0.240576,0.332557,-0.650000,0.080000,-0.500000,0.000000,adult,walking,attentive,,0.000000,0.000000,1.698935,1.098935,0.000000,0.000000,0.000000,0.000000,0.000000,0.000000,0.000000,1.098935,1.098935,1.098935,1.098935,0.000000,horizon_mpc_secbf,8,1.202846,true,osqp,optimal,75,4.769884,0,2.126332,geometric,false,0.697636,0.275326,0.686500,0.264829,,,0.735810,0.026251,3.438793,1.344731
head_on,context_bl,EESM-MPC-ECBF,54,5.400,1.017807,-0.467169,0.686500,0.264829,0.368176,-0.700000,0.080000,-0.500000,0.000000,adult,walking,attentive,,0.000000,0.000000,1.802846,1.202846,0.000000,0.000000,0.000000,0.000000,0.000000,0.000000,0.000000,1.202846,1.202846,1.202846,1.202846,0.000000,horizon_mpc_secbf,8,1.308548,true,osqp,optimal,75,4.980113,0,2.249920,geometric,false,0.697513,0.275637,0.684671,0.269246,,,0.735709,0.004781,3.512364,1.271152
head_on,context_bl,EESM-MPC-ECBF,55,5.500,1.086274,-0.440245,0.684671,0.269246,0.374673,-0.750000,0.080000,-0.500000,0.000000,adult,walking,attentive,,0.000000,0.000000,1.908548,1.308548,0.000000,0.000000,0.000000,0.000000,0.000000,0.000000,0.000000,1.308548,1.308548,1.308548,1.308548,0.000000,horizon_mpc_secbf,8,1.415977,true,osqp,optimal,75,5.414881,0,2.374416,geometric,false,0.697485,0.275709,0.684332,0.270063,,,0.735693,0.000884,3.585933,1.197581
head_on,context_bl,EESM-MPC-ECBF,56,5.600,1.154707,-0.413238,0.684332,0.270063,0.375874,-0.800000,0.080000,-0.500000,0.000000,adult,walking,attentive,,0.000000,0.000000,2.015977,1.415977,0.000000,0.000000,0.000000,0.000000,0.000000,0.000000,0.000000,1.415977,1.415977,1.415977,1.415977,0.000000,horizon_mpc_secbf,8,1.524910,true,osqp,optimal,75,4.232068,0,2.498136,geometric,false,0.697474,0.275734,0.684266,0.270224,,,0.735690,0.000175,3.659502,1.124012
head_on,context_bl,EESM-MPC-ECBF,57,5.700,1.223134,-0.386216,0.684266,0.270224,0.376112,-0.850000,0.080000,-0.500000,0.000000,adult,walking,attentive,,0.000000,0.000000,2.124910,1.524910,0.000000,0.000000,0.000000,0.000000,0.000000,0.000000,0.000000,1.524910,1.524910,1.524910,1.524910,0.000000,horizon_mpc_secbf,8,1.635132,true,osqp,optimal,75,2.888509,0,2.621004,geometric,false,0.697467,0.275752,0.684248,0.270266,,,0.735690,0.000046,3.733071,1.050443
head_on,context_bl,EESM-MPC-ECBF,58,5.800,1.291559,-0.359189,0.684248,0.270266,0.376174,-0.900000,0.080000,-0.500000,0.000000,adult,walking,attentive,,0.000000,0.000000,2.235132,1.635132,0.000000,0.000000,0.000000,0.000000,0.000000,0.000000,0.000000,1.635132,1.635132,1.635132,1.635132,0.000000,horizon_mpc_secbf,8,1.746465,true,osqp,optimal,75,3.019319,0,2.743175,geometric,false,0.697461,0.275769,0.684239,0.270288,,,0.735689,0.000023,3.806640,0.976874
head_on,context_bl,EESM-MPC-ECBF,59,5.900,1.359983,-0.332160,0.684239,0.270288,0.376206,-0.950000,0.080000,-0.500000,0.000000,adult,walking,attentive,,0.000000,0.000000,2.346465,1.746465,0.000000,0.000000,0.000000,0.000000,0.000000,0.000000,0.000000,1.746465,1.746465,1.746465,1.746465,0.000000,horizon_mpc_secbf,8,1.858756,true,osqp,optimal,75,3.107260,0,2.864804,geometric,false,0.697453,0.275788,0.684231,0.270307,,,0.735689,0.000020,3.880209,0.903305
head_on,context_bl,EESM-MPC-ECBF,60,6.000,1.428406,-0.305130,0.684231,0.270307,0.376233,-1.000000,0.080000,-0.500000,0.000000,adult,walking,attentive,,0.000000,0.000000,2.458756,1.858756,0.000000,0.000000,0.000000,0.000000,0.000000,0.000000,0.000000,1.858756,1.858756,1.858756,1.858756,0.000000,horizon_mpc_secbf,8,1.971880,true,osqp,optimal,75,4.293686,0,2.986019,geometric,false,0.697446,0.275807,0.684223,0.270326,,,0.735689,0.000021,3.953778,0.829736
head_on,context_bl,EESM-MPC-ECBF,61,6.100,1.496828,-0.278097,0.684223,0.270326,0.376262,-1.050000,0.080000,-0.500000,0.000000,adult,walking,attentive,,0.000000,0.000000,2.571880,1.971880,0.000000,0.000000,0.000000,0.000000,0.000000,0.000000,0.000000,1.971880,1.971880,1.971880,1.971880,0.000000,horizon_mpc_secbf,8,2.085732,true,osqp,optimal,75,5.193582,0,3.106918,geometric,false,0.697437,0.275829,0.684215,0.270347,,,0.735688,0.000023,4.027347,0.756167
head_on,context_bl,EESM-MPC-ECBF,62,6.200,1.565250,-0.251062,0.684215,0.270347,0.376293,-1.100000,0.080000,-0.500000,0.000000,adult,walking,attentive,,0.000000,0.000000,2.685732,2.085732,0.000000,0.000000,0.000000,0.000000,0.000000,0.000000,0.000000,2.085732,2.085732,2.085732,2.085732,0.000000,horizon_mpc_secbf,8,2.200223,true,osqp,optimal,75,8.865033,0,3.227578,geometric,false,0.697427,0.275853,0.684205,0.270371,,,0.735688,0.000025,4.100916,0.682598
head_on,context_bl,EESM-MPC-ECBF,63,6.300,1.633670,-0.224025,0.684205,0.270371,0.376327,-1.150000,0.080000,-0.500000,0.000000,adult,walking,attentive,,0.000000,0.000000,2.800223,2.200223,0.000000,0.000000,0.000000,0.000000,0.000000,0.000000,0.000000,2.200223,2.200223,2.200223,2.200223,0.000000,horizon_mpc_secbf,8,2.315278,true,osqp,optimal,75,4.356943,0,3.348060,geometric,false,0.697417,0.275880,0.684194,0.270397,,,0.735688,0.000028,4.174484,0.609030
head_on,context_bl,EESM-MPC-ECBF,64,6.400,1.702089,-0.196986,0.684194,0.270397,0.376366,-1.200000,0.080000,-0.500000,0.000000,adult,walking,attentive,,0.000000,0.000000,2.915278,2.315278,0.000000,0.000000,0.000000,0.000000,0.000000,0.000000,0.000000,2.315278,2.315278,2.315278,2.315278,0.000000,horizon_mpc_secbf,8,2.430831,true,osqp,optimal,75,4.328664,0,3.468409,geometric,false,0.697405,0.275911,0.684182,0.270426,,,0.735687,0.000032,4.248053,0.535461
head_on,context_bl,EESM-MPC-ECBF,65,6.500,1.770508,-0.169943,0.684182,0.270426,0.376409,-1.250000,0.080000,-0.500000,0.000000,adult,walking,attentive,,0.000000,0.000000,3.030831,2.430831,0.000000,0.000000,0.000000,0.000000,0.000000,0.000000,0.000000,2.430831,2.430831,2.430831,2.430831,0.000000,horizon_mpc_secbf,8,2.546829,true,osqp,optimal,75,3.174665,0,3.588661,geometric,false,0.697391,0.275946,0.684168,0.270461,,,0.735686,0.000037,4.321622,0.461892
head_on,context_bl,EESM-MPC-ECBF,66,6.600,1.838924,-0.142897,0.684168,0.270461,0.376460,-1.300000,0.080000,-0.500000,0.000000,adult,walking,attentive,,0.000000,0.000000,3.146829,2.546829,0.000000,0.000000,0.000000,0.000000,0.000000,0.000000,0.000000,2.546829,2.546829,2.546829,2.546829,0.000000,horizon_mpc_secbf,8,2.663222,true,osqp,optimal,75,3.726040,0,3.708845,geometric,false,0.697374,0.275988,0.684151,0.270501,,,0.735686,0.000044,4.395190,0.388323
head_on,context_bl,EESM-MPC-ECBF,67,6.700,1.907340,-0.115847,0.684151,0.270501,0.376520,-1.350000,0.080000,-0.500000,0.000000,adult,walking,attentive,,0.000000,0.000000,3.263222,2.663222,0.000000,0.000000,0.000000,0.000000,0.000000,0.000000,0.000000,2.663222,2.663222,2.663222,2.663222,0.000000,horizon_mpc_secbf,8,2.779970,true,osqp,optimal,75,3.054416,0,3.828980,geometric,false,0.697353,0.276041,0.684130,0.270551,,,0.735685,0.000054,4.468759,0.314755
head_on,context_bl,EESM-MPC-ECBF,68,6.800,1.975753,-0.088792,0.684130,0.270551,0.376593,-1.400000,0.080000,-0.500000,0.000000,adult,walking,attentive,,0.000000,0.000000,3.379970,2.779970,0.000000,0.000000,0.000000,0.000000,0.000000,0.000000,0.000000,2.779970,2.779970,2.779970,2.779970,0.000000,horizon_mpc_secbf,8,2.897036,true,osqp,optimal,75,3.021357,0,3.949081,geometric,false,0.697326,0.276109,0.684103,0.270617,,,0.735684,0.000070,4.542327,0.241186
head_on,context_bl,EESM-MPC-ECBF,69,6.900,2.044163,-0.061730,0.684103,0.270617,0.376689,-1.450000,0.080000,-0.500000,0.000000,adult,walking,attentive,,0.000000,0.000000,3.497036,2.897036,0.000000,0.000000,0.000000,0.000000,0.000000,0.000000,0.000000,2.897036,2.897036,2.897036,2.897036,0.000000,horizon_mpc_secbf,8,3.014388,true,osqp,optimal,75,4.674358,0,4.069157,geometric,false,0.697287,0.276209,0.684065,0.270710,,,0.735682,0.000101,4.615895,0.167618
head_on,context_bl,EESM-MPC-ECBF,70,7.000,2.112569,-0.034659,0.684065,0.270710,0.376826,-1.500000,0.080000,-0.500000,0.000000,adult,walking,attentive,,0.000000,0.000000,3.614388,3.014388,0.000000,0.000000,0.000000,0.000000,0.000000,0.000000,0.000000,3.014388,3.014388,3.014388,3.014388,0.000000,horizon_mpc_secbf,8,3.131997,true,osqp,optimal,75,3.712408,0,4.189196,geometric,false,0.697215,0.276389,0.683997,0.270874,,,0.735679,0.000178,4.689463,0.094050
head_on,context_bl,EESM-MPC-ECBF,71,7.100,2.180969,-0.007572,0.683997,0.270874,0.377068,-1.550000,0.080000,-0.500000,0.000000,adult,walking,attentive,,0.000000,0.000000,3.731997,3.131997,0.000000,0.000000,0.000000,0.000000,0.000000,0.000000,0.000000,3.131997,3.131997,3.131997,3.131997,0.000000,horizon_mpc_secbf,8,3.209242,true,osqp,optimal,50,2.898128,0,3.904234,geometric,false,0.190310,0.075717,0.275013,0.109201,,,0.295900,0.439780,4.719053,0.020482
head_on,context_bl,EESM-MPC-ECBF,72,7.200,2.208470,0.003348,0.275013,0.109201,0.377983,-1.600000,0.080000,-0.500000,0.000000,adult,walking,attentive,,0.000000,0.000000,3.809242,3.209242,0.000000,0.000000,0.000000,0.000000,0.000000,0.000000,0.000000,3.209242,3.209242,3.209242,3.209242,0.000000,horizon_mpc_secbf,8,3.256952,true,osqp,optimal,50,2.921670,0,3.686341,geometric,false,-0.084703,-0.033484,-0.022986,-0.009003,,,0.024686,0.320586,4.721522,0.009108
head_on,context_bl,EESM-MPC-ECBF,73,7.300,2.206172,0.002448,-0.022986,-0.009003,-2.768286,-1.650000,0.080000,-0.500000,0.000000,adult,walking,attentive,,0.000000,0.000000,3.856952,3.256952,0.000000,0.000000,0.000000,0.000000,0.000000,0.000000,0.000000,3.256952,3.256952,3.256952,3.256952,0.000000,horizon_mpc_secbf,8,3.301479,true,osqp,optimal,50,3.049761,0,3.702228,geometric,false,-0.061718,-0.024481,-0.055072,-0.021825,,,0.059239,0.034554,4.727446,0.006640
head_on,context_bl,EESM-MPC-ECBF,74,7.400,2.200665,0.000266,-0.055072,-0.021825,-2.764278,-1.700000,0.080000,-0.500000,0.000000,adult,walking,attentive,,0.000000,0.000000,3.901479,3.301479,0.000000,0.000000,0.000000,0.000000,0.000000,0.000000,0.000000,3.301479,3.301479,3.301479,3.301479,0.000000,horizon_mpc_secbf,8,3.349986,true,osqp,optimal,50,3.085804,0,3.786545,geometric,false,-0.006645,-0.002656,-0.014954,-0.005945,,,0.016092,0.043147,4.729055,0.000716
head_on,context_bl,EESM-MPC-ECBF,75,7.500,2.199169,-0.000329,-0.014954,-0.005945,-2.763225,-1.750000,0.080000,-0.500000,0.000000,adult,walking,attentive,,0.000000,0.000000,3.949986,3.349986,0.000000,0.000000,0.000000,0.000000,0.000000,0.000000,0.000000,3.349986,3.349986,3.349986,3.349986,0.000000,horizon_mpc_secbf,8,3.400404,true,osqp,optimal,50,4.397462,0,3.854164,geometric,false,0.008309,0.003289,0.004317,0.001705,,,0.004642,0.020734,4.729519,0.000894
head_on,context_bl,EESM-MPC-ECBF,76,7.600,2.199601,-0.000158,0.004317,0.001705,0.376062,-1.800000,0.080000,-0.500000,0.000000,adult,walking,attentive,,0.000000,0.000000,4.000404,3.400404,0.000000,0.000000,0.000000,0.000000,0.000000,0.000000,0.000000,3.400404,3.400404,3.400404,3.400404,0.000000,horizon_mpc_secbf,8,3.450795,true,osqp,optimal,25,4.373995,0,3.904314,geometric,false,0.003991,0.001584,0.004043,0.001605,,,0.004350,0.000292,4.729954,0.000429
head_on,context_bl,EESM-MPC-ECBF,77,7.700,2.200005,0.000002,0.004043,0.001605,0.377884,-1.850000,0.080000,-0.500000,0.000000,adult,walking,attentive,,0.000000,0.000000,4.050795,3.450795,0.000000,0.000000,0.000000,0.000000,0.000000,0.000000,0.000000,3.450795,3.450795,3.450795,3.450795,0.000000,horizon_mpc_secbf,8,3.500786,true,osqp,optimal,25,4.753695,0,3.950699,geometric,false,-0.000052,-0.000021,0.000002,-0.000002,,,0.000003,0.004349,4.729954,0.000006
head_on,context_bl,EESM-MPC-ECBF,78,7.800,2.200005,0.000002,0.000002,-0.000002,-0.912828,-1.900000,0.080000,-0.500000,0.000000,adult,walking,attentive,,0.000000,0.000000,4.100786,3.500786,0.000000,0.000000,0.000000,0.000000,0.000000,0.000000,0.000000,3.500786,3.500786,3.500786,3.500786,0.000000,horizon_mpc_secbf,8,3.550772,true,osqp,optimal,25,4.677763,0,4.000647,geometric,false,-0.000053,-0.000019,-0.000044,-0.000016,,,0.000047,0.000047,4.729959,0.000006
head_on,context_bl,EESM-MPC-ECBF,79,7.900,2.200001,0.000000,-0.000044,-0.000016,-2.794794,-1.950000,0.080000,-0.500000,0.000000,adult,walking,attentive,,0.000000,0.000000,4.150772,3.550772,0.000000,0.000000,0.000000,0.000000,0.000000,0.000000,0.000000,3.550772,3.550772,3.550772,3.550772,0.000000,horizon_mpc_secbf,8,3.600761,true,osqp,optimal,25,4.212207,0,4.050664,geometric,false,-0.000009,-0.000003,-0.000015,-0.000005,,,0.000016,0.000030,4.729961,0.000001
head_on,context_bl,EESM-MPC-ECBF,80,8.000,2.199999,-0.000000,-0.000015,-0.000005,-2.821113,-2.000000,0.080000,-0.500000,0.000000,adult,walking,attentive,,0.000000,0.000000,4.200761,3.600761,0.000000,0.000000,0.000000,0.000000,0.000000,0.000000,0.000000,3.600761,3.600761,3.600761,3.600761,0.000000,horizon_mpc_secbf,8,3.650753,true,osqp,optimal,25,4.039393,0,4.100673,geometric,false,0.000006,0.000002,0.000002,0.000001,,,0.000002,0.000019,4.729961,0.000001
head_on,context_bl,EESM-MPC-ECBF,81,8.100,2.200000,-0.000000,0.000002,0.000001,0.409080,-2.050000,0.080000,-0.500000,0.000000,adult,walking,attentive,,0.000000,0.000000,4.250753,3.650753,0.000000,0.000000,0.000000,0.000000,0.000000,0.000000,0.000000,3.650753,3.650753,3.650753,3.650753,0.000000,horizon_mpc_secbf,8,3.700744,true,osqp,optimal,25,3.631554,0,4.150667,geometric,false,0.000004,0.000001,0.000003,0.000001,,,0.000004,0.000001,4.729961,0.000000
head_on,context_bl,EESM-MPC-ECBF,82,8.200,2.200000,-0.000000,0.000003,0.000001,0.340852,-2.100000,0.080000,-0.500000,0.000000,adult,walking,attentive,,0.000000,0.000000,4.300744,3.700744,0.000000,0.000000,0.000000,0.000000,0.000000,0.000000,0.000000,3.700744,3.700744,3.700744,3.700744,0.000000,horizon_mpc_secbf,8,3.750736,true,osqp,optimal,25,3.676658,0,4.200658,geometric,false,0.000000,0.000000,0.000001,0.000000,,,0.000001,0.000003,4.729961,0.000000
head_on,context_bl,EESM-MPC-ECBF,83,8.300,2.200000,0.000000,0.000001,0.000000,0.304876,-2.150000,0.080000,-0.500000,0.000000,adult,walking,attentive,,0.000000,0.000000,4.350736,3.750736,0.000000,0.000000,0.000000,0.000000,0.000000,0.000000,0.000000,3.750736,3.750736,3.750736,3.750736,0.000000,horizon_mpc_secbf,8,3.800727,true,osqp,optimal,25,4.109899,0,4.250651,geometric,false,-0.000001,-0.000000,-0.000000,-0.000000,,,0.000000,0.000001,4.729961,0.000000
head_on,context_bl,EESM-MPC-ECBF,84,8.400,2.200000,0.000000,-0.000000,-0.000000,-2.769496,-2.200000,0.080000,-0.500000,0.000000,adult,walking,attentive,,0.000000,0.000000,4.400727,3.800727,0.000000,0.000000,0.000000,0.000000,0.000000,0.000000,0.000000,3.800727,3.800727,3.800727,3.800727,0.000000,horizon_mpc_secbf,8,3.850719,true,osqp,optimal,25,4.240393,0,4.300644,geometric,false,-0.000000,-0.000000,-0.000000,-0.000000,,,0.000000,0.000000,4.729961,0.000000
head_on,context_bl,EESM-MPC-ECBF,85,8.500,2.200000,-0.000000,-0.000000,-0.000000,-2.806913,-2.250000,0.080000,-0.500000,0.000000,adult,walking,attentive,,0.000000,0.000000,4.450719,3.850719,0.000000,0.000000,0.000000,0.000000,0.000000,0.000000,0.000000,3.850719,3.850719,3.850719,3.850719,0.000000,horizon_mpc_secbf,8,3.900711,true,osqp,optimal,25,4.105889,0,4.350638,geometric,false,0.000000,0.000000,-0.000000,0.000000,,,0.000000,0.000000,4.729961,0.000000
head_on,context_bl,EESM-MPC-ECBF,86,8.600,2.200000,-0.000000,-0.000000,0.000000,2.060932,-2.300000,0.080000,-0.500000,0.000000,adult,walking,attentive,,0.000000,0.000000,4.500711,3.900711,0.000000,0.000000,0.000000,0.000000,0.000000,0.000000,0.000000,3.900711,3.900711,3.900711,3.900711,0.000000,horizon_mpc_secbf,8,3.950703,true,osqp,optimal,25,4.828737,0,4.400632,geometric,false,0.000000,0.000000,0.000000,0.000000,,,0.000000,0.000000,4.729961,0.000000
head_on,context_bl,EESM-MPC-ECBF,87,8.700,2.200000,0.000000,0.000000,0.000000,0.156479,-2.350000,0.080000,-0.500000,0.000000,adult,walking,attentive,,0.000000,0.000000,4.550703,3.950703,0.000000,0.000000,0.000000,0.000000,0.000000,0.000000,0.000000,3.950703,3.950703,3.950703,3.950703,0.000000,horizon_mpc_secbf,8,4.000696,true,osqp,optimal,25,3.988042,0,4.450626,geometric,false,0.000000,0.000000,0.000000,0.000000,,,0.000000,0.000000,4.729961,0.000000
head_on,context_bl,EESM-MPC-ECBF,88,8.800,2.200000,0.000000,0.000000,0.000000,0.156400,-2.400000,0.080000,-0.500000,0.000000,adult,walking,attentive,,0.000000,0.000000,4.600696,4.000696,0.000000,0.000000,0.000000,0.000000,0.000000,0.000000,0.000000,4.000696,4.000696,4.000696,4.000696,0.000000,horizon_mpc_secbf,8,4.050688,true,osqp,optimal,25,3.563623,0,4.500620,geometric,false,0.000000,0.000000,0.000000,0.000000,,,0.000000,0.000000,4.729961,0.000000
head_on,context_bl,EESM-MPC-ECBF,89,8.900,2.200000,0.000000,0.000000,0.000000,0.156400,-2.450000,0.080000,-0.500000,0.000000,adult,walking,attentive,,0.000000,0.000000,4.650688,4.050688,0.000000,0.000000,0.000000,0.000000,0.000000,0.000000,0.000000,4.050688,4.050688,4.050688,4.050688,0.000000,horizon_mpc_secbf,8,4.100681,true,osqp,optimal,25,2.862675,0,4.550614,geometric,false,0.000000,0.000000,0.000000,0.000000,,,0.000000,0.000000,4.729961,0.000000
head_on,context_bl,EESM-MPC-ECBF,90,9.000,2.200000,0.000000,0.000000,0.000000,0.156400,-2.500000,0.080000,-0.500000,0.000000,adult,walking,attentive,,0.000000,0.000000,4.700681,4.100681,0.000000,0.000000,0.000000,0.000000,0.000000,0.000000,0.000000,4.100681,4.100681,4.100681,4.100681,0.000000,horizon_mpc_secbf,8,4.150674,true,osqp,optimal,25,2.868917,0,4.600608,geometric,false,0.000000,0.000000,0.000000,0.000000,,,0.000000,0.000000,4.729961,0.000000
head_on,context_bl,EESM-MPC-ECBF,91,9.100,2.200000,0.000000,0.000000,0.000000,0.156400,-2.550000,0.080000,-0.500000,0.000000,adult,walking,attentive,,0.000000,0.000000,4.750674,4.150674,0.000000,0.000000,0.000000,0.000000,0.000000,0.000000,0.000000,4.150674,4.150674,4.150674,4.150674,0.000000,horizon_mpc_secbf,8,4.200667,true,osqp,optimal,25,3.557589,0,4.650603,geometric,false,0.000000,0.000000,0.000000,0.000000,,,0.000000,0.000000,4.729961,0.000000
head_on,context_bl,EESM-MPC-ECBF,92,9.200,2.200000,0.000000,0.000000,0.000000,0.156400,-2.600000,0.080000,-0.500000,0.000000,adult,walking,attentive,,0.000000,0.000000,4.800667,4.200667,0.000000,0.000000,0.000000,0.000000,0.000000,0.000000,0.000000,4.200667,4.200667,4.200667,4.200667,0.000000,horizon_mpc_secbf,8,4.250660,true,osqp,optimal,25,3.034802,0,4.700597,geometric,false,0.000000,0.000000,0.000000,0.000000,,,0.000000,0.000000,4.729961,0.000000
head_on,context_bl,EESM-MPC-ECBF,93,9.300,2.200000,0.000000,0.000000,0.000000,0.156400,-2.650000,0.080000,-0.500000,0.000000,adult,walking,attentive,,0.000000,0.000000,4.850660,4.250660,0.000000,0.000000,0.000000,0.000000,0.000000,0.000000,0.000000,4.250660,4.250660,4.250660,4.250660,0.000000,horizon_mpc_secbf,8,4.300653,true,osqp,optimal,25,3.814975,0,4.750592,geometric,false,0.000000,0.000000,0.000000,0.000000,,,0.000000,0.000000,4.729961,0.000000
head_on,context_bl,EESM-MPC-ECBF,94,9.400,2.200000,0.000000,0.000000,0.000000,0.156400,-2.700000,0.080000,-0.500000,0.000000,adult,walking,attentive,,0.000000,0.000000,4.900653,4.300653,0.000000,0.000000,0.000000,0.000000,0.000000,0.000000,0.000000,4.300653,4.300653,4.300653,4.300653,0.000000,horizon_mpc_secbf,8,4.350646,true,osqp,optimal,25,3.895348,0,4.800586,geometric,false,0.000000,0.000000,0.000000,0.000000,,,0.000000,0.000000,4.729961,0.000000
head_on,context_bl,EESM-MPC-ECBF,95,9.500,2.200000,0.000000,0.000000,0.000000,0.156400,-2.750000,0.080000,-0.500000,0.000000,adult,walking,attentive,,0.000000,0.000000,4.950646,4.350646,0.000000,0.000000,0.000000,0.000000,0.000000,0.000000,0.000000,4.350646,4.350646,4.350646,4.350646,0.000000,horizon_mpc_secbf,8,4.400640,true,osqp,optimal,25,3.970510,0,4.850581,geometric,false,0.000000,0.000000,0.000000,0.000000,,,0.000000,0.000000,4.729961,0.000000
head_on,context_bl,EESM-MPC-ECBF,96,9.600,2.200000,0.000000,0.000000,0.000000,0.156400,-2.800000,0.080000,-0.500000,0.000000,adult,walking,attentive,,0.000000,0.000000,5.000640,4.400640,0.000000,0.000000,0.000000,0.000000,0.000000,0.000000,0.000000,4.400640,4.400640,4.400640,4.400640,0.000000,horizon_mpc_secbf,8,4.450634,true,osqp,optimal,25,3.229992,0,4.900576,geometric,false,0.000000,0.000000,0.000000,0.000000,,,0.000000,0.000000,4.729961,0.000000
head_on,context_bl,EESM-MPC-ECBF,97,9.700,2.200000,0.000000,0.000000,0.000000,0.156400,-2.850000,0.080000,-0.500000,0.000000,adult,walking,attentive,,0.000000,0.000000,5.050634,4.450634,0.000000,0.000000,0.000000,0.000000,0.000000,0.000000,0.000000,4.450634,4.450634,4.450634,4.450634,0.000000,horizon_mpc_secbf,8,4.500627,true,osqp,optimal,25,2.834837,0,4.950571,geometric,false,0.000000,0.000000,0.000000,0.000000,,,0.000000,0.000000,4.729961,0.000000
head_on,context_bl,EESM-MPC-ECBF,98,9.800,2.200000,0.000000,0.000000,0.000000,0.156400,-2.900000,0.080000,-0.500000,0.000000,adult,walking,attentive,,0.000000,0.000000,5.100627,4.500627,0.000000,0.000000,0.000000,0.000000,0.000000,0.000000,0.000000,4.500627,4.500627,4.500627,4.500627,0.000000,horizon_mpc_secbf,8,4.550621,true,osqp,optimal,25,2.955298,0,5.000566,geometric,false,0.000000,0.000000,0.000000,0.000000,,,0.000000,0.000000,4.729961,0.000000
head_on,context_bl,EESM-MPC-ECBF,99,9.900,2.200000,0.000000,0.000000,0.000000,0.156400,-2.950000,0.080000,-0.500000,0.000000,adult,walking,attentive,,0.000000,0.000000,5.150621,4.550621,0.000000,0.000000,0.000000,0.000000,0.000000,0.000000,0.000000,4.550621,4.550621,4.550621,4.550621,0.000000,horizon_mpc_secbf,8,4.600615,true,osqp,optimal,25,2.931147,0,5.050561,geometric,false,0.000000,0.000000,0.000000,0.000000,,,0.000000,0.000000,4.729961,0.000000
head_on,context_bl,EESM-MPC-ECBF,100,10.000,2.200000,0.000000,0.000000,0.000000,0.156400,-3.000000,0.080000,-0.500000,0.000000,adult,walking,attentive,,0.000000,0.000000,5.200615,4.600615,0.000000,0.000000,0.000000,0.000000,0.000000,0.000000,0.000000,4.600615,4.600615,4.600615,4.600615,0.000000,horizon_mpc_secbf,8,4.650609,true,osqp,optimal,25,3.442790,0,5.100556,geometric,false,0.000000,0.000000,0.000000,0.000000,,,0.000000,0.000000,4.729961,0.000000
head_on,context_bl,EESM-MPC-ECBF,101,10.100,2.200000,0.000000,0.000000,0.000000,0.156400,-3.050000,0.080000,-0.500000,0.000000,adult,walking,attentive,,0.000000,0.000000,5.250609,4.650609,0.000000,0.000000,0.000000,0.000000,0.000000,0.000000,0.000000,4.650609,4.650609,4.650609,4.650609,0.000000,horizon_mpc_secbf,8,4.700604,true,osqp,optimal,25,4.204215,0,5.150551,geometric,false,0.000000,0.000000,0.000000,0.000000,,,0.000000,0.000000,4.729961,0.000000
head_on,context_bl,EESM-MPC-ECBF,102,10.200,2.200000,0.000000,0.000000,0.000000,0.156400,-3.100000,0.080000,-0.500000,0.000000,adult,walking,attentive,,0.000000,0.000000,5.300604,4.700604,0.000000,0.000000,0.000000,0.000000,0.000000,0.000000,0.000000,4.700604,4.700604,4.700604,4.700604,0.000000,horizon_mpc_secbf,8,4.750598,true,osqp,optimal,25,4.525615,0,5.200547,geometric,false,0.000000,0.000000,0.000000,0.000000,,,0.000000,0.000000,4.729961,0.000000
head_on,context_bl,EESM-MPC-ECBF,103,10.300,2.200000,0.000000,0.000000,0.000000,0.156400,-3.150000,0.080000,-0.500000,0.000000,adult,walking,attentive,,0.000000,0.000000,5.350598,4.750598,0.000000,0.000000,0.000000,0.000000,0.000000,0.000000,0.000000,4.750598,4.750598,4.750598,4.750598,0.000000,horizon_mpc_secbf,8,4.800593,true,osqp,optimal,25,4.584636,0,5.250542,geometric,false,0.000000,0.000000,0.000000,0.000000,,,0.000000,0.000000,4.729961,0.000000
head_on,context_bl,EESM-MPC-ECBF,104,10.400,2.200000,0.000000,0.000000,0.000000,0.156400,-3.200000,0.080000,-0.500000,0.000000,adult,walking,attentive,,0.000000,0.000000,5.400593,4.800593,0.000000,0.000000,0.000000,0.000000,0.000000,0.000000,0.000000,4.800593,4.800593,4.800593,4.800593,0.000000,horizon_mpc_secbf,8,4.850587,true,osqp,optimal,25,4.076450,0,5.300538,geometric,false,0.000000,0.000000,0.000000,0.000000,,,0.000000,0.000000,4.729961,0.000000
head_on,context_bl,EESM-MPC-ECBF,105,10.500,2.200000,0.000000,0.000000,0.000000,0.156400,-3.250000,0.080000,-0.500000,0.000000,adult,walking,attentive,,0.000000,0.000000,5.450587,4.850587,0.000000,0.000000,0.000000,0.000000,0.000000,0.000000,0.000000,4.850587,4.850587,4.850587,4.850587,0.000000,horizon_mpc_secbf,8,4.900582,true,osqp,optimal,25,3.047239,0,5.350533,geometric,false,0.000000,0.000000,0.000000,0.000000,,,0.000000,0.000000,4.729961,0.000000
head_on,context_bl,EESM-MPC-ECBF,106,10.600,2.200000,0.000000,0.000000,0.000000,0.156400,-3.300000,0.080000,-0.500000,0.000000,adult,walking,attentive,,0.000000,0.000000,5.500582,4.900582,0.000000,0.000000,0.000000,0.000000,0.000000,0.000000,0.000000,4.900582,4.900582,4.900582,4.900582,0.000000,horizon_mpc_secbf,8,4.950577,true,osqp,optimal,25,3.314051,0,5.400529,geometric,false,0.000000,0.000000,0.000000,0.000000,,,0.000000,0.000000,4.729961,0.000000
head_on,context_bl,EESM-MPC-ECBF,107,10.700,2.200000,0.000000,0.000000,0.000000,0.156400,-3.350000,0.080000,-0.500000,0.000000,adult,walking,attentive,,0.000000,0.000000,5.550577,4.950577,0.000000,0.000000,0.000000,0.000000,0.000000,0.000000,0.000000,4.950577,4.950577,4.950577,4.950577,0.000000,horizon_mpc_secbf,8,5.000571,true,osqp,optimal,25,3.146574,0,5.450525,geometric,false,0.000000,0.000000,0.000000,0.000000,,,0.000000,0.000000,4.729961,0.000000
head_on,context_bl,EESM-MPC-ECBF,108,10.800,2.200000,0.000000,0.000000,0.000000,0.156400,-3.400000,0.080000,-0.500000,0.000000,adult,walking,attentive,,0.000000,0.000000,5.600571,5.000571,0.000000,0.000000,0.000000,0.000000,0.000000,0.000000,0.000000,5.000571,5.000571,5.000571,5.000571,0.000000,horizon_mpc_secbf,8,5.050566,true,osqp,optimal,25,3.593363,0,5.500520,geometric,false,0.000000,0.000000,0.000000,0.000000,,,0.000000,0.000000,4.729961,0.000000
head_on,context_bl,EESM-MPC-ECBF,109,10.900,2.200000,0.000000,0.000000,0.000000,0.156400,-3.450000,0.080000,-0.500000,0.000000,adult,walking,attentive,,0.000000,0.000000,5.650566,5.050566,0.000000,0.000000,0.000000,0.000000,0.000000,0.000000,0.000000,5.050566,5.050566,5.050566,5.050566,0.000000,horizon_mpc_secbf,8,5.100561,true,osqp,optimal,25,3.206561,0,5.550516,geometric,false,0.000000,0.000000,0.000000,0.000000,,,0.000000,0.000000,4.729961,0.000000
head_on,context_bl,EESM-MPC-ECBF,110,11.000,2.200000,0.000000,0.000000,0.000000,0.156400,-3.500000,0.080000,-0.500000,0.000000,adult,walking,attentive,,0.000000,0.000000,5.700561,5.100561,0.000000,0.000000,0.000000,0.000000,0.000000,0.000000,0.000000,5.100561,5.100561,5.100561,5.100561,0.000000,horizon_mpc_secbf,8,5.150556,true,osqp,optimal,25,3.646760,0,5.600512,geometric,false,0.000000,0.000000,0.000000,0.000000,,,0.000000,0.000000,4.729961,0.000000
head_on,context_bl,EESM-MPC-ECBF,111,11.100,2.200000,0.000000,0.000000,0.000000,0.156400,-3.550000,0.080000,-0.500000,0.000000,adult,walking,attentive,,0.000000,0.000000,5.750556,5.150556,0.000000,0.000000,0.000000,0.000000,0.000000,0.000000,0.000000,5.150556,5.150556,5.150556,5.150556,0.000000,horizon_mpc_secbf,8,5.200552,true,osqp,optimal,25,4.220077,0,5.650508,geometric,false,0.000000,0.000000,0.000000,0.000000,,,0.000000,0.000000,4.729961,0.000000
head_on,context_bl,EESM-MPC-ECBF,112,11.200,2.200000,0.000000,0.000000,0.000000,0.156400,-3.600000,0.080000,-0.500000,0.000000,adult,walking,attentive,,0.000000,0.000000,5.800552,5.200552,0.000000,0.000000,0.000000,0.000000,0.000000,0.000000,0.000000,5.200552,5.200552,5.200552,5.200552,0.000000,horizon_mpc_secbf,8,5.250547,true,osqp,optimal,25,4.135681,0,5.700504,geometric,false,0.000000,0.000000,0.000000,0.000000,,,0.000000,0.000000,4.729961,0.000000
head_on,context_bl,EESM-MPC-ECBF,113,11.300,2.200000,0.000000,0.000000,0.000000,0.156400,-3.650000,0.080000,-0.500000,0.000000,adult,walking,attentive,,0.000000,0.000000,5.850547,5.250547,0.000000,0.000000,0.000000,0.000000,0.000000,0.000000,0.000000,5.250547,5.250547,5.250547,5.250547,0.000000,horizon_mpc_secbf,8,5.300542,true,osqp,optimal,25,3.313791,0,5.750500,geometric,false,0.000000,0.000000,0.000000,0.000000,,,0.000000,0.000000,4.729961,0.000000
head_on,context_bl,EESM-MPC-ECBF,114,11.400,2.200000,0.000000,0.000000,0.000000,0.156400,-3.700000,0.080000,-0.500000,0.000000,adult,walking,attentive,,0.000000,0.000000,5.900542,5.300542,0.000000,0.000000,0.000000,0.000000,0.000000,0.000000,0.000000,5.300542,5.300542,5.300542,5.300542,0.000000,horizon_mpc_secbf,8,5.350538,true,osqp,optimal,25,3.632528,0,5.800496,geometric,false,0.000000,0.000000,0.000000,0.000000,,,0.000000,0.000000,4.729961,0.000000
head_on,context_bl,EESM-MPC-ECBF,115,11.500,2.200000,0.000000,0.000000,0.000000,0.156400,-3.750000,0.080000,-0.500000,0.000000,adult,walking,attentive,,0.000000,0.000000,5.950538,5.350538,0.000000,0.000000,0.000000,0.000000,0.000000,0.000000,0.000000,5.350538,5.350538,5.350538,5.350538,0.000000,horizon_mpc_secbf,8,5.400533,true,osqp,optimal,25,3.369231,0,5.850493,geometric,false,0.000000,0.000000,0.000000,0.000000,,,0.000000,0.000000,4.729961,0.000000
head_on,context_bl,EESM-MPC-ECBF,116,11.600,2.200000,0.000000,0.000000,0.000000,0.156400,-3.800000,0.080000,-0.500000,0.000000,adult,walking,attentive,,0.000000,0.000000,6.000533,5.400533,0.000000,0.000000,0.000000,0.000000,0.000000,0.000000,0.000000,5.400533,5.400533,5.400533,5.400533,0.000000,horizon_mpc_secbf,8,5.450529,true,osqp,optimal,25,3.152578,0,5.900489,geometric,false,0.000000,0.000000,0.000000,0.000000,,,0.000000,0.000000,4.729961,0.000000
head_on,context_bl,EESM-MPC-ECBF,117,11.700,2.200000,0.000000,0.000000,0.000000,0.156400,-3.850000,0.080000,-0.500000,0.000000,adult,walking,attentive,,0.000000,0.000000,6.050529,5.450529,0.000000,0.000000,0.000000,0.000000,0.000000,0.000000,0.000000,5.450529,5.450529,5.450529,5.450529,0.000000,horizon_mpc_secbf,8,5.500525,true,osqp,optimal,25,3.593092,0,5.950485,geometric,false,0.000000,0.000000,0.000000,0.000000,,,0.000000,0.000000,4.729961,0.000000
head_on,context_bl,EESM-MPC-ECBF,118,11.800,2.200000,0.000000,0.000000,0.000000,0.156400,-3.900000,0.080000,-0.500000,0.000000,adult,walking,attentive,,0.000000,0.000000,6.100525,5.500525,0.000000,0.000000,0.000000,0.000000,0.000000,0.000000,0.000000,5.500525,5.500525,5.500525,5.500525,0.000000,horizon_mpc_secbf,8,5.550520,true,osqp,optimal,25,3.156490,0,6.000482,geometric,false,0.000000,0.000000,0.000000,0.000000,,,0.000000,0.000000,4.729961,0.000000
head_on,context_bl,EESM-MPC-ECBF,119,11.900,2.200000,0.000000,0.000000,0.000000,0.156400,-3.950000,0.080000,-0.500000,0.000000,adult,walking,attentive,,0.000000,0.000000,6.150520,5.550520,0.000000,0.000000,0.000000,0.000000,0.000000,0.000000,0.000000,5.550520,5.550520,5.550520,5.550520,0.000000,horizon_mpc_secbf,8,5.600516,true,osqp,optimal,25,4.043097,0,6.050478,geometric,false,0.000000,0.000000,0.000000,0.000000,,,0.000000,0.000000,4.729961,0.000000
head_on,context_bl,SEESM w/o Feasibility-Preserving Update,0,0.000,-2.200000,0.000000,0.000000,0.000000,0.000000,2.000000,0.080000,-0.500000,0.000000,unknown,walking,unknown,7.202830,1.000000,0.000000,4.200762,3.600762,0.271500,0.271500,0.271500,0.271500,0.499897,0.771397,0.271500,3.600762,3.100865,2.829365,2.829365,0.000000,horizon_mpc_secbf,8,1.853530,true,osqp,optimal,75,4.445131,0,1.708551,accept,false,0.750000,0.000000,0.621017,-0.000000,,,0.621017,0.621017,0.062102,4.400000
head_on,context_bl,SEESM w/o Feasibility-Preserving Update,1,0.100,-2.137898,-0.000000,0.621017,-0.000000,-0.000000,1.950000,0.080000,-0.500000,0.000000,unknown,walking,unknown,3.112664,1.000000,0.000000,4.088681,3.488681,0.296789,0.296789,0.296789,0.296789,1.120721,1.417510,0.025289,3.488681,2.367960,2.071171,2.071171,0.000000,horizon_mpc_secbf,8,1.083898,true,osqp,optimal,75,3.830065,0,0.845305,accept,false,0.750000,0.000000,0.726100,-0.000000,,,0.726100,0.105084,0.134712,4.337898
head_on,context_bl,SEESM w/o Feasibility-Preserving Update,2,0.200,-2.065288,-0.000000,0.726100,-0.000000,-0.000000,1.900000,0.080000,-0.500000,0.000000,unknown,walking,unknown,2.745926,1.000000,0.000000,3.966095,3.366095,0.307241,0.307241,0.307241,0.307241,1.225739,1.532980,0.010452,3.366095,2.140356,1.833115,1.833115,0.000000,horizon_mpc_secbf,8,0.844912,true,osqp,optimal,75,3.282555,0,0.597778,accept,false,0.750000,0.000000,0.735588,-0.000000,,,0.735588,0.009488,0.208271,4.265288
head_on,context_bl,SEESM w/o Feasibility-Preserving Update,3,0.300,-1.991729,-0.000000,0.735588,-0.000000,-0.000000,1.850000,0.080000,-0.500000,0.000000,unknown,walking,unknown,2.624875,1.000000,0.000000,3.842562,3.242562,0.310691,0.310691,0.310691,0.310691,1.235194,1.545885,0.003450,3.242562,2.007369,1.696678,1.696678,0.000000,horizon_mpc_secbf,8,0.708495,true,osqp,optimal,75,3.288239,0,0.461357,accept,false,0.750000,0.000000,0.735588,-0.000000,,,0.735588,0.000000,0.281829,4.191729
head_on,context_bl,SEESM w/o Feasibility-Preserving Update,4,0.400,-1.918171,-0.000000,0.735588,-0.000000,-0.000000,1.800000,0.080000,-0.500000,0.000000,unknown,walking,unknown,2.524913,1.000000,0.000000,3.719031,3.119031,0.313540,0.313540,0.313540,0.313540,1.235160,1.548700,0.002849,3.119031,1.883871,1.570331,1.570331,0.000000,horizon_mpc_secbf,8,0.582171,true,osqp,optimal,75,4.113993,0,0.335028,accept,false,0.750000,0.000000,0.735588,-0.000000,,,0.735588,0.000000,0.355388,4.118171
head_on,context_bl,SEESM w/o Feasibility-Preserving Update,5,0.500,-1.844612,-0.000000,0.735588,-0.000000,-0.000000,1.750000,0.080000,-0.500000,0.000000,unknown,walking,unknown,2.424953,1.000000,0.000000,3.595502,2.995502,0.316389,0.316389,0.316389,0.316389,1.235122,1.551511,0.002849,2.995502,1.760379,1.443991,1.443991,0.000000,horizon_mpc_secbf,8,0.455857,true,osqp,optimal,75,3.780791,0,0.208708,accept,false,0.750000,0.000000,0.735588,-0.000000,,,0.735588,0.000000,0.428947,4.044612
head_on,context_bl,SEESM w/o Feasibility-Preserving Update,6,0.600,-1.771053,-0.000000,0.735588,-0.000000,-0.000000,1.700000,0.080000,-0.500000,0.000000,unknown,walking,unknown,2.324995,1.000000,0.000000,3.471975,2.871975,0.319238,0.319238,0.319238,0.319238,1.235079,1.554317,0.002849,2.871975,1.636896,1.317658,1.317658,0.000000,horizon_mpc_secbf,8,0.329554,true,osqp,optimal,75,3.372661,0,0.082398,accept,false,0.750000,0.000000,0.735588,-0.000000,,,0.735588,0.000000,0.502506,3.971053
head_on,context_bl,SEESM w/o Feasibility-Preserving Update,7,0.700,-1.697494,-0.000000,0.735588,-0.000000,-0.000000,1.650000,0.080000,-0.500000,0.000000,unknown,walking,unknown,2.225041,1.000000,0.000000,3.348450,2.748450,0.322086,0.322086,0.322086,0.322086,1.235030,1.557116,0.002849,2.748450,1.513420,1.191334,1.191334,0.000000,horizon_mpc_secbf,8,0.203263,true,osqp,optimal,75,5.419877,0,-0.043902,accept,false,0.750000,0.000000,0.735588,-0.000000,,,0.735588,0.000000,0.576065,3.897494
head_on,context_bl,SEESM w/o Feasibility-Preserving Update,8,0.800,-1.623935,-0.000000,0.735588,-0.000000,-0.000000,1.600000,0.080000,-0.500000,0.000000,unknown,walking,unknown,2.125089,1.000000,0.000000,3.224928,2.624928,0.324935,0.324935,0.324935,0.324935,1.234972,1.559907,0.002849,2.624928,1.389956,1.065021,1.065021,0.000000,horizon_mpc_secbf,8,0.076988,true,osqp,optimal,75,5.735642,0,-0.170187,accept,false,0.750000,0.000000,0.735588,-0.000000,,,0.735588,0.000000,0.649624,3.823935
head_on,context_bl,SEESM w/o Feasibility-Preserving Update,9,0.900,-1.550376,-0.000000,0.735588,-0.000000,-0.000000,1.550000,0.080000,-0.500000,0.000000,unknown,walking,unknown,2.025141,1.000000,0.000000,3.101408,2.501408,0.327783,0.327783,0.327783,0.327783,1.234905,1.562689,0.002849,2.501408,1.266503,0.938720,0.938720,0.000078,horizon_mpc_secbf,8,-0.000077,true,osqp,optimal,50,4.299474,0,-0.244097,accept,false,0.750000,0.000000,0.683351,-0.002444,,,0.683355,0.052294,0.717959,3.750376
head_on,context_bl,SEESM w/o Feasibility-Preserving Update,10,1.000,-1.482041,-0.000244,0.683351,-0.002444,-0.003577,1.500000,0.080000,-0.500000,0.000000,unknown,walking,unknown,2.014716,1.000000,0.000000,2.983121,2.383121,0.328081,0.328081,0.328081,0.328081,1.182531,1.510612,0.000297,2.383121,1.200590,0.872509,0.872509,0.000161,horizon_mpc_secbf,8,-0.000161,true,osqp,optimal,50,4.092234,0,-0.232135,accept,false,0.750000,0.000050,0.605360,-0.005768,,,0.605388,0.078061,0.778498,3.682041
head_on,context_bl,SEESM w/o Feasibility-Preserving Update,11,1.100,-1.421505,-0.000821,0.605360,-0.005768,-0.009528,1.450000,0.080000,-0.500000,0.000000,adult,walking,attentive,2.057136,1.000000,0.000000,2.872642,2.272642,0.168057,0.168057,0.168057,0.168057,1.104376,1.272434,0.000000,2.272642,1.168266,1.000209,1.000209,0.000000,horizon_mpc_secbf,8,0.013543,true,osqp,optimal,75,4.203377,0,-0.222774,accept,false,0.750000,0.000170,0.723491,-0.000849,,,0.723491,0.118233,0.850847,3.621505
head_on,context_bl,SEESM w/o Feasibility-Preserving Update,12,1.200,-1.349156,-0.000906,0.723491,-0.000849,-0.001173,1.400000,0.080000,-0.500000,0.000000,adult,walking,attentive,1.758347,1.000000,0.000000,2.750346,2.150346,0.172987,0.172987,0.172987,0.172987,1.222492,1.395480,0.004930,2.150346,0.927854,0.754867,0.754867,0.000312,horizon_mpc_secbf,8,-0.000313,true,osqp,optimal,50,4.513679,0,-0.230895,accept,false,0.750000,0.000191,0.486858,-0.012127,,,0.487009,0.236901,0.899548,3.549156
head_on,context_bl,SEESM w/o Feasibility-Preserving Update,13,1.300,-1.300470,-0.002119,0.486858,-0.012127,-0.024903,1.350000,0.080000,-0.500000,0.000000,adult,walking,attentive,2.080855,1.000000,0.000000,2.651742,2.051742,0.167666,0.167666,0.167666,0.167666,0.985463,1.153129,0.000000,2.051742,1.066280,0.898614,0.898614,0.000122,horizon_mpc_secbf,8,-0.000121,true,osqp,optimal,50,3.567623,0,-0.204832,accept,false,0.750000,0.000454,0.604313,-0.006972,,,0.604353,0.117568,0.959983,3.500471
head_on,context_bl,SEESM w/o Feasibility-Preserving Update,14,1.400,-1.240039,-0.002816,0.604313,-0.006972,-0.011537,1.300000,0.080000,-0.500000,0.000000,adult,walking,attentive,1.759303,1.000000,0.000000,2.541389,1.941389,0.172972,0.172972,0.172972,0.172972,1.102858,1.275829,0.005306,1.941389,0.838531,0.665560,0.665560,0.000422,horizon_mpc_secbf,8,-0.000422,true,osqp,optimal,50,4.684558,0,-0.208636,accept,false,0.750000,0.000614,0.375796,-0.021854,,,0.376430,0.229001,0.997626,3.440040
head_on,context_bl,SEESM w/o Feasibility-Preserving Update,15,1.500,-1.202460,-0.005001,0.375796,-0.021854,-0.058088,1.250000,0.080000,-0.500000,0.000000,adult,walking,attentive,2.119960,1.000000,0.000000,2.453932,1.853932,0.167021,0.167021,0.167021,0.167021,0.873651,1.040672,0.000000,1.853932,0.980281,0.813260,0.813260,0.000226,horizon_mpc_secbf,8,-0.000226,true,osqp,optimal,50,4.718247,0,-0.184791,accept,false,0.749999,0.001102,0.499429,-0.015969,,,0.499684,0.123774,1.047595,3.402463
head_on,context_bl,SEESM w/o Feasibility-Preserving Update,16,1.600,-1.152517,-0.006598,0.499429,-0.015969,-0.031963,1.200000,0.080000,-0.500000,0.000000,adult,walking,attentive,1.757334,1.000000,0.000000,2.354110,1.754110,0.173004,0.173004,0.173004,0.173004,0.997141,1.170145,0.005983,1.754110,0.756969,0.583965,0.583965,0.000520,horizon_mpc_secbf,8,-0.000520,true,osqp,optimal,50,3.143809,0,-0.191111,accept,false,0.749999,0.001476,0.277507,-0.037629,,,0.280047,0.222976,1.075599,3.352523
head_on,context_bl,SEESM w/o Feasibility-Preserving Update,17,1.700,-1.124766,-0.010361,0.277507,-0.037629,-0.134775,1.150000,0.080000,-0.500000,0.000000,adult,walking,attentive,2.162184,1.000000,0.000000,2.276560,1.676560,0.166324,0.166324,0.166324,0.166324,0.773841,0.940165,0.000000,1.676560,0.902719,0.736395,0.736395,0.000316,horizon_mpc_secbf,8,-0.000316,true,osqp,optimal,50,3.149682,0,-0.169494,accept,false,0.749996,0.002337,0.408123,-0.030290,,,0.409246,0.130822,1.116524,3.324782
head_on,context_bl,SEESM w/o Feasibility-Preserving Update,18,1.800,-1.083954,-0.013390,0.408123,-0.030290,-0.074083,1.100000,0.080000,-0.500000,0.000000,adult,walking,attentive,1.750496,1.000000,0.000000,2.185949,1.585949,0.173117,0.173117,0.173117,0.173117,0.904138,1.077255,0.006793,1.585949,0.681811,0.508694,0.508694,0.000607,horizon_mpc_secbf,8,-0.000608,true,osqp,optimal,50,3.559733,0,-0.178988,accept,false,0.749994,0.003058,0.191570,-0.061994,,,0.201351,0.218862,1.136659,3.283981
head_on,context_bl,SEESM w/o Feasibility-Preserving Update,19,1.900,-1.064797,-0.019590,0.191570,-0.061994,-0.312975,1.050000,0.080000,-0.500000,0.000000,adult,walking,attentive,2.205505,1.000000,0.000000,2.117140,1.517140,0.165609,0.165609,0.165609,0.165609,0.684770,0.850379,0.000000,1.517140,0.832370,0.666761,0.666761,0.000395,horizon_mpc_secbf,8,-0.000395,true,osqp,optimal,50,3.343807,0,-0.159773,accept,false,0.749986,0.004500,0.330328,-0.052718,,,0.334508,0.139068,1.170110,3.264855
head_on,context_bl,SEESM w/o Feasibility-Preserving Update,20,2.000,-1.031764,-0.024861,0.330328,-0.052718,-0.158257,1.000000,0.080000,-0.500000,0.000000,adult,walking,attentive,1.735579,1.000000,0.000000,2.034468,1.434468,0.173363,0.173363,0.173363,0.173363,0.822742,0.996105,0.007754,1.434468,0.611726,0.438363,0.438363,0.000685,horizon_mpc_secbf,8,-0.000685,true,osqp,optimal,50,4.087759,0,-0.173605,accept,false,0.749978,0.005769,0.118618,-0.099774,,,0.155000,0.216877,1.185610,3.231859
head_on,context_bl,SEESM w/o Feasibility-Preserving Update,21,2.100,-1.019902,-0.034839,0.118618,-0.099774,-0.699327,0.950000,0.080000,-0.500000,0.000000,adult,walking,attentive,2.244738,1.000000,0.000000,1.973247,1.373247,0.164962,0.164962,0.164962,0.164962,0.605026,0.769988,0.000000,1.373247,0.768221,0.603259,0.603259,0.000461,horizon_mpc_secbf,8,-0.000461,true,osqp,optimal,50,3.631628,0,-0.156880,accept,false,0.749956,0.008114,0.267058,-0.088627,,,0.281380,0.148859,1.213748,3.220090
head_on,context_bl,SEESM w/o Feasibility-Preserving Update,22,2.200,-0.993196,-0.043701,0.267058,-0.088627,-0.320427,0.900000,0.080000,-0.500000,0.000000,adult,walking,attentive,1.707678,1.000000,0.000000,1.897233,1.297233,0.173823,0.173823,0.173823,0.173823,0.751253,0.925077,0.008861,1.297233,0.545980,0.372157,0.372157,0.000759,horizon_mpc_secbf,8,-0.000759,true,osqp,optimal,75,5.562943,0,-0.170188,accept,false,0.749930,0.010263,0.055045,-0.165022,,,0.173960,0.225357,1.231144,3.193495
head_on,context_bl,SEESM w/o Feasibility-Preserving Update,23,2.300,-0.987692,-0.060204,0.055045,-0.165022,-1.248841,0.850000,0.080000,-0.500000,0.000000,adult,walking,attentive,2.298154,1.000000,0.000000,1.843032,1.243032,0.164080,0.164080,0.164080,0.164080,0.524569,0.688649,0.000000,1.243032,0.718463,0.554383,0.554383,0.000502,horizon_mpc_secbf,8,-0.000501,true,osqp,optimal,50,6.284857,0,-0.161879,accept,false,0.749866,0.014162,0.230629,-0.154427,,,0.277556,0.175903,1.258900,3.188260
head_on,context_bl,SEESM w/o Feasibility-Preserving Update,24,2.400,-0.964629,-0.075646,0.230629,-0.154427,-0.590025,0.800000,0.080000,-0.500000,0.000000,adult,walking,attentive,1.640189,1.000000,0.000000,1.771480,1.171480,0.174937,0.174937,0.174937,0.174937,0.691988,0.866925,0.010856,1.171480,0.479492,0.304555,0.304555,0.001205,horizon_mpc_secbf,8,0.001959,true,osqp,optimal,450,4.478853,0,-0.168587,accept,false,0.749786,0.017923,0.008843,-0.370226,,,0.370331,0.309447,1.295933,3.165533
head_on,context_bl,SEESM w/o Feasibility-Preserving Update,25,2.500,-0.963745,-0.112669,0.008843,-0.370226,-1.546914,0.750000,0.080000,-0.500000,0.000000,adult,walking,attentive,2.422037,1.000000,0.000000,1.724541,1.124541,0.162036,0.162036,0.162036,0.162036,0.394640,0.556676,0.000000,1.124541,0.729901,0.567865,0.567865,0.000449,horizon_mpc_secbf,8,-0.000448,true,osqp,optimal,50,3.523800,0,-0.179835,accept,false,0.749525,0.026692,0.279573,-0.237591,,,0.366893,0.301474,1.332622,3.165750
head_on,context_bl,SEESM w/o Feasibility-Preserving Update,26,2.600,-0.935787,-0.136428,0.279573,-0.237591,-0.704399,0.700000,0.080000,-0.500000,0.000000,adult,walking,attentive,1.415773,1.000000,0.000000,1.650043,1.050043,0.178640,0.178640,0.178640,0.178640,0.680901,0.859540,0.016603,1.050043,0.369142,0.190502,0.190502,0.014129,horizon_mpc_secbf,8,-0.006127,true,osqp,optimal,5650,24.049209,0,-0.226291,accept,false,0.749291,0.032599,0.032003,-0.735589,,,0.736285,0.556141,1.406250,3.138754
head_on,context_bl,SEESM w/o Feasibility-Preserving Update,27,2.700,-0.932587,-0.209987,0.032003,-0.735589,-1.527318,0.650000,0.080000,-0.500000,0.000000,adult,walking,attentive,2.582305,1.000000,0.000000,1.608936,1.008936,0.159392,0.159392,0.159392,0.159392,0.140762,0.300154,0.000000,1.008936,0.868174,0.708782,0.708782,0.000201,horizon_mpc_secbf,8,-0.000194,true,osqp,optimal,50,4.402250,0,-0.217000,accept,false,0.748321,0.050162,0.488347,-0.256214,,,0.551478,0.661854,1.461398,3.139617
head_on,context_bl,SEESM w/o Feasibility-Preserving Update,28,2.800,-0.883752,-0.235608,0.488347,-0.256214,-0.483177,0.600000,0.080000,-0.500000,0.000000,adult,walking,attentive,1.003870,1.000000,0.000000,1.516947,0.916947,0.185436,0.185436,0.185436,0.185436,0.760371,0.945807,0.026044,0.916947,0.156576,-0.028860,-0.028860,0.174843,horizon_mpc_secbf,8,-0.171942,true,osqp,optimal,7100,31.201993,0,-0.245001,accept,false,0.747820,0.057136,0.056198,-0.735590,,,0.737734,0.645410,1.535172,3.092740
head_on,context_bl,SEESM w/o Feasibility-Preserving Update,29,2.900,-0.878132,-0.309167,0.056198,-0.735590,-1.494546,0.550000,0.080000,-0.500000,0.000000,adult,walking,attentive,2.564457,1.000000,0.000000,1.480207,0.880207,0.159686,0.159686,0.159686,0.159686,0.057059,0.216746,0.000000,0.880207,0.823148,0.663461,0.663461,0.000155,horizon_mpc_secbf,8,-0.000153,true,osqp,optimal,50,3.320440,0,-0.274785,accept,false,0.746245,0.074953,0.545371,-0.266981,,,0.607213,0.677411,1.595893,3.093620
head_on,context_bl,SEESM w/o Feasibility-Preserving Update,30,3.000,-0.823595,-0.335865,0.545371,-0.266981,-0.455244,0.500000,0.080000,-0.500000,0.000000,adult,walking,attentive,0.858399,1.000000,0.000000,1.387389,0.787389,0.187836,0.187836,0.187836,0.187836,0.650037,0.837874,0.028150,0.787389,0.137352,-0.050485,-0.050485,0.143280,horizon_mpc_secbf,8,-0.141464,true,osqp,optimal,2700,13.196104,0,-0.241674,accept,false,0.745415,0.082802,0.081708,-0.735591,,,0.740115,0.659226,1.669905,3.042192
head_on,context_bl,SEESM w/o Feasibility-Preserving Update,31,3.100,-0.815425,-0.409425,0.081708,-0.735591,-1.460172,0.450000,0.080000,-0.500000,0.000000,adult,walking,attentive,2.730109,1.000000,0.000000,1.356774,0.756774,0.156953,0.156953,0.156953,0.156953,0.000000,0.156953,0.000000,0.756774,0.802901,0.645947,0.599821,0.000087,horizon_mpc_secbf,8,-0.000036,true,osqp,optimal,50,7.110557,0,-0.342340,accept,false,0.743181,0.100907,0.603295,-0.240528,,,0.649476,0.719125,1.734852,3.043093
head_on,context_bl,SEESM w/o Feasibility-Preserving Update,32,3.200,-0.755095,-0.433477,0.603295,-0.240528,-0.379376,0.400000,0.080000,-0.500000,0.000000,adult,walking,attentive,0.729386,1.000000,0.000000,1.264082,0.664082,0.189965,0.189965,0.189965,0.189965,0.508300,0.698265,0.033012,0.664082,0.155782,-0.034183,-0.034183,0.080551,horizon_mpc_secbf,8,-0.080059,true,osqp,optimal,3275,15.303228,0,-0.210320,accept,false,0.742059,0.108851,0.107901,-0.735590,,,0.743462,0.700359,1.809198,2.986719
head_on,context_bl,SEESM w/o Feasibility-Preserving Update,33,3.300,-0.744305,-0.507036,0.107901,-0.735590,-1.425149,0.350000,0.080000,-0.500000,0.000000,adult,walking,attentive,3.414678,1.000000,0.000000,1.241819,0.641819,0.145658,0.145658,0.145658,0.145658,0.000000,0.145658,0.000000,0.641819,0.809230,0.663572,0.496161,0.000030,horizon_mpc_secbf,8,0.000158,true,osqp,optimal,50,4.041575,0,-0.407876,accept,false,0.739120,0.127283,0.633910,-0.201274,,,0.665096,0.749786,1.875708,2.987644
head_on,context_bl,SEESM w/o Feasibility-Preserving Update,34,3.400,-0.680914,-0.527164,0.633910,-0.201274,-0.307444,0.300000,0.080000,-0.500000,0.000000,adult,walking,attentive,0.645078,1.000000,0.000000,1.153620,0.553620,0.191356,0.191356,0.191356,0.191356,0.330833,0.522189,0.045698,0.553620,0.222787,0.031431,0.031431,0.000570,horizon_mpc_secbf,8,-0.000076,true,osqp,optimal,300,4.011257,0,-0.255505,accept,false,0.737750,0.134997,0.263418,-0.687087,,,0.735852,0.610966,1.949293,2.928748
head_on,context_bl,SEESM w/o Feasibility-Preserving Update,35,3.500,-0.654572,-0.595872,0.263418,-0.687087,-1.204696,0.250000,0.080000,-0.500000,0.000000,adult,walking,attentive,2.641862,1.000000,0.000000,1.129183,0.529183,0.158409,0.158409,0.158409,0.158409,0.000000,0.158409,0.000000,0.529183,0.770250,0.611840,0.370774,0.000000,horizon_mpc_secbf,8,0.015105,true,osqp,optimal,50,4.845412,0,-0.461085,accept,false,0.734175,0.153254,0.664244,-0.168407,,,0.685260,0.655508,2.017819,2.916101
head_on,context_bl,SEESM w/o Feasibility-Preserving Update,36,3.600,-0.588148,-0.612713,0.664244,-0.168407,-0.248301,0.200000,0.080000,-0.500000,0.000000,adult,walking,attentive,0.588621,1.000000,0.000000,1.049299,0.449299,0.192288,0.192288,0.192288,0.192288,0.109630,0.301918,0.033878,0.449299,0.339669,0.147381,0.147381,0.000221,horizon_mpc_secbf,8,-0.000023,true,osqp,optimal,125,8.742410,0,-0.511422,accept,false,0.732521,0.160976,0.662043,-0.323871,,,0.737016,0.155479,2.091521,2.854678
head_on,context_bl,SEESM w/o Feasibility-Preserving Update,37,3.700,-0.521943,-0.645100,0.662043,-0.323871,-0.454969,0.150000,0.080000,-0.500000,0.000000,adult,walking,attentive,0.703557,1.000000,0.000000,0.988574,0.388574,0.190391,0.190391,0.190391,0.190391,0.000000,0.190391,0.000000,0.388574,0.557816,0.367424,0.198183,0.000015,horizon_mpc_secbf,8,-0.000008,true,osqp,optimal,50,3.352619,0,-0.544383,accept,false,0.729784,0.172959,0.730238,-0.127644,,,0.741310,0.207739,2.165652,2.797343
head_on,context_bl,SEESM w/o Feasibility-Preserving Update,38,3.800,-0.448920,-0.657865,0.730238,-0.127644,-0.173050,0.100000,0.080000,-0.500000,0.000000,adult,walking,attentive,0.505864,1.000000,0.000000,0.919650,0.319650,0.193653,0.193653,0.193653,0.193653,0.000000,0.193653,0.003262,0.319650,0.501499,0.307846,0.125997,0.000039,horizon_mpc_secbf,8,-0.000036,true,osqp,optimal,50,4.123135,0,-0.516151,accept,false,0.727888,0.180773,0.735591,-0.118791,,,0.745121,0.010346,2.240164,2.729388
head_on,context_bl,SEESM w/o Feasibility-Preserving Update,39,3.900,-0.375361,-0.669744,0.735591,-0.118791,-0.160108,0.050000,0.080000,-0.500000,0.000000,adult,walking,attentive,0.517392,1.000000,0.000000,0.862002,0.262002,0.193463,0.193463,0.193463,0.193463,0.000000,0.193463,0.000000,0.262002,0.587781,0.394318,0.068539,0.000054,horizon_mpc_secbf,8,-0.000052,true,osqp,optimal,75,3.795232,0,-0.427358,accept,false,0.725857,0.188765,0.735589,-0.130792,,,0.747127,0.012002,2.314876,2.661022
head_on,context_bl,SEESM w/o Feasibility-Preserving Update,40,4.000,-0.301802,-0.682823,0.735589,-0.130792,-0.175967,0.000000,0.080000,-0.500000,0.000000,adult,walking,attentive,0.661842,1.000000,0.000000,0.820355,0.220355,0.191080,0.191080,0.191080,0.191080,0.000000,0.191080,0.000000,0.220355,0.692481,0.501402,0.029276,0.000057,horizon_mpc_secbf,8,-0.000055,true,osqp,optimal,50,4.188415,0,-0.303050,accept,false,0.723535,0.197476,0.735596,-0.131397,,,0.747239,0.000604,2.389600,2.593310
head_on,context_bl,SEESM w/o Feasibility-Preserving Update,41,4.100,-0.228242,-0.695963,0.735596,-0.131397,-0.176762,-0.050000,0.080000,-0.500000,0.000000,adult,walking,attentive,1.320518,1.000000,0.000000,0.796171,0.196171,0.180211,0.180211,0.180211,0.180211,0.000000,0.180211,0.000000,0.196171,0.793305,0.613093,0.015960,0.000000,horizon_mpc_secbf,8,0.005521,true,osqp,optimal,75,4.332353,0,-0.184005,accept,false,0.720972,0.206639,0.735589,-0.078648,,,0.739782,0.052749,2.463579,2.526009
head_on,context_bl,SEESM w/o Feasibility-Preserving Update,42,4.200,-0.154683,-0.703827,0.735589,-0.078648,-0.106513,-0.100000,0.080000,-0.500000,0.000000,adult,walking,attentive,24.652868,1.000000,0.000000,0.785733,0.185733,0.136000,0.136000,0.136000,0.136000,0.000000,0.136000,0.000000,0.185733,0.862328,0.726328,0.049733,0.000000,horizon_mpc_secbf,8,0.056847,true,osqp,optimal,75,8.204467,0,0.023820,accept,false,0.718586,0.214789,0.735590,-0.060224,,,0.738051,0.018423,2.537384,2.457622
head_on,context_bl,SEESM w/o Feasibility-Preserving Update,43,4.300,-0.081124,-0.709850,0.735590,-0.060224,-0.081690,-0.150000,0.080000,-0.500000,0.000000,adult,walking,attentive,,0.000000,0.000000,0.792847,0.192847,0.070000,0.070000,0.070000,0.070000,0.000000,0.070000,0.000000,0.192847,0.192847,0.122847,0.122847,0.000000,horizon_mpc_secbf,8,0.147252,true,osqp,optimal,75,3.728390,0,0.274253,accept,false,0.716128,0.222848,0.735590,-0.044236,,,0.736919,0.015989,2.611076,2.389019
head_on,context_bl,SEESM w/o Feasibility-Preserving Update,44,4.400,-0.007565,-0.714273,0.735590,-0.044236,-0.060064,-0.200000,0.080000,-0.500000,0.000000,adult,walking,attentive,,0.000000,0.000000,0.817252,0.217252,0.070000,0.070000,0.070000,0.070000,0.000000,0.070000,0.000000,0.217252,0.217252,0.147252,0.147252,0.000000,horizon_mpc_secbf,8,0.187183,true,osqp,optimal,75,3.134562,0,0.462874,accept,false,0.713578,0.230883,0.735590,-0.025396,,,0.736028,0.018840,2.684678,2.320244
head_on,context_bl,SEESM w/o Feasibility-Preserving Update,45,4.500,0.065994,-0.716813,0.735590,-0.025396,-0.034511,-0.250000,0.080000,-0.500000,0.000000,adult,walking,attentive,,0.000000,0.000000,0.857183,0.257183,0.070000,0.070000,0.070000,0.070000,0.000000,0.070000,0.000000,0.257183,0.257183,0.187183,0.187183,0.000000,horizon_mpc_secbf,8,0.240299,true,osqp,optimal,75,4.120208,0,0.645749,accept,false,0.710963,0.238813,0.735589,-0.003308,,,0.735597,0.022088,2.758238,2.251178
head_on,context_bl,SEESM w/o Feasibility-Preserving Update,46,4.600,0.139553,-0.717144,0.735589,-0.003308,-0.004497,-0.300000,0.080000,-0.500000,0.000000,adult,walking,attentive,,0.000000,0.000000,0.910299,0.310299,0.070000,0.070000,0.070000,0.070000,0.000000,0.070000,0.000000,0.310299,0.310299,0.240299,0.240299,0.000000,horizon_mpc_secbf,8,0.304219,true,osqp,optimal,75,3.952895,0,0.818056,accept,false,0.708323,0.246534,0.735589,0.021546,,,0.735904,0.024854,2.831828,2.181682
head_on,context_bl,SEESM w/o Feasibility-Preserving Update,47,4.700,0.213112,-0.714989,0.735589,0.021546,0.029282,-0.350000,0.080000,-0.500000,0.000000,adult,walking,attentive,,0.000000,0.000000,0.974219,0.374219,0.070000,0.070000,0.070000,0.070000,0.000000,0.070000,0.000000,0.374219,0.374219,0.304219,0.304219,0.000000,horizon_mpc_secbf,8,0.376817,true,osqp,optimal,75,4.012673,0,0.978769,accept,false,0.705698,0.253948,0.735588,0.048572,,,0.737190,0.027026,2.905548,2.111619
head_on,context_bl,SEESM w/o Feasibility-Preserving Update,48,4.800,0.286671,-0.710132,0.735588,0.048572,0.065936,-0.400000,0.080000,-0.500000,0.000000,adult,walking,attentive,,0.000000,0.000000,1.046817,0.446817,0.070000,0.070000,0.070000,0.070000,0.000000,0.070000,0.000000,0.446817,0.446817,0.376817,0.376817,0.000000,horizon_mpc_secbf,8,0.456338,true,osqp,optimal,75,4.610279,0,1.129028,accept,false,0.703133,0.260968,0.735589,0.077221,,,0.739631,0.028649,2.979511,2.040862
head_on,context_bl,SEESM w/o Feasibility-Preserving Update,49,4.900,0.360229,-0.702410,0.735589,0.077221,0.104596,-0.450000,0.080000,-0.500000,0.000000,adult,walking,attentive,,0.000000,0.000000,1.126338,0.526338,0.070000,0.070000,0.070000,0.070000,0.000000,0.070000,0.000000,0.526338,0.526338,0.456338,0.456338,0.000000,horizon_mpc_secbf,8,0.541402,true,osqp,optimal,75,4.346760,0,1.270825,accept,false,0.700670,0.267510,0.735590,0.107006,,,0.743332,0.029785,3.053844,1.969298
head_on,context_bl,SEESM w/o Feasibility-Preserving Update,50,5.000,0.433788,-0.691709,0.735590,0.107006,0.144457,-0.500000,0.080000,-0.500000,0.000000,adult,walking,attentive,,0.000000,0.000000,1.211402,0.611402,0.070000,0.070000,0.070000,0.070000,0.000000,0.070000,0.000000,0.611402,0.611402,0.541402,0.541402,0.000000,horizon_mpc_secbf,8,0.630957,true,osqp,optimal,50,4.828876,0,1.406268,accept,false,0.698354,0.273499,0.735520,0.137376,,,0.748239,0.030370,3.128668,1.896830
head_on,context_bl,SEESM w/o Feasibility-Preserving Update,51,5.100,0.507340,-0.677972,0.735520,0.137376,0.184647,-0.550000,0.080000,-0.500000,0.000000,adult,walking,attentive,,0.000000,0.000000,1.300957,0.700957,0.070000,0.070000,0.070000,0.070000,0.000000,0.070000,0.000000,0.700957,0.700957,0.630957,0.630957,0.000000,horizon_mpc_secbf,8,0.723549,true,osqp,optimal,50,3.902668,0,1.530888,accept,false,0.696229,0.278865,0.727014,0.167025,,,0.745954,0.030845,3.203263,1.823388
head_on,context_bl,SEESM w/o Feasibility-Preserving Update,52,5.200,0.580042,-0.661269,0.727014,0.167025,0.225823,-0.600000,0.080000,-0.500000,0.000000,adult,walking,attentive,,0.000000,0.000000,1.393549,0.793549,0.070000,0.070000,0.070000,0.070000,0.000000,0.070000,0.000000,0.793549,0.793549,0.723549,0.723549,0.000000,horizon_mpc_secbf,8,0.818237,true,osqp,optimal,50,3.197382,0,1.648249,accept,false,0.694376,0.283445,0.715064,0.195896,,,0.741412,0.031246,3.277404,1.749726
head_on,context_bl,SEESM w/o Feasibility-Preserving Update,53,5.300,0.651548,-0.641680,0.715064,0.195896,0.267395,-0.650000,0.080000,-0.500000,0.000000,adult,walking,attentive,,0.000000,0.000000,1.488237,0.888237,0.070000,0.070000,0.070000,0.070000,0.000000,0.070000,0.000000,0.888237,0.888237,0.818237,0.818237,0.000000,horizon_mpc_secbf,8,0.914489,true,osqp,optimal,75,3.091493,0,1.761559,accept,false,0.692864,0.287123,0.703164,0.224599,,,0.738163,0.031073,3.351221,1.676143
head_on,context_bl,SEESM w/o Feasibility-Preserving Update,54,5.400,0.721865,-0.619220,0.703164,0.224599,0.309170,-0.700000,0.080000,-0.500000,0.000000,adult,walking,attentive,,0.000000,0.000000,1.584489,0.984489,0.070000,0.070000,0.070000,0.070000,0.000000,0.070000,0.000000,0.984489,0.984489,0.914489,0.914489,0.000000,horizon_mpc_secbf,8,1.011970,true,osqp,optimal,75,3.930052,0,1.872455,accept,false,0.691753,0.289789,0.691650,0.252395,,,0.736263,0.030086,3.424847,1.602597
head_on,context_bl,SEESM w/o Feasibility-Preserving Update,55,5.500,0.791030,-0.593980,0.691650,0.252395,0.349901,-0.750000,0.080000,-0.500000,0.000000,adult,walking,attentive,,0.000000,0.000000,1.681970,1.081970,0.070000,0.070000,0.070000,0.070000,0.000000,0.070000,0.000000,1.081970,1.081970,1.011970,1.011970,0.000000,horizon_mpc_secbf,8,1.110620,true,osqp,optimal,75,3.155408,0,1.983627,accept,false,0.691098,0.291347,0.681562,0.276750,,,0.735607,0.026362,3.498408,1.529055
head_on,context_bl,SEESM w/o Feasibility-Preserving Update,56,5.600,0.859186,-0.566305,0.681562,0.276750,0.385713,-0.800000,0.080000,-0.500000,0.000000,adult,walking,attentive,,0.000000,0.000000,1.780620,1.180620,0.070000,0.070000,0.070000,0.070000,0.000000,0.070000,0.000000,1.180620,1.180620,1.110620,1.110620,0.000000,horizon_mpc_secbf,8,1.211357,true,osqp,optimal,75,4.262198,0,2.105225,accept,false,0.690903,0.291809,0.678285,0.284663,,,0.735597,0.008565,3.571967,1.455501
head_on,context_bl,SEESM w/o Feasibility-Preserving Update,57,5.700,0.927014,-0.537839,0.678285,0.284663,0.397356,-0.850000,0.080000,-0.500000,0.000000,adult,walking,attentive,,0.000000,0.000000,1.881357,1.281357,0.070000,0.070000,0.070000,0.070000,0.000000,0.070000,0.000000,1.281357,1.281357,1.211357,1.211357,0.000000,horizon_mpc_secbf,8,1.314288,true,osqp,optimal,75,4.972670,0,2.229782,accept,false,0.690868,0.291893,0.677694,0.286090,,,0.735606,0.001545,3.645528,1.381942
head_on,context_bl,SEESM w/o Feasibility-Preserving Update,58,5.800,0.994784,-0.509230,0.677694,0.286090,0.399456,-0.900000,0.080000,-0.500000,0.000000,adult,walking,attentive,,0.000000,0.000000,1.984288,1.384288,0.070000,0.070000,0.070000,0.070000,0.000000,0.070000,0.000000,1.384288,1.384288,1.314288,1.314288,0.000000,horizon_mpc_secbf,8,1.419161,true,osqp,optimal,75,4.541915,0,2.353730,accept,false,0.690863,0.291905,0.677588,0.286344,,,0.735608,0.000275,3.719089,1.308381
head_on,context_bl,SEESM w/o Feasibility-Preserving Update,59,5.900,1.062542,-0.480595,0.677588,0.286344,0.399830,-0.950000,0.080000,-0.500000,0.000000,adult,walking,attentive,,0.000000,0.000000,2.089161,1.489161,0.070000,0.070000,0.070000,0.070000,0.000000,0.070000,0.000000,1.489161,1.489161,1.419161,1.419161,0.000000,horizon_mpc_secbf,8,1.525713,true,osqp,optimal,75,4.054835,0,2.476698,accept,false,0.690864,0.291902,0.677571,0.286386,,,0.735608,0.000045,3.792650,1.234820
head_on,context_bl,SEESM w/o Feasibility-Preserving Update,60,6.000,1.130300,-0.451957,0.677571,0.286386,0.399892,-1.000000,0.080000,-0.500000,0.000000,adult,walking,attentive,,0.000000,0.000000,2.195713,1.595713,0.070000,0.070000,0.070000,0.070000,0.000000,0.070000,0.000000,1.595713,1.595713,1.525713,1.525713,0.000000,horizon_mpc_secbf,8,1.633712,true,osqp,optimal,75,4.156411,0,2.598818,accept,false,0.690866,0.291897,0.677570,0.286388,,,0.735608,0.000003,3.866210,1.161260
head_on,context_bl,SEESM w/o Feasibility-Preserving Update,61,6.100,1.198057,-0.423318,0.677570,0.286388,0.399895,-1.050000,0.080000,-0.500000,0.000000,adult,walking,attentive,,0.000000,0.000000,2.303712,1.703712,0.070000,0.070000,0.070000,0.070000,0.000000,0.070000,0.000000,1.703712,1.703712,1.633712,1.633712,0.000000,horizon_mpc_secbf,8,1.742964,true,osqp,optimal,75,4.063281,0,2.720265,accept,false,0.690869,0.291890,0.677572,0.286384,,,0.735608,0.000005,3.939771,1.087699
head_on,context_bl,SEESM w/o Feasibility-Preserving Update,62,6.200,1.265814,-0.394680,0.677572,0.286384,0.399888,-1.100000,0.080000,-0.500000,0.000000,adult,walking,attentive,,0.000000,0.000000,2.412964,1.812964,0.070000,0.070000,0.070000,0.070000,0.000000,0.070000,0.000000,1.812964,1.812964,1.742964,1.742964,0.000000,horizon_mpc_secbf,8,1.853307,true,osqp,optimal,75,3.801992,0,2.841192,accept,false,0.690872,0.291883,0.677575,0.286377,,,0.735608,0.000007,4.013332,1.014138
head_on,context_bl,SEESM w/o Feasibility-Preserving Update,63,6.300,1.333571,-0.366042,0.677575,0.286377,0.399878,-1.150000,0.080000,-0.500000,0.000000,adult,walking,attentive,,0.000000,0.000000,2.523307,1.923307,0.070000,0.070000,0.070000,0.070000,0.000000,0.070000,0.000000,1.923307,1.923307,1.853307,1.853307,0.000000,horizon_mpc_secbf,8,1.964604,true,osqp,optimal,75,4.812360,0,2.961720,accept,false,0.690875,0.291876,0.677578,0.286370,,,0.735608,0.000008,4.086893,0.940577
head_on,context_bl,SEESM w/o Feasibility-Preserving Update,64,6.400,1.401329,-0.337405,0.677578,0.286370,0.399867,-1.200000,0.080000,-0.500000,0.000000,adult,walking,attentive,,0.000000,0.000000,2.634604,2.034604,0.070000,0.070000,0.070000,0.070000,0.000000,0.070000,0.000000,2.034604,2.034604,1.964604,1.964604,0.000000,horizon_mpc_secbf,8,2.076739,true,osqp,optimal,75,4.918024,0,3.081944,accept,false,0.690879,0.291867,0.677581,0.286361,,,0.735608,0.000009,4.160454,0.867016
head_on,context_bl,SEESM w/o Feasibility-Preserving Update,65,6.500,1.469087,-0.308769,0.677581,0.286361,0.399856,-1.250000,0.080000,-0.500000,0.000000,adult,walking,attentive,,0.000000,0.000000,2.746739,2.146739,0.070000,0.070000,0.070000,0.070000,0.000000,0.070000,0.000000,2.146739,2.146739,2.076739,2.076739,0.000000,horizon_mpc_secbf,8,2.189614,true,osqp,optimal,75,4.859645,0,3.201939,accept,false,0.690883,0.291858,0.677585,0.286353,,,0.735608,0.000010,4.234014,0.793456
head_on,context_bl,SEESM w/o Feasibility-Preserving Update,66,6.600,1.536846,-0.280134,0.677585,0.286353,0.399843,-1.300000,0.080000,-0.500000,0.000000,adult,walking,attentive,,0.000000,0.000000,2.859614,2.259614,0.070000,0.070000,0.070000,0.070000,0.000000,0.070000,0.000000,2.259614,2.259614,2.189614,2.189614,0.000000,horizon_mpc_secbf,8,2.303143,true,osqp,optimal,75,3.817418,0,3.321765,accept,false,0.690887,0.291849,0.677589,0.286343,,,0.735608,0.000011,4.307575,0.719895
head_on,context_bl,SEESM w/o Feasibility-Preserving Update,67,6.700,1.604605,-0.251499,0.677589,0.286343,0.399828,-1.350000,0.080000,-0.500000,0.000000,adult,walking,attentive,,0.000000,0.000000,2.973143,2.373143,0.070000,0.070000,0.070000,0.070000,0.000000,0.070000,0.000000,2.373143,2.373143,2.303143,2.303143,0.000000,horizon_mpc_secbf,8,2.417256,true,osqp,optimal,75,4.357339,0,3.441469,accept,false,0.690891,0.291838,0.677594,0.286332,,,0.735608,0.000012,4.381136,0.646334
head_on,context_bl,SEESM w/o Feasibility-Preserving Update,68,6.800,1.672364,-0.222866,0.677594,0.286332,0.399812,-1.400000,0.080000,-0.500000,0.000000,adult,walking,attentive,,0.000000,0.000000,3.087256,2.487256,0.070000,0.070000,0.070000,0.070000,0.000000,0.070000,0.000000,2.487256,2.487256,2.417256,2.417256,0.000000,horizon_mpc_secbf,8,2.531889,true,osqp,optimal,75,4.003916,0,3.561085,accept,false,0.690897,0.291825,0.677599,0.286320,,,0.735608,0.000013,4.454697,0.572773
head_on,context_bl,SEESM w/o Feasibility-Preserving Update,69,6.900,1.740124,-0.194234,0.677599,0.286320,0.399794,-1.450000,0.080000,-0.500000,0.000000,adult,walking,attentive,,0.000000,0.000000,3.201889,2.601889,0.070000,0.070000,0.070000,0.070000,0.000000,0.070000,0.000000,2.601889,2.601889,2.531889,2.531889,0.000000,horizon_mpc_secbf,8,2.646990,true,osqp,optimal,75,3.204285,0,3.680645,accept,false,0.690903,0.291811,0.677604,0.286306,,,0.735608,0.000015,4.528258,0.499212
head_on,context_bl,SEESM w/o Feasibility-Preserving Update,70,7.000,1.807884,-0.165604,0.677604,0.286306,0.399774,-1.500000,0.080000,-0.500000,0.000000,adult,walking,attentive,,0.000000,0.000000,3.316990,2.716990,0.070000,0.070000,0.070000,0.070000,0.000000,0.070000,0.000000,2.716990,2.716990,2.646990,2.646990,0.000000,horizon_mpc_secbf,8,2.762510,true,osqp,optimal,75,4.608169,0,3.800170,accept,false,0.690910,0.291794,0.677611,0.286290,,,0.735608,0.000018,4.601818,0.425652
head_on,context_bl,SEESM w/o Feasibility-Preserving Update,71,7.100,1.875645,-0.136975,0.677611,0.286290,0.399750,-1.550000,0.080000,-0.500000,0.000000,adult,walking,attentive,,0.000000,0.000000,3.432510,2.832510,0.070000,0.070000,0.070000,0.070000,0.000000,0.070000,0.000000,2.832510,2.832510,2.762510,2.762510,0.000000,horizon_mpc_secbf,8,2.878410,true,osqp,optimal,75,4.419565,0,3.919679,accept,false,0.690918,0.291774,0.677619,0.286270,,,0.735608,0.000021,4.675379,0.352091
head_on,context_bl,SEESM w/o Feasibility-Preserving Update,72,7.200,1.943407,-0.108348,0.677619,0.286270,0.399721,-1.600000,0.080000,-0.500000,0.000000,adult,walking,attentive,,0.000000,0.000000,3.548410,2.948410,0.070000,0.070000,0.070000,0.070000,0.000000,0.070000,0.000000,2.948410,2.948410,2.878410,2.878410,0.000000,horizon_mpc_secbf,8,2.994653,true,osqp,optimal,75,4.273340,0,4.039185,accept,false,0.690929,0.291748,0.677630,0.286245,,,0.735607,0.000027,4.748940,0.278530
head_on,context_bl,SEESM w/o Feasibility-Preserving Update,73,7.300,2.011170,-0.079723,0.677630,0.286245,0.399685,-1.650000,0.080000,-0.500000,0.000000,adult,walking,attentive,,0.000000,0.000000,3.664653,3.064653,0.070000,0.070000,0.070000,0.070000,0.000000,0.070000,0.000000,3.064653,3.064653,2.994653,2.994653,0.000000,horizon_mpc_secbf,8,3.111208,true,osqp,optimal,75,4.541003,0,4.158703,accept,false,0.690944,0.291713,0.677643,0.286212,,,0.735607,0.000036,4.822501,0.204969
head_on,context_bl,SEESM w/o Feasibility-Preserving Update,74,7.400,2.078935,-0.051102,0.677643,0.286212,0.399636,-1.700000,0.080000,-0.500000,0.000000,adult,walking,attentive,,0.000000,0.000000,3.781208,3.181208,0.070000,0.070000,0.070000,0.070000,0.000000,0.070000,0.000000,3.181208,3.181208,3.111208,3.111208,0.000000,horizon_mpc_secbf,8,3.228049,true,osqp,optimal,75,3.373032,0,4.278243,accept,false,0.690967,0.291658,0.677665,0.286160,,,0.735607,0.000056,4.896061,0.131409
head_on,context_bl,SEESM w/o Feasibility-Preserving Update,75,7.500,2.146701,-0.022486,0.677665,0.286160,0.399560,-1.750000,0.080000,-0.500000,0.000000,adult,walking,attentive,,0.000000,0.000000,3.898049,3.298049,0.070000,0.070000,0.070000,0.070000,0.000000,0.070000,0.000000,3.298049,3.298049,3.228049,3.228049,0.000000,horizon_mpc_secbf,8,3.333261,true,osqp,optimal,50,3.622946,0,4.279306,accept,false,0.532989,0.224857,0.557811,0.235375,,,0.605438,0.130169,4.956605,0.057848
head_on,context_bl,SEESM w/o Feasibility-Preserving Update,76,7.600,2.202482,0.001052,0.557811,0.235375,0.399295,-1.800000,0.080000,-0.500000,0.000000,adult,walking,attentive,,0.000000,0.000000,4.003261,3.403261,0.070000,0.070000,0.070000,0.070000,0.000000,0.070000,0.000000,3.403261,3.403261,3.333261,3.333261,0.000000,horizon_mpc_secbf,8,3.383257,true,osqp,optimal,50,4.009728,0,3.833227,accept,false,-0.024822,-0.010518,0.000060,-0.000144,,,0.000156,0.605438,4.956621,0.002696
head_on,context_bl,SEESM w/o Feasibility-Preserving Update,77,7.700,2.202488,0.001037,0.000060,-0.000144,-1.174196,-1.850000,0.080000,-0.500000,0.000000,adult,walking,attentive,,0.000000,0.000000,4.053257,3.453257,0.070000,0.070000,0.070000,0.070000,0.000000,0.070000,0.000000,3.453257,3.453257,3.383257,3.383257,0.000000,horizon_mpc_secbf,8,3.431205,true,osqp,optimal,50,3.211612,0,3.862732,accept,false,-0.024882,-0.010374,-0.020603,-0.008619,,,0.022333,0.022333,4.958854,0.002696
head_on,context_bl,SEESM w/o Feasibility-Preserving Update,78,7.800,2.200428,0.000176,-0.020603,-0.008619,-2.745379,-1.900000,0.080000,-0.500000,0.000000,adult,walking,attentive,,0.000000,0.000000,4.101205,3.501205,0.070000,0.070000,0.070000,0.070000,0.000000,0.070000,0.000000,3.501205,3.501205,3.431205,3.431205,0.000000,horizon_mpc_secbf,8,3.480494,true,osqp,optimal,25,3.228379,0,3.924094,accept,false,-0.004279,-0.001755,-0.007075,-0.002933,,,0.007659,0.014674,4.959620,0.000463
head_on,context_bl,SEESM w/o Feasibility-Preserving Update,79,7.900,2.199720,-0.000118,-0.007075,-0.002933,-2.748611,-1.950000,0.080000,-0.500000,0.000000,adult,walking,attentive,,0.000000,0.000000,4.150494,3.550494,0.070000,0.070000,0.070000,0.070000,0.000000,0.070000,0.000000,3.550494,3.550494,3.480494,3.480494,0.000000,horizon_mpc_secbf,8,3.530594,true,osqp,optimal,25,3.208865,0,3.981491,accept,false,0.002796,0.001178,0.001099,0.000472,,,0.001197,0.008855,4.959739,0.000303
head_on,context_bl,SEESM w/o Feasibility-Preserving Update,80,8.000,2.199830,-0.000071,0.001099,0.000472,0.405818,-2.000000,0.080000,-0.500000,0.000000,adult,walking,attentive,,0.000000,0.000000,4.200594,3.600594,0.070000,0.070000,0.070000,0.070000,0.000000,0.070000,0.000000,3.600594,3.600594,3.530594,3.530594,0.000000,horizon_mpc_secbf,8,3.580743,true,osqp,optimal,25,9.564688,0,4.032082,accept,false,0.001696,0.000705,0.001592,0.000665,,,0.001725,0.000529,4.959912,0.000184
head_on,context_bl,SEESM w/o Feasibility-Preserving Update,81,8.100,2.199990,-0.000004,0.001592,0.000665,0.395857,-2.050000,0.080000,-0.500000,0.000000,adult,walking,attentive,,0.000000,0.000000,4.250743,3.650743,0.070000,0.070000,0.070000,0.070000,0.000000,0.070000,0.000000,3.650743,3.650743,3.580743,3.580743,0.000000,horizon_mpc_secbf,8,3.630769,true,osqp,optimal,25,3.313491,0,4.081010,accept,false,0.000104,0.000040,0.000359,0.000147,,,0.000388,0.001337,4.959951,0.000011
head_on,context_bl,SEESM w/o Feasibility-Preserving Update,82,8.200,2.200026,0.000011,0.000359,0.000147,0.388995,-2.100000,0.080000,-0.500000,0.000000,adult,walking,attentive,,0.000000,0.000000,4.300769,3.700769,0.070000,0.070000,0.070000,0.070000,0.000000,0.070000,0.000000,3.700769,3.700769,3.630769,3.630769,0.000000,horizon_mpc_secbf,8,3.680746,true,osqp,optimal,25,3.497969,0,4.130535,accept,false,-0.000255,-0.000107,-0.000149,-0.000064,,,0.000162,0.000551,4.959967,0.000028
head_on,context_bl,SEESM w/o Feasibility-Preserving Update,83,8.300,2.200011,0.000004,-0.000149,-0.000064,-2.739122,-2.150000,0.080000,-0.500000,0.000000,adult,walking,attentive,,0.000000,0.000000,4.350746,3.750746,0.070000,0.070000,0.070000,0.070000,0.000000,0.070000,0.000000,3.750746,3.750746,3.680746,3.680746,0.000000,horizon_mpc_secbf,8,3.730726,true,osqp,optimal,25,3.151164,0,4.180549,accept,false,-0.000106,-0.000044,-0.000113,-0.000047,,,0.000122,0.000040,4.959979,0.000011
head_on,context_bl,SEESM w/o Feasibility-Preserving Update,84,8.400,2.199999,-0.000000,-0.000113,-0.000047,-2.746878,-2.200000,0.080000,-0.500000,0.000000,adult,walking,attentive,,0.000000,0.000000,4.400726,3.800726,0.070000,0.070000,0.070000,0.070000,0.000000,0.070000,0.000000,3.800726,3.800726,3.730726,3.730726,0.000000,horizon_mpc_secbf,8,3.780718,true,osqp,optimal,25,3.768405,0,4.230644,accept,false,0.000007,0.000003,-0.000000,0.000001,,,0.000001,0.000122,4.959979,0.000001
head_on,context_bl,SEESM w/o Feasibility-Preserving Update,85,8.500,2.199999,-0.000000,-0.000000,0.000001,1.949852,-2.250000,0.080000,-0.500000,0.000000,adult,walking,attentive,,0.000000,0.000000,4.450718,3.850718,0.070000,0.070000,0.070000,0.070000,0.000000,0.070000,0.000000,3.850718,3.850718,3.780718,3.780718,0.000000,horizon_mpc_secbf,8,3.830711,true,osqp,optimal,25,3.965110,0,4.280644,accept,false,0.000008,0.000003,0.000006,0.000002,,,0.000007,0.000007,4.959980,0.000001
head_on,context_bl,SEESM w/o Feasibility-Preserving Update,86,8.600,2.200000,-0.000000,0.000006,0.000002,0.354322,-2.300000,0.080000,-0.500000,0.000000,adult,walking,attentive,,0.000000,0.000000,4.500711,3.900711,0.070000,0.070000,0.070000,0.070000,0.000000,0.070000,0.000000,3.900711,3.900711,3.830711,3.830711,0.000000,horizon_mpc_secbf,8,3.880703,true,osqp,optimal,25,4.116853,0,4.330634,accept,false,0.000001,0.000000,0.000002,0.000001,,,0.000002,0.000004,4.959980,0.000000
head_on,context_bl,SEESM w/o Feasibility-Preserving Update,87,8.700,2.200000,0.000000,0.000002,0.000001,0.293290,-2.350000,0.080000,-0.500000,0.000000,adult,walking,attentive,,0.000000,0.000000,4.550703,3.950703,0.070000,0.070000,0.070000,0.070000,0.000000,0.070000,0.000000,3.950703,3.950703,3.880703,3.880703,0.000000,horizon_mpc_secbf,8,3.930696,true,osqp,optimal,25,4.044086,0,4.380626,accept,false,-0.000001,-0.000000,-0.000000,-0.000000,,,0.000000,0.000003,4.959980,0.000000
head_on,context_bl,SEESM w/o Feasibility-Preserving Update,88,8.800,2.200000,0.000000,-0.000000,-0.000000,-2.649520,-2.400000,0.080000,-0.500000,0.000000,adult,walking,attentive,,0.000000,0.000000,4.600696,4.000696,0.070000,0.070000,0.070000,0.070000,0.000000,0.070000,0.000000,4.000696,4.000696,3.930696,3.930696,0.000000,horizon_mpc_secbf,8,3.980688,true,osqp,optimal,25,7.653670,0,4.430620,accept,false,-0.000001,-0.000000,-0.000000,-0.000000,,,0.000001,0.000000,4.959980,0.000000
head_on,context_bl,SEESM w/o Feasibility-Preserving Update,89,8.900,2.200000,0.000000,-0.000000,-0.000000,-2.801510,-2.450000,0.080000,-0.500000,0.000000,adult,walking,attentive,,0.000000,0.000000,4.650688,4.050688,0.070000,0.070000,0.070000,0.070000,0.000000,0.070000,0.000000,4.050688,4.050688,3.980688,3.980688,0.000000,horizon_mpc_secbf,8,4.030681,true,osqp,optimal,25,4.722448,0,4.480614,accept,false,-0.000000,-0.000000,-0.000000,-0.000000,,,0.000000,0.000000,4.959980,0.000000
head_on,context_bl,SEESM w/o Feasibility-Preserving Update,90,9.000,2.200000,-0.000000,-0.000000,-0.000000,-2.882065,-2.500000,0.080000,-0.500000,0.000000,adult,walking,attentive,,0.000000,0.000000,4.700681,4.100681,0.070000,0.070000,0.070000,0.070000,0.000000,0.070000,0.000000,4.100681,4.100681,4.030681,4.030681,0.000000,horizon_mpc_secbf,8,4.080674,true,osqp,optimal,25,3.983319,0,4.530608,accept,false,0.000000,0.000000,0.000000,0.000000,,,0.000000,0.000000,4.959980,0.000000
head_on,context_bl,SEESM w/o Feasibility-Preserving Update,91,9.100,2.200000,-0.000000,0.000000,0.000000,0.407999,-2.550000,0.080000,-0.500000,0.000000,adult,walking,attentive,,0.000000,0.000000,4.750674,4.150674,0.070000,0.070000,0.070000,0.070000,0.000000,0.070000,0.000000,4.150674,4.150674,4.080674,4.080674,0.000000,horizon_mpc_secbf,8,4.130667,true,osqp,optimal,25,4.750734,0,4.580603,accept,false,0.000000,0.000000,0.000000,0.000000,,,0.000000,0.000000,4.959980,0.000000
head_on,context_bl,SEESM w/o Feasibility-Preserving Update,92,9.200,2.200000,0.000000,0.000000,0.000000,0.326281,-2.600000,0.080000,-0.500000,0.000000,adult,walking,attentive,,0.000000,0.000000,4.800667,4.200667,0.070000,0.070000,0.070000,0.070000,0.000000,0.070000,0.000000,4.200667,4.200667,4.130667,4.130667,0.000000,horizon_mpc_secbf,8,4.180660,true,osqp,optimal,25,4.566962,0,4.630597,accept,false,0.000000,0.000000,0.000000,0.000000,,,0.000000,0.000000,4.959980,0.000000
head_on,context_bl,SEESM w/o Feasibility-Preserving Update,93,9.300,2.200000,0.000000,0.000000,0.000000,0.326133,-2.650000,0.080000,-0.500000,0.000000,adult,walking,attentive,,0.000000,0.000000,4.850660,4.250660,0.070000,0.070000,0.070000,0.070000,0.000000,0.070000,0.000000,4.250660,4.250660,4.180660,4.180660,0.000000,horizon_mpc_secbf,8,4.230653,true,osqp,optimal,25,4.645961,0,4.680592,accept,false,0.000000,0.000000,0.000000,0.000000,,,0.000000,0.000000,4.959980,0.000000
head_on,context_bl,SEESM w/o Feasibility-Preserving Update,94,9.400,2.200000,0.000000,0.000000,0.000000,0.325985,-2.700000,0.080000,-0.500000,0.000000,adult,walking,attentive,,0.000000,0.000000,4.900653,4.300653,0.070000,0.070000,0.070000,0.070000,0.000000,0.070000,0.000000,4.300653,4.300653,4.230653,4.230653,0.000000,horizon_mpc_secbf,8,4.280646,true,osqp,optimal,25,24.494078,0,4.730586,accept,false,0.000000,0.000000,0.000000,0.000000,,,0.000000,0.000000,4.959980,0.000000
head_on,context_bl,SEESM w/o Feasibility-Preserving Update,95,9.500,2.200000,0.000000,0.000000,0.000000,0.325985,-2.750000,0.080000,-0.500000,0.000000,adult,walking,attentive,,0.000000,0.000000,4.950646,4.350646,0.070000,0.070000,0.070000,0.070000,0.000000,0.070000,0.000000,4.350646,4.350646,4.280646,4.280646,0.000000,horizon_mpc_secbf,8,4.330640,true,osqp,optimal,25,4.281089,0,4.780581,accept,false,-0.000000,-0.000000,-0.000000,-0.000000,,,0.000000,0.000000,4.959980,0.000000
head_on,context_bl,SEESM w/o Feasibility-Preserving Update,96,9.600,2.200000,0.000000,-0.000000,-0.000000,-2.730970,-2.800000,0.080000,-0.500000,0.000000,adult,walking,attentive,,0.000000,0.000000,5.000640,4.400640,0.070000,0.070000,0.070000,0.070000,0.000000,0.070000,0.000000,4.400640,4.400640,4.330640,4.330640,0.000000,horizon_mpc_secbf,8,4.380634,true,osqp,optimal,25,15.681795,0,4.830576,accept,false,0.000000,0.000000,-0.000000,-0.000000,,,0.000000,0.000000,4.959980,0.000000
head_on,context_bl,SEESM w/o Feasibility-Preserving Update,97,9.700,2.200000,0.000000,-0.000000,-0.000000,-2.730970,-2.850000,0.080000,-0.500000,0.000000,adult,walking,attentive,,0.000000,0.000000,5.050634,4.450634,0.070000,0.070000,0.070000,0.070000,0.000000,0.070000,0.000000,4.450634,4.450634,4.380634,4.380634,0.000000,horizon_mpc_secbf,8,4.430627,true,osqp,optimal,25,3.034174,0,4.880571,accept,false,0.000000,0.000000,-0.000000,-0.000000,,,0.000000,0.000000,4.959980,0.000000
head_on,context_bl,SEESM w/o Feasibility-Preserving Update,98,9.800,2.200000,0.000000,-0.000000,-0.000000,-2.730970,-2.900000,0.080000,-0.500000,0.000000,adult,walking,attentive,,0.000000,0.000000,5.100627,4.500627,0.070000,0.070000,0.070000,0.070000,0.000000,0.070000,0.000000,4.500627,4.500627,4.430627,4.430627,0.000000,horizon_mpc_secbf,8,4.480621,true,osqp,optimal,25,3.798875,0,4.930566,accept,false,0.000000,0.000000,-0.000000,-0.000000,,,0.000000,0.000000,4.959980,0.000000
head_on,context_bl,SEESM w/o Feasibility-Preserving Update,99,9.900,2.200000,0.000000,-0.000000,-0.000000,-2.730970,-2.950000,0.080000,-0.500000,0.000000,adult,walking,attentive,,0.000000,0.000000,5.150621,4.550621,0.070000,0.070000,0.070000,0.070000,0.000000,0.070000,0.000000,4.550621,4.550621,4.480621,4.480621,0.000000,horizon_mpc_secbf,8,4.530615,true,osqp,optimal,25,4.638438,0,4.980561,accept,false,0.000000,0.000000,-0.000000,-0.000000,,,0.000000,0.000000,4.959980,0.000000
head_on,context_bl,SEESM w/o Feasibility-Preserving Update,100,10.000,2.200000,0.000000,-0.000000,-0.000000,-2.730970,-3.000000,0.080000,-0.500000,0.000000,adult,walking,attentive,,0.000000,0.000000,5.200615,4.600615,0.070000,0.070000,0.070000,0.070000,0.000000,0.070000,0.000000,4.600615,4.600615,4.530615,4.530615,0.000000,horizon_mpc_secbf,8,4.580609,true,osqp,optimal,25,5.323094,0,5.030556,accept,false,0.000000,0.000000,0.000000,-0.000000,,,0.000000,0.000000,4.959980,0.000000
head_on,context_bl,SEESM w/o Feasibility-Preserving Update,101,10.100,2.200000,0.000000,0.000000,-0.000000,-2.730970,-3.050000,0.080000,-0.500000,0.000000,adult,walking,attentive,,0.000000,0.000000,5.250609,4.650609,0.070000,0.070000,0.070000,0.070000,0.000000,0.070000,0.000000,4.650609,4.650609,4.580609,4.580609,0.000000,horizon_mpc_secbf,8,4.630604,true,osqp,optimal,25,4.675839,0,5.080551,accept,false,0.000000,0.000000,0.000000,-0.000000,,,0.000000,0.000000,4.959980,0.000000
head_on,context_bl,SEESM w/o Feasibility-Preserving Update,102,10.200,2.200000,0.000000,0.000000,-0.000000,-2.730970,-3.100000,0.080000,-0.500000,0.000000,adult,walking,attentive,,0.000000,0.000000,5.300604,4.700604,0.070000,0.070000,0.070000,0.070000,0.000000,0.070000,0.000000,4.700604,4.700604,4.630604,4.630604,0.000000,horizon_mpc_secbf,8,4.680598,true,osqp,optimal,25,17.777626,0,5.130547,accept,false,0.000000,0.000000,0.000000,-0.000000,,,0.000000,0.000000,4.959980,0.000000
head_on,context_bl,SEESM w/o Feasibility-Preserving Update,103,10.300,2.200000,0.000000,0.000000,-0.000000,-2.730970,-3.150000,0.080000,-0.500000,0.000000,adult,walking,attentive,,0.000000,0.000000,5.350598,4.750598,0.070000,0.070000,0.070000,0.070000,0.000000,0.070000,0.000000,4.750598,4.750598,4.680598,4.680598,0.000000,horizon_mpc_secbf,8,4.730593,true,osqp,optimal,25,3.924561,0,5.180542,accept,false,0.000000,0.000000,0.000000,-0.000000,,,0.000000,0.000000,4.959980,0.000000
head_on,context_bl,SEESM w/o Feasibility-Preserving Update,104,10.400,2.200000,0.000000,0.000000,-0.000000,-2.730970,-3.200000,0.080000,-0.500000,0.000000,adult,walking,attentive,,0.000000,0.000000,5.400593,4.800593,0.070000,0.070000,0.070000,0.070000,0.000000,0.070000,0.000000,4.800593,4.800593,4.730593,4.730593,0.000000,horizon_mpc_secbf,8,4.780587,true,osqp,optimal,25,3.399959,0,5.230538,accept,false,0.000000,0.000000,0.000000,-0.000000,,,0.000000,0.000000,4.959980,0.000000
head_on,context_bl,SEESM w/o Feasibility-Preserving Update,105,10.500,2.200000,0.000000,0.000000,-0.000000,-2.730970,-3.250000,0.080000,-0.500000,0.000000,adult,walking,attentive,,0.000000,0.000000,5.450587,4.850587,0.070000,0.070000,0.070000,0.070000,0.000000,0.070000,0.000000,4.850587,4.850587,4.780587,4.780587,0.000000,horizon_mpc_secbf,8,4.830582,true,osqp,optimal,25,6.946465,0,5.280533,accept,false,0.000000,0.000000,0.000000,-0.000000,,,0.000000,0.000000,4.959980,0.000000
head_on,context_bl,SEESM w/o Feasibility-Preserving Update,106,10.600,2.200000,0.000000,0.000000,-0.000000,-2.730970,-3.300000,0.080000,-0.500000,0.000000,adult,walking,attentive,,0.000000,0.000000,5.500582,4.900582,0.070000,0.070000,0.070000,0.070000,0.000000,0.070000,0.000000,4.900582,4.900582,4.830582,4.830582,0.000000,horizon_mpc_secbf,8,4.880577,true,osqp,optimal,25,4.254327,0,5.330529,accept,false,0.000000,0.000000,0.000000,-0.000000,,,0.000000,0.000000,4.959980,0.000000
head_on,context_bl,SEESM w/o Feasibility-Preserving Update,107,10.700,2.200000,0.000000,0.000000,-0.000000,-2.730970,-3.350000,0.080000,-0.500000,0.000000,adult,walking,attentive,,0.000000,0.000000,5.550577,4.950577,0.070000,0.070000,0.070000,0.070000,0.000000,0.070000,0.000000,4.950577,4.950577,4.880577,4.880577,0.000000,horizon_mpc_secbf,8,4.930571,true,osqp,optimal,25,3.129397,0,5.380525,accept,false,0.000000,0.000000,0.000000,-0.000000,,,0.000000,0.000000,4.959980,0.000000
head_on,context_bl,SEESM w/o Feasibility-Preserving Update,108,10.800,2.200000,0.000000,0.000000,-0.000000,-2.730970,-3.400000,0.080000,-0.500000,0.000000,adult,walking,attentive,,0.000000,0.000000,5.600571,5.000571,0.070000,0.070000,0.070000,0.070000,0.000000,0.070000,0.000000,5.000571,5.000571,4.930571,4.930571,0.000000,horizon_mpc_secbf,8,4.980566,true,osqp,optimal,25,3.101942,0,5.430520,accept,false,0.000000,0.000000,0.000000,-0.000000,,,0.000000,0.000000,4.959980,0.000000
head_on,context_bl,SEESM w/o Feasibility-Preserving Update,109,10.900,2.200000,0.000000,0.000000,-0.000000,-2.730970,-3.450000,0.080000,-0.500000,0.000000,adult,walking,attentive,,0.000000,0.000000,5.650566,5.050566,0.070000,0.070000,0.070000,0.070000,0.000000,0.070000,0.000000,5.050566,5.050566,4.980566,4.980566,0.000000,horizon_mpc_secbf,8,5.030561,true,osqp,optimal,25,3.202811,0,5.480516,accept,false,0.000000,0.000000,0.000000,-0.000000,,,0.000000,0.000000,4.959980,0.000000
head_on,context_bl,SEESM w/o Feasibility-Preserving Update,110,11.000,2.200000,0.000000,0.000000,-0.000000,-2.730970,-3.500000,0.080000,-0.500000,0.000000,adult,walking,attentive,,0.000000,0.000000,5.700561,5.100561,0.070000,0.070000,0.070000,0.070000,0.000000,0.070000,0.000000,5.100561,5.100561,5.030561,5.030561,0.000000,horizon_mpc_secbf,8,5.080556,true,osqp,optimal,25,3.113828,0,5.530512,accept,false,0.000000,0.000000,0.000000,-0.000000,,,0.000000,0.000000,4.959980,0.000000
head_on,context_bl,SEESM w/o Feasibility-Preserving Update,111,11.100,2.200000,0.000000,0.000000,-0.000000,-2.730970,-3.550000,0.080000,-0.500000,0.000000,adult,walking,attentive,,0.000000,0.000000,5.750556,5.150556,0.070000,0.070000,0.070000,0.070000,0.000000,0.070000,0.000000,5.150556,5.150556,5.080556,5.080556,0.000000,horizon_mpc_secbf,8,5.130552,true,osqp,optimal,25,4.113432,0,5.580508,accept,false,0.000000,0.000000,0.000000,-0.000000,,,0.000000,0.000000,4.959980,0.000000
head_on,context_bl,SEESM w/o Feasibility-Preserving Update,112,11.200,2.200000,0.000000,0.000000,-0.000000,-2.730970,-3.600000,0.080000,-0.500000,0.000000,adult,walking,attentive,,0.000000,0.000000,5.800552,5.200552,0.070000,0.070000,0.070000,0.070000,0.000000,0.070000,0.000000,5.200552,5.200552,5.130552,5.130552,0.000000,horizon_mpc_secbf,8,5.180547,true,osqp,optimal,25,3.636286,0,5.630504,accept,false,0.000000,0.000000,0.000000,-0.000000,,,0.000000,0.000000,4.959980,0.000000
head_on,context_bl,SEESM w/o Feasibility-Preserving Update,113,11.300,2.200000,0.000000,0.000000,-0.000000,-2.730970,-3.650000,0.080000,-0.500000,0.000000,adult,walking,attentive,,0.000000,0.000000,5.850547,5.250547,0.070000,0.070000,0.070000,0.070000,0.000000,0.070000,0.000000,5.250547,5.250547,5.180547,5.180547,0.000000,horizon_mpc_secbf,8,5.230542,true,osqp,optimal,25,7.579920,0,5.680500,accept,false,0.000000,0.000000,0.000000,-0.000000,,,0.000000,0.000000,4.959980,0.000000
head_on,context_bl,SEESM w/o Feasibility-Preserving Update,114,11.400,2.200000,0.000000,0.000000,-0.000000,-2.730970,-3.700000,0.080000,-0.500000,0.000000,adult,walking,attentive,,0.000000,0.000000,5.900542,5.300542,0.070000,0.070000,0.070000,0.070000,0.000000,0.070000,0.000000,5.300542,5.300542,5.230542,5.230542,0.000000,horizon_mpc_secbf,8,5.280538,true,osqp,optimal,25,3.963109,0,5.730496,accept,false,0.000000,0.000000,0.000000,-0.000000,,,0.000000,0.000000,4.959980,0.000000
head_on,context_bl,SEESM w/o Feasibility-Preserving Update,115,11.500,2.200000,0.000000,0.000000,-0.000000,-2.730970,-3.750000,0.080000,-0.500000,0.000000,adult,walking,attentive,,0.000000,0.000000,5.950538,5.350538,0.070000,0.070000,0.070000,0.070000,0.000000,0.070000,0.000000,5.350538,5.350538,5.280538,5.280538,0.000000,horizon_mpc_secbf,8,5.330533,true,osqp,optimal,25,3.439174,0,5.780493,accept,false,0.000000,0.000000,0.000000,-0.000000,,,0.000000,0.000000,4.959980,0.000000
head_on,context_bl,SEESM w/o Feasibility-Preserving Update,116,11.600,2.200000,0.000000,0.000000,-0.000000,-2.730970,-3.800000,0.080000,-0.500000,0.000000,adult,walking,attentive,,0.000000,0.000000,6.000533,5.400533,0.070000,0.070000,0.070000,0.070000,0.000000,0.070000,0.000000,5.400533,5.400533,5.330533,5.330533,0.000000,horizon_mpc_secbf,8,5.380529,true,osqp,optimal,25,2.928748,0,5.830489,accept,false,0.000000,0.000000,0.000000,-0.000000,,,0.000000,0.000000,4.959980,0.000000
head_on,context_bl,SEESM w/o Feasibility-Preserving Update,117,11.700,2.200000,0.000000,0.000000,-0.000000,-2.730970,-3.850000,0.080000,-0.500000,0.000000,adult,walking,attentive,,0.000000,0.000000,6.050529,5.450529,0.070000,0.070000,0.070000,0.070000,0.000000,0.070000,0.000000,5.450529,5.450529,5.380529,5.380529,0.000000,horizon_mpc_secbf,8,5.430525,true,osqp,optimal,25,3.222054,0,5.880485,accept,false,0.000000,0.000000,0.000000,-0.000000,,,0.000000,0.000000,4.959980,0.000000
head_on,context_bl,SEESM w/o Feasibility-Preserving Update,118,11.800,2.200000,0.000000,0.000000,-0.000000,-2.730970,-3.900000,0.080000,-0.500000,0.000000,adult,walking,attentive,,0.000000,0.000000,6.100525,5.500525,0.070000,0.070000,0.070000,0.070000,0.000000,0.070000,0.000000,5.500525,5.500525,5.430525,5.430525,0.000000,horizon_mpc_secbf,8,5.480520,true,osqp,optimal,25,3.074970,0,5.930482,accept,false,0.000000,0.000000,0.000000,-0.000000,,,0.000000,0.000000,4.959980,0.000000
head_on,context_bl,SEESM w/o Feasibility-Preserving Update,119,11.900,2.200000,0.000000,0.000000,-0.000000,-2.730970,-3.950000,0.080000,-0.500000,0.000000,adult,walking,attentive,,0.000000,0.000000,6.150520,5.550520,0.070000,0.070000,0.070000,0.070000,0.000000,0.070000,0.000000,5.550520,5.550520,5.480520,5.480520,0.000000,horizon_mpc_secbf,8,5.530516,true,osqp,optimal,25,3.968519,0,5.980478,accept,false,0.000000,0.000000,0.000000,-0.000000,,,0.000000,0.000000,4.959980,0.000000
head_on,context_bl,Proposed MPC-SECBF,0,0.000,-2.200000,0.000000,0.000000,0.000000,0.000000,2.000000,0.080000,-0.500000,0.000000,unknown,walking,unknown,7.202830,1.000000,0.000000,4.200762,3.600762,0.271500,0.050000,0.271500,0.050000,0.499897,0.549897,0.050000,3.600762,3.100865,3.050865,3.050865,0.000000,horizon_mpc_secbf,8,2.075030,true,osqp,optimal,75,3.252015,0,1.930051,accept,false,0.750000,0.000000,0.621017,-0.000000,,,0.621017,0.621017,0.062102,4.400000
head_on,context_bl,Proposed MPC-SECBF,1,0.100,-2.137898,-0.000000,0.621017,-0.000000,-0.000000,1.950000,0.080000,-0.500000,0.000000,unknown,walking,unknown,3.112664,1.000000,0.000000,4.088681,3.488681,0.296789,0.100000,0.296789,0.100000,1.120721,1.220721,0.050000,3.488681,2.367960,2.267960,2.267960,0.000000,horizon_mpc_secbf,8,1.280687,true,osqp,optimal,75,4.051734,0,1.042094,accept,false,0.750000,0.000000,0.726100,-0.000000,,,0.726100,0.105084,0.134712,4.337898
head_on,context_bl,Proposed MPC-SECBF,2,0.200,-2.065288,-0.000000,0.726100,-0.000000,-0.000000,1.900000,0.080000,-0.500000,0.000000,unknown,walking,unknown,2.745926,1.000000,0.000000,3.966095,3.366095,0.307241,0.150000,0.307241,0.150000,1.225739,1.375739,0.050000,3.366095,2.140356,1.990356,1.990356,0.000000,horizon_mpc_secbf,8,1.002153,true,osqp,optimal,75,6.491207,0,0.755019,accept,false,0.750000,0.000000,0.735588,-0.000000,,,0.735588,0.009488,0.208271,4.265288
head_on,context_bl,Proposed MPC-SECBF,3,0.300,-1.991729,-0.000000,0.735588,-0.000000,-0.000000,1.850000,0.080000,-0.500000,0.000000,unknown,walking,unknown,2.624875,1.000000,0.000000,3.842562,3.242562,0.310691,0.200000,0.310691,0.200000,1.235194,1.435194,0.050000,3.242562,2.007369,1.807369,1.807369,0.000000,horizon_mpc_secbf,8,0.819186,true,osqp,optimal,75,3.271404,0,0.572048,accept,false,0.750000,0.000000,0.735588,-0.000000,,,0.735588,0.000000,0.281829,4.191729
head_on,context_bl,Proposed MPC-SECBF,4,0.400,-1.918171,-0.000000,0.735588,-0.000000,-0.000000,1.800000,0.080000,-0.500000,0.000000,unknown,walking,unknown,2.524913,1.000000,0.000000,3.719031,3.119031,0.313540,0.250000,0.313540,0.250000,1.235160,1.485160,0.050000,3.119031,1.883871,1.633871,1.633871,0.000000,horizon_mpc_secbf,8,0.645711,true,osqp,optimal,75,3.436913,0,0.398568,accept,false,0.750000,0.000000,0.735588,-0.000000,,,0.735588,0.000000,0.355388,4.118171
head_on,context_bl,Proposed MPC-SECBF,5,0.500,-1.844612,-0.000000,0.735588,-0.000000,-0.000000,1.750000,0.080000,-0.500000,0.000000,unknown,walking,unknown,2.424953,1.000000,0.000000,3.595502,2.995502,0.316389,0.300000,0.316389,0.300000,1.235122,1.535122,0.050000,2.995502,1.760379,1.460379,1.460379,0.000000,horizon_mpc_secbf,8,0.472246,true,osqp,optimal,75,3.301123,0,0.225097,accept,false,0.750000,0.000000,0.735588,-0.000000,,,0.735588,0.000000,0.428947,4.044612
head_on,context_bl,Proposed MPC-SECBF,6,0.600,-1.771053,-0.000000,0.735588,-0.000000,-0.000000,1.700000,0.080000,-0.500000,0.000000,unknown,walking,unknown,2.324995,1.000000,0.000000,3.471975,2.871975,0.319238,0.319238,0.319238,0.319238,1.235079,1.554317,0.019238,2.871975,1.636896,1.317658,1.317658,0.000000,horizon_mpc_secbf,8,0.329554,true,osqp,optimal,75,3.219918,0,0.082398,accept,false,0.750000,0.000000,0.735588,-0.000000,,,0.735588,0.000000,0.502506,3.971053
head_on,context_bl,Proposed MPC-SECBF,7,0.700,-1.697494,-0.000000,0.735588,-0.000000,-0.000000,1.650000,0.080000,-0.500000,0.000000,unknown,walking,unknown,2.225041,1.000000,0.000000,3.348450,2.748450,0.322086,0.322086,0.322086,0.322086,1.235030,1.557116,0.002849,2.748450,1.513420,1.191334,1.191334,0.000000,horizon_mpc_secbf,8,0.203263,true,osqp,optimal,75,3.736343,0,-0.043902,accept,false,0.750000,0.000000,0.735588,-0.000000,,,0.735588,0.000000,0.576065,3.897494
head_on,context_bl,Proposed MPC-SECBF,8,0.800,-1.623935,-0.000000,0.735588,-0.000000,-0.000000,1.600000,0.080000,-0.500000,0.000000,unknown,walking,unknown,2.125089,1.000000,0.000000,3.224928,2.624928,0.324935,0.324935,0.324935,0.324935,1.234972,1.559907,0.002849,2.624928,1.389956,1.065021,1.065021,0.000000,horizon_mpc_secbf,8,0.076988,true,osqp,optimal,75,3.404733,0,-0.170187,accept,false,0.750000,0.000000,0.735588,-0.000000,,,0.735588,0.000000,0.649624,3.823935
head_on,context_bl,Proposed MPC-SECBF,9,0.900,-1.550376,-0.000000,0.735588,-0.000000,-0.000000,1.550000,0.080000,-0.500000,0.000000,unknown,walking,unknown,2.025141,1.000000,0.000000,3.101408,2.501408,0.327783,0.327783,0.327783,0.327783,1.234905,1.562689,0.002849,2.501408,1.266503,0.938720,0.938720,0.000078,horizon_mpc_secbf,8,-0.000077,true,osqp,optimal,50,3.339893,0,-0.244097,accept,false,0.750000,0.000000,0.683351,-0.002444,,,0.683355,0.052294,0.717959,3.750376
head_on,context_bl,Proposed MPC-SECBF,10,1.000,-1.482041,-0.000244,0.683351,-0.002444,-0.003577,1.500000,0.080000,-0.500000,0.000000,unknown,walking,unknown,2.014716,1.000000,0.000000,2.983121,2.383121,0.328081,0.328081,0.328081,0.328081,1.182531,1.510612,0.000297,2.383121,1.200590,0.872509,0.872509,0.000161,horizon_mpc_secbf,8,-0.000161,true,osqp,optimal,50,6.401002,0,-0.232135,accept,false,0.750000,0.000050,0.605360,-0.005768,,,0.605388,0.078061,0.778498,3.682041
head_on,context_bl,Proposed MPC-SECBF,11,1.100,-1.421505,-0.000821,0.605360,-0.005768,-0.009528,1.450000,0.080000,-0.500000,0.000000,adult,walking,attentive,2.057136,1.000000,0.000000,2.872642,2.272642,0.168057,0.168057,0.168057,0.168057,1.104376,1.272434,0.000000,2.272642,1.168266,1.000209,1.000209,0.000000,horizon_mpc_secbf,8,0.013543,true,osqp,optimal,75,4.124202,0,-0.222774,accept,false,0.750000,0.000170,0.723491,-0.000849,,,0.723491,0.118233,0.850847,3.621505
head_on,context_bl,Proposed MPC-SECBF,12,1.200,-1.349156,-0.000906,0.723491,-0.000849,-0.001173,1.400000,0.080000,-0.500000,0.000000,adult,walking,attentive,1.758347,1.000000,0.000000,2.750346,2.150346,0.172987,0.172987,0.172987,0.172987,1.222492,1.395480,0.004930,2.150346,0.927854,0.754867,0.754867,0.000312,horizon_mpc_secbf,8,-0.000313,true,osqp,optimal,50,2.774698,0,-0.230895,accept,false,0.750000,0.000191,0.486858,-0.012127,,,0.487009,0.236901,0.899548,3.549156
head_on,context_bl,Proposed MPC-SECBF,13,1.300,-1.300470,-0.002119,0.486858,-0.012127,-0.024903,1.350000,0.080000,-0.500000,0.000000,adult,walking,attentive,2.080855,1.000000,0.000000,2.651742,2.051742,0.167666,0.167666,0.167666,0.167666,0.985463,1.153129,0.000000,2.051742,1.066280,0.898614,0.898614,0.000122,horizon_mpc_secbf,8,-0.000121,true,osqp,optimal,50,2.926072,0,-0.204832,accept,false,0.750000,0.000454,0.604313,-0.006972,,,0.604353,0.117568,0.959983,3.500471
head_on,context_bl,Proposed MPC-SECBF,14,1.400,-1.240039,-0.002816,0.604313,-0.006972,-0.011537,1.300000,0.080000,-0.500000,0.000000,adult,walking,attentive,1.759303,1.000000,0.000000,2.541389,1.941389,0.172972,0.172972,0.172972,0.172972,1.102858,1.275829,0.005306,1.941389,0.838531,0.665560,0.665560,0.000422,horizon_mpc_secbf,8,-0.000422,true,osqp,optimal,50,3.552758,0,-0.208636,accept,false,0.750000,0.000614,0.375796,-0.021854,,,0.376430,0.229001,0.997626,3.440040
head_on,context_bl,Proposed MPC-SECBF,15,1.500,-1.202460,-0.005001,0.375796,-0.021854,-0.058088,1.250000,0.080000,-0.500000,0.000000,adult,walking,attentive,2.119960,1.000000,0.000000,2.453932,1.853932,0.167021,0.167021,0.167021,0.167021,0.873651,1.040672,0.000000,1.853932,0.980281,0.813260,0.813260,0.000226,horizon_mpc_secbf,8,-0.000226,true,osqp,optimal,50,3.798135,0,-0.184791,accept,false,0.749999,0.001102,0.499429,-0.015969,,,0.499684,0.123774,1.047595,3.402463
head_on,context_bl,Proposed MPC-SECBF,16,1.600,-1.152517,-0.006598,0.499429,-0.015969,-0.031963,1.200000,0.080000,-0.500000,0.000000,adult,walking,attentive,1.757334,1.000000,0.000000,2.354110,1.754110,0.173004,0.173004,0.173004,0.173004,0.997141,1.170145,0.005983,1.754110,0.756969,0.583965,0.583965,0.000520,horizon_mpc_secbf,8,-0.000520,true,osqp,optimal,50,3.378572,0,-0.191111,accept,false,0.749999,0.001476,0.277507,-0.037629,,,0.280047,0.222976,1.075599,3.352523
head_on,context_bl,Proposed MPC-SECBF,17,1.700,-1.124766,-0.010361,0.277507,-0.037629,-0.134775,1.150000,0.080000,-0.500000,0.000000,adult,walking,attentive,2.162184,1.000000,0.000000,2.276560,1.676560,0.166324,0.166324,0.166324,0.166324,0.773841,0.940165,0.000000,1.676560,0.902719,0.736395,0.736395,0.000316,horizon_mpc_secbf,8,-0.000316,true,osqp,optimal,50,4.034579,0,-0.169494,accept,false,0.749996,0.002337,0.408123,-0.030290,,,0.409246,0.130822,1.116524,3.324782
head_on,context_bl,Proposed MPC-SECBF,18,1.800,-1.083954,-0.013390,0.408123,-0.030290,-0.074083,1.100000,0.080000,-0.500000,0.000000,adult,walking,attentive,1.750496,1.000000,0.000000,2.185949,1.585949,0.173117,0.173117,0.173117,0.173117,0.904138,1.077255,0.006793,1.585949,0.681811,0.508694,0.508694,0.000607,horizon_mpc_secbf,8,-0.000608,true,osqp,optimal,50,6.830766,0,-0.178988,accept,false,0.749994,0.003058,0.191570,-0.061994,,,0.201351,0.218862,1.136659,3.283981
head_on,context_bl,Proposed MPC-SECBF,19,1.900,-1.064797,-0.019590,0.191570,-0.061994,-0.312975,1.050000,0.080000,-0.500000,0.000000,adult,walking,attentive,2.205505,1.000000,0.000000,2.117140,1.517140,0.165609,0.165609,0.165609,0.165609,0.684770,0.850379,0.000000,1.517140,0.832370,0.666761,0.666761,0.000395,horizon_mpc_secbf,8,-0.000395,true,osqp,optimal,50,3.653419,0,-0.159773,accept,false,0.749986,0.004500,0.330328,-0.052718,,,0.334508,0.139068,1.170110,3.264855
head_on,context_bl,Proposed MPC-SECBF,20,2.000,-1.031764,-0.024861,0.330328,-0.052718,-0.158257,1.000000,0.080000,-0.500000,0.000000,adult,walking,attentive,1.735579,1.000000,0.000000,2.034468,1.434468,0.173363,0.173363,0.173363,0.173363,0.822742,0.996105,0.007754,1.434468,0.611726,0.438363,0.438363,0.000685,horizon_mpc_secbf,8,-0.000685,true,osqp,optimal,50,2.931605,0,-0.173605,accept,false,0.749978,0.005769,0.118618,-0.099774,,,0.155000,0.216877,1.185610,3.231859
head_on,context_bl,Proposed MPC-SECBF,21,2.100,-1.019902,-0.034839,0.118618,-0.099774,-0.699327,0.950000,0.080000,-0.500000,0.000000,adult,walking,attentive,2.244738,1.000000,0.000000,1.973247,1.373247,0.164962,0.164962,0.164962,0.164962,0.605026,0.769988,0.000000,1.373247,0.768221,0.603259,0.603259,0.000461,horizon_mpc_secbf,8,-0.000461,true,osqp,optimal,50,3.099517,0,-0.156880,accept,false,0.749956,0.008114,0.267058,-0.088627,,,0.281380,0.148859,1.213748,3.220090
head_on,context_bl,Proposed MPC-SECBF,22,2.200,-0.993196,-0.043701,0.267058,-0.088627,-0.320427,0.900000,0.080000,-0.500000,0.000000,adult,walking,attentive,1.707678,1.000000,0.000000,1.897233,1.297233,0.173823,0.173823,0.173823,0.173823,0.751253,0.925077,0.008861,1.297233,0.545980,0.372157,0.372157,0.000759,horizon_mpc_secbf,8,-0.000759,true,osqp,optimal,75,3.077847,0,-0.170188,accept,false,0.749930,0.010263,0.055045,-0.165022,,,0.173960,0.225357,1.231144,3.193495
head_on,context_bl,Proposed MPC-SECBF,23,2.300,-0.987692,-0.060204,0.055045,-0.165022,-1.248841,0.850000,0.080000,-0.500000,0.000000,adult,walking,attentive,2.298154,1.000000,0.000000,1.843032,1.243032,0.164080,0.164080,0.164080,0.164080,0.524569,0.688649,0.000000,1.243032,0.718463,0.554383,0.554383,0.000502,horizon_mpc_secbf,8,-0.000501,true,osqp,optimal,50,4.592497,0,-0.161879,accept,false,0.749866,0.014162,0.230629,-0.154427,,,0.277556,0.175903,1.258900,3.188260
head_on,context_bl,Proposed MPC-SECBF,24,2.400,-0.964629,-0.075646,0.230629,-0.154427,-0.590025,0.800000,0.080000,-0.500000,0.000000,adult,walking,attentive,1.640189,1.000000,0.000000,1.771480,1.171480,0.174937,0.174937,0.174937,0.174937,0.691988,0.866925,0.010856,1.171480,0.479492,0.304555,0.304555,0.001205,horizon_mpc_secbf,8,0.001959,true,osqp,optimal,450,6.847936,0,-0.168587,accept,false,0.749786,0.017923,0.008843,-0.370226,,,0.370331,0.309447,1.295933,3.165533
head_on,context_bl,Proposed MPC-SECBF,25,2.500,-0.963745,-0.112669,0.008843,-0.370226,-1.546914,0.750000,0.080000,-0.500000,0.000000,adult,walking,attentive,2.422037,1.000000,0.000000,1.724541,1.124541,0.162036,0.162036,0.162036,0.162036,0.394640,0.556676,0.000000,1.124541,0.729901,0.567865,0.567865,0.000449,horizon_mpc_secbf,8,-0.000448,true,osqp,optimal,50,8.006441,0,-0.179835,accept,false,0.749525,0.026692,0.279573,-0.237591,,,0.366893,0.301474,1.332622,3.165750
head_on,context_bl,Proposed MPC-SECBF,26,2.600,-0.935787,-0.136428,0.279573,-0.237591,-0.704399,0.700000,0.080000,-0.500000,0.000000,adult,walking,attentive,1.415773,1.000000,0.000000,1.650043,1.050043,0.178640,0.178640,0.178640,0.178640,0.680901,0.859540,0.016603,1.050043,0.369142,0.190502,0.190502,0.014129,horizon_mpc_secbf,8,-0.006127,true,osqp,optimal,5650,20.725774,0,-0.226291,accept,false,0.749291,0.032599,0.032003,-0.735589,,,0.736285,0.556141,1.406250,3.138754
head_on,context_bl,Proposed MPC-SECBF,27,2.700,-0.932587,-0.209987,0.032003,-0.735589,-1.527318,0.650000,0.080000,-0.500000,0.000000,adult,walking,attentive,2.582305,1.000000,0.000000,1.608936,1.008936,0.159392,0.159392,0.159392,0.159392,0.140762,0.300154,0.000000,1.008936,0.868174,0.708782,0.708782,0.000201,horizon_mpc_secbf,8,-0.000194,true,osqp,optimal,50,3.411859,0,-0.217000,accept,false,0.748321,0.050162,0.488347,-0.256214,,,0.551478,0.661854,1.461398,3.139617
head_on,context_bl,Proposed MPC-SECBF,28,2.800,-0.883752,-0.235608,0.488347,-0.256214,-0.483177,0.600000,0.080000,-0.500000,0.000000,adult,walking,attentive,1.003870,1.000000,0.000000,1.516947,0.916947,0.185436,0.106576,0.185436,0.106576,0.760371,0.866947,0.000000,0.916947,0.156576,0.050000,0.050000,0.095984,horizon_mpc_secbf,8,-0.093083,true,osqp,optimal,8150,37.056534,0,-0.245002,project,true,0.747820,0.057136,0.056200,-0.735590,,,0.737733,0.645408,1.535172,3.092740
head_on,context_bl,Proposed MPC-SECBF,29,2.900,-0.878132,-0.309167,0.056200,-0.735590,-1.494544,0.550000,0.080000,-0.500000,0.000000,adult,walking,attentive,2.564442,1.000000,0.000000,1.480207,0.880207,0.159687,0.156576,0.159687,0.156576,0.057061,0.213637,0.050000,0.880207,0.823146,0.666570,0.666570,0.000151,horizon_mpc_secbf,8,-0.000149,true,osqp,optimal,50,3.845118,0,-0.274423,accept,false,0.746245,0.074953,0.547534,-0.264488,,,0.608068,0.680695,1.595978,3.093620
head_on,context_bl,Proposed MPC-SECBF,30,3.000,-0.823379,-0.335616,0.547534,-0.264488,-0.449998,0.500000,0.080000,-0.500000,0.000000,adult,walking,attentive,0.855405,1.000000,0.000000,1.387108,0.787108,0.187886,0.083915,0.187886,0.083915,0.653193,0.737108,0.000000,0.787108,0.133915,0.050000,0.050000,0.042815,horizon_mpc_secbf,8,-0.041000,true,osqp,optimal,4750,17.282079,0,-0.241714,project,true,0.745421,0.082747,0.081655,-0.735589,,,0.740108,0.662556,1.669989,3.041950
head_on,context_bl,Proposed MPC-SECBF,31,3.100,-0.815213,-0.409175,0.081655,-0.735589,-1.460243,0.450000,0.080000,-0.500000,0.000000,adult,walking,attentive,2.728542,1.000000,0.000000,1.356487,0.756487,0.156979,0.133915,0.156979,0.133915,0.000000,0.133915,0.050000,0.756487,0.802605,0.668690,0.622572,0.000058,horizon_mpc_secbf,8,0.000000,true,osqp,optimal,50,3.165089,0,-0.337013,accept,false,0.743188,0.100853,0.613392,-0.218603,,,0.651181,0.741633,1.735107,3.042850
head_on,context_bl,Proposed MPC-SECBF,32,3.200,-0.753874,-0.431035,0.613392,-0.218603,-0.342350,0.400000,0.080000,-0.500000,0.000000,adult,walking,attentive,0.712189,1.000000,0.000000,1.261976,0.661976,0.190249,0.080760,0.190249,0.080760,0.531216,0.611976,0.000000,0.661976,0.130760,0.050000,0.050000,0.001057,horizon_mpc_secbf,8,-0.000054,true,osqp,optimal,1225,9.375414,0,-0.241945,project,true,0.742140,0.108295,0.146241,-0.735604,,,0.750000,0.696793,1.810107,2.985157
head_on,context_bl,Proposed MPC-SECBF,33,3.300,-0.739250,-0.504596,0.146241,-0.735604,-1.374551,0.350000,0.080000,-0.500000,0.000000,adult,walking,attentive,2.871587,1.000000,0.000000,1.236211,0.636211,0.154619,0.130760,0.154619,0.130760,0.000000,0.130760,0.050000,0.636211,0.792546,0.661786,0.505451,0.000013,horizon_mpc_secbf,8,0.000126,true,osqp,optimal,50,3.031623,0,-0.411908,accept,false,0.739186,0.126900,0.642542,-0.188930,,,0.669742,0.738354,1.877082,2.982249
head_on,context_bl,Proposed MPC-SECBF,34,3.400,-0.674996,-0.523489,0.642542,-0.188930,-0.285976,0.300000,0.080000,-0.500000,0.000000,adult,walking,attentive,0.626851,1.000000,0.000000,1.146654,0.546654,0.191657,0.159938,0.191657,0.159938,0.336716,0.496654,0.029178,0.546654,0.209938,0.050000,0.050000,0.000467,horizon_mpc_secbf,8,-0.000088,true,osqp,optimal,225,3.258554,0,-0.314052,project,true,0.737868,0.134353,0.335498,-0.657228,,,0.737907,0.559981,1.950872,2.922267
head_on,context_bl,Proposed MPC-SECBF,35,3.500,-0.641446,-0.589212,0.335498,-0.657228,-1.098805,0.250000,0.080000,-0.500000,0.000000,adult,walking,attentive,1.881161,1.000000,0.000000,1.114684,0.514684,0.170961,0.170961,0.170961,0.170961,0.000000,0.170961,0.011023,0.514684,0.727619,0.556658,0.343723,0.000007,horizon_mpc_secbf,8,0.000024,true,osqp,optimal,50,3.069501,0,-0.492170,accept,false,0.734377,0.152283,0.675146,-0.173061,,,0.696974,0.591421,2.020570,2.901894
head_on,context_bl,Proposed MPC-SECBF,36,3.600,-0.573932,-0.606518,0.675146,-0.173061,-0.250928,0.200000,0.080000,-0.500000,0.000000,adult,walking,attentive,0.568568,1.000000,0.000000,1.034542,0.434542,0.192619,0.192619,0.192619,0.192619,0.085938,0.278557,0.021658,0.434542,0.348603,0.155985,0.155985,0.000239,horizon_mpc_secbf,8,-0.000039,true,osqp,optimal,150,3.357557,0,-0.522995,accept,false,0.732690,0.160202,0.672606,-0.298371,,,0.735815,0.125336,2.094151,2.839465
head_on,context_bl,Proposed MPC-SECBF,37,3.700,-0.506671,-0.636355,0.672606,-0.298371,-0.417522,0.150000,0.080000,-0.500000,0.000000,adult,walking,attentive,0.649506,1.000000,0.000000,0.971793,0.371793,0.191283,0.191283,0.191283,0.191283,0.000000,0.191283,0.000000,0.371793,0.538357,0.347074,0.180509,0.000036,horizon_mpc_secbf,8,-0.000027,true,osqp,optimal,100,3.329946,0,-0.544865,accept,false,0.730093,0.171649,0.731221,-0.144563,,,0.745374,0.164598,2.168689,2.780470
head_on,context_bl,Proposed MPC-SECBF,38,3.800,-0.433549,-0.650811,0.731221,-0.144563,-0.195184,0.100000,0.080000,-0.500000,0.000000,adult,walking,attentive,0.500387,1.000000,0.000000,0.904853,0.304853,0.193744,0.193744,0.193744,0.193744,0.000000,0.193744,0.002460,0.304853,0.519387,0.325643,0.111110,0.000054,horizon_mpc_secbf,8,-0.000050,true,osqp,optimal,75,3.386868,0,-0.502220,accept,false,0.728097,0.179930,0.735601,-0.142625,,,0.749301,0.004790,2.243619,2.712773
head_on,context_bl,Proposed MPC-SECBF,39,3.900,-0.359989,-0.665074,0.735601,-0.142625,-0.191513,0.050000,0.080000,-0.500000,0.000000,adult,walking,attentive,0.532002,1.000000,0.000000,0.850427,0.250427,0.193222,0.193222,0.193222,0.193222,0.000000,0.193222,0.000000,0.250427,0.612289,0.419067,0.057205,0.000074,horizon_mpc_secbf,8,-0.000070,true,osqp,optimal,75,3.418345,0,-0.405247,accept,false,0.725903,0.188586,0.733682,-0.150928,,,0.749045,0.008522,2.318523,2.644970
head_on,context_bl,Proposed MPC-SECBF,40,4.000,-0.286621,-0.680166,0.733682,-0.150928,-0.202883,0.000000,0.080000,-0.500000,0.000000,adult,walking,attentive,0.722408,1.000000,0.000000,0.812406,0.212406,0.190080,0.190080,0.190080,0.190080,0.000000,0.190080,0.000000,0.212406,0.714160,0.524080,0.022326,0.000069,horizon_mpc_secbf,8,-0.000068,true,osqp,optimal,150,6.698856,0,-0.277279,accept,false,0.723425,0.197879,0.735593,-0.145612,,,0.749866,0.005649,2.393510,2.577966
head_on,context_bl,Proposed MPC-SECBF,41,4.100,-0.213061,-0.694727,0.735593,-0.145612,-0.195425,-0.050000,0.080000,-0.500000,0.000000,adult,walking,attentive,1.711672,1.000000,0.000000,0.791702,0.191702,0.173757,0.173757,0.173757,0.173757,0.000000,0.173757,0.000000,0.191702,0.813276,0.639518,0.017944,0.000000,horizon_mpc_secbf,8,0.010037,true,osqp,optimal,75,3.789478,0,-0.157565,accept,false,0.720725,0.207499,0.735589,-0.080706,,,0.740003,0.064905,2.467510,2.511078
head_on,context_bl,Proposed MPC-SECBF,42,4.200,-0.139502,-0.702798,0.735589,-0.080706,-0.109279,-0.100000,0.080000,-0.500000,0.000000,adult,walking,attentive,,0.000000,0.000000,0.783794,0.183794,0.070000,0.070000,0.070000,0.070000,0.000000,0.070000,0.000000,0.183794,0.183794,0.113794,0.113794,0.000000,horizon_mpc_secbf,8,0.123220,true,osqp,optimal,75,3.291564,0,0.111004,accept,false,0.718290,0.215778,0.735590,-0.059558,,,0.737997,0.021149,2.541310,2.442785
head_on,context_bl,Proposed MPC-SECBF,43,4.300,-0.065943,-0.708754,0.735590,-0.059558,-0.080790,-0.150000,0.080000,-0.500000,0.000000,adult,walking,attentive,,0.000000,0.000000,0.793220,0.193220,0.070000,0.070000,0.070000,0.070000,0.000000,0.070000,0.000000,0.193220,0.193220,0.123220,0.123220,0.000000,horizon_mpc_secbf,8,0.149741,true,osqp,optimal,75,3.132934,0,0.296513,accept,false,0.715802,0.223892,0.735590,-0.042598,,,0.736823,0.016959,2.614992,2.374201
head_on,context_bl,Proposed MPC-SECBF,44,4.400,0.007616,-0.713014,0.735590,-0.042598,-0.057846,-0.200000,0.080000,-0.500000,0.000000,adult,walking,attentive,,0.000000,0.000000,0.819741,0.219741,0.070000,0.070000,0.070000,0.070000,0.000000,0.070000,0.000000,0.219741,0.219741,0.149741,0.149741,0.000000,horizon_mpc_secbf,8,0.191526,true,osqp,optimal,75,3.250328,0,0.485092,accept,false,0.713229,0.231958,0.735590,-0.023169,,,0.735955,0.019430,2.688588,2.305415
head_on,context_bl,Proposed MPC-SECBF,45,4.500,0.081175,-0.715331,0.735590,-0.023169,-0.031486,-0.250000,0.080000,-0.500000,0.000000,adult,walking,attentive,,0.000000,0.000000,0.861526,0.261526,0.070000,0.070000,0.070000,0.070000,0.000000,0.070000,0.000000,0.261526,0.261526,0.191526,0.191526,0.000000,horizon_mpc_secbf,8,0.246206,true,osqp,optimal,75,3.102424,0,0.667071,accept,false,0.710596,0.239902,0.735589,-0.000627,,,0.735589,0.022541,2.762146,2.236318
head_on,context_bl,Proposed MPC-SECBF,46,4.600,0.154734,-0.715393,0.735589,-0.000627,-0.000853,-0.300000,0.080000,-0.500000,0.000000,adult,walking,attentive,,0.000000,0.000000,0.916206,0.316206,0.070000,0.070000,0.070000,0.070000,0.000000,0.070000,0.000000,0.316206,0.316206,0.246206,0.246206,0.000000,horizon_mpc_secbf,8,0.311411,true,osqp,optimal,75,3.855140,0,0.838110,accept,false,0.707942,0.247624,0.735589,0.024589,,,0.735999,0.025216,2.835746,2.166772
head_on,context_bl,Proposed MPC-SECBF,47,4.700,0.228292,-0.712934,0.735589,0.024589,0.033415,-0.350000,0.080000,-0.500000,0.000000,adult,walking,attentive,,0.000000,0.000000,0.981411,0.381411,0.070000,0.070000,0.070000,0.070000,0.000000,0.070000,0.000000,0.381411,0.381411,0.311411,0.311411,0.000000,horizon_mpc_secbf,8,0.385053,true,osqp,optimal,75,4.295045,0,0.997542,accept,false,0.705309,0.255027,0.735588,0.051902,,,0.737417,0.027313,2.909488,2.096642
head_on,context_bl,Proposed MPC-SECBF,48,4.800,0.301851,-0.707744,0.735588,0.051902,0.070442,-0.400000,0.080000,-0.500000,0.000000,adult,walking,attentive,,0.000000,0.000000,1.055053,0.455053,0.070000,0.070000,0.070000,0.070000,0.000000,0.070000,0.000000,0.455053,0.455053,0.385053,0.385053,0.000000,horizon_mpc_secbf,8,0.465422,true,osqp,optimal,75,6.716732,0,1.146694,accept,false,0.702740,0.262024,0.735589,0.080772,,,0.740011,0.028870,2.983489,2.025801
head_on,context_bl,Proposed MPC-SECBF,49,4.900,0.375410,-0.699667,0.735589,0.080772,0.109368,-0.450000,0.080000,-0.500000,0.000000,adult,walking,attentive,,0.000000,0.000000,1.135422,0.535422,0.070000,0.070000,0.070000,0.070000,0.000000,0.070000,0.000000,0.535422,0.535422,0.465422,0.465422,0.000000,horizon_mpc_secbf,8,0.551180,true,osqp,optimal,75,3.590750,0,1.287625,accept,false,0.700279,0.268533,0.735589,0.110714,,,0.743874,0.029942,3.057877,1.954140
head_on,context_bl,Proposed MPC-SECBF,50,5.000,0.448969,-0.688596,0.735589,0.110714,0.149390,-0.500000,0.080000,-0.500000,0.000000,adult,walking,attentive,,0.000000,0.000000,1.221180,0.621180,0.070000,0.070000,0.070000,0.070000,0.000000,0.070000,0.000000,0.621180,0.621180,0.551180,0.551180,0.000000,horizon_mpc_secbf,8,0.641252,true,osqp,optimal,50,2.952354,0,1.421872,accept,false,0.697970,0.274478,0.734776,0.141157,,,0.748212,0.030453,3.132698,1.881561
head_on,context_bl,Proposed MPC-SECBF,51,5.100,0.522447,-0.674480,0.734776,0.141157,0.189796,-0.550000,0.080000,-0.500000,0.000000,adult,walking,attentive,,0.000000,0.000000,1.311252,0.711252,0.070000,0.070000,0.070000,0.070000,0.000000,0.070000,0.000000,0.711252,0.711252,0.641252,0.641252,0.000000,horizon_mpc_secbf,8,0.734209,true,osqp,optimal,50,3.004457,0,1.545389,accept,false,0.695862,0.279779,0.725516,0.170646,,,0.745314,0.030909,3.207229,1.808068
head_on,context_bl,Proposed MPC-SECBF,52,5.200,0.594998,-0.657415,0.725516,0.170646,0.231008,-0.600000,0.080000,-0.500000,0.000000,adult,walking,attentive,,0.000000,0.000000,1.404209,0.804209,0.070000,0.070000,0.070000,0.070000,0.000000,0.070000,0.000000,0.804209,0.804209,0.734209,0.734209,0.000000,horizon_mpc_secbf,8,0.829177,true,osqp,optimal,50,2.983728,0,1.662151,accept,false,0.694035,0.284280,0.713546,0.199563,,,0.740928,0.031296,3.281322,1.734424
head_on,context_bl,Proposed MPC-SECBF,53,5.300,0.666353,-0.637459,0.713546,0.199563,0.272710,-0.650000,0.080000,-0.500000,0.000000,adult,walking,attentive,,0.000000,0.000000,1.499177,0.899177,0.070000,0.070000,0.070000,0.070000,0.000000,0.070000,0.000000,0.899177,0.899177,0.829177,0.829177,0.000000,horizon_mpc_secbf,8,0.925650,true,osqp,optimal,75,2.952734,0,1.775052,accept,false,0.692558,0.287861,0.701650,0.228253,,,0.737843,0.031058,3.355106,1.660851
head_on,context_bl,Proposed MPC-SECBF,54,5.400,0.736518,-0.614634,0.701650,0.228253,0.314510,-0.700000,0.080000,-0.500000,0.000000,adult,walking,attentive,,0.000000,0.000000,1.595650,0.995650,0.070000,0.070000,0.070000,0.070000,0.000000,0.070000,0.000000,0.995650,0.995650,0.925650,0.925650,0.000000,horizon_mpc_secbf,8,1.023313,true,osqp,optimal,75,3.704224,0,1.885721,accept,false,0.691491,0.290413,0.690183,0.255936,,,0.736109,0.029965,3.428717,1.587310
head_on,context_bl,Proposed MPC-SECBF,55,5.500,0.805536,-0.589040,0.690183,0.255936,0.355104,-0.750000,0.080000,-0.500000,0.000000,adult,walking,attentive,,0.000000,0.000000,1.693313,1.093313,0.070000,0.070000,0.070000,0.070000,0.000000,0.070000,0.000000,1.093313,1.093313,1.023313,1.023313,0.000000,horizon_mpc_secbf,8,1.122142,true,osqp,optimal,75,3.083729,0,1.997000,accept,false,0.690890,0.291841,0.680285,0.279833,,,0.735591,0.025865,3.502276,1.513769
head_on,context_bl,Proposed MPC-SECBF,56,5.600,0.873565,-0.561057,0.680285,0.279833,0.390249,-0.800000,0.080000,-0.500000,0.000000,adult,walking,attentive,,0.000000,0.000000,1.792142,1.192142,0.070000,0.070000,0.070000,0.070000,0.000000,0.070000,0.000000,1.192142,1.192142,1.122142,1.122142,0.000000,horizon_mpc_secbf,8,1.223180,true,osqp,optimal,75,3.316945,0,2.120021,accept,false,0.690749,0.292174,0.677940,0.285494,,,0.735602,0.006128,3.575837,1.440214
head_on,context_bl,Proposed MPC-SECBF,57,5.700,0.941359,-0.532507,0.677940,0.285494,0.398580,-0.850000,0.080000,-0.500000,0.000000,adult,walking,attentive,,0.000000,0.000000,1.893180,1.293180,0.070000,0.070000,0.070000,0.070000,0.000000,0.070000,0.000000,1.293180,1.293180,1.223180,1.223180,0.000000,horizon_mpc_secbf,8,1.326394,true,osqp,optimal,75,6.863047,0,2.244670,accept,false,0.690724,0.292232,0.677518,0.286515,,,0.735609,0.001104,3.649397,1.366653
head_on,context_bl,Proposed MPC-SECBF,58,5.800,1.009111,-0.503856,0.677518,0.286515,0.400081,-0.900000,0.080000,-0.500000,0.000000,adult,walking,attentive,,0.000000,0.000000,1.996394,1.396394,0.070000,0.070000,0.070000,0.070000,0.000000,0.070000,0.000000,1.396394,1.396394,1.326394,1.326394,0.000000,horizon_mpc_secbf,8,1.431517,true,osqp,optimal,75,4.030650,0,2.368513,accept,false,0.690722,0.292239,0.677443,0.286695,,,0.735611,0.000195,3.722958,1.293093
head_on,context_bl,Proposed MPC-SECBF,59,5.900,1.076855,-0.475186,0.677443,0.286695,0.400346,-0.950000,0.080000,-0.500000,0.000000,adult,walking,attentive,,0.000000,0.000000,2.101517,1.501517,0.070000,0.070000,0.070000,0.070000,0.000000,0.070000,0.000000,1.501517,1.501517,1.431517,1.431517,0.000000,horizon_mpc_secbf,8,1.538284,true,osqp,optimal,75,2.909724,0,2.491369,accept,false,0.690723,0.292235,0.677431,0.286723,,,0.735611,0.000030,3.796520,1.219532
head_on,context_bl,Proposed MPC-SECBF,60,6.000,1.144598,-0.446514,0.677431,0.286723,0.400387,-1.000000,0.080000,-0.500000,0.000000,adult,walking,attentive,,0.000000,0.000000,2.208284,1.608284,0.070000,0.070000,0.070000,0.070000,0.000000,0.070000,0.000000,1.608284,1.608284,1.538284,1.538284,0.000000,horizon_mpc_secbf,8,1.646470,true,osqp,optimal,75,3.456199,0,2.613397,accept,false,0.690726,0.292229,0.677432,0.286722,,,0.735611,0.000000,3.870081,1.145970
head_on,context_bl,Proposed MPC-SECBF,61,6.100,1.212341,-0.417842,0.677432,0.286722,0.400387,-1.050000,0.080000,-0.500000,0.000000,adult,walking,attentive,,0.000000,0.000000,2.316470,1.716470,0.070000,0.070000,0.070000,0.070000,0.000000,0.070000,0.000000,1.716470,1.716470,1.646470,1.646470,0.000000,horizon_mpc_secbf,8,1.755886,true,osqp,optimal,75,3.284144,0,2.734772,accept,false,0.690729,0.292222,0.677434,0.286716,,,0.735611,0.000006,3.943642,1.072409
head_on,context_bl,Proposed MPC-SECBF,62,6.200,1.280085,-0.389170,0.677434,0.286716,0.400378,-1.100000,0.080000,-0.500000,0.000000,adult,walking,attentive,,0.000000,0.000000,2.425886,1.825886,0.070000,0.070000,0.070000,0.070000,0.000000,0.070000,0.000000,1.825886,1.825886,1.755886,1.755886,0.000000,horizon_mpc_secbf,8,1.866373,true,osqp,optimal,75,3.889377,0,2.855643,accept,false,0.690732,0.292214,0.677437,0.286709,,,0.735611,0.000008,4.017203,0.998848
head_on,context_bl,Proposed MPC-SECBF,63,6.300,1.347828,-0.360499,0.677437,0.286709,0.400367,-1.150000,0.080000,-0.500000,0.000000,adult,walking,attentive,,0.000000,0.000000,2.536373,1.936373,0.070000,0.070000,0.070000,0.070000,0.000000,0.070000,0.000000,1.936373,1.936373,1.866373,1.866373,0.000000,horizon_mpc_secbf,8,1.977796,true,osqp,optimal,75,4.820229,0,2.976128,accept,false,0.690736,0.292206,0.677441,0.286701,,,0.735611,0.000009,4.090764,0.925287
head_on,context_bl,Proposed MPC-SECBF,64,6.400,1.415572,-0.331829,0.677441,0.286701,0.400355,-1.200000,0.080000,-0.500000,0.000000,adult,walking,attentive,,0.000000,0.000000,2.647796,2.047796,0.070000,0.070000,0.070000,0.070000,0.000000,0.070000,0.000000,2.047796,2.047796,1.977796,1.977796,0.000000,horizon_mpc_secbf,8,2.090042,true,osqp,optimal,75,4.729155,0,3.096319,accept,false,0.690739,0.292197,0.677444,0.286692,,,0.735611,0.000010,4.164325,0.851726
head_on,context_bl,Proposed MPC-SECBF,65,6.500,1.483317,-0.303160,0.677444,0.286692,0.400342,-1.250000,0.080000,-0.500000,0.000000,adult,walking,attentive,,0.000000,0.000000,2.760042,2.160042,0.070000,0.070000,0.070000,0.070000,0.000000,0.070000,0.000000,2.160042,2.160042,2.090042,2.090042,0.000000,horizon_mpc_secbf,8,2.203015,true,osqp,optimal,75,4.667855,0,3.216291,accept,false,0.690743,0.292187,0.677448,0.286683,,,0.735611,0.000010,4.237886,0.778165
head_on,context_bl,Proposed MPC-SECBF,66,6.600,1.551062,-0.274492,0.677448,0.286683,0.400328,-1.300000,0.080000,-0.500000,0.000000,adult,walking,attentive,,0.000000,0.000000,2.873015,2.273015,0.070000,0.070000,0.070000,0.070000,0.000000,0.070000,0.000000,2.273015,2.273015,2.203015,2.203015,0.000000,horizon_mpc_secbf,8,2.316633,true,osqp,optimal,75,3.803090,0,3.336099,accept,false,0.690748,0.292177,0.677453,0.286672,,,0.735611,0.000011,4.311447,0.704604
head_on,context_bl,Proposed MPC-SECBF,67,6.700,1.618807,-0.245824,0.677453,0.286672,0.400313,-1.350000,0.080000,-0.500000,0.000000,adult,walking,attentive,,0.000000,0.000000,2.986633,2.386633,0.070000,0.070000,0.070000,0.070000,0.000000,0.070000,0.000000,2.386633,2.386633,2.316633,2.316633,0.000000,horizon_mpc_secbf,8,2.430824,true,osqp,optimal,75,3.429450,0,3.455790,accept,false,0.690753,0.292165,0.677458,0.286660,,,0.735611,0.000013,4.385008,0.631043
head_on,context_bl,Proposed MPC-SECBF,68,6.800,1.686553,-0.217158,0.677458,0.286660,0.400295,-1.400000,0.080000,-0.500000,0.000000,adult,walking,attentive,,0.000000,0.000000,3.100824,2.500824,0.070000,0.070000,0.070000,0.070000,0.000000,0.070000,0.000000,2.500824,2.500824,2.430824,2.430824,0.000000,horizon_mpc_secbf,8,2.545528,true,osqp,optimal,75,3.319371,0,3.575398,accept,false,0.690759,0.292151,0.677463,0.286647,,,0.735611,0.000014,4.458569,0.557482
head_on,context_bl,Proposed MPC-SECBF,69,6.900,1.754299,-0.188494,0.677463,0.286647,0.400276,-1.450000,0.080000,-0.500000,0.000000,adult,walking,attentive,,0.000000,0.000000,3.215528,2.615528,0.070000,0.070000,0.070000,0.070000,0.000000,0.070000,0.000000,2.615528,2.615528,2.545528,2.545528,0.000000,horizon_mpc_secbf,8,2.660692,true,osqp,optimal,75,3.937576,0,3.694952,accept,false,0.690766,0.292135,0.677470,0.286632,,,0.735610,0.000017,4.532130,0.483921
head_on,context_bl,Proposed MPC-SECBF,70,7.000,1.822046,-0.159831,0.677470,0.286632,0.400253,-1.500000,0.080000,-0.500000,0.000000,adult,walking,attentive,,0.000000,0.000000,3.330692,2.730692,0.070000,0.070000,0.070000,0.070000,0.000000,0.070000,0.000000,2.730692,2.730692,2.660692,2.660692,0.000000,horizon_mpc_secbf,8,2.776269,true,osqp,optimal,75,3.706478,0,3.814474,accept,false,0.690773,0.292117,0.677477,0.286614,,,0.735610,0.000020,4.605691,0.410360
head_on,context_bl,Proposed MPC-SECBF,71,7.100,1.889794,-0.131169,0.677477,0.286614,0.400227,-1.550000,0.080000,-0.500000,0.000000,adult,walking,attentive,,0.000000,0.000000,3.446269,2.846269,0.070000,0.070000,0.070000,0.070000,0.000000,0.070000,0.000000,2.846269,2.846269,2.776269,2.776269,0.000000,horizon_mpc_secbf,8,2.892221,true,osqp,optimal,75,3.550022,0,3.933982,accept,false,0.690783,0.292094,0.677486,0.286592,,,0.735610,0.000024,4.679252,0.336799
head_on,context_bl,Proposed MPC-SECBF,72,7.200,1.957542,-0.102510,0.677486,0.286592,0.400194,-1.600000,0.080000,-0.500000,0.000000,adult,walking,attentive,,0.000000,0.000000,3.562221,2.962221,0.070000,0.070000,0.070000,0.070000,0.000000,0.070000,0.000000,2.962221,2.962221,2.892221,2.892221,0.000000,horizon_mpc_secbf,8,3.008511,true,osqp,optimal,75,4.479587,0,4.053490,accept,false,0.690795,0.292065,0.677498,0.286564,,,0.735610,0.000030,4.752813,0.263238
head_on,context_bl,Proposed MPC-SECBF,73,7.300,2.025292,-0.073854,0.677498,0.286564,0.400153,-1.650000,0.080000,-0.500000,0.000000,adult,walking,attentive,,0.000000,0.000000,3.678511,3.078511,0.070000,0.070000,0.070000,0.070000,0.000000,0.070000,0.000000,3.078511,3.078511,3.008511,3.008511,0.000000,horizon_mpc_secbf,8,3.125109,true,osqp,optimal,75,5.374818,0,4.173010,accept,false,0.690812,0.292024,0.677514,0.286525,,,0.735610,0.000042,4.826374,0.189677
head_on,context_bl,Proposed MPC-SECBF,74,7.400,2.093043,-0.045201,0.677514,0.286525,0.400097,-1.700000,0.080000,-0.500000,0.000000,adult,walking,attentive,,0.000000,0.000000,3.795109,3.195109,0.070000,0.070000,0.070000,0.070000,0.000000,0.070000,0.000000,3.195109,3.195109,3.125109,3.125109,0.000000,horizon_mpc_secbf,8,3.241989,true,osqp,optimal,75,2.945395,0,4.292557,accept,false,0.690841,0.291957,0.677540,0.286463,,,0.735609,0.000068,4.899935,0.116116
head_on,context_bl,Proposed MPC-SECBF,75,7.500,2.160797,-0.016555,0.677540,0.286463,0.400005,-1.750000,0.080000,-0.500000,0.000000,adult,walking,attentive,,0.000000,0.000000,3.911989,3.311989,0.070000,0.070000,0.070000,0.070000,0.000000,0.070000,0.000000,3.311989,3.311989,3.241989,3.241989,0.000000,horizon_mpc_secbf,8,3.335657,true,osqp,optimal,50,3.337728,0,4.178117,accept,false,0.392027,0.165548,0.441012,0.186294,,,0.478746,0.256864,4.947810,0.042555
head_on,context_bl,Proposed MPC-SECBF,76,7.600,2.204899,0.002075,0.441012,0.186294,0.399686,-1.800000,0.080000,-0.500000,0.000000,adult,walking,attentive,,0.000000,0.000000,4.005657,3.405657,0.070000,0.070000,0.070000,0.070000,0.000000,0.070000,0.000000,3.405657,3.405657,3.335657,3.335657,0.000000,horizon_mpc_secbf,8,3.385650,true,osqp,optimal,50,2.985236,0,3.835593,accept,false,-0.048986,-0.020746,0.000030,-0.000069,,,0.000075,0.478745,4.947817,0.005320
head_on,context_bl,Proposed MPC-SECBF,77,7.700,2.204902,0.002068,0.000030,-0.000069,-1.164722,-1.850000,0.080000,-0.500000,0.000000,adult,walking,attentive,,0.000000,0.000000,4.055650,3.455650,0.070000,0.070000,0.070000,0.070000,0.000000,0.070000,0.000000,3.455650,3.455650,3.385650,3.385650,0.000000,horizon_mpc_secbf,8,3.431615,true,osqp,optimal,50,3.228193,0,3.845294,accept,false,-0.049016,-0.020677,-0.040601,-0.017141,,,0.044071,0.044071,4.952224,0.005320
head_on,context_bl,Proposed MPC-SECBF,78,7.800,2.200841,0.000354,-0.040601,-0.017141,-2.742111,-1.900000,0.080000,-0.500000,0.000000,adult,walking,attentive,,0.000000,0.000000,4.101615,3.501615,0.070000,0.070000,0.070000,0.070000,0.000000,0.070000,0.000000,3.501615,3.501615,3.431615,3.431615,0.000000,horizon_mpc_secbf,8,3.480223,true,osqp,optimal,50,3.784482,0,3.917700,accept,false,-0.008415,-0.003536,-0.013937,-0.005870,,,0.015123,0.028948,4.953737,0.000913
head_on,context_bl,Proposed MPC-SECBF,79,7.900,2.199448,-0.000233,-0.013937,-0.005870,-2.742965,-1.950000,0.080000,-0.500000,0.000000,adult,walking,attentive,,0.000000,0.000000,4.150223,3.550223,0.070000,0.070000,0.070000,0.070000,0.000000,0.070000,0.000000,3.550223,3.550223,3.480223,3.480223,0.000000,horizon_mpc_secbf,8,3.530430,true,osqp,optimal,25,2.864786,0,3.982290,accept,false,0.005522,0.002334,0.002178,0.000927,,,0.002367,0.017490,4.953973,0.000600
head_on,context_bl,Proposed MPC-SECBF,80,8.000,2.199666,-0.000141,0.002178,0.000927,0.402194,-2.000000,0.080000,-0.500000,0.000000,adult,walking,attentive,,0.000000,0.000000,4.200430,3.600430,0.070000,0.070000,0.070000,0.070000,0.000000,0.070000,0.000000,3.600430,3.600430,3.530430,3.530430,0.000000,horizon_mpc_secbf,8,3.580733,true,osqp,optimal,25,3.303748,0,4.033454,accept,false,0.003344,0.001408,0.003140,0.001325,,,0.003408,0.001041,4.954314,0.000363
head_on,context_bl,Proposed MPC-SECBF,81,8.100,2.199980,-0.000008,0.003140,0.001325,0.399295,-2.050000,0.080000,-0.500000,0.000000,adult,walking,attentive,,0.000000,0.000000,4.250733,3.650733,0.070000,0.070000,0.070000,0.070000,0.000000,0.070000,0.000000,3.650733,3.650733,3.580733,3.580733,0.000000,horizon_mpc_secbf,8,3.630794,true,osqp,optimal,25,3.173023,0,4.081345,accept,false,0.000203,0.000082,0.000707,0.000296,,,0.000766,0.002642,4.954391,0.000022
head_on,context_bl,Proposed MPC-SECBF,82,8.200,2.200050,0.000021,0.000707,0.000296,0.396153,-2.100000,0.080000,-0.500000,0.000000,adult,walking,attentive,,0.000000,0.000000,4.300794,3.700794,0.070000,0.070000,0.070000,0.070000,0.000000,0.070000,0.000000,3.700794,3.700794,3.630794,3.630794,0.000000,horizon_mpc_secbf,8,3.680756,true,osqp,optimal,25,4.892796,0,4.130415,accept,false,-0.000504,-0.000213,-0.000295,-0.000126,,,0.000321,0.001087,4.954423,0.000055
head_on,context_bl,Proposed MPC-SECBF,83,8.300,2.200021,0.000009,-0.000295,-0.000126,-2.738735,-2.150000,0.080000,-0.500000,0.000000,adult,walking,attentive,,0.000000,0.000000,4.350756,3.750756,0.070000,0.070000,0.070000,0.070000,0.000000,0.070000,0.000000,3.750756,3.750756,3.680756,3.680756,0.000000,horizon_mpc_secbf,8,3.730726,true,osqp,optimal,25,4.066841,0,4.180451,accept,false,-0.000208,-0.000087,-0.000223,-0.000094,,,0.000242,0.000079,4.954447,0.000023
head_on,context_bl,Proposed MPC-SECBF,84,8.400,2.199999,-0.000001,-0.000223,-0.000094,-2.742807,-2.200000,0.080000,-0.500000,0.000000,adult,walking,attentive,,0.000000,0.000000,4.400726,3.800726,0.070000,0.070000,0.070000,0.070000,0.000000,0.070000,0.000000,3.800726,3.800726,3.730726,3.730726,0.000000,horizon_mpc_secbf,8,3.780718,true,osqp,optimal,25,3.030062,0,4.230643,accept,false,0.000015,0.000007,-0.000000,0.000001,,,0.000001,0.000242,4.954447,0.000002
head_on,context_bl,Proposed MPC-SECBF,85,8.500,2.199998,-0.000001,-0.000000,0.000001,1.903961,-2.250000,0.080000,-0.500000,0.000000,adult,walking,attentive,,0.000000,0.000000,4.450718,3.850718,0.070000,0.070000,0.070000,0.070000,0.000000,0.070000,0.000000,3.850718,3.850718,3.780718,3.780718,0.000000,horizon_mpc_secbf,8,3.830711,true,osqp,optimal,25,3.881610,0,4.280649,accept,false,0.000015,0.000006,0.000012,0.000005,,,0.000013,0.000013,4.954449,0.000002
head_on,context_bl,Proposed MPC-SECBF,86,8.600,2.200000,-0.000000,0.000012,0.000005,0.374380,-2.300000,0.080000,-0.500000,0.000000,adult,walking,attentive,,0.000000,0.000000,4.500711,3.900711,0.070000,0.070000,0.070000,0.070000,0.000000,0.070000,0.000000,3.900711,3.900711,3.830711,3.830711,0.000000,horizon_mpc_secbf,8,3.880703,true,osqp,optimal,25,4.554472,0,4.330636,accept,false,0.000003,0.000001,0.000004,0.000002,,,0.000005,0.000009,4.954449,0.000000
head_on,context_bl,Proposed MPC-SECBF,87,8.700,2.200000,0.000000,0.000004,0.000002,0.336707,-2.350000,0.080000,-0.500000,0.000000,adult,walking,attentive,,0.000000,0.000000,4.550703,3.950703,0.070000,0.070000,0.070000,0.070000,0.000000,0.070000,0.000000,3.950703,3.950703,3.880703,3.880703,0.000000,horizon_mpc_secbf,8,3.930696,true,osqp,optimal,25,2.968376,0,4.380626,accept,false,-0.000002,-0.000001,-0.000001,-0.000000,,,0.000001,0.000005,4.954449,0.000000
head_on,context_bl,Proposed MPC-SECBF,88,8.800,2.200000,0.000000,-0.000001,-0.000000,-2.681778,-2.400000,0.080000,-0.500000,0.000000,adult,walking,attentive,,0.000000,0.000000,4.600696,4.000696,0.070000,0.070000,0.070000,0.070000,0.000000,0.070000,0.000000,4.000696,4.000696,3.930696,3.930696,0.000000,horizon_mpc_secbf,8,3.980688,true,osqp,optimal,25,4.053941,0,4.430619,accept,false,-0.000001,-0.000000,-0.000001,-0.000000,,,0.000001,0.000000,4.954449,0.000000
head_on,context_bl,Proposed MPC-SECBF,89,8.900,2.200000,0.000000,-0.000001,-0.000000,-2.775813,-2.450000,0.080000,-0.500000,0.000000,adult,walking,attentive,,0.000000,0.000000,4.650688,4.050688,0.070000,0.070000,0.070000,0.070000,0.000000,0.070000,0.000000,4.050688,4.050688,3.980688,3.980688,0.000000,horizon_mpc_secbf,8,4.030681,true,osqp,optimal,25,3.461328,0,4.480614,accept,false,-0.000000,-0.000000,-0.000000,-0.000000,,,0.000000,0.000001,4.954449,0.000000
head_on,context_bl,Proposed MPC-SECBF,90,9.000,2.200000,-0.000000,-0.000000,-0.000000,-2.826782,-2.500000,0.080000,-0.500000,0.000000,adult,walking,attentive,,0.000000,0.000000,4.700681,4.100681,0.070000,0.070000,0.070000,0.070000,0.000000,0.070000,0.000000,4.100681,4.100681,4.030681,4.030681,0.000000,horizon_mpc_secbf,8,4.080674,true,osqp,optimal,25,4.110662,0,4.530608,accept,false,0.000000,0.000000,0.000000,0.000000,,,0.000000,0.000000,4.954449,0.000000
head_on,context_bl,Proposed MPC-SECBF,91,9.100,2.200000,-0.000000,0.000000,0.000000,0.408738,-2.550000,0.080000,-0.500000,0.000000,adult,walking,attentive,,0.000000,0.000000,4.750674,4.150674,0.070000,0.070000,0.070000,0.070000,0.000000,0.070000,0.000000,4.150674,4.150674,4.080674,4.080674,0.000000,horizon_mpc_secbf,8,4.130667,true,osqp,optimal,25,3.175614,0,4.580603,accept,false,0.000000,0.000000,0.000000,0.000000,,,0.000000,0.000000,4.954449,0.000000
head_on,context_bl,Proposed MPC-SECBF,92,9.200,2.200000,0.000000,0.000000,0.000000,0.357103,-2.600000,0.080000,-0.500000,0.000000,adult,walking,attentive,,0.000000,0.000000,4.800667,4.200667,0.070000,0.070000,0.070000,0.070000,0.000000,0.070000,0.000000,4.200667,4.200667,4.130667,4.130667,0.000000,horizon_mpc_secbf,8,4.180660,true,osqp,optimal,25,2.672034,0,4.630597,accept,false,0.000000,0.000000,0.000000,0.000000,,,0.000000,0.000000,4.954449,0.000000
head_on,context_bl,Proposed MPC-SECBF,93,9.300,2.200000,0.000000,0.000000,0.000000,0.356944,-2.650000,0.080000,-0.500000,0.000000,adult,walking,attentive,,0.000000,0.000000,4.850660,4.250660,0.070000,0.070000,0.070000,0.070000,0.000000,0.070000,0.000000,4.250660,4.250660,4.180660,4.180660,0.000000,horizon_mpc_secbf,8,4.230653,true,osqp,optimal,25,3.173724,0,4.680592,accept,false,-0.000000,-0.000000,-0.000000,-0.000000,,,0.000000,0.000000,4.954449,0.000000
head_on,context_bl,Proposed MPC-SECBF,94,9.400,2.200000,0.000000,-0.000000,-0.000000,-2.712068,-2.700000,0.080000,-0.500000,0.000000,adult,walking,attentive,,0.000000,0.000000,4.900653,4.300653,0.070000,0.070000,0.070000,0.070000,0.000000,0.070000,0.000000,4.300653,4.300653,4.230653,4.230653,0.000000,horizon_mpc_secbf,8,4.280646,true,osqp,optimal,25,3.949957,0,4.730586,accept,false,0.000000,0.000000,-0.000000,-0.000000,,,0.000000,0.000000,4.954449,0.000000
head_on,context_bl,Proposed MPC-SECBF,95,9.500,2.200000,0.000000,-0.000000,-0.000000,-2.712068,-2.750000,0.080000,-0.500000,0.000000,adult,walking,attentive,,0.000000,0.000000,4.950646,4.350646,0.070000,0.070000,0.070000,0.070000,0.000000,0.070000,0.000000,4.350646,4.350646,4.280646,4.280646,0.000000,horizon_mpc_secbf,8,4.330640,true,osqp,optimal,25,4.393574,0,4.780581,accept,false,0.000000,0.000000,-0.000000,-0.000000,,,0.000000,0.000000,4.954449,0.000000
head_on,context_bl,Proposed MPC-SECBF,96,9.600,2.200000,0.000000,-0.000000,-0.000000,-2.712068,-2.800000,0.080000,-0.500000,0.000000,adult,walking,attentive,,0.000000,0.000000,5.000640,4.400640,0.070000,0.070000,0.070000,0.070000,0.000000,0.070000,0.000000,4.400640,4.400640,4.330640,4.330640,0.000000,horizon_mpc_secbf,8,4.380634,true,osqp,optimal,25,2.869536,0,4.830576,accept,false,0.000000,0.000000,-0.000000,-0.000000,,,0.000000,0.000000,4.954449,0.000000
head_on,context_bl,Proposed MPC-SECBF,97,9.700,2.200000,0.000000,-0.000000,-0.000000,-2.712068,-2.850000,0.080000,-0.500000,0.000000,adult,walking,attentive,,0.000000,0.000000,5.050634,4.450634,0.070000,0.070000,0.070000,0.070000,0.000000,0.070000,0.000000,4.450634,4.450634,4.380634,4.380634,0.000000,horizon_mpc_secbf,8,4.430627,true,osqp,optimal,25,4.481407,0,4.880571,accept,false,0.000000,0.000000,-0.000000,-0.000000,,,0.000000,0.000000,4.954449,0.000000
head_on,context_bl,Proposed MPC-SECBF,98,9.800,2.200000,0.000000,-0.000000,-0.000000,-2.712068,-2.900000,0.080000,-0.500000,0.000000,adult,walking,attentive,,0.000000,0.000000,5.100627,4.500627,0.070000,0.070000,0.070000,0.070000,0.000000,0.070000,0.000000,4.500627,4.500627,4.430627,4.430627,0.000000,horizon_mpc_secbf,8,4.480621,true,osqp,optimal,25,5.325298,0,4.930566,accept,false,0.000000,0.000000,0.000000,-0.000000,,,0.000000,0.000000,4.954449,0.000000
head_on,context_bl,Proposed MPC-SECBF,99,9.900,2.200000,0.000000,0.000000,-0.000000,-2.712068,-2.950000,0.080000,-0.500000,0.000000,adult,walking,attentive,,0.000000,0.000000,5.150621,4.550621,0.070000,0.070000,0.070000,0.070000,0.000000,0.070000,0.000000,4.550621,4.550621,4.480621,4.480621,0.000000,horizon_mpc_secbf,8,4.530615,true,osqp,optimal,25,3.081237,0,4.980561,accept,false,0.000000,0.000000,0.000000,-0.000000,,,0.000000,0.000000,4.954449,0.000000
head_on,context_bl,Proposed MPC-SECBF,100,10.000,2.200000,0.000000,0.000000,-0.000000,-2.712068,-3.000000,0.080000,-0.500000,0.000000,adult,walking,attentive,,0.000000,0.000000,5.200615,4.600615,0.070000,0.070000,0.070000,0.070000,0.000000,0.070000,0.000000,4.600615,4.600615,4.530615,4.530615,0.000000,horizon_mpc_secbf,8,4.580609,true,osqp,optimal,25,3.956051,0,5.030556,accept,false,0.000000,0.000000,0.000000,-0.000000,,,0.000000,0.000000,4.954449,0.000000
head_on,context_bl,Proposed MPC-SECBF,101,10.100,2.200000,0.000000,0.000000,-0.000000,-2.712068,-3.050000,0.080000,-0.500000,0.000000,adult,walking,attentive,,0.000000,0.000000,5.250609,4.650609,0.070000,0.070000,0.070000,0.070000,0.000000,0.070000,0.000000,4.650609,4.650609,4.580609,4.580609,0.000000,horizon_mpc_secbf,8,4.630604,true,osqp,optimal,25,4.385930,0,5.080551,accept,false,0.000000,0.000000,0.000000,-0.000000,,,0.000000,0.000000,4.954449,0.000000
head_on,context_bl,Proposed MPC-SECBF,102,10.200,2.200000,0.000000,0.000000,-0.000000,-2.712068,-3.100000,0.080000,-0.500000,0.000000,adult,walking,attentive,,0.000000,0.000000,5.300604,4.700604,0.070000,0.070000,0.070000,0.070000,0.000000,0.070000,0.000000,4.700604,4.700604,4.630604,4.630604,0.000000,horizon_mpc_secbf,8,4.680598,true,osqp,optimal,25,4.431895,0,5.130547,accept,false,0.000000,0.000000,0.000000,-0.000000,,,0.000000,0.000000,4.954449,0.000000
head_on,context_bl,Proposed MPC-SECBF,103,10.300,2.200000,0.000000,0.000000,-0.000000,-2.712068,-3.150000,0.080000,-0.500000,0.000000,adult,walking,attentive,,0.000000,0.000000,5.350598,4.750598,0.070000,0.070000,0.070000,0.070000,0.000000,0.070000,0.000000,4.750598,4.750598,4.680598,4.680598,0.000000,horizon_mpc_secbf,8,4.730593,true,osqp,optimal,25,4.175655,0,5.180542,accept,false,0.000000,0.000000,0.000000,-0.000000,,,0.000000,0.000000,4.954449,0.000000
head_on,context_bl,Proposed MPC-SECBF,104,10.400,2.200000,0.000000,0.000000,-0.000000,-2.712068,-3.200000,0.080000,-0.500000,0.000000,adult,walking,attentive,,0.000000,0.000000,5.400593,4.800593,0.070000,0.070000,0.070000,0.070000,0.000000,0.070000,0.000000,4.800593,4.800593,4.730593,4.730593,0.000000,horizon_mpc_secbf,8,4.780587,true,osqp,optimal,25,3.428731,0,5.230538,accept,false,0.000000,0.000000,0.000000,-0.000000,,,0.000000,0.000000,4.954449,0.000000
head_on,context_bl,Proposed MPC-SECBF,105,10.500,2.200000,0.000000,0.000000,-0.000000,-2.712068,-3.250000,0.080000,-0.500000,0.000000,adult,walking,attentive,,0.000000,0.000000,5.450587,4.850587,0.070000,0.070000,0.070000,0.070000,0.000000,0.070000,0.000000,4.850587,4.850587,4.780587,4.780587,0.000000,horizon_mpc_secbf,8,4.830582,true,osqp,optimal,25,3.717681,0,5.280533,accept,false,0.000000,0.000000,0.000000,-0.000000,,,0.000000,0.000000,4.954449,0.000000
head_on,context_bl,Proposed MPC-SECBF,106,10.600,2.200000,0.000000,0.000000,-0.000000,-2.712068,-3.300000,0.080000,-0.500000,0.000000,adult,walking,attentive,,0.000000,0.000000,5.500582,4.900582,0.070000,0.070000,0.070000,0.070000,0.000000,0.070000,0.000000,4.900582,4.900582,4.830582,4.830582,0.000000,horizon_mpc_secbf,8,4.880577,true,osqp,optimal,25,4.763401,0,5.330529,accept,false,0.000000,0.000000,0.000000,-0.000000,,,0.000000,0.000000,4.954449,0.000000
head_on,context_bl,Proposed MPC-SECBF,107,10.700,2.200000,0.000000,0.000000,-0.000000,-2.712068,-3.350000,0.080000,-0.500000,0.000000,adult,walking,attentive,,0.000000,0.000000,5.550577,4.950577,0.070000,0.070000,0.070000,0.070000,0.000000,0.070000,0.000000,4.950577,4.950577,4.880577,4.880577,0.000000,horizon_mpc_secbf,8,4.930571,true,osqp,optimal,25,3.993332,0,5.380525,accept,false,0.000000,0.000000,0.000000,-0.000000,,,0.000000,0.000000,4.954449,0.000000
head_on,context_bl,Proposed MPC-SECBF,108,10.800,2.200000,0.000000,0.000000,-0.000000,-2.712068,-3.400000,0.080000,-0.500000,0.000000,adult,walking,attentive,,0.000000,0.000000,5.600571,5.000571,0.070000,0.070000,0.070000,0.070000,0.000000,0.070000,0.000000,5.000571,5.000571,4.930571,4.930571,0.000000,horizon_mpc_secbf,8,4.980566,true,osqp,optimal,25,2.746544,0,5.430520,accept,false,0.000000,0.000000,0.000000,-0.000000,,,0.000000,0.000000,4.954449,0.000000
head_on,context_bl,Proposed MPC-SECBF,109,10.900,2.200000,0.000000,0.000000,-0.000000,-2.712068,-3.450000,0.080000,-0.500000,0.000000,adult,walking,attentive,,0.000000,0.000000,5.650566,5.050566,0.070000,0.070000,0.070000,0.070000,0.000000,0.070000,0.000000,5.050566,5.050566,4.980566,4.980566,0.000000,horizon_mpc_secbf,8,5.030561,true,osqp,optimal,25,4.752150,0,5.480516,accept,false,0.000000,0.000000,0.000000,-0.000000,,,0.000000,0.000000,4.954449,0.000000
head_on,context_bl,Proposed MPC-SECBF,110,11.000,2.200000,0.000000,0.000000,-0.000000,-2.712068,-3.500000,0.080000,-0.500000,0.000000,adult,walking,attentive,,0.000000,0.000000,5.700561,5.100561,0.070000,0.070000,0.070000,0.070000,0.000000,0.070000,0.000000,5.100561,5.100561,5.030561,5.030561,0.000000,horizon_mpc_secbf,8,5.080556,true,osqp,optimal,25,3.463609,0,5.530512,accept,false,0.000000,0.000000,0.000000,-0.000000,,,0.000000,0.000000,4.954449,0.000000
head_on,context_bl,Proposed MPC-SECBF,111,11.100,2.200000,0.000000,0.000000,-0.000000,-2.712068,-3.550000,0.080000,-0.500000,0.000000,adult,walking,attentive,,0.000000,0.000000,5.750556,5.150556,0.070000,0.070000,0.070000,0.070000,0.000000,0.070000,0.000000,5.150556,5.150556,5.080556,5.080556,0.000000,horizon_mpc_secbf,8,5.130552,true,osqp,optimal,25,3.592157,0,5.580508,accept,false,0.000000,0.000000,0.000000,-0.000000,,,0.000000,0.000000,4.954449,0.000000
head_on,context_bl,Proposed MPC-SECBF,112,11.200,2.200000,0.000000,0.000000,-0.000000,-2.712068,-3.600000,0.080000,-0.500000,0.000000,adult,walking,attentive,,0.000000,0.000000,5.800552,5.200552,0.070000,0.070000,0.070000,0.070000,0.000000,0.070000,0.000000,5.200552,5.200552,5.130552,5.130552,0.000000,horizon_mpc_secbf,8,5.180547,true,osqp,optimal,25,5.207318,0,5.630504,accept,false,0.000000,0.000000,0.000000,-0.000000,,,0.000000,0.000000,4.954449,0.000000
head_on,context_bl,Proposed MPC-SECBF,113,11.300,2.200000,0.000000,0.000000,-0.000000,-2.712068,-3.650000,0.080000,-0.500000,0.000000,adult,walking,attentive,,0.000000,0.000000,5.850547,5.250547,0.070000,0.070000,0.070000,0.070000,0.000000,0.070000,0.000000,5.250547,5.250547,5.180547,5.180547,0.000000,horizon_mpc_secbf,8,5.230542,true,osqp,optimal,25,4.448816,0,5.680500,accept,false,0.000000,0.000000,0.000000,-0.000000,,,0.000000,0.000000,4.954449,0.000000
head_on,context_bl,Proposed MPC-SECBF,114,11.400,2.200000,0.000000,0.000000,-0.000000,-2.712068,-3.700000,0.080000,-0.500000,0.000000,adult,walking,attentive,,0.000000,0.000000,5.900542,5.300542,0.070000,0.070000,0.070000,0.070000,0.000000,0.070000,0.000000,5.300542,5.300542,5.230542,5.230542,0.000000,horizon_mpc_secbf,8,5.280538,true,osqp,optimal,25,3.511850,0,5.730496,accept,false,0.000000,0.000000,0.000000,-0.000000,,,0.000000,0.000000,4.954449,0.000000
head_on,context_bl,Proposed MPC-SECBF,115,11.500,2.200000,0.000000,0.000000,-0.000000,-2.712068,-3.750000,0.080000,-0.500000,0.000000,adult,walking,attentive,,0.000000,0.000000,5.950538,5.350538,0.070000,0.070000,0.070000,0.070000,0.000000,0.070000,0.000000,5.350538,5.350538,5.280538,5.280538,0.000000,horizon_mpc_secbf,8,5.330533,true,osqp,optimal,25,4.625728,0,5.780493,accept,false,0.000000,0.000000,0.000000,-0.000000,,,0.000000,0.000000,4.954449,0.000000
head_on,context_bl,Proposed MPC-SECBF,116,11.600,2.200000,0.000000,0.000000,-0.000000,-2.712068,-3.800000,0.080000,-0.500000,0.000000,adult,walking,attentive,,0.000000,0.000000,6.000533,5.400533,0.070000,0.070000,0.070000,0.070000,0.000000,0.070000,0.000000,5.400533,5.400533,5.330533,5.330533,0.000000,horizon_mpc_secbf,8,5.380529,true,osqp,optimal,25,3.955058,0,5.830489,accept,false,0.000000,0.000000,0.000000,-0.000000,,,0.000000,0.000000,4.954449,0.000000
head_on,context_bl,Proposed MPC-SECBF,117,11.700,2.200000,0.000000,0.000000,-0.000000,-2.712068,-3.850000,0.080000,-0.500000,0.000000,adult,walking,attentive,,0.000000,0.000000,6.050529,5.450529,0.070000,0.070000,0.070000,0.070000,0.000000,0.070000,0.000000,5.450529,5.450529,5.380529,5.380529,0.000000,horizon_mpc_secbf,8,5.430525,true,osqp,optimal,25,3.597390,0,5.880485,accept,false,0.000000,0.000000,0.000000,-0.000000,,,0.000000,0.000000,4.954449,0.000000
head_on,context_bl,Proposed MPC-SECBF,118,11.800,2.200000,0.000000,0.000000,-0.000000,-2.712068,-3.900000,0.080000,-0.500000,0.000000,adult,walking,attentive,,0.000000,0.000000,6.100525,5.500525,0.070000,0.070000,0.070000,0.070000,0.000000,0.070000,0.000000,5.500525,5.500525,5.430525,5.430525,0.000000,horizon_mpc_secbf,8,5.480520,true,osqp,optimal,25,4.846162,0,5.930482,accept,false,0.000000,0.000000,0.000000,-0.000000,,,0.000000,0.000000,4.954449,0.000000
head_on,context_bl,Proposed MPC-SECBF,119,11.900,2.200000,0.000000,0.000000,-0.000000,-2.712068,-3.950000,0.080000,-0.500000,0.000000,adult,walking,attentive,,0.000000,0.000000,6.150520,5.550520,0.070000,0.070000,0.070000,0.070000,0.000000,0.070000,0.000000,5.550520,5.550520,5.480520,5.480520,0.000000,horizon_mpc_secbf,8,5.530516,true,osqp,optimal,25,2.879897,0,5.980478,accept,false,0.000000,0.000000,0.000000,-0.000000,,,0.000000,0.000000,4.954449,0.000000
