scenario,context_level,method,step,time,robot_x,robot_y,robot_vx,robot_vy,robot_theta,human_x,human_y,human_vx,human_vy,human_type,motion_state,attention_state,ttc,head_on_factor,crowding_factor,distance,clearance,beta_candidate,beta_final,beta_requested,beta_applied,beta_dynamic,beta_cbf,delta_beta,h_standard,h_ee,h_see,h_cbf,slack,controller_type,horizon_steps,predicted_min_h,solver_success,solver_backend,solver_status,solver_iterations,solve_time_ms,active_constraints,min_cbf_value,guard_status,guard_active,u_ref_x,u_ref_y,cmd_vx,cmd_vy,cmd_v,cmd_omega,speed,command_step,path_length,goal_error
local_crowding,context_bl,Standard MPC-CBF,0,0.000,-2.200000,-0.350000,0.000000,0.000000,0.000000,0.150000,-1.100000,-0.060000,0.420000,pedestrian,walking,unknown,10.098536,1.000000,0.375000,2.466779,1.866779,0.000000,0.000000,0.000000,0.000000,0.000000,0.000000,0.000000,1.866779,1.866779,1.866779,1.866779,0.000000,horizon_mpc_secbf,8,1.175207,true,osqp,optimal,75,4.240317,0,1.090305,geometric,false,0.750000,0.000000,0.621017,0.000000,,,0.621017,0.621017,0.062102,4.400000
local_crowding,context_bl,Standard MPC-CBF,1,0.100,-2.137898,-0.350000,0.621017,0.000000,0.000000,0.144000,-1.058000,-0.060000,0.420000,pedestrian,walking,unknown,2.308990,1.000000,0.375000,2.389210,1.789210,0.000000,0.000000,0.000000,0.000000,0.000000,0.000000,0.000000,1.789210,1.789210,1.789210,1.789210,0.000000,horizon_mpc_secbf,8,1.088865,true,osqp,optimal,75,3.452445,0,0.913958,geometric,false,0.750000,-0.000000,0.726100,0.000000,,,0.726100,0.105084,0.134712,4.337898
local_crowding,context_bl,Standard MPC-CBF,2,0.200,-2.065288,-0.350000,0.726100,0.000000,0.000001,0.138000,-1.016000,-0.060000,0.420000,pedestrian,walking,unknown,1.947079,1.000000,0.375000,2.301746,1.701746,0.000000,0.000000,0.000000,0.000000,0.000000,0.000000,0.000000,1.701746,1.701746,1.701746,1.701746,0.000000,horizon_mpc_secbf,8,1.003312,true,osqp,optimal,75,3.687950,0,0.818666,geometric,false,0.750000,-0.000000,0.735587,0.000002,,,0.735587,0.009487,0.208270,4.265288
local_crowding,context_bl,Standard MPC-CBF,3,0.300,-1.991730,-0.350000,0.735587,0.000002,0.000003,0.132000,-0.974000,-0.060000,0.420000,pedestrian,walking,unknown,1.829952,1.000000,0.375000,2.213505,1.613505,0.000000,0.000000,0.000000,0.000000,0.000000,0.000000,0.000000,1.613505,1.613505,1.613505,1.613505,0.000000,horizon_mpc_secbf,8,0.918453,true,osqp,optimal,75,3.646448,0,0.731787,geometric,false,0.750000,-0.000000,0.735588,0.000011,,,0.735588,0.000009,0.281829,4.191730
local_crowding,context_bl,Standard MPC-CBF,4,0.400,-1.918171,-0.349999,0.735588,0.000011,0.000015,0.126000,-0.932000,-0.060000,0.420000,pedestrian,walking,unknown,1.733055,1.000000,0.375000,2.125408,1.525408,0.000000,0.000000,0.000000,0.000000,0.000000,0.000000,0.000000,1.525408,1.525408,1.525408,1.525408,0.000000,horizon_mpc_secbf,8,0.834226,true,osqp,optimal,75,4.110037,0,0.645237,geometric,false,0.750000,-0.000000,0.735588,0.000059,,,0.735588,0.000048,0.355388,4.118171
local_crowding,context_bl,Standard MPC-CBF,5,0.500,-1.844612,-0.349993,0.735588,0.000059,0.000080,0.120000,-0.890000,-0.060000,0.420000,pedestrian,walking,unknown,1.636404,1.000000,0.375000,2.037476,1.437476,0.000000,0.000000,0.000000,0.000000,0.000000,0.000000,0.000000,1.437476,1.437476,1.437476,1.437476,0.000000,horizon_mpc_secbf,8,0.750580,true,osqp,optimal,75,3.202075,0,0.559112,geometric,false,0.750000,-0.000001,0.735588,0.000332,,,0.735588,0.000273,0.428947,4.044612
local_crowding,context_bl,Standard MPC-CBF,6,0.600,-1.771053,-0.349960,0.735588,0.000332,0.000451,0.114000,-0.848000,-0.060000,0.420000,pedestrian,walking,unknown,1.540102,1.000000,0.375000,1.949736,1.349736,0.000000,0.000000,0.000000,0.000000,0.000000,0.000000,0.000000,1.349736,1.349736,1.349736,1.349736,0.000000,horizon_mpc_secbf,8,0.667529,true,osqp,optimal,75,3.850542,0,0.473736,geometric,false,0.750000,-0.000008,0.735588,0.001873,,,0.735590,0.001542,0.502506,3.971053
local_crowding,context_bl,Standard MPC-CBF,7,0.700,-1.697494,-0.349772,0.735588,0.001873,0.002547,0.108000,-0.806000,-0.060000,0.420000,pedestrian,walking,unknown,1.444581,1.000000,0.375000,1.862244,1.262244,0.000000,0.000000,0.000000,0.000000,0.000000,0.000000,0.000000,1.262244,1.262244,1.262244,1.262244,0.000000,horizon_mpc_secbf,8,0.585785,true,osqp,optimal,75,7.048064,0,0.390597,geometric,false,0.750000,-0.000044,0.735588,0.010575,,,0.735664,0.008702,0.576072,3.897495
local_crowding,context_bl,Standard MPC-CBF,8,0.800,-1.623936,-0.348715,0.735588,0.010575,0.014375,0.102000,-0.764000,-0.060000,0.420000,pedestrian,walking,unknown,1.351900,1.000000,0.375000,1.775195,1.175195,0.000000,0.000000,0.000000,0.000000,0.000000,0.000000,0.000000,1.175195,1.175195,1.175195,1.175195,0.000000,horizon_mpc_secbf,8,0.505260,true,osqp,optimal,75,3.817757,0,0.310871,geometric,false,0.750000,-0.000252,0.735588,0.031811,,,0.736275,0.021236,0.649700,3.823936
local_crowding,context_bl,Standard MPC-CBF,9,0.900,-1.550377,-0.345534,0.735588,0.031811,0.043219,0.096000,-0.722000,-0.060000,0.420000,adult,walking,attentive,1.263043,1.000000,0.375000,1.688871,1.088871,0.000000,0.000000,0.000000,0.000000,0.000000,0.000000,0.000000,1.088871,1.088871,1.088871,1.088871,0.000000,horizon_mpc_secbf,8,0.425775,true,osqp,optimal,75,3.353129,0,0.231845,geometric,false,0.749999,-0.000893,0.735588,0.054581,,,0.737610,0.022770,0.723461,3.750380
local_crowding,context_bl,Standard MPC-CBF,10,1.000,-1.476818,-0.340076,0.735588,0.054581,0.074065,0.090000,-0.680000,-0.060000,0.420000,adult,walking,attentive,1.173444,1.000000,0.375000,1.603268,1.003268,0.000000,0.000000,0.000000,0.000000,0.000000,0.000000,0.000000,1.003268,1.003268,1.003268,1.003268,0.000000,horizon_mpc_secbf,8,0.347205,true,osqp,optimal,75,3.245004,0,0.153023,geometric,false,0.749997,-0.002024,0.735588,0.076900,,,0.739597,0.022319,0.797420,3.676832
local_crowding,context_bl,Standard MPC-CBF,11,1.100,-1.403259,-0.332386,0.735588,0.076900,0.104164,0.084000,-0.638000,-0.060000,0.420000,adult,walking,attentive,1.082475,1.000000,0.375000,1.518335,0.918335,0.000000,0.000000,0.000000,0.000000,0.000000,0.000000,0.000000,0.918335,0.918335,0.918335,0.918335,0.000000,horizon_mpc_secbf,8,0.269438,true,osqp,optimal,75,3.464022,0,0.074291,geometric,false,0.749991,-0.003666,0.735589,0.098374,,,0.742138,0.021474,0.871634,3.603302
local_crowding,context_bl,Standard MPC-CBF,12,1.200,-1.329700,-0.322548,0.735589,0.098374,0.132946,0.078000,-0.596000,-0.060000,0.420000,adult,walking,attentive,0.990138,1.000000,0.375000,1.434014,0.834014,0.000000,0.000000,0.000000,0.000000,0.000000,0.000000,0.000000,0.834014,0.834014,0.834014,0.834014,0.000000,horizon_mpc_secbf,8,0.192360,true,osqp,optimal,50,3.549751,0,-0.004393,geometric,false,0.749977,-0.005833,0.735585,0.118883,,,0.745130,0.020509,0.946147,3.529807
local_crowding,context_bl,Standard MPC-CBF,13,1.300,-1.256142,-0.310660,0.735585,0.118883,0.160231,0.072000,-0.554000,-0.060000,0.420000,adult,walking,attentive,0.896543,1.000000,0.375000,1.350250,0.750250,0.000000,0.000000,0.000000,0.000000,0.000000,0.000000,0.000000,0.750250,0.750250,0.750250,0.750250,0.000000,horizon_mpc_secbf,8,0.115877,true,osqp,optimal,75,3.227336,0,-0.083079,geometric,false,0.749951,-0.008536,0.735589,0.138302,,,0.748477,0.019419,1.020995,3.456366
local_crowding,context_bl,Standard MPC-CBF,14,1.400,-1.182583,-0.296830,0.735589,0.138302,0.185845,0.066000,-0.512000,-0.060000,0.420000,adult,walking,attentive,0.801791,1.000000,0.375000,1.266988,0.666988,0.000000,0.000000,0.000000,0.000000,0.000000,0.000000,0.000000,0.666988,0.666988,0.666988,0.666988,0.000000,horizon_mpc_secbf,8,0.039942,true,osqp,optimal,75,3.624061,0,-0.157751,geometric,false,0.749907,-0.011788,0.731453,0.156304,,,0.747966,0.018471,1.095792,3.383001
local_crowding,context_bl,Standard MPC-CBF,15,1.500,-1.109438,-0.281199,0.731453,0.156304,0.210523,0.060000,-0.470000,-0.060000,0.420000,adult,walking,attentive,0.709990,1.000000,0.375000,1.184580,0.584580,0.000000,0.000000,0.000000,0.000000,0.000000,0.000000,0.000000,0.584580,0.584580,0.584580,0.584580,0.000056,horizon_mpc_secbf,8,-0.000056,true,osqp,optimal,50,6.352278,0,-0.187286,geometric,false,0.749838,-0.015589,0.682862,0.178091,,,0.705703,0.053252,1.166362,3.310153
local_crowding,context_bl,Standard MPC-CBF,16,1.600,-1.041152,-0.263390,0.682862,0.178091,0.255118,0.054000,-0.428000,-0.060000,0.420000,adult,walking,attentive,0.658546,1.000000,0.375000,1.107453,0.507453,0.000000,0.000000,0.000000,0.000000,0.000000,0.000000,0.000000,0.507453,0.507453,0.507453,0.507453,0.000147,horizon_mpc_secbf,8,-0.000147,true,osqp,optimal,50,3.323794,0,-0.174315,geometric,false,0.749732,-0.020034,0.596241,0.198221,,,0.628327,0.088930,1.229195,3.242309
local_crowding,context_bl,Standard MPC-CBF,17,1.700,-0.981527,-0.243568,0.596241,0.198221,0.320957,0.048000,-0.386000,-0.060000,0.420000,adult,walking,attentive,0.645659,1.000000,0.375000,1.039333,0.439333,0.000000,0.000000,0.000000,0.000000,0.000000,0.000000,0.000000,0.439333,0.439333,0.439333,0.439333,0.000226,horizon_mpc_secbf,8,-0.000226,true,osqp,optimal,50,3.078993,0,-0.156467,geometric,false,0.749581,-0.025076,0.512771,0.210868,,,0.554436,0.084422,1.284638,3.183307
local_crowding,context_bl,Standard MPC-CBF,18,1.800,-0.930250,-0.222481,0.512771,0.210868,0.390152,0.042000,-0.344000,-0.060000,0.420000,adult,walking,attentive,0.639112,1.000000,0.375000,0.979815,0.379815,0.000000,0.000000,0.000000,0.000000,0.000000,0.000000,0.000000,0.379815,0.379815,0.379815,0.379815,0.000296,horizon_mpc_secbf,8,-0.000296,true,osqp,optimal,50,3.244337,0,-0.140338,geometric,false,0.749378,-0.030528,0.438693,0.213535,,,0.487903,0.074126,1.333428,3.132847
local_crowding,context_bl,Standard MPC-CBF,19,1.900,-0.886381,-0.201128,0.438693,0.213535,0.452994,0.036000,-0.302000,-0.060000,0.420000,adult,walking,attentive,0.632750,1.000000,0.375000,0.927880,0.327880,0.000000,0.000000,0.000000,0.000000,0.000000,0.000000,0.000000,0.327880,0.327880,0.327880,0.327880,0.000356,horizon_mpc_secbf,8,-0.000356,true,osqp,optimal,50,3.199238,0,-0.127716,geometric,false,0.749129,-0.036134,0.374996,0.203516,,,0.426662,0.064480,1.376095,3.089969
local_crowding,context_bl,Standard MPC-CBF,20,2.000,-0.848881,-0.180776,0.374996,0.203516,0.497233,0.030000,-0.260000,-0.060000,0.420000,adult,walking,attentive,0.623947,1.000000,0.375000,0.882445,0.282445,0.000000,0.000000,0.000000,0.000000,0.000000,0.000000,0.000000,0.282445,0.282445,0.282445,0.282445,0.000406,horizon_mpc_secbf,8,-0.000406,true,osqp,optimal,50,3.479982,0,-0.120633,geometric,false,0.748847,-0.041564,0.323207,0.176908,,,0.368456,0.058224,1.412940,3.053574
local_crowding,context_bl,Standard MPC-CBF,21,2.100,-0.816561,-0.163086,0.323207,0.176908,0.500807,0.024000,-0.218000,-0.060000,0.420000,adult,walking,attentive,0.608559,1.000000,0.375000,0.842353,0.242353,0.000000,0.000000,0.000000,0.000000,0.000000,0.000000,0.000000,0.242353,0.242353,0.242353,0.242353,0.000447,horizon_mpc_secbf,8,-0.000447,true,osqp,optimal,50,4.280380,0,-0.123295,geometric,false,0.748564,-0.046383,0.287849,0.128753,,,0.315332,0.059742,1.444473,3.022346
local_crowding,context_bl,Standard MPC-CBF,22,2.200,-0.787776,-0.150210,0.287849,0.128753,0.420603,0.018000,-0.176000,-0.060000,0.420000,adult,walking,attentive,0.577579,1.000000,0.375000,0.806188,0.206188,0.000000,0.000000,0.000000,0.000000,0.000000,0.000000,0.000000,0.206188,0.206188,0.206188,0.206188,0.000058,horizon_mpc_secbf,8,0.000069,true,osqp,optimal,50,3.636362,0,-0.447422,geometric,false,0.748329,-0.050040,0.571647,-0.278462,,,0.635863,0.496353,1.508060,2.994448
local_crowding,context_bl,Standard MPC-CBF,23,2.300,-0.730611,-0.178056,0.571647,-0.278462,-0.453292,0.012000,-0.134000,-0.060000,0.420000,adult,walking,attentive,0.244269,1.000000,0.375000,0.743917,0.143917,0.000000,0.000000,0.000000,0.000000,0.000000,0.000000,0.000000,0.143917,0.143917,0.143917,0.143917,0.000068,horizon_mpc_secbf,8,-0.000064,true,osqp,optimal,50,6.249131,0,-0.479069,geometric,false,0.748712,-0.043928,0.610315,-0.358174,,,0.707653,0.088595,1.578825,2.935651
local_crowding,context_bl,Standard MPC-CBF,24,2.400,-0.669580,-0.213874,0.610315,-0.358174,-0.530707,0.006000,-0.092000,-0.060000,0.420000,adult,walking,attentive,0.165833,1.000000,0.375000,0.686485,0.086485,0.000000,0.000000,0.000000,0.000000,0.000000,0.000000,0.000000,0.086485,0.086485,0.086485,0.086485,0.000081,horizon_mpc_secbf,8,-0.000081,true,osqp,optimal,50,3.948134,0,-0.427900,geometric,false,0.749158,-0.035538,0.607137,-0.380264,,,0.716391,0.022318,1.650464,2.872807
local_crowding,context_bl,Standard MPC-CBF,25,2.500,-0.608866,-0.251900,0.607137,-0.380264,-0.559550,0.000000,-0.050000,-0.060000,0.420000,adult,walking,attentive,0.108740,1.000000,0.375000,0.641468,0.041468,0.000000,0.000000,0.000000,0.000000,0.000000,0.000000,0.000000,0.041468,0.041468,0.041468,0.041468,0.000094,horizon_mpc_secbf,8,-0.000094,true,osqp,optimal,75,3.636745,0,-0.328905,geometric,false,0.749543,-0.026178,0.598714,-0.389438,,,0.714227,0.012454,1.721887,2.810578
local_crowding,context_bl,Standard MPC-CBF,26,2.600,-0.548995,-0.290844,0.598714,-0.389438,-0.576696,-0.006000,-0.008000,-0.060000,0.420000,adult,walking,attentive,0.058235,1.000000,0.375000,0.612245,0.012245,0.000000,0.000000,0.000000,0.000000,0.000000,0.000000,0.000000,0.012245,0.012245,0.012245,0.012245,0.000088,horizon_mpc_secbf,8,-0.000090,true,osqp,optimal,75,3.690386,0,-0.198841,geometric,false,0.749826,-0.016136,0.599792,-0.389541,,,0.715188,0.001083,1.793406,2.749631
local_crowding,context_bl,Standard MPC-CBF,27,2.700,-0.489015,-0.329798,0.599792,-0.389541,-0.575995,-0.012000,0.034000,-0.060000,0.420000,adult,walking,attentive,0.000000,1.000000,0.375000,0.599910,-0.000090,0.000000,0.000000,0.000000,0.000000,0.000000,0.000000,0.000000,-0.000090,-0.000090,-0.000090,-0.000090,0.000046,horizon_mpc_secbf,8,-0.000046,true,osqp,optimal,50,3.099753,1,-0.090495,geometric,false,0.749979,-0.005634,0.642798,-0.352359,,,0.733038,0.056850,1.866709,2.689091
local_crowding,context_bl,Standard MPC-CBF,28,2.800,-0.424736,-0.365034,0.642798,-0.352359,-0.501433,-0.018000,0.076000,-0.060000,0.420000,adult,walking,attentive,,0.000000,0.375000,0.599954,-0.000046,0.000000,0.000000,0.000000,0.000000,0.000000,0.000000,0.000000,-0.000046,-0.000046,-0.000046,-0.000046,0.000000,horizon_mpc_secbf,8,0.012847,true,osqp,optimal,50,3.849576,1,0.041808,geometric,false,0.749988,0.004296,0.668352,-0.308645,,,0.736177,0.050635,1.940327,2.624779
local_crowding,context_bl,Standard MPC-CBF,29,2.900,-0.357900,-0.395898,0.668352,-0.308645,-0.432623,-0.024000,0.118000,-0.060000,0.420000,adult,walking,attentive,,0.000000,0.375000,0.612847,0.012847,0.000000,0.000000,0.000000,0.000000,0.000000,0.000000,0.000000,0.012847,0.012847,0.012847,0.012847,0.000000,horizon_mpc_secbf,8,0.040024,true,osqp,optimal,50,3.097836,0,0.205419,geometric,false,0.749879,0.013456,0.676758,-0.288353,,,0.735628,0.021965,2.013890,2.558312
local_crowding,context_bl,Standard MPC-CBF,30,3.000,-0.290224,-0.424734,0.676758,-0.288353,-0.402785,-0.030000,0.160000,-0.060000,0.420000,adult,walking,attentive,,0.000000,0.375000,0.640024,0.040024,0.000000,0.000000,0.000000,0.000000,0.000000,0.000000,0.000000,0.040024,0.040024,0.040024,0.040024,0.000000,horizon_mpc_secbf,8,0.079656,true,osqp,optimal,50,4.808291,0,0.368120,geometric,false,0.749662,0.022498,0.684226,-0.270323,,,0.735691,0.019515,2.087459,2.491346
local_crowding,context_bl,Standard MPC-CBF,31,3.100,-0.221802,-0.451766,0.684226,-0.270323,-0.376257,-0.036000,0.202000,-0.060000,0.420000,adult,walking,attentive,,0.000000,0.375000,0.679656,0.079656,0.000000,0.000000,0.000000,0.000000,0.000000,0.000000,0.000000,0.079656,0.079656,0.079656,0.079656,0.000000,horizon_mpc_secbf,8,0.129276,true,osqp,optimal,50,4.534876,0,0.519226,geometric,false,0.749339,0.031488,0.692319,-0.250788,,,0.736342,0.021145,2.161093,2.423939
local_crowding,context_bl,Standard MPC-CBF,32,3.200,-0.152570,-0.476845,0.692319,-0.250788,-0.347540,-0.042000,0.244000,-0.060000,0.420000,adult,walking,attentive,,0.000000,0.375000,0.729276,0.129276,0.000000,0.000000,0.000000,0.000000,0.000000,0.000000,0.000000,0.129276,0.129276,0.129276,0.129276,0.000000,horizon_mpc_secbf,8,0.186554,true,osqp,optimal,50,3.439880,0,0.655908,geometric,false,0.748912,0.040379,0.701120,-0.229540,,,0.737739,0.022999,2.234867,2.355987
local_crowding,context_bl,Standard MPC-CBF,33,3.300,-0.082458,-0.499799,0.701120,-0.229540,-0.316392,-0.048000,0.286000,-0.060000,0.420000,adult,walking,attentive,,0.000000,0.375000,0.786554,0.186554,0.000000,0.000000,0.000000,0.000000,0.000000,0.000000,0.000000,0.186554,0.186554,0.186554,0.186554,0.000000,horizon_mpc_secbf,8,0.249561,true,osqp,optimal,50,2.961543,0,0.779138,geometric,false,0.748390,0.049117,0.710480,-0.206940,,,0.740004,0.024462,2.308867,2.287368
local_crowding,context_bl,Standard MPC-CBF,34,3.400,-0.011410,-0.520493,0.710480,-0.206940,-0.283426,-0.054000,0.328000,-0.060000,0.420000,adult,walking,attentive,,0.000000,0.375000,0.849561,0.249561,0.000000,0.000000,0.000000,0.000000,0.000000,0.000000,0.000000,0.249561,0.249561,0.249561,0.249561,0.000000,horizon_mpc_secbf,8,0.316799,true,osqp,optimal,50,3.201632,0,0.891293,geometric,false,0.747781,0.057652,0.720236,-0.183376,,,0.743214,0.025504,2.383189,2.217972
local_crowding,context_bl,Standard MPC-CBF,35,3.500,0.060614,-0.538830,0.720236,-0.183376,-0.249308,-0.060000,0.370000,-0.060000,0.420000,adult,walking,attentive,,0.000000,0.375000,0.916799,0.316799,0.000000,0.000000,0.000000,0.000000,0.000000,0.000000,0.000000,0.316799,0.316799,0.316799,0.316799,0.000000,horizon_mpc_secbf,8,0.387149,true,osqp,optimal,50,3.731665,0,0.994933,geometric,false,0.747096,0.065941,0.730249,-0.159204,,,0.747401,0.026164,2.457929,2.147704
local_crowding,context_bl,Standard MPC-CBF,36,3.600,0.133639,-0.554751,0.730249,-0.159204,-0.214654,-0.066000,0.412000,-0.060000,0.420000,adult,walking,attentive,,0.000000,0.375000,0.987149,0.387149,0.000000,0.000000,0.000000,0.000000,0.000000,0.000000,0.000000,0.387149,0.387149,0.387149,0.387149,0.000000,horizon_mpc_secbf,8,0.459534,true,osqp,optimal,50,4.216432,0,1.089970,geometric,false,0.746345,0.073953,0.735582,-0.133359,,,0.747573,0.026389,2.532686,2.076481
local_crowding,context_bl,Standard MPC-CBF,37,3.700,0.207197,-0.568087,0.735582,-0.133359,-0.179349,-0.072000,0.454000,-0.060000,0.420000,adult,walking,attentive,,0.000000,0.375000,1.059534,0.459534,0.000000,0.000000,0.000000,0.000000,0.000000,0.000000,0.000000,0.459534,0.459534,0.459534,0.459534,0.000000,horizon_mpc_secbf,8,0.533026,true,osqp,optimal,50,3.933613,0,1.177001,geometric,false,0.745549,0.081591,0.735587,-0.106429,,,0.743247,0.026930,2.607011,2.004701
local_crowding,context_bl,Standard MPC-CBF,38,3.800,0.280755,-0.578729,0.735587,-0.106429,-0.143688,-0.078000,0.496000,-0.060000,0.420000,adult,walking,attentive,,0.000000,0.375000,1.133026,0.533026,0.000000,0.000000,0.000000,0.000000,0.000000,0.000000,0.000000,0.533026,0.533026,0.533026,0.533026,0.000000,horizon_mpc_secbf,8,0.607051,true,osqp,optimal,75,5.058024,0,1.258522,geometric,false,0.744730,0.088755,0.735589,-0.079273,,,0.739848,0.027156,2.680996,1.932826
local_crowding,context_bl,Standard MPC-CBF,39,3.900,0.354314,-0.586657,0.735589,-0.079273,-0.107354,-0.084000,0.538000,-0.060000,0.420000,adult,walking,attentive,,0.000000,0.375000,1.207051,0.607051,0.000000,0.000000,0.000000,0.000000,0.000000,0.000000,0.000000,0.607051,0.607051,0.607051,0.607051,0.000000,horizon_mpc_secbf,8,0.681208,true,osqp,optimal,75,5.199928,0,1.335948,geometric,false,0.743910,0.095385,0.735589,-0.052231,,,0.737441,0.027043,2.754740,1.860796
local_crowding,context_bl,Standard MPC-CBF,40,4.000,0.427873,-0.591880,0.735589,-0.052231,-0.070886,-0.090000,0.580000,-0.060000,0.420000,adult,walking,attentive,,0.000000,0.375000,1.281208,0.681208,0.000000,0.000000,0.000000,0.000000,0.000000,0.000000,0.000000,0.681208,0.681208,0.681208,0.681208,0.000000,horizon_mpc_secbf,8,0.755224,true,osqp,optimal,75,3.737531,0,1.410294,geometric,false,0.743110,0.101428,0.735589,-0.025520,,,0.736032,0.026711,2.828343,1.788558
local_crowding,context_bl,Standard MPC-CBF,41,4.100,0.501432,-0.594432,0.735589,-0.025520,-0.034679,-0.096000,0.622000,-0.060000,0.420000,adult,walking,attentive,,0.000000,0.375000,1.355224,0.755224,0.000000,0.000000,0.000000,0.000000,0.000000,0.000000,0.000000,0.755224,0.755224,0.755224,0.755224,0.000000,horizon_mpc_secbf,8,0.828914,true,osqp,optimal,75,3.104575,0,1.482325,geometric,false,0.742353,0.106828,0.735589,0.000680,,,0.735590,0.026199,2.901902,1.716065
local_crowding,context_bl,Standard MPC-CBF,42,4.200,0.574991,-0.594364,0.735589,0.000680,0.000924,-0.102000,0.664000,-0.060000,0.420000,adult,walking,attentive,,0.000000,0.375000,1.428914,0.828914,0.000000,0.000000,0.000000,0.000000,0.000000,0.000000,0.000000,0.828914,0.828914,0.828914,0.828914,0.000000,horizon_mpc_secbf,8,0.902167,true,osqp,optimal,75,4.013649,0,1.552639,geometric,false,0.741661,0.111529,0.735590,0.026209,,,0.736056,0.025529,2.975508,1.643279
local_crowding,context_bl,Standard MPC-CBF,43,4.300,0.648550,-0.591743,0.735590,0.026209,0.035615,-0.108000,0.706000,-0.060000,0.420000,adult,walking,attentive,,0.000000,0.375000,1.502167,0.902167,0.000000,0.000000,0.000000,0.000000,0.000000,0.000000,0.000000,0.902167,0.902167,0.902167,0.902167,0.000000,horizon_mpc_secbf,8,0.974920,true,osqp,optimal,75,4.259569,0,1.621713,geometric,false,0.741058,0.115470,0.735590,0.050917,,,0.737350,0.024709,3.049243,1.570171
local_crowding,context_bl,Standard MPC-CBF,44,4.400,0.722109,-0.586651,0.735590,0.050917,0.069109,-0.114000,0.748000,-0.060000,0.420000,adult,walking,attentive,,0.000000,0.375000,1.574920,0.974920,0.000000,0.000000,0.000000,0.000000,0.000000,0.000000,0.000000,0.974920,0.974920,0.974920,0.974920,0.000000,horizon_mpc_secbf,8,1.047157,true,osqp,optimal,75,3.542350,0,1.689975,geometric,false,0.740566,0.118585,0.735590,0.074625,,,0.739366,0.023708,3.123179,1.496718
local_crowding,context_bl,Standard MPC-CBF,45,4.500,0.795668,-0.579189,0.735590,0.074625,0.101104,-0.120000,0.790000,-0.060000,0.420000,adult,walking,attentive,,0.000000,0.375000,1.647157,1.047157,0.000000,0.000000,0.000000,0.000000,0.000000,0.000000,0.000000,1.047157,1.047157,1.047157,1.047157,0.000000,horizon_mpc_secbf,8,1.118916,true,osqp,optimal,75,4.934757,0,1.757998,geometric,false,0.740207,0.120803,0.735591,0.096910,,,0.741947,0.022285,3.197374,1.422911
local_crowding,context_bl,Standard MPC-CBF,46,4.600,0.869227,-0.569498,0.735591,0.096910,0.130991,-0.126000,0.832000,-0.060000,0.420000,adult,walking,attentive,,0.000000,0.375000,1.718916,1.118916,0.000000,0.000000,0.000000,0.000000,0.000000,0.000000,0.000000,1.118916,1.118916,1.118916,1.118916,0.000000,horizon_mpc_secbf,8,1.190399,true,osqp,optimal,75,4.077349,0,1.827501,geometric,false,0.740002,0.122056,0.735591,0.115893,,,0.744664,0.018983,3.271840,1.348753
local_crowding,context_bl,Standard MPC-CBF,47,4.700,0.942786,-0.557908,0.735591,0.115893,0.156266,-0.132000,0.874000,-0.060000,0.420000,adult,walking,attentive,,0.000000,0.375000,1.790399,1.190399,0.000000,0.000000,0.000000,0.000000,0.000000,0.000000,0.000000,1.190399,1.190399,1.190399,1.190399,0.000000,horizon_mpc_secbf,8,1.262611,true,osqp,optimal,75,5.166356,0,1.906922,geometric,false,0.739950,0.122367,0.735591,0.121258,,,0.745518,0.005365,3.346392,1.274289
local_crowding,context_bl,Standard MPC-CBF,48,4.800,1.016345,-0.545783,0.735591,0.121258,0.163375,-0.138000,0.916000,-0.060000,0.420000,adult,walking,attentive,,0.000000,0.375000,1.862611,1.262611,0.000000,0.000000,0.000000,0.000000,0.000000,0.000000,0.000000,1.262611,1.262611,1.262611,1.262611,0.000000,horizon_mpc_secbf,8,1.335789,true,osqp,optimal,75,4.050262,0,1.989392,geometric,false,0.739946,0.122391,0.735591,0.122198,,,0.745672,0.000940,3.420959,1.199737
local_crowding,context_bl,Standard MPC-CBF,49,4.900,1.089905,-0.533563,0.735591,0.122198,0.164619,-0.144000,0.958000,-0.060000,0.420000,adult,walking,attentive,,0.000000,0.375000,1.935789,1.335789,0.000000,0.000000,0.000000,0.000000,0.000000,0.000000,0.000000,1.335789,1.335789,1.335789,1.335789,0.000000,horizon_mpc_secbf,8,1.409883,true,osqp,optimal,75,4.602018,0,2.072273,geometric,false,0.739952,0.122357,0.735592,0.122331,,,0.745694,0.000133,3.495529,1.125170
local_crowding,context_bl,Standard MPC-CBF,50,5.000,1.163464,-0.521330,0.735592,0.122331,0.164794,-0.150000,1.000000,-0.060000,0.420000,adult,walking,attentive,,0.000000,0.375000,2.009883,1.409883,0.000000,0.000000,0.000000,0.000000,0.000000,0.000000,0.000000,1.409883,1.409883,1.409883,1.409883,0.000000,horizon_mpc_secbf,8,1.484807,true,osqp,optimal,75,3.082765,0,2.155131,geometric,false,0.739960,0.122308,0.735592,0.122313,,,0.745692,0.000017,3.570098,1.050600
local_crowding,context_bl,Standard MPC-CBF,51,5.100,1.237023,-0.509098,0.735592,0.122313,0.164771,-0.156000,1.042000,-0.060000,0.420000,adult,walking,attentive,,0.000000,0.375000,2.084807,1.484807,0.000000,0.000000,0.000000,0.000000,0.000000,0.000000,0.000000,1.484807,1.484807,1.484807,1.484807,0.000000,horizon_mpc_secbf,8,1.560475,true,osqp,optimal,75,5.327889,0,2.237919,geometric,false,0.739969,0.122254,0.735592,0.122265,,,0.745684,0.000048,3.644666,0.976031
local_crowding,context_bl,Standard MPC-CBF,52,5.200,1.310582,-0.496872,0.735592,0.122265,0.164707,-0.162000,1.084000,-0.060000,0.420000,adult,walking,attentive,,0.000000,0.375000,2.160475,1.560475,0.000000,0.000000,0.000000,0.000000,0.000000,0.000000,0.000000,1.560475,1.560475,1.560475,1.560475,0.000000,horizon_mpc_secbf,8,1.636815,true,osqp,optimal,75,4.113300,0,2.320654,geometric,false,0.739979,0.122195,0.735592,0.122207,,,0.745675,0.000058,3.719234,0.901463
local_crowding,context_bl,Standard MPC-CBF,53,5.300,1.384141,-0.484651,0.735592,0.122207,0.164631,-0.168000,1.126000,-0.060000,0.420000,adult,walking,attentive,,0.000000,0.375000,2.236815,1.636815,0.000000,0.000000,0.000000,0.000000,0.000000,0.000000,0.000000,1.636815,1.636815,1.636815,1.636815,0.000000,horizon_mpc_secbf,8,1.713759,true,osqp,optimal,75,4.380188,0,2.403358,geometric,false,0.739989,0.122130,0.735592,0.122143,,,0.745664,0.000064,3.793800,0.826896
local_crowding,context_bl,Standard MPC-CBF,54,5.400,1.457701,-0.472437,0.735592,0.122143,0.164546,-0.174000,1.168000,-0.060000,0.420000,adult,walking,attentive,,0.000000,0.375000,2.313759,1.713759,0.000000,0.000000,0.000000,0.000000,0.000000,0.000000,0.000000,1.713759,1.713759,1.713759,1.713759,0.000000,horizon_mpc_secbf,8,1.791250,true,osqp,optimal,75,4.606843,0,2.486052,geometric,false,0.740001,0.122058,0.735592,0.122072,,,0.745653,0.000071,3.868366,0.752329
local_crowding,context_bl,Standard MPC-CBF,55,5.500,1.531260,-0.460230,0.735592,0.122072,0.164452,-0.180000,1.210000,-0.060000,0.420000,adult,walking,attentive,,0.000000,0.375000,2.391250,1.791250,0.000000,0.000000,0.000000,0.000000,0.000000,0.000000,0.000000,1.791250,1.791250,1.791250,1.791250,0.000000,horizon_mpc_secbf,8,1.869238,true,osqp,optimal,75,3.356004,0,2.568753,geometric,false,0.740014,0.121978,0.735592,0.121994,,,0.745640,0.000079,3.942930,0.677764
local_crowding,context_bl,Standard MPC-CBF,56,5.600,1.604819,-0.448030,0.735592,0.121994,0.164348,-0.186000,1.252000,-0.060000,0.420000,adult,walking,attentive,,0.000000,0.375000,2.469238,1.869238,0.000000,0.000000,0.000000,0.000000,0.000000,0.000000,0.000000,1.869238,1.869238,1.869238,1.869238,0.000000,horizon_mpc_secbf,8,1.947677,true,osqp,optimal,75,3.160338,0,2.651476,geometric,false,0.740029,0.121888,0.735592,0.121905,,,0.745625,0.000088,4.017492,0.603200
local_crowding,context_bl,Standard MPC-CBF,57,5.700,1.678378,-0.435840,0.735592,0.121905,0.164231,-0.192000,1.294000,-0.060000,0.420000,adult,walking,attentive,,0.000000,0.375000,2.547677,1.947677,0.000000,0.000000,0.000000,0.000000,0.000000,0.000000,0.000000,1.947677,1.947677,1.947677,1.947677,0.000000,horizon_mpc_secbf,8,2.026530,true,osqp,optimal,75,3.306189,0,2.734233,geometric,false,0.740046,0.121784,0.735592,0.121804,,,0.745608,0.000101,4.092053,0.528638
local_crowding,context_bl,Standard MPC-CBF,58,5.800,1.751937,-0.423659,0.735592,0.121804,0.164098,-0.198000,1.336000,-0.060000,0.420000,adult,walking,attentive,,0.000000,0.375000,2.626530,2.026530,0.000000,0.000000,0.000000,0.000000,0.000000,0.000000,0.000000,2.026530,2.026530,2.026530,2.026530,0.000000,horizon_mpc_secbf,8,2.105759,true,osqp,optimal,75,4.104506,0,2.817034,geometric,false,0.740066,0.121663,0.735592,0.121687,,,0.745589,0.000118,4.166612,0.454077
local_crowding,context_bl,Standard MPC-CBF,59,5.900,1.825497,-0.411491,0.735592,0.121687,0.163942,-0.204000,1.378000,-0.060000,0.420000,adult,walking,attentive,,0.000000,0.375000,2.705759,2.105759,0.000000,0.000000,0.000000,0.000000,0.000000,0.000000,0.000000,2.105759,2.105759,2.105759,2.105759,0.000000,horizon_mpc_secbf,8,2.185337,true,osqp,optimal,75,3.765087,0,2.899892,geometric,false,0.740090,0.121517,0.735592,0.121545,,,0.745566,0.000141,4.241168,0.379518
local_crowding,context_bl,Standard MPC-CBF,60,6.000,1.899056,-0.399336,0.735592,0.121545,0.163755,-0.210000,1.420000,-0.060000,0.420000,adult,walking,attentive,,0.000000,0.375000,2.785337,2.185337,0.000000,0.000000,0.000000,0.000000,0.000000,0.000000,0.000000,2.185337,2.185337,2.185337,2.185337,0.000000,horizon_mpc_secbf,8,2.265235,true,osqp,optimal,75,4.006145,0,2.982819,geometric,false,0.740120,0.121334,0.735592,0.121369,,,0.745537,0.000176,4.315722,0.304961
local_crowding,context_bl,Standard MPC-CBF,61,6.100,1.972615,-0.387199,0.735592,0.121369,0.163522,-0.216000,1.462000,-0.060000,0.420000,adult,walking,attentive,,0.000000,0.375000,2.865235,2.265235,0.000000,0.000000,0.000000,0.000000,0.000000,0.000000,0.000000,2.265235,2.265235,2.265235,2.265235,0.000000,horizon_mpc_secbf,8,2.345433,true,osqp,optimal,75,4.186084,0,3.065835,geometric,false,0.740161,0.121087,0.735591,0.121134,,,0.745499,0.000235,4.390272,0.230408
local_crowding,context_bl,Standard MPC-CBF,62,6.200,2.046174,-0.375086,0.735591,0.121134,0.163211,-0.222000,1.504000,-0.060000,0.420000,adult,walking,attentive,,0.000000,0.375000,2.945433,2.345433,0.000000,0.000000,0.000000,0.000000,0.000000,0.000000,0.000000,2.345433,2.345433,2.345433,2.345433,0.000000,horizon_mpc_secbf,8,2.425915,true,osqp,optimal,75,4.992577,0,3.148979,geometric,false,0.740222,0.120715,0.735591,0.120786,,,0.745442,0.000349,4.464816,0.155858
local_crowding,context_bl,Standard MPC-CBF,63,6.300,2.119733,-0.363007,0.735591,0.120786,0.162750,-0.228000,1.546000,-0.060000,0.420000,adult,walking,attentive,,0.000000,0.375000,3.025915,2.425915,0.000000,0.000000,0.000000,0.000000,0.000000,0.000000,0.000000,2.425915,2.425915,2.425915,2.425915,0.000000,horizon_mpc_secbf,8,2.506679,true,osqp,optimal,75,2.978279,0,3.232390,geometric,false,0.740342,0.119973,0.735591,0.120111,,,0.745333,0.000675,4.539349,0.081314
local_crowding,context_bl,Standard MPC-CBF,64,6.400,2.193292,-0.350996,0.735591,0.120111,0.161857,-0.234000,1.588000,-0.060000,0.420000,adult,walking,attentive,,0.000000,0.375000,3.106679,2.506679,0.000000,0.000000,0.000000,0.000000,0.000000,0.000000,0.000000,2.506679,2.506679,2.506679,2.506679,0.000000,horizon_mpc_secbf,8,2.550020,true,osqp,optimal,75,4.048062,0,2.939707,geometric,false,0.067076,0.009962,0.181775,0.028860,,,0.184052,0.561283,4.557755,0.006781
local_crowding,context_bl,Standard MPC-CBF,65,6.500,2.211470,-0.348110,0.181775,0.028860,0.157455,-0.240000,1.630000,-0.060000,0.420000,adult,walking,attentive,,0.000000,0.375000,3.150020,2.550020,0.000000,0.000000,0.000000,0.000000,0.000000,0.000000,0.000000,2.550020,2.550020,2.550020,2.550020,0.000000,horizon_mpc_secbf,8,2.576948,true,osqp,optimal,75,3.172140,0,2.817506,geometric,false,-0.114699,-0.018899,-0.063832,-0.010705,,,0.064723,0.248774,4.564227,0.011625
local_crowding,context_bl,Standard MPC-CBF,66,6.600,2.205087,-0.349181,-0.063832,-0.010705,-2.975440,-0.246000,1.672000,-0.060000,0.420000,adult,walking,attentive,,0.000000,0.375000,3.176948,2.576948,0.000000,0.000000,0.000000,0.000000,0.000000,0.000000,0.000000,2.576948,2.576948,2.576948,2.576948,0.000000,horizon_mpc_secbf,8,2.604917,true,osqp,optimal,50,3.832273,0,2.854975,geometric,false,-0.050867,-0.008194,-0.053087,-0.008628,,,0.053784,0.010943,4.569605,0.005152
local_crowding,context_bl,Standard MPC-CBF,67,6.700,2.199778,-0.350043,-0.053087,-0.008628,-2.980469,-0.252000,1.714000,-0.060000,0.420000,adult,walking,attentive,,0.000000,0.375000,3.204917,2.604917,0.000000,0.000000,0.000000,0.000000,0.000000,0.000000,0.000000,2.604917,2.604917,2.604917,2.604917,0.000000,horizon_mpc_secbf,8,2.636656,true,osqp,optimal,50,3.331907,0,2.921078,geometric,false,0.002221,0.000434,-0.000056,0.000290,,,0.000296,0.053777,4.569635,0.000226
local_crowding,context_bl,Standard MPC-CBF,68,6.800,2.199772,-0.350014,-0.000056,0.000290,1.759756,-0.258000,1.756000,-0.060000,0.420000,adult,walking,attentive,,0.000000,0.375000,3.236656,2.636656,0.000000,0.000000,0.000000,0.000000,0.000000,0.000000,0.000000,2.636656,2.636656,2.636656,2.636656,0.000000,horizon_mpc_secbf,8,2.668791,true,osqp,optimal,50,3.538112,0,2.956815,geometric,false,0.002276,0.000144,0.001876,0.000169,,,0.001883,0.001935,4.569823,0.000228
local_crowding,context_bl,Standard MPC-CBF,69,6.900,2.199960,-0.349997,0.001876,0.000169,0.089976,-0.264000,1.798000,-0.060000,0.420000,adult,walking,attentive,,0.000000,0.375000,3.268791,2.668791,0.000000,0.000000,0.000000,0.000000,0.000000,0.000000,0.000000,2.668791,2.668791,2.668791,2.668791,0.000000,horizon_mpc_secbf,8,2.701077,true,osqp,optimal,50,3.732975,0,2.990496,geometric,false,0.000400,-0.000025,0.000653,0.000008,,,0.000653,0.001233,4.569889,0.000040
local_crowding,context_bl,Standard MPC-CBF,70,7.000,2.200025,-0.349997,0.000653,0.000008,0.012420,-0.270000,1.840000,-0.060000,0.420000,adult,walking,attentive,,0.000000,0.375000,3.301077,2.701077,0.000000,0.000000,0.000000,0.000000,0.000000,0.000000,0.000000,2.701077,2.701077,2.701077,2.701077,0.000000,horizon_mpc_secbf,8,2.733538,true,osqp,optimal,25,4.547195,0,3.024554,geometric,false,-0.000253,-0.000033,-0.000096,-0.000028,,,0.000100,0.000750,4.569899,0.000026
local_crowding,context_bl,Standard MPC-CBF,71,7.100,2.200016,-0.349999,-0.000096,-0.000028,-2.860251,-0.276000,1.882000,-0.060000,0.420000,adult,walking,attentive,,0.000000,0.375000,3.333538,2.733538,0.000000,0.000000,0.000000,0.000000,0.000000,0.000000,0.000000,2.733538,2.733538,2.733538,2.733538,0.000000,horizon_mpc_secbf,8,2.766216,true,osqp,optimal,25,3.139436,0,3.059217,geometric,false,-0.000157,-0.000006,-0.000145,-0.000011,,,0.000146,0.000052,4.569913,0.000016
local_crowding,context_bl,Standard MPC-CBF,72,7.200,2.200001,-0.350000,-0.000145,-0.000011,-3.068526,-0.282000,1.924000,-0.060000,0.420000,adult,walking,attentive,,0.000000,0.375000,3.366216,2.766216,0.000000,0.000000,0.000000,0.000000,0.000000,0.000000,0.000000,2.766216,2.766216,2.766216,2.766216,0.000000,horizon_mpc_secbf,8,2.799116,true,osqp,optimal,25,2.805079,0,3.094154,geometric,false,-0.000012,0.000005,-0.000034,0.000002,,,0.000035,0.000112,4.569917,0.000001
local_crowding,context_bl,Standard MPC-CBF,73,7.300,2.199998,-0.350000,-0.000034,0.000002,3.080134,-0.288000,1.966000,-0.060000,0.420000,adult,walking,attentive,,0.000000,0.375000,3.399116,2.799116,0.000000,0.000000,0.000000,0.000000,0.000000,0.000000,0.000000,2.799116,2.799116,2.799116,2.799116,0.000000,horizon_mpc_secbf,8,2.832229,true,osqp,optimal,25,3.098271,0,3.129209,geometric,false,0.000023,0.000003,0.000013,0.000003,,,0.000013,0.000047,4.569918,0.000002
local_crowding,context_bl,Standard MPC-CBF,74,7.400,2.199999,-0.350000,0.000013,0.000003,0.220245,-0.294000,2.008000,-0.060000,0.420000,adult,walking,attentive,,0.000000,0.375000,3.432229,2.832229,0.000000,0.000000,0.000000,0.000000,0.000000,0.000000,0.000000,2.832229,2.832229,2.832229,2.832229,0.000000,horizon_mpc_secbf,8,2.865545,true,osqp,optimal,25,3.047721,0,3.164382,geometric,false,0.000010,-0.000000,0.000010,0.000001,,,0.000010,0.000003,4.569919,0.000001
local_crowding,context_bl,Standard MPC-CBF,75,7.500,2.200000,-0.350000,0.000010,0.000001,0.053670,-0.300000,2.050000,-0.060000,0.420000,adult,walking,attentive,,0.000000,0.375000,3.465545,2.865545,0.000000,0.000000,0.000000,0.000000,0.000000,0.000000,0.000000,2.865545,2.865545,2.865545,2.865545,0.000000,horizon_mpc_secbf,8,2.899057,true,osqp,optimal,25,3.222554,0,3.199693,geometric,false,-0.000000,-0.000001,0.000001,-0.000001,,,0.000001,0.000009,4.569919,0.000000
local_crowding,context_bl,Standard MPC-CBF,76,7.600,2.200000,-0.350000,0.000001,-0.000001,-0.626286,-0.306000,2.092000,-0.060000,0.420000,adult,walking,attentive,,0.000000,0.375000,3.499057,2.899057,0.000000,0.000000,0.000000,0.000000,0.000000,0.000000,0.000000,2.899057,2.899057,2.899057,2.899057,0.000000,horizon_mpc_secbf,8,2.932761,true,osqp,optimal,25,3.008874,0,3.235147,geometric,false,-0.000002,0.000000,-0.000001,0.000000,,,0.000001,0.000002,4.569919,0.000000
local_crowding,context_bl,Standard MPC-CBF,77,7.700,2.200000,-0.350000,-0.000001,0.000000,3.097715,-0.312000,2.134000,-0.060000,0.420000,adult,walking,attentive,,0.000000,0.375000,3.532761,2.932761,0.000000,0.000000,0.000000,0.000000,0.000000,0.000000,0.000000,2.932761,2.932761,2.932761,2.932761,0.000000,horizon_mpc_secbf,8,2.966651,true,osqp,optimal,25,3.676599,0,3.270740,geometric,false,-0.000000,0.000000,-0.000001,0.000000,,,0.000001,0.000001,4.569919,0.000000
local_crowding,context_bl,Standard MPC-CBF,78,7.800,2.200000,-0.350000,-0.000001,0.000000,2.862171,-0.318000,2.176000,-0.060000,0.420000,adult,walking,attentive,,0.000000,0.375000,3.566651,2.966651,0.000000,0.000000,0.000000,0.000000,0.000000,0.000000,0.000000,2.966651,2.966651,2.966651,2.966651,0.000000,horizon_mpc_secbf,8,3.000722,true,osqp,optimal,25,5.789810,0,3.306466,geometric,false,0.000000,0.000000,-0.000000,0.000000,,,0.000000,0.000001,4.569919,0.000000
local_crowding,context_bl,Standard MPC-CBF,79,7.900,2.200000,-0.350000,-0.000000,0.000000,1.856804,-0.324000,2.218000,-0.060000,0.420000,adult,walking,attentive,,0.000000,0.375000,3.600722,3.000722,0.000000,0.000000,0.000000,0.000000,0.000000,0.000000,0.000000,3.000722,3.000722,3.000722,3.000722,0.000000,horizon_mpc_secbf,8,3.034969,true,osqp,optimal,25,4.448180,0,3.342320,geometric,false,0.000000,-0.000000,0.000000,-0.000000,,,0.000000,0.000000,4.569919,0.000000
local_crowding,context_bl,Standard MPC-CBF,80,8.000,2.200000,-0.350000,0.000000,-0.000000,-0.100372,-0.330000,2.260000,-0.060000,0.420000,adult,walking,attentive,,0.000000,0.375000,3.634969,3.034969,0.000000,0.000000,0.000000,0.000000,0.000000,0.000000,0.000000,3.034969,3.034969,3.034969,3.034969,0.000000,horizon_mpc_secbf,8,3.069387,true,osqp,optimal,25,4.167289,0,3.378301,geometric,false,0.000000,-0.000000,0.000000,-0.000000,,,0.000000,0.000000,4.569919,0.000000
local_crowding,context_bl,Standard MPC-CBF,81,8.100,2.200000,-0.350000,0.000000,-0.000000,-0.355294,-0.336000,2.302000,-0.060000,0.420000,adult,walking,attentive,,0.000000,0.375000,3.669387,3.069387,0.000000,0.000000,0.000000,0.000000,0.000000,0.000000,0.000000,3.069387,3.069387,3.069387,3.069387,0.000000,horizon_mpc_secbf,8,3.103971,true,osqp,optimal,25,4.250452,0,3.414404,geometric,false,-0.000000,-0.000000,-0.000000,-0.000000,,,0.000000,0.000000,4.569919,0.000000
local_crowding,context_bl,Standard MPC-CBF,82,8.200,2.200000,-0.350000,-0.000000,-0.000000,-2.417636,-0.342000,2.344000,-0.060000,0.420000,adult,walking,attentive,,0.000000,0.375000,3.703971,3.103971,0.000000,0.000000,0.000000,0.000000,0.000000,0.000000,0.000000,3.103971,3.103971,3.103971,3.103971,0.000000,horizon_mpc_secbf,8,3.138716,true,osqp,optimal,25,4.519424,0,3.450626,geometric,false,0.000000,0.000000,-0.000000,-0.000000,,,0.000000,0.000000,4.569919,0.000000
local_crowding,context_bl,Standard MPC-CBF,83,8.300,2.200000,-0.350000,-0.000000,-0.000000,-2.417636,-0.348000,2.386000,-0.060000,0.420000,adult,walking,attentive,,0.000000,0.375000,3.738716,3.138716,0.000000,0.000000,0.000000,0.000000,0.000000,0.000000,0.000000,3.138716,3.138716,3.138716,3.138716,0.000000,horizon_mpc_secbf,8,3.173619,true,osqp,optimal,25,4.124592,0,3.486964,geometric,false,0.000000,0.000000,0.000000,-0.000000,,,0.000000,0.000000,4.569919,0.000000
local_crowding,context_bl,Standard MPC-CBF,84,8.400,2.200000,-0.350000,0.000000,-0.000000,-2.417636,-0.354000,2.428000,-0.060000,0.420000,adult,walking,attentive,,0.000000,0.375000,3.773619,3.173619,0.000000,0.000000,0.000000,0.000000,0.000000,0.000000,0.000000,3.173619,3.173619,3.173619,3.173619,0.000000,horizon_mpc_secbf,8,3.208674,true,osqp,optimal,25,4.887741,0,3.523416,geometric,false,0.000000,0.000000,0.000000,-0.000000,,,0.000000,0.000000,4.569919,0.000000
local_crowding,context_bl,Standard MPC-CBF,85,8.500,2.200000,-0.350000,0.000000,-0.000000,-2.417636,-0.360000,2.470000,-0.060000,0.420000,adult,walking,attentive,,0.000000,0.375000,3.808674,3.208674,0.000000,0.000000,0.000000,0.000000,0.000000,0.000000,0.000000,3.208674,3.208674,3.208674,3.208674,0.000000,horizon_mpc_secbf,8,3.243878,true,osqp,optimal,25,5.583236,0,3.559978,geometric,false,0.000000,0.000000,0.000000,-0.000000,,,0.000000,0.000000,4.569919,0.000000
local_crowding,context_bl,Standard MPC-CBF,86,8.600,2.200000,-0.350000,0.000000,-0.000000,-2.417636,-0.366000,2.512000,-0.060000,0.420000,adult,walking,attentive,,0.000000,0.375000,3.843878,3.243878,0.000000,0.000000,0.000000,0.000000,0.000000,0.000000,0.000000,3.243878,3.243878,3.243878,3.243878,0.000000,horizon_mpc_secbf,8,3.279227,true,osqp,optimal,25,4.134567,0,3.596647,geometric,false,0.000000,0.000000,0.000000,-0.000000,,,0.000000,0.000000,4.569919,0.000000
local_crowding,context_bl,Standard MPC-CBF,87,8.700,2.200000,-0.350000,0.000000,-0.000000,-2.417636,-0.372000,2.554000,-0.060000,0.420000,adult,walking,attentive,,0.000000,0.375000,3.879227,3.279227,0.000000,0.000000,0.000000,0.000000,0.000000,0.000000,0.000000,3.279227,3.279227,3.279227,3.279227,0.000000,horizon_mpc_secbf,8,3.314716,true,osqp,optimal,25,3.845194,0,3.633421,geometric,false,0.000000,0.000000,0.000000,-0.000000,,,0.000000,0.000000,4.569919,0.000000
local_crowding,context_bl,Standard MPC-CBF,88,8.800,2.200000,-0.350000,0.000000,-0.000000,-2.417636,-0.378000,2.596000,-0.060000,0.420000,adult,walking,attentive,,0.000000,0.375000,3.914716,3.314716,0.000000,0.000000,0.000000,0.000000,0.000000,0.000000,0.000000,3.314716,3.314716,3.314716,3.314716,0.000000,horizon_mpc_secbf,8,3.350342,true,osqp,optimal,25,4.283221,0,3.670297,geometric,false,0.000000,0.000000,0.000000,-0.000000,,,0.000000,0.000000,4.569919,0.000000
local_crowding,context_bl,Standard MPC-CBF,89,8.900,2.200000,-0.350000,0.000000,-0.000000,-2.417636,-0.384000,2.638000,-0.060000,0.420000,adult,walking,attentive,,0.000000,0.375000,3.950342,3.350342,0.000000,0.000000,0.000000,0.000000,0.000000,0.000000,0.000000,3.350342,3.350342,3.350342,3.350342,0.000000,horizon_mpc_secbf,8,3.386101,true,osqp,optimal,25,4.037090,0,3.707273,geometric,false,0.000000,0.000000,0.000000,-0.000000,,,0.000000,0.000000,4.569919,0.000000
local_crowding,context_bl,Standard MPC-CBF,90,9.000,2.200000,-0.350000,0.000000,-0.000000,-2.417636,-0.390000,2.680000,-0.060000,0.420000,adult,walking,attentive,,0.000000,0.375000,3.986101,3.386101,0.000000,0.000000,0.000000,0.000000,0.000000,0.000000,0.000000,3.386101,3.386101,3.386101,3.386101,0.000000,horizon_mpc_secbf,8,3.421990,true,osqp,optimal,25,4.057938,0,3.744346,geometric,false,0.000000,0.000000,0.000000,-0.000000,,,0.000000,0.000000,4.569919,0.000000
local_crowding,context_bl,Standard MPC-CBF,91,9.100,2.200000,-0.350000,0.000000,-0.000000,-2.417636,-0.396000,2.722000,-0.060000,0.420000,adult,walking,attentive,,0.000000,0.375000,4.021990,3.421990,0.000000,0.000000,0.000000,0.000000,0.000000,0.000000,0.000000,3.421990,3.421990,3.421990,3.421990,0.000000,horizon_mpc_secbf,8,3.458004,true,osqp,optimal,25,4.355339,0,3.781513,geometric,false,0.000000,0.000000,0.000000,-0.000000,,,0.000000,0.000000,4.569919,0.000000
local_crowding,context_bl,Standard MPC-CBF,92,9.200,2.200000,-0.350000,0.000000,-0.000000,-2.417636,-0.402000,2.764000,-0.060000,0.420000,adult,walking,attentive,,0.000000,0.375000,4.058004,3.458004,0.000000,0.000000,0.000000,0.000000,0.000000,0.000000,0.000000,3.458004,3.458004,3.458004,3.458004,0.000000,horizon_mpc_secbf,8,3.494142,true,osqp,optimal,25,4.003617,0,3.818773,geometric,false,0.000000,0.000000,0.000000,-0.000000,,,0.000000,0.000000,4.569919,0.000000
local_crowding,context_bl,Standard MPC-CBF,93,9.300,2.200000,-0.350000,0.000000,-0.000000,-2.417636,-0.408000,2.806000,-0.060000,0.420000,adult,walking,attentive,,0.000000,0.375000,4.094142,3.494142,0.000000,0.000000,0.000000,0.000000,0.000000,0.000000,0.000000,3.494142,3.494142,3.494142,3.494142,0.000000,horizon_mpc_secbf,8,3.530399,true,osqp,optimal,25,4.322763,0,3.856123,geometric,false,0.000000,0.000000,0.000000,-0.000000,,,0.000000,0.000000,4.569919,0.000000
local_crowding,context_bl,Standard MPC-CBF,94,9.400,2.200000,-0.350000,0.000000,-0.000000,-2.417636,-0.414000,2.848000,-0.060000,0.420000,adult,walking,attentive,,0.000000,0.375000,4.130399,3.530399,0.000000,0.000000,0.000000,0.000000,0.000000,0.000000,0.000000,3.530399,3.530399,3.530399,3.530399,0.000000,horizon_mpc_secbf,8,3.566773,true,osqp,optimal,25,3.255889,0,3.893560,geometric,false,0.000000,0.000000,0.000000,-0.000000,,,0.000000,0.000000,4.569919,0.000000
local_crowding,context_bl,Standard MPC-CBF,95,9.500,2.200000,-0.350000,0.000000,-0.000000,-2.417636,-0.420000,2.890000,-0.060000,0.420000,adult,walking,attentive,,0.000000,0.375000,4.166773,3.566773,0.000000,0.000000,0.000000,0.000000,0.000000,0.000000,0.000000,3.566773,3.566773,3.566773,3.566773,0.000000,horizon_mpc_secbf,8,3.603261,true,osqp,optimal,25,3.273664,0,3.931084,geometric,false,0.000000,0.000000,0.000000,-0.000000,,,0.000000,0.000000,4.569919,0.000000
local_crowding,context_bl,Standard MPC-CBF,96,9.600,2.200000,-0.350000,0.000000,-0.000000,-2.417636,-0.426000,2.932000,-0.060000,0.420000,adult,walking,attentive,,0.000000,0.375000,4.203261,3.603261,0.000000,0.000000,0.000000,0.000000,0.000000,0.000000,0.000000,3.603261,3.603261,3.603261,3.603261,0.000000,horizon_mpc_secbf,8,3.639858,true,osqp,optimal,25,3.689360,0,3.968691,geometric,false,0.000000,0.000000,0.000000,-0.000000,,,0.000000,0.000000,4.569919,0.000000
local_crowding,context_bl,Standard MPC-CBF,97,9.700,2.200000,-0.350000,0.000000,-0.000000,-2.417636,-0.432000,2.974000,-0.060000,0.420000,adult,walking,attentive,,0.000000,0.375000,4.239858,3.639858,0.000000,0.000000,0.000000,0.000000,0.000000,0.000000,0.000000,3.639858,3.639858,3.639858,3.639858,0.000000,horizon_mpc_secbf,8,3.676564,true,osqp,optimal,25,4.504364,0,4.006380,geometric,false,0.000000,0.000000,0.000000,-0.000000,,,0.000000,0.000000,4.569919,0.000000
local_crowding,context_bl,Standard MPC-CBF,98,9.800,2.200000,-0.350000,0.000000,-0.000000,-2.417636,-0.438000,3.016000,-0.060000,0.420000,adult,walking,attentive,,0.000000,0.375000,4.276564,3.676564,0.000000,0.000000,0.000000,0.000000,0.000000,0.000000,0.000000,3.676564,3.676564,3.676564,3.676564,0.000000,horizon_mpc_secbf,8,3.713375,true,osqp,optimal,25,4.602417,0,4.044149,geometric,false,0.000000,0.000000,0.000000,-0.000000,,,0.000000,0.000000,4.569919,0.000000
local_crowding,context_bl,Standard MPC-CBF,99,9.900,2.200000,-0.350000,0.000000,-0.000000,-2.417636,-0.444000,3.058000,-0.060000,0.420000,adult,walking,attentive,,0.000000,0.375000,4.313375,3.713375,0.000000,0.000000,0.000000,0.000000,0.000000,0.000000,0.000000,3.713375,3.713375,3.713375,3.713375,0.000000,horizon_mpc_secbf,8,3.750287,true,osqp,optimal,25,4.575292,0,4.081995,geometric,false,0.000000,0.000000,0.000000,-0.000000,,,0.000000,0.000000,4.569919,0.000000
local_crowding,context_bl,Standard MPC-CBF,100,10.000,2.200000,-0.350000,0.000000,-0.000000,-2.417636,-0.450000,3.100000,-0.060000,0.420000,adult,walking,attentive,,0.000000,0.375000,4.350287,3.750287,0.000000,0.000000,0.000000,0.000000,0.000000,0.000000,0.000000,3.750287,3.750287,3.750287,3.750287,0.000000,horizon_mpc_secbf,8,3.787300,true,osqp,optimal,25,5.065572,0,4.119918,geometric,false,0.000000,0.000000,0.000000,-0.000000,,,0.000000,0.000000,4.569919,0.000000
local_crowding,context_bl,Standard MPC-CBF,101,10.100,2.200000,-0.350000,0.000000,-0.000000,-2.417636,-0.456000,3.142000,-0.060000,0.420000,adult,walking,attentive,,0.000000,0.375000,4.387300,3.787300,0.000000,0.000000,0.000000,0.000000,0.000000,0.000000,0.000000,3.787300,3.787300,3.787300,3.787300,0.000000,horizon_mpc_secbf,8,3.824410,true,osqp,optimal,25,3.886430,0,4.157915,geometric,false,0.000000,0.000000,0.000000,-0.000000,,,0.000000,0.000000,4.569919,0.000000
local_crowding,context_bl,Standard MPC-CBF,102,10.200,2.200000,-0.350000,0.000000,-0.000000,-2.417636,-0.462000,3.184000,-0.060000,0.420000,adult,walking,attentive,,0.000000,0.375000,4.424410,3.824410,0.000000,0.000000,0.000000,0.000000,0.000000,0.000000,0.000000,3.824410,3.824410,3.824410,3.824410,0.000000,horizon_mpc_secbf,8,3.861614,true,osqp,optimal,25,2.994084,0,4.195985,geometric,false,0.000000,0.000000,0.000000,-0.000000,,,0.000000,0.000000,4.569919,0.000000
local_crowding,context_bl,Standard MPC-CBF,103,10.300,2.200000,-0.350000,0.000000,-0.000000,-2.417636,-0.468000,3.226000,-0.060000,0.420000,adult,walking,attentive,,0.000000,0.375000,4.461614,3.861614,0.000000,0.000000,0.000000,0.000000,0.000000,0.000000,0.000000,3.861614,3.861614,3.861614,3.861614,0.000000,horizon_mpc_secbf,8,3.898911,true,osqp,optimal,25,3.135031,0,4.234125,geometric,false,0.000000,0.000000,0.000000,-0.000000,,,0.000000,0.000000,4.569919,0.000000
local_crowding,context_bl,Standard MPC-CBF,104,10.400,2.200000,-0.350000,0.000000,-0.000000,-2.417636,-0.474000,3.268000,-0.060000,0.420000,adult,walking,attentive,,0.000000,0.375000,4.498911,3.898911,0.000000,0.000000,0.000000,0.000000,0.000000,0.000000,0.000000,3.898911,3.898911,3.898911,3.898911,0.000000,horizon_mpc_secbf,8,3.936298,true,osqp,optimal,25,4.325417,0,4.272335,geometric,false,0.000000,0.000000,0.000000,-0.000000,,,0.000000,0.000000,4.569919,0.000000
local_crowding,context_bl,Standard MPC-CBF,105,10.500,2.200000,-0.350000,0.000000,-0.000000,-2.417636,-0.480000,3.310000,-0.060000,0.420000,adult,walking,attentive,,0.000000,0.375000,4.536298,3.936298,0.000000,0.000000,0.000000,0.000000,0.000000,0.000000,0.000000,3.936298,3.936298,3.936298,3.936298,0.000000,horizon_mpc_secbf,8,3.973773,true,osqp,optimal,25,3.993718,0,4.310612,geometric,false,0.000000,0.000000,0.000000,-0.000000,,,0.000000,0.000000,4.569919,0.000000
local_crowding,context_bl,Standard MPC-CBF,106,10.600,2.200000,-0.350000,0.000000,-0.000000,-2.417636,-0.486000,3.352000,-0.060000,0.420000,adult,walking,attentive,,0.000000,0.375000,4.573773,3.973773,0.000000,0.000000,0.000000,0.000000,0.000000,0.000000,0.000000,3.973773,3.973773,3.973773,3.973773,0.000000,horizon_mpc_secbf,8,4.011334,true,osqp,optimal,25,3.203349,0,4.348956,geometric,false,0.000000,0.000000,0.000000,-0.000000,,,0.000000,0.000000,4.569919,0.000000
local_crowding,context_bl,Standard MPC-CBF,107,10.700,2.200000,-0.350000,0.000000,-0.000000,-2.417636,-0.492000,3.394000,-0.060000,0.420000,adult,walking,attentive,,0.000000,0.375000,4.611334,4.011334,0.000000,0.000000,0.000000,0.000000,0.000000,0.000000,0.000000,4.011334,4.011334,4.011334,4.011334,0.000000,horizon_mpc_secbf,8,4.048978,true,osqp,optimal,25,5.522413,0,4.387364,geometric,false,0.000000,0.000000,0.000000,-0.000000,,,0.000000,0.000000,4.569919,0.000000
local_crowding,context_bl,Standard MPC-CBF,108,10.800,2.200000,-0.350000,0.000000,-0.000000,-2.417636,-0.498000,3.436000,-0.060000,0.420000,adult,walking,attentive,,0.000000,0.375000,4.648978,4.048978,0.000000,0.000000,0.000000,0.000000,0.000000,0.000000,0.000000,4.048978,4.048978,4.048978,4.048978,0.000000,horizon_mpc_secbf,8,4.086705,true,osqp,optimal,25,4.899963,0,4.425835,geometric,false,0.000000,0.000000,0.000000,-0.000000,,,0.000000,0.000000,4.569919,0.000000
local_crowding,context_bl,Standard MPC-CBF,109,10.900,2.200000,-0.350000,0.000000,-0.000000,-2.417636,-0.504000,3.478000,-0.060000,0.420000,adult,walking,attentive,,0.000000,0.375000,4.686705,4.086705,0.000000,0.000000,0.000000,0.000000,0.000000,0.000000,0.000000,4.086705,4.086705,4.086705,4.086705,0.000000,horizon_mpc_secbf,8,4.124511,true,osqp,optimal,25,3.937822,0,4.464369,geometric,false,0.000000,0.000000,0.000000,-0.000000,,,0.000000,0.000000,4.569919,0.000000
local_crowding,context_bl,Standard MPC-CBF,110,11.000,2.200000,-0.350000,0.000000,-0.000000,-2.417636,-0.510000,3.520000,-0.060000,0.420000,adult,walking,attentive,,0.000000,0.375000,4.724511,4.124511,0.000000,0.000000,0.000000,0.000000,0.000000,0.000000,0.000000,4.124511,4.124511,4.124511,4.124511,0.000000,horizon_mpc_secbf,8,4.162394,true,osqp,optimal,25,4.611937,0,4.502962,geometric,false,0.000000,0.000000,0.000000,-0.000000,,,0.000000,0.000000,4.569919,0.000000
local_crowding,context_bl,Standard MPC-CBF,111,11.100,2.200000,-0.350000,0.000000,-0.000000,-2.417636,-0.516000,3.562000,-0.060000,0.420000,adult,walking,attentive,,0.000000,0.375000,4.762394,4.162394,0.000000,0.000000,0.000000,0.000000,0.000000,0.000000,0.000000,4.162394,4.162394,4.162394,4.162394,0.000000,horizon_mpc_secbf,8,4.200354,true,osqp,optimal,25,3.124919,0,4.541615,geometric,false,0.000000,0.000000,0.000000,-0.000000,,,0.000000,0.000000,4.569919,0.000000
local_crowding,context_bl,Standard MPC-CBF,112,11.200,2.200000,-0.350000,0.000000,-0.000000,-2.417636,-0.522000,3.604000,-0.060000,0.420000,adult,walking,attentive,,0.000000,0.375000,4.800354,4.200354,0.000000,0.000000,0.000000,0.000000,0.000000,0.000000,0.000000,4.200354,4.200354,4.200354,4.200354,0.000000,horizon_mpc_secbf,8,4.238388,true,osqp,optimal,25,4.717265,0,4.580326,geometric,false,0.000000,0.000000,0.000000,-0.000000,,,0.000000,0.000000,4.569919,0.000000
local_crowding,context_bl,Standard MPC-CBF,113,11.300,2.200000,-0.350000,0.000000,-0.000000,-2.417636,-0.528000,3.646000,-0.060000,0.420000,adult,walking,attentive,,0.000000,0.375000,4.838388,4.238388,0.000000,0.000000,0.000000,0.000000,0.000000,0.000000,0.000000,4.238388,4.238388,4.238388,4.238388,0.000000,horizon_mpc_secbf,8,4.276495,true,osqp,optimal,25,4.539109,0,4.619093,geometric,false,0.000000,0.000000,0.000000,-0.000000,,,0.000000,0.000000,4.569919,0.000000
local_crowding,context_bl,Standard MPC-CBF,114,11.400,2.200000,-0.350000,0.000000,-0.000000,-2.417636,-0.534000,3.688000,-0.060000,0.420000,adult,walking,attentive,,0.000000,0.375000,4.876495,4.276495,0.000000,0.000000,0.000000,0.000000,0.000000,0.000000,0.000000,4.276495,4.276495,4.276495,4.276495,0.000000,horizon_mpc_secbf,8,4.314672,true,osqp,optimal,25,4.671581,0,4.657916,geometric,false,0.000000,0.000000,0.000000,-0.000000,,,0.000000,0.000000,4.569919,0.000000
local_crowding,context_bl,Standard MPC-CBF,115,11.500,2.200000,-0.350000,0.000000,-0.000000,-2.417636,-0.540000,3.730000,-0.060000,0.420000,adult,walking,attentive,,0.000000,0.375000,4.914672,4.314672,0.000000,0.000000,0.000000,0.000000,0.000000,0.000000,0.000000,4.314672,4.314672,4.314672,4.314672,0.000000,horizon_mpc_secbf,8,4.352918,true,osqp,optimal,25,4.884485,0,4.696793,geometric,false,0.000000,0.000000,0.000000,-0.000000,,,0.000000,0.000000,4.569919,0.000000
local_crowding,context_bl,Standard MPC-CBF,116,11.600,2.200000,-0.350000,0.000000,-0.000000,-2.417636,-0.546000,3.772000,-0.060000,0.420000,adult,walking,attentive,,0.000000,0.375000,4.952918,4.352918,0.000000,0.000000,0.000000,0.000000,0.000000,0.000000,0.000000,4.352918,4.352918,4.352918,4.352918,0.000000,horizon_mpc_secbf,8,4.391232,true,osqp,optimal,25,4.041634,0,4.735723,geometric,false,0.000000,0.000000,0.000000,-0.000000,,,0.000000,0.000000,4.569919,0.000000
local_crowding,context_bl,Standard MPC-CBF,117,11.700,2.200000,-0.350000,0.000000,-0.000000,-2.417636,-0.552000,3.814000,-0.060000,0.420000,adult,walking,attentive,,0.000000,0.375000,4.991232,4.391232,0.000000,0.000000,0.000000,0.000000,0.000000,0.000000,0.000000,4.391232,4.391232,4.391232,4.391232,0.000000,horizon_mpc_secbf,8,4.429612,true,osqp,optimal,25,3.659848,0,4.774705,geometric,false,0.000000,0.000000,0.000000,-0.000000,,,0.000000,0.000000,4.569919,0.000000
local_crowding,context_bl,Standard MPC-CBF,118,11.800,2.200000,-0.350000,0.000000,-0.000000,-2.417636,-0.558000,3.856000,-0.060000,0.420000,adult,walking,attentive,,0.000000,0.375000,5.029612,4.429612,0.000000,0.000000,0.000000,0.000000,0.000000,0.000000,0.000000,4.429612,4.429612,4.429612,4.429612,0.000000,horizon_mpc_secbf,8,4.468057,true,osqp,optimal,25,3.692888,0,4.813737,geometric,false,0.000000,0.000000,0.000000,-0.000000,,,0.000000,0.000000,4.569919,0.000000
local_crowding,context_bl,Standard MPC-CBF,119,11.900,2.200000,-0.350000,0.000000,-0.000000,-2.417636,-0.564000,3.898000,-0.060000,0.420000,adult,walking,attentive,,0.000000,0.375000,5.068057,4.468057,0.000000,0.000000,0.000000,0.000000,0.000000,0.000000,0.000000,4.468057,4.468057,4.468057,4.468057,0.000000,horizon_mpc_secbf,8,4.506564,true,osqp,optimal,25,3.580558,0,4.852820,geometric,false,0.000000,0.000000,0.000000,-0.000000,,,0.000000,0.000000,4.569919,0.000000
local_crowding,context_bl,EESM-MPC-ECBF,0,0.000,-2.200000,-0.350000,0.000000,0.000000,0.000000,0.150000,-1.100000,-0.060000,0.420000,pedestrian,walking,unknown,10.098536,1.000000,0.375000,2.466779,1.866779,0.000000,0.000000,0.000000,0.000000,0.153124,0.153124,0.000000,1.866779,1.713655,1.713655,1.713655,0.000000,horizon_mpc_secbf,8,1.022083,true,osqp,optimal,75,3.616317,0,0.937181,geometric,false,0.750000,0.000000,0.621017,0.000000,,,0.621017,0.621017,0.062102,4.400000
local_crowding,context_bl,EESM-MPC-ECBF,1,0.100,-2.137898,-0.350000,0.621017,0.000000,0.000000,0.144000,-1.058000,-0.060000,0.420000,pedestrian,walking,unknown,2.308990,1.000000,0.375000,2.389210,1.789210,0.000000,0.000000,0.000000,0.000000,0.762629,0.762629,0.000000,1.789210,1.026581,1.026581,1.026581,0.000000,horizon_mpc_secbf,8,0.326236,true,osqp,optimal,75,3.878909,0,0.151329,geometric,false,0.750000,-0.000000,0.726100,0.000000,,,0.726100,0.105084,0.134712,4.337898
local_crowding,context_bl,EESM-MPC-ECBF,2,0.200,-2.065288,-0.350000,0.726100,0.000000,0.000001,0.138000,-1.016000,-0.060000,0.420000,pedestrian,walking,unknown,1.947079,1.000000,0.375000,2.301746,1.701746,0.000000,0.000000,0.000000,0.000000,0.863366,0.863366,0.000000,1.701746,0.838380,0.838380,0.838380,0.000000,horizon_mpc_secbf,8,0.139946,true,osqp,optimal,75,4.319482,0,-0.044700,geometric,false,0.750000,-0.000000,0.735587,0.000002,,,0.735587,0.009487,0.208270,4.265288
local_crowding,context_bl,EESM-MPC-ECBF,3,0.300,-1.991730,-0.350000,0.735587,0.000002,0.000003,0.132000,-0.974000,-0.060000,0.420000,pedestrian,walking,unknown,1.829952,1.000000,0.375000,2.213505,1.613505,0.000000,0.000000,0.000000,0.000000,0.869787,0.869787,0.000000,1.613505,0.743718,0.743718,0.743718,0.000000,horizon_mpc_secbf,8,0.048666,true,osqp,optimal,75,4.559725,0,-0.137999,geometric,false,0.750000,-0.000000,0.735588,0.000011,,,0.735588,0.000009,0.281829,4.191730
local_crowding,context_bl,EESM-MPC-ECBF,4,0.400,-1.918171,-0.349999,0.735588,0.000011,0.000015,0.126000,-0.932000,-0.060000,0.420000,pedestrian,walking,unknown,1.733055,1.000000,0.375000,2.125408,1.525408,0.000000,0.000000,0.000000,0.000000,0.866358,0.866358,0.000000,1.525408,0.659050,0.659050,0.659050,0.000053,horizon_mpc_secbf,8,-0.000053,true,osqp,optimal,50,3.386264,0,-0.188432,geometric,false,0.750000,-0.000000,0.704085,0.008592,,,0.704138,0.032650,0.352243,4.118171
local_crowding,context_bl,EESM-MPC-ECBF,5,0.500,-1.847762,-0.349139,0.704085,0.008592,0.012203,0.120000,-0.890000,-0.060000,0.420000,pedestrian,walking,unknown,1.703410,1.000000,0.375000,2.040740,1.440740,0.000000,0.000000,0.000000,0.000000,0.830121,0.830121,0.000000,1.440740,0.610618,0.610618,0.610618,0.000108,horizon_mpc_secbf,8,-0.000108,true,osqp,optimal,50,3.383327,0,-0.184398,geometric,false,0.750000,-0.000159,0.654111,0.017973,,,0.654358,0.050847,0.417679,4.047762
local_crowding,context_bl,EESM-MPC-ECBF,6,0.600,-1.782351,-0.347342,0.654111,0.017973,0.027471,0.114000,-0.848000,-0.060000,0.420000,pedestrian,walking,unknown,1.716515,1.000000,0.375000,1.961328,1.361328,0.000000,0.000000,0.000000,0.000000,0.774980,0.774980,0.000000,1.361328,0.586347,0.586347,0.586347,0.000131,horizon_mpc_secbf,8,-0.000131,true,osqp,optimal,50,3.411606,0,-0.179079,geometric,false,0.750000,-0.000501,0.626872,0.022606,,,0.627279,0.027630,0.480407,3.982352
local_crowding,context_bl,EESM-MPC-ECBF,7,0.700,-1.719664,-0.345081,0.626872,0.022606,0.036047,0.108000,-0.806000,-0.060000,0.420000,pedestrian,walking,unknown,1.683564,1.000000,0.375000,1.884888,1.284888,0.000000,0.000000,0.000000,0.000000,0.742328,0.742328,0.000000,1.284888,0.542560,0.542560,0.542560,0.000178,horizon_mpc_secbf,8,-0.000178,true,osqp,optimal,50,3.380817,0,-0.175531,geometric,false,0.749999,-0.000941,0.582870,0.031848,,,0.583740,0.044962,0.538781,3.919667
local_crowding,context_bl,EESM-MPC-ECBF,8,0.800,-1.661377,-0.341897,0.582870,0.031848,0.054586,0.102000,-0.764000,-0.060000,0.420000,pedestrian,walking,unknown,1.695427,1.000000,0.375000,1.813193,1.213193,0.000000,0.000000,0.000000,0.000000,0.692172,0.692172,0.000000,1.213193,0.521021,0.521021,0.521021,0.000197,horizon_mpc_secbf,8,-0.000197,true,osqp,optimal,50,3.891010,0,-0.167474,geometric,false,0.749998,-0.001574,0.559531,0.049792,,,0.561742,0.029440,0.594955,3.861385
local_crowding,context_bl,EESM-MPC-ECBF,9,0.900,-1.605424,-0.336917,0.559531,0.049792,0.088755,0.096000,-0.722000,-0.060000,0.420000,adult,walking,attentive,1.668379,1.000000,0.375000,1.744457,1.144457,0.000000,0.000000,0.000000,0.000000,0.662462,0.662462,0.000000,1.144457,0.481995,0.481995,0.481995,0.000239,horizon_mpc_secbf,8,-0.000239,true,osqp,optimal,50,4.344563,0,-0.160991,geometric,false,0.749996,-0.002578,0.520322,0.070191,,,0.525035,0.044198,0.647458,3.805446
local_crowding,context_bl,EESM-MPC-ECBF,10,1.000,-1.553392,-0.329898,0.520322,0.070191,0.134090,0.090000,-0.680000,-0.060000,0.420000,adult,walking,attentive,1.686679,1.000000,0.375000,1.680270,1.080270,0.000000,0.000000,0.000000,0.000000,0.617201,0.617201,0.000000,1.080270,0.463069,0.463069,0.463069,0.000255,horizon_mpc_secbf,8,-0.000255,true,osqp,optimal,50,3.906756,0,-0.153259,geometric,false,0.749989,-0.004017,0.499201,0.085696,,,0.506503,0.026202,0.698109,3.753445
local_crowding,context_bl,EESM-MPC-ECBF,11,1.100,-1.503472,-0.321329,0.499201,0.085696,0.170010,0.084000,-0.638000,-0.060000,0.420000,adult,walking,attentive,1.659755,1.000000,0.375000,1.618749,1.018749,0.000000,0.000000,0.000000,0.000000,0.590326,0.590326,0.000000,1.018749,0.428422,0.428422,0.428422,0.000291,horizon_mpc_secbf,8,-0.000292,true,osqp,optimal,50,5.481001,0,-0.147402,geometric,false,0.749978,-0.005806,0.463718,0.100428,,,0.474469,0.038419,0.745555,3.703583
local_crowding,context_bl,EESM-MPC-ECBF,12,1.200,-1.457100,-0.311286,0.463718,0.100428,0.213277,0.078000,-0.596000,-0.060000,0.420000,adult,walking,attentive,1.677001,1.000000,0.375000,1.561279,0.961279,0.000000,0.000000,0.000000,0.000000,0.549297,0.549297,0.000000,0.961279,0.411982,0.411982,0.411982,0.000305,horizon_mpc_secbf,8,-0.000305,true,osqp,optimal,50,4.900020,0,-0.140547,geometric,false,0.749958,-0.007939,0.444858,0.110490,,,0.458374,0.021377,0.791393,3.657305
local_crowding,context_bl,EESM-MPC-ECBF,13,1.300,-1.412614,-0.300237,0.444858,0.110490,0.243446,0.072000,-0.554000,-0.060000,0.420000,adult,walking,attentive,1.648172,1.000000,0.375000,1.506146,0.906146,0.000000,0.000000,0.000000,0.000000,0.524805,0.524805,0.000000,0.906146,0.381341,0.381341,0.381341,0.000337,horizon_mpc_secbf,8,-0.000337,true,osqp,optimal,50,4.860269,0,-0.135509,geometric,false,0.749929,-0.010330,0.413217,0.118877,,,0.429977,0.032733,0.834391,3.612957
local_crowding,context_bl,EESM-MPC-ECBF,14,1.400,-1.371292,-0.288349,0.413217,0.118877,0.280121,0.066000,-0.512000,-0.060000,0.420000,adult,walking,attentive,1.662983,1.000000,0.375000,1.454589,0.854589,0.000000,0.000000,0.000000,0.000000,0.487406,0.487406,0.000000,0.854589,0.367183,0.367183,0.367183,0.000348,horizon_mpc_secbf,8,-0.000348,true,osqp,optimal,50,3.669472,0,-0.129687,geometric,false,0.749888,-0.012945,0.397006,0.123121,,,0.415659,0.016757,0.875956,3.571824
local_crowding,context_bl,EESM-MPC-ECBF,15,1.500,-1.331592,-0.276037,0.397006,0.123121,0.300717,0.060000,-0.470000,-0.060000,0.420000,adult,walking,attentive,1.630918,1.000000,0.375000,1.405044,0.805044,0.000000,0.000000,0.000000,0.000000,0.464809,0.464809,0.000000,0.805044,0.340235,0.340235,0.340235,0.000376,horizon_mpc_secbf,8,-0.000376,true,osqp,optimal,50,4.155129,0,-0.125721,geometric,false,0.749836,-0.015704,0.369681,0.124703,,,0.390147,0.027371,0.914971,3.532366
local_crowding,context_bl,EESM-MPC-ECBF,16,1.600,-1.294624,-0.263567,0.369681,0.124703,0.325340,0.054000,-0.428000,-0.060000,0.420000,adult,walking,attentive,1.641084,1.000000,0.375000,1.358611,0.758611,0.000000,0.000000,0.000000,0.000000,0.430397,0.430397,0.000000,0.758611,0.328214,0.328214,0.328214,0.000384,horizon_mpc_secbf,8,-0.000384,true,osqp,optimal,50,3.454630,0,-0.121283,geometric,false,0.749771,-0.018544,0.356950,0.122579,,,0.377410,0.012907,0.952712,3.495692
local_crowding,context_bl,EESM-MPC-ECBF,17,1.700,-1.258929,-0.251309,0.356950,0.122579,0.330789,0.048000,-0.386000,-0.060000,0.420000,adult,walking,attentive,1.603283,1.000000,0.375000,1.313851,0.713851,0.000000,0.000000,0.000000,0.000000,0.409117,0.409117,0.000000,0.713851,0.304734,0.304734,0.304734,0.000407,horizon_mpc_secbf,8,-0.000407,true,osqp,optimal,50,3.565801,0,-0.118934,geometric,false,0.749695,-0.021390,0.335058,0.116651,,,0.354784,0.022680,0.988191,3.460336
local_crowding,context_bl,EESM-MPC-ECBF,18,1.800,-1.225423,-0.239644,0.335058,0.116651,0.335027,0.042000,-0.344000,-0.060000,0.420000,adult,walking,attentive,1.604591,1.000000,0.375000,1.271712,0.671712,0.000000,0.000000,0.000000,0.000000,0.376939,0.376939,0.000000,0.671712,0.294773,0.294773,0.294773,0.000412,horizon_mpc_secbf,8,-0.000412,true,osqp,optimal,50,4.844096,0,-0.116618,geometric,false,0.749611,-0.024150,0.327462,0.107458,,,0.344642,0.011926,1.022655,3.427200
local_crowding,context_bl,EESM-MPC-ECBF,19,1.900,-1.192677,-0.228898,0.327462,0.107458,0.317082,0.036000,-0.302000,-0.060000,0.420000,adult,walking,attentive,1.556347,1.000000,0.375000,1.230849,0.630849,0.000000,0.000000,0.000000,0.000000,0.356221,0.356221,0.000000,0.630849,0.274628,0.274628,0.274628,0.000428,horizon_mpc_secbf,8,-0.000428,true,osqp,optimal,50,3.486519,0,-0.116958,geometric,false,0.749523,-0.026754,0.313271,0.093318,,,0.326875,0.020032,1.055342,3.394837
local_crowding,context_bl,EESM-MPC-ECBF,20,2.000,-1.161350,-0.219566,0.313271,0.093318,0.289514,0.030000,-0.260000,-0.060000,0.420000,adult,walking,attentive,1.541207,1.000000,0.375000,1.192035,0.592035,0.000000,0.000000,0.000000,0.000000,0.325323,0.325323,0.000000,0.592035,0.266712,0.266712,0.266712,0.000131,horizon_mpc_secbf,8,-0.000060,true,osqp,optimal,50,3.053474,0,-0.340611,geometric,false,0.749436,-0.029081,0.524585,-0.264113,,,0.587320,0.415223,1.114074,3.363879
local_crowding,context_bl,EESM-MPC-ECBF,21,2.100,-1.108891,-0.245977,0.524585,-0.264113,-0.466419,0.024000,-0.218000,-0.060000,0.420000,adult,walking,attentive,0.939595,1.000000,0.375000,1.133236,0.533236,0.000000,0.000000,0.000000,0.000000,0.234509,0.234509,0.000000,0.533236,0.298728,0.298728,0.298728,0.000052,horizon_mpc_secbf,8,-0.000052,true,osqp,optimal,75,3.179030,0,-0.388760,geometric,false,0.749630,-0.023566,0.644687,-0.265846,,,0.697349,0.120114,1.183809,3.310526
local_crowding,context_bl,EESM-MPC-ECBF,22,2.200,-1.044422,-0.272562,0.644687,-0.265846,-0.391120,0.018000,-0.176000,-0.060000,0.420000,adult,walking,attentive,0.729703,1.000000,0.375000,1.066802,0.466802,0.000000,0.000000,0.000000,0.000000,0.206489,0.206489,0.000000,0.466802,0.260313,0.260313,0.260313,0.000019,horizon_mpc_secbf,8,-0.000004,true,osqp,optimal,50,3.468252,0,-0.424684,geometric,false,0.749786,-0.017896,0.688935,-0.252203,,,0.733647,0.046304,1.257174,3.245346
local_crowding,context_bl,EESM-MPC-ECBF,23,2.300,-0.975529,-0.297782,0.688935,-0.252203,-0.350924,0.012000,-0.134000,-0.060000,0.420000,adult,walking,attentive,0.637691,1.000000,0.375000,1.001018,0.401018,0.000000,0.000000,0.000000,0.000000,0.131652,0.131652,0.000000,0.401018,0.269367,0.269367,0.269367,0.000000,horizon_mpc_secbf,8,0.060551,true,osqp,optimal,50,4.070421,0,-0.367947,geometric,false,0.749899,-0.012331,0.695855,-0.242253,,,0.736818,0.012119,1.330856,3.175958
local_crowding,context_bl,EESM-MPC-ECBF,24,2.400,-0.905943,-0.322008,0.695855,-0.242253,-0.335015,0.006000,-0.092000,-0.060000,0.420000,adult,walking,attentive,0.596385,1.000000,0.375000,0.940502,0.340502,0.000000,0.000000,0.000000,0.000000,0.034691,0.034691,0.000000,0.340502,0.305811,0.305811,0.305811,0.000000,horizon_mpc_secbf,8,0.153420,true,osqp,optimal,50,3.902588,0,-0.262446,geometric,false,0.749970,-0.006759,0.694132,-0.246410,,,0.736572,0.004499,1.404513,3.106070
local_crowding,context_bl,EESM-MPC-ECBF,25,2.500,-0.836530,-0.346649,0.694132,-0.246410,-0.341113,0.000000,-0.050000,-0.060000,0.420000,adult,walking,attentive,0.589245,1.000000,0.375000,0.887571,0.287571,0.000000,0.000000,0.000000,0.000000,0.000000,0.000000,0.000000,0.287571,0.366577,0.366577,0.287571,0.000000,horizon_mpc_secbf,8,0.184586,true,osqp,optimal,50,3.796871,0,-0.197091,geometric,false,0.750000,-0.000828,0.692205,-0.251061,,,0.736328,0.005035,1.478146,3.036532
local_crowding,context_bl,EESM-MPC-ECBF,26,2.600,-0.767310,-0.371755,0.692205,-0.251061,-0.347942,-0.006000,-0.008000,-0.060000,0.420000,adult,walking,attentive,0.625950,1.000000,0.375000,0.843748,0.243748,0.000000,0.000000,0.000000,0.000000,0.000000,0.000000,0.000000,0.243748,0.434856,0.434856,0.243748,0.000000,horizon_mpc_secbf,8,0.181755,true,osqp,optimal,50,4.618666,0,-0.143758,geometric,false,0.749980,0.005498,0.691227,-0.253419,,,0.736217,0.002553,1.551767,2.967389
local_crowding,context_bl,EESM-MPC-ECBF,27,2.700,-0.698187,-0.397097,0.691227,-0.253419,-0.351405,-0.012000,0.034000,-0.060000,0.420000,adult,walking,attentive,0.757087,1.000000,0.375000,0.810368,0.210368,0.000000,0.000000,0.000000,0.000000,0.000000,0.000000,0.000000,0.210368,0.506429,0.506429,0.210368,0.000000,horizon_mpc_secbf,8,0.179793,true,osqp,optimal,50,4.093332,0,-0.068004,geometric,false,0.749901,0.012186,0.691465,-0.252844,,,0.736243,0.000622,1.625392,2.898570
local_crowding,context_bl,EESM-MPC-ECBF,28,2.800,-0.629040,-0.422381,0.691465,-0.252844,-0.350561,-0.018000,0.076000,-0.060000,0.420000,adult,walking,attentive,1.200280,1.000000,0.375000,0.788514,0.188514,0.000000,0.000000,0.000000,0.000000,0.000000,0.000000,0.000000,0.188514,0.579613,0.579613,0.188514,0.000000,horizon_mpc_secbf,8,0.178832,true,osqp,optimal,50,3.859248,0,0.027943,geometric,false,0.749755,0.019183,0.692992,-0.249159,,,0.736422,0.003989,1.699034,2.829966
local_crowding,context_bl,EESM-MPC-ECBF,29,2.900,-0.559741,-0.447297,0.692992,-0.249159,-0.345149,-0.024000,0.118000,-0.060000,0.420000,adult,walking,attentive,5.541238,1.000000,0.375000,0.778832,0.178832,0.000000,0.000000,0.000000,0.000000,0.000000,0.000000,0.000000,0.178832,0.653427,0.653427,0.178832,0.000000,horizon_mpc_secbf,8,0.181399,true,osqp,optimal,50,3.873743,0,0.139701,geometric,false,0.749534,0.026425,0.695802,-0.242374,,,0.736808,0.007344,1.772715,2.761456
local_crowding,context_bl,EESM-MPC-ECBF,30,3.000,-0.490161,-0.471534,0.695802,-0.242374,-0.335192,-0.030000,0.160000,-0.060000,0.420000,adult,walking,attentive,,0.000000,0.375000,0.781399,0.181399,0.000000,0.000000,0.000000,0.000000,0.000000,0.000000,0.000000,0.181399,0.181399,0.181399,0.181399,0.000000,horizon_mpc_secbf,8,0.195689,true,osqp,optimal,50,3.559892,0,0.261409,geometric,false,0.749236,0.033849,0.699834,-0.232642,,,0.737489,0.010534,1.846464,2.692905
local_crowding,context_bl,EESM-MPC-ECBF,31,3.100,-0.420178,-0.494799,0.699834,-0.232642,-0.320933,-0.036000,0.202000,-0.060000,0.420000,adult,walking,attentive,,0.000000,0.375000,0.795689,0.195689,0.000000,0.000000,0.000000,0.000000,0.000000,0.000000,0.000000,0.195689,0.195689,0.195689,0.195689,0.000000,horizon_mpc_secbf,8,0.220681,true,osqp,optimal,50,4.340846,0,0.387005,geometric,false,0.748857,0.041384,0.704973,-0.220234,,,0.738573,0.013431,1.920321,2.624176
local_crowding,context_bl,EESM-MPC-ECBF,32,3.200,-0.349680,-0.516822,0.704973,-0.220234,-0.302794,-0.042000,0.244000,-0.060000,0.420000,adult,walking,attentive,,0.000000,0.375000,0.820681,0.220681,0.000000,0.000000,0.000000,0.000000,0.000000,0.000000,0.000000,0.220681,0.220681,0.220681,0.220681,0.000000,horizon_mpc_secbf,8,0.255046,true,osqp,optimal,50,4.834351,0,0.511468,geometric,false,0.748400,0.048967,0.711079,-0.205494,,,0.740176,0.015954,1.994338,2.555132
local_crowding,context_bl,EESM-MPC-ECBF,33,3.300,-0.278572,-0.537371,0.711079,-0.205494,-0.281325,-0.048000,0.286000,-0.060000,0.420000,adult,walking,attentive,,0.000000,0.375000,0.855046,0.255046,0.000000,0.000000,0.000000,0.000000,0.000000,0.000000,0.000000,0.255046,0.255046,0.255046,0.255046,0.000000,horizon_mpc_secbf,8,0.297352,true,osqp,optimal,50,4.829744,0,0.631498,geometric,false,0.747866,0.056536,0.717994,-0.188799,,,0.742402,0.018070,2.068579,2.485645
local_crowding,context_bl,EESM-MPC-ECBF,34,3.400,-0.206773,-0.556251,0.717994,-0.188799,-0.257133,-0.054000,0.328000,-0.060000,0.420000,adult,walking,attentive,,0.000000,0.375000,0.897352,0.297352,0.000000,0.000000,0.000000,0.000000,0.000000,0.000000,0.000000,0.297352,0.297352,0.297352,0.297352,0.000000,horizon_mpc_secbf,8,0.346219,true,osqp,optimal,50,4.639298,0,0.745512,geometric,false,0.747261,0.064037,0.725564,-0.170522,,,0.745333,0.019783,2.143112,2.415594
local_crowding,context_bl,EESM-MPC-ECBF,35,3.500,-0.134217,-0.573304,0.725564,-0.170522,-0.230831,-0.060000,0.370000,-0.060000,0.420000,adult,walking,attentive,,0.000000,0.375000,0.946219,0.346219,0.000000,0.000000,0.000000,0.000000,0.000000,0.000000,0.000000,0.346219,0.346219,0.346219,0.346219,0.000000,horizon_mpc_secbf,8,0.400420,true,osqp,optimal,50,3.183223,0,0.853255,geometric,false,0.746591,0.071423,0.733550,-0.151038,,,0.748937,0.021058,2.218006,2.344874
local_crowding,context_bl,EESM-MPC-ECBF,36,3.600,-0.060862,-0.588407,0.733550,-0.151038,-0.203062,-0.066000,0.412000,-0.060000,0.420000,adult,walking,attentive,,0.000000,0.375000,1.000420,0.400420,0.000000,0.000000,0.000000,0.000000,0.000000,0.000000,0.000000,0.400420,0.400420,0.400420,0.400420,0.000000,horizon_mpc_secbf,8,0.458707,true,osqp,optimal,50,3.057071,0,0.953565,geometric,false,0.745865,0.078651,0.735590,-0.129066,,,0.746827,0.022066,2.292688,2.273397
local_crowding,context_bl,EESM-MPC-ECBF,37,3.700,0.012697,-0.601314,0.735590,-0.129066,-0.173691,-0.072000,0.454000,-0.060000,0.420000,adult,walking,attentive,,0.000000,0.375000,1.058707,0.458707,0.000000,0.000000,0.000000,0.000000,0.000000,0.000000,0.000000,0.458707,0.458707,0.458707,0.458707,0.000000,horizon_mpc_secbf,8,0.520022,true,osqp,optimal,50,3.699254,0,1.046652,geometric,false,0.745098,0.085609,0.735593,-0.105982,,,0.743188,0.023083,2.367007,2.201693
local_crowding,context_bl,EESM-MPC-ECBF,38,3.800,0.086257,-0.611912,0.735593,-0.105982,-0.143093,-0.078000,0.496000,-0.060000,0.420000,adult,walking,attentive,,0.000000,0.375000,1.120022,0.520022,0.000000,0.000000,0.000000,0.000000,0.000000,0.000000,0.000000,0.520022,0.520022,0.520022,0.520022,0.000000,horizon_mpc_secbf,8,0.583526,true,osqp,optimal,50,3.811715,0,1.133545,geometric,false,0.744308,0.092227,0.735593,-0.082276,,,0.740180,0.023706,2.441025,2.129908
local_crowding,context_bl,EESM-MPC-ECBF,39,3.900,0.159816,-0.620140,0.735593,-0.082276,-0.111387,-0.084000,0.538000,-0.060000,0.420000,adult,walking,attentive,,0.000000,0.375000,1.183526,0.583526,0.000000,0.000000,0.000000,0.000000,0.000000,0.000000,0.000000,0.583526,0.583526,0.583526,0.583526,0.000000,horizon_mpc_secbf,8,0.648567,true,osqp,optimal,50,4.009699,0,1.215407,geometric,false,0.743511,0.098448,0.735593,-0.058241,,,0.737895,0.024036,2.514815,2.057991
local_crowding,context_bl,EESM-MPC-ECBF,40,4.000,0.233375,-0.625964,0.735593,-0.058241,-0.079010,-0.090000,0.580000,-0.060000,0.420000,adult,walking,attentive,,0.000000,0.375000,1.248567,0.648567,0.000000,0.000000,0.000000,0.000000,0.000000,0.000000,0.000000,0.648567,0.648567,0.648567,0.648567,0.000000,horizon_mpc_secbf,8,0.714646,true,osqp,optimal,50,4.278390,0,1.293237,geometric,false,0.742723,0.104222,0.735592,-0.034109,,,0.736383,0.024132,2.588453,1.985893
local_crowding,context_bl,EESM-MPC-ECBF,41,4.100,0.306934,-0.629375,0.735592,-0.034109,-0.046336,-0.096000,0.622000,-0.060000,0.420000,adult,walking,attentive,,0.000000,0.375000,1.314646,0.714646,0.000000,0.000000,0.000000,0.000000,0.000000,0.000000,0.000000,0.714646,0.714646,0.714646,0.714646,0.000000,horizon_mpc_secbf,8,0.781386,true,osqp,optimal,50,5.709243,0,1.367875,geometric,false,0.741964,0.109497,0.735591,-0.010082,,,0.735660,0.024027,2.662019,1.913569
local_crowding,context_bl,EESM-MPC-ECBF,42,4.200,0.380494,-0.630383,0.735591,-0.010082,-0.013705,-0.102000,0.664000,-0.060000,0.420000,adult,walking,attentive,,0.000000,0.375000,1.381386,0.781386,0.000000,0.000000,0.000000,0.000000,0.000000,0.000000,0.000000,0.781386,0.781386,0.781386,0.781386,0.000000,horizon_mpc_secbf,8,0.848507,true,osqp,optimal,75,4.661418,0,1.440016,geometric,false,0.741251,0.114225,0.735589,0.013663,,,0.735716,0.023745,2.735591,1.840983
local_crowding,context_bl,EESM-MPC-ECBF,43,4.300,0.454052,-0.629016,0.735589,0.013663,0.018573,-0.108000,0.706000,-0.060000,0.420000,adult,walking,attentive,,0.000000,0.375000,1.448507,0.848507,0.000000,0.000000,0.000000,0.000000,0.000000,0.000000,0.000000,0.848507,0.848507,0.848507,0.848507,0.000000,horizon_mpc_secbf,8,0.915807,true,osqp,optimal,75,4.076082,0,1.510234,geometric,false,0.740603,0.118354,0.735589,0.036968,,,0.736518,0.023305,2.809242,1.768102
local_crowding,context_bl,EESM-MPC-ECBF,44,4.400,0.527611,-0.625320,0.735589,0.036968,0.050214,-0.114000,0.748000,-0.060000,0.420000,adult,walking,attentive,,0.000000,0.375000,1.515807,0.915807,0.000000,0.000000,0.000000,0.000000,0.000000,0.000000,0.000000,0.915807,0.915807,0.915807,0.915807,0.000000,horizon_mpc_secbf,8,0.983148,true,osqp,optimal,75,4.274503,0,1.579010,geometric,false,0.740039,0.121830,0.735589,0.059685,,,0.738007,0.022717,2.883043,1.694900
local_crowding,context_bl,EESM-MPC-ECBF,45,4.500,0.601170,-0.619351,0.735589,0.059685,0.080962,-0.120000,0.790000,-0.060000,0.420000,adult,walking,attentive,,0.000000,0.375000,1.583148,0.983148,0.000000,0.000000,0.000000,0.000000,0.000000,0.000000,0.000000,0.983148,0.983148,0.983148,0.983148,0.000000,horizon_mpc_secbf,8,1.050441,true,osqp,optimal,75,4.249557,0,1.646776,geometric,false,0.739578,0.124595,0.735589,0.081642,,,0.740106,0.021957,2.957054,1.621359
local_crowding,context_bl,EESM-MPC-ECBF,46,4.600,0.674729,-0.611187,0.735589,0.081642,0.110536,-0.126000,0.832000,-0.060000,0.420000,adult,walking,attentive,,0.000000,0.375000,1.650441,1.050441,0.000000,0.000000,0.000000,0.000000,0.000000,0.000000,0.000000,1.050441,1.050441,1.050441,1.050441,0.000000,horizon_mpc_secbf,8,1.117661,true,osqp,optimal,75,3.968537,0,1.714095,geometric,false,0.739240,0.126587,0.735590,0.102460,,,0.742691,0.020819,3.031323,1.547472
local_crowding,context_bl,EESM-MPC-ECBF,47,4.700,0.748288,-0.600941,0.735590,0.102460,0.138400,-0.132000,0.874000,-0.060000,0.420000,adult,walking,attentive,,0.000000,0.375000,1.717661,1.117661,0.000000,0.000000,0.000000,0.000000,0.000000,0.000000,0.000000,1.117661,1.117661,1.117661,1.117661,0.000000,horizon_mpc_secbf,8,1.184938,true,osqp,optimal,75,4.601311,0,1.782573,geometric,false,0.739040,0.127749,0.735590,0.120500,,,0.745394,0.018040,3.105862,1.473241
local_crowding,context_bl,EESM-MPC-ECBF,48,4.800,0.821847,-0.588891,0.735590,0.120500,0.162372,-0.138000,0.916000,-0.060000,0.420000,adult,walking,attentive,,0.000000,0.375000,1.784938,1.184938,0.000000,0.000000,0.000000,0.000000,0.000000,0.000000,0.000000,1.184938,1.184938,1.184938,1.184938,0.000000,horizon_mpc_secbf,8,1.253152,true,osqp,optimal,75,4.320484,0,1.859969,geometric,false,0.738980,0.128096,0.735590,0.126793,,,0.746437,0.006293,3.180506,1.398704
local_crowding,context_bl,EESM-MPC-ECBF,49,4.900,0.895406,-0.576212,0.735590,0.126793,0.170692,-0.144000,0.958000,-0.060000,0.420000,adult,walking,attentive,,0.000000,0.375000,1.853152,1.253152,0.000000,0.000000,0.000000,0.000000,0.000000,0.000000,0.000000,1.253152,1.253152,1.253152,1.253152,0.000000,horizon_mpc_secbf,8,1.322594,true,osqp,optimal,75,4.332076,0,1.941210,geometric,false,0.738973,0.128135,0.735590,0.127905,,,0.746627,0.001112,3.255169,1.324061
local_crowding,context_bl,EESM-MPC-ECBF,50,5.000,0.968965,-0.563421,0.735590,0.127905,0.172160,-0.150000,1.000000,-0.060000,0.420000,adult,walking,attentive,,0.000000,0.375000,1.922594,1.322594,0.000000,0.000000,0.000000,0.000000,0.000000,0.000000,0.000000,1.322594,1.322594,1.322594,1.322594,0.000000,horizon_mpc_secbf,8,1.393208,true,osqp,optimal,75,3.369726,0,2.023019,geometric,false,0.738977,0.128114,0.735590,0.128079,,,0.746657,0.000174,3.329834,1.249398
local_crowding,context_bl,EESM-MPC-ECBF,51,5.100,1.042524,-0.550613,0.735590,0.128079,0.172390,-0.156000,1.042000,-0.060000,0.420000,adult,walking,attentive,,0.000000,0.375000,1.993208,1.393208,0.000000,0.000000,0.000000,0.000000,0.000000,0.000000,0.000000,1.393208,1.393208,1.393208,1.393208,0.000000,horizon_mpc_secbf,8,1.464885,true,osqp,optimal,75,3.367343,0,2.104848,geometric,false,0.738983,0.128080,0.735590,0.128081,,,0.746658,0.000002,3.404500,1.174732
local_crowding,context_bl,EESM-MPC-ECBF,52,5.200,1.116083,-0.537805,0.735590,0.128081,0.172392,-0.162000,1.084000,-0.060000,0.420000,adult,walking,attentive,,0.000000,0.375000,2.064885,1.464885,0.000000,0.000000,0.000000,0.000000,0.000000,0.000000,0.000000,1.464885,1.464885,1.464885,1.464885,0.000000,horizon_mpc_secbf,8,1.537520,true,osqp,optimal,75,3.410363,0,2.186628,geometric,false,0.738989,0.128041,0.735590,0.128050,,,0.746653,0.000032,3.479165,1.100067
local_crowding,context_bl,EESM-MPC-ECBF,53,5.300,1.189642,-0.525000,0.735590,0.128050,0.172350,-0.168000,1.126000,-0.060000,0.420000,adult,walking,attentive,,0.000000,0.375000,2.137520,1.537520,0.000000,0.000000,0.000000,0.000000,0.000000,0.000000,0.000000,1.537520,1.537520,1.537520,1.537520,0.000000,horizon_mpc_secbf,8,1.611022,true,osqp,optimal,75,4.249971,0,2.268369,geometric,false,0.738997,0.127999,0.735591,0.128009,,,0.746646,0.000040,3.553830,1.025401
local_crowding,context_bl,EESM-MPC-ECBF,54,5.400,1.263201,-0.512199,0.735591,0.128009,0.172297,-0.174000,1.168000,-0.060000,0.420000,adult,walking,attentive,,0.000000,0.375000,2.211022,1.611022,0.000000,0.000000,0.000000,0.000000,0.000000,0.000000,0.000000,1.611022,1.611022,1.611022,1.611022,0.000000,horizon_mpc_secbf,8,1.685305,true,osqp,optimal,75,3.550919,0,2.350093,geometric,false,0.739005,0.127953,0.735591,0.127964,,,0.746638,0.000045,3.628494,0.950737
local_crowding,context_bl,EESM-MPC-ECBF,55,5.500,1.336760,-0.499403,0.735591,0.127964,0.172237,-0.180000,1.210000,-0.060000,0.420000,adult,walking,attentive,,0.000000,0.375000,2.285305,1.685305,0.000000,0.000000,0.000000,0.000000,0.000000,0.000000,0.000000,1.685305,1.685305,1.685305,1.685305,0.000000,horizon_mpc_secbf,8,1.760298,true,osqp,optimal,75,3.788013,0,2.431820,geometric,false,0.739013,0.127903,0.735591,0.127915,,,0.746630,0.000049,3.703157,0.876073
local_crowding,context_bl,EESM-MPC-ECBF,56,5.600,1.410320,-0.486611,0.735591,0.127915,0.172172,-0.186000,1.252000,-0.060000,0.420000,adult,walking,attentive,,0.000000,0.375000,2.360298,1.760298,0.000000,0.000000,0.000000,0.000000,0.000000,0.000000,0.000000,1.760298,1.760298,1.760298,1.760298,0.000000,horizon_mpc_secbf,8,1.835934,true,osqp,optimal,75,5.851636,0,2.513565,geometric,false,0.739023,0.127848,0.735592,0.127860,,,0.746621,0.000054,3.777819,0.801410
local_crowding,context_bl,EESM-MPC-ECBF,57,5.700,1.483879,-0.473825,0.735592,0.127860,0.172100,-0.192000,1.294000,-0.060000,0.420000,adult,walking,attentive,,0.000000,0.375000,2.435934,1.835934,0.000000,0.000000,0.000000,0.000000,0.000000,0.000000,0.000000,1.835934,1.835934,1.835934,1.835934,0.000000,horizon_mpc_secbf,8,1.912157,true,osqp,optimal,75,4.772872,0,2.595344,geometric,false,0.739033,0.127787,0.735592,0.127800,,,0.746611,0.000060,3.852480,0.726748
local_crowding,context_bl,EESM-MPC-ECBF,58,5.800,1.557438,-0.461045,0.735592,0.127800,0.172021,-0.198000,1.336000,-0.060000,0.420000,adult,walking,attentive,,0.000000,0.375000,2.512157,1.912157,0.000000,0.000000,0.000000,0.000000,0.000000,0.000000,0.000000,1.912157,1.912157,1.912157,1.912157,0.000000,horizon_mpc_secbf,8,1.988915,true,osqp,optimal,75,4.449147,0,2.677168,geometric,false,0.739045,0.127719,0.735592,0.127733,,,0.746600,0.000067,3.927140,0.652087
local_crowding,context_bl,EESM-MPC-ECBF,59,5.900,1.630997,-0.448272,0.735592,0.127733,0.171933,-0.204000,1.378000,-0.060000,0.420000,adult,walking,attentive,,0.000000,0.375000,2.588915,1.988915,0.000000,0.000000,0.000000,0.000000,0.000000,0.000000,0.000000,1.988915,1.988915,1.988915,1.988915,0.000000,horizon_mpc_secbf,8,2.066164,true,osqp,optimal,75,4.605407,0,2.759047,geometric,false,0.739059,0.127642,0.735592,0.127658,,,0.746587,0.000076,4.001799,0.577427
local_crowding,context_bl,EESM-MPC-ECBF,60,6.000,1.704556,-0.435506,0.735592,0.127658,0.171833,-0.210000,1.420000,-0.060000,0.420000,adult,walking,attentive,,0.000000,0.375000,2.666164,2.066164,0.000000,0.000000,0.000000,0.000000,0.000000,0.000000,0.000000,2.066164,2.066164,2.066164,2.066164,0.000000,horizon_mpc_secbf,8,2.143861,true,osqp,optimal,75,4.492384,0,2.840989,geometric,false,0.739074,0.127553,0.735592,0.127571,,,0.746572,0.000087,4.076456,0.502768
local_crowding,context_bl,EESM-MPC-ECBF,61,6.100,1.778116,-0.422749,0.735592,0.127571,0.171718,-0.216000,1.462000,-0.060000,0.420000,adult,walking,attentive,,0.000000,0.375000,2.743861,2.143861,0.000000,0.000000,0.000000,0.000000,0.000000,0.000000,0.000000,2.143861,2.143861,2.143861,2.143861,0.000000,horizon_mpc_secbf,8,2.221973,true,osqp,optimal,75,3.523879,0,2.923001,geometric,false,0.739092,0.127448,0.735592,0.127469,,,0.746555,0.000102,4.151112,0.428111
local_crowding,context_bl,EESM-MPC-ECBF,62,6.200,1.851675,-0.410002,0.735592,0.127469,0.171583,-0.222000,1.504000,-0.060000,0.420000,adult,walking,attentive,,0.000000,0.375000,2.821973,2.221973,0.000000,0.000000,0.000000,0.000000,0.000000,0.000000,0.000000,2.221973,2.221973,2.221973,2.221973,0.000000,horizon_mpc_secbf,8,2.300466,true,osqp,optimal,75,4.050235,0,3.005093,geometric,false,0.739114,0.127319,0.735592,0.127344,,,0.746533,0.000124,4.225765,0.353455
local_crowding,context_bl,EESM-MPC-ECBF,63,6.300,1.925234,-0.397268,0.735592,0.127344,0.171419,-0.228000,1.546000,-0.060000,0.420000,adult,walking,attentive,,0.000000,0.375000,2.900466,2.300466,0.000000,0.000000,0.000000,0.000000,0.000000,0.000000,0.000000,2.300466,2.300466,2.300466,2.300466,0.000000,horizon_mpc_secbf,8,2.379315,true,osqp,optimal,75,4.122067,0,3.087275,geometric,false,0.739143,0.127154,0.735592,0.127186,,,0.746506,0.000158,4.300416,0.278802
local_crowding,context_bl,EESM-MPC-ECBF,64,6.400,1.998793,-0.384549,0.735592,0.127186,0.171210,-0.234000,1.588000,-0.060000,0.420000,adult,walking,attentive,,0.000000,0.375000,2.979315,2.379315,0.000000,0.000000,0.000000,0.000000,0.000000,0.000000,0.000000,2.379315,2.379315,2.379315,2.379315,0.000000,horizon_mpc_secbf,8,2.458494,true,osqp,optimal,75,4.229626,0,3.169567,geometric,false,0.739182,0.126925,0.735592,0.126969,,,0.746469,0.000217,4.375062,0.204152
local_crowding,context_bl,EESM-MPC-ECBF,65,6.500,2.072352,-0.371852,0.735592,0.126969,0.170923,-0.240000,1.630000,-0.060000,0.420000,adult,walking,attentive,,0.000000,0.375000,3.058494,2.458494,0.000000,0.000000,0.000000,0.000000,0.000000,0.000000,0.000000,2.458494,2.458494,2.458494,2.458494,0.000000,horizon_mpc_secbf,8,2.537989,true,osqp,optimal,75,3.210924,0,3.252017,geometric,false,0.739246,0.126553,0.735592,0.126623,,,0.746410,0.000345,4.449704,0.129505
local_crowding,context_bl,EESM-MPC-ECBF,66,6.600,2.145911,-0.359190,0.735592,0.126623,0.170468,-0.246000,1.672000,-0.060000,0.420000,adult,walking,attentive,,0.000000,0.375000,3.137989,2.537989,0.000000,0.000000,0.000000,0.000000,0.000000,0.000000,0.000000,2.537989,2.537989,2.537989,2.537989,0.000000,horizon_mpc_secbf,8,2.607232,true,osqp,optimal,75,3.544883,0,3.229993,geometric,false,0.540885,0.091899,0.574292,0.097857,,,0.582569,0.163845,4.507960,0.054864
local_crowding,context_bl,EESM-MPC-ECBF,67,6.700,2.203341,-0.349404,0.574292,0.097857,0.168775,-0.252000,1.714000,-0.060000,0.420000,adult,walking,attentive,,0.000000,0.375000,3.207232,2.607232,0.000000,0.000000,0.000000,0.000000,0.000000,0.000000,0.000000,2.607232,2.607232,2.607232,2.607232,0.000000,horizon_mpc_secbf,8,2.639029,true,osqp,optimal,75,3.319114,0,2.923969,geometric,false,-0.033406,-0.005958,0.000135,-0.000759,,,0.000771,0.582564,4.508038,0.003393
local_crowding,context_bl,EESM-MPC-ECBF,68,6.800,2.203354,-0.349480,0.000135,-0.000759,-1.394458,-0.258000,1.756000,-0.060000,0.420000,adult,walking,attentive,,0.000000,0.375000,3.239029,2.639029,0.000000,0.000000,0.000000,0.000000,0.000000,0.000000,0.000000,2.639029,2.639029,2.639029,2.639029,0.000000,horizon_mpc_secbf,8,2.669208,true,osqp,optimal,50,4.201356,0,2.939429,geometric,false,-0.033541,-0.005199,-0.027761,-0.004440,,,0.028113,0.028138,4.510849,0.003394
local_crowding,context_bl,EESM-MPC-ECBF,69,6.900,2.200578,-0.349924,-0.027761,-0.004440,-2.983007,-0.264000,1.798000,-0.060000,0.420000,adult,walking,attentive,,0.000000,0.375000,3.269208,2.669208,0.000000,0.000000,0.000000,0.000000,0.000000,0.000000,0.000000,2.669208,2.669208,2.669208,2.669208,0.000000,horizon_mpc_secbf,8,2.700820,true,osqp,optimal,50,4.136710,0,2.984101,geometric,false,-0.005781,-0.000759,-0.009551,-0.001391,,,0.009652,0.018463,4.511814,0.000583
local_crowding,context_bl,EESM-MPC-ECBF,70,7.000,2.199623,-0.350063,-0.009551,-0.001391,-2.996963,-0.270000,1.840000,-0.060000,0.420000,adult,walking,attentive,,0.000000,0.375000,3.300820,2.700820,0.000000,0.000000,0.000000,0.000000,0.000000,0.000000,0.000000,2.700820,2.700820,2.700820,2.700820,0.000000,horizon_mpc_secbf,8,2.733380,true,osqp,optimal,50,3.913252,0,3.025299,geometric,false,0.003770,0.000632,0.001484,0.000285,,,0.001512,0.011162,4.511965,0.000382
local_crowding,context_bl,EESM-MPC-ECBF,71,7.100,2.199771,-0.350035,0.001484,0.000285,0.189857,-0.276000,1.882000,-0.060000,0.420000,adult,walking,attentive,,0.000000,0.375000,3.333380,2.733380,0.000000,0.000000,0.000000,0.000000,0.000000,0.000000,0.000000,2.733380,2.733380,2.733380,2.733380,0.000000,horizon_mpc_secbf,8,2.766205,true,osqp,optimal,50,4.539889,0,3.060546,geometric,false,0.002286,0.000347,0.002148,0.000336,,,0.002174,0.000666,4.512183,0.000231
local_crowding,context_bl,EESM-MPC-ECBF,72,7.200,2.199986,-0.350001,0.002148,0.000336,0.155373,-0.282000,1.924000,-0.060000,0.420000,adult,walking,attentive,,0.000000,0.375000,3.366205,2.766205,0.000000,0.000000,0.000000,0.000000,0.000000,0.000000,0.000000,2.766205,2.766205,2.766205,2.766205,0.000000,horizon_mpc_secbf,8,2.799139,true,osqp,optimal,25,3.940057,0,3.094480,geometric,false,0.000138,0.000010,0.000481,0.000068,,,0.000486,0.001689,4.512231,0.000014
local_crowding,context_bl,EESM-MPC-ECBF,73,7.300,2.200034,-0.349994,0.000481,0.000068,0.140018,-0.288000,1.966000,-0.060000,0.420000,adult,walking,attentive,,0.000000,0.375000,3.399139,2.799139,0.000000,0.000000,0.000000,0.000000,0.000000,0.000000,0.000000,2.799139,2.799139,2.799139,2.799139,0.000000,horizon_mpc_secbf,8,2.832239,true,osqp,optimal,25,2.957353,0,3.129102,geometric,false,-0.000343,-0.000057,-0.000200,-0.000038,,,0.000203,0.000689,4.512252,0.000035
local_crowding,context_bl,EESM-MPC-ECBF,74,7.400,2.200014,-0.349998,-0.000200,-0.000038,-2.953650,-0.294000,2.008000,-0.060000,0.420000,adult,walking,attentive,,0.000000,0.375000,3.432239,2.832239,0.000000,0.000000,0.000000,0.000000,0.000000,0.000000,0.000000,2.832239,2.832239,2.832239,2.832239,0.000000,horizon_mpc_secbf,8,2.865544,true,osqp,optimal,25,2.975446,0,3.164289,geometric,false,-0.000144,-0.000019,-0.000152,-0.000024,,,0.000154,0.000050,4.512267,0.000014
local_crowding,context_bl,EESM-MPC-ECBF,75,7.500,2.199999,-0.350000,-0.000152,-0.000024,-2.987778,-0.300000,2.050000,-0.060000,0.420000,adult,walking,attentive,,0.000000,0.375000,3.465544,2.865544,0.000000,0.000000,0.000000,0.000000,0.000000,0.000000,0.000000,2.865544,2.865544,2.865544,2.865544,0.000000,horizon_mpc_secbf,8,2.899056,true,osqp,optimal,25,3.882811,0,3.199684,geometric,false,0.000009,0.000004,-0.000003,0.000007,,,0.000008,0.000152,4.512268,0.000001
local_crowding,context_bl,EESM-MPC-ECBF,76,7.600,2.199999,-0.350000,-0.000003,0.000007,2.020169,-0.306000,2.092000,-0.060000,0.420000,adult,walking,attentive,,0.000000,0.375000,3.499056,2.899056,0.000000,0.000000,0.000000,0.000000,0.000000,0.000000,0.000000,2.899056,2.899056,2.899056,2.899056,0.000000,horizon_mpc_secbf,8,2.932761,true,osqp,optimal,25,3.602737,0,3.235154,geometric,false,0.000012,-0.000003,0.000009,-0.000001,,,0.000009,0.000015,4.512269,0.000001
local_crowding,context_bl,EESM-MPC-ECBF,77,7.700,2.200000,-0.350000,0.000009,-0.000001,-0.103200,-0.312000,2.134000,-0.060000,0.420000,adult,walking,attentive,,0.000000,0.375000,3.532761,2.932761,0.000000,0.000000,0.000000,0.000000,0.000000,0.000000,0.000000,2.932761,2.932761,2.932761,2.932761,0.000000,horizon_mpc_secbf,8,2.966651,true,osqp,optimal,25,3.546428,0,3.270744,geometric,false,0.000003,-0.000002,0.000004,-0.000002,,,0.000004,0.000006,4.512269,0.000000
local_crowding,context_bl,EESM-MPC-ECBF,78,7.800,2.200000,-0.350000,0.000004,-0.000002,-0.389954,-0.318000,2.176000,-0.060000,0.420000,adult,walking,attentive,,0.000000,0.375000,3.566651,2.966651,0.000000,0.000000,0.000000,0.000000,0.000000,0.000000,0.000000,2.966651,2.966651,2.966651,2.966651,0.000000,horizon_mpc_secbf,8,3.000722,true,osqp,optimal,25,4.506007,0,3.306466,geometric,false,-0.000001,-0.000000,-0.000000,-0.000000,,,0.000000,0.000004,4.512269,0.000000
local_crowding,context_bl,EESM-MPC-ECBF,79,7.900,2.200000,-0.350000,-0.000000,-0.000000,-2.110526,-0.324000,2.218000,-0.060000,0.420000,adult,walking,attentive,,0.000000,0.375000,3.600722,3.000722,0.000000,0.000000,0.000000,0.000000,0.000000,0.000000,0.000000,3.000722,3.000722,3.000722,3.000722,0.000000,horizon_mpc_secbf,8,3.034969,true,osqp,optimal,25,4.047252,0,3.342320,geometric,false,-0.000001,0.000000,-0.000001,0.000000,,,0.000001,0.000001,4.512269,0.000000
local_crowding,context_bl,EESM-MPC-ECBF,80,8.000,2.200000,-0.350000,-0.000001,0.000000,2.973263,-0.330000,2.260000,-0.060000,0.420000,adult,walking,attentive,,0.000000,0.375000,3.634969,3.034969,0.000000,0.000000,0.000000,0.000000,0.000000,0.000000,0.000000,3.034969,3.034969,3.034969,3.034969,0.000000,horizon_mpc_secbf,8,3.069387,true,osqp,optimal,25,4.423107,0,3.378301,geometric,false,-0.000000,0.000000,-0.000000,0.000000,,,0.000000,0.000001,4.512269,0.000000
local_crowding,context_bl,EESM-MPC-ECBF,81,8.100,2.200000,-0.350000,-0.000000,0.000000,2.637771,-0.336000,2.302000,-0.060000,0.420000,adult,walking,attentive,,0.000000,0.375000,3.669387,3.069387,0.000000,0.000000,0.000000,0.000000,0.000000,0.000000,0.000000,3.069387,3.069387,3.069387,3.069387,0.000000,horizon_mpc_secbf,8,3.103971,true,osqp,optimal,25,3.563854,0,3.414404,geometric,false,0.000000,0.000000,0.000000,0.000000,,,0.000000,0.000000,4.512269,0.000000
local_crowding,context_bl,EESM-MPC-ECBF,82,8.200,2.200000,-0.350000,0.000000,0.000000,0.402375,-0.342000,2.344000,-0.060000,0.420000,adult,walking,attentive,,0.000000,0.375000,3.703971,3.103971,0.000000,0.000000,0.000000,0.000000,0.000000,0.000000,0.000000,3.103971,3.103971,3.103971,3.103971,0.000000,horizon_mpc_secbf,8,3.138716,true,osqp,optimal,25,3.130561,0,3.450626,geometric,false,0.000000,-0.000000,0.000000,-0.000000,,,0.000000,0.000000,4.512269,0.000000
local_crowding,context_bl,EESM-MPC-ECBF,83,8.300,2.200000,-0.350000,0.000000,-0.000000,-0.235771,-0.348000,2.386000,-0.060000,0.420000,adult,walking,attentive,,0.000000,0.375000,3.738716,3.138716,0.000000,0.000000,0.000000,0.000000,0.000000,0.000000,0.000000,3.138716,3.138716,3.138716,3.138716,0.000000,horizon_mpc_secbf,8,3.173619,true,osqp,optimal,25,4.133078,0,3.486964,geometric,false,0.000000,0.000000,0.000000,-0.000000,,,0.000000,0.000000,4.512269,0.000000
local_crowding,context_bl,EESM-MPC-ECBF,84,8.400,2.200000,-0.350000,0.000000,-0.000000,-0.235534,-0.354000,2.428000,-0.060000,0.420000,adult,walking,attentive,,0.000000,0.375000,3.773619,3.173619,0.000000,0.000000,0.000000,0.000000,0.000000,0.000000,0.000000,3.173619,3.173619,3.173619,3.173619,0.000000,horizon_mpc_secbf,8,3.208674,true,osqp,optimal,25,3.304340,0,3.523416,geometric,false,0.000000,0.000000,0.000000,-0.000000,,,0.000000,0.000000,4.512269,0.000000
local_crowding,context_bl,EESM-MPC-ECBF,85,8.500,2.200000,-0.350000,0.000000,-0.000000,-0.235298,-0.360000,2.470000,-0.060000,0.420000,adult,walking,attentive,,0.000000,0.375000,3.808674,3.208674,0.000000,0.000000,0.000000,0.000000,0.000000,0.000000,0.000000,3.208674,3.208674,3.208674,3.208674,0.000000,horizon_mpc_secbf,8,3.243878,true,osqp,optimal,25,3.855640,0,3.559978,geometric,false,-0.000000,-0.000000,-0.000000,-0.000000,,,0.000000,0.000000,4.512269,0.000000
local_crowding,context_bl,EESM-MPC-ECBF,86,8.600,2.200000,-0.350000,-0.000000,-0.000000,-2.634720,-0.366000,2.512000,-0.060000,0.420000,adult,walking,attentive,,0.000000,0.375000,3.843878,3.243878,0.000000,0.000000,0.000000,0.000000,0.000000,0.000000,0.000000,3.243878,3.243878,3.243878,3.243878,0.000000,horizon_mpc_secbf,8,3.279227,true,osqp,optimal,25,3.556693,0,3.596647,geometric,false,0.000000,0.000000,-0.000000,-0.000000,,,0.000000,0.000000,4.512269,0.000000
local_crowding,context_bl,EESM-MPC-ECBF,87,8.700,2.200000,-0.350000,-0.000000,-0.000000,-2.634720,-0.372000,2.554000,-0.060000,0.420000,adult,walking,attentive,,0.000000,0.375000,3.879227,3.279227,0.000000,0.000000,0.000000,0.000000,0.000000,0.000000,0.000000,3.279227,3.279227,3.279227,3.279227,0.000000,horizon_mpc_secbf,8,3.314716,true,osqp,optimal,25,3.744093,0,3.633421,geometric,false,0.000000,0.000000,0.000000,-0.000000,,,0.000000,0.000000,4.512269,0.000000
local_crowding,context_bl,EESM-MPC-ECBF,88,8.800,2.200000,-0.350000,0.000000,-0.000000,-2.634720,-0.378000,2.596000,-0.060000,0.420000,adult,walking,attentive,,0.000000,0.375000,3.914716,3.314716,0.000000,0.000000,0.000000,0.000000,0.000000,0.000000,0.000000,3.314716,3.314716,3.314716,3.314716,0.000000,horizon_mpc_secbf,8,3.350342,true,osqp,optimal,25,4.252262,0,3.670297,geometric,false,0.000000,0.000000,0.000000,-0.000000,,,0.000000,0.000000,4.512269,0.000000
local_crowding,context_bl,EESM-MPC-ECBF,89,8.900,2.200000,-0.350000,0.000000,-0.000000,-2.634720,-0.384000,2.638000,-0.060000,0.420000,adult,walking,attentive,,0.000000,0.375000,3.950342,3.350342,0.000000,0.000000,0.000000,0.000000,0.000000,0.000000,0.000000,3.350342,3.350342,3.350342,3.350342,0.000000,horizon_mpc_secbf,8,3.386101,true,osqp,optimal,25,3.692303,0,3.707273,geometric,false,0.000000,0.000000,0.000000,-0.000000,,,0.000000,0.000000,4.512269,0.000000
local_crowding,context_bl,EESM-MPC-ECBF,90,9.000,2.200000,-0.350000,0.000000,-0.000000,-2.634720,-0.390000,2.680000,-0.060000,0.420000,adult,walking,attentive,,0.000000,0.375000,3.986101,3.386101,0.000000,0.000000,0.000000,0.000000,0.000000,0.000000,0.000000,3.386101,3.386101,3.386101,3.386101,0.000000,horizon_mpc_secbf,8,3.421990,true,osqp,optimal,25,4.005323,0,3.744346,geometric,false,0.000000,0.000000,0.000000,-0.000000,,,0.000000,0.000000,4.512269,0.000000
local_crowding,context_bl,EESM-MPC-ECBF,91,9.100,2.200000,-0.350000,0.000000,-0.000000,-2.634720,-0.396000,2.722000,-0.060000,0.420000,adult,walking,attentive,,0.000000,0.375000,4.021990,3.421990,0.000000,0.000000,0.000000,0.000000,0.000000,0.000000,0.000000,3.421990,3.421990,3.421990,3.421990,0.000000,horizon_mpc_secbf,8,3.458004,true,osqp,optimal,25,4.327468,0,3.781513,geometric,false,0.000000,0.000000,0.000000,-0.000000,,,0.000000,0.000000,4.512269,0.000000
local_crowding,context_bl,EESM-MPC-ECBF,92,9.200,2.200000,-0.350000,0.000000,-0.000000,-2.634720,-0.402000,2.764000,-0.060000,0.420000,adult,walking,attentive,,0.000000,0.375000,4.058004,3.458004,0.000000,0.000000,0.000000,0.000000,0.000000,0.000000,0.000000,3.458004,3.458004,3.458004,3.458004,0.000000,horizon_mpc_secbf,8,3.494142,true,osqp,optimal,25,3.708573,0,3.818773,geometric,false,0.000000,0.000000,0.000000,-0.000000,,,0.000000,0.000000,4.512269,0.000000
local_crowding,context_bl,EESM-MPC-ECBF,93,9.300,2.200000,-0.350000,0.000000,-0.000000,-2.634720,-0.408000,2.806000,-0.060000,0.420000,adult,walking,attentive,,0.000000,0.375000,4.094142,3.494142,0.000000,0.000000,0.000000,0.000000,0.000000,0.000000,0.000000,3.494142,3.494142,3.494142,3.494142,0.000000,horizon_mpc_secbf,8,3.530399,true,osqp,optimal,25,4.175572,0,3.856123,geometric,false,0.000000,0.000000,0.000000,-0.000000,,,0.000000,0.000000,4.512269,0.000000
local_crowding,context_bl,EESM-MPC-ECBF,94,9.400,2.200000,-0.350000,0.000000,-0.000000,-2.634720,-0.414000,2.848000,-0.060000,0.420000,adult,walking,attentive,,0.000000,0.375000,4.130399,3.530399,0.000000,0.000000,0.000000,0.000000,0.000000,0.000000,0.000000,3.530399,3.530399,3.530399,3.530399,0.000000,horizon_mpc_secbf,8,3.566773,true,osqp,optimal,25,4.786803,0,3.893560,geometric,false,0.000000,0.000000,0.000000,-0.000000,,,0.000000,0.000000,4.512269,0.000000
local_crowding,context_bl,EESM-MPC-ECBF,95,9.500,2.200000,-0.350000,0.000000,-0.000000,-2.634720,-0.420000,2.890000,-0.060000,0.420000,adult,walking,attentive,,0.000000,0.375000,4.166773,3.566773,0.000000,0.000000,0.000000,0.000000,0.000000,0.000000,0.000000,3.566773,3.566773,3.566773,3.566773,0.000000,horizon_mpc_secbf,8,3.603261,true,osqp,optimal,25,5.025740,0,3.931084,geometric,false,0.000000,0.000000,0.000000,-0.000000,,,0.000000,0.000000,4.512269,0.000000
local_crowding,context_bl,EESM-MPC-ECBF,96,9.600,2.200000,-0.350000,0.000000,-0.000000,-2.634720,-0.426000,2.932000,-0.060000,0.420000,adult,walking,attentive,,0.000000,0.375000,4.203261,3.603261,0.000000,0.000000,0.000000,0.000000,0.000000,0.000000,0.000000,3.603261,3.603261,3.603261,3.603261,0.000000,horizon_mpc_secbf,8,3.639858,true,osqp,optimal,25,4.294754,0,3.968691,geometric,false,0.000000,0.000000,0.000000,-0.000000,,,0.000000,0.000000,4.512269,0.000000
local_crowding,context_bl,EESM-MPC-ECBF,97,9.700,2.200000,-0.350000,0.000000,-0.000000,-2.634720,-0.432000,2.974000,-0.060000,0.420000,adult,walking,attentive,,0.000000,0.375000,4.239858,3.639858,0.000000,0.000000,0.000000,0.000000,0.000000,0.000000,0.000000,3.639858,3.639858,3.639858,3.639858,0.000000,horizon_mpc_secbf,8,3.676564,true,osqp,optimal,25,4.982328,0,4.006380,geometric,false,0.000000,0.000000,0.000000,-0.000000,,,0.000000,0.000000,4.512269,0.000000
local_crowding,context_bl,EESM-MPC-ECBF,98,9.800,2.200000,-0.350000,0.000000,-0.000000,-2.634720,-0.438000,3.016000,-0.060000,0.420000,adult,walking,attentive,,0.000000,0.375000,4.276564,3.676564,0.000000,0.000000,0.000000,0.000000,0.000000,0.000000,0.000000,3.676564,3.676564,3.676564,3.676564,0.000000,horizon_mpc_secbf,8,3.713375,true,osqp,optimal,25,3.100524,0,4.044149,geometric,false,0.000000,0.000000,0.000000,-0.000000,,,0.000000,0.000000,4.512269,0.000000
local_crowding,context_bl,EESM-MPC-ECBF,99,9.900,2.200000,-0.350000,0.000000,-0.000000,-2.634720,-0.444000,3.058000,-0.060000,0.420000,adult,walking,attentive,,0.000000,0.375000,4.313375,3.713375,0.000000,0.000000,0.000000,0.000000,0.000000,0.000000,0.000000,3.713375,3.713375,3.713375,3.713375,0.000000,horizon_mpc_secbf,8,3.750287,true,osqp,optimal,25,4.021384,0,4.081995,geometric,false,0.000000,0.000000,0.000000,-0.000000,,,0.000000,0.000000,4.512269,0.000000
local_crowding,context_bl,EESM-MPC-ECBF,100,10.000,2.200000,-0.350000,0.000000,-0.000000,-2.634720,-0.450000,3.100000,-0.060000,0.420000,adult,walking,attentive,,0.000000,0.375000,4.350287,3.750287,0.000000,0.000000,0.000000,0.000000,0.000000,0.000000,0.000000,3.750287,3.750287,3.750287,3.750287,0.000000,horizon_mpc_secbf,8,3.787300,true,osqp,optimal,25,4.601017,0,4.119918,geometric,false,0.000000,0.000000,0.000000,-0.000000,,,0.000000,0.000000,4.512269,0.000000
local_crowding,context_bl,EESM-MPC-ECBF,101,10.100,2.200000,-0.350000,0.000000,-0.000000,-2.634720,-0.456000,3.142000,-0.060000,0.420000,adult,walking,attentive,,0.000000,0.375000,4.387300,3.787300,0.000000,0.000000,0.000000,0.000000,0.000000,0.000000,0.000000,3.787300,3.787300,3.787300,3.787300,0.000000,horizon_mpc_secbf,8,3.824410,true,osqp,optimal,25,2.991189,0,4.157915,geometric,false,0.000000,0.000000,0.000000,-0.000000,,,0.000000,0.000000,4.512269,0.000000
local_crowding,context_bl,EESM-MPC-ECBF,102,10.200,2.200000,-0.350000,0.000000,-0.000000,-2.634720,-0.462000,3.184000,-0.060000,0.420000,adult,walking,attentive,,0.000000,0.375000,4.424410,3.824410,0.000000,0.000000,0.000000,0.000000,0.000000,0.000000,0.000000,3.824410,3.824410,3.824410,3.824410,0.000000,horizon_mpc_secbf,8,3.861614,true,osqp,optimal,25,3.392814,0,4.195985,geometric,false,0.000000,0.000000,0.000000,-0.000000,,,0.000000,0.000000,4.512269,0.000000
local_crowding,context_bl,EESM-MPC-ECBF,103,10.300,2.200000,-0.350000,0.000000,-0.000000,-2.634720,-0.468000,3.226000,-0.060000,0.420000,adult,walking,attentive,,0.000000,0.375000,4.461614,3.861614,0.000000,0.000000,0.000000,0.000000,0.000000,0.000000,0.000000,3.861614,3.861614,3.861614,3.861614,0.000000,horizon_mpc_secbf,8,3.898911,true,osqp,optimal,25,5.157532,0,4.234125,geometric,false,0.000000,0.000000,0.000000,-0.000000,,,0.000000,0.000000,4.512269,0.000000
local_crowding,context_bl,EESM-MPC-ECBF,104,10.400,2.200000,-0.350000,0.000000,-0.000000,-2.634720,-0.474000,3.268000,-0.060000,0.420000,adult,walking,attentive,,0.000000,0.375000,4.498911,3.898911,0.000000,0.000000,0.000000,0.000000,0.000000,0.000000,0.000000,3.898911,3.898911,3.898911,3.898911,0.000000,horizon_mpc_secbf,8,3.936298,true,osqp,optimal,25,3.365265,0,4.272335,geometric,false,0.000000,0.000000,0.000000,-0.000000,,,0.000000,0.000000,4.512269,0.000000
local_crowding,context_bl,EESM-MPC-ECBF,105,10.500,2.200000,-0.350000,0.000000,-0.000000,-2.634720,-0.480000,3.310000,-0.060000,0.420000,adult,walking,attentive,,0.000000,0.375000,4.536298,3.936298,0.000000,0.000000,0.000000,0.000000,0.000000,0.000000,0.000000,3.936298,3.936298,3.936298,3.936298,0.000000,horizon_mpc_secbf,8,3.973773,true,osqp,optimal,25,2.969285,0,4.310612,geometric,false,0.000000,0.000000,0.000000,-0.000000,,,0.000000,0.000000,4.512269,0.000000
local_crowding,context_bl,EESM-MPC-ECBF,106,10.600,2.200000,-0.350000,0.000000,-0.000000,-2.634720,-0.486000,3.352000,-0.060000,0.420000,adult,walking,attentive,,0.000000,0.375000,4.573773,3.973773,0.000000,0.000000,0.000000,0.000000,0.000000,0.000000,0.000000,3.973773,3.973773,3.973773,3.973773,0.000000,horizon_mpc_secbf,8,4.011334,true,osqp,optimal,25,4.999034,0,4.348956,geometric,false,0.000000,0.000000,0.000000,-0.000000,,,0.000000,0.000000,4.512269,0.000000
local_crowding,context_bl,EESM-MPC-ECBF,107,10.700,2.200000,-0.350000,0.000000,-0.000000,-2.634720,-0.492000,3.394000,-0.060000,0.420000,adult,walking,attentive,,0.000000,0.375000,4.611334,4.011334,0.000000,0.000000,0.000000,0.000000,0.000000,0.000000,0.000000,4.011334,4.011334,4.011334,4.011334,0.000000,horizon_mpc_secbf,8,4.048978,true,osqp,optimal,25,3.409587,0,4.387364,geometric,false,0.000000,0.000000,0.000000,-0.000000,,,0.000000,0.000000,4.512269,0.000000
local_crowding,context_bl,EESM-MPC-ECBF,108,10.800,2.200000,-0.350000,0.000000,-0.000000,-2.634720,-0.498000,3.436000,-0.060000,0.420000,adult,walking,attentive,,0.000000,0.375000,4.648978,4.048978,0.000000,0.000000,0.000000,0.000000,0.000000,0.000000,0.000000,4.048978,4.048978,4.048978,4.048978,0.000000,horizon_mpc_secbf,8,4.086705,true,osqp,optimal,25,3.648472,0,4.425835,geometric,false,0.000000,0.000000,0.000000,-0.000000,,,0.000000,0.000000,4.512269,0.000000
local_crowding,context_bl,EESM-MPC-ECBF,109,10.900,2.200000,-0.350000,0.000000,-0.000000,-2.634720,-0.504000,3.478000,-0.060000,0.420000,adult,walking,attentive,,0.000000,0.375000,4.686705,4.086705,0.000000,0.000000,0.000000,0.000000,0.000000,0.000000,0.000000,4.086705,4.086705,4.086705,4.086705,0.000000,horizon_mpc_secbf,8,4.124511,true,osqp,optimal,25,4.070812,0,4.464369,geometric,false,0.000000,0.000000,0.000000,-0.000000,,,0.000000,0.000000,4.512269,0.000000
local_crowding,context_bl,EESM-MPC-ECBF,110,11.000,2.200000,-0.350000,0.000000,-0.000000,-2.634720,-0.510000,3.520000,-0.060000,0.420000,adult,walking,attentive,,0.000000,0.375000,4.724511,4.124511,0.000000,0.000000,0.000000,0.000000,0.000000,0.000000,0.000000,4.124511,4.124511,4.124511,4.124511,0.000000,horizon_mpc_secbf,8,4.162394,true,osqp,optimal,25,3.261080,0,4.502962,geometric,false,0.000000,0.000000,0.000000,-0.000000,,,0.000000,0.000000,4.512269,0.000000
local_crowding,context_bl,EESM-MPC-ECBF,111,11.100,2.200000,-0.350000,0.000000,-0.000000,-2.634720,-0.516000,3.562000,-0.060000,0.420000,adult,walking,attentive,,0.000000,0.375000,4.762394,4.162394,0.000000,0.000000,0.000000,0.000000,0.000000,0.000000,0.000000,4.162394,4.162394,4.162394,4.162394,0.000000,horizon_mpc_secbf,8,4.200354,true,osqp,optimal,25,4.068188,0,4.541615,geometric,false,0.000000,0.000000,0.000000,-0.000000,,,0.000000,0.000000,4.512269,0.000000
local_crowding,context_bl,EESM-MPC-ECBF,112,11.200,2.200000,-0.350000,0.000000,-0.000000,-2.634720,-0.522000,3.604000,-0.060000,0.420000,adult,walking,attentive,,0.000000,0.375000,4.800354,4.200354,0.000000,0.000000,0.000000,0.000000,0.000000,0.000000,0.000000,4.200354,4.200354,4.200354,4.200354,0.000000,horizon_mpc_secbf,8,4.238388,true,osqp,optimal,25,4.302994,0,4.580326,geometric,false,0.000000,0.000000,0.000000,-0.000000,,,0.000000,0.000000,4.512269,0.000000
local_crowding,context_bl,EESM-MPC-ECBF,113,11.300,2.200000,-0.350000,0.000000,-0.000000,-2.634720,-0.528000,3.646000,-0.060000,0.420000,adult,walking,attentive,,0.000000,0.375000,4.838388,4.238388,0.000000,0.000000,0.000000,0.000000,0.000000,0.000000,0.000000,4.238388,4.238388,4.238388,4.238388,0.000000,horizon_mpc_secbf,8,4.276495,true,osqp,optimal,25,3.934010,0,4.619093,geometric,false,0.000000,0.000000,0.000000,-0.000000,,,0.000000,0.000000,4.512269,0.000000
local_crowding,context_bl,EESM-MPC-ECBF,114,11.400,2.200000,-0.350000,0.000000,-0.000000,-2.634720,-0.534000,3.688000,-0.060000,0.420000,adult,walking,attentive,,0.000000,0.375000,4.876495,4.276495,0.000000,0.000000,0.000000,0.000000,0.000000,0.000000,0.000000,4.276495,4.276495,4.276495,4.276495,0.000000,horizon_mpc_secbf,8,4.314672,true,osqp,optimal,25,3.446162,0,4.657916,geometric,false,0.000000,0.000000,0.000000,-0.000000,,,0.000000,0.000000,4.512269,0.000000
local_crowding,context_bl,EESM-MPC-ECBF,115,11.500,2.200000,-0.350000,0.000000,-0.000000,-2.634720,-0.540000,3.730000,-0.060000,0.420000,adult,walking,attentive,,0.000000,0.375000,4.914672,4.314672,0.000000,0.000000,0.000000,0.000000,0.000000,0.000000,0.000000,4.314672,4.314672,4.314672,4.314672,0.000000,horizon_mpc_secbf,8,4.352918,true,osqp,optimal,25,3.311376,0,4.696793,geometric,false,0.000000,0.000000,0.000000,-0.000000,,,0.000000,0.000000,4.512269,0.000000
local_crowding,context_bl,EESM-MPC-ECBF,116,11.600,2.200000,-0.350000,0.000000,-0.000000,-2.634720,-0.546000,3.772000,-0.060000,0.420000,adult,walking,attentive,,0.000000,0.375000,4.952918,4.352918,0.000000,0.000000,0.000000,0.000000,0.000000,0.000000,0.000000,4.352918,4.352918,4.352918,4.352918,0.000000,horizon_mpc_secbf,8,4.391232,true,osqp,optimal,25,3.564636,0,4.735723,geometric,false,0.000000,0.000000,0.000000,-0.000000,,,0.000000,0.000000,4.512269,0.000000
local_crowding,context_bl,EESM-MPC-ECBF,117,11.700,2.200000,-0.350000,0.000000,-0.000000,-2.634720,-0.552000,3.814000,-0.060000,0.420000,adult,walking,attentive,,0.000000,0.375000,4.991232,4.391232,0.000000,0.000000,0.000000,0.000000,0.000000,0.000000,0.000000,4.391232,4.391232,4.391232,4.391232,0.000000,horizon_mpc_secbf,8,4.429612,true,osqp,optimal,25,3.884945,0,4.774705,geometric,false,0.000000,0.000000,0.000000,-0.000000,,,0.000000,0.000000,4.512269,0.000000
local_crowding,context_bl,EESM-MPC-ECBF,118,11.800,2.200000,-0.350000,0.000000,-0.000000,-2.634720,-0.558000,3.856000,-0.060000,0.420000,adult,walking,attentive,,0.000000,0.375000,5.029612,4.429612,0.000000,0.000000,0.000000,0.000000,0.000000,0.000000,0.000000,4.429612,4.429612,4.429612,4.429612,0.000000,horizon_mpc_secbf,8,4.468057,true,osqp,optimal,25,5.714355,0,4.813737,geometric,false,0.000000,0.000000,0.000000,-0.000000,,,0.000000,0.000000,4.512269,0.000000
local_crowding,context_bl,EESM-MPC-ECBF,119,11.900,2.200000,-0.350000,0.000000,-0.000000,-2.634720,-0.564000,3.898000,-0.060000,0.420000,adult,walking,attentive,,0.000000,0.375000,5.068057,4.468057,0.000000,0.000000,0.000000,0.000000,0.000000,0.000000,0.000000,4.468057,4.468057,4.468057,4.468057,0.000000,horizon_mpc_secbf,8,4.506564,true,osqp,optimal,25,4.649363,0,4.852820,geometric,false,0.000000,0.000000,0.000000,-0.000000,,,0.000000,0.000000,4.512269,0.000000
local_crowding,context_bl,SEESM w/o Feasibility-Preserving Update,0,0.000,-2.200000,-0.350000,0.000000,0.000000,0.000000,0.150000,-1.100000,-0.060000,0.420000,pedestrian,walking,unknown,10.098536,1.000000,0.375000,2.466779,1.866779,0.249000,0.249000,0.249000,0.249000,0.153124,0.402124,0.249000,1.866779,1.713655,1.464655,1.464655,0.000000,horizon_mpc_secbf,8,0.773083,true,osqp,optimal,75,4.894943,0,0.688181,accept,false,0.750000,0.000000,0.621017,0.000000,,,0.621017,0.621017,0.062102,4.400000
local_crowding,context_bl,SEESM w/o Feasibility-Preserving Update,1,0.100,-2.137898,-0.350000,0.621017,0.000000,0.000000,0.144000,-1.058000,-0.060000,0.420000,pedestrian,walking,unknown,2.308990,1.000000,0.375000,2.389210,1.789210,0.289584,0.289584,0.289584,0.289584,0.762629,1.052213,0.040584,1.789210,1.026581,0.736997,0.736997,0.000000,horizon_mpc_secbf,8,0.036652,true,osqp,optimal,75,4.382446,0,-0.138255,accept,false,0.750000,-0.000000,0.726100,0.000000,,,0.726100,0.105084,0.134712,4.337898
local_crowding,context_bl,SEESM w/o Feasibility-Preserving Update,2,0.200,-2.065288,-0.350000,0.726100,0.000000,0.000001,0.138000,-1.016000,-0.060000,0.420000,pedestrian,walking,unknown,1.947079,1.000000,0.375000,2.301746,1.701746,0.298270,0.298270,0.298270,0.298270,0.863366,1.161636,0.008686,1.701746,0.838380,0.540110,0.540110,0.000216,horizon_mpc_secbf,8,-0.000216,true,osqp,optimal,50,4.273422,0,-0.173955,accept,false,0.750000,-0.000000,0.570817,0.038284,,,0.572099,0.159933,0.191922,4.265288
local_crowding,context_bl,SEESM w/o Feasibility-Preserving Update,3,0.300,-2.008207,-0.346172,0.570817,0.038284,0.066968,0.132000,-0.974000,-0.060000,0.420000,pedestrian,walking,unknown,2.287442,1.000000,0.375000,2.230393,1.630393,0.290101,0.290101,0.290101,0.290101,0.701070,0.991172,0.000000,1.630393,0.929323,0.639221,0.639221,0.000081,horizon_mpc_secbf,8,-0.000081,true,osqp,optimal,50,4.362738,0,-0.158136,accept,false,0.750000,-0.000682,0.653569,0.019546,,,0.653861,0.084847,0.257308,4.208208
local_crowding,context_bl,SEESM w/o Feasibility-Preserving Update,4,0.400,-1.942850,-0.344217,0.653569,0.019546,0.029898,0.126000,-0.932000,-0.060000,0.420000,pedestrian,walking,unknown,1.948529,1.000000,0.375000,2.150727,1.550727,0.298235,0.298235,0.298235,0.298235,0.782561,1.080796,0.008134,1.550727,0.768166,0.469931,0.469931,0.000295,horizon_mpc_secbf,8,-0.000295,true,osqp,optimal,50,4.478432,0,-0.163644,accept,false,0.749999,-0.001047,0.493573,0.049079,,,0.496007,0.162699,0.306908,4.142854
local_crowding,context_bl,SEESM w/o Feasibility-Preserving Update,5,0.500,-1.893492,-0.339309,0.493573,0.049079,0.099110,0.120000,-0.890000,-0.060000,0.420000,pedestrian,walking,unknown,2.354234,1.000000,0.375000,2.087442,1.487442,0.288498,0.288498,0.288498,0.288498,0.616496,0.904994,0.000000,1.487442,0.870946,0.582448,0.582448,0.000141,horizon_mpc_secbf,8,-0.000141,true,osqp,optimal,50,3.899786,0,-0.148710,accept,false,0.749997,-0.001959,0.590856,0.027672,,,0.591503,0.099610,0.366059,4.093506
local_crowding,context_bl,SEESM w/o Feasibility-Preserving Update,6,0.600,-1.834407,-0.336542,0.590856,0.027672,0.046800,0.114000,-0.848000,-0.060000,0.420000,pedestrian,walking,unknown,1.939846,1.000000,0.375000,2.014418,1.414418,0.298444,0.298444,0.298444,0.298444,0.711409,1.009853,0.009945,1.414418,0.703009,0.404565,0.404565,0.000366,horizon_mpc_secbf,8,-0.000366,true,osqp,optimal,50,4.277877,0,-0.156390,accept,false,0.749996,-0.002502,0.424038,0.053145,,,0.427355,0.168751,0.408794,4.034429
local_crowding,context_bl,SEESM w/o Feasibility-Preserving Update,7,0.700,-1.792003,-0.331227,0.424038,0.053145,0.124680,0.108000,-0.806000,-0.060000,0.420000,pedestrian,walking,unknown,2.432120,1.000000,0.375000,1.958423,1.358423,0.286629,0.286629,0.286629,0.286629,0.538352,0.824981,0.000000,1.358423,0.820071,0.533442,0.533442,0.000190,horizon_mpc_secbf,8,-0.000190,true,osqp,optimal,50,3.041927,0,-0.141213,accept,false,0.749992,-0.003527,0.538441,0.031201,,,0.539345,0.116489,0.462729,3.992047
local_crowding,context_bl,SEESM w/o Feasibility-Preserving Update,8,0.800,-1.738159,-0.328107,0.538441,0.031201,0.057882,0.102000,-0.764000,-0.060000,0.420000,pedestrian,walking,unknown,1.921410,1.000000,0.375000,1.891081,1.291081,0.298886,0.298886,0.298886,0.298886,0.648471,0.947357,0.012257,1.291081,0.642610,0.343724,0.343724,0.000429,horizon_mpc_secbf,8,-0.000429,true,osqp,optimal,50,3.311318,0,-0.150262,accept,false,0.749988,-0.004169,0.361386,0.053943,,,0.365390,0.178510,0.499268,3.938220
local_crowding,context_bl,SEESM w/o Feasibility-Preserving Update,9,0.900,-1.702020,-0.322713,0.361386,0.053943,0.148174,0.096000,-0.722000,-0.060000,0.420000,adult,walking,attentive,2.530602,1.000000,0.375000,1.841822,1.241822,0.172620,0.172620,0.172620,0.172620,0.464786,0.637406,0.000000,1.241822,0.777035,0.604415,0.604415,0.000084,horizon_mpc_secbf,8,-0.000084,true,osqp,optimal,50,3.532076,0,-0.138636,accept,false,0.749982,-0.005245,0.614149,0.027828,,,0.614779,0.254109,0.560746,3.902116
local_crowding,context_bl,SEESM w/o Feasibility-Preserving Update,10,1.000,-1.640605,-0.319930,0.614149,0.027828,0.045281,0.090000,-0.680000,-0.060000,0.420000,adult,walking,attentive,1.578143,1.000000,0.375000,1.767667,1.167667,0.188336,0.188336,0.188336,0.188336,0.710723,0.899058,0.015716,1.167667,0.456944,0.268608,0.268608,0.000513,horizon_mpc_secbf,8,-0.000513,true,osqp,optimal,50,3.657239,0,-0.156984,accept,false,0.749977,-0.005872,0.303406,0.074791,,,0.312488,0.314272,0.591995,3.840723
local_crowding,context_bl,SEESM w/o Feasibility-Preserving Update,11,1.100,-1.610265,-0.312451,0.303406,0.074791,0.241685,0.084000,-0.638000,-0.060000,0.420000,adult,walking,attentive,2.666379,1.000000,0.375000,1.725258,1.125258,0.170380,0.170380,0.170380,0.170380,0.394254,0.564634,0.000000,1.125258,0.731004,0.560624,0.560624,0.000124,horizon_mpc_secbf,8,-0.000124,true,osqp,optimal,50,4.092221,0,-0.126402,accept,false,0.749964,-0.007391,0.569819,0.056215,,,0.572586,0.267060,0.649253,3.810450
local_crowding,context_bl,SEESM w/o Feasibility-Preserving Update,12,1.200,-1.553283,-0.306829,0.569819,0.056215,0.098336,0.078000,-0.596000,-0.060000,0.420000,adult,walking,attentive,1.545700,1.000000,0.375000,1.656715,1.056715,0.188871,0.188871,0.188871,0.188871,0.652475,0.841346,0.018491,1.056715,0.404239,0.215368,0.215368,0.000566,horizon_mpc_secbf,8,-0.000566,true,osqp,optimal,50,4.238569,0,-0.146484,accept,false,0.749950,-0.008626,0.249183,0.087817,,,0.264205,0.322190,0.675674,3.753531
local_crowding,context_bl,SEESM w/o Feasibility-Preserving Update,13,1.300,-1.528365,-0.298048,0.249183,0.087817,0.338829,0.072000,-0.554000,-0.060000,0.420000,adult,walking,attentive,2.853009,1.000000,0.375000,1.620703,1.020703,0.167300,0.167300,0.167300,0.167300,0.327273,0.494574,0.000000,1.020703,0.693430,0.526129,0.526129,0.000153,horizon_mpc_secbf,8,-0.000153,true,osqp,optimal,50,4.282035,0,-0.115514,accept,false,0.749927,-0.010450,0.534871,0.075597,,,0.540187,0.285949,0.729692,3.728726
local_crowding,context_bl,SEESM w/o Feasibility-Preserving Update,14,1.400,-1.474877,-0.290488,0.534871,0.075597,0.140407,0.066000,-0.512000,-0.060000,0.420000,adult,walking,attentive,1.499971,1.000000,0.375000,1.556718,0.956718,0.189625,0.189625,0.189625,0.189625,0.602763,0.792388,0.022325,0.956718,0.353955,0.164330,0.164330,0.000616,horizon_mpc_secbf,8,-0.000616,true,osqp,optimal,50,4.310981,0,-0.138394,accept,false,0.749902,-0.012144,0.198641,0.087370,,,0.217006,0.336437,0.751393,3.675359
local_crowding,context_bl,SEESM w/o Feasibility-Preserving Update,15,1.500,-1.455013,-0.281751,0.198641,0.087370,0.414374,0.060000,-0.470000,-0.060000,0.420000,adult,walking,attentive,3.112928,1.000000,0.375000,1.526664,0.926664,0.163012,0.163012,0.163012,0.163012,0.262022,0.425034,0.000000,0.926664,0.664642,0.501630,0.501630,0.000169,horizon_mpc_secbf,8,-0.000168,true,osqp,optimal,50,3.921249,0,-0.106346,accept,false,0.749869,-0.014002,0.511320,0.085996,,,0.518501,0.312682,0.803243,3.655650
local_crowding,context_bl,SEESM w/o Feasibility-Preserving Update,16,1.600,-1.403881,-0.273151,0.511320,0.085996,0.166625,0.054000,-0.428000,-0.060000,0.420000,adult,walking,attentive,1.435332,1.000000,0.375000,1.466082,0.866082,0.190692,0.190692,0.190692,0.190692,0.561600,0.752292,0.027680,0.866082,0.304482,0.113790,0.113790,0.000666,horizon_mpc_secbf,8,-0.000666,true,osqp,optimal,50,3.832704,0,-0.133604,accept,false,0.749830,-0.015989,0.152440,0.071501,,,0.168376,0.359172,0.820081,3.604701
local_crowding,context_bl,SEESM w/o Feasibility-Preserving Update,17,1.700,-1.388637,-0.266001,0.152440,0.071501,0.438579,0.048000,-0.386000,-0.060000,0.420000,adult,walking,attentive,3.496479,1.000000,0.375000,1.441640,0.841640,0.156683,0.156683,0.156683,0.156683,0.196300,0.352983,0.000000,0.841640,0.645340,0.488657,0.488657,0.000168,horizon_mpc_secbf,8,-0.000168,true,osqp,optimal,50,3.387258,0,-0.099351,accept,false,0.749795,-0.017550,0.502577,0.089010,,,0.510399,0.350575,0.871120,3.589620
local_crowding,context_bl,SEESM w/o Feasibility-Preserving Update,18,1.800,-1.338380,-0.257100,0.502577,0.089010,0.175289,0.042000,-0.344000,-0.060000,0.420000,adult,walking,attentive,1.344949,1.000000,0.375000,1.383112,0.783112,0.192183,0.192183,0.192183,0.192183,0.529660,0.721843,0.035500,0.783112,0.253452,0.061269,0.061269,0.000716,horizon_mpc_secbf,8,-0.000716,true,osqp,optimal,75,3.950103,0,-0.133198,accept,false,0.749742,-0.019684,0.111488,0.037463,,,0.117613,0.394472,0.882882,3.539599
local_crowding,context_bl,SEESM w/o Feasibility-Preserving Update,19,1.900,-1.327231,-0.253354,0.111488,0.037463,0.324171,0.036000,-0.302000,-0.060000,0.420000,adult,walking,attentive,4.129808,1.000000,0.375000,1.364099,0.764099,0.148375,0.148375,0.148375,0.148375,0.126465,0.274840,0.000000,0.764099,0.637633,0.489258,0.489258,0.000146,horizon_mpc_secbf,8,-0.000145,true,osqp,optimal,50,3.846122,0,-0.095042,accept,false,0.749719,-0.020542,0.512976,0.088131,,,0.520491,0.404673,0.934931,3.528555
local_crowding,context_bl,SEESM w/o Feasibility-Preserving Update,20,2.000,-1.275933,-0.244541,0.512976,0.088131,0.170143,0.030000,-0.260000,-0.060000,0.420000,adult,walking,attentive,1.223902,1.000000,0.375000,1.306025,0.706025,0.194181,0.194181,0.194181,0.194181,0.507688,0.701868,0.045806,0.706025,0.198337,0.004156,0.004156,0.000278,horizon_mpc_secbf,8,-0.000056,true,osqp,optimal,100,3.619488,0,-0.062956,accept,false,0.749655,-0.022744,-0.002312,-0.399990,,,0.399997,0.709777,0.974931,3.477533
local_crowding,context_bl,SEESM w/o Feasibility-Preserving Update,21,2.100,-1.276165,-0.284540,-0.002312,-0.399990,-1.576576,0.024000,-0.218000,-0.060000,0.420000,adult,walking,attentive,44.699042,1.000000,0.375000,1.301866,0.701866,0.148375,0.148375,0.148375,0.148375,0.000000,0.148375,0.000000,0.701866,0.926330,0.777955,0.553491,0.000000,horizon_mpc_secbf,8,0.168908,true,osqp,optimal,50,4.165591,0,-0.076998,accept,false,0.749867,-0.014121,0.603703,-0.212867,,,0.640133,0.634247,1.038944,3.476781
local_crowding,context_bl,SEESM w/o Feasibility-Preserving Update,22,2.200,-1.215794,-0.305827,0.603703,-0.212867,-0.338991,0.018000,-0.176000,-0.060000,0.420000,adult,walking,attentive,1.078768,1.000000,0.375000,1.240606,0.640606,0.196575,0.196575,0.196575,0.196575,0.288395,0.484971,0.048200,0.640606,0.352211,0.155635,0.155635,0.000131,horizon_mpc_secbf,8,-0.000135,true,osqp,optimal,50,3.865440,0,-0.351766,accept,false,0.749937,-0.009698,0.529786,-0.335064,,,0.626851,0.142814,1.101629,3.416080
local_crowding,context_bl,SEESM w/o Feasibility-Preserving Update,23,2.300,-1.162816,-0.339333,0.529786,-0.335064,-0.563940,0.012000,-0.134000,-0.060000,0.420000,adult,walking,attentive,1.314079,1.000000,0.375000,1.192624,0.592624,0.192693,0.192693,0.192693,0.192693,0.068071,0.260763,0.000000,0.592624,0.524554,0.331861,0.331861,0.000000,horizon_mpc_secbf,8,0.061509,true,osqp,optimal,50,3.350115,0,-0.299268,accept,false,0.749996,-0.002379,0.691397,-0.213370,,,0.723572,0.202305,1.173986,3.362832
local_crowding,context_bl,SEESM w/o Feasibility-Preserving Update,24,2.400,-1.093676,-0.360670,0.691397,-0.213370,-0.299334,0.006000,-0.092000,-0.060000,0.420000,adult,walking,attentive,0.917901,1.000000,0.375000,1.132021,0.532021,0.199230,0.199230,0.199230,0.199230,0.165080,0.364309,0.006537,0.532021,0.366941,0.167711,0.167711,0.000087,horizon_mpc_secbf,8,-0.000086,true,osqp,optimal,50,3.047652,0,-0.379886,accept,false,0.749996,0.002430,0.668016,-0.252173,,,0.714029,0.045303,1.245389,3.293693
local_crowding,context_bl,SEESM w/o Feasibility-Preserving Update,25,2.500,-1.026874,-0.385887,0.668016,-0.252173,-0.360957,0.000000,-0.050000,-0.060000,0.420000,adult,walking,attentive,0.994705,1.000000,0.375000,1.080412,0.480412,0.197962,0.197962,0.197962,0.197962,0.028984,0.226946,0.000000,0.480412,0.451429,0.253466,0.253466,0.000000,horizon_mpc_secbf,8,0.094482,true,osqp,optimal,50,3.510896,0,-0.281549,accept,false,0.749954,0.008341,0.709083,-0.210313,,,0.739615,0.058641,1.319350,3.227074
local_crowding,context_bl,SEESM w/o Feasibility-Preserving Update,26,2.600,-0.955966,-0.406919,0.709083,-0.210313,-0.288333,-0.006000,-0.008000,-0.060000,0.420000,adult,walking,attentive,0.925320,1.000000,0.375000,1.030326,0.430326,0.199107,0.199107,0.199107,0.199107,0.000000,0.199107,0.001145,0.430326,0.445005,0.245898,0.231219,0.000000,horizon_mpc_secbf,8,0.118636,true,osqp,optimal,50,2.981063,0,-0.237091,accept,false,0.749878,0.013524,0.710836,-0.206084,,,0.740107,0.004578,1.393361,3.156479
local_crowding,context_bl,SEESM w/o Feasibility-Preserving Update,27,2.700,-0.884882,-0.427527,0.710836,-0.206084,-0.282181,-0.012000,0.034000,-0.060000,0.420000,adult,walking,attentive,0.996365,1.000000,0.375000,0.987386,0.387386,0.197935,0.197935,0.197935,0.197935,0.000000,0.197935,0.000000,0.387386,0.492388,0.294453,0.189451,0.000000,horizon_mpc_secbf,8,0.116412,true,osqp,optimal,50,3.944877,0,-0.197746,accept,false,0.749763,0.018843,0.710039,-0.208004,,,0.739879,0.002079,1.467349,3.085856
local_crowding,context_bl,SEESM w/o Feasibility-Preserving Update,28,2.800,-0.813878,-0.448327,0.710039,-0.208004,-0.284974,-0.018000,0.076000,-0.060000,0.420000,adult,walking,attentive,1.186622,1.000000,0.375000,0.953070,0.353070,0.194796,0.194796,0.194796,0.194796,0.000000,0.194796,0.000000,0.353070,0.552621,0.357825,0.158274,0.000000,horizon_mpc_secbf,8,0.116870,true,osqp,optimal,50,3.235383,0,-0.138499,accept,false,0.749601,0.024456,0.709683,-0.208862,,,0.739779,0.000929,1.541327,3.015482
local_crowding,context_bl,SEESM w/o Feasibility-Preserving Update,29,2.900,-0.742910,-0.469214,0.709683,-0.208862,-0.286222,-0.024000,0.118000,-0.060000,0.420000,adult,walking,attentive,1.655469,1.000000,0.375000,0.928252,0.328252,0.187060,0.187060,0.187060,0.187060,0.000000,0.187060,0.000000,0.328252,0.617135,0.430075,0.141192,0.000000,horizon_mpc_secbf,8,0.122769,true,osqp,optimal,50,3.434413,0,-0.058564,accept,false,0.749385,0.030357,0.710323,-0.207317,,,0.739959,0.001672,1.615323,2.945324
local_crowding,context_bl,SEESM w/o Feasibility-Preserving Update,30,3.000,-0.671878,-0.489945,0.710323,-0.207317,-0.283975,-0.030000,0.160000,-0.060000,0.420000,adult,walking,attentive,3.301585,1.000000,0.375000,0.913475,0.313475,0.159899,0.159899,0.159899,0.159899,0.000000,0.159899,0.000000,0.313475,0.683704,0.523805,0.153576,0.000000,horizon_mpc_secbf,8,0.149039,true,osqp,optimal,50,4.650554,0,0.054443,accept,false,0.749111,0.036504,0.712052,-0.203141,,,0.740463,0.004520,1.689369,2.875285
local_crowding,context_bl,SEESM w/o Feasibility-Preserving Update,31,3.100,-0.600673,-0.510259,0.712052,-0.203141,-0.277907,-0.036000,0.202000,-0.060000,0.420000,adult,walking,attentive,,0.000000,0.375000,0.908938,0.308938,0.082375,0.082375,0.082375,0.082375,0.000000,0.082375,0.000000,0.308938,0.308938,0.226563,0.226563,0.000000,horizon_mpc_secbf,8,0.232102,true,osqp,optimal,50,4.984573,0,0.228190,accept,false,0.748775,0.042846,0.714856,-0.196374,,,0.741338,0.007325,1.763503,2.805254
local_crowding,context_bl,SEESM w/o Feasibility-Preserving Update,32,3.200,-0.529187,-0.529897,0.714856,-0.196374,-0.268092,-0.042000,0.244000,-0.060000,0.420000,adult,walking,attentive,,0.000000,0.375000,0.914477,0.314477,0.082375,0.082375,0.082375,0.082375,0.000000,0.082375,0.000000,0.314477,0.314477,0.232102,0.232102,0.000000,horizon_mpc_secbf,8,0.247207,true,osqp,optimal,50,4.067582,0,0.331094,accept,false,0.748376,0.049330,0.718670,-0.187167,,,0.742642,0.009966,1.837767,2.735110
local_crowding,context_bl,SEESM w/o Feasibility-Preserving Update,33,3.300,-0.457320,-0.548614,0.718670,-0.187167,-0.254775,-0.048000,0.286000,-0.060000,0.420000,adult,walking,attentive,,0.000000,0.375000,0.929582,0.329582,0.082375,0.082375,0.082375,0.082375,0.000000,0.082375,0.000000,0.329582,0.329582,0.247207,0.247207,0.000000,horizon_mpc_secbf,8,0.271102,true,osqp,optimal,50,3.865992,0,0.437130,accept,false,0.747914,0.055901,0.723403,-0.175739,,,0.744444,0.012369,1.912212,2.664732
local_crowding,context_bl,SEESM w/o Feasibility-Preserving Update,34,3.400,-0.384980,-0.566187,0.723403,-0.175739,-0.238317,-0.054000,0.328000,-0.060000,0.420000,adult,walking,attentive,,0.000000,0.375000,0.953477,0.353477,0.082375,0.082375,0.082375,0.082375,0.000000,0.082375,0.000000,0.353477,0.353477,0.271102,0.271102,0.000000,horizon_mpc_secbf,8,0.302844,true,osqp,optimal,50,4.750413,0,0.543380,accept,false,0.747391,0.062506,0.728946,-0.162356,,,0.746808,0.014485,1.986892,2.594004
local_crowding,context_bl,SEESM w/o Feasibility-Preserving Update,35,3.500,-0.312085,-0.582423,0.728946,-0.162356,-0.219150,-0.060000,0.370000,-0.060000,0.420000,adult,walking,attentive,,0.000000,0.375000,0.985219,0.385219,0.082375,0.082375,0.082375,0.082375,0.000000,0.082375,0.000000,0.385219,0.385219,0.302844,0.302844,0.000000,horizon_mpc_secbf,8,0.341421,true,osqp,optimal,50,3.527586,0,0.647797,accept,false,0.746810,0.069096,0.734611,-0.147147,,,0.749204,0.016229,2.061813,2.522814
local_crowding,context_bl,SEESM w/o Feasibility-Preserving Update,36,3.600,-0.238624,-0.597138,0.734611,-0.147147,-0.197690,-0.066000,0.412000,-0.060000,0.420000,adult,walking,attentive,,0.000000,0.375000,1.023796,0.423796,0.082375,0.082375,0.082375,0.082375,0.000000,0.082375,0.000000,0.423796,0.423796,0.341421,0.341421,0.000000,horizon_mpc_secbf,8,0.385769,true,osqp,optimal,50,5.029832,0,0.748851,accept,false,0.746178,0.075620,0.735591,-0.129443,,,0.746893,0.017732,2.136502,2.451115
local_crowding,context_bl,SEESM w/o Feasibility-Preserving Update,37,3.700,-0.165065,-0.610082,0.735591,-0.129443,-0.174188,-0.072000,0.454000,-0.060000,0.420000,adult,walking,attentive,,0.000000,0.375000,1.068144,0.468144,0.082375,0.082375,0.082375,0.082375,0.000000,0.082375,0.000000,0.468144,0.468144,0.385769,0.385769,0.000000,horizon_mpc_secbf,8,0.434814,true,osqp,optimal,50,6.059467,0,0.844692,accept,false,0.745506,0.081982,0.735592,-0.110258,,,0.743810,0.019185,2.210883,2.379322
local_crowding,context_bl,SEESM w/o Feasibility-Preserving Update,38,3.800,-0.091506,-0.621108,0.735592,-0.110258,-0.148782,-0.078000,0.496000,-0.060000,0.420000,adult,walking,attentive,,0.000000,0.375000,1.117189,0.517189,0.082375,0.082375,0.082375,0.082375,0.000000,0.082375,0.000000,0.517189,0.517189,0.434814,0.434814,0.000000,horizon_mpc_secbf,8,0.487600,true,osqp,optimal,50,4.742218,0,0.935173,accept,false,0.744806,0.088118,0.735593,-0.090014,,,0.741080,0.020244,2.284991,2.307487
local_crowding,context_bl,SEESM w/o Feasibility-Preserving Update,39,3.900,-0.017946,-0.630109,0.735593,-0.090014,-0.121764,-0.084000,0.538000,-0.060000,0.420000,adult,walking,attentive,,0.000000,0.375000,1.169975,0.569975,0.082375,0.082375,0.082375,0.082375,0.000000,0.082375,0.000000,0.569975,0.569975,0.487600,0.487600,0.000000,horizon_mpc_secbf,8,0.543315,true,osqp,optimal,50,3.804632,0,1.020745,accept,false,0.744089,0.093973,0.735594,-0.069007,,,0.738824,0.021007,2.358873,2.235564
local_crowding,context_bl,SEESM w/o Feasibility-Preserving Update,40,4.000,0.055613,-0.637010,0.735594,-0.069007,-0.093538,-0.090000,0.580000,-0.060000,0.420000,adult,walking,attentive,,0.000000,0.375000,1.225690,0.625690,0.082375,0.082375,0.082375,0.082375,0.000000,0.082375,0.000000,0.625690,0.625690,0.543315,0.543315,0.000000,horizon_mpc_secbf,8,0.601287,true,osqp,optimal,50,3.407950,0,1.102010,accept,false,0.743371,0.099495,0.735594,-0.047488,,,0.737126,0.021519,2.432586,2.163509
local_crowding,context_bl,SEESM w/o Feasibility-Preserving Update,41,4.100,0.129173,-0.641759,0.735594,-0.047488,-0.064468,-0.096000,0.622000,-0.060000,0.420000,adult,walking,attentive,,0.000000,0.375000,1.283662,0.683662,0.082375,0.082375,0.082375,0.082375,0.000000,0.082375,0.000000,0.683662,0.683662,0.601287,0.601287,0.000000,horizon_mpc_secbf,8,0.660972,true,osqp,optimal,50,3.793263,0,1.179617,accept,false,0.742665,0.104634,0.735594,-0.025681,,,0.736042,0.021807,2.506190,2.091279
local_crowding,context_bl,SEESM w/o Feasibility-Preserving Update,42,4.200,0.202732,-0.644327,0.735594,-0.025681,-0.034898,-0.102000,0.664000,-0.060000,0.420000,adult,walking,attentive,,0.000000,0.375000,1.343347,0.743347,0.082375,0.082375,0.082375,0.082375,0.000000,0.082375,0.000000,0.743347,0.743347,0.660972,0.660972,0.000000,horizon_mpc_secbf,8,0.721934,true,osqp,optimal,50,6.316755,0,1.254185,accept,false,0.741987,0.109343,0.735594,-0.003784,,,0.735604,0.021897,2.579751,2.018838
local_crowding,context_bl,SEESM w/o Feasibility-Preserving Update,43,4.300,0.276291,-0.644705,0.735594,-0.003784,-0.005145,-0.108000,0.706000,-0.060000,0.420000,adult,walking,attentive,,0.000000,0.375000,1.404309,0.804309,0.082375,0.082375,0.082375,0.082375,0.000000,0.082375,0.000000,0.804309,0.804309,0.721934,0.721934,0.000000,horizon_mpc_secbf,8,0.783834,true,osqp,optimal,50,5.998597,0,1.326283,accept,false,0.741351,0.113572,0.735593,0.018023,,,0.735814,0.021807,2.653332,1.946152
local_crowding,context_bl,SEESM w/o Feasibility-Preserving Update,44,4.400,0.349851,-0.642903,0.735593,0.018023,0.024496,-0.114000,0.748000,-0.060000,0.420000,adult,walking,attentive,,0.000000,0.375000,1.466209,0.866209,0.082375,0.082375,0.082375,0.082375,0.000000,0.082375,0.000000,0.866209,0.866209,0.783834,0.783834,0.000000,horizon_mpc_secbf,8,0.846408,true,osqp,optimal,50,4.387351,0,1.396409,accept,false,0.740774,0.117274,0.735592,0.039580,,,0.736656,0.021557,2.726998,1.873191
local_crowding,context_bl,SEESM w/o Feasibility-Preserving Update,45,4.500,0.423410,-0.638945,0.735592,0.039580,0.053756,-0.120000,0.790000,-0.060000,0.420000,adult,walking,attentive,,0.000000,0.375000,1.528783,0.928783,0.082375,0.082375,0.082375,0.082375,0.000000,0.082375,0.000000,0.928783,0.928783,0.846408,0.846408,0.000000,horizon_mpc_secbf,8,0.909460,true,osqp,optimal,75,7.034737,0,1.465003,accept,false,0.740273,0.120398,0.735589,0.060738,,,0.738093,0.021157,2.800807,1.799934
local_crowding,context_bl,SEESM w/o Feasibility-Preserving Update,46,4.600,0.496969,-0.632871,0.735589,0.060738,0.082383,-0.126000,0.832000,-0.060000,0.420000,adult,walking,attentive,,0.000000,0.375000,1.591835,0.991835,0.082375,0.082375,0.082375,0.082375,0.000000,0.082375,0.000000,0.991835,0.991835,0.909460,0.909460,0.000000,horizon_mpc_secbf,8,0.972848,true,osqp,optimal,75,3.709013,0,1.532480,accept,false,0.739863,0.122890,0.735589,0.081324,,,0.740071,0.020586,2.874814,1.726363
local_crowding,context_bl,SEESM w/o Feasibility-Preserving Update,47,4.700,0.570528,-0.624739,0.735589,0.081324,0.110109,-0.132000,0.874000,-0.060000,0.420000,adult,walking,attentive,,0.000000,0.375000,1.655223,1.055223,0.082375,0.082375,0.082375,0.082375,0.000000,0.082375,0.000000,1.055223,1.055223,0.972848,0.972848,0.000000,horizon_mpc_secbf,8,1.036497,true,osqp,optimal,75,3.298246,0,1.599380,accept,false,0.739562,0.124695,0.735589,0.100981,,,0.742488,0.019657,2.949063,1.652471
local_crowding,context_bl,SEESM w/o Feasibility-Preserving Update,48,4.800,0.644087,-0.614641,0.735589,0.100981,0.136426,-0.138000,0.916000,-0.060000,0.420000,adult,walking,attentive,,0.000000,0.375000,1.718872,1.118872,0.082375,0.082375,0.082375,0.082375,0.000000,0.082375,0.000000,1.118872,1.118872,1.036497,1.036497,0.000000,horizon_mpc_secbf,8,1.100487,true,osqp,optimal,75,3.591704,0,1.667245,accept,false,0.739381,0.125759,0.735589,0.118195,,,0.745025,0.017215,3.023565,1.578259
local_crowding,context_bl,SEESM w/o Feasibility-Preserving Update,49,4.900,0.717646,-0.602821,0.735589,0.118195,0.159319,-0.144000,0.958000,-0.060000,0.420000,adult,walking,attentive,,0.000000,0.375000,1.782862,1.182862,0.082375,0.082375,0.082375,0.082375,0.000000,0.082375,0.000000,1.182862,1.182862,1.100487,1.100487,0.000000,horizon_mpc_secbf,8,1.165616,true,osqp,optimal,75,3.878244,0,1.743478,accept,false,0.739324,0.126095,0.735589,0.124739,,,0.746091,0.006544,3.098174,1.503760
local_crowding,context_bl,SEESM w/o Feasibility-Preserving Update,50,5.000,0.791205,-0.590347,0.735589,0.124739,0.167979,-0.150000,1.000000,-0.060000,0.420000,adult,walking,attentive,,0.000000,0.375000,1.847991,1.247991,0.082375,0.082375,0.082375,0.082375,0.000000,0.082375,0.000000,1.247991,1.247991,1.165616,1.165616,0.000000,horizon_mpc_secbf,8,1.232194,true,osqp,optimal,75,7.016057,0,1.823923,accept,false,0.739318,0.126131,0.735589,0.125893,,,0.746285,0.001153,3.172803,1.429150
local_crowding,context_bl,SEESM w/o Feasibility-Preserving Update,51,5.100,0.864764,-0.577758,0.735589,0.125893,0.169503,-0.156000,1.042000,-0.060000,0.420000,adult,walking,attentive,,0.000000,0.375000,1.914569,1.314569,0.082375,0.082375,0.082375,0.082375,0.000000,0.082375,0.000000,1.314569,1.314569,1.232194,1.232194,0.000000,horizon_mpc_secbf,8,1.300151,true,osqp,optimal,75,3.947071,0,1.905035,accept,false,0.739322,0.126110,0.735590,0.126073,,,0.746315,0.000180,3.247434,1.354522
local_crowding,context_bl,SEESM w/o Feasibility-Preserving Update,52,5.200,0.938323,-0.565151,0.735590,0.126073,0.169741,-0.162000,1.084000,-0.060000,0.420000,adult,walking,attentive,,0.000000,0.375000,1.982526,1.382526,0.082375,0.082375,0.082375,0.082375,0.000000,0.082375,0.000000,1.382526,1.382526,1.300151,1.300151,0.000000,horizon_mpc_secbf,8,1.369363,true,osqp,optimal,75,3.107938,0,1.986211,accept,false,0.739327,0.126076,0.735590,0.126076,,,0.746316,0.000003,3.322066,1.279891
local_crowding,context_bl,SEESM w/o Feasibility-Preserving Update,53,5.300,1.011882,-0.552543,0.735590,0.126076,0.169744,-0.168000,1.126000,-0.060000,0.420000,adult,walking,attentive,,0.000000,0.375000,2.051738,1.451738,0.082375,0.082375,0.082375,0.082375,0.000000,0.082375,0.000000,1.451738,1.451738,1.369363,1.369363,0.000000,horizon_mpc_secbf,8,1.439710,true,osqp,optimal,75,3.190178,0,2.067366,accept,false,0.739334,0.126037,0.735590,0.126044,,,0.746311,0.000031,3.396697,1.205259
local_crowding,context_bl,SEESM w/o Feasibility-Preserving Update,54,5.400,1.085441,-0.539939,0.735590,0.126044,0.169703,-0.174000,1.168000,-0.060000,0.420000,adult,walking,attentive,,0.000000,0.375000,2.122085,1.522085,0.082375,0.082375,0.082375,0.082375,0.000000,0.082375,0.000000,1.522085,1.522085,1.439710,1.439710,0.000000,horizon_mpc_secbf,8,1.511084,true,osqp,optimal,75,3.432772,0,2.148506,accept,false,0.739341,0.125996,0.735590,0.126005,,,0.746304,0.000040,3.471327,1.130628
local_crowding,context_bl,SEESM w/o Feasibility-Preserving Update,55,5.500,1.159000,-0.527338,0.735590,0.126005,0.169651,-0.180000,1.210000,-0.060000,0.420000,adult,walking,attentive,,0.000000,0.375000,2.193459,1.593459,0.082375,0.082375,0.082375,0.082375,0.000000,0.082375,0.000000,1.593459,1.593459,1.511084,1.511084,0.000000,horizon_mpc_secbf,8,1.583389,true,osqp,optimal,75,4.042393,0,2.229648,accept,false,0.739349,0.125951,0.735590,0.125961,,,0.746297,0.000043,3.545957,1.055998
local_crowding,context_bl,SEESM w/o Feasibility-Preserving Update,56,5.600,1.232559,-0.514742,0.735590,0.125961,0.169593,-0.186000,1.252000,-0.060000,0.420000,adult,walking,attentive,,0.000000,0.375000,2.265764,1.665764,0.082375,0.082375,0.082375,0.082375,0.000000,0.082375,0.000000,1.665764,1.665764,1.583389,1.583389,0.000000,horizon_mpc_secbf,8,1.656538,true,osqp,optimal,75,4.009752,0,2.310811,accept,false,0.739357,0.125903,0.735591,0.125914,,,0.746290,0.000047,3.620586,0.981368
local_crowding,context_bl,SEESM w/o Feasibility-Preserving Update,57,5.700,1.306118,-0.502151,0.735591,0.125914,0.169531,-0.192000,1.294000,-0.060000,0.420000,adult,walking,attentive,,0.000000,0.375000,2.338913,1.738913,0.082375,0.082375,0.082375,0.082375,0.000000,0.082375,0.000000,1.738913,1.738913,1.656538,1.656538,0.000000,horizon_mpc_secbf,8,1.730455,true,osqp,optimal,75,3.632862,0,2.392010,accept,false,0.739366,0.125850,0.735591,0.125863,,,0.746281,0.000051,3.695214,0.906739
local_crowding,context_bl,SEESM w/o Feasibility-Preserving Update,58,5.800,1.379677,-0.489565,0.735591,0.125863,0.169463,-0.198000,1.336000,-0.060000,0.420000,adult,walking,attentive,,0.000000,0.375000,2.412830,1.812830,0.082375,0.082375,0.082375,0.082375,0.000000,0.082375,0.000000,1.812830,1.812830,1.730455,1.730455,0.000000,horizon_mpc_secbf,8,1.805073,true,osqp,optimal,75,6.444242,0,2.473257,accept,false,0.739376,0.125793,0.735591,0.125806,,,0.746272,0.000056,3.769841,0.832111
local_crowding,context_bl,SEESM w/o Feasibility-Preserving Update,59,5.900,1.453236,-0.476984,0.735591,0.125806,0.169389,-0.204000,1.378000,-0.060000,0.420000,adult,walking,attentive,,0.000000,0.375000,2.487448,1.887448,0.082375,0.082375,0.082375,0.082375,0.000000,0.082375,0.000000,1.887448,1.887448,1.805073,1.805073,0.000000,horizon_mpc_secbf,8,1.880330,true,osqp,optimal,75,4.082576,0,2.554565,accept,false,0.739386,0.125729,0.735592,0.125744,,,0.746262,0.000062,3.844468,0.757484
local_crowding,context_bl,SEESM w/o Feasibility-Preserving Update,60,6.000,1.526795,-0.464410,0.735592,0.125744,0.169306,-0.210000,1.420000,-0.060000,0.420000,adult,walking,attentive,,0.000000,0.375000,2.562705,1.962705,0.082375,0.082375,0.082375,0.082375,0.000000,0.082375,0.000000,1.962705,1.962705,1.880330,1.880330,0.000000,horizon_mpc_secbf,8,1.956173,true,osqp,optimal,75,3.580662,0,2.635942,accept,false,0.739398,0.125659,0.735592,0.125675,,,0.746250,0.000069,3.919093,0.682858
local_crowding,context_bl,SEESM w/o Feasibility-Preserving Update,61,6.100,1.600354,-0.451842,0.735592,0.125675,0.169215,-0.216000,1.462000,-0.060000,0.420000,adult,walking,attentive,,0.000000,0.375000,2.638548,2.038548,0.082375,0.082375,0.082375,0.082375,0.000000,0.082375,0.000000,2.038548,2.038548,1.956173,1.956173,0.000000,horizon_mpc_secbf,8,2.032553,true,osqp,optimal,75,3.285274,0,2.717394,accept,false,0.739412,0.125580,0.735592,0.125597,,,0.746237,0.000078,3.993716,0.608233
local_crowding,context_bl,SEESM w/o Feasibility-Preserving Update,62,6.200,1.673913,-0.439282,0.735592,0.125597,0.169111,-0.222000,1.504000,-0.060000,0.420000,adult,walking,attentive,,0.000000,0.375000,2.714928,2.114928,0.082375,0.082375,0.082375,0.082375,0.000000,0.082375,0.000000,2.114928,2.114928,2.032553,2.032553,0.000000,horizon_mpc_secbf,8,2.109428,true,osqp,optimal,75,3.179728,0,2.798929,accept,false,0.739427,0.125489,0.735592,0.125508,,,0.746222,0.000089,4.068339,0.533609
local_crowding,context_bl,SEESM w/o Feasibility-Preserving Update,63,6.300,1.747473,-0.426732,0.735592,0.125508,0.168994,-0.228000,1.546000,-0.060000,0.420000,adult,walking,attentive,,0.000000,0.375000,2.791803,2.191803,0.082375,0.082375,0.082375,0.082375,0.000000,0.082375,0.000000,2.191803,2.191803,2.109428,2.109428,0.000000,horizon_mpc_secbf,8,2.186758,true,osqp,optimal,75,3.875045,0,2.880553,accept,false,0.739445,0.125382,0.735592,0.125404,,,0.746205,0.000104,4.142959,0.458987
local_crowding,context_bl,SEESM w/o Feasibility-Preserving Update,64,6.400,1.821032,-0.414191,0.735592,0.125404,0.168857,-0.234000,1.588000,-0.060000,0.420000,adult,walking,attentive,,0.000000,0.375000,2.869133,2.269133,0.082375,0.082375,0.082375,0.082375,0.000000,0.082375,0.000000,2.269133,2.269133,2.186758,2.186758,0.000000,horizon_mpc_secbf,8,2.264511,true,osqp,optimal,75,3.144824,0,2.962273,accept,false,0.739467,0.125254,0.735592,0.125280,,,0.746184,0.000124,4.217578,0.384366
local_crowding,context_bl,SEESM w/o Feasibility-Preserving Update,65,6.500,1.894591,-0.401663,0.735592,0.125280,0.168693,-0.240000,1.630000,-0.060000,0.420000,adult,walking,attentive,,0.000000,0.375000,2.946886,2.346886,0.082375,0.082375,0.082375,0.082375,0.000000,0.082375,0.000000,2.346886,2.346886,2.264511,2.264511,0.000000,horizon_mpc_secbf,8,2.342655,true,osqp,optimal,75,4.340364,0,3.044097,accept,false,0.739494,0.125094,0.735592,0.125125,,,0.746158,0.000154,4.292193,0.309748
local_crowding,context_bl,SEESM w/o Feasibility-Preserving Update,66,6.600,1.968150,-0.389151,0.735592,0.125125,0.168489,-0.246000,1.672000,-0.060000,0.420000,adult,walking,attentive,,0.000000,0.375000,3.025030,2.425030,0.082375,0.082375,0.082375,0.082375,0.000000,0.082375,0.000000,2.425030,2.425030,2.342655,2.342655,0.000000,horizon_mpc_secbf,8,2.421164,true,osqp,optimal,75,7.970383,0,3.126040,accept,false,0.739530,0.124879,0.735592,0.124921,,,0.746124,0.000204,4.366806,0.235132
local_crowding,context_bl,SEESM w/o Feasibility-Preserving Update,67,6.700,2.041710,-0.376659,0.735592,0.124921,0.168219,-0.252000,1.714000,-0.060000,0.420000,adult,walking,attentive,,0.000000,0.375000,3.103539,2.503539,0.082375,0.082375,0.082375,0.082375,0.000000,0.082375,0.000000,2.503539,2.503539,2.421164,2.421164,0.000000,horizon_mpc_secbf,8,2.500020,true,osqp,optimal,75,4.184288,0,3.208136,accept,false,0.739585,0.124558,0.735592,0.124620,,,0.746074,0.000301,4.441413,0.160520
local_crowding,context_bl,SEESM w/o Feasibility-Preserving Update,68,6.800,2.115269,-0.364197,0.735592,0.124620,0.167821,-0.258000,1.756000,-0.060000,0.420000,adult,walking,attentive,,0.000000,0.375000,3.182395,2.582395,0.082375,0.082375,0.082375,0.082375,0.000000,0.082375,0.000000,2.582395,2.582395,2.500020,2.500020,0.000000,horizon_mpc_secbf,8,2.579215,true,osqp,optimal,75,4.286698,0,3.290501,accept,false,0.739689,0.123935,0.735592,0.124052,,,0.745979,0.000568,4.516011,0.085912
local_crowding,context_bl,SEESM w/o Feasibility-Preserving Update,69,6.900,2.188828,-0.351792,0.735592,0.124052,0.167070,-0.264000,1.798000,-0.060000,0.420000,adult,walking,attentive,,0.000000,0.375000,3.261590,2.661590,0.082375,0.082375,0.082375,0.082375,0.000000,0.082375,0.000000,2.661590,2.661590,2.579215,2.579215,0.000000,horizon_mpc_secbf,8,2.625497,true,osqp,optimal,75,4.387330,0,3.041872,accept,false,0.111720,0.017916,0.218760,0.036126,,,0.221722,0.524258,4.538183,0.011315
local_crowding,context_bl,SEESM w/o Feasibility-Preserving Update,70,7.000,2.210704,-0.348179,0.218760,0.036126,0.163662,-0.270000,1.840000,-0.060000,0.420000,adult,walking,attentive,,0.000000,0.375000,3.307872,2.707872,0.082375,0.082375,0.082375,0.082375,0.000000,0.082375,0.000000,2.707872,2.707872,2.625497,2.625497,0.000000,horizon_mpc_secbf,8,2.654682,true,osqp,optimal,75,4.517551,0,2.915853,accept,false,-0.107039,-0.018210,-0.051141,-0.008888,,,0.051908,0.273629,4.543374,0.010858
local_crowding,context_bl,SEESM w/o Feasibility-Preserving Update,71,7.100,2.205590,-0.349068,-0.051141,-0.008888,-2.969525,-0.276000,1.882000,-0.060000,0.420000,adult,walking,attentive,,0.000000,0.375000,3.337057,2.737057,0.082375,0.082375,0.082375,0.082375,0.000000,0.082375,0.000000,2.737057,2.737057,2.654682,2.654682,0.000000,horizon_mpc_secbf,8,2.683895,true,osqp,optimal,75,3.715729,0,2.945323,accept,false,-0.055898,-0.009323,-0.055082,-0.009248,,,0.055853,0.003957,4.548959,0.005667
local_crowding,context_bl,SEESM w/o Feasibility-Preserving Update,72,7.200,2.200082,-0.349993,-0.055082,-0.009248,-2.975250,-0.282000,1.924000,-0.060000,0.420000,adult,walking,attentive,,0.000000,0.375000,3.366270,2.766270,0.082375,0.082375,0.082375,0.082375,0.000000,0.082375,0.000000,2.766270,2.766270,2.683895,2.683895,0.000000,horizon_mpc_secbf,8,2.716168,true,osqp,optimal,50,6.892013,0,3.005502,accept,false,-0.000816,-0.000075,-0.010126,-0.001649,,,0.010260,0.045593,4.549985,0.000082
local_crowding,context_bl,SEESM w/o Feasibility-Preserving Update,73,7.300,2.199069,-0.350157,-0.010126,-0.001649,-2.980187,-0.288000,1.966000,-0.060000,0.420000,adult,walking,attentive,,0.000000,0.375000,3.398543,2.798543,0.082375,0.082375,0.082375,0.082375,0.000000,0.082375,0.000000,2.798543,2.798543,2.716168,2.716168,0.000000,horizon_mpc_secbf,8,2.749650,true,osqp,optimal,50,3.134657,0,3.049989,accept,false,0.009310,0.001574,0.005975,0.001022,,,0.006061,0.016321,4.550591,0.000944
local_crowding,context_bl,SEESM w/o Feasibility-Preserving Update,74,7.400,2.199666,-0.350055,0.005975,0.001022,0.169422,-0.294000,2.008000,-0.060000,0.420000,adult,walking,attentive,,0.000000,0.375000,3.432025,2.832025,0.082375,0.082375,0.082375,0.082375,0.000000,0.082375,0.000000,2.832025,2.832025,2.749650,2.749650,0.000000,horizon_mpc_secbf,8,2.783197,true,osqp,optimal,50,3.283359,0,3.084134,accept,false,0.003336,0.000552,0.003788,0.000633,,,0.003841,0.002221,4.550976,0.000338
local_crowding,context_bl,SEESM w/o Feasibility-Preserving Update,75,7.500,2.200045,-0.349992,0.003788,0.000633,0.165593,-0.300000,2.050000,-0.060000,0.420000,adult,walking,attentive,,0.000000,0.375000,3.465572,2.865572,0.082375,0.082375,0.082375,0.082375,0.000000,0.082375,0.000000,2.865572,2.865572,2.783197,2.783197,0.000000,horizon_mpc_secbf,8,2.816709,true,osqp,optimal,25,3.112560,0,3.117347,accept,false,-0.000452,-0.000081,-0.000001,-0.000011,,,0.000011,0.003843,4.550977,0.000046
local_crowding,context_bl,SEESM w/o Feasibility-Preserving Update,76,7.600,2.200045,-0.349993,-0.000001,-0.000011,-1.641929,-0.306000,2.092000,-0.060000,0.420000,adult,walking,attentive,,0.000000,0.375000,3.499084,2.899084,0.082375,0.082375,0.082375,0.082375,0.000000,0.082375,0.000000,2.899084,2.899084,2.816709,2.816709,0.000000,horizon_mpc_secbf,8,2.850391,true,osqp,optimal,25,3.613653,0,3.152575,accept,false,-0.000452,-0.000070,-0.000372,-0.000063,,,0.000377,0.000375,4.551014,0.000046
local_crowding,context_bl,SEESM w/o Feasibility-Preserving Update,77,7.700,2.200008,-0.349999,-0.000372,-0.000063,-2.974938,-0.312000,2.134000,-0.060000,0.420000,adult,walking,attentive,,0.000000,0.375000,3.532766,2.932766,0.082375,0.082375,0.082375,0.082375,0.000000,0.082375,0.000000,2.932766,2.932766,2.850391,2.850391,0.000000,horizon_mpc_secbf,8,2.884273,true,osqp,optimal,25,3.294131,0,3.188290,accept,false,-0.000080,-0.000008,-0.000129,-0.000018,,,0.000131,0.000247,4.551027,0.000008
local_crowding,context_bl,SEESM w/o Feasibility-Preserving Update,78,7.800,2.199995,-0.350001,-0.000129,-0.000018,-3.006483,-0.318000,2.176000,-0.060000,0.420000,adult,walking,attentive,,0.000000,0.375000,3.566648,2.966648,0.082375,0.082375,0.082375,0.082375,0.000000,0.082375,0.000000,2.966648,2.966648,2.884273,2.884273,0.000000,horizon_mpc_secbf,8,2.918345,true,osqp,optimal,25,3.276340,0,3.224097,accept,false,0.000050,0.000010,0.000019,0.000005,,,0.000019,0.000150,4.551029,0.000005
local_crowding,context_bl,SEESM w/o Feasibility-Preserving Update,79,7.900,2.199997,-0.350000,0.000019,0.000005,0.284484,-0.324000,2.218000,-0.060000,0.420000,adult,walking,attentive,,0.000000,0.375000,3.600720,3.000720,0.082375,0.082375,0.082375,0.082375,0.000000,0.082375,0.000000,3.000720,3.000720,2.918345,2.918345,0.000000,horizon_mpc_secbf,8,2.952594,true,osqp,optimal,25,4.222559,0,3.259960,accept,false,0.000031,0.000005,0.000029,0.000005,,,0.000029,0.000010,4.551032,0.000003
local_crowding,context_bl,SEESM w/o Feasibility-Preserving Update,80,8.000,2.200000,-0.350000,0.000029,0.000005,0.167091,-0.330000,2.260000,-0.060000,0.420000,adult,walking,attentive,,0.000000,0.375000,3.634969,3.034969,0.082375,0.082375,0.082375,0.082375,0.000000,0.082375,0.000000,3.034969,3.034969,2.952594,2.952594,0.000000,horizon_mpc_secbf,8,2.987012,true,osqp,optimal,25,6.358025,0,3.295930,accept,false,0.000002,-0.000000,0.000007,0.000001,,,0.000007,0.000022,4.551033,0.000000
local_crowding,context_bl,SEESM w/o Feasibility-Preserving Update,81,8.100,2.200000,-0.350000,0.000007,0.000001,0.086298,-0.336000,2.302000,-0.060000,0.420000,adult,walking,attentive,,0.000000,0.375000,3.669387,3.069387,0.082375,0.082375,0.082375,0.082375,0.000000,0.082375,0.000000,3.069387,3.069387,2.987012,2.987012,0.000000,horizon_mpc_secbf,8,3.021596,true,osqp,optimal,25,3.503777,0,3.332028,accept,false,-0.000005,-0.000001,-0.000003,-0.000001,,,0.000003,0.000009,4.551033,0.000000
local_crowding,context_bl,SEESM w/o Feasibility-Preserving Update,82,8.200,2.200000,-0.350000,-0.000003,-0.000001,-2.886878,-0.342000,2.344000,-0.060000,0.420000,adult,walking,attentive,,0.000000,0.375000,3.703971,3.103971,0.082375,0.082375,0.082375,0.082375,0.000000,0.082375,0.000000,3.103971,3.103971,3.021596,3.021596,0.000000,horizon_mpc_secbf,8,3.056341,true,osqp,optimal,25,3.204678,0,3.368250,accept,false,-0.000002,-0.000000,-0.000002,-0.000000,,,0.000002,0.000001,4.551033,0.000000
local_crowding,context_bl,SEESM w/o Feasibility-Preserving Update,83,8.300,2.200000,-0.350000,-0.000002,-0.000000,-2.986236,-0.348000,2.386000,-0.060000,0.420000,adult,walking,attentive,,0.000000,0.375000,3.738716,3.138716,0.082375,0.082375,0.082375,0.082375,0.000000,0.082375,0.000000,3.138716,3.138716,3.056341,3.056341,0.000000,horizon_mpc_secbf,8,3.091244,true,osqp,optimal,25,3.123316,0,3.404589,accept,false,0.000000,0.000000,-0.000000,0.000000,,,0.000000,0.000002,4.551033,0.000000
local_crowding,context_bl,SEESM w/o Feasibility-Preserving Update,84,8.400,2.200000,-0.350000,-0.000000,0.000000,2.280641,-0.354000,2.428000,-0.060000,0.420000,adult,walking,attentive,,0.000000,0.375000,3.773619,3.173619,0.082375,0.082375,0.082375,0.082375,0.000000,0.082375,0.000000,3.173619,3.173619,3.091244,3.091244,0.000000,horizon_mpc_secbf,8,3.126299,true,osqp,optimal,25,3.236658,0,3.441041,accept,false,0.000000,-0.000000,0.000000,-0.000000,,,0.000000,0.000000,4.551033,0.000000
local_crowding,context_bl,SEESM w/o Feasibility-Preserving Update,85,8.500,2.200000,-0.350000,0.000000,-0.000000,-0.143506,-0.360000,2.470000,-0.060000,0.420000,adult,walking,attentive,,0.000000,0.375000,3.808674,3.208674,0.082375,0.082375,0.082375,0.082375,0.000000,0.082375,0.000000,3.208674,3.208674,3.126299,3.126299,0.000000,horizon_mpc_secbf,8,3.161503,true,osqp,optimal,25,3.060805,0,3.477603,accept,false,0.000000,-0.000000,0.000000,-0.000000,,,0.000000,0.000000,4.551033,0.000000
local_crowding,context_bl,SEESM w/o Feasibility-Preserving Update,86,8.600,2.200000,-0.350000,0.000000,-0.000000,-0.409316,-0.366000,2.512000,-0.060000,0.420000,adult,walking,attentive,,0.000000,0.375000,3.843878,3.243878,0.082375,0.082375,0.082375,0.082375,0.000000,0.082375,0.000000,3.243878,3.243878,3.161503,3.161503,0.000000,horizon_mpc_secbf,8,3.196852,true,osqp,optimal,25,3.507073,0,3.514272,accept,false,-0.000000,-0.000000,-0.000000,-0.000000,,,0.000000,0.000000,4.551033,0.000000
local_crowding,context_bl,SEESM w/o Feasibility-Preserving Update,87,8.700,2.200000,-0.350000,-0.000000,-0.000000,-1.648229,-0.372000,2.554000,-0.060000,0.420000,adult,walking,attentive,,0.000000,0.375000,3.879227,3.279227,0.082375,0.082375,0.082375,0.082375,0.000000,0.082375,0.000000,3.279227,3.279227,3.196852,3.196852,0.000000,horizon_mpc_secbf,8,3.232341,true,osqp,optimal,25,3.599465,0,3.551046,accept,false,-0.000000,0.000000,-0.000000,0.000000,,,0.000000,0.000000,4.551033,0.000000
local_crowding,context_bl,SEESM w/o Feasibility-Preserving Update,88,8.800,2.200000,-0.350000,-0.000000,0.000000,2.927961,-0.378000,2.596000,-0.060000,0.420000,adult,walking,attentive,,0.000000,0.375000,3.914716,3.314716,0.082375,0.082375,0.082375,0.082375,0.000000,0.082375,0.000000,3.314716,3.314716,3.232341,3.232341,0.000000,horizon_mpc_secbf,8,3.267967,true,osqp,optimal,25,3.844381,0,3.587922,accept,false,0.000000,0.000000,-0.000000,0.000000,,,0.000000,0.000000,4.551033,0.000000
local_crowding,context_bl,SEESM w/o Feasibility-Preserving Update,89,8.900,2.200000,-0.350000,-0.000000,0.000000,2.927961,-0.384000,2.638000,-0.060000,0.420000,adult,walking,attentive,,0.000000,0.375000,3.950342,3.350342,0.082375,0.082375,0.082375,0.082375,0.000000,0.082375,0.000000,3.350342,3.350342,3.267967,3.267967,0.000000,horizon_mpc_secbf,8,3.303726,true,osqp,optimal,25,6.823985,0,3.624898,accept,false,0.000000,0.000000,-0.000000,0.000000,,,0.000000,0.000000,4.551033,0.000000
local_crowding,context_bl,SEESM w/o Feasibility-Preserving Update,90,9.000,2.200000,-0.350000,-0.000000,0.000000,2.927961,-0.390000,2.680000,-0.060000,0.420000,adult,walking,attentive,,0.000000,0.375000,3.986101,3.386101,0.082375,0.082375,0.082375,0.082375,0.000000,0.082375,0.000000,3.386101,3.386101,3.303726,3.303726,0.000000,horizon_mpc_secbf,8,3.339615,true,osqp,optimal,25,3.058397,0,3.661971,accept,false,0.000000,0.000000,-0.000000,0.000000,,,0.000000,0.000000,4.551033,0.000000
local_crowding,context_bl,SEESM w/o Feasibility-Preserving Update,91,9.100,2.200000,-0.350000,-0.000000,0.000000,2.927961,-0.396000,2.722000,-0.060000,0.420000,adult,walking,attentive,,0.000000,0.375000,4.021990,3.421990,0.082375,0.082375,0.082375,0.082375,0.000000,0.082375,0.000000,3.421990,3.421990,3.339615,3.339615,0.000000,horizon_mpc_secbf,8,3.375629,true,osqp,optimal,25,3.030658,0,3.699138,accept,false,0.000000,0.000000,-0.000000,0.000000,,,0.000000,0.000000,4.551033,0.000000
local_crowding,context_bl,SEESM w/o Feasibility-Preserving Update,92,9.200,2.200000,-0.350000,-0.000000,0.000000,2.927961,-0.402000,2.764000,-0.060000,0.420000,adult,walking,attentive,,0.000000,0.375000,4.058004,3.458004,0.082375,0.082375,0.082375,0.082375,0.000000,0.082375,0.000000,3.458004,3.458004,3.375629,3.375629,0.000000,horizon_mpc_secbf,8,3.411767,true,osqp,optimal,25,4.649529,0,3.736398,accept,false,0.000000,0.000000,0.000000,0.000000,,,0.000000,0.000000,4.551033,0.000000
local_crowding,context_bl,SEESM w/o Feasibility-Preserving Update,93,9.300,2.200000,-0.350000,0.000000,0.000000,2.927961,-0.408000,2.806000,-0.060000,0.420000,adult,walking,attentive,,0.000000,0.375000,4.094142,3.494142,0.082375,0.082375,0.082375,0.082375,0.000000,0.082375,0.000000,3.494142,3.494142,3.411767,3.411767,0.000000,horizon_mpc_secbf,8,3.448024,true,osqp,optimal,25,4.409758,0,3.773748,accept,false,0.000000,0.000000,0.000000,0.000000,,,0.000000,0.000000,4.551033,0.000000
local_crowding,context_bl,SEESM w/o Feasibility-Preserving Update,94,9.400,2.200000,-0.350000,0.000000,0.000000,2.927961,-0.414000,2.848000,-0.060000,0.420000,adult,walking,attentive,,0.000000,0.375000,4.130399,3.530399,0.082375,0.082375,0.082375,0.082375,0.000000,0.082375,0.000000,3.530399,3.530399,3.448024,3.448024,0.000000,horizon_mpc_secbf,8,3.484398,true,osqp,optimal,25,4.128548,0,3.811185,accept,false,0.000000,0.000000,0.000000,0.000000,,,0.000000,0.000000,4.551033,0.000000
local_crowding,context_bl,SEESM w/o Feasibility-Preserving Update,95,9.500,2.200000,-0.350000,0.000000,0.000000,2.927961,-0.420000,2.890000,-0.060000,0.420000,adult,walking,attentive,,0.000000,0.375000,4.166773,3.566773,0.082375,0.082375,0.082375,0.082375,0.000000,0.082375,0.000000,3.566773,3.566773,3.484398,3.484398,0.000000,horizon_mpc_secbf,8,3.520886,true,osqp,optimal,25,4.483207,0,3.848709,accept,false,0.000000,0.000000,0.000000,0.000000,,,0.000000,0.000000,4.551033,0.000000
local_crowding,context_bl,SEESM w/o Feasibility-Preserving Update,96,9.600,2.200000,-0.350000,0.000000,0.000000,2.927961,-0.426000,2.932000,-0.060000,0.420000,adult,walking,attentive,,0.000000,0.375000,4.203261,3.603261,0.082375,0.082375,0.082375,0.082375,0.000000,0.082375,0.000000,3.603261,3.603261,3.520886,3.520886,0.000000,horizon_mpc_secbf,8,3.557483,true,osqp,optimal,25,7.079851,0,3.886316,accept,false,0.000000,0.000000,0.000000,0.000000,,,0.000000,0.000000,4.551033,0.000000
local_crowding,context_bl,SEESM w/o Feasibility-Preserving Update,97,9.700,2.200000,-0.350000,0.000000,0.000000,2.927961,-0.432000,2.974000,-0.060000,0.420000,adult,walking,attentive,,0.000000,0.375000,4.239858,3.639858,0.082375,0.082375,0.082375,0.082375,0.000000,0.082375,0.000000,3.639858,3.639858,3.557483,3.557483,0.000000,horizon_mpc_secbf,8,3.594189,true,osqp,optimal,25,3.591171,0,3.924005,accept,false,0.000000,0.000000,0.000000,0.000000,,,0.000000,0.000000,4.551033,0.000000
local_crowding,context_bl,SEESM w/o Feasibility-Preserving Update,98,9.800,2.200000,-0.350000,0.000000,0.000000,2.927961,-0.438000,3.016000,-0.060000,0.420000,adult,walking,attentive,,0.000000,0.375000,4.276564,3.676564,0.082375,0.082375,0.082375,0.082375,0.000000,0.082375,0.000000,3.676564,3.676564,3.594189,3.594189,0.000000,horizon_mpc_secbf,8,3.631000,true,osqp,optimal,25,2.981580,0,3.961774,accept,false,0.000000,0.000000,0.000000,0.000000,,,0.000000,0.000000,4.551033,0.000000
local_crowding,context_bl,SEESM w/o Feasibility-Preserving Update,99,9.900,2.200000,-0.350000,0.000000,0.000000,2.927961,-0.444000,3.058000,-0.060000,0.420000,adult,walking,attentive,,0.000000,0.375000,4.313375,3.713375,0.082375,0.082375,0.082375,0.082375,0.000000,0.082375,0.000000,3.713375,3.713375,3.631000,3.631000,0.000000,horizon_mpc_secbf,8,3.667912,true,osqp,optimal,25,2.753191,0,3.999620,accept,false,0.000000,0.000000,0.000000,0.000000,,,0.000000,0.000000,4.551033,0.000000
local_crowding,context_bl,SEESM w/o Feasibility-Preserving Update,100,10.000,2.200000,-0.350000,0.000000,0.000000,2.927961,-0.450000,3.100000,-0.060000,0.420000,adult,walking,attentive,,0.000000,0.375000,4.350287,3.750287,0.082375,0.082375,0.082375,0.082375,0.000000,0.082375,0.000000,3.750287,3.750287,3.667912,3.667912,0.000000,horizon_mpc_secbf,8,3.704925,true,osqp,optimal,25,2.823830,0,4.037543,accept,false,0.000000,0.000000,0.000000,0.000000,,,0.000000,0.000000,4.551033,0.000000
local_crowding,context_bl,SEESM w/o Feasibility-Preserving Update,101,10.100,2.200000,-0.350000,0.000000,0.000000,2.927961,-0.456000,3.142000,-0.060000,0.420000,adult,walking,attentive,,0.000000,0.375000,4.387300,3.787300,0.082375,0.082375,0.082375,0.082375,0.000000,0.082375,0.000000,3.787300,3.787300,3.704925,3.704925,0.000000,horizon_mpc_secbf,8,3.742035,true,osqp,optimal,25,3.235291,0,4.075540,accept,false,0.000000,0.000000,0.000000,0.000000,,,0.000000,0.000000,4.551033,0.000000
local_crowding,context_bl,SEESM w/o Feasibility-Preserving Update,102,10.200,2.200000,-0.350000,0.000000,0.000000,2.927961,-0.462000,3.184000,-0.060000,0.420000,adult,walking,attentive,,0.000000,0.375000,4.424410,3.824410,0.082375,0.082375,0.082375,0.082375,0.000000,0.082375,0.000000,3.824410,3.824410,3.742035,3.742035,0.000000,horizon_mpc_secbf,8,3.779239,true,osqp,optimal,25,3.752158,0,4.113610,accept,false,0.000000,0.000000,0.000000,0.000000,,,0.000000,0.000000,4.551033,0.000000
local_crowding,context_bl,SEESM w/o Feasibility-Preserving Update,103,10.300,2.200000,-0.350000,0.000000,0.000000,2.927961,-0.468000,3.226000,-0.060000,0.420000,adult,walking,attentive,,0.000000,0.375000,4.461614,3.861614,0.082375,0.082375,0.082375,0.082375,0.000000,0.082375,0.000000,3.861614,3.861614,3.779239,3.779239,0.000000,horizon_mpc_secbf,8,3.816536,true,osqp,optimal,25,3.479610,0,4.151750,accept,false,0.000000,0.000000,0.000000,0.000000,,,0.000000,0.000000,4.551033,0.000000
local_crowding,context_bl,SEESM w/o Feasibility-Preserving Update,104,10.400,2.200000,-0.350000,0.000000,0.000000,2.927961,-0.474000,3.268000,-0.060000,0.420000,adult,walking,attentive,,0.000000,0.375000,4.498911,3.898911,0.082375,0.082375,0.082375,0.082375,0.000000,0.082375,0.000000,3.898911,3.898911,3.816536,3.816536,0.000000,horizon_mpc_secbf,8,3.853923,true,osqp,optimal,25,6.081473,0,4.189960,accept,false,0.000000,0.000000,0.000000,0.000000,,,0.000000,0.000000,4.551033,0.000000
local_crowding,context_bl,SEESM w/o Feasibility-Preserving Update,105,10.500,2.200000,-0.350000,0.000000,0.000000,2.927961,-0.480000,3.310000,-0.060000,0.420000,adult,walking,attentive,,0.000000,0.375000,4.536298,3.936298,0.082375,0.082375,0.082375,0.082375,0.000000,0.082375,0.000000,3.936298,3.936298,3.853923,3.853923,0.000000,horizon_mpc_secbf,8,3.891398,true,osqp,optimal,25,3.717077,0,4.228237,accept,false,0.000000,0.000000,0.000000,0.000000,,,0.000000,0.000000,4.551033,0.000000
local_crowding,context_bl,SEESM w/o Feasibility-Preserving Update,106,10.600,2.200000,-0.350000,0.000000,0.000000,2.927961,-0.486000,3.352000,-0.060000,0.420000,adult,walking,attentive,,0.000000,0.375000,4.573773,3.973773,0.082375,0.082375,0.082375,0.082375,0.000000,0.082375,0.000000,3.973773,3.973773,3.891398,3.891398,0.000000,horizon_mpc_secbf,8,3.928959,true,osqp,optimal,25,3.276215,0,4.266581,accept,false,0.000000,0.000000,0.000000,0.000000,,,0.000000,0.000000,4.551033,0.000000
local_crowding,context_bl,SEESM w/o Feasibility-Preserving Update,107,10.700,2.200000,-0.350000,0.000000,0.000000,2.927961,-0.492000,3.394000,-0.060000,0.420000,adult,walking,attentive,,0.000000,0.375000,4.611334,4.011334,0.082375,0.082375,0.082375,0.082375,0.000000,0.082375,0.000000,4.011334,4.011334,3.928959,3.928959,0.000000,horizon_mpc_secbf,8,3.966603,true,osqp,optimal,25,3.377905,0,4.304989,accept,false,0.000000,0.000000,0.000000,0.000000,,,0.000000,0.000000,4.551033,0.000000
local_crowding,context_bl,SEESM w/o Feasibility-Preserving Update,108,10.800,2.200000,-0.350000,0.000000,0.000000,2.927961,-0.498000,3.436000,-0.060000,0.420000,adult,walking,attentive,,0.000000,0.375000,4.648978,4.048978,0.082375,0.082375,0.082375,0.082375,0.000000,0.082375,0.000000,4.048978,4.048978,3.966603,3.966603,0.000000,horizon_mpc_secbf,8,4.004330,true,osqp,optimal,25,3.389215,0,4.343460,accept,false,0.000000,0.000000,0.000000,0.000000,,,0.000000,0.000000,4.551033,0.000000
local_crowding,context_bl,SEESM w/o Feasibility-Preserving Update,109,10.900,2.200000,-0.350000,0.000000,0.000000,2.927961,-0.504000,3.478000,-0.060000,0.420000,adult,walking,attentive,,0.000000,0.375000,4.686705,4.086705,0.082375,0.082375,0.082375,0.082375,0.000000,0.082375,0.000000,4.086705,4.086705,4.004330,4.004330,0.000000,horizon_mpc_secbf,8,4.042136,true,osqp,optimal,25,3.571316,0,4.381994,accept,false,0.000000,0.000000,0.000000,0.000000,,,0.000000,0.000000,4.551033,0.000000
local_crowding,context_bl,SEESM w/o Feasibility-Preserving Update,110,11.000,2.200000,-0.350000,0.000000,0.000000,2.927961,-0.510000,3.520000,-0.060000,0.420000,adult,walking,attentive,,0.000000,0.375000,4.724511,4.124511,0.082375,0.082375,0.082375,0.082375,0.000000,0.082375,0.000000,4.124511,4.124511,4.042136,4.042136,0.000000,horizon_mpc_secbf,8,4.080019,true,osqp,optimal,25,3.461964,0,4.420587,accept,false,0.000000,0.000000,0.000000,0.000000,,,0.000000,0.000000,4.551033,0.000000
local_crowding,context_bl,SEESM w/o Feasibility-Preserving Update,111,11.100,2.200000,-0.350000,0.000000,0.000000,2.927961,-0.516000,3.562000,-0.060000,0.420000,adult,walking,attentive,,0.000000,0.375000,4.762394,4.162394,0.082375,0.082375,0.082375,0.082375,0.000000,0.082375,0.000000,4.162394,4.162394,4.080019,4.080019,0.000000,horizon_mpc_secbf,8,4.117979,true,osqp,optimal,25,3.380425,0,4.459240,accept,false,0.000000,0.000000,0.000000,0.000000,,,0.000000,0.000000,4.551033,0.000000
local_crowding,context_bl,SEESM w/o Feasibility-Preserving Update,112,11.200,2.200000,-0.350000,0.000000,0.000000,2.927961,-0.522000,3.604000,-0.060000,0.420000,adult,walking,attentive,,0.000000,0.375000,4.800354,4.200354,0.082375,0.082375,0.082375,0.082375,0.000000,0.082375,0.000000,4.200354,4.200354,4.117979,4.117979,0.000000,horizon_mpc_secbf,8,4.156013,true,osqp,optimal,25,8.785951,0,4.497951,accept,false,0.000000,0.000000,0.000000,0.000000,,,0.000000,0.000000,4.551033,0.000000
local_crowding,context_bl,SEESM w/o Feasibility-Preserving Update,113,11.300,2.200000,-0.350000,0.000000,0.000000,2.927961,-0.528000,3.646000,-0.060000,0.420000,adult,walking,attentive,,0.000000,0.375000,4.838388,4.238388,0.082375,0.082375,0.082375,0.082375,0.000000,0.082375,0.000000,4.238388,4.238388,4.156013,4.156013,0.000000,horizon_mpc_secbf,8,4.194120,true,osqp,optimal,25,5.111277,0,4.536718,accept,false,0.000000,0.000000,0.000000,0.000000,,,0.000000,0.000000,4.551033,0.000000
local_crowding,context_bl,SEESM w/o Feasibility-Preserving Update,114,11.400,2.200000,-0.350000,0.000000,0.000000,2.927961,-0.534000,3.688000,-0.060000,0.420000,adult,walking,attentive,,0.000000,0.375000,4.876495,4.276495,0.082375,0.082375,0.082375,0.082375,0.000000,0.082375,0.000000,4.276495,4.276495,4.194120,4.194120,0.000000,horizon_mpc_secbf,8,4.232297,true,osqp,optimal,25,4.684785,0,4.575541,accept,false,0.000000,0.000000,0.000000,0.000000,,,0.000000,0.000000,4.551033,0.000000
local_crowding,context_bl,SEESM w/o Feasibility-Preserving Update,115,11.500,2.200000,-0.350000,0.000000,0.000000,2.927961,-0.540000,3.730000,-0.060000,0.420000,adult,walking,attentive,,0.000000,0.375000,4.914672,4.314672,0.082375,0.082375,0.082375,0.082375,0.000000,0.082375,0.000000,4.314672,4.314672,4.232297,4.232297,0.000000,horizon_mpc_secbf,8,4.270543,true,osqp,optimal,25,4.305280,0,4.614418,accept,false,0.000000,0.000000,0.000000,0.000000,,,0.000000,0.000000,4.551033,0.000000
local_crowding,context_bl,SEESM w/o Feasibility-Preserving Update,116,11.600,2.200000,-0.350000,0.000000,0.000000,2.927961,-0.546000,3.772000,-0.060000,0.420000,adult,walking,attentive,,0.000000,0.375000,4.952918,4.352918,0.082375,0.082375,0.082375,0.082375,0.000000,0.082375,0.000000,4.352918,4.352918,4.270543,4.270543,0.000000,horizon_mpc_secbf,8,4.308857,true,osqp,optimal,25,3.456777,0,4.653348,accept,false,0.000000,0.000000,0.000000,0.000000,,,0.000000,0.000000,4.551033,0.000000
local_crowding,context_bl,SEESM w/o Feasibility-Preserving Update,117,11.700,2.200000,-0.350000,0.000000,0.000000,2.927961,-0.552000,3.814000,-0.060000,0.420000,adult,walking,attentive,,0.000000,0.375000,4.991232,4.391232,0.082375,0.082375,0.082375,0.082375,0.000000,0.082375,0.000000,4.391232,4.391232,4.308857,4.308857,0.000000,horizon_mpc_secbf,8,4.347237,true,osqp,optimal,25,2.905923,0,4.692330,accept,false,0.000000,0.000000,0.000000,0.000000,,,0.000000,0.000000,4.551033,0.000000
local_crowding,context_bl,SEESM w/o Feasibility-Preserving Update,118,11.800,2.200000,-0.350000,0.000000,0.000000,2.927961,-0.558000,3.856000,-0.060000,0.420000,adult,walking,attentive,,0.000000,0.375000,5.029612,4.429612,0.082375,0.082375,0.082375,0.082375,0.000000,0.082375,0.000000,4.429612,4.429612,4.347237,4.347237,0.000000,horizon_mpc_secbf,8,4.385682,true,osqp,optimal,25,3.566782,0,4.731362,accept,false,0.000000,0.000000,0.000000,0.000000,,,0.000000,0.000000,4.551033,0.000000
local_crowding,context_bl,SEESM w/o Feasibility-Preserving Update,119,11.900,2.200000,-0.350000,0.000000,0.000000,2.927961,-0.564000,3.898000,-0.060000,0.420000,adult,walking,attentive,,0.000000,0.375000,5.068057,4.468057,0.082375,0.082375,0.082375,0.082375,0.000000,0.082375,0.000000,4.468057,4.468057,4.385682,4.385682,0.000000,horizon_mpc_secbf,8,4.424189,true,osqp,optimal,25,5.744213,0,4.770445,accept,false,0.000000,0.000000,0.000000,0.000000,,,0.000000,0.000000,4.551033,0.000000
local_crowding,context_bl,Proposed MPC-SECBF,0,0.000,-2.200000,-0.350000,0.000000,0.000000,0.000000,0.150000,-1.100000,-0.060000,0.420000,pedestrian,walking,unknown,10.098536,1.000000,0.375000,2.466779,1.866779,0.249000,0.050000,0.249000,0.050000,0.153124,0.203124,0.050000,1.866779,1.713655,1.663655,1.663655,0.000000,horizon_mpc_secbf,8,0.972083,true,osqp,optimal,75,5.185716,0,0.887181,accept,false,0.750000,0.000000,0.621017,0.000000,,,0.621017,0.621017,0.062102,4.400000
local_crowding,context_bl,Proposed MPC-SECBF,1,0.100,-2.137898,-0.350000,0.621017,0.000000,0.000000,0.144000,-1.058000,-0.060000,0.420000,pedestrian,walking,unknown,2.308990,1.000000,0.375000,2.389210,1.789210,0.289584,0.100000,0.289584,0.100000,0.762629,0.862629,0.050000,1.789210,1.026581,0.926581,0.926581,0.000000,horizon_mpc_secbf,8,0.226236,true,osqp,optimal,75,3.462004,0,0.051329,accept,false,0.750000,-0.000000,0.726100,0.000000,,,0.726100,0.105084,0.134712,4.337898
local_crowding,context_bl,Proposed MPC-SECBF,2,0.200,-2.065288,-0.350000,0.726100,0.000000,0.000001,0.138000,-1.016000,-0.060000,0.420000,pedestrian,walking,unknown,1.947079,1.000000,0.375000,2.301746,1.701746,0.298270,0.150000,0.298270,0.150000,0.863366,1.013366,0.050000,1.701746,0.838380,0.688380,0.688380,0.000026,horizon_mpc_secbf,8,-0.000026,true,osqp,optimal,50,3.237958,0,-0.182810,accept,false,0.750000,-0.000000,0.724601,0.004659,,,0.724616,0.004894,0.207173,4.265288
local_crowding,context_bl,Proposed MPC-SECBF,3,0.300,-1.992828,-0.349534,0.724601,0.004659,0.006429,0.132000,-0.974000,-0.060000,0.420000,pedestrian,walking,unknown,1.856227,1.000000,0.375000,2.214690,1.614690,0.300451,0.200000,0.300451,0.200000,0.858246,1.058246,0.050000,1.614690,0.756444,0.556444,0.556444,0.000191,horizon_mpc_secbf,8,-0.000191,true,osqp,optimal,50,3.122997,0,-0.177191,accept,false,0.750000,-0.000083,0.591067,0.032802,,,0.591976,0.136468,0.266371,4.192828
local_crowding,context_bl,Proposed MPC-SECBF,4,0.400,-1.933721,-0.346254,0.591067,0.032802,0.055439,0.126000,-0.932000,-0.060000,0.420000,pedestrian,walking,unknown,2.105296,1.000000,0.375000,2.141390,1.541390,0.294473,0.250000,0.294473,0.250000,0.718811,0.968811,0.050000,1.541390,0.822579,0.572579,0.572579,0.000161,horizon_mpc_secbf,8,-0.000161,true,osqp,optimal,50,3.890248,0,-0.160537,accept,false,0.750000,-0.000680,0.591634,0.030671,,,0.592428,0.002205,0.325614,4.133723
local_crowding,context_bl,Proposed MPC-SECBF,5,0.500,-1.874558,-0.343187,0.591634,0.030671,0.051795,0.120000,-0.890000,-0.060000,0.420000,pedestrian,walking,unknown,2.007372,1.000000,0.375000,2.068155,1.468155,0.296823,0.296823,0.296823,0.296823,0.716028,1.012852,0.046823,1.468155,0.752127,0.455304,0.455304,0.000306,horizon_mpc_secbf,8,-0.000306,true,osqp,optimal,50,3.183414,0,-0.156879,accept,false,0.749999,-0.001254,0.473599,0.049807,,,0.476211,0.119575,0.373235,4.074564
local_crowding,context_bl,Proposed MPC-SECBF,6,0.600,-1.827198,-0.338206,0.473599,0.049807,0.104781,0.114000,-0.848000,-0.060000,0.420000,pedestrian,walking,unknown,2.306104,1.000000,0.375000,2.007023,1.407023,0.289654,0.289654,0.289654,0.289654,0.592518,0.882172,0.000000,1.407023,0.814504,0.524851,0.524851,0.000208,horizon_mpc_secbf,8,-0.000208,true,osqp,optimal,50,3.655957,0,-0.145971,accept,false,0.749997,-0.002196,0.532881,0.035783,,,0.534081,0.060918,0.426643,4.027215
local_crowding,context_bl,Proposed MPC-SECBF,7,0.700,-1.773910,-0.334628,0.532881,0.035783,0.067049,0.108000,-0.806000,-0.060000,0.420000,pedestrian,walking,unknown,2.004653,1.000000,0.375000,1.940046,1.340046,0.296888,0.296888,0.296888,0.296888,0.648073,0.944962,0.007235,1.340046,0.691972,0.395084,0.395084,0.000369,horizon_mpc_secbf,8,-0.000369,true,osqp,optimal,50,3.631626,0,-0.150361,accept,false,0.749994,-0.002901,0.410607,0.052428,,,0.413941,0.123401,0.468037,3.973940
local_crowding,context_bl,Proposed MPC-SECBF,8,0.800,-1.732849,-0.329385,0.410607,0.052428,0.126998,0.102000,-0.764000,-0.060000,0.420000,pedestrian,walking,unknown,2.369119,1.000000,0.375000,1.885620,1.285620,0.288141,0.288141,0.288141,0.288141,0.519731,0.807873,0.000000,1.285620,0.765888,0.477747,0.477747,0.000253,horizon_mpc_secbf,8,-0.000254,true,osqp,optimal,50,3.903759,0,-0.138809,accept,false,0.749990,-0.003931,0.483638,0.039030,,,0.485210,0.074249,0.516558,3.932903
local_crowding,context_bl,Proposed MPC-SECBF,9,0.900,-1.684486,-0.325482,0.483638,0.039030,0.080527,0.096000,-0.722000,-0.060000,0.420000,adult,walking,attentive,1.995436,1.000000,0.375000,1.824104,1.224104,0.181450,0.181450,0.181450,0.181450,0.587158,0.768609,0.000000,1.224104,0.636946,0.455495,0.455495,0.000277,horizon_mpc_secbf,8,-0.000277,true,osqp,optimal,50,3.134301,0,-0.148459,accept,false,0.749985,-0.004734,0.476425,0.049061,,,0.478945,0.012355,0.564453,3.884563
local_crowding,context_bl,Proposed MPC-SECBF,10,1.000,-1.636843,-0.320576,0.476425,0.049061,0.102616,0.090000,-0.680000,-0.060000,0.420000,adult,walking,attentive,1.937308,1.000000,0.375000,1.763852,1.163852,0.182409,0.182409,0.182409,0.182409,0.573378,0.755788,0.000959,1.163852,0.590473,0.408064,0.408064,0.000330,horizon_mpc_secbf,8,-0.000330,true,osqp,optimal,50,3.252237,0,-0.144149,accept,false,0.749978,-0.005751,0.430328,0.064196,,,0.435090,0.048519,0.607961,3.836956
local_crowding,context_bl,Proposed MPC-SECBF,11,1.100,-1.593810,-0.314156,0.430328,0.064196,0.148087,0.084000,-0.638000,-0.060000,0.420000,adult,walking,attentive,2.020101,1.000000,0.375000,1.708778,1.108778,0.181043,0.181043,0.181043,0.181043,0.520865,0.701909,0.000000,1.108778,0.587913,0.406869,0.406869,0.000323,horizon_mpc_secbf,8,-0.000324,true,osqp,optimal,50,3.282634,0,-0.136651,accept,false,0.749967,-0.007086,0.426783,0.072368,,,0.432875,0.008907,0.651249,3.793980
local_crowding,context_bl,Proposed MPC-SECBF,12,1.200,-1.551132,-0.306920,0.426783,0.072368,0.167967,0.078000,-0.596000,-0.060000,0.420000,adult,walking,attentive,1.952809,1.000000,0.375000,1.654581,1.054581,0.182154,0.182154,0.182154,0.182154,0.510733,0.692887,0.001110,1.054581,0.543848,0.361695,0.361695,0.000374,horizon_mpc_secbf,8,-0.000374,true,osqp,optimal,50,3.040759,0,-0.133169,accept,false,0.749951,-0.008613,0.382929,0.081610,,,0.391529,0.044818,0.690402,3.751379
local_crowding,context_bl,Proposed MPC-SECBF,13,1.300,-1.512839,-0.298759,0.382929,0.081610,0.209979,0.072000,-0.554000,-0.060000,0.420000,adult,walking,attentive,2.046961,1.000000,0.375000,1.605261,1.005261,0.180600,0.180600,0.180600,0.180600,0.460328,0.640928,0.000000,1.005261,0.544933,0.364333,0.364333,0.000363,horizon_mpc_secbf,8,-0.000363,true,osqp,optimal,50,3.689578,0,-0.126505,accept,false,0.749929,-0.010350,0.383575,0.084982,,,0.392876,0.003433,0.729690,3.713193
local_crowding,context_bl,Proposed MPC-SECBF,14,1.400,-1.474482,-0.290260,0.383575,0.084982,0.218031,0.066000,-0.512000,-0.060000,0.420000,adult,walking,attentive,1.964659,1.000000,0.375000,1.556359,0.956359,0.181958,0.181958,0.181958,0.181958,0.453618,0.635576,0.001358,0.956359,0.502740,0.320782,0.320782,0.000412,horizon_mpc_secbf,8,-0.000412,true,osqp,optimal,50,4.363261,0,-0.124170,accept,false,0.749901,-0.012192,0.342077,0.087386,,,0.353062,0.041568,0.764996,3.674967
local_crowding,context_bl,Proposed MPC-SECBF,15,1.500,-1.440274,-0.281522,0.342077,0.087386,0.250109,0.060000,-0.470000,-0.060000,0.420000,adult,walking,attentive,2.070992,1.000000,0.375000,1.512067,0.912067,0.180204,0.180204,0.180204,0.180204,0.404451,0.584655,0.000000,0.912067,0.507616,0.327412,0.327412,0.000395,horizon_mpc_secbf,8,-0.000395,true,osqp,optimal,50,3.886069,0,-0.118542,accept,false,0.749867,-0.014106,0.347894,0.085972,,,0.358359,0.005987,0.800832,3.640918
local_crowding,context_bl,Proposed MPC-SECBF,16,1.600,-1.405485,-0.272924,0.347894,0.085972,0.242268,0.054000,-0.428000,-0.060000,0.420000,adult,walking,attentive,1.968004,1.000000,0.375000,1.467700,0.867700,0.181903,0.181903,0.181903,0.181903,0.400992,0.582895,0.001699,0.867700,0.466708,0.284806,0.284806,0.000442,horizon_mpc_secbf,8,-0.000442,true,osqp,optimal,50,5.152078,0,-0.117772,accept,false,0.749829,-0.016029,0.309254,0.080869,,,0.319653,0.038975,0.832797,3.606308
local_crowding,context_bl,Proposed MPC-SECBF,17,1.700,-1.374559,-0.264838,0.309254,0.080869,0.255770,0.048000,-0.386000,-0.060000,0.420000,adult,walking,attentive,2.086475,1.000000,0.375000,1.427710,0.827710,0.179948,0.179948,0.179948,0.179948,0.352088,0.532036,0.000000,0.827710,0.475621,0.295673,0.295673,0.000419,horizon_mpc_secbf,8,-0.000419,true,osqp,optimal,50,3.562402,0,-0.113544,accept,false,0.749787,-0.017863,0.321731,0.074963,,,0.330349,0.013804,0.865832,3.575573
local_crowding,context_bl,Proposed MPC-SECBF,18,1.800,-1.342386,-0.257341,0.321731,0.074963,0.228915,0.042000,-0.344000,-0.060000,0.420000,adult,walking,attentive,1.955314,1.000000,0.375000,1.387096,0.787096,0.182112,0.182112,0.182112,0.182112,0.351685,0.533797,0.002164,0.787096,0.435411,0.253298,0.253298,0.000464,horizon_mpc_secbf,8,-0.000464,true,osqp,optimal,50,3.615473,0,-0.115054,accept,false,0.749744,-0.019611,0.287103,0.061586,,,0.293634,0.037123,0.895195,3.543598
local_crowding,context_bl,Proposed MPC-SECBF,19,1.900,-1.313676,-0.251183,0.287103,0.061586,0.211306,0.036000,-0.302000,-0.060000,0.420000,adult,walking,attentive,2.083110,1.000000,0.375000,1.350632,0.750632,0.180004,0.180004,0.180004,0.180004,0.301933,0.481937,0.000000,0.750632,0.448699,0.268695,0.268695,0.000433,horizon_mpc_secbf,8,-0.000433,true,osqp,optimal,50,3.868226,0,-0.112828,accept,false,0.749704,-0.021084,0.308374,0.052069,,,0.312739,0.023303,0.926469,3.515065
local_crowding,context_bl,Proposed MPC-SECBF,20,2.000,-1.282838,-0.245976,0.308374,0.052069,0.167272,0.030000,-0.260000,-0.060000,0.420000,adult,walking,attentive,1.914977,1.000000,0.375000,1.312913,0.712913,0.182778,0.182778,0.182778,0.182778,0.304319,0.487096,0.002774,0.712913,0.408595,0.225817,0.225817,0.000233,horizon_mpc_secbf,8,-0.000156,true,osqp,optimal,50,3.304785,0,-0.304178,accept,false,0.749666,-0.022391,0.462818,-0.276512,,,0.539128,0.363068,0.980382,3.484391
local_crowding,context_bl,Proposed MPC-SECBF,21,2.100,-1.236557,-0.273627,0.462818,-0.276512,-0.538545,0.024000,-0.218000,-0.060000,0.420000,adult,walking,attentive,1.346175,1.000000,0.375000,1.261783,0.661783,0.192163,0.192163,0.192163,0.192163,0.208231,0.400395,0.009385,0.661783,0.453552,0.261389,0.261389,0.000133,horizon_mpc_secbf,8,-0.000122,true,osqp,optimal,50,4.333958,0,-0.345797,accept,false,0.749815,-0.016664,0.579275,-0.290758,,,0.648151,0.117325,1.045197,3.437405
local_crowding,context_bl,Proposed MPC-SECBF,22,2.200,-1.178629,-0.302703,0.579275,-0.290758,-0.465195,0.018000,-0.176000,-0.060000,0.420000,adult,walking,attentive,1.075660,1.000000,0.375000,1.203318,0.603318,0.196627,0.196627,0.196627,0.196627,0.197344,0.393970,0.004463,0.603318,0.405975,0.209348,0.209348,0.000149,horizon_mpc_secbf,8,-0.000150,true,osqp,optimal,50,4.631049,0,-0.370355,accept,false,0.749927,-0.010498,0.599574,-0.302310,,,0.671477,0.023356,1.112345,3.378960
local_crowding,context_bl,Proposed MPC-SECBF,23,2.300,-1.118672,-0.332934,0.599574,-0.302310,-0.467008,0.012000,-0.134000,-0.060000,0.420000,adult,walking,attentive,1.045010,1.000000,0.375000,1.148039,0.548039,0.197132,0.197132,0.197132,0.197132,0.113330,0.310462,0.000506,0.548039,0.434709,0.237577,0.237577,0.000028,horizon_mpc_secbf,8,-0.000025,true,osqp,optimal,50,3.854087,0,-0.383065,accept,false,0.749990,-0.003857,0.685625,-0.236019,,,0.725112,0.108624,1.184856,3.318716
local_crowding,context_bl,Proposed MPC-SECBF,24,2.400,-1.050109,-0.356536,0.685625,-0.236019,-0.331534,0.006000,-0.092000,-0.060000,0.420000,adult,walking,attentive,0.866731,1.000000,0.375000,1.088736,0.488736,0.200074,0.200074,0.200074,0.200074,0.117231,0.317305,0.002942,0.488736,0.371505,0.171431,0.171431,0.000050,horizon_mpc_secbf,8,-0.000051,true,osqp,optimal,50,4.743813,0,-0.390865,accept,false,0.749998,0.001508,0.686278,-0.244953,,,0.728683,0.008958,1.257724,3.250116
local_crowding,context_bl,Proposed MPC-SECBF,25,2.500,-0.981481,-0.381031,0.686278,-0.244953,-0.342835,0.000000,-0.050000,-0.060000,0.420000,adult,walking,attentive,0.881070,1.000000,0.375000,1.035803,0.435803,0.199837,0.199837,0.199837,0.199837,0.012423,0.212261,0.000000,0.435803,0.423379,0.223542,0.223542,0.000000,horizon_mpc_secbf,8,0.079118,true,osqp,optimal,50,3.376477,0,-0.298741,accept,false,0.749964,0.007315,0.706161,-0.217372,,,0.738860,0.034000,1.331610,3.181633
local_crowding,context_bl,Proposed MPC-SECBF,26,2.600,-0.910865,-0.402768,0.706161,-0.217372,-0.298618,-0.006000,-0.008000,-0.060000,0.420000,adult,walking,attentive,0.865569,1.000000,0.375000,0.987230,0.387230,0.200093,0.200093,0.200093,0.200093,0.000000,0.200093,0.000256,0.387230,0.441419,0.241326,0.187137,0.000000,horizon_mpc_secbf,8,0.087982,true,osqp,optimal,50,3.792781,0,-0.261383,accept,false,0.749892,0.012720,0.706771,-0.215896,,,0.739010,0.001597,1.405511,3.111313
local_crowding,context_bl,Proposed MPC-SECBF,27,2.700,-0.840188,-0.424358,0.706771,-0.215896,-0.296466,-0.012000,0.034000,-0.060000,0.420000,adult,walking,attentive,0.954841,1.000000,0.375000,0.946566,0.346566,0.198620,0.198620,0.198620,0.198620,0.000000,0.198620,0.000000,0.346566,0.495976,0.297356,0.147946,0.000000,horizon_mpc_secbf,8,0.086885,true,osqp,optimal,50,3.375431,0,-0.213687,accept,false,0.749776,0.018338,0.706123,-0.217458,,,0.738849,0.001691,1.479396,3.041097
local_crowding,context_bl,Proposed MPC-SECBF,28,2.800,-0.769576,-0.446104,0.706123,-0.217458,-0.298744,-0.018000,0.076000,-0.060000,0.420000,adult,walking,attentive,1.186854,1.000000,0.375000,0.915128,0.315128,0.194792,0.194792,0.194792,0.194792,0.000000,0.194792,0.000000,0.315128,0.559653,0.364861,0.120336,0.000000,horizon_mpc_secbf,8,0.088942,true,osqp,optimal,50,4.517662,0,-0.145310,accept,false,0.749608,0.024259,0.706182,-0.217314,,,0.738863,0.000155,1.553282,2.971131
local_crowding,context_bl,Proposed MPC-SECBF,29,2.900,-0.698958,-0.467835,0.706182,-0.217314,-0.298535,-0.024000,0.118000,-0.060000,0.420000,adult,walking,attentive,1.825903,1.000000,0.375000,0.893740,0.293740,0.184248,0.184248,0.184248,0.184248,0.000000,0.184248,0.000000,0.293740,0.626546,0.442299,0.109492,0.000000,horizon_mpc_secbf,8,0.098621,true,osqp,optimal,50,3.526081,0,-0.054027,accept,false,0.749381,0.030460,0.707314,-0.214582,,,0.739147,0.002958,1.627197,2.901352
local_crowding,context_bl,Proposed MPC-SECBF,30,3.000,-0.628226,-0.489293,0.707314,-0.214582,-0.294551,-0.030000,0.160000,-0.060000,0.420000,adult,walking,attentive,5.313795,1.000000,0.375000,0.882868,0.282868,0.148375,0.148375,0.148375,0.148375,0.000000,0.148375,0.000000,0.282868,0.694962,0.546587,0.134493,0.000000,horizon_mpc_secbf,8,0.134213,true,osqp,optimal,50,3.846621,0,0.075730,accept,false,0.749092,0.036894,0.709568,-0.209139,,,0.739747,0.005891,1.701172,2.831654
local_crowding,context_bl,Proposed MPC-SECBF,31,3.100,-0.557270,-0.510207,0.709568,-0.209139,-0.286625,-0.036000,0.202000,-0.060000,0.420000,adult,walking,attentive,,0.000000,0.375000,0.882588,0.282588,0.082375,0.082375,0.082375,0.082375,0.000000,0.082375,0.000000,0.282588,0.282588,0.200213,0.200213,0.000000,horizon_mpc_secbf,8,0.210195,true,osqp,optimal,50,4.445336,0,0.244900,accept,false,0.748737,0.043504,0.712909,-0.201075,,,0.740723,0.008728,1.775244,2.761920
local_crowding,context_bl,Proposed MPC-SECBF,32,3.200,-0.485979,-0.530315,0.712909,-0.201075,-0.274908,-0.042000,0.244000,-0.060000,0.420000,adult,walking,attentive,,0.000000,0.375000,0.892570,0.292570,0.082375,0.082375,0.082375,0.082375,0.000000,0.082375,0.000000,0.292570,0.292570,0.210195,0.210195,0.000000,horizon_mpc_secbf,8,0.229760,true,osqp,optimal,50,4.985922,0,0.353265,accept,false,0.748316,0.050236,0.717254,-0.190584,,,0.742143,0.011356,1.849458,2.692024
local_crowding,context_bl,Proposed MPC-SECBF,33,3.300,-0.414253,-0.549373,0.717254,-0.190584,-0.259712,-0.048000,0.286000,-0.060000,0.420000,adult,walking,attentive,,0.000000,0.375000,0.912135,0.312135,0.082375,0.082375,0.082375,0.082375,0.000000,0.082375,0.000000,0.312135,0.312135,0.229760,0.229760,0.000000,horizon_mpc_secbf,8,0.257980,true,osqp,optimal,50,4.267484,0,0.463163,accept,false,0.747828,0.057032,0.722499,-0.177922,,,0.744084,0.013706,1.923867,2.621845
local_crowding,context_bl,Proposed MPC-SECBF,34,3.400,-0.342003,-0.567165,0.722499,-0.177922,-0.241454,-0.054000,0.328000,-0.060000,0.420000,adult,walking,attentive,,0.000000,0.375000,0.940355,0.340355,0.082375,0.082375,0.082375,0.082375,0.000000,0.082375,0.000000,0.340355,0.340355,0.257980,0.257980,0.000000,horizon_mpc_secbf,8,0.293798,true,osqp,optimal,50,3.656973,0,0.571824,accept,false,0.747278,0.063841,0.728522,-0.163381,,,0.746617,0.015739,1.998528,2.551263
local_crowding,context_bl,Proposed MPC-SECBF,35,3.500,-0.269151,-0.583503,0.728522,-0.163381,-0.220613,-0.060000,0.370000,-0.060000,0.420000,adult,walking,attentive,,0.000000,0.375000,0.976173,0.376173,0.082375,0.082375,0.082375,0.082375,0.000000,0.082375,0.000000,0.376173,0.376173,0.293798,0.293798,0.000000,horizon_mpc_secbf,8,0.336129,true,osqp,optimal,50,3.340733,0,0.677478,accept,false,0.746669,0.070611,0.734555,-0.147088,,,0.749137,0.017374,2.073442,2.480168
local_crowding,context_bl,Proposed MPC-SECBF,36,3.600,-0.195696,-0.598212,0.734555,-0.147088,-0.197627,-0.066000,0.412000,-0.060000,0.420000,adult,walking,attentive,,0.000000,0.375000,1.018504,0.418504,0.082375,0.082375,0.082375,0.082375,0.000000,0.082375,0.000000,0.418504,0.418504,0.336129,0.336129,0.000000,horizon_mpc_secbf,8,0.383851,true,osqp,optimal,50,4.097748,0,0.778698,accept,false,0.746007,0.077292,0.735591,-0.128343,,,0.746704,0.018773,2.148113,2.408520
local_crowding,context_bl,Proposed MPC-SECBF,37,3.700,-0.122136,-0.611046,0.735591,-0.128343,-0.172737,-0.072000,0.454000,-0.060000,0.420000,adult,walking,attentive,,0.000000,0.375000,1.066226,0.466226,0.082375,0.082375,0.082375,0.082375,0.000000,0.082375,0.000000,0.466226,0.466226,0.383851,0.383851,0.000000,horizon_mpc_secbf,8,0.435880,true,osqp,optimal,50,3.562170,0,0.874070,accept,false,0.745305,0.083785,0.735593,-0.108214,,,0.743510,0.020129,2.222464,2.336763
local_crowding,context_bl,Proposed MPC-SECBF,38,3.800,-0.048577,-0.621868,0.735593,-0.108214,-0.146064,-0.078000,0.496000,-0.060000,0.420000,adult,walking,attentive,,0.000000,0.375000,1.118255,0.518255,0.082375,0.082375,0.082375,0.082375,0.000000,0.082375,0.000000,0.518255,0.518255,0.435880,0.435880,0.000000,horizon_mpc_secbf,8,0.491277,true,osqp,optimal,50,4.405429,0,0.963771,accept,false,0.744577,0.090024,0.735594,-0.087133,,,0.740736,0.021081,2.296537,2.264953
local_crowding,context_bl,Proposed MPC-SECBF,39,3.900,0.024982,-0.630581,0.735594,-0.087133,-0.117904,-0.084000,0.538000,-0.060000,0.420000,adult,walking,attentive,,0.000000,0.375000,1.173652,0.573652,0.082375,0.082375,0.082375,0.082375,0.000000,0.082375,0.000000,0.573652,0.573652,0.491277,0.491277,0.000000,horizon_mpc_secbf,8,0.549262,true,osqp,optimal,50,4.607562,0,1.048452,accept,false,0.743836,0.095956,0.735594,-0.065396,,,0.738495,0.021737,2.370387,2.193041
local_crowding,context_bl,Proposed MPC-SECBF,40,4.000,0.098542,-0.637121,0.735594,-0.065396,-0.088669,-0.090000,0.580000,-0.060000,0.420000,adult,walking,attentive,,0.000000,0.375000,1.231637,0.631637,0.082375,0.082375,0.082375,0.082375,0.000000,0.082375,0.000000,0.631637,0.631637,0.549262,0.549262,0.000000,horizon_mpc_secbf,8,0.609203,true,osqp,optimal,50,3.947641,0,1.128842,accept,false,0.743096,0.101529,0.735594,-0.043249,,,0.736865,0.022147,2.444073,2.120982
local_crowding,context_bl,Proposed MPC-SECBF,41,4.100,0.172101,-0.641446,0.735594,-0.043249,-0.058727,-0.096000,0.622000,-0.060000,0.420000,adult,walking,attentive,,0.000000,0.375000,1.291578,0.691578,0.082375,0.082375,0.082375,0.082375,0.000000,0.082375,0.000000,0.691578,0.691578,0.609203,0.609203,0.000000,horizon_mpc_secbf,8,0.670592,true,osqp,optimal,50,3.076627,0,1.205655,accept,false,0.742372,0.106692,0.735594,-0.020910,,,0.735891,0.022339,2.517662,2.048735
local_crowding,context_bl,Proposed MPC-SECBF,42,4.200,0.245660,-0.643537,0.735594,-0.020910,-0.028418,-0.102000,0.664000,-0.060000,0.420000,adult,walking,attentive,,0.000000,0.375000,1.352967,0.752967,0.082375,0.082375,0.082375,0.082375,0.000000,0.082375,0.000000,0.752967,0.752967,0.670592,0.670592,0.000000,horizon_mpc_secbf,8,0.733033,true,osqp,optimal,50,3.112853,0,1.279546,accept,false,0.741681,0.111398,0.735593,0.001428,,,0.735595,0.022337,2.591222,1.976261
local_crowding,context_bl,Proposed MPC-SECBF,43,4.300,0.319220,-0.643394,0.735593,0.001428,0.001941,-0.108000,0.706000,-0.060000,0.420000,adult,walking,attentive,,0.000000,0.375000,1.415408,0.815408,0.082375,0.082375,0.082375,0.082375,0.000000,0.082375,0.000000,0.815408,0.815408,0.733033,0.733033,0.000000,horizon_mpc_secbf,8,0.796220,true,osqp,optimal,50,3.364691,0,1.351092,accept,false,0.741038,0.115599,0.735592,0.023591,,,0.735970,0.022163,2.664819,1.903527
local_crowding,context_bl,Proposed MPC-SECBF,44,4.400,0.392779,-0.641035,0.735592,0.023591,0.032059,-0.114000,0.748000,-0.060000,0.420000,adult,walking,attentive,,0.000000,0.375000,1.478595,0.878595,0.082375,0.082375,0.082375,0.082375,0.000000,0.082375,0.000000,0.878595,0.878595,0.796220,0.796220,0.000000,horizon_mpc_secbf,8,0.859920,true,osqp,optimal,75,3.882839,0,1.420791,accept,false,0.740460,0.119244,0.735589,0.045423,,,0.736990,0.021832,2.738518,1.830505
local_crowding,context_bl,Proposed MPC-SECBF,45,4.500,0.466338,-0.636492,0.735589,0.045423,0.061672,-0.120000,0.790000,-0.060000,0.420000,adult,walking,attentive,,0.000000,0.375000,1.542295,0.942295,0.082375,0.082375,0.082375,0.082375,0.000000,0.082375,0.000000,0.942295,0.942295,0.859920,0.859920,0.000000,horizon_mpc_secbf,8,0.923963,true,osqp,optimal,75,3.608276,0,1.489083,accept,false,0.739964,0.122281,0.735589,0.066776,,,0.738614,0.021353,2.812379,1.757175
local_crowding,context_bl,Proposed MPC-SECBF,46,4.600,0.539897,-0.629815,0.735589,0.066776,0.090531,-0.126000,0.832000,-0.060000,0.420000,adult,walking,attentive,,0.000000,0.375000,1.606338,1.006338,0.082375,0.082375,0.082375,0.082375,0.000000,0.082375,0.000000,1.006338,1.006338,0.923963,0.923963,0.000000,horizon_mpc_secbf,8,0.988233,true,osqp,optimal,75,4.140968,0,1.556381,accept,false,0.739568,0.124656,0.735589,0.087471,,,0.740772,0.020695,2.886456,1.683520
local_crowding,context_bl,Proposed MPC-SECBF,47,4.700,0.613456,-0.621068,0.735589,0.087471,0.118357,-0.132000,0.874000,-0.060000,0.420000,adult,walking,attentive,,0.000000,0.375000,1.670608,1.070608,0.082375,0.082375,0.082375,0.082375,0.000000,0.082375,0.000000,1.070608,1.070608,0.988233,0.988233,0.000000,horizon_mpc_secbf,8,1.052682,true,osqp,optimal,75,5.869023,0,1.623278,accept,false,0.739287,0.126310,0.735589,0.107081,,,0.743343,0.019610,2.960791,1.609534
local_crowding,context_bl,Proposed MPC-SECBF,48,4.800,0.687015,-0.610360,0.735589,0.107081,0.144556,-0.138000,0.916000,-0.060000,0.420000,adult,walking,attentive,,0.000000,0.375000,1.735057,1.135057,0.082375,0.082375,0.082375,0.082375,0.000000,0.082375,0.000000,1.135057,1.135057,1.052682,1.052682,0.000000,horizon_mpc_secbf,8,1.117448,true,osqp,optimal,75,4.710818,0,1.691655,accept,false,0.739136,0.127193,0.735589,0.123686,,,0.745915,0.016605,3.035382,1.535224
local_crowding,context_bl,Proposed MPC-SECBF,49,4.900,0.760574,-0.597991,0.735589,0.123686,0.166587,-0.144000,0.958000,-0.060000,0.420000,adult,walking,attentive,,0.000000,0.375000,1.799823,1.199823,0.082375,0.082375,0.082375,0.082375,0.000000,0.082375,0.000000,1.199823,1.199823,1.117448,1.117448,0.000000,horizon_mpc_secbf,8,1.183572,true,osqp,optimal,75,3.636429,0,1.770859,accept,false,0.739111,0.127338,0.735589,0.126711,,,0.746423,0.003025,3.110024,1.460633
local_crowding,context_bl,Proposed MPC-SECBF,50,5.000,0.834133,-0.585320,0.735589,0.126711,0.170584,-0.150000,1.000000,-0.060000,0.420000,adult,walking,attentive,,0.000000,0.375000,1.865947,1.265947,0.082375,0.082375,0.082375,0.082375,0.000000,0.082375,0.000000,1.265947,1.265947,1.183572,1.183572,0.000000,horizon_mpc_secbf,8,1.251110,true,osqp,optimal,75,4.129702,0,1.851918,accept,false,0.739111,0.127339,0.735590,0.127231,,,0.746512,0.000520,3.184676,1.385990
local_crowding,context_bl,Proposed MPC-SECBF,51,5.100,0.907692,-0.572597,0.735590,0.127231,0.171270,-0.156000,1.042000,-0.060000,0.420000,adult,walking,attentive,,0.000000,0.375000,1.933485,1.333485,0.082375,0.082375,0.082375,0.082375,0.000000,0.082375,0.000000,1.333485,1.333485,1.251110,1.251110,0.000000,horizon_mpc_secbf,8,1.319954,true,osqp,optimal,75,4.624692,0,1.933225,accept,false,0.739116,0.127311,0.735590,0.127297,,,0.746523,0.000066,3.259328,1.311339
local_crowding,context_bl,Proposed MPC-SECBF,52,5.200,0.981250,-0.559867,0.735590,0.127297,0.171358,-0.162000,1.084000,-0.060000,0.420000,adult,walking,attentive,,0.000000,0.375000,2.002329,1.402329,0.082375,0.082375,0.082375,0.082375,0.000000,0.082375,0.000000,1.402329,1.402329,1.319954,1.319954,0.000000,horizon_mpc_secbf,8,1.389981,true,osqp,optimal,75,4.525382,0,2.014521,accept,false,0.739122,0.127276,0.735590,0.127280,,,0.746520,0.000017,3.333980,1.236687
local_crowding,context_bl,Proposed MPC-SECBF,53,5.300,1.054809,-0.547139,0.735590,0.127280,0.171335,-0.168000,1.126000,-0.060000,0.420000,adult,walking,attentive,,0.000000,0.375000,2.072356,1.472356,0.082375,0.082375,0.082375,0.082375,0.000000,0.082375,0.000000,1.472356,1.472356,1.389981,1.389981,0.000000,horizon_mpc_secbf,8,1.461075,true,osqp,optimal,75,4.585901,0,2.095783,accept,false,0.739128,0.127237,0.735590,0.127246,,,0.746515,0.000034,3.408631,1.162035
local_crowding,context_bl,Proposed MPC-SECBF,54,5.400,1.128368,-0.534415,0.735590,0.127246,0.171289,-0.174000,1.168000,-0.060000,0.420000,adult,walking,attentive,,0.000000,0.375000,2.143450,1.543450,0.082375,0.082375,0.082375,0.082375,0.000000,0.082375,0.000000,1.543450,1.543450,1.461075,1.461075,0.000000,horizon_mpc_secbf,8,1.533136,true,osqp,optimal,75,6.019311,0,2.177028,accept,false,0.739135,0.127196,0.735590,0.127206,,,0.746508,0.000040,3.483282,1.087383
local_crowding,context_bl,Proposed MPC-SECBF,55,5.500,1.201928,-0.521694,0.735590,0.127206,0.171237,-0.180000,1.210000,-0.060000,0.420000,adult,walking,attentive,,0.000000,0.375000,2.215511,1.615511,0.082375,0.082375,0.082375,0.082375,0.000000,0.082375,0.000000,1.615511,1.615511,1.533136,1.533136,0.000000,horizon_mpc_secbf,8,1.606071,true,osqp,optimal,75,4.095738,0,2.258275,accept,false,0.739143,0.127152,0.735591,0.127162,,,0.746501,0.000043,3.557932,1.012733
local_crowding,context_bl,Proposed MPC-SECBF,56,5.600,1.275487,-0.508978,0.735591,0.127162,0.171179,-0.186000,1.252000,-0.060000,0.420000,adult,walking,attentive,,0.000000,0.375000,2.288446,1.688446,0.082375,0.082375,0.082375,0.082375,0.000000,0.082375,0.000000,1.688446,1.688446,1.606071,1.606071,0.000000,horizon_mpc_secbf,8,1.679801,true,osqp,optimal,75,3.388731,0,2.339542,accept,false,0.739151,0.127103,0.735591,0.127115,,,0.746493,0.000047,3.632582,0.938083
local_crowding,context_bl,Proposed MPC-SECBF,57,5.700,1.349046,-0.496266,0.735591,0.127115,0.171117,-0.192000,1.294000,-0.060000,0.420000,adult,walking,attentive,,0.000000,0.375000,2.362176,1.762176,0.082375,0.082375,0.082375,0.082375,0.000000,0.082375,0.000000,1.762176,1.762176,1.679801,1.679801,0.000000,horizon_mpc_secbf,8,1.754253,true,osqp,optimal,75,4.036524,0,2.420845,accept,false,0.739160,0.127051,0.735591,0.127063,,,0.746485,0.000052,3.707230,0.863433
local_crowding,context_bl,Proposed MPC-SECBF,58,5.800,1.422605,-0.483560,0.735591,0.127063,0.171048,-0.198000,1.336000,-0.060000,0.420000,adult,walking,attentive,,0.000000,0.375000,2.436628,1.836628,0.082375,0.082375,0.082375,0.082375,0.000000,0.082375,0.000000,1.836628,1.836628,1.754253,1.754253,0.000000,horizon_mpc_secbf,8,1.829365,true,osqp,optimal,75,4.765484,0,2.502196,accept,false,0.739170,0.126993,0.735591,0.127006,,,0.746475,0.000057,3.781878,0.788785
local_crowding,context_bl,Proposed MPC-SECBF,59,5.900,1.496164,-0.470859,0.735591,0.127006,0.170973,-0.204000,1.378000,-0.060000,0.420000,adult,walking,attentive,,0.000000,0.375000,2.511740,1.911740,0.082375,0.082375,0.082375,0.082375,0.000000,0.082375,0.000000,1.911740,1.911740,1.829365,1.829365,0.000000,horizon_mpc_secbf,8,1.905079,true,osqp,optimal,75,3.150294,0,2.583606,accept,false,0.739181,0.126929,0.735592,0.126943,,,0.746465,0.000063,3.856524,0.714137
local_crowding,context_bl,Proposed MPC-SECBF,60,6.000,1.569723,-0.458165,0.735592,0.126943,0.170890,-0.210000,1.420000,-0.060000,0.420000,adult,walking,attentive,,0.000000,0.375000,2.587454,1.987454,0.082375,0.082375,0.082375,0.082375,0.000000,0.082375,0.000000,1.987454,1.987454,1.905079,1.905079,0.000000,horizon_mpc_secbf,8,1.981345,true,osqp,optimal,75,3.913469,0,2.665083,accept,false,0.739194,0.126857,0.735592,0.126872,,,0.746453,0.000071,3.931169,0.639491
local_crowding,context_bl,Proposed MPC-SECBF,61,6.100,1.643282,-0.445478,0.735592,0.126872,0.170796,-0.216000,1.462000,-0.060000,0.420000,adult,walking,attentive,,0.000000,0.375000,2.663720,2.063720,0.082375,0.082375,0.082375,0.082375,0.000000,0.082375,0.000000,2.063720,2.063720,1.981345,1.981345,0.000000,horizon_mpc_secbf,8,2.058117,true,osqp,optimal,75,4.033846,0,2.746634,accept,false,0.739208,0.126775,0.735592,0.126792,,,0.746440,0.000080,4.005813,0.564846
local_crowding,context_bl,Proposed MPC-SECBF,62,6.200,1.716841,-0.432799,0.735592,0.126792,0.170690,-0.222000,1.504000,-0.060000,0.420000,adult,walking,attentive,,0.000000,0.375000,2.740492,2.140492,0.082375,0.082375,0.082375,0.082375,0.000000,0.082375,0.000000,2.140492,2.140492,2.058117,2.058117,0.000000,horizon_mpc_secbf,8,2.135355,true,osqp,optimal,75,4.393423,0,2.828267,accept,false,0.739224,0.126680,0.735592,0.126700,,,0.746424,0.000093,4.080456,0.490202
local_crowding,context_bl,Proposed MPC-SECBF,63,6.300,1.790401,-0.420129,0.735592,0.126700,0.170568,-0.228000,1.546000,-0.060000,0.420000,adult,walking,attentive,,0.000000,0.375000,2.817730,2.217730,0.082375,0.082375,0.082375,0.082375,0.000000,0.082375,0.000000,2.217730,2.217730,2.135355,2.135355,0.000000,horizon_mpc_secbf,8,2.213024,true,osqp,optimal,75,3.825418,0,2.909987,accept,false,0.739243,0.126568,0.735592,0.126590,,,0.746405,0.000109,4.155096,0.415559
local_crowding,context_bl,Proposed MPC-SECBF,64,6.400,1.863960,-0.407470,0.735592,0.126590,0.170424,-0.234000,1.588000,-0.060000,0.420000,adult,walking,attentive,,0.000000,0.375000,2.895399,2.295399,0.082375,0.082375,0.082375,0.082375,0.000000,0.082375,0.000000,2.295399,2.295399,2.213024,2.213024,0.000000,horizon_mpc_secbf,8,2.291091,true,osqp,optimal,75,3.009417,0,2.991803,accept,false,0.739267,0.126429,0.735592,0.126457,,,0.746383,0.000134,4.229735,0.340919
local_crowding,context_bl,Proposed MPC-SECBF,65,6.500,1.937519,-0.394824,0.735592,0.126457,0.170247,-0.240000,1.630000,-0.060000,0.420000,adult,walking,attentive,,0.000000,0.375000,2.973466,2.373466,0.082375,0.082375,0.082375,0.082375,0.000000,0.082375,0.000000,2.373466,2.373466,2.291091,2.291091,0.000000,horizon_mpc_secbf,8,2.369530,true,osqp,optimal,75,3.606910,0,3.073726,accept,false,0.739298,0.126250,0.735592,0.126285,,,0.746354,0.000172,4.304370,0.266281
local_crowding,context_bl,Proposed MPC-SECBF,66,6.600,2.011078,-0.382195,0.735592,0.126285,0.170020,-0.246000,1.672000,-0.060000,0.420000,adult,walking,attentive,,0.000000,0.375000,3.051905,2.451905,0.082375,0.082375,0.082375,0.082375,0.000000,0.082375,0.000000,2.451905,2.451905,2.369530,2.369530,0.000000,horizon_mpc_secbf,8,2.448316,true,osqp,optimal,75,3.964469,0,3.155778,accept,false,0.739341,0.125996,0.735592,0.126045,,,0.746313,0.000240,4.379001,0.191645
local_crowding,context_bl,Proposed MPC-SECBF,67,6.700,2.084638,-0.369591,0.735592,0.126045,0.169703,-0.252000,1.714000,-0.060000,0.420000,adult,walking,attentive,,0.000000,0.375000,3.130691,2.530691,0.082375,0.082375,0.082375,0.082375,0.000000,0.082375,0.000000,2.530691,2.530691,2.448316,2.448316,0.000000,horizon_mpc_secbf,8,2.527436,true,osqp,optimal,75,3.172099,0,3.238020,accept,false,0.739414,0.125567,0.735592,0.125649,,,0.746246,0.000396,4.453626,0.117014
local_crowding,context_bl,Proposed MPC-SECBF,68,6.800,2.158197,-0.357026,0.735592,0.125649,0.169180,-0.258000,1.756000,-0.060000,0.420000,adult,walking,attentive,,0.000000,0.375000,3.209811,2.609811,0.082375,0.082375,0.082375,0.082375,0.000000,0.082375,0.000000,2.609811,2.609811,2.527436,2.527436,0.000000,horizon_mpc_secbf,8,2.589933,true,osqp,optimal,75,3.433290,0,3.152268,accept,false,0.418033,0.070260,0.472517,0.079764,,,0.479202,0.267046,4.501546,0.042390
local_crowding,context_bl,Proposed MPC-SECBF,69,6.900,2.205448,-0.349050,0.472517,0.079764,0.167229,-0.264000,1.798000,-0.060000,0.420000,adult,walking,attentive,,0.000000,0.375000,3.272308,2.672308,0.082375,0.082375,0.082375,0.082375,0.000000,0.082375,0.000000,2.672308,2.672308,2.589933,2.589933,0.000000,horizon_mpc_secbf,8,2.622170,true,osqp,optimal,75,5.299086,0,2.911133,accept,false,-0.054484,-0.009503,0.000077,-0.000442,,,0.000449,0.479200,4.501591,0.005531
local_crowding,context_bl,Proposed MPC-SECBF,70,7.000,2.205456,-0.349094,0.000077,-0.000442,-1.398214,-0.270000,1.840000,-0.060000,0.420000,adult,walking,attentive,,0.000000,0.375000,3.304545,2.704545,0.082375,0.082375,0.082375,0.082375,0.000000,0.082375,0.000000,2.704545,2.704545,2.622170,2.622170,0.000000,horizon_mpc_secbf,8,2.651749,true,osqp,optimal,75,4.158180,0,2.916518,accept,false,-0.054561,-0.009061,-0.045187,-0.007583,,,0.045819,0.045824,4.506173,0.005531
local_crowding,context_bl,Proposed MPC-SECBF,71,7.100,2.200937,-0.349852,-0.045187,-0.007583,-2.975338,-0.276000,1.882000,-0.060000,0.420000,adult,walking,attentive,,0.000000,0.375000,3.334124,2.734124,0.082375,0.082375,0.082375,0.082375,0.000000,0.082375,0.000000,2.734124,2.734124,2.651749,2.651749,0.000000,horizon_mpc_secbf,8,2.683457,true,osqp,optimal,50,3.012372,0,2.967633,accept,false,-0.009374,-0.001479,-0.015518,-0.002527,,,0.015722,0.030097,4.507745,0.000949
local_crowding,context_bl,Proposed MPC-SECBF,72,7.200,2.199386,-0.350105,-0.015518,-0.002527,-2.980154,-0.282000,1.924000,-0.060000,0.420000,adult,walking,attentive,,0.000000,0.375000,3.365832,2.765832,0.082375,0.082375,0.082375,0.082375,0.000000,0.082375,0.000000,2.765832,2.765832,2.683457,2.683457,0.000000,horizon_mpc_secbf,8,2.716512,true,osqp,optimal,50,4.203257,0,3.012956,accept,false,0.006143,0.001048,0.002426,0.000435,,,0.002465,0.018187,4.507992,0.000623
local_crowding,context_bl,Proposed MPC-SECBF,73,7.300,2.199628,-0.350061,0.002426,0.000435,0.177542,-0.288000,1.966000,-0.060000,0.420000,adult,walking,attentive,,0.000000,0.375000,3.398887,2.798887,0.082375,0.082375,0.082375,0.082375,0.000000,0.082375,0.000000,2.798887,2.798887,2.716512,2.716512,0.000000,horizon_mpc_secbf,8,2.749841,true,osqp,optimal,50,4.004533,0,3.048782,accept,false,0.003717,0.000613,0.003495,0.000583,,,0.003543,0.001079,4.508346,0.000377
local_crowding,context_bl,Proposed MPC-SECBF,74,7.400,2.199978,-0.350003,0.003495,0.000583,0.165226,-0.294000,2.008000,-0.060000,0.420000,adult,walking,attentive,,0.000000,0.375000,3.432216,2.832216,0.082375,0.082375,0.082375,0.082375,0.000000,0.082375,0.000000,2.832216,2.832216,2.749841,2.749841,0.000000,horizon_mpc_secbf,8,2.783203,true,osqp,optimal,25,3.420833,0,3.082468,accept,false,0.000222,0.000030,0.000781,0.000127,,,0.000791,0.002752,4.508425,0.000022
local_crowding,context_bl,Proposed MPC-SECBF,75,7.500,2.200056,-0.349990,0.000781,0.000127,0.161387,-0.300000,2.050000,-0.060000,0.420000,adult,walking,attentive,,0.000000,0.375000,3.465578,2.865578,0.082375,0.082375,0.082375,0.082375,0.000000,0.082375,0.000000,2.865578,2.865578,2.783203,2.783203,0.000000,horizon_mpc_secbf,8,2.816696,true,osqp,optimal,25,4.602065,0,3.117154,accept,false,-0.000559,-0.000097,-0.000326,-0.000062,,,0.000332,0.001124,4.508458,0.000057
local_crowding,context_bl,Proposed MPC-SECBF,76,7.600,2.200023,-0.349996,-0.000326,-0.000062,-2.954856,-0.306000,2.092000,-0.060000,0.420000,adult,walking,attentive,,0.000000,0.375000,3.499071,2.899071,0.082375,0.082375,0.082375,0.082375,0.000000,0.082375,0.000000,2.899071,2.899071,2.816696,2.816696,0.000000,horizon_mpc_secbf,8,2.850385,true,osqp,optimal,25,3.924656,0,3.152637,accept,false,-0.000233,-0.000035,-0.000248,-0.000041,,,0.000251,0.000081,4.508483,0.000024
local_crowding,context_bl,Proposed MPC-SECBF,77,7.700,2.199999,-0.350001,-0.000248,-0.000041,-2.976319,-0.312000,2.134000,-0.060000,0.420000,adult,walking,attentive,,0.000000,0.375000,3.532760,2.932760,0.082375,0.082375,0.082375,0.082375,0.000000,0.082375,0.000000,2.932760,2.932760,2.850385,2.850385,0.000000,horizon_mpc_secbf,8,2.884275,true,osqp,optimal,25,3.961822,0,3.188356,accept,false,0.000015,0.000006,-0.000004,0.000009,,,0.000009,0.000249,4.508484,0.000002
local_crowding,context_bl,Proposed MPC-SECBF,78,7.800,2.199998,-0.350000,-0.000004,0.000009,1.964520,-0.318000,2.176000,-0.060000,0.420000,adult,walking,attentive,,0.000000,0.375000,3.566650,2.966650,0.082375,0.082375,0.082375,0.082375,0.000000,0.082375,0.000000,2.966650,2.966650,2.884275,2.884275,0.000000,horizon_mpc_secbf,8,2.918347,true,osqp,optimal,25,4.644375,0,3.224100,accept,false,0.000018,-0.000003,0.000014,-0.000001,,,0.000014,0.000020,4.508486,0.000002
local_crowding,context_bl,Proposed MPC-SECBF,79,7.900,2.200000,-0.350000,0.000014,-0.000001,-0.047717,-0.324000,2.218000,-0.060000,0.420000,adult,walking,attentive,,0.000000,0.375000,3.600722,3.000722,0.082375,0.082375,0.082375,0.082375,0.000000,0.082375,0.000000,3.000722,3.000722,2.918347,2.918347,0.000000,horizon_mpc_secbf,8,2.952594,true,osqp,optimal,25,4.235412,0,3.259950,accept,false,0.000004,-0.000002,0.000006,-0.000002,,,0.000006,0.000009,4.508486,0.000000
local_crowding,context_bl,Proposed MPC-SECBF,80,8.000,2.200000,-0.350000,0.000006,-0.000002,-0.311600,-0.330000,2.260000,-0.060000,0.420000,adult,walking,attentive,,0.000000,0.375000,3.634969,3.034969,0.082375,0.082375,0.082375,0.082375,0.000000,0.082375,0.000000,3.034969,3.034969,2.952594,2.952594,0.000000,horizon_mpc_secbf,8,2.987012,true,osqp,optimal,25,3.100917,0,3.295926,accept,false,-0.000002,-0.000000,-0.000000,-0.000001,,,0.000001,0.000006,4.508486,0.000000
local_crowding,context_bl,Proposed MPC-SECBF,81,8.100,2.200000,-0.350000,-0.000000,-0.000001,-2.291182,-0.336000,2.302000,-0.060000,0.420000,adult,walking,attentive,,0.000000,0.375000,3.669387,3.069387,0.082375,0.082375,0.082375,0.082375,0.000000,0.082375,0.000000,3.069387,3.069387,2.987012,2.987012,0.000000,horizon_mpc_secbf,8,3.021596,true,osqp,optimal,25,3.962537,0,3.332028,accept,false,-0.000001,0.000000,-0.000001,0.000000,,,0.000001,0.000001,4.508487,0.000000
local_crowding,context_bl,Proposed MPC-SECBF,82,8.200,2.200000,-0.350000,-0.000001,0.000000,3.036853,-0.342000,2.344000,-0.060000,0.420000,adult,walking,attentive,,0.000000,0.375000,3.703971,3.103971,0.082375,0.082375,0.082375,0.082375,0.000000,0.082375,0.000000,3.103971,3.103971,3.021596,3.021596,0.000000,horizon_mpc_secbf,8,3.056341,true,osqp,optimal,25,4.349596,0,3.368251,accept,false,-0.000000,0.000000,-0.000000,0.000000,,,0.000000,0.000001,4.508487,0.000000
local_crowding,context_bl,Proposed MPC-SECBF,83,8.300,2.200000,-0.350000,-0.000000,0.000000,2.711685,-0.348000,2.386000,-0.060000,0.420000,adult,walking,attentive,,0.000000,0.375000,3.738716,3.138716,0.082375,0.082375,0.082375,0.082375,0.000000,0.082375,0.000000,3.138716,3.138716,3.056341,3.056341,0.000000,horizon_mpc_secbf,8,3.091244,true,osqp,optimal,25,3.023129,0,3.404589,accept,false,0.000000,0.000000,0.000000,0.000000,,,0.000000,0.000000,4.508487,0.000000
local_crowding,context_bl,Proposed MPC-SECBF,84,8.400,2.200000,-0.350000,0.000000,0.000000,0.354036,-0.354000,2.428000,-0.060000,0.420000,adult,walking,attentive,,0.000000,0.375000,3.773619,3.173619,0.082375,0.082375,0.082375,0.082375,0.000000,0.082375,0.000000,3.173619,3.173619,3.091244,3.091244,0.000000,horizon_mpc_secbf,8,3.126299,true,osqp,optimal,25,4.685186,0,3.441041,accept,false,0.000000,-0.000000,0.000000,-0.000000,,,0.000000,0.000000,4.508487,0.000000
local_crowding,context_bl,Proposed MPC-SECBF,85,8.500,2.200000,-0.350000,0.000000,-0.000000,-0.166054,-0.360000,2.470000,-0.060000,0.420000,adult,walking,attentive,,0.000000,0.375000,3.808674,3.208674,0.082375,0.082375,0.082375,0.082375,0.000000,0.082375,0.000000,3.208674,3.208674,3.126299,3.126299,0.000000,horizon_mpc_secbf,8,3.161503,true,osqp,optimal,25,4.827057,0,3.477603,accept,false,0.000000,-0.000000,0.000000,-0.000000,,,0.000000,0.000000,4.508487,0.000000
local_crowding,context_bl,Proposed MPC-SECBF,86,8.600,2.200000,-0.350000,0.000000,-0.000000,-0.641708,-0.366000,2.512000,-0.060000,0.420000,adult,walking,attentive,,0.000000,0.375000,3.843878,3.243878,0.082375,0.082375,0.082375,0.082375,0.000000,0.082375,0.000000,3.243878,3.243878,3.161503,3.161503,0.000000,horizon_mpc_secbf,8,3.196852,true,osqp,optimal,25,3.654225,0,3.514272,accept,false,-0.000000,0.000000,-0.000000,-0.000000,,,0.000000,0.000000,4.508487,0.000000
local_crowding,context_bl,Proposed MPC-SECBF,87,8.700,2.200000,-0.350000,-0.000000,-0.000000,-2.989237,-0.372000,2.554000,-0.060000,0.420000,adult,walking,attentive,,0.000000,0.375000,3.879227,3.279227,0.082375,0.082375,0.082375,0.082375,0.000000,0.082375,0.000000,3.279227,3.279227,3.196852,3.196852,0.000000,horizon_mpc_secbf,8,3.232341,true,osqp,optimal,25,3.227546,0,3.551046,accept,false,0.000000,0.000000,-0.000000,-0.000000,,,0.000000,0.000000,4.508487,0.000000
local_crowding,context_bl,Proposed MPC-SECBF,88,8.800,2.200000,-0.350000,-0.000000,-0.000000,-2.989237,-0.378000,2.596000,-0.060000,0.420000,adult,walking,attentive,,0.000000,0.375000,3.914716,3.314716,0.082375,0.082375,0.082375,0.082375,0.000000,0.082375,0.000000,3.314716,3.314716,3.232341,3.232341,0.000000,horizon_mpc_secbf,8,3.267967,true,osqp,optimal,25,3.170149,0,3.587922,accept,false,0.000000,0.000000,0.000000,-0.000000,,,0.000000,0.000000,4.508487,0.000000
local_crowding,context_bl,Proposed MPC-SECBF,89,8.900,2.200000,-0.350000,0.000000,-0.000000,-2.989237,-0.384000,2.638000,-0.060000,0.420000,adult,walking,attentive,,0.000000,0.375000,3.950342,3.350342,0.082375,0.082375,0.082375,0.082375,0.000000,0.082375,0.000000,3.350342,3.350342,3.267967,3.267967,0.000000,horizon_mpc_secbf,8,3.303726,true,osqp,optimal,25,3.102382,0,3.624898,accept,false,0.000000,0.000000,0.000000,-0.000000,,,0.000000,0.000000,4.508487,0.000000
local_crowding,context_bl,Proposed MPC-SECBF,90,9.000,2.200000,-0.350000,0.000000,-0.000000,-2.989237,-0.390000,2.680000,-0.060000,0.420000,adult,walking,attentive,,0.000000,0.375000,3.986101,3.386101,0.082375,0.082375,0.082375,0.082375,0.000000,0.082375,0.000000,3.386101,3.386101,3.303726,3.303726,0.000000,horizon_mpc_secbf,8,3.339615,true,osqp,optimal,25,3.710082,0,3.661971,accept,false,0.000000,0.000000,0.000000,-0.000000,,,0.000000,0.000000,4.508487,0.000000
local_crowding,context_bl,Proposed MPC-SECBF,91,9.100,2.200000,-0.350000,0.000000,-0.000000,-2.989237,-0.396000,2.722000,-0.060000,0.420000,adult,walking,attentive,,0.000000,0.375000,4.021990,3.421990,0.082375,0.082375,0.082375,0.082375,0.000000,0.082375,0.000000,3.421990,3.421990,3.339615,3.339615,0.000000,horizon_mpc_secbf,8,3.375629,true,osqp,optimal,25,4.097994,0,3.699138,accept,false,0.000000,0.000000,0.000000,-0.000000,,,0.000000,0.000000,4.508487,0.000000
local_crowding,context_bl,Proposed MPC-SECBF,92,9.200,2.200000,-0.350000,0.000000,-0.000000,-2.989237,-0.402000,2.764000,-0.060000,0.420000,adult,walking,attentive,,0.000000,0.375000,4.058004,3.458004,0.082375,0.082375,0.082375,0.082375,0.000000,0.082375,0.000000,3.458004,3.458004,3.375629,3.375629,0.000000,horizon_mpc_secbf,8,3.411767,true,osqp,optimal,25,3.414318,0,3.736398,accept,false,0.000000,0.000000,0.000000,-0.000000,,,0.000000,0.000000,4.508487,0.000000
local_crowding,context_bl,Proposed MPC-SECBF,93,9.300,2.200000,-0.350000,0.000000,-0.000000,-2.989237,-0.408000,2.806000,-0.060000,0.420000,adult,walking,attentive,,0.000000,0.375000,4.094142,3.494142,0.082375,0.082375,0.082375,0.082375,0.000000,0.082375,0.000000,3.494142,3.494142,3.411767,3.411767,0.000000,horizon_mpc_secbf,8,3.448024,true,osqp,optimal,25,4.072185,0,3.773748,accept,false,0.000000,0.000000,0.000000,-0.000000,,,0.000000,0.000000,4.508487,0.000000
local_crowding,context_bl,Proposed MPC-SECBF,94,9.400,2.200000,-0.350000,0.000000,-0.000000,-2.989237,-0.414000,2.848000,-0.060000,0.420000,adult,walking,attentive,,0.000000,0.375000,4.130399,3.530399,0.082375,0.082375,0.082375,0.082375,0.000000,0.082375,0.000000,3.530399,3.530399,3.448024,3.448024,0.000000,horizon_mpc_secbf,8,3.484398,true,osqp,optimal,25,3.910212,0,3.811185,accept,false,0.000000,0.000000,0.000000,-0.000000,,,0.000000,0.000000,4.508487,0.000000
local_crowding,context_bl,Proposed MPC-SECBF,95,9.500,2.200000,-0.350000,0.000000,-0.000000,-2.989237,-0.420000,2.890000,-0.060000,0.420000,adult,walking,attentive,,0.000000,0.375000,4.166773,3.566773,0.082375,0.082375,0.082375,0.082375,0.000000,0.082375,0.000000,3.566773,3.566773,3.484398,3.484398,0.000000,horizon_mpc_secbf,8,3.520886,true,osqp,optimal,25,3.513029,0,3.848709,accept,false,0.000000,0.000000,0.000000,-0.000000,,,0.000000,0.000000,4.508487,0.000000
local_crowding,context_bl,Proposed MPC-SECBF,96,9.600,2.200000,-0.350000,0.000000,-0.000000,-2.989237,-0.426000,2.932000,-0.060000,0.420000,adult,walking,attentive,,0.000000,0.375000,4.203261,3.603261,0.082375,0.082375,0.082375,0.082375,0.000000,0.082375,0.000000,3.603261,3.603261,3.520886,3.520886,0.000000,horizon_mpc_secbf,8,3.557483,true,osqp,optimal,25,3.133844,0,3.886316,accept,false,0.000000,0.000000,0.000000,-0.000000,,,0.000000,0.000000,4.508487,0.000000
local_crowding,context_bl,Proposed MPC-SECBF,97,9.700,2.200000,-0.350000,0.000000,-0.000000,-2.989237,-0.432000,2.974000,-0.060000,0.420000,adult,walking,attentive,,0.000000,0.375000,4.239858,3.639858,0.082375,0.082375,0.082375,0.082375,0.000000,0.082375,0.000000,3.639858,3.639858,3.557483,3.557483,0.000000,horizon_mpc_secbf,8,3.594189,true,osqp,optimal,25,3.229878,0,3.924005,accept,false,0.000000,0.000000,0.000000,-0.000000,,,0.000000,0.000000,4.508487,0.000000
local_crowding,context_bl,Proposed MPC-SECBF,98,9.800,2.200000,-0.350000,0.000000,-0.000000,-2.989237,-0.438000,3.016000,-0.060000,0.420000,adult,walking,attentive,,0.000000,0.375000,4.276564,3.676564,0.082375,0.082375,0.082375,0.082375,0.000000,0.082375,0.000000,3.676564,3.676564,3.594189,3.594189,0.000000,horizon_mpc_secbf,8,3.631000,true,osqp,optimal,25,3.386640,0,3.961774,accept,false,0.000000,0.000000,0.000000,-0.000000,,,0.000000,0.000000,4.508487,0.000000
local_crowding,context_bl,Proposed MPC-SECBF,99,9.900,2.200000,-0.350000,0.000000,-0.000000,-2.989237,-0.444000,3.058000,-0.060000,0.420000,adult,walking,attentive,,0.000000,0.375000,4.313375,3.713375,0.082375,0.082375,0.082375,0.082375,0.000000,0.082375,0.000000,3.713375,3.713375,3.631000,3.631000,0.000000,horizon_mpc_secbf,8,3.667912,true,osqp,optimal,25,4.114656,0,3.999620,accept,false,0.000000,0.000000,0.000000,-0.000000,,,0.000000,0.000000,4.508487,0.000000
local_crowding,context_bl,Proposed MPC-SECBF,100,10.000,2.200000,-0.350000,0.000000,-0.000000,-2.989237,-0.450000,3.100000,-0.060000,0.420000,adult,walking,attentive,,0.000000,0.375000,4.350287,3.750287,0.082375,0.082375,0.082375,0.082375,0.000000,0.082375,0.000000,3.750287,3.750287,3.667912,3.667912,0.000000,horizon_mpc_secbf,8,3.704925,true,osqp,optimal,25,3.370685,0,4.037543,accept,false,0.000000,0.000000,0.000000,-0.000000,,,0.000000,0.000000,4.508487,0.000000
local_crowding,context_bl,Proposed MPC-SECBF,101,10.100,2.200000,-0.350000,0.000000,-0.000000,-2.989237,-0.456000,3.142000,-0.060000,0.420000,adult,walking,attentive,,0.000000,0.375000,4.387300,3.787300,0.082375,0.082375,0.082375,0.082375,0.000000,0.082375,0.000000,3.787300,3.787300,3.704925,3.704925,0.000000,horizon_mpc_secbf,8,3.742035,true,osqp,optimal,25,3.868619,0,4.075540,accept,false,0.000000,0.000000,0.000000,-0.000000,,,0.000000,0.000000,4.508487,0.000000
local_crowding,context_bl,Proposed MPC-SECBF,102,10.200,2.200000,-0.350000,0.000000,-0.000000,-2.989237,-0.462000,3.184000,-0.060000,0.420000,adult,walking,attentive,,0.000000,0.375000,4.424410,3.824410,0.082375,0.082375,0.082375,0.082375,0.000000,0.082375,0.000000,3.824410,3.824410,3.742035,3.742035,0.000000,horizon_mpc_secbf,8,3.779239,true,osqp,optimal,25,4.743026,0,4.113610,accept,false,0.000000,0.000000,0.000000,-0.000000,,,0.000000,0.000000,4.508487,0.000000
local_crowding,context_bl,Proposed MPC-SECBF,103,10.300,2.200000,-0.350000,0.000000,-0.000000,-2.989237,-0.468000,3.226000,-0.060000,0.420000,adult,walking,attentive,,0.000000,0.375000,4.461614,3.861614,0.082375,0.082375,0.082375,0.082375,0.000000,0.082375,0.000000,3.861614,3.861614,3.779239,3.779239,0.000000,horizon_mpc_secbf,8,3.816536,true,osqp,optimal,25,4.562130,0,4.151750,accept,false,0.000000,0.000000,0.000000,-0.000000,,,0.000000,0.000000,4.508487,0.000000
local_crowding,context_bl,Proposed MPC-SECBF,104,10.400,2.200000,-0.350000,0.000000,-0.000000,-2.989237,-0.474000,3.268000,-0.060000,0.420000,adult,walking,attentive,,0.000000,0.375000,4.498911,3.898911,0.082375,0.082375,0.082375,0.082375,0.000000,0.082375,0.000000,3.898911,3.898911,3.816536,3.816536,0.000000,horizon_mpc_secbf,8,3.853923,true,osqp,optimal,25,3.199675,0,4.189960,accept,false,0.000000,0.000000,0.000000,-0.000000,,,0.000000,0.000000,4.508487,0.000000
local_crowding,context_bl,Proposed MPC-SECBF,105,10.500,2.200000,-0.350000,0.000000,-0.000000,-2.989237,-0.480000,3.310000,-0.060000,0.420000,adult,walking,attentive,,0.000000,0.375000,4.536298,3.936298,0.082375,0.082375,0.082375,0.082375,0.000000,0.082375,0.000000,3.936298,3.936298,3.853923,3.853923,0.000000,horizon_mpc_secbf,8,3.891398,true,osqp,optimal,25,4.700975,0,4.228237,accept,false,0.000000,0.000000,0.000000,-0.000000,,,0.000000,0.000000,4.508487,0.000000
local_crowding,context_bl,Proposed MPC-SECBF,106,10.600,2.200000,-0.350000,0.000000,-0.000000,-2.989237,-0.486000,3.352000,-0.060000,0.420000,adult,walking,attentive,,0.000000,0.375000,4.573773,3.973773,0.082375,0.082375,0.082375,0.082375,0.000000,0.082375,0.000000,3.973773,3.973773,3.891398,3.891398,0.000000,horizon_mpc_secbf,8,3.928959,true,osqp,optimal,25,4.815857,0,4.266581,accept,false,0.000000,0.000000,0.000000,-0.000000,,,0.000000,0.000000,4.508487,0.000000
local_crowding,context_bl,Proposed MPC-SECBF,107,10.700,2.200000,-0.350000,0.000000,-0.000000,-2.989237,-0.492000,3.394000,-0.060000,0.420000,adult,walking,attentive,,0.000000,0.375000,4.611334,4.011334,0.082375,0.082375,0.082375,0.082375,0.000000,0.082375,0.000000,4.011334,4.011334,3.928959,3.928959,0.000000,horizon_mpc_secbf,8,3.966603,true,osqp,optimal,25,4.768424,0,4.304989,accept,false,0.000000,0.000000,0.000000,-0.000000,,,0.000000,0.000000,4.508487,0.000000
local_crowding,context_bl,Proposed MPC-SECBF,108,10.800,2.200000,-0.350000,0.000000,-0.000000,-2.989237,-0.498000,3.436000,-0.060000,0.420000,adult,walking,attentive,,0.000000,0.375000,4.648978,4.048978,0.082375,0.082375,0.082375,0.082375,0.000000,0.082375,0.000000,4.048978,4.048978,3.966603,3.966603,0.000000,horizon_mpc_secbf,8,4.004330,true,osqp,optimal,25,4.119110,0,4.343460,accept,false,0.000000,0.000000,0.000000,-0.000000,,,0.000000,0.000000,4.508487,0.000000
local_crowding,context_bl,Proposed MPC-SECBF,109,10.900,2.200000,-0.350000,0.000000,-0.000000,-2.989237,-0.504000,3.478000,-0.060000,0.420000,adult,walking,attentive,,0.000000,0.375000,4.686705,4.086705,0.082375,0.082375,0.082375,0.082375,0.000000,0.082375,0.000000,4.086705,4.086705,4.004330,4.004330,0.000000,horizon_mpc_secbf,8,4.042136,true,osqp,optimal,25,4.840895,0,4.381994,accept,false,0.000000,0.000000,0.000000,-0.000000,,,0.000000,0.000000,4.508487,0.000000
local_crowding,context_bl,Proposed MPC-SECBF,110,11.000,2.200000,-0.350000,0.000000,-0.000000,-2.989237,-0.510000,3.520000,-0.060000,0.420000,adult,walking,attentive,,0.000000,0.375000,4.724511,4.124511,0.082375,0.082375,0.082375,0.082375,0.000000,0.082375,0.000000,4.124511,4.124511,4.042136,4.042136,0.000000,horizon_mpc_secbf,8,4.080019,true,osqp,optimal,25,3.606455,0,4.420587,accept,false,0.000000,0.000000,0.000000,-0.000000,,,0.000000,0.000000,4.508487,0.000000
local_crowding,context_bl,Proposed MPC-SECBF,111,11.100,2.200000,-0.350000,0.000000,-0.000000,-2.989237,-0.516000,3.562000,-0.060000,0.420000,adult,walking,attentive,,0.000000,0.375000,4.762394,4.162394,0.082375,0.082375,0.082375,0.082375,0.000000,0.082375,0.000000,4.162394,4.162394,4.080019,4.080019,0.000000,horizon_mpc_secbf,8,4.117979,true,osqp,optimal,25,2.672081,0,4.459240,accept,false,0.000000,0.000000,0.000000,-0.000000,,,0.000000,0.000000,4.508487,0.000000
local_crowding,context_bl,Proposed MPC-SECBF,112,11.200,2.200000,-0.350000,0.000000,-0.000000,-2.989237,-0.522000,3.604000,-0.060000,0.420000,adult,walking,attentive,,0.000000,0.375000,4.800354,4.200354,0.082375,0.082375,0.082375,0.082375,0.000000,0.082375,0.000000,4.200354,4.200354,4.117979,4.117979,0.000000,horizon_mpc_secbf,8,4.156013,true,osqp,optimal,25,3.789010,0,4.497951,accept,false,0.000000,0.000000,0.000000,-0.000000,,,0.000000,0.000000,4.508487,0.000000
local_crowding,context_bl,Proposed MPC-SECBF,113,11.300,2.200000,-0.350000,0.000000,-0.000000,-2.989237,-0.528000,3.646000,-0.060000,0.420000,adult,walking,attentive,,0.000000,0.375000,4.838388,4.238388,0.082375,0.082375,0.082375,0.082375,0.000000,0.082375,0.000000,4.238388,4.238388,4.156013,4.156013,0.000000,horizon_mpc_secbf,8,4.194120,true,osqp,optimal,25,3.686892,0,4.536718,accept,false,0.000000,0.000000,0.000000,-0.000000,,,0.000000,0.000000,4.508487,0.000000
local_crowding,context_bl,Proposed MPC-SECBF,114,11.400,2.200000,-0.350000,0.000000,-0.000000,-2.989237,-0.534000,3.688000,-0.060000,0.420000,adult,walking,attentive,,0.000000,0.375000,4.876495,4.276495,0.082375,0.082375,0.082375,0.082375,0.000000,0.082375,0.000000,4.276495,4.276495,4.194120,4.194120,0.000000,horizon_mpc_secbf,8,4.232297,true,osqp,optimal,25,3.479349,0,4.575541,accept,false,0.000000,0.000000,0.000000,-0.000000,,,0.000000,0.000000,4.508487,0.000000
local_crowding,context_bl,Proposed MPC-SECBF,115,11.500,2.200000,-0.350000,0.000000,-0.000000,-2.989237,-0.540000,3.730000,-0.060000,0.420000,adult,walking,attentive,,0.000000,0.375000,4.914672,4.314672,0.082375,0.082375,0.082375,0.082375,0.000000,0.082375,0.000000,4.314672,4.314672,4.232297,4.232297,0.000000,horizon_mpc_secbf,8,4.270543,true,osqp,optimal,25,3.187203,0,4.614418,accept,false,0.000000,0.000000,0.000000,-0.000000,,,0.000000,0.000000,4.508487,0.000000
local_crowding,context_bl,Proposed MPC-SECBF,116,11.600,2.200000,-0.350000,0.000000,-0.000000,-2.989237,-0.546000,3.772000,-0.060000,0.420000,adult,walking,attentive,,0.000000,0.375000,4.952918,4.352918,0.082375,0.082375,0.082375,0.082375,0.000000,0.082375,0.000000,4.352918,4.352918,4.270543,4.270543,0.000000,horizon_mpc_secbf,8,4.308857,true,osqp,optimal,25,3.866827,0,4.653348,accept,false,0.000000,0.000000,0.000000,-0.000000,,,0.000000,0.000000,4.508487,0.000000
local_crowding,context_bl,Proposed MPC-SECBF,117,11.700,2.200000,-0.350000,0.000000,-0.000000,-2.989237,-0.552000,3.814000,-0.060000,0.420000,adult,walking,attentive,,0.000000,0.375000,4.991232,4.391232,0.082375,0.082375,0.082375,0.082375,0.000000,0.082375,0.000000,4.391232,4.391232,4.308857,4.308857,0.000000,horizon_mpc_secbf,8,4.347237,true,osqp,optimal,25,4.147433,0,4.692330,accept,false,0.000000,0.000000,0.000000,-0.000000,,,0.000000,0.000000,4.508487,0.000000
local_crowding,context_bl,Proposed MPC-SECBF,118,11.800,2.200000,-0.350000,0.000000,-0.000000,-2.989237,-0.558000,3.856000,-0.060000,0.420000,adult,walking,attentive,,0.000000,0.375000,5.029612,4.429612,0.082375,0.082375,0.082375,0.082375,0.000000,0.082375,0.000000,4.429612,4.429612,4.347237,4.347237,0.000000,horizon_mpc_secbf,8,4.385682,true,osqp,optimal,25,3.580024,0,4.731362,accept,false,0.000000,0.000000,0.000000,-0.000000,,,0.000000,0.000000,4.508487,0.000000
local_crowding,context_bl,Proposed MPC-SECBF,119,11.900,2.200000,-0.350000,0.000000,-0.000000,-2.989237,-0.564000,3.898000,-0.060000,0.420000,adult,walking,attentive,,0.000000,0.375000,5.068057,4.468057,0.082375,0.082375,0.082375,0.082375,0.000000,0.082375,0.000000,4.468057,4.468057,4.385682,4.385682,0.000000,horizon_mpc_secbf,8,4.424189,true,osqp,optimal,25,3.007130,0,4.770445,accept,false,0.000000,0.000000,0.000000,-0.000000,,,0.000000,0.000000,4.508487,0.000000
