scenario,context_level,method,step,time,robot_x,robot_y,robot_vx,robot_vy,robot_theta,human_x,human_y,human_vx,human_vy,human_type,motion_state,attention_state,ttc,head_on_factor,crowding_factor,distance,clearance,beta_candidate,beta_final,beta_requested,beta_applied,beta_dynamic,beta_cbf,delta_beta,h_standard,h_ee,h_see,h_cbf,slack,controller_type,horizon_steps,predicted_min_h,solver_success,solver_backend,solver_status,solver_iterations,solve_time_ms,active_constraints,min_cbf_value,guard_status,guard_active,u_ref_x,u_ref_y,cmd_vx,cmd_vy,cmd_v,cmd_omega,speed,command_step,path_length,goal_error
head_on,context_int,Standard MPC-CBF,0,0.000,-2.200000,0.000000,0.000000,0.000000,0.000000,2.000000,0.080000,-0.500000,0.000000,unknown,walking,unknown,7.202830,1.000000,0.000000,4.200762,3.600762,0.000000,0.000000,0.000000,0.000000,0.000000,0.000000,0.000000,3.600762,3.600762,3.600762,3.600762,0.000000,horizon_mpc_secbf,4,3.119031,true,osqp,optimal,50,2.488764,0,2.479948,geometric,false,0.750000,0.000000,0.621017,-0.000000,,,0.621017,0.621017,0.062102,4.400000
head_on,context_int,Standard MPC-CBF,1,0.100,-2.137898,-0.000000,0.621017,-0.000000,-0.000000,1.950000,0.080000,-0.500000,0.000000,unknown,walking,unknown,3.112664,1.000000,0.000000,4.088681,3.488681,0.000000,0.000000,0.000000,0.000000,0.000000,0.000000,0.000000,3.488681,3.488681,3.488681,3.488681,0.000000,horizon_mpc_secbf,4,2.995501,true,osqp,optimal,50,2.892336,0,2.262814,geometric,false,0.750000,0.000000,0.726101,0.000000,,,0.726101,0.105085,0.134712,4.337898
head_on,context_int,Standard MPC-CBF,2,0.200,-2.065288,0.000000,0.726101,0.000000,0.000000,1.900000,0.080000,-0.500000,0.000000,unknown,walking,unknown,2.745923,1.000000,0.000000,3.966095,3.366095,0.000000,0.000000,0.000000,0.000000,0.000000,0.000000,0.000000,3.366095,3.366095,3.366095,3.366095,0.000000,horizon_mpc_secbf,4,2.871974,true,osqp,optimal,50,2.234354,0,2.130756,geometric,false,0.750000,-0.000000,0.735590,0.000000,,,0.735590,0.009489,0.208271,4.265288
head_on,context_int,Standard MPC-CBF,3,0.300,-1.991729,0.000000,0.735590,0.000000,0.000000,1.850000,0.080000,-0.500000,0.000000,unknown,walking,unknown,2.624871,1.000000,0.000000,3.842562,3.242562,0.000000,0.000000,0.000000,0.000000,0.000000,0.000000,0.000000,3.242562,3.242562,3.242562,3.242562,0.000000,horizon_mpc_secbf,4,2.748449,true,osqp,optimal,50,2.225937,0,2.007239,geometric,false,0.750000,-0.000000,0.735591,0.000000,,,0.735591,0.000001,0.281830,4.191729
head_on,context_int,Standard MPC-CBF,4,0.400,-1.918170,0.000000,0.735591,0.000000,0.000000,1.800000,0.080000,-0.500000,0.000000,unknown,walking,unknown,2.524906,1.000000,0.000000,3.719031,3.119031,0.000000,0.000000,0.000000,0.000000,0.000000,0.000000,0.000000,3.119031,3.119031,3.119031,3.119031,0.000000,horizon_mpc_secbf,4,2.624927,true,osqp,optimal,50,2.095625,0,1.883725,geometric,false,0.750000,-0.000000,0.735591,0.000000,,,0.735591,0.000000,0.355389,4.118170
head_on,context_int,Standard MPC-CBF,5,0.500,-1.844611,0.000000,0.735591,0.000000,0.000000,1.750000,0.080000,-0.500000,0.000000,unknown,walking,unknown,2.424946,1.000000,0.000000,3.595501,2.995501,0.000000,0.000000,0.000000,0.000000,0.000000,0.000000,0.000000,2.995501,2.995501,2.995501,2.995501,0.000000,horizon_mpc_secbf,4,2.501407,true,osqp,optimal,50,2.379003,0,1.760216,geometric,false,0.750000,-0.000000,0.735591,0.000000,,,0.735591,0.000000,0.428948,4.044611
head_on,context_int,Standard MPC-CBF,6,0.600,-1.771052,0.000000,0.735591,0.000000,0.000000,1.700000,0.080000,-0.500000,0.000000,unknown,walking,unknown,2.324989,1.000000,0.000000,3.471974,2.871974,0.000000,0.000000,0.000000,0.000000,0.000000,0.000000,0.000000,2.871974,2.871974,2.871974,2.871974,0.000000,horizon_mpc_secbf,4,2.377891,true,osqp,optimal,50,2.954796,0,1.636710,geometric,false,0.750000,-0.000000,0.735591,0.000000,,,0.735591,0.000000,0.502507,3.971052
head_on,context_int,Standard MPC-CBF,7,0.700,-1.697493,0.000000,0.735591,0.000000,0.000000,1.650000,0.080000,-0.500000,0.000000,unknown,walking,unknown,2.225034,1.000000,0.000000,3.348448,2.748448,0.000000,0.000000,0.000000,0.000000,0.000000,0.000000,0.000000,2.748448,2.748448,2.748448,2.748448,0.000000,horizon_mpc_secbf,4,2.254378,true,osqp,optimal,50,3.482762,0,1.513210,geometric,false,0.750000,-0.000000,0.735591,0.000000,,,0.735591,0.000000,0.576066,3.897493
head_on,context_int,Standard MPC-CBF,8,0.800,-1.623934,0.000000,0.735591,0.000000,0.000000,1.600000,0.080000,-0.500000,0.000000,unknown,walking,unknown,2.125083,1.000000,0.000000,3.224926,2.624926,0.000000,0.000000,0.000000,0.000000,0.000000,0.000000,0.000000,2.624926,2.624926,2.624926,2.624926,0.000000,horizon_mpc_secbf,4,2.130870,true,osqp,optimal,50,3.015408,0,1.389715,geometric,false,0.750000,-0.000000,0.735591,0.000000,,,0.735591,0.000000,0.649626,3.823934
head_on,context_int,Standard MPC-CBF,9,0.900,-1.550374,0.000000,0.735591,0.000000,0.000000,1.550000,0.080000,-0.500000,0.000000,unknown,walking,unknown,2.025135,1.000000,0.000000,3.101406,2.501406,0.000000,0.000000,0.000000,0.000000,0.000000,0.000000,0.000000,2.501406,2.501406,2.501406,2.501406,0.000000,horizon_mpc_secbf,4,2.007366,true,osqp,optimal,50,2.163248,0,1.266226,geometric,false,0.750000,-0.000000,0.735591,0.000000,,,0.735591,0.000000,0.723185,3.750374
head_on,context_int,Standard MPC-CBF,10,1.000,-1.476815,0.000000,0.735591,0.000000,0.000000,1.500000,0.080000,-0.500000,0.000000,unknown,walking,unknown,1.925190,1.000000,0.000000,2.977890,2.377890,0.000000,0.000000,0.000000,0.000000,0.000000,0.000000,0.000000,2.377890,2.377890,2.377890,2.377890,0.000000,horizon_mpc_secbf,4,1.883868,true,osqp,optimal,50,2.672001,0,1.142745,geometric,false,0.750000,-0.000000,0.735591,0.000000,,,0.735591,0.000000,0.796744,3.676815
head_on,context_int,Standard MPC-CBF,11,1.100,-1.403256,0.000000,0.735591,0.000000,0.000000,1.450000,0.080000,-0.500000,0.000000,child,approaching,distracted,1.825250,1.000000,0.000000,2.854377,2.254377,0.000000,0.000000,0.000000,0.000000,0.000000,0.000000,0.000000,2.254377,2.254377,2.254377,2.254377,0.000000,horizon_mpc_secbf,4,1.760376,true,osqp,optimal,50,2.437620,0,1.019271,geometric,false,0.750000,-0.000000,0.735591,0.000000,,,0.735591,0.000000,0.870303,3.603256
head_on,context_int,Standard MPC-CBF,12,1.200,-1.329697,0.000000,0.735591,0.000000,0.000000,1.400000,0.080000,-0.500000,0.000000,child,approaching,distracted,1.725315,1.000000,0.000000,2.730869,2.130869,0.000000,0.000000,0.000000,0.000000,0.000000,0.000000,0.000000,2.130869,2.130869,2.130869,2.130869,0.000000,horizon_mpc_secbf,4,1.636892,true,osqp,optimal,50,2.739926,0,0.895808,geometric,false,0.750000,-0.000000,0.735591,0.000000,,,0.735591,0.000000,0.943862,3.529697
head_on,context_int,Standard MPC-CBF,13,1.300,-1.256138,0.000000,0.735591,0.000000,0.000000,1.350000,0.080000,-0.500000,0.000000,child,approaching,distracted,1.625384,1.000000,0.000000,2.607365,2.007365,0.000000,0.000000,0.000000,0.000000,0.000000,0.000000,0.000000,2.007365,2.007365,2.007365,2.007365,0.000000,horizon_mpc_secbf,4,1.513417,true,osqp,optimal,50,3.188688,0,0.772356,geometric,false,0.750000,-0.000000,0.735591,0.000000,,,0.735591,0.000000,1.017421,3.456138
head_on,context_int,Standard MPC-CBF,14,1.400,-1.182579,0.000000,0.735591,0.000000,0.000000,1.300000,0.080000,-0.500000,0.000000,child,approaching,distracted,1.525460,1.000000,0.000000,2.483867,1.883867,0.000000,0.000000,0.000000,0.000000,0.000000,0.000000,0.000000,1.883867,1.883867,1.883867,1.883867,0.000000,horizon_mpc_secbf,4,1.389952,true,osqp,optimal,50,2.191869,0,0.648917,geometric,false,0.750000,-0.000000,0.735591,0.000000,,,0.735591,0.000000,1.090980,3.382579
head_on,context_int,Standard MPC-CBF,15,1.500,-1.109020,0.000000,0.735591,0.000000,0.000000,1.250000,0.080000,-0.500000,0.000000,child,approaching,distracted,1.425542,1.000000,0.000000,2.360376,1.760376,0.000000,0.000000,0.000000,0.000000,0.000000,0.000000,0.000000,1.760376,1.760376,1.760376,1.760376,0.000000,horizon_mpc_secbf,4,1.266499,true,osqp,optimal,50,2.200756,0,0.525494,geometric,false,0.750000,-0.000000,0.735591,0.000000,,,0.735591,0.000000,1.164540,3.309020
head_on,context_int,Standard MPC-CBF,16,1.600,-1.035460,0.000000,0.735591,0.000000,0.000000,1.200000,0.080000,-0.500000,0.000000,child,approaching,distracted,1.325632,1.000000,0.000000,2.236891,1.636891,0.000000,0.000000,0.000000,0.000000,0.000000,0.000000,0.000000,1.636891,1.636891,1.636891,1.636891,0.000000,horizon_mpc_secbf,4,1.143142,true,osqp,optimal,50,2.973305,0,0.402093,geometric,false,0.750000,-0.000000,0.735591,-0.000071,,,0.735591,0.000071,1.238099,3.235460
head_on,context_int,Standard MPC-CBF,17,1.700,-0.961901,-0.000007,0.735591,-0.000071,-0.000096,1.150000,0.080000,-0.500000,0.000000,child,approaching,distracted,1.225733,1.000000,0.000000,2.113416,1.513416,0.000000,0.000000,0.000000,0.000000,0.000000,0.000000,0.000000,1.513416,1.513416,1.513416,1.513416,0.000000,horizon_mpc_secbf,4,1.019995,true,osqp,optimal,50,3.056844,0,0.278732,geometric,false,0.750000,0.000002,0.735591,-0.000566,,,0.735592,0.000495,1.311658,3.161901
head_on,context_int,Standard MPC-CBF,18,1.800,-0.888342,-0.000064,0.735591,-0.000566,-0.000769,1.100000,0.080000,-0.500000,0.000000,child,approaching,distracted,1.125862,1.000000,0.000000,1.989953,1.389953,0.000000,0.000000,0.000000,0.000000,0.000000,0.000000,0.000000,1.389953,1.389953,1.389953,1.389953,0.000000,horizon_mpc_secbf,4,0.897143,true,osqp,optimal,50,3.323365,0,0.155501,geometric,false,0.750000,0.000015,0.735591,-0.003427,,,0.735599,0.002861,1.385218,3.088342
head_on,context_int,Standard MPC-CBF,19,1.900,-0.814783,-0.000406,0.735591,-0.003427,-0.004658,1.050000,0.080000,-0.500000,0.000000,child,approaching,distracted,1.026103,1.000000,0.000000,1.866516,1.266516,0.000000,0.000000,0.000000,0.000000,0.000000,0.000000,0.000000,1.266516,1.266516,1.266516,1.266516,0.000000,horizon_mpc_secbf,4,0.774720,true,osqp,optimal,50,3.073008,0,0.032925,geometric,false,0.750000,0.000101,0.735592,-0.019815,,,0.735858,0.016389,1.458804,3.014783
head_on,context_int,Standard MPC-CBF,20,2.000,-0.741224,-0.002388,0.735592,-0.019815,-0.026932,1.000000,0.080000,-0.500000,0.000000,child,approaching,distracted,0.926941,1.000000,0.000000,1.743172,1.143172,0.000000,0.000000,0.000000,0.000000,0.000000,0.000000,0.000000,1.143172,1.143172,1.143172,1.143172,0.000000,horizon_mpc_secbf,4,0.652996,true,osqp,optimal,50,3.155150,0,-0.088655,geometric,false,0.750000,0.000609,0.735592,-0.050433,,,0.737318,0.030618,1.532535,2.941225
head_on,context_int,Standard MPC-CBF,21,2.100,-0.667665,-0.007431,0.735592,-0.050433,-0.068454,0.950000,0.080000,-0.500000,0.000000,child,approaching,distracted,0.828569,1.000000,0.000000,1.620026,1.020026,0.000000,0.000000,0.000000,0.000000,0.000000,0.000000,0.000000,1.020026,1.020026,1.020026,1.020026,0.000000,horizon_mpc_secbf,4,0.533314,true,osqp,optimal,50,3.055168,0,-0.209315,geometric,false,0.749997,0.001944,0.735592,-0.082467,,,0.740201,0.032033,1.606556,2.867674
head_on,context_int,Standard MPC-CBF,22,2.200,-0.594106,-0.015678,0.735592,-0.082467,-0.111643,0.900000,0.080000,-0.500000,0.000000,child,approaching,distracted,0.730712,1.000000,0.000000,1.497166,0.897166,0.000000,0.000000,0.000000,0.000000,0.000000,0.000000,0.000000,0.897166,0.897166,0.897166,0.897166,0.000000,horizon_mpc_secbf,4,0.415982,true,osqp,optimal,50,3.209598,0,-0.328650,geometric,false,0.749988,0.004208,0.735590,-0.113435,,,0.744285,0.030968,1.680984,2.794149
head_on,context_int,Standard MPC-CBF,23,2.300,-0.520546,-0.027021,0.735590,-0.113435,-0.153004,0.850000,0.080000,-0.500000,0.000000,child,approaching,distracted,0.633453,1.000000,0.000000,1.374719,0.774719,0.000000,0.000000,0.000000,0.000000,0.000000,0.000000,0.000000,0.774719,0.774719,0.774719,0.774719,0.000000,horizon_mpc_secbf,4,0.301418,true,osqp,optimal,50,3.481286,0,-0.444735,geometric,false,0.749963,0.007449,0.734299,-0.142570,,,0.748011,0.029163,1.755785,2.720681
head_on,context_int,Standard MPC-CBF,24,2.400,-0.447117,-0.041278,0.734299,-0.142570,-0.191771,0.800000,0.080000,-0.500000,0.000000,child,approaching,distracted,0.537579,1.000000,0.000000,1.253000,0.653000,0.000000,0.000000,0.000000,0.000000,0.000000,0.000000,0.000000,0.653000,0.653000,0.653000,0.653000,0.000000,horizon_mpc_secbf,4,0.190515,true,osqp,optimal,50,3.232667,0,-0.551180,geometric,false,0.749909,0.011694,0.726276,-0.168801,,,0.745634,0.027431,1.830349,2.647438
head_on,context_int,Standard MPC-CBF,25,2.500,-0.374489,-0.058158,0.726276,-0.168801,-0.228365,0.750000,0.080000,-0.500000,0.000000,child,approaching,distracted,0.445405,1.000000,0.000000,1.132945,0.532945,0.000000,0.000000,0.000000,0.000000,0.000000,0.000000,0.000000,0.532945,0.532945,0.532945,0.532945,0.000000,horizon_mpc_secbf,4,0.084686,true,osqp,optimal,50,3.248706,0,-0.650963,geometric,false,0.749809,0.016938,0.716460,-0.192498,,,0.741870,0.025650,1.904536,2.575146
head_on,context_int,Standard MPC-CBF,26,2.600,-0.302843,-0.077408,0.716460,-0.192498,-0.262481,0.700000,0.080000,-0.500000,0.000000,child,approaching,distracted,0.354230,1.000000,0.000000,1.015121,0.415121,0.000000,0.000000,0.000000,0.000000,0.000000,0.000000,0.000000,0.415121,0.415121,0.415121,0.415121,0.000045,horizon_mpc_secbf,4,-0.000049,true,osqp,optimal,25,3.104485,0,-0.716987,geometric,false,0.749642,0.023185,0.682802,-0.234373,,,0.721907,0.053725,1.976726,2.504040
head_on,context_int,Standard MPC-CBF,27,2.700,-0.234563,-0.100845,0.682802,-0.234373,-0.330651,0.650000,0.080000,-0.500000,0.000000,child,approaching,distracted,0.272384,1.000000,0.000000,0.902860,0.302860,0.000000,0.000000,0.000000,0.000000,0.000000,0.000000,0.000000,0.302860,0.302860,0.302860,0.302860,0.000264,horizon_mpc_secbf,4,-0.000260,true,osqp,optimal,25,3.266726,0,-0.630239,geometric,false,0.749357,0.031040,0.527794,-0.367453,,,0.643108,0.204299,2.041037,2.436650
head_on,context_int,Standard MPC-CBF,28,2.800,-0.181783,-0.137591,0.527794,-0.367453,-0.608175,0.600000,0.080000,-0.500000,0.000000,child,approaching,distracted,0.237205,1.000000,0.000000,0.811499,0.211499,0.000000,0.000000,0.000000,0.000000,0.000000,0.000000,0.000000,0.211499,0.211499,0.211499,0.211499,0.000386,horizon_mpc_secbf,4,-0.000387,true,osqp,optimal,25,3.260003,0,-0.577228,geometric,false,0.748752,0.043254,0.459745,-0.505298,,,0.683148,0.153726,2.109352,2.385754
head_on,context_int,Standard MPC-CBF,29,2.900,-0.135809,-0.188121,0.459745,-0.505298,-0.832566,0.550000,0.080000,-0.500000,0.000000,child,approaching,distracted,0.192087,1.000000,0.000000,0.736358,0.136358,0.000000,0.000000,0.000000,0.000000,0.000000,0.000000,0.000000,0.136358,0.136358,0.136358,0.136358,0.000448,horizon_mpc_secbf,4,0.000278,true,osqp,optimal,400,3.878481,0,-0.538258,geometric,false,0.747579,0.060208,0.454021,-0.586259,,,0.741508,0.081163,2.183503,2.343372
head_on,context_int,Standard MPC-CBF,30,3.000,-0.090407,-0.246746,0.454021,-0.586259,-0.911837,0.500000,0.080000,-0.500000,0.000000,child,approaching,distracted,0.135777,1.000000,0.000000,0.674791,0.074791,0.000000,0.000000,0.000000,0.000000,0.000000,0.000000,0.000000,0.074791,0.074791,0.074791,0.074791,0.000310,horizon_mpc_secbf,4,0.000131,true,osqp,optimal,100,3.362595,0,-0.444116,geometric,false,0.745685,0.080333,0.430752,-0.609522,,,0.746368,0.032903,2.258139,2.303659
head_on,context_int,Standard MPC-CBF,31,3.100,-0.047332,-0.307699,0.430752,-0.609522,-0.955585,0.450000,0.080000,-0.500000,0.000000,child,approaching,distracted,0.085146,1.000000,0.000000,0.630594,0.030594,0.000000,0.000000,0.000000,0.000000,0.000000,0.000000,0.000000,0.030594,0.030594,0.030594,0.030594,0.000338,horizon_mpc_secbf,4,-0.000072,true,osqp,optimal,150,3.405167,0,-0.309439,geometric,false,0.743067,0.101739,0.417256,-0.623021,,,0.749838,0.019088,2.333123,2.268298
head_on,context_int,Standard MPC-CBF,32,3.200,-0.005606,-0.370001,0.417256,-0.623021,-0.980676,0.400000,0.080000,-0.500000,0.000000,child,approaching,distracted,0.038451,1.000000,0.000000,0.605819,0.005819,0.000000,0.000000,0.000000,0.000000,0.000000,0.000000,0.000000,0.005819,0.005819,0.005819,0.005819,0.000327,horizon_mpc_secbf,4,-0.000174,true,osqp,optimal,125,3.486796,0,-0.155319,geometric,false,0.739665,0.124082,0.424426,-0.615852,,,0.747938,0.010139,2.407917,2.236425
head_on,context_int,Standard MPC-CBF,33,3.300,0.036837,-0.431586,0.424426,-0.615852,-0.967377,0.350000,0.080000,-0.500000,0.000000,child,approaching,distracted,,0.000000,0.000000,0.599826,-0.000174,0.000000,0.000000,0.000000,0.000000,0.000000,0.000000,0.000000,-0.000174,-0.000174,-0.000174,-0.000174,0.000328,horizon_mpc_secbf,4,-0.000288,true,osqp,optimal,125,3.349015,0,-0.111726,geometric,false,0.735504,0.146745,0.536793,-0.503487,,,0.735966,0.158910,2.481514,2.205797
head_on,context_int,Standard MPC-CBF,34,3.400,0.090516,-0.481935,0.536793,-0.503487,-0.753393,0.300000,0.080000,-0.500000,0.000000,child,approaching,distracted,,0.000000,0.000000,0.599712,-0.000288,0.000000,0.000000,0.000000,0.000000,0.000000,0.000000,0.000000,-0.000288,-0.000288,-0.000288,-0.000288,0.000145,horizon_mpc_secbf,4,-0.000131,true,osqp,optimal,75,3.219012,0,-0.120355,geometric,false,0.731161,0.167042,0.668850,-0.307443,,,0.736126,0.236373,2.555126,2.163835
head_on,context_int,Standard MPC-CBF,35,3.500,0.157401,-0.512679,0.668850,-0.307443,-0.430857,0.250000,0.080000,-0.500000,0.000000,child,approaching,distracted,,0.000000,0.000000,0.599869,-0.000131,0.000000,0.000000,0.000000,0.000000,0.000000,0.000000,0.000000,-0.000131,-0.000131,-0.000131,-0.000131,0.000000,horizon_mpc_secbf,4,0.009788,true,osqp,optimal,50,3.086185,0,-0.027642,geometric,false,0.727437,0.182582,0.725996,-0.163702,,,0.744223,0.154683,2.629549,2.105956
head_on,context_int,Standard MPC-CBF,36,3.600,0.230000,-0.529049,0.725996,-0.163702,-0.221778,0.200000,0.080000,-0.500000,0.000000,child,approaching,distracted,,0.000000,0.000000,0.609788,0.009788,0.000000,0.000000,0.000000,0.000000,0.000000,0.000000,0.000000,0.009788,0.009788,0.009788,0.009788,0.000000,horizon_mpc_secbf,4,0.039919,true,osqp,optimal,50,3.317533,0,0.192147,geometric,false,0.724335,0.194522,0.735589,-0.121718,,,0.745591,0.043066,2.704108,2.039802
head_on,context_int,Standard MPC-CBF,37,3.700,0.303559,-0.541221,0.735589,-0.121718,-0.163985,0.150000,0.080000,-0.500000,0.000000,child,approaching,distracted,,0.000000,0.000000,0.639919,0.039919,0.000000,0.000000,0.000000,0.000000,0.000000,0.000000,0.000000,0.039919,0.039919,0.039919,0.039919,0.000000,horizon_mpc_secbf,4,0.088840,true,osqp,optimal,50,3.321184,0,0.427848,geometric,false,0.721205,0.205823,0.735591,-0.094180,,,0.741595,0.027538,2.778267,1.972158
head_on,context_int,Standard MPC-CBF,38,3.800,0.377118,-0.550639,0.735591,-0.094180,-0.127341,0.100000,0.080000,-0.500000,0.000000,child,approaching,distracted,,0.000000,0.000000,0.688840,0.088840,0.000000,0.000000,0.000000,0.000000,0.000000,0.000000,0.000000,0.088840,0.088840,0.088840,0.088840,0.000000,horizon_mpc_secbf,4,0.152756,true,osqp,optimal,50,3.390533,0,0.646525,geometric,false,0.717959,0.216874,0.735591,-0.066204,,,0.738564,0.027977,2.852124,1.904232
head_on,context_int,Standard MPC-CBF,39,3.900,0.450678,-0.557259,0.735591,-0.066204,-0.089759,0.050000,0.080000,-0.500000,0.000000,child,approaching,distracted,,0.000000,0.000000,0.752756,0.152756,0.000000,0.000000,0.000000,0.000000,0.000000,0.000000,0.000000,0.152756,0.152756,0.152756,0.152756,0.000000,horizon_mpc_secbf,4,0.227955,true,osqp,optimal,50,3.118871,0,0.840813,geometric,false,0.714617,0.227646,0.735592,-0.035881,,,0.736466,0.030323,2.925770,1.835938
head_on,context_int,Standard MPC-CBF,40,4.000,0.524237,-0.560848,0.735592,-0.035881,-0.048739,0.000000,0.080000,-0.500000,0.000000,child,approaching,distracted,,0.000000,0.000000,0.827955,0.227955,0.000000,0.000000,0.000000,0.000000,0.000000,0.000000,0.000000,0.227955,0.227955,0.227955,0.227955,0.000000,horizon_mpc_secbf,4,0.311469,true,osqp,optimal,50,3.098107,0,1.013016,geometric,false,0.711224,0.238034,0.735592,-0.003516,,,0.735600,0.032365,2.999330,1.767125
head_on,context_int,Standard MPC-CBF,41,4.100,0.597796,-0.561199,0.735592,-0.003516,-0.004779,-0.050000,0.080000,-0.500000,0.000000,child,approaching,distracted,,0.000000,0.000000,0.911469,0.311469,0.000000,0.000000,0.000000,0.000000,0.000000,0.000000,0.000000,0.311469,0.311469,0.311469,0.311469,0.000000,horizon_mpc_secbf,4,0.401122,true,osqp,optimal,50,3.101447,0,1.168297,geometric,false,0.707835,0.247931,0.735592,0.030317,,,0.736216,0.033833,3.072952,1.697646
head_on,context_int,Standard MPC-CBF,42,4.200,0.671355,-0.558167,0.735592,0.030317,0.041191,-0.100000,0.080000,-0.500000,0.000000,child,approaching,distracted,,0.000000,0.000000,1.001122,0.401122,0.000000,0.000000,0.000000,0.000000,0.000000,0.000000,0.000000,0.401122,0.401122,0.401122,0.401122,0.000000,horizon_mpc_secbf,4,0.495383,true,osqp,optimal,50,3.203980,0,1.311639,geometric,false,0.704505,0.257242,0.735592,0.065094,,,0.738466,0.034777,3.146799,1.627362
head_on,context_int,Standard MPC-CBF,43,4.300,0.744914,-0.551658,0.735592,0.065094,0.088263,-0.150000,0.080000,-0.500000,0.000000,child,approaching,distracted,,0.000000,0.000000,1.095383,0.495383,0.000000,0.000000,0.000000,0.000000,0.000000,0.000000,0.000000,0.495383,0.495383,0.495383,0.495383,0.000000,horizon_mpc_secbf,4,0.593190,true,osqp,optimal,50,3.077665,0,1.446973,geometric,false,0.701291,0.265876,0.735592,0.100361,,,0.742407,0.035267,3.221039,1.556149
head_on,context_int,Standard MPC-CBF,44,4.400,0.818473,-0.541622,0.735592,0.100361,0.135599,-0.200000,0.080000,-0.500000,0.000000,child,approaching,distracted,,0.000000,0.000000,1.193190,0.593190,0.000000,0.000000,0.000000,0.000000,0.000000,0.000000,0.000000,0.593190,0.593190,0.593190,0.593190,0.000000,horizon_mpc_secbf,4,0.693823,true,osqp,optimal,50,3.120098,0,1.577217,geometric,false,0.698256,0.273748,0.735589,0.135586,,,0.747980,0.035225,3.295837,1.483904
head_on,context_int,Standard MPC-CBF,45,4.500,0.892032,-0.528063,0.735589,0.135586,0.182277,-0.250000,0.080000,-0.500000,0.000000,child,approaching,distracted,,0.000000,0.000000,1.293823,0.693823,0.000000,0.000000,0.000000,0.000000,0.000000,0.000000,0.000000,0.693823,0.693823,0.693823,0.693823,0.000000,horizon_mpc_secbf,4,0.795969,true,osqp,optimal,50,2.895030,0,1.696404,geometric,false,0.695460,0.280777,0.726029,0.169396,,,0.745529,0.035135,3.370390,1.410543
head_on,context_int,Standard MPC-CBF,46,4.600,0.964635,-0.511124,0.726029,0.169396,0.229218,-0.300000,0.080000,-0.500000,0.000000,child,approaching,distracted,,0.000000,0.000000,1.395969,0.795969,0.000000,0.000000,0.000000,0.000000,0.000000,0.000000,0.000000,0.795969,0.795969,0.795969,0.795969,0.000000,horizon_mpc_secbf,4,0.898897,true,osqp,optimal,50,3.043400,0,1.809070,geometric,false,0.693025,0.286734,0.712623,0.201764,,,0.740635,0.035035,3.444454,1.336927
head_on,context_int,Standard MPC-CBF,47,4.700,1.035898,-0.490947,0.712623,0.201764,0.275907,-0.350000,0.080000,-0.500000,0.000000,child,approaching,distracted,,0.000000,0.000000,1.498897,0.898897,0.000000,0.000000,0.000000,0.000000,0.000000,0.000000,0.000000,0.898897,0.898897,0.898897,0.898897,0.000000,horizon_mpc_secbf,4,1.002332,true,osqp,optimal,50,3.120251,0,1.919116,geometric,false,0.691057,0.291446,0.699538,0.233354,,,0.737433,0.034193,3.518197,1.263394
head_on,context_int,Standard MPC-CBF,48,4.800,1.105851,-0.467612,0.699538,0.233354,0.321975,-0.400000,0.080000,-0.500000,0.000000,child,approaching,distracted,,0.000000,0.000000,1.602332,1.002332,0.000000,0.000000,0.000000,0.000000,0.000000,0.000000,0.000000,1.002332,1.002332,1.002332,1.002332,0.000000,horizon_mpc_secbf,4,1.106170,true,osqp,optimal,50,3.025062,0,2.028214,geometric,false,0.689657,0.294742,0.687255,0.263008,,,0.735862,0.032097,3.591783,1.189883
head_on,context_int,Standard MPC-CBF,49,4.900,1.174577,-0.441311,0.687255,0.263008,0.365499,-0.450000,0.080000,-0.500000,0.000000,child,approaching,distracted,,0.000000,0.000000,1.706170,1.106170,0.000000,0.000000,0.000000,0.000000,0.000000,0.000000,0.000000,1.106170,1.106170,1.106170,1.106170,0.000000,horizon_mpc_secbf,4,1.210663,true,osqp,optimal,50,3.075774,0,2.140056,geometric,false,0.688909,0.296486,0.677650,0.286196,,,0.735607,0.025098,3.665344,1.116355
head_on,context_int,Standard MPC-CBF,50,5.000,1.242342,-0.412691,0.677650,0.286196,0.399612,-0.500000,0.080000,-0.500000,0.000000,child,approaching,distracted,,0.000000,0.000000,1.810663,1.210663,0.000000,0.000000,0.000000,0.000000,0.000000,0.000000,0.000000,1.210663,1.210663,1.210663,1.210663,0.000000,horizon_mpc_secbf,4,1.316849,true,osqp,optimal,50,3.092437,0,2.263149,geometric,false,0.688767,0.296816,0.675888,0.290449,,,0.735653,0.004604,3.738909,1.042796
head_on,context_int,Standard MPC-CBF,51,5.100,1.309931,-0.383647,0.675888,0.290449,0.405870,-0.550000,0.080000,-0.500000,0.000000,child,approaching,distracted,,0.000000,0.000000,1.916849,1.316849,0.000000,0.000000,0.000000,0.000000,0.000000,0.000000,0.000000,1.316849,1.316849,1.316849,1.316849,0.000000,horizon_mpc_secbf,4,1.424665,true,osqp,optimal,50,3.250815,0,2.387069,geometric,false,0.688744,0.296869,0.675568,0.291224,,,0.735665,0.000838,3.812476,0.969231
head_on,context_int,Standard MPC-CBF,52,5.200,1.377487,-0.354524,0.675568,0.291224,0.407009,-0.600000,0.080000,-0.500000,0.000000,child,approaching,distracted,,0.000000,0.000000,2.024665,1.424665,0.000000,0.000000,0.000000,0.000000,0.000000,0.000000,0.000000,1.424665,1.424665,1.424665,1.424665,0.000000,horizon_mpc_secbf,4,1.533900,true,osqp,optimal,50,3.466359,0,2.510258,geometric,false,0.688745,0.296867,0.675513,0.291354,,,0.735667,0.000142,3.886042,0.895664
head_on,context_int,Standard MPC-CBF,53,5.300,1.445039,-0.325389,0.675513,0.291354,0.407202,-0.650000,0.080000,-0.500000,0.000000,child,approaching,distracted,,0.000000,0.000000,2.133900,1.533900,0.000000,0.000000,0.000000,0.000000,0.000000,0.000000,0.000000,1.533900,1.533900,1.533900,1.533900,0.000000,horizon_mpc_secbf,4,1.644353,true,osqp,optimal,50,3.247157,0,2.632649,geometric,false,0.688752,0.296852,0.675509,0.291365,,,0.735667,0.000011,3.959609,0.822097
head_on,context_int,Standard MPC-CBF,54,5.400,1.512590,-0.296252,0.675509,0.291365,0.407217,-0.700000,0.080000,-0.500000,0.000000,child,approaching,distracted,,0.000000,0.000000,2.244353,1.644353,0.000000,0.000000,0.000000,0.000000,0.000000,0.000000,0.000000,1.644353,1.644353,1.644353,1.644353,0.000000,horizon_mpc_secbf,4,1.755854,true,osqp,optimal,50,3.210448,0,2.754388,geometric,false,0.688760,0.296834,0.675515,0.291351,,,0.735667,0.000015,4.033176,0.748531
head_on,context_int,Standard MPC-CBF,55,5.500,1.580141,-0.267117,0.675515,0.291351,0.407196,-0.750000,0.080000,-0.500000,0.000000,child,approaching,distracted,,0.000000,0.000000,2.355854,1.755854,0.000000,0.000000,0.000000,0.000000,0.000000,0.000000,0.000000,1.755854,1.755854,1.755854,1.755854,0.000000,horizon_mpc_secbf,4,1.868262,true,osqp,optimal,50,3.229433,0,2.875622,geometric,false,0.688769,0.296813,0.675523,0.291331,,,0.735667,0.000022,4.106742,0.674964
head_on,context_int,Standard MPC-CBF,56,5.600,1.647693,-0.237984,0.675523,0.291331,0.407167,-0.800000,0.080000,-0.500000,0.000000,child,approaching,distracted,,0.000000,0.000000,2.468262,1.868262,0.000000,0.000000,0.000000,0.000000,0.000000,0.000000,0.000000,1.868262,1.868262,1.868262,1.868262,0.000000,horizon_mpc_secbf,4,1.981458,true,osqp,optimal,50,3.505057,0,2.996470,geometric,false,0.688779,0.296789,0.675533,0.291308,,,0.735666,0.000025,4.180309,0.601397
head_on,context_int,Standard MPC-CBF,57,5.700,1.715247,-0.208853,0.675533,0.291308,0.407133,-0.850000,0.080000,-0.500000,0.000000,child,approaching,distracted,,0.000000,0.000000,2.581458,1.981458,0.000000,0.000000,0.000000,0.000000,0.000000,0.000000,0.000000,1.981458,1.981458,1.981458,1.981458,0.000000,horizon_mpc_secbf,4,2.095344,true,osqp,optimal,50,3.182744,0,3.117027,geometric,false,0.688791,0.296762,0.675544,0.291281,,,0.735666,0.000029,4.253876,0.527831
head_on,context_int,Standard MPC-CBF,58,5.800,1.782801,-0.179725,0.675544,0.291281,0.407094,-0.900000,0.080000,-0.500000,0.000000,child,approaching,distracted,,0.000000,0.000000,2.695344,2.095344,0.000000,0.000000,0.000000,0.000000,0.000000,0.000000,0.000000,2.095344,2.095344,2.095344,2.095344,0.000000,horizon_mpc_secbf,4,2.209835,true,osqp,optimal,50,3.225403,0,3.237365,geometric,false,0.688804,0.296730,0.675557,0.291250,,,0.735665,0.000033,4.327442,0.454264
head_on,context_int,Standard MPC-CBF,59,5.900,1.850357,-0.150600,0.675557,0.291250,0.407048,-0.950000,0.080000,-0.500000,0.000000,child,approaching,distracted,,0.000000,0.000000,2.809835,2.209835,0.000000,0.000000,0.000000,0.000000,0.000000,0.000000,0.000000,2.209835,2.209835,2.209835,2.209835,0.000000,horizon_mpc_secbf,4,2.324862,true,osqp,optimal,50,3.276897,0,3.357542,geometric,false,0.688820,0.296692,0.675572,0.291214,,,0.735665,0.000040,4.401009,0.380698
head_on,context_int,Standard MPC-CBF,60,6.000,1.917914,-0.121479,0.675572,0.291214,0.406994,-1.000000,0.080000,-0.500000,0.000000,child,approaching,distracted,,0.000000,0.000000,2.924862,2.324862,0.000000,0.000000,0.000000,0.000000,0.000000,0.000000,0.000000,2.324862,2.324862,2.324862,2.324862,0.000000,horizon_mpc_secbf,4,2.440363,true,osqp,optimal,50,3.329830,0,3.477603,geometric,false,0.688841,0.296646,0.675591,0.291168,,,0.735664,0.000049,4.474575,0.307131
head_on,context_int,Standard MPC-CBF,61,6.100,1.985473,-0.092362,0.675591,0.291168,0.406927,-1.050000,0.080000,-0.500000,0.000000,child,approaching,distracted,,0.000000,0.000000,3.040363,2.440363,0.000000,0.000000,0.000000,0.000000,0.000000,0.000000,0.000000,2.440363,2.440363,2.440363,2.440363,0.000000,horizon_mpc_secbf,4,2.556287,true,osqp,optimal,50,3.462911,0,3.597584,geometric,false,0.688867,0.296584,0.675615,0.291109,,,0.735663,0.000064,4.548141,0.233565
head_on,context_int,Standard MPC-CBF,62,6.200,2.053035,-0.063251,0.675615,0.291109,0.406840,-1.100000,0.080000,-0.500000,0.000000,child,approaching,distracted,,0.000000,0.000000,3.156287,2.556287,0.000000,0.000000,0.000000,0.000000,0.000000,0.000000,0.000000,2.556287,2.556287,2.556287,2.556287,0.000000,horizon_mpc_secbf,4,2.672591,true,osqp,optimal,50,3.386537,0,3.717518,geometric,false,0.688907,0.296492,0.675651,0.291023,,,0.735662,0.000093,4.621708,0.159999
head_on,context_int,Standard MPC-CBF,63,6.300,2.120600,-0.034149,0.675651,0.291023,0.406713,-1.150000,0.080000,-0.500000,0.000000,child,approaching,distracted,,0.000000,0.000000,3.272591,2.672591,0.000000,0.000000,0.000000,0.000000,0.000000,0.000000,0.000000,2.672591,2.672591,2.672591,2.672591,0.000000,horizon_mpc_secbf,4,2.789239,true,osqp,optimal,50,3.117444,0,3.837447,geometric,false,0.688981,0.296320,0.675716,0.290864,,,0.735659,0.000171,4.695273,0.086432
head_on,context_int,Standard MPC-CBF,64,6.400,2.188171,-0.005062,0.675716,0.290864,0.406480,-1.200000,0.080000,-0.500000,0.000000,child,approaching,distracted,,0.000000,0.000000,3.389239,2.789239,0.000000,0.000000,0.000000,0.000000,0.000000,0.000000,0.000000,2.789239,2.789239,2.789239,2.789239,0.000000,horizon_mpc_secbf,4,2.860396,true,osqp,optimal,25,3.360862,0,3.500636,geometric,false,0.118287,0.050624,0.213927,0.091843,,,0.232809,0.502851,4.718554,0.012866
head_on,context_int,Standard MPC-CBF,65,6.500,2.209564,0.004122,0.213927,0.091843,0.405524,-1.250000,0.080000,-0.500000,0.000000,child,approaching,distracted,,0.000000,0.000000,3.460396,2.860396,0.000000,0.000000,0.000000,0.000000,0.000000,0.000000,0.000000,2.860396,2.860396,2.860396,2.860396,0.000000,horizon_mpc_secbf,4,2.906173,true,osqp,optimal,25,3.584657,0,3.318163,geometric,false,-0.095640,-0.041219,-0.042527,-0.018389,,,0.046332,0.279141,4.723188,0.010414
head_on,context_int,Standard MPC-CBF,66,6.600,2.205311,0.002283,-0.042527,-0.018389,-2.733464,-1.300000,0.080000,-0.500000,0.000000,child,approaching,distracted,,0.000000,0.000000,3.506173,2.906173,0.000000,0.000000,0.000000,0.000000,0.000000,0.000000,0.000000,2.906173,2.906173,2.906173,2.906173,0.000000,horizon_mpc_secbf,4,2.951081,true,osqp,optimal,25,3.230210,0,3.355255,geometric,false,-0.053114,-0.022830,-0.051297,-0.022068,,,0.055843,0.009511,4.728772,0.005781
head_on,context_int,Standard MPC-CBF,67,6.700,2.200182,0.000076,-0.051297,-0.022068,-2.735327,-1.350000,0.080000,-0.500000,0.000000,child,approaching,distracted,,0.000000,0.000000,3.551081,2.951081,0.000000,0.000000,0.000000,0.000000,0.000000,0.000000,0.000000,2.951081,2.951081,2.951081,2.951081,0.000000,horizon_mpc_secbf,4,3.000048,true,osqp,optimal,25,3.012758,0,3.440751,geometric,false,-0.001816,-0.000762,-0.010306,-0.004418,,,0.011213,0.044630,4.729893,0.000197
head_on,context_int,Standard MPC-CBF,68,6.800,2.199151,-0.000366,-0.010306,-0.004418,-2.736648,-1.400000,0.080000,-0.500000,0.000000,child,approaching,distracted,,0.000000,0.000000,3.600048,3.000048,0.000000,0.000000,0.000000,0.000000,0.000000,0.000000,0.000000,3.000048,3.000048,3.000048,3.000048,0.000000,horizon_mpc_secbf,4,3.050557,true,osqp,optimal,25,3.014664,0,3.505136,geometric,false,0.008490,0.003656,0.005265,0.002270,,,0.005733,0.016946,4.730466,0.000924
head_on,context_int,Standard MPC-CBF,69,6.900,2.199678,-0.000139,0.005265,0.002270,0.407153,-1.450000,0.080000,-0.500000,0.000000,child,approaching,distracted,,0.000000,0.000000,3.650557,3.050557,0.000000,0.000000,0.000000,0.000000,0.000000,0.000000,0.000000,3.050557,3.050557,3.050557,3.050557,0.000000,horizon_mpc_secbf,4,3.100899,true,osqp,optimal,25,3.080557,0,3.553977,geometric,false,0.003225,0.001385,0.003575,0.001537,,,0.003891,0.001842,4.730856,0.000351
head_on,context_int,Standard MPC-CBF,70,7.000,2.200035,0.000015,0.003575,0.001537,0.406061,-1.500000,0.080000,-0.500000,0.000000,child,approaching,distracted,,0.000000,0.000000,3.700899,3.100899,0.000000,0.000000,0.000000,0.000000,0.000000,0.000000,0.000000,3.100899,3.100899,3.100899,3.100899,0.000000,horizon_mpc_secbf,4,3.150888,true,osqp,optimal,25,3.214834,0,3.600784,geometric,false,-0.000350,-0.000152,0.000002,-0.000002,,,0.000002,0.003890,4.730856,0.000038
head_on,context_int,Standard MPC-CBF,71,7.100,2.200035,0.000015,0.000002,-0.000002,-0.794817,-1.550000,0.080000,-0.500000,0.000000,child,approaching,distracted,,0.000000,0.000000,3.750888,3.150888,0.000000,0.000000,0.000000,0.000000,0.000000,0.000000,0.000000,3.150888,3.150888,3.150888,3.150888,0.000000,horizon_mpc_secbf,4,3.200848,true,osqp,optimal,25,3.104011,0,3.650486,geometric,false,-0.000352,-0.000150,-0.000291,-0.000125,,,0.000317,0.000318,4.730888,0.000038
head_on,context_int,Standard MPC-CBF,72,7.200,2.200006,0.000003,-0.000291,-0.000125,-2.736933,-1.600000,0.080000,-0.500000,0.000000,child,approaching,distracted,,0.000000,0.000000,3.800848,3.200848,0.000000,0.000000,0.000000,0.000000,0.000000,0.000000,0.000000,3.200848,3.200848,3.200848,3.200848,0.000000,horizon_mpc_secbf,4,3.250827,true,osqp,optimal,25,2.965969,0,3.700638,geometric,false,-0.000061,-0.000025,-0.000100,-0.000042,,,0.000109,0.000208,4.730898,0.000007
head_on,context_int,Standard MPC-CBF,73,7.300,2.199996,-0.000002,-0.000100,-0.000042,-2.740575,-1.650000,0.080000,-0.500000,0.000000,child,approaching,distracted,,0.000000,0.000000,3.850827,3.250827,0.000000,0.000000,0.000000,0.000000,0.000000,0.000000,0.000000,3.250827,3.250827,3.250827,3.250827,0.000000,horizon_mpc_secbf,4,3.300818,true,osqp,optimal,25,2.973718,0,3.750735,geometric,false,0.000040,0.000017,0.000016,0.000007,,,0.000017,0.000126,4.730900,0.000004
head_on,context_int,Standard MPC-CBF,74,7.400,2.199998,-0.000001,0.000016,0.000007,0.412662,-1.700000,0.080000,-0.500000,0.000000,child,approaching,distracted,,0.000000,0.000000,3.900818,3.300818,0.000000,0.000000,0.000000,0.000000,0.000000,0.000000,0.000000,3.300818,3.300818,3.300818,3.300818,0.000000,horizon_mpc_secbf,4,3.350810,true,osqp,optimal,25,3.056356,0,3.800735,geometric,false,0.000024,0.000010,0.000023,0.000010,,,0.000025,0.000008,4.730903,0.000003
head_on,context_int,Standard MPC-CBF,75,7.500,2.200000,-0.000000,0.000023,0.000010,0.403789,-1.750000,0.080000,-0.500000,0.000000,child,approaching,distracted,,0.000000,0.000000,3.950810,3.350810,0.000000,0.000000,0.000000,0.000000,0.000000,0.000000,0.000000,3.350810,3.350810,3.350810,3.350810,0.000000,horizon_mpc_secbf,4,3.400800,true,osqp,optimal,25,3.113223,0,3.850712,geometric,false,0.000001,0.000001,0.000005,0.000002,,,0.000005,0.000019,4.730903,0.000000
head_on,context_int,Standard MPC-CBF,76,7.600,2.200000,0.000000,0.000005,0.000002,0.399079,-1.800000,0.080000,-0.500000,0.000000,child,approaching,distracted,,0.000000,0.000000,4.000800,3.400800,0.000000,0.000000,0.000000,0.000000,0.000000,0.000000,0.000000,3.400800,3.400800,3.400800,3.400800,0.000000,horizon_mpc_secbf,4,3.450790,true,osqp,optimal,25,3.050380,0,3.900698,geometric,false,-0.000004,-0.000002,-0.000002,-0.000001,,,0.000002,0.000008,4.730903,0.000000
head_on,context_int,Standard MPC-CBF,77,7.700,2.200000,0.000000,-0.000002,-0.000001,-2.733976,-1.850000,0.080000,-0.500000,0.000000,child,approaching,distracted,,0.000000,0.000000,4.050790,3.450790,0.000000,0.000000,0.000000,0.000000,0.000000,0.000000,0.000000,3.450790,3.450790,3.450790,3.450790,0.000000,horizon_mpc_secbf,4,3.500780,true,osqp,optimal,25,3.160055,0,3.950691,geometric,false,-0.000001,-0.000001,-0.000002,-0.000001,,,0.000002,0.000001,4.730903,0.000000
head_on,context_int,Standard MPC-CBF,78,7.800,2.200000,-0.000000,-0.000002,-0.000001,-2.738605,-1.900000,0.080000,-0.500000,0.000000,child,approaching,distracted,,0.000000,0.000000,4.100780,3.500780,0.000000,0.000000,0.000000,0.000000,0.000000,0.000000,0.000000,3.500780,3.500780,3.500780,3.500780,0.000000,horizon_mpc_secbf,4,3.550771,true,osqp,optimal,25,3.132829,0,4.000685,geometric,false,0.000000,0.000000,-0.000000,0.000000,,,0.000000,0.000002,4.730903,0.000000
head_on,context_int,Standard MPC-CBF,79,7.900,2.200000,-0.000000,-0.000000,0.000000,2.084811,-1.950000,0.080000,-0.500000,0.000000,child,approaching,distracted,,0.000000,0.000000,4.150771,3.550771,0.000000,0.000000,0.000000,0.000000,0.000000,0.000000,0.000000,3.550771,3.550771,3.550771,3.550771,0.000000,horizon_mpc_secbf,4,3.600762,true,osqp,optimal,25,3.194410,0,4.050678,geometric,false,0.000000,0.000000,0.000000,0.000000,,,0.000000,0.000000,4.730904,0.000000
head_on,context_int,Standard MPC-CBF,80,8.000,2.200000,-0.000000,0.000000,0.000000,0.385122,-2.000000,0.080000,-0.500000,0.000000,child,approaching,distracted,,0.000000,0.000000,4.200762,3.600762,0.000000,0.000000,0.000000,0.000000,0.000000,0.000000,0.000000,3.600762,3.600762,3.600762,3.600762,0.000000,horizon_mpc_secbf,4,3.650753,true,osqp,optimal,25,3.419730,0,4.100671,geometric,false,0.000000,0.000000,0.000000,0.000000,,,0.000000,0.000000,4.730904,0.000000
head_on,context_int,Standard MPC-CBF,81,8.100,2.200000,0.000000,0.000000,0.000000,0.357681,-2.050000,0.080000,-0.500000,0.000000,child,approaching,distracted,,0.000000,0.000000,4.250753,3.650753,0.000000,0.000000,0.000000,0.000000,0.000000,0.000000,0.000000,3.650753,3.650753,3.650753,3.650753,0.000000,horizon_mpc_secbf,4,3.700744,true,osqp,optimal,25,3.155511,0,4.150664,geometric,false,-0.000000,-0.000000,-0.000000,-0.000000,,,0.000000,0.000000,4.730904,0.000000
head_on,context_int,Standard MPC-CBF,82,8.200,2.200000,0.000000,-0.000000,-0.000000,-2.695807,-2.100000,0.080000,-0.500000,0.000000,child,approaching,distracted,,0.000000,0.000000,4.300744,3.700744,0.000000,0.000000,0.000000,0.000000,0.000000,0.000000,0.000000,3.700744,3.700744,3.700744,3.700744,0.000000,horizon_mpc_secbf,4,3.750736,true,osqp,optimal,25,3.186292,0,4.200658,geometric,false,0.000000,0.000000,-0.000000,-0.000000,,,0.000000,0.000000,4.730904,0.000000
head_on,context_int,Standard MPC-CBF,83,8.300,2.200000,0.000000,-0.000000,-0.000000,-2.695807,-2.150000,0.080000,-0.500000,0.000000,child,approaching,distracted,,0.000000,0.000000,4.350736,3.750736,0.000000,0.000000,0.000000,0.000000,0.000000,0.000000,0.000000,3.750736,3.750736,3.750736,3.750736,0.000000,horizon_mpc_secbf,4,3.800727,true,osqp,optimal,25,3.191496,0,4.250651,geometric,false,0.000000,0.000000,-0.000000,-0.000000,,,0.000000,0.000000,4.730904,0.000000
head_on,context_int,Standard MPC-CBF,84,8.400,2.200000,0.000000,-0.000000,-0.000000,-2.695807,-2.200000,0.080000,-0.500000,0.000000,child,approaching,distracted,,0.000000,0.000000,4.400727,3.800727,0.000000,0.000000,0.000000,0.000000,0.000000,0.000000,0.000000,3.800727,3.800727,3.800727,3.800727,0.000000,horizon_mpc_secbf,4,3.850719,true,osqp,optimal,25,3.269182,0,4.300645,geometric,false,0.000000,0.000000,-0.000000,-0.000000,,,0.000000,0.000000,4.730904,0.000000
head_on,context_int,Standard MPC-CBF,85,8.500,2.200000,0.000000,-0.000000,-0.000000,-2.695807,-2.250000,0.080000,-0.500000,0.000000,child,approaching,distracted,,0.000000,0.000000,4.450719,3.850719,0.000000,0.000000,0.000000,0.000000,0.000000,0.000000,0.000000,3.850719,3.850719,3.850719,3.850719,0.000000,horizon_mpc_secbf,4,3.900711,true,osqp,optimal,25,3.394995,0,4.350638,geometric,false,0.000000,0.000000,0.000000,-0.000000,,,0.000000,0.000000,4.730904,0.000000
head_on,context_int,Standard MPC-CBF,86,8.600,2.200000,0.000000,0.000000,-0.000000,-2.695807,-2.300000,0.080000,-0.500000,0.000000,child,approaching,distracted,,0.000000,0.000000,4.500711,3.900711,0.000000,0.000000,0.000000,0.000000,0.000000,0.000000,0.000000,3.900711,3.900711,3.900711,3.900711,0.000000,horizon_mpc_secbf,4,3.950703,true,osqp,optimal,25,3.201178,0,4.400632,geometric,false,0.000000,0.000000,0.000000,-0.000000,,,0.000000,0.000000,4.730904,0.000000
head_on,context_int,Standard MPC-CBF,87,8.700,2.200000,0.000000,0.000000,-0.000000,-2.695807,-2.350000,0.080000,-0.500000,0.000000,child,approaching,distracted,,0.000000,0.000000,4.550703,3.950703,0.000000,0.000000,0.000000,0.000000,0.000000,0.000000,0.000000,3.950703,3.950703,3.950703,3.950703,0.000000,horizon_mpc_secbf,4,4.000696,true,osqp,optimal,25,3.205355,0,4.450626,geometric,false,0.000000,0.000000,0.000000,-0.000000,,,0.000000,0.000000,4.730904,0.000000
head_on,context_int,Standard MPC-CBF,88,8.800,2.200000,0.000000,0.000000,-0.000000,-2.695807,-2.400000,0.080000,-0.500000,0.000000,child,approaching,distracted,,0.000000,0.000000,4.600696,4.000696,0.000000,0.000000,0.000000,0.000000,0.000000,0.000000,0.000000,4.000696,4.000696,4.000696,4.000696,0.000000,horizon_mpc_secbf,4,4.050688,true,osqp,optimal,25,3.261461,0,4.500620,geometric,false,0.000000,0.000000,0.000000,-0.000000,,,0.000000,0.000000,4.730904,0.000000
head_on,context_int,Standard MPC-CBF,89,8.900,2.200000,0.000000,0.000000,-0.000000,-2.695807,-2.450000,0.080000,-0.500000,0.000000,child,approaching,distracted,,0.000000,0.000000,4.650688,4.050688,0.000000,0.000000,0.000000,0.000000,0.000000,0.000000,0.000000,4.050688,4.050688,4.050688,4.050688,0.000000,horizon_mpc_secbf,4,4.100681,true,osqp,optimal,25,3.231058,0,4.550614,geometric,false,0.000000,0.000000,0.000000,-0.000000,,,0.000000,0.000000,4.730904,0.000000
head_on,context_int,Standard MPC-CBF,90,9.000,2.200000,0.000000,0.000000,-0.000000,-2.695807,-2.500000,0.080000,-0.500000,0.000000,child,approaching,distracted,,0.000000,0.000000,4.700681,4.100681,0.000000,0.000000,0.000000,0.000000,0.000000,0.000000,0.000000,4.100681,4.100681,4.100681,4.100681,0.000000,horizon_mpc_secbf,4,4.150674,true,osqp,optimal,25,3.153987,0,4.600608,geometric,false,0.000000,0.000000,0.000000,-0.000000,,,0.000000,0.000000,4.730904,0.000000
head_on,context_int,Standard MPC-CBF,91,9.100,2.200000,0.000000,0.000000,-0.000000,-2.695807,-2.550000,0.080000,-0.500000,0.000000,child,approaching,distracted,,0.000000,0.000000,4.750674,4.150674,0.000000,0.000000,0.000000,0.000000,0.000000,0.000000,0.000000,4.150674,4.150674,4.150674,4.150674,0.000000,horizon_mpc_secbf,4,4.200667,true,osqp,optimal,25,3.169647,0,4.650603,geometric,false,0.000000,0.000000,0.000000,-0.000000,,,0.000000,0.000000,4.730904,0.000000
head_on,context_int,Standard MPC-CBF,92,9.200,2.200000,0.000000,0.000000,-0.000000,-2.695807,-2.600000,0.080000,-0.500000,0.000000,child,approaching,distracted,,0.000000,0.000000,4.800667,4.200667,0.000000,0.000000,0.000000,0.000000,0.000000,0.000000,0.000000,4.200667,4.200667,4.200667,4.200667,0.000000,horizon_mpc_secbf,4,4.250660,true,osqp,optimal,25,3.142657,0,4.700597,geometric,false,0.000000,0.000000,0.000000,-0.000000,,,0.000000,0.000000,4.730904,0.000000
head_on,context_int,Standard MPC-CBF,93,9.300,2.200000,0.000000,0.000000,-0.000000,-2.695807,-2.650000,0.080000,-0.500000,0.000000,child,approaching,distracted,,0.000000,0.000000,4.850660,4.250660,0.000000,0.000000,0.000000,0.000000,0.000000,0.000000,0.000000,4.250660,4.250660,4.250660,4.250660,0.000000,horizon_mpc_secbf,4,4.300653,true,osqp,optimal,25,3.244293,0,4.750592,geometric,false,0.000000,0.000000,0.000000,-0.000000,,,0.000000,0.000000,4.730904,0.000000
head_on,context_int,Standard MPC-CBF,94,9.400,2.200000,0.000000,0.000000,-0.000000,-2.695807,-2.700000,0.080000,-0.500000,0.000000,child,approaching,distracted,,0.000000,0.000000,4.900653,4.300653,0.000000,0.000000,0.000000,0.000000,0.000000,0.000000,0.000000,4.300653,4.300653,4.300653,4.300653,0.000000,horizon_mpc_secbf,4,4.350646,true,osqp,optimal,25,3.277008,0,4.800586,geometric,false,0.000000,0.000000,0.000000,-0.000000,,,0.000000,0.000000,4.730904,0.000000
head_on,context_int,Standard MPC-CBF,95,9.500,2.200000,0.000000,0.000000,-0.000000,-2.695807,-2.750000,0.080000,-0.500000,0.000000,child,approaching,distracted,,0.000000,0.000000,4.950646,4.350646,0.000000,0.000000,0.000000,0.000000,0.000000,0.000000,0.000000,4.350646,4.350646,4.350646,4.350646,0.000000,horizon_mpc_secbf,4,4.400640,true,osqp,optimal,25,3.118167,0,4.850581,geometric,false,0.000000,0.000000,0.000000,-0.000000,,,0.000000,0.000000,4.730904,0.000000
head_on,context_int,Standard MPC-CBF,96,9.600,2.200000,0.000000,0.000000,-0.000000,-2.695807,-2.800000,0.080000,-0.500000,0.000000,child,approaching,distracted,,0.000000,0.000000,5.000640,4.400640,0.000000,0.000000,0.000000,0.000000,0.000000,0.000000,0.000000,4.400640,4.400640,4.400640,4.400640,0.000000,horizon_mpc_secbf,4,4.450634,true,osqp,optimal,25,2.954213,0,4.900576,geometric,false,0.000000,0.000000,0.000000,-0.000000,,,0.000000,0.000000,4.730904,0.000000
head_on,context_int,Standard MPC-CBF,97,9.700,2.200000,0.000000,0.000000,-0.000000,-2.695807,-2.850000,0.080000,-0.500000,0.000000,child,approaching,distracted,,0.000000,0.000000,5.050634,4.450634,0.000000,0.000000,0.000000,0.000000,0.000000,0.000000,0.000000,4.450634,4.450634,4.450634,4.450634,0.000000,horizon_mpc_secbf,4,4.500627,true,osqp,optimal,25,2.933010,0,4.950571,geometric,false,0.000000,0.000000,0.000000,-0.000000,,,0.000000,0.000000,4.730904,0.000000
head_on,context_int,Standard MPC-CBF,98,9.800,2.200000,0.000000,0.000000,-0.000000,-2.695807,-2.900000,0.080000,-0.500000,0.000000,child,approaching,distracted,,0.000000,0.000000,5.100627,4.500627,0.000000,0.000000,0.000000,0.000000,0.000000,0.000000,0.000000,4.500627,4.500627,4.500627,4.500627,0.000000,horizon_mpc_secbf,4,4.550621,true,osqp,optimal,25,3.083346,0,5.000566,geometric,false,0.000000,0.000000,0.000000,-0.000000,,,0.000000,0.000000,4.730904,0.000000
head_on,context_int,Standard MPC-CBF,99,9.900,2.200000,0.000000,0.000000,-0.000000,-2.695807,-2.950000,0.080000,-0.500000,0.000000,child,approaching,distracted,,0.000000,0.000000,5.150621,4.550621,0.000000,0.000000,0.000000,0.000000,0.000000,0.000000,0.000000,4.550621,4.550621,4.550621,4.550621,0.000000,horizon_mpc_secbf,4,4.600615,true,osqp,optimal,25,3.071626,0,5.050561,geometric,false,0.000000,0.000000,0.000000,-0.000000,,,0.000000,0.000000,4.730904,0.000000
head_on,context_int,Standard MPC-CBF,100,10.000,2.200000,0.000000,0.000000,-0.000000,-2.695807,-3.000000,0.080000,-0.500000,0.000000,child,approaching,distracted,,0.000000,0.000000,5.200615,4.600615,0.000000,0.000000,0.000000,0.000000,0.000000,0.000000,0.000000,4.600615,4.600615,4.600615,4.600615,0.000000,horizon_mpc_secbf,4,4.650609,true,osqp,optimal,25,3.015956,0,5.100556,geometric,false,0.000000,0.000000,0.000000,-0.000000,,,0.000000,0.000000,4.730904,0.000000
head_on,context_int,Standard MPC-CBF,101,10.100,2.200000,0.000000,0.000000,-0.000000,-2.695807,-3.050000,0.080000,-0.500000,0.000000,child,approaching,distracted,,0.000000,0.000000,5.250609,4.650609,0.000000,0.000000,0.000000,0.000000,0.000000,0.000000,0.000000,4.650609,4.650609,4.650609,4.650609,0.000000,horizon_mpc_secbf,4,4.700604,true,osqp,optimal,25,2.945579,0,5.150551,geometric,false,0.000000,0.000000,0.000000,-0.000000,,,0.000000,0.000000,4.730904,0.000000
head_on,context_int,Standard MPC-CBF,102,10.200,2.200000,0.000000,0.000000,-0.000000,-2.695807,-3.100000,0.080000,-0.500000,0.000000,child,approaching,distracted,,0.000000,0.000000,5.300604,4.700604,0.000000,0.000000,0.000000,0.000000,0.000000,0.000000,0.000000,4.700604,4.700604,4.700604,4.700604,0.000000,horizon_mpc_secbf,4,4.750598,true,osqp,optimal,25,2.834163,0,5.200547,geometric,false,0.000000,0.000000,0.000000,-0.000000,,,0.000000,0.000000,4.730904,0.000000
head_on,context_int,Standard MPC-CBF,103,10.300,2.200000,0.000000,0.000000,-0.000000,-2.695807,-3.150000,0.080000,-0.500000,0.000000,child,approaching,distracted,,0.000000,0.000000,5.350598,4.750598,0.000000,0.000000,0.000000,0.000000,0.000000,0.000000,0.000000,4.750598,4.750598,4.750598,4.750598,0.000000,horizon_mpc_secbf,4,4.800593,true,osqp,optimal,25,3.029948,0,5.250542,geometric,false,0.000000,0.000000,0.000000,-0.000000,,,0.000000,0.000000,4.730904,0.000000
head_on,context_int,Standard MPC-CBF,104,10.400,2.200000,0.000000,0.000000,-0.000000,-2.695807,-3.200000,0.080000,-0.500000,0.000000,child,approaching,distracted,,0.000000,0.000000,5.400593,4.800593,0.000000,0.000000,0.000000,0.000000,0.000000,0.000000,0.000000,4.800593,4.800593,4.800593,4.800593,0.000000,horizon_mpc_secbf,4,4.850587,true,osqp,optimal,25,3.332489,0,5.300538,geometric,false,0.000000,0.000000,0.000000,-0.000000,,,0.000000,0.000000,4.730904,0.000000
head_on,context_int,Standard MPC-CBF,105,10.500,2.200000,0.000000,0.000000,-0.000000,-2.695807,-3.250000,0.080000,-0.500000,0.000000,child,approaching,distracted,,0.000000,0.000000,5.450587,4.850587,0.000000,0.000000,0.000000,0.000000,0.000000,0.000000,0.000000,4.850587,4.850587,4.850587,4.850587,0.000000,horizon_mpc_secbf,4,4.900582,true,osqp,optimal,25,3.150027,0,5.350533,geometric,false,0.000000,0.000000,0.000000,-0.000000,,,0.000000,0.000000,4.730904,0.000000
head_on,context_int,Standard MPC-CBF,106,10.600,2.200000,0.000000,0.000000,-0.000000,-2.695807,-3.300000,0.080000,-0.500000,0.000000,child,approaching,distracted,,0.000000,0.000000,5.500582,4.900582,0.000000,0.000000,0.000000,0.000000,0.000000,0.000000,0.000000,4.900582,4.900582,4.900582,4.900582,0.000000,horizon_mpc_secbf,4,4.950577,true,osqp,optimal,25,3.142027,0,5.400529,geometric,false,0.000000,0.000000,0.000000,-0.000000,,,0.000000,0.000000,4.730904,0.000000
head_on,context_int,Standard MPC-CBF,107,10.700,2.200000,0.000000,0.000000,-0.000000,-2.695807,-3.350000,0.080000,-0.500000,0.000000,child,approaching,distracted,,0.000000,0.000000,5.550577,4.950577,0.000000,0.000000,0.000000,0.000000,0.000000,0.000000,0.000000,4.950577,4.950577,4.950577,4.950577,0.000000,horizon_mpc_secbf,4,5.000571,true,osqp,optimal,25,3.129288,0,5.450525,geometric,false,0.000000,0.000000,0.000000,-0.000000,,,0.000000,0.000000,4.730904,0.000000
head_on,context_int,Standard MPC-CBF,108,10.800,2.200000,0.000000,0.000000,-0.000000,-2.695807,-3.400000,0.080000,-0.500000,0.000000,child,approaching,distracted,,0.000000,0.000000,5.600571,5.000571,0.000000,0.000000,0.000000,0.000000,0.000000,0.000000,0.000000,5.000571,5.000571,5.000571,5.000571,0.000000,horizon_mpc_secbf,4,5.050566,true,osqp,optimal,25,3.226677,0,5.500520,geometric,false,0.000000,0.000000,0.000000,-0.000000,,,0.000000,0.000000,4.730904,0.000000
head_on,context_int,Standard MPC-CBF,109,10.900,2.200000,0.000000,0.000000,-0.000000,-2.695807,-3.450000,0.080000,-0.500000,0.000000,child,approaching,distracted,,0.000000,0.000000,5.650566,5.050566,0.000000,0.000000,0.000000,0.000000,0.000000,0.000000,0.000000,5.050566,5.050566,5.050566,5.050566,0.000000,horizon_mpc_secbf,4,5.100561,true,osqp,optimal,25,3.273185,0,5.550516,geometric,false,0.000000,0.000000,0.000000,-0.000000,,,0.000000,0.000000,4.730904,0.000000
head_on,context_int,Standard MPC-CBF,110,11.000,2.200000,0.000000,0.000000,-0.000000,-2.695807,-3.500000,0.080000,-0.500000,0.000000,child,approaching,distracted,,0.000000,0.000000,5.700561,5.100561,0.000000,0.000000,0.000000,0.000000,0.000000,0.000000,0.000000,5.100561,5.100561,5.100561,5.100561,0.000000,horizon_mpc_secbf,4,5.150556,true,osqp,optimal,25,3.114676,0,5.600512,geometric,false,0.000000,0.000000,0.000000,-0.000000,,,0.000000,0.000000,4.730904,0.000000
head_on,context_int,Standard MPC-CBF,111,11.100,2.200000,0.000000,0.000000,-0.000000,-2.695807,-3.550000,0.080000,-0.500000,0.000000,child,approaching,distracted,,0.000000,0.000000,5.750556,5.150556,0.000000,0.000000,0.000000,0.000000,0.000000,0.000000,0.000000,5.150556,5.150556,5.150556,5.150556,0.000000,horizon_mpc_secbf,4,5.200552,true,osqp,optimal,25,3.118064,0,5.650508,geometric,false,0.000000,0.000000,0.000000,-0.000000,,,0.000000,0.000000,4.730904,0.000000
head_on,context_int,Standard MPC-CBF,112,11.200,2.200000,0.000000,0.000000,-0.000000,-2.695807,-3.600000,0.080000,-0.500000,0.000000,child,approaching,distracted,,0.000000,0.000000,5.800552,5.200552,0.000000,0.000000,0.000000,0.000000,0.000000,0.000000,0.000000,5.200552,5.200552,5.200552,5.200552,0.000000,horizon_mpc_secbf,4,5.250547,true,osqp,optimal,25,3.101448,0,5.700504,geometric,false,0.000000,0.000000,0.000000,-0.000000,,,0.000000,0.000000,4.730904,0.000000
head_on,context_int,Standard MPC-CBF,113,11.300,2.200000,0.000000,0.000000,-0.000000,-2.695807,-3.650000,0.080000,-0.500000,0.000000,child,approaching,distracted,,0.000000,0.000000,5.850547,5.250547,0.000000,0.000000,0.000000,0.000000,0.000000,0.000000,0.000000,5.250547,5.250547,5.250547,5.250547,0.000000,horizon_mpc_secbf,4,5.300542,true,osqp,optimal,25,3.168198,0,5.750500,geometric,false,0.000000,0.000000,0.000000,-0.000000,,,0.000000,0.000000,4.730904,0.000000
head_on,context_int,Standard MPC-CBF,114,11.400,2.200000,0.000000,0.000000,-0.000000,-2.695807,-3.700000,0.080000,-0.500000,0.000000,child,approaching,distracted,,0.000000,0.000000,5.900542,5.300542,0.000000,0.000000,0.000000,0.000000,0.000000,0.000000,0.000000,5.300542,5.300542,5.300542,5.300542,0.000000,horizon_mpc_secbf,4,5.350538,true,osqp,optimal,25,3.171181,0,5.800496,geometric,false,0.000000,0.000000,0.000000,-0.000000,,,0.000000,0.000000,4.730904,0.000000
head_on,context_int,Standard MPC-CBF,115,11.500,2.200000,0.000000,0.000000,-0.000000,-2.695807,-3.750000,0.080000,-0.500000,0.000000,child,approaching,distracted,,0.000000,0.000000,5.950538,5.350538,0.000000,0.000000,0.000000,0.000000,0.000000,0.000000,0.000000,5.350538,5.350538,5.350538,5.350538,0.000000,horizon_mpc_secbf,4,5.400533,true,osqp,optimal,25,3.139868,0,5.850493,geometric,false,0.000000,0.000000,0.000000,-0.000000,,,0.000000,0.000000,4.730904,0.000000
head_on,context_int,Standard MPC-CBF,116,11.600,2.200000,0.000000,0.000000,-0.000000,-2.695807,-3.800000,0.080000,-0.500000,0.000000,child,approaching,distracted,,0.000000,0.000000,6.000533,5.400533,0.000000,0.000000,0.000000,0.000000,0.000000,0.000000,0.000000,5.400533,5.400533,5.400533,5.400533,0.000000,horizon_mpc_secbf,4,5.450529,true,osqp,optimal,25,3.025268,0,5.900489,geometric,false,0.000000,0.000000,0.000000,-0.000000,,,0.000000,0.000000,4.730904,0.000000
head_on,context_int,Standard MPC-CBF,117,11.700,2.200000,0.000000,0.000000,-0.000000,-2.695807,-3.850000,0.080000,-0.500000,0.000000,child,approaching,distracted,,0.000000,0.000000,6.050529,5.450529,0.000000,0.000000,0.000000,0.000000,0.000000,0.000000,0.000000,5.450529,5.450529,5.450529,5.450529,0.000000,horizon_mpc_secbf,4,5.500525,true,osqp,optimal,25,3.033924,0,5.950485,geometric,false,0.000000,0.000000,0.000000,-0.000000,,,0.000000,0.000000,4.730904,0.000000
head_on,context_int,Standard MPC-CBF,118,11.800,2.200000,0.000000,0.000000,-0.000000,-2.695807,-3.900000,0.080000,-0.500000,0.000000,child,approaching,distracted,,0.000000,0.000000,6.100525,5.500525,0.000000,0.000000,0.000000,0.000000,0.000000,0.000000,0.000000,5.500525,5.500525,5.500525,5.500525,0.000000,horizon_mpc_secbf,4,5.550520,true,osqp,optimal,25,3.246876,0,6.000482,geometric,false,0.000000,0.000000,0.000000,-0.000000,,,0.000000,0.000000,4.730904,0.000000
head_on,context_int,Standard MPC-CBF,119,11.900,2.200000,0.000000,0.000000,-0.000000,-2.695807,-3.950000,0.080000,-0.500000,0.000000,child,approaching,distracted,,0.000000,0.000000,6.150520,5.550520,0.000000,0.000000,0.000000,0.000000,0.000000,0.000000,0.000000,5.550520,5.550520,5.550520,5.550520,0.000000,horizon_mpc_secbf,4,5.600516,true,osqp,optimal,25,3.346009,0,6.050478,geometric,false,0.000000,0.000000,0.000000,-0.000000,,,0.000000,0.000000,4.730904,0.000000
head_on,context_int,EESM-MPC-ECBF,0,0.000,-2.200000,0.000000,0.000000,0.000000,0.000000,2.000000,0.080000,-0.500000,0.000000,unknown,walking,unknown,7.202830,1.000000,0.000000,4.200762,3.600762,0.000000,0.000000,0.000000,0.000000,0.499897,0.499897,0.000000,3.600762,3.100865,3.100865,3.100865,0.000000,horizon_mpc_secbf,4,2.619134,true,osqp,optimal,50,3.105275,0,1.980051,geometric,false,0.750000,0.000000,0.621017,-0.000000,,,0.621017,0.621017,0.062102,4.400000
head_on,context_int,EESM-MPC-ECBF,1,0.100,-2.137898,-0.000000,0.621017,-0.000000,-0.000000,1.950000,0.080000,-0.500000,0.000000,unknown,walking,unknown,3.112664,1.000000,0.000000,4.088681,3.488681,0.000000,0.000000,0.000000,0.000000,1.120721,1.120721,0.000000,3.488681,2.367960,2.367960,2.367960,0.000000,horizon_mpc_secbf,4,1.874780,true,osqp,optimal,50,2.926046,0,1.142093,geometric,false,0.750000,0.000000,0.726101,0.000000,,,0.726101,0.105085,0.134712,4.337898
head_on,context_int,EESM-MPC-ECBF,2,0.200,-2.065288,0.000000,0.726101,0.000000,0.000000,1.900000,0.080000,-0.500000,0.000000,unknown,walking,unknown,2.745923,1.000000,0.000000,3.966095,3.366095,0.000000,0.000000,0.000000,0.000000,1.225740,1.225740,0.000000,3.366095,2.140355,2.140355,2.140355,0.000000,horizon_mpc_secbf,4,1.646234,true,osqp,optimal,50,2.947356,0,0.905016,geometric,false,0.750000,-0.000000,0.735590,0.000000,,,0.735590,0.009489,0.208271,4.265288
head_on,context_int,EESM-MPC-ECBF,3,0.300,-1.991729,0.000000,0.735590,0.000000,0.000000,1.850000,0.080000,-0.500000,0.000000,unknown,walking,unknown,2.624871,1.000000,0.000000,3.842562,3.242562,0.000000,0.000000,0.000000,0.000000,1.235195,1.235195,0.000000,3.242562,2.007367,2.007367,2.007367,0.000000,horizon_mpc_secbf,4,1.513254,true,osqp,optimal,50,3.113793,0,0.772043,geometric,false,0.750000,-0.000000,0.735591,0.000000,,,0.735591,0.000001,0.281830,4.191729
head_on,context_int,EESM-MPC-ECBF,4,0.400,-1.918170,0.000000,0.735591,0.000000,0.000000,1.800000,0.080000,-0.500000,0.000000,unknown,walking,unknown,2.524906,1.000000,0.000000,3.719031,3.119031,0.000000,0.000000,0.000000,0.000000,1.235163,1.235163,0.000000,3.119031,1.883867,1.883867,1.883867,0.000000,horizon_mpc_secbf,4,1.389763,true,osqp,optimal,50,3.073963,0,0.648562,geometric,false,0.750000,-0.000000,0.735591,0.000000,,,0.735591,0.000000,0.355389,4.118170
head_on,context_int,EESM-MPC-ECBF,5,0.500,-1.844611,0.000000,0.735591,0.000000,0.000000,1.750000,0.080000,-0.500000,0.000000,unknown,walking,unknown,2.424946,1.000000,0.000000,3.595501,2.995501,0.000000,0.000000,0.000000,0.000000,1.235125,1.235125,0.000000,2.995501,1.760376,1.760376,1.760376,0.000000,horizon_mpc_secbf,4,1.266282,true,osqp,optimal,50,3.095188,0,0.525090,geometric,false,0.750000,-0.000000,0.735591,0.000000,,,0.735591,0.000000,0.428948,4.044611
head_on,context_int,EESM-MPC-ECBF,6,0.600,-1.771052,0.000000,0.735591,0.000000,0.000000,1.700000,0.080000,-0.500000,0.000000,unknown,walking,unknown,2.324989,1.000000,0.000000,3.471974,2.871974,0.000000,0.000000,0.000000,0.000000,1.235082,1.235082,0.000000,2.871974,1.636891,1.636891,1.636891,0.000000,horizon_mpc_secbf,4,1.142809,true,osqp,optimal,50,2.924610,0,0.401628,geometric,false,0.750000,-0.000000,0.735591,0.000000,,,0.735591,0.000000,0.502507,3.971052
head_on,context_int,EESM-MPC-ECBF,7,0.700,-1.697493,0.000000,0.735591,0.000000,0.000000,1.650000,0.080000,-0.500000,0.000000,unknown,walking,unknown,2.225034,1.000000,0.000000,3.348448,2.748448,0.000000,0.000000,0.000000,0.000000,1.235032,1.235032,0.000000,2.748448,1.513416,1.513416,1.513416,0.000000,horizon_mpc_secbf,4,1.019346,true,osqp,optimal,50,3.034821,0,0.278177,geometric,false,0.750000,-0.000000,0.735591,0.000000,,,0.735591,0.000000,0.576066,3.897493
head_on,context_int,EESM-MPC-ECBF,8,0.800,-1.623934,0.000000,0.735591,0.000000,0.000000,1.600000,0.080000,-0.500000,0.000000,unknown,walking,unknown,2.125083,1.000000,0.000000,3.224926,2.624926,0.000000,0.000000,0.000000,0.000000,1.234975,1.234975,0.000000,2.624926,1.389951,1.389951,1.389951,0.000000,horizon_mpc_secbf,4,0.895895,true,osqp,optimal,50,3.196565,0,0.154740,geometric,false,0.750000,-0.000000,0.735591,0.000000,,,0.735591,0.000000,0.649626,3.823934
head_on,context_int,EESM-MPC-ECBF,9,0.900,-1.550374,0.000000,0.735591,0.000000,0.000000,1.550000,0.080000,-0.500000,0.000000,unknown,walking,unknown,2.025135,1.000000,0.000000,3.101406,2.501406,0.000000,0.000000,0.000000,0.000000,1.234908,1.234908,0.000000,2.501406,1.266498,1.266498,1.266498,0.000000,horizon_mpc_secbf,4,0.772458,true,osqp,optimal,50,3.180532,0,0.031318,geometric,false,0.750000,-0.000000,0.735591,0.000000,,,0.735591,0.000000,0.723185,3.750374
head_on,context_int,EESM-MPC-ECBF,10,1.000,-1.476815,0.000000,0.735591,0.000000,0.000000,1.500000,0.080000,-0.500000,0.000000,unknown,walking,unknown,1.925190,1.000000,0.000000,2.977890,2.377890,0.000000,0.000000,0.000000,0.000000,1.234829,1.234829,0.000000,2.377890,1.143061,1.143061,1.143061,0.000000,horizon_mpc_secbf,4,0.649039,true,osqp,optimal,50,3.151500,0,-0.092085,geometric,false,0.750000,-0.000000,0.735591,0.000000,,,0.735591,0.000000,0.796744,3.676815
head_on,context_int,EESM-MPC-ECBF,11,1.100,-1.403256,0.000000,0.735591,0.000000,0.000000,1.450000,0.080000,-0.500000,0.000000,child,approaching,distracted,1.825250,1.000000,0.000000,2.854377,2.254377,0.000000,0.000000,0.000000,0.000000,1.234736,1.234736,0.000000,2.254377,1.019642,1.019642,1.019642,0.000000,horizon_mpc_secbf,4,0.525641,true,osqp,optimal,50,3.239201,0,-0.215464,geometric,false,0.750000,-0.000000,0.735591,0.000000,,,0.735591,0.000000,0.870303,3.603256
head_on,context_int,EESM-MPC-ECBF,12,1.200,-1.329697,0.000000,0.735591,0.000000,0.000000,1.400000,0.080000,-0.500000,0.000000,child,approaching,distracted,1.725315,1.000000,0.000000,2.730869,2.130869,0.000000,0.000000,0.000000,0.000000,1.234623,1.234623,0.000000,2.130869,0.896246,0.896246,0.896246,0.000000,horizon_mpc_secbf,4,0.402269,true,osqp,optimal,50,3.285963,0,-0.338815,geometric,false,0.750000,-0.000000,0.735591,0.000000,,,0.735591,0.000000,0.943862,3.529697
head_on,context_int,EESM-MPC-ECBF,13,1.300,-1.256138,0.000000,0.735591,0.000000,0.000000,1.350000,0.080000,-0.500000,0.000000,child,approaching,distracted,1.625384,1.000000,0.000000,2.607365,2.007365,0.000000,0.000000,0.000000,0.000000,1.234486,1.234486,0.000000,2.007365,0.772879,0.772879,0.772879,0.000000,horizon_mpc_secbf,4,0.278931,true,osqp,optimal,50,3.277320,0,-0.462130,geometric,false,0.750000,-0.000000,0.735591,0.000000,,,0.735591,0.000000,1.017421,3.456138
head_on,context_int,EESM-MPC-ECBF,14,1.400,-1.182579,0.000000,0.735591,0.000000,0.000000,1.300000,0.080000,-0.500000,0.000000,child,approaching,distracted,1.525460,1.000000,0.000000,2.483867,1.883867,0.000000,0.000000,0.000000,0.000000,1.234316,1.234316,0.000000,1.883867,0.649551,0.649551,0.649551,0.000000,horizon_mpc_secbf,4,0.155635,true,osqp,optimal,50,3.282174,0,-0.585399,geometric,false,0.750000,-0.000000,0.735591,0.000000,,,0.735591,0.000000,1.090980,3.382579
head_on,context_int,EESM-MPC-ECBF,15,1.500,-1.109020,0.000000,0.735591,0.000000,0.000000,1.250000,0.080000,-0.500000,0.000000,child,approaching,distracted,1.425542,1.000000,0.000000,2.360376,1.760376,0.000000,0.000000,0.000000,0.000000,1.234103,1.234103,0.000000,1.760376,0.526273,0.526273,0.526273,0.000000,horizon_mpc_secbf,4,0.032396,true,osqp,optimal,50,3.291154,0,-0.708608,geometric,false,0.750000,-0.000000,0.735591,0.000000,,,0.735591,0.000000,1.164540,3.309020
head_on,context_int,EESM-MPC-ECBF,16,1.600,-1.035460,0.000000,0.735591,0.000000,0.000000,1.200000,0.080000,-0.500000,0.000000,child,approaching,distracted,1.325632,1.000000,0.000000,2.236891,1.636891,0.000000,0.000000,0.000000,0.000000,1.233827,1.233827,0.000000,1.636891,0.403064,0.403064,0.403064,0.000253,horizon_mpc_secbf,4,-0.000264,true,osqp,optimal,25,3.260832,0,-0.634046,geometric,false,0.750000,-0.000000,0.538382,-0.009921,,,0.538474,0.197458,1.218387,3.235460
head_on,context_int,EESM-MPC-ECBF,17,1.700,-0.981622,-0.000992,0.538382,-0.009921,-0.018426,1.150000,0.080000,-0.500000,0.000000,child,approaching,distracted,1.478091,1.000000,0.000000,2.133160,1.533160,0.000000,0.000000,0.000000,0.000000,1.036147,1.036147,0.000000,1.533160,0.497014,0.497014,0.497014,0.000000,horizon_mpc_secbf,4,0.005865,true,osqp,optimal,50,3.314440,0,-0.714367,geometric,false,0.750000,0.000234,0.712328,-0.001930,,,0.712331,0.174130,1.289620,3.181622
head_on,context_int,EESM-MPC-ECBF,18,1.800,-0.910389,-0.001185,0.712328,-0.001930,-0.002709,1.100000,0.080000,-0.500000,0.000000,child,approaching,distracted,1.165748,1.000000,0.000000,2.012028,1.412028,0.000000,0.000000,0.000000,0.000000,1.209651,1.209651,0.000000,1.412028,0.202377,0.202377,0.202377,0.000851,horizon_mpc_secbf,4,-0.000851,true,osqp,optimal,125,3.510881,0,-0.346654,geometric,false,0.750000,0.000286,0.052213,-0.046622,,,0.069999,0.661626,1.296620,3.110390
head_on,context_int,EESM-MPC-ECBF,19,1.900,-0.905168,-0.005847,0.052213,-0.046622,-0.728886,1.050000,0.080000,-0.500000,0.000000,child,approaching,distracted,2.468997,1.000000,0.000000,1.957052,1.357052,0.000000,0.000000,0.000000,0.000000,0.547857,0.547857,0.000000,1.357052,0.809195,0.809195,0.809195,0.000000,horizon_mpc_secbf,4,0.328151,true,osqp,optimal,50,3.263117,0,-0.319137,geometric,false,0.749999,0.001412,0.629922,-0.011466,,,0.630026,0.578777,1.359623,3.105174
head_on,context_int,EESM-MPC-ECBF,20,2.000,-0.842176,-0.006994,0.629922,-0.011466,-0.018200,1.000000,0.080000,-0.500000,0.000000,child,approaching,distracted,1.102919,1.000000,0.000000,1.844229,1.244229,0.000000,0.000000,0.000000,0.000000,1.125202,1.125202,0.000000,1.244229,0.119027,0.119027,0.119027,0.057033,horizon_mpc_secbf,4,-0.040014,true,osqp,optimal,4125,10.520408,0,-0.290373,geometric,false,0.749998,0.001724,0.001690,-0.735589,,,0.735591,0.958661,1.433182,3.042184
head_on,context_int,EESM-MPC-ECBF,21,2.100,-0.842007,-0.080553,0.001690,-0.735589,-1.568499,0.950000,0.080000,-0.500000,0.000000,child,approaching,distracted,2.762799,1.000000,0.000000,1.799185,1.199185,0.000000,0.000000,0.000000,0.000000,0.228202,0.228202,0.000000,1.199185,0.970983,0.970983,0.970983,0.000000,horizon_mpc_secbf,4,0.497528,true,osqp,optimal,50,3.273238,0,-0.132672,geometric,false,0.749737,0.019853,0.621018,-0.144456,,,0.637598,0.856158,1.496941,3.043073
head_on,context_int,EESM-MPC-ECBF,22,2.200,-0.779905,-0.094998,0.621018,-0.144456,-0.228547,0.900000,0.080000,-0.500000,0.000000,child,approaching,distracted,0.989980,1.000000,0.000000,1.688995,1.088995,0.000000,0.000000,0.000000,0.000000,1.045252,1.045252,0.000000,1.088995,0.043743,0.043743,0.043743,0.115051,horizon_mpc_secbf,4,-0.101676,true,osqp,optimal,1525,5.154169,0,-0.285621,geometric,false,0.749619,0.023898,0.023448,-0.735589,,,0.735963,0.840553,1.570538,2.981419
head_on,context_int,EESM-MPC-ECBF,23,2.300,-0.777560,-0.168557,0.023448,-0.735589,-1.538931,0.850000,0.080000,-0.500000,0.000000,child,approaching,distracted,2.574889,1.000000,0.000000,1.646430,1.046430,0.000000,0.000000,0.000000,0.000000,0.167374,0.167374,0.000000,1.046430,0.879057,0.879057,0.879057,0.000000,horizon_mpc_secbf,4,0.415997,true,osqp,optimal,50,3.330003,0,-0.207975,geometric,false,0.748801,0.042389,0.624140,-0.160457,,,0.644435,0.831630,1.634981,2.982327
head_on,context_int,EESM-MPC-ECBF,24,2.400,-0.715146,-0.184603,0.624140,-0.160457,-0.251636,0.800000,0.080000,-0.500000,0.000000,child,approaching,distracted,0.868771,1.000000,0.000000,1.538078,0.938078,0.000000,0.000000,0.000000,0.000000,0.960529,0.960529,0.000000,0.938078,-0.022452,-0.022452,-0.022452,0.157798,horizon_mpc_secbf,4,-0.148704,true,osqp,optimal,1475,6.123481,0,-0.276535,geometric,false,0.748501,0.047399,0.046577,-0.735590,,,0.737063,0.815080,1.708688,2.920985
head_on,context_int,EESM-MPC-ECBF,25,2.500,-0.710489,-0.258162,0.046577,-0.735590,-1.507561,0.750000,0.080000,-0.500000,0.000000,child,approaching,distracted,2.452869,1.000000,0.000000,1.499127,0.899127,0.000000,0.000000,0.000000,0.000000,0.089099,0.089099,0.000000,0.899127,0.810027,0.810027,0.810027,0.000000,horizon_mpc_secbf,4,0.364629,true,osqp,optimal,50,3.108914,0,-0.249098,geometric,false,0.747067,0.066265,0.627313,-0.173485,,,0.650860,0.808218,1.773774,2.921916
head_on,context_int,EESM-MPC-ECBF,26,2.600,-0.647757,-0.275510,0.627313,-0.173485,-0.269809,0.700000,0.080000,-0.500000,0.000000,child,approaching,distracted,0.759105,1.000000,0.000000,1.393857,0.793857,0.000000,0.000000,0.000000,0.000000,0.820767,0.820767,0.000000,0.793857,-0.026911,-0.026911,-0.026911,0.131102,horizon_mpc_secbf,4,-0.126555,true,osqp,optimal,1500,5.623296,0,-0.260464,geometric,false,0.746514,0.072223,0.071162,-0.735590,,,0.739024,0.790738,1.847676,2.861054
head_on,context_int,EESM-MPC-ECBF,27,2.700,-0.640641,-0.349070,0.071162,-0.735590,-1.474355,0.650000,0.080000,-0.500000,0.000000,child,approaching,distracted,2.452399,1.000000,0.000000,1.360094,0.760094,0.000000,0.000000,0.000000,0.000000,0.000000,0.000000,0.000000,0.760094,0.768971,0.768971,0.760094,0.000000,horizon_mpc_secbf,4,0.343011,true,osqp,optimal,50,3.178496,0,-0.255341,geometric,false,0.744401,0.091475,0.630807,-0.182674,,,0.656725,0.786714,1.913348,2.862008
head_on,context_int,EESM-MPC-ECBF,28,2.800,-0.577560,-0.367337,0.630807,-0.182674,-0.281877,0.600000,0.080000,-0.500000,0.000000,child,approaching,distracted,0.664833,1.000000,0.000000,1.259666,0.659666,0.000000,0.000000,0.000000,0.000000,0.627923,0.627923,0.000000,0.659666,0.031743,0.031743,0.031743,0.032574,horizon_mpc_secbf,4,-0.031683,true,osqp,optimal,1875,6.604767,0,-0.232809,geometric,false,0.743526,0.098333,0.097282,-0.735589,,,0.741994,0.768352,1.987548,2.801746
head_on,context_int,EESM-MPC-ECBF,29,2.900,-0.567832,-0.440896,0.097282,-0.735589,-1.439309,0.550000,0.080000,-0.500000,0.000000,child,approaching,distracted,2.744988,1.000000,0.000000,1.233240,0.633240,0.000000,0.000000,0.000000,0.000000,0.000000,0.000000,0.000000,0.633240,0.760047,0.760047,0.633240,0.000000,horizon_mpc_secbf,4,0.258990,true,osqp,optimal,50,3.052270,0,-0.316471,geometric,false,0.740662,0.117982,0.634898,-0.186993,,,0.661862,0.768107,2.053734,2.802728
head_on,context_int,EESM-MPC-ECBF,30,3.000,-0.504342,-0.459595,0.634898,-0.186993,-0.286426,0.500000,0.080000,-0.500000,0.000000,child,approaching,distracted,0.592724,1.000000,0.000000,1.140117,0.540117,0.000000,0.000000,0.000000,0.000000,0.401893,0.401893,0.000000,0.540117,0.138224,0.138224,0.138224,0.000581,horizon_mpc_secbf,4,-0.000580,true,osqp,optimal,50,3.022919,0,-0.441892,geometric,false,0.739398,0.125659,0.411414,-0.469444,,,0.624211,0.360172,2.116155,2.743118
head_on,context_int,EESM-MPC-ECBF,31,3.100,-0.463201,-0.506540,0.411414,-0.469444,-0.851182,0.450000,0.080000,-0.500000,0.000000,child,approaching,distracted,0.945783,1.000000,0.000000,1.085341,0.485341,0.000000,0.000000,0.000000,0.000000,0.029355,0.029355,0.000000,0.485341,0.455985,0.455985,0.455985,0.000000,horizon_mpc_secbf,4,0.140115,true,osqp,optimal,50,3.176997,0,-0.460993,geometric,false,0.736791,0.140137,0.687633,-0.152271,,,0.704291,0.420590,2.186584,2.710945
head_on,context_int,EESM-MPC-ECBF,32,3.200,-0.394438,-0.521767,0.687633,-0.152271,-0.217925,0.400000,0.080000,-0.500000,0.000000,child,approaching,distracted,0.464017,1.000000,0.000000,0.996621,0.396621,0.000000,0.000000,0.000000,0.000000,0.146225,0.146225,0.000000,0.396621,0.250397,0.250397,0.250397,0.000070,horizon_mpc_secbf,4,-0.000073,true,osqp,optimal,25,3.314689,0,-0.616652,geometric,false,0.735278,0.147872,0.709690,-0.160916,,,0.727704,0.023691,2.259355,2.646384
head_on,context_int,EESM-MPC-ECBF,33,3.300,-0.323469,-0.537858,0.709690,-0.160916,-0.222971,0.350000,0.080000,-0.500000,0.000000,child,approaching,distracted,0.401162,1.000000,0.000000,0.913952,0.313952,0.000000,0.000000,0.000000,0.000000,0.000000,0.000000,0.000000,0.313952,0.345527,0.345527,0.313952,0.000000,horizon_mpc_secbf,4,0.095795,true,osqp,optimal,50,3.094018,0,-0.516994,geometric,false,0.733523,0.156345,0.735587,-0.117638,,,0.744935,0.050434,2.333848,2.580152
head_on,context_int,EESM-MPC-ECBF,34,3.400,-0.249910,-0.549622,0.735587,-0.117638,-0.158582,0.300000,0.080000,-0.500000,0.000000,child,approaching,distracted,0.325821,1.000000,0.000000,0.835957,0.235957,0.000000,0.000000,0.000000,0.000000,0.000000,0.000000,0.000000,0.235957,0.414175,0.414175,0.235957,0.000000,horizon_mpc_secbf,4,0.086300,true,osqp,optimal,50,3.171627,0,-0.488934,geometric,false,0.731810,0.164177,0.735590,-0.116713,,,0.744792,0.000926,2.408327,2.510805
head_on,context_int,EESM-MPC-ECBF,35,3.500,-0.176351,-0.561293,0.735590,-0.116713,-0.157353,0.250000,0.080000,-0.500000,0.000000,child,approaching,distracted,0.289814,1.000000,0.000000,0.770086,0.170086,0.000000,0.000000,0.000000,0.000000,0.000000,0.000000,0.000000,0.170086,0.508802,0.508802,0.170086,0.000000,horizon_mpc_secbf,4,0.082514,true,osqp,optimal,50,3.273344,0,-0.414602,geometric,false,0.729915,0.172406,0.735590,-0.119346,,,0.745209,0.002633,2.482848,2.441740
head_on,context_int,EESM-MPC-ECBF,36,3.600,-0.102792,-0.573228,0.735590,-0.119346,-0.160843,0.200000,0.080000,-0.500000,0.000000,child,approaching,distracted,0.291707,1.000000,0.000000,0.719993,0.119993,0.000000,0.000000,0.000000,0.000000,0.000000,0.000000,0.000000,0.119993,0.611190,0.611190,0.119993,0.000000,horizon_mpc_secbf,4,0.079802,true,osqp,optimal,50,3.346563,0,-0.292460,geometric,false,0.727790,0.181167,0.735590,-0.118127,,,0.745015,0.001219,2.557350,2.373066
head_on,context_int,EESM-MPC-ECBF,37,3.700,-0.029233,-0.585041,0.735590,-0.118127,-0.159228,0.150000,0.080000,-0.500000,0.000000,child,approaching,distracted,0.427865,1.000000,0.000000,0.688769,0.088769,0.000000,0.000000,0.000000,0.000000,0.000000,0.000000,0.000000,0.088769,0.715006,0.715006,0.088769,0.000000,horizon_mpc_secbf,4,0.078477,true,osqp,optimal,50,3.404427,0,-0.125114,geometric,false,0.725434,0.190383,0.735590,-0.111485,,,0.743991,0.006642,2.631749,2.304724
head_on,context_int,EESM-MPC-ECBF,38,3.800,0.044326,-0.596189,0.735590,-0.111485,-0.150414,0.100000,0.080000,-0.500000,0.000000,child,approaching,distracted,,0.000000,0.000000,0.678477,0.078477,0.000000,0.000000,0.000000,0.000000,0.000000,0.000000,0.000000,0.078477,0.078477,0.078477,0.078477,0.000000,horizon_mpc_secbf,4,0.089462,true,osqp,optimal,50,3.233000,0,0.075986,geometric,false,0.722864,0.199920,0.735591,-0.099233,,,0.742254,0.012253,2.705974,2.236598
head_on,context_int,EESM-MPC-ECBF,39,3.900,0.117885,-0.606112,0.735591,-0.099233,-0.134092,0.050000,0.080000,-0.500000,0.000000,child,approaching,distracted,,0.000000,0.000000,0.689462,0.089462,0.000000,0.000000,0.000000,0.000000,0.000000,0.000000,0.000000,0.089462,0.089462,0.089462,0.089462,0.000000,horizon_mpc_secbf,4,0.120201,true,osqp,optimal,50,3.233424,0,0.292501,geometric,false,0.720109,0.209627,0.735591,-0.081778,,,0.740123,0.017454,2.779986,2.168542
head_on,context_int,EESM-MPC-ECBF,40,4.000,0.191444,-0.614290,0.735591,-0.081778,-0.110719,0.000000,0.080000,-0.500000,0.000000,child,approaching,distracted,,0.000000,0.000000,0.720201,0.120201,0.000000,0.000000,0.000000,0.000000,0.000000,0.000000,0.000000,0.120201,0.120201,0.120201,0.120201,0.000000,horizon_mpc_secbf,4,0.167864,true,osqp,optimal,50,3.218110,0,0.506357,geometric,false,0.717207,0.219348,0.735591,-0.059864,,,0.738023,0.021914,2.853789,2.100392
head_on,context_int,EESM-MPC-ECBF,41,4.100,0.265003,-0.620277,0.735591,-0.059864,-0.081203,-0.050000,0.080000,-0.500000,0.000000,child,approaching,distracted,,0.000000,0.000000,0.767864,0.167864,0.000000,0.000000,0.000000,0.000000,0.000000,0.000000,0.000000,0.167864,0.167864,0.167864,0.167864,0.000000,horizon_mpc_secbf,4,0.229185,true,osqp,optimal,50,3.406307,0,0.706072,geometric,false,0.714203,0.228943,0.735592,-0.034350,,,0.736393,0.025514,2.927428,2.031983
head_on,context_int,EESM-MPC-ECBF,42,4.200,0.338563,-0.623712,0.735592,-0.034350,-0.046663,-0.100000,0.080000,-0.500000,0.000000,child,approaching,distracted,,0.000000,0.000000,0.829185,0.229185,0.000000,0.000000,0.000000,0.000000,0.000000,0.000000,0.000000,0.229185,0.229185,0.229185,0.229185,0.000000,horizon_mpc_secbf,4,0.301135,true,osqp,optimal,50,3.222733,0,0.887844,geometric,false,0.711141,0.238282,0.735592,-0.006061,,,0.735617,0.028289,3.000990,1.963152
head_on,context_int,EESM-MPC-ECBF,43,4.300,0.412122,-0.624318,0.735592,-0.006061,-0.008240,-0.150000,0.080000,-0.500000,0.000000,child,approaching,distracted,,0.000000,0.000000,0.901135,0.301135,0.000000,0.000000,0.000000,0.000000,0.000000,0.000000,0.000000,0.301135,0.301135,0.301135,0.301135,0.000000,horizon_mpc_secbf,4,0.381227,true,osqp,optimal,50,3.258801,0,1.052909,geometric,false,0.708071,0.247255,0.735592,0.024284,,,0.735993,0.030345,3.074589,1.893748
head_on,context_int,EESM-MPC-ECBF,44,4.400,0.485681,-0.621889,0.735592,0.024284,0.033000,-0.200000,0.080000,-0.500000,0.000000,child,approaching,distracted,,0.000000,0.000000,0.981227,0.381227,0.000000,0.000000,0.000000,0.000000,0.000000,0.000000,0.000000,0.381227,0.381227,0.381227,0.381227,0.000000,horizon_mpc_secbf,4,0.467556,true,osqp,optimal,50,3.142956,0,1.204541,geometric,false,0.705043,0.255763,0.735592,0.056083,,,0.737727,0.031800,3.148362,1.823633
head_on,context_int,EESM-MPC-ECBF,45,4.500,0.559240,-0.616281,0.735592,0.056083,0.076095,-0.250000,0.080000,-0.500000,0.000000,child,approaching,distracted,,0.000000,0.000000,1.067556,0.467556,0.000000,0.000000,0.000000,0.000000,0.000000,0.000000,0.000000,0.467556,0.467556,0.467556,0.467556,0.000000,horizon_mpc_secbf,4,0.558719,true,osqp,optimal,50,3.172225,0,1.346234,geometric,false,0.702107,0.263716,0.735591,0.088832,,,0.740935,0.032749,3.222455,1.752682
head_on,context_int,EESM-MPC-ECBF,46,4.600,0.632799,-0.607398,0.735591,0.088832,0.120181,-0.300000,0.080000,-0.500000,0.000000,child,approaching,distracted,,0.000000,0.000000,1.158719,0.558719,0.000000,0.000000,0.000000,0.000000,0.000000,0.000000,0.000000,0.558719,0.558719,0.558719,0.558719,0.000000,horizon_mpc_secbf,4,0.653705,true,osqp,optimal,50,3.267657,0,1.480988,geometric,false,0.699315,0.271032,0.735590,0.122065,,,0.745649,0.033233,3.297020,1.680789
head_on,context_int,EESM-MPC-ECBF,47,4.700,0.706358,-0.595191,0.735590,0.122065,0.164443,-0.350000,0.080000,-0.500000,0.000000,child,approaching,distracted,,0.000000,0.000000,1.253705,0.653705,0.000000,0.000000,0.000000,0.000000,0.000000,0.000000,0.000000,0.653705,0.653705,0.653705,0.653705,0.000000,horizon_mpc_secbf,4,0.751472,true,osqp,optimal,50,3.252946,0,1.608020,geometric,false,0.696721,0.277632,0.731774,0.155163,,,0.748043,0.033317,3.371824,1.607861
head_on,context_int,EESM-MPC-ECBF,48,4.800,0.779536,-0.579675,0.731774,0.155163,0.208942,-0.400000,0.080000,-0.500000,0.000000,child,approaching,distracted,,0.000000,0.000000,1.351472,0.751472,0.000000,0.000000,0.000000,0.000000,0.000000,0.000000,0.000000,0.751472,0.751472,0.751472,0.751472,0.000000,horizon_mpc_secbf,4,0.850771,true,osqp,optimal,50,3.051614,0,1.724675,geometric,false,0.694404,0.283378,0.719124,0.186068,,,0.742806,0.033393,3.446105,1.534191
head_on,context_int,EESM-MPC-ECBF,49,4.900,0.851448,-0.561068,0.719124,0.186068,0.253189,-0.450000,0.080000,-0.500000,0.000000,child,approaching,distracted,,0.000000,0.000000,1.450771,0.850771,0.000000,0.000000,0.000000,0.000000,0.000000,0.000000,0.000000,0.850771,0.850771,0.850771,0.850771,0.000000,horizon_mpc_secbf,4,0.951123,true,osqp,optimal,50,3.148675,0,1.837220,geometric,false,0.692459,0.288099,0.706407,0.216770,,,0.738918,0.033232,3.519997,1.460613
head_on,context_int,EESM-MPC-ECBF,50,5.000,0.922089,-0.539391,0.706407,0.216770,0.297741,-0.500000,0.080000,-0.500000,0.000000,child,approaching,distracted,,0.000000,0.000000,1.551123,0.951123,0.000000,0.000000,0.000000,0.000000,0.000000,0.000000,0.000000,0.951123,0.951123,0.951123,0.951123,0.000000,horizon_mpc_secbf,4,1.052252,true,osqp,optimal,50,3.212271,0,1.947464,geometric,false,0.690970,0.291650,0.694100,0.246482,,,0.736565,0.032160,3.593653,1.387083
head_on,context_int,EESM-MPC-ECBF,51,5.100,0.991499,-0.514743,0.694100,0.246482,0.341220,-0.550000,0.080000,-0.500000,0.000000,child,approaching,distracted,,0.000000,0.000000,1.652252,1.052252,0.000000,0.000000,0.000000,0.000000,0.000000,0.000000,0.000000,1.052252,1.052252,1.052252,1.052252,0.000000,horizon_mpc_secbf,4,1.154118,true,osqp,optimal,50,3.287441,0,2.057699,geometric,false,0.690016,0.293902,0.683064,0.273127,,,0.735645,0.028840,3.667218,1.313558
head_on,context_int,EESM-MPC-ECBF,52,5.200,1.059805,-0.487430,0.683064,0.273127,0.380382,-0.600000,0.080000,-0.500000,0.000000,child,approaching,distracted,,0.000000,0.000000,1.754118,1.154118,0.000000,0.000000,0.000000,0.000000,0.000000,0.000000,0.000000,1.154118,1.154118,1.154118,1.154118,0.000000,horizon_mpc_secbf,4,1.257414,true,osqp,optimal,50,3.169409,0,2.175624,geometric,false,0.689627,0.294814,0.677508,0.286539,,,0.735610,0.014518,3.740779,1.240013
head_on,context_int,EESM-MPC-ECBF,53,5.300,1.127556,-0.458776,0.677508,0.286539,0.400117,-0.650000,0.080000,-0.500000,0.000000,child,approaching,distracted,,0.000000,0.000000,1.857414,1.257414,0.000000,0.000000,0.000000,0.000000,0.000000,0.000000,0.000000,1.257414,1.257414,1.257414,1.257414,0.000000,horizon_mpc_secbf,4,1.362595,true,osqp,optimal,50,3.100159,0,2.299504,geometric,false,0.689555,0.294982,0.676497,0.288981,,,0.735634,0.002642,3.814342,1.166453
head_on,context_int,EESM-MPC-ECBF,54,5.400,1.195206,-0.429878,0.676497,0.288981,0.403709,-0.700000,0.080000,-0.500000,0.000000,child,approaching,distracted,,0.000000,0.000000,1.962595,1.362595,0.000000,0.000000,0.000000,0.000000,0.000000,0.000000,0.000000,1.362595,1.362595,1.362595,1.362595,0.000000,horizon_mpc_secbf,4,1.469496,true,osqp,optimal,50,3.133131,0,2.423328,geometric,false,0.689544,0.295006,0.676315,0.289420,,,0.735640,0.000475,3.887906,1.092889
head_on,context_int,EESM-MPC-ECBF,55,5.500,1.262837,-0.400936,0.676315,0.289420,0.404355,-0.750000,0.080000,-0.500000,0.000000,child,approaching,distracted,,0.000000,0.000000,2.069496,1.469496,0.000000,0.000000,0.000000,0.000000,0.000000,0.000000,0.000000,1.469496,1.469496,1.469496,1.469496,0.000000,horizon_mpc_secbf,4,1.577883,true,osqp,optimal,50,3.313857,0,2.546301,geometric,false,0.689546,0.295001,0.676285,0.289491,,,0.735640,0.000077,3.961470,1.019325
head_on,context_int,EESM-MPC-ECBF,56,5.600,1.330466,-0.371987,0.676285,0.289491,0.404460,-0.800000,0.080000,-0.500000,0.000000,child,approaching,distracted,,0.000000,0.000000,2.177883,1.577883,0.000000,0.000000,0.000000,0.000000,0.000000,0.000000,0.000000,1.577883,1.577883,1.577883,1.577883,0.000000,horizon_mpc_secbf,4,1.687551,true,osqp,optimal,50,3.131356,0,2.668477,geometric,false,0.689551,0.294990,0.676284,0.289494,,,0.735640,0.000003,4.035034,0.945761
head_on,context_int,EESM-MPC-ECBF,57,5.700,1.398094,-0.343038,0.676284,0.289494,0.404465,-0.850000,0.080000,-0.500000,0.000000,child,approaching,distracted,,0.000000,0.000000,2.287551,1.687551,0.000000,0.000000,0.000000,0.000000,0.000000,0.000000,0.000000,1.687551,1.687551,1.687551,1.687551,0.000000,horizon_mpc_secbf,4,1.798323,true,osqp,optimal,50,3.056991,0,2.790015,geometric,false,0.689557,0.294977,0.676288,0.289484,,,0.735640,0.000011,4.108598,0.872197
head_on,context_int,EESM-MPC-ECBF,58,5.800,1.465723,-0.314090,0.676288,0.289484,0.404449,-0.900000,0.080000,-0.500000,0.000000,child,approaching,distracted,,0.000000,0.000000,2.398323,1.798323,0.000000,0.000000,0.000000,0.000000,0.000000,0.000000,0.000000,1.798323,1.798323,1.798323,1.798323,0.000000,horizon_mpc_secbf,4,1.910053,true,osqp,optimal,50,2.990629,0,2.911062,geometric,false,0.689563,0.294963,0.676294,0.289470,,,0.735640,0.000015,4.182162,0.798633
head_on,context_int,EESM-MPC-ECBF,59,5.900,1.533352,-0.285143,0.676294,0.289470,0.404429,-0.950000,0.080000,-0.500000,0.000000,child,approaching,distracted,,0.000000,0.000000,2.510053,1.910053,0.000000,0.000000,0.000000,0.000000,0.000000,0.000000,0.000000,1.910053,1.910053,1.910053,1.910053,0.000000,horizon_mpc_secbf,4,2.022620,true,osqp,optimal,50,2.940565,0,3.031733,geometric,false,0.689570,0.294947,0.676301,0.289454,,,0.735640,0.000017,4.255726,0.725069
head_on,context_int,EESM-MPC-ECBF,60,6.000,1.600982,-0.256197,0.676301,0.289454,0.404406,-1.000000,0.080000,-0.500000,0.000000,child,approaching,distracted,,0.000000,0.000000,2.622620,2.022620,0.000000,0.000000,0.000000,0.000000,0.000000,0.000000,0.000000,2.022620,2.022620,2.022620,2.022620,0.000000,horizon_mpc_secbf,4,2.135921,true,osqp,optimal,50,3.234676,0,3.152120,geometric,false,0.689577,0.294929,0.676308,0.289437,,,0.735640,0.000019,4.329290,0.651505
head_on,context_int,EESM-MPC-ECBF,61,6.100,1.668613,-0.227253,0.676308,0.289437,0.404380,-1.050000,0.080000,-0.500000,0.000000,child,approaching,distracted,,0.000000,0.000000,2.735921,2.135921,0.000000,0.000000,0.000000,0.000000,0.000000,0.000000,0.000000,2.135921,2.135921,2.135921,2.135921,0.000000,horizon_mpc_secbf,4,2.249867,true,osqp,optimal,50,3.008496,0,3.272293,geometric,false,0.689586,0.294909,0.676316,0.289417,,,0.735640,0.000021,4.402854,0.577941
head_on,context_int,EESM-MPC-ECBF,62,6.200,1.736245,-0.198312,0.676316,0.289417,0.404351,-1.100000,0.080000,-0.500000,0.000000,child,approaching,distracted,,0.000000,0.000000,2.849867,2.249867,0.000000,0.000000,0.000000,0.000000,0.000000,0.000000,0.000000,2.249867,2.249867,2.249867,2.249867,0.000000,horizon_mpc_secbf,4,2.364385,true,osqp,optimal,50,2.999778,0,3.392308,geometric,false,0.689596,0.294886,0.676325,0.289395,,,0.735639,0.000024,4.476418,0.504377
head_on,context_int,EESM-MPC-ECBF,63,6.300,1.803877,-0.169372,0.676325,0.289395,0.404318,-1.150000,0.080000,-0.500000,0.000000,child,approaching,distracted,,0.000000,0.000000,2.964385,2.364385,0.000000,0.000000,0.000000,0.000000,0.000000,0.000000,0.000000,2.364385,2.364385,2.364385,2.364385,0.000000,horizon_mpc_secbf,4,2.479411,true,osqp,optimal,50,3.099689,0,3.512209,geometric,false,0.689607,0.294859,0.676336,0.289368,,,0.735639,0.000029,4.549982,0.430813
head_on,context_int,EESM-MPC-ECBF,64,6.400,1.871511,-0.140435,0.676336,0.289368,0.404279,-1.200000,0.080000,-0.500000,0.000000,child,approaching,distracted,,0.000000,0.000000,3.079411,2.479411,0.000000,0.000000,0.000000,0.000000,0.000000,0.000000,0.000000,2.479411,2.479411,2.479411,2.479411,0.000000,horizon_mpc_secbf,4,2.594890,true,osqp,optimal,50,3.248871,0,3.632030,geometric,false,0.689621,0.294826,0.676349,0.289337,,,0.735638,0.000034,4.623546,0.357250
head_on,context_int,EESM-MPC-ECBF,65,6.500,1.939146,-0.111502,0.676349,0.289337,0.404233,-1.250000,0.080000,-0.500000,0.000000,child,approaching,distracted,,0.000000,0.000000,3.194890,2.594890,0.000000,0.000000,0.000000,0.000000,0.000000,0.000000,0.000000,2.594890,2.594890,2.594890,2.594890,0.000000,horizon_mpc_secbf,4,2.710776,true,osqp,optimal,50,3.381379,0,3.751800,geometric,false,0.689639,0.294785,0.676366,0.289297,,,0.735638,0.000043,4.697110,0.283686
head_on,context_int,EESM-MPC-ECBF,66,6.600,2.006782,-0.082572,0.676366,0.289297,0.404174,-1.300000,0.080000,-0.500000,0.000000,child,approaching,distracted,,0.000000,0.000000,3.310776,2.710776,0.000000,0.000000,0.000000,0.000000,0.000000,0.000000,0.000000,2.710776,2.710776,2.710776,2.710776,0.000000,horizon_mpc_secbf,4,2.827028,true,osqp,optimal,50,3.331458,0,3.871542,geometric,false,0.689663,0.294729,0.676388,0.289243,,,0.735637,0.000058,4.770674,0.210122
head_on,context_int,EESM-MPC-ECBF,67,6.700,2.074421,-0.053648,0.676388,0.289243,0.404096,-1.350000,0.080000,-0.500000,0.000000,child,approaching,distracted,,0.000000,0.000000,3.427028,2.827028,0.000000,0.000000,0.000000,0.000000,0.000000,0.000000,0.000000,2.827028,2.827028,2.827028,2.827028,0.000000,horizon_mpc_secbf,4,2.943611,true,osqp,optimal,50,3.188391,0,3.991278,geometric,false,0.689700,0.294642,0.676422,0.289162,,,0.735636,0.000088,4.844237,0.136558
head_on,context_int,EESM-MPC-ECBF,68,6.800,2.142063,-0.024732,0.676422,0.289162,0.403976,-1.400000,0.080000,-0.500000,0.000000,child,approaching,distracted,,0.000000,0.000000,3.543611,2.943611,0.000000,0.000000,0.000000,0.000000,0.000000,0.000000,0.000000,2.943611,2.943611,2.943611,2.943611,0.000001,horizon_mpc_secbf,4,3.052526,true,osqp,optimal,25,3.203502,0,4.031631,geometric,false,0.579367,0.247315,0.596019,0.254495,,,0.648079,0.087557,4.909045,0.062995
head_on,context_int,EESM-MPC-ECBF,69,6.900,2.201665,0.000718,0.596019,0.254495,0.403556,-1.450000,0.080000,-0.500000,0.000000,child,approaching,distracted,,0.000000,0.000000,3.652526,3.052526,0.000000,0.000000,0.000000,0.000000,0.000000,0.000000,0.000000,3.052526,3.052526,3.052526,3.052526,0.000000,horizon_mpc_secbf,4,3.102530,true,osqp,optimal,50,3.275135,0,3.552571,geometric,false,-0.016652,-0.007180,0.000155,-0.000360,,,0.000392,0.648078,4.909084,0.001813
head_on,context_int,EESM-MPC-ECBF,70,7.000,2.201681,0.000682,0.000155,-0.000360,-1.162710,-1.500000,0.080000,-0.500000,0.000000,child,approaching,distracted,,0.000000,0.000000,3.702530,3.102530,0.000000,0.000000,0.000000,0.000000,0.000000,0.000000,0.000000,3.102530,3.102530,3.102530,3.102530,0.000000,horizon_mpc_secbf,4,3.151142,true,osqp,optimal,25,3.363264,0,3.588644,geometric,false,-0.016807,-0.006820,-0.013897,-0.005712,,,0.015025,0.015037,4.910587,0.001814
head_on,context_int,EESM-MPC-ECBF,71,7.100,2.200291,0.000111,-0.013897,-0.005712,-2.751640,-1.550000,0.080000,-0.500000,0.000000,child,approaching,distracted,,0.000000,0.000000,3.751142,3.151142,0.000000,0.000000,0.000000,0.000000,0.000000,0.000000,0.000000,3.151142,3.151142,3.151142,3.151142,0.000000,horizon_mpc_secbf,4,3.200655,true,osqp,optimal,25,3.209332,0,3.646275,geometric,false,-0.002910,-0.001108,-0.004795,-0.001898,,,0.005157,0.009868,4.911102,0.000311
head_on,context_int,EESM-MPC-ECBF,72,7.200,2.199811,-0.000079,-0.004795,-0.001898,-2.764671,-1.600000,0.080000,-0.500000,0.000000,child,approaching,distracted,,0.000000,0.000000,3.800655,3.200655,0.000000,0.000000,0.000000,0.000000,0.000000,0.000000,0.000000,3.200655,3.200655,3.200655,3.200655,0.000000,horizon_mpc_secbf,4,3.250717,true,osqp,optimal,25,3.220484,0,3.701276,geometric,false,0.001885,0.000790,0.000739,0.000329,,,0.000809,0.005965,4.911183,0.000204
head_on,context_int,EESM-MPC-ECBF,73,7.300,2.199885,-0.000046,0.000739,0.000329,0.418476,-1.650000,0.080000,-0.500000,0.000000,child,approaching,distracted,,0.000000,0.000000,3.850717,3.250717,0.000000,0.000000,0.000000,0.000000,0.000000,0.000000,0.000000,3.250717,3.250717,3.250717,3.250717,0.000000,horizon_mpc_secbf,4,3.300813,true,osqp,optimal,25,3.089772,0,3.751676,geometric,false,0.001146,0.000461,0.001076,0.000438,,,0.001162,0.000355,4.911300,0.000124
head_on,context_int,EESM-MPC-ECBF,74,7.400,2.199993,-0.000002,0.001076,0.000438,0.386840,-1.700000,0.080000,-0.500000,0.000000,child,approaching,distracted,,0.000000,0.000000,3.900813,3.300813,0.000000,0.000000,0.000000,0.000000,0.000000,0.000000,0.000000,3.300813,3.300813,3.300813,3.300813,0.000000,horizon_mpc_secbf,4,3.350827,true,osqp,optimal,25,3.251352,0,3.800949,geometric,false,0.000070,0.000023,0.000243,0.000094,,,0.000260,0.000902,4.911326,0.000007
head_on,context_int,EESM-MPC-ECBF,75,7.500,2.200017,0.000007,0.000243,0.000094,0.369972,-1.750000,0.080000,-0.500000,0.000000,child,approaching,distracted,,0.000000,0.000000,3.950827,3.350827,0.000000,0.000000,0.000000,0.000000,0.000000,0.000000,0.000000,3.350827,3.350827,3.350827,3.350827,0.000000,horizon_mpc_secbf,4,3.400807,true,osqp,optimal,25,3.356831,0,3.850624,geometric,false,-0.000173,-0.000071,-0.000101,-0.000043,,,0.000110,0.000370,4.911337,0.000019
head_on,context_int,EESM-MPC-ECBF,76,7.600,2.200007,0.000003,-0.000101,-0.000043,-2.741081,-1.800000,0.080000,-0.500000,0.000000,child,approaching,distracted,,0.000000,0.000000,4.000807,3.400807,0.000000,0.000000,0.000000,0.000000,0.000000,0.000000,0.000000,3.400807,3.400807,3.400807,3.400807,0.000000,horizon_mpc_secbf,4,3.450790,true,osqp,optimal,25,2.974295,0,3.900631,geometric,false,-0.000071,-0.000028,-0.000076,-0.000031,,,0.000082,0.000028,4.911345,0.000008
head_on,context_int,EESM-MPC-ECBF,77,7.700,2.199999,-0.000000,-0.000076,-0.000031,-2.757618,-1.850000,0.080000,-0.500000,0.000000,child,approaching,distracted,,0.000000,0.000000,4.050790,3.450790,0.000000,0.000000,0.000000,0.000000,0.000000,0.000000,0.000000,3.450790,3.450790,3.450790,3.450790,0.000000,horizon_mpc_secbf,4,3.500780,true,osqp,optimal,25,3.166095,0,3.950692,geometric,false,0.000005,0.000002,-0.000000,0.000001,,,0.000001,0.000082,4.911345,0.000001
head_on,context_int,EESM-MPC-ECBF,78,7.800,2.199999,-0.000000,-0.000000,0.000001,2.041252,-1.900000,0.080000,-0.500000,0.000000,child,approaching,distracted,,0.000000,0.000000,4.100780,3.500780,0.000000,0.000000,0.000000,0.000000,0.000000,0.000000,0.000000,3.500780,3.500780,3.500780,3.500780,0.000000,horizon_mpc_secbf,4,3.550771,true,osqp,optimal,25,3.221207,0,4.000689,geometric,false,0.000006,0.000002,0.000005,0.000002,,,0.000005,0.000005,4.911345,0.000001
head_on,context_int,EESM-MPC-ECBF,79,7.900,2.200000,-0.000000,0.000005,0.000002,0.322575,-1.950000,0.080000,-0.500000,0.000000,child,approaching,distracted,,0.000000,0.000000,4.150771,3.550771,0.000000,0.000000,0.000000,0.000000,0.000000,0.000000,0.000000,3.550771,3.550771,3.550771,3.550771,0.000000,horizon_mpc_secbf,4,3.600762,true,osqp,optimal,25,3.319859,0,4.050680,geometric,false,0.000001,0.000000,0.000002,0.000000,,,0.000002,0.000003,4.911346,0.000000
head_on,context_int,EESM-MPC-ECBF,80,8.000,2.200000,0.000000,0.000002,0.000000,0.228770,-2.000000,0.080000,-0.500000,0.000000,child,approaching,distracted,,0.000000,0.000000,4.200762,3.600762,0.000000,0.000000,0.000000,0.000000,0.000000,0.000000,0.000000,3.600762,3.600762,3.600762,3.600762,0.000000,horizon_mpc_secbf,4,3.650753,true,osqp,optimal,25,3.148622,0,4.100671,geometric,false,-0.000001,-0.000000,-0.000000,-0.000000,,,0.000000,0.000002,4.911346,0.000000
head_on,context_int,EESM-MPC-ECBF,81,8.100,2.200000,0.000000,-0.000000,-0.000000,-2.606814,-2.050000,0.080000,-0.500000,0.000000,child,approaching,distracted,,0.000000,0.000000,4.250753,3.650753,0.000000,0.000000,0.000000,0.000000,0.000000,0.000000,0.000000,3.650753,3.650753,3.650753,3.650753,0.000000,horizon_mpc_secbf,4,3.700744,true,osqp,optimal,25,3.043227,0,4.150664,geometric,false,-0.000000,-0.000000,-0.000000,-0.000000,,,0.000000,0.000000,4.911346,0.000000
head_on,context_int,EESM-MPC-ECBF,82,8.200,2.200000,-0.000000,-0.000000,-0.000000,-2.841722,-2.100000,0.080000,-0.500000,0.000000,child,approaching,distracted,,0.000000,0.000000,4.300744,3.700744,0.000000,0.000000,0.000000,0.000000,0.000000,0.000000,0.000000,3.700744,3.700744,3.700744,3.700744,0.000000,horizon_mpc_secbf,4,3.750736,true,osqp,optimal,25,3.042257,0,4.200658,geometric,false,-0.000000,0.000000,-0.000000,-0.000000,,,0.000000,0.000000,4.911346,0.000000
head_on,context_int,EESM-MPC-ECBF,83,8.300,2.200000,-0.000000,-0.000000,-0.000000,-2.961265,-2.150000,0.080000,-0.500000,0.000000,child,approaching,distracted,,0.000000,0.000000,4.350736,3.750736,0.000000,0.000000,0.000000,0.000000,0.000000,0.000000,0.000000,3.750736,3.750736,3.750736,3.750736,0.000000,horizon_mpc_secbf,4,3.800727,true,osqp,optimal,25,3.021014,0,4.250651,geometric,false,0.000000,0.000000,0.000000,0.000000,,,0.000000,0.000000,4.911346,0.000000
head_on,context_int,EESM-MPC-ECBF,84,8.400,2.200000,-0.000000,0.000000,0.000000,0.400602,-2.200000,0.080000,-0.500000,0.000000,child,approaching,distracted,,0.000000,0.000000,4.400727,3.800727,0.000000,0.000000,0.000000,0.000000,0.000000,0.000000,0.000000,3.800727,3.800727,3.800727,3.800727,0.000000,horizon_mpc_secbf,4,3.850719,true,osqp,optimal,25,3.275505,0,4.300645,geometric,false,0.000000,0.000000,0.000000,0.000000,,,0.000000,0.000000,4.911346,0.000000
head_on,context_int,EESM-MPC-ECBF,85,8.500,2.200000,0.000000,0.000000,0.000000,0.279119,-2.250000,0.080000,-0.500000,0.000000,child,approaching,distracted,,0.000000,0.000000,4.450719,3.850719,0.000000,0.000000,0.000000,0.000000,0.000000,0.000000,0.000000,3.850719,3.850719,3.850719,3.850719,0.000000,horizon_mpc_secbf,4,3.900711,true,osqp,optimal,25,3.179545,0,4.350638,geometric,false,0.000000,0.000000,0.000000,0.000000,,,0.000000,0.000000,4.911346,0.000000
head_on,context_int,EESM-MPC-ECBF,86,8.600,2.200000,0.000000,0.000000,0.000000,0.279119,-2.300000,0.080000,-0.500000,0.000000,child,approaching,distracted,,0.000000,0.000000,4.500711,3.900711,0.000000,0.000000,0.000000,0.000000,0.000000,0.000000,0.000000,3.900711,3.900711,3.900711,3.900711,0.000000,horizon_mpc_secbf,4,3.950703,true,osqp,optimal,25,3.102179,0,4.400632,geometric,false,0.000000,0.000000,0.000000,0.000000,,,0.000000,0.000000,4.911346,0.000000
head_on,context_int,EESM-MPC-ECBF,87,8.700,2.200000,0.000000,0.000000,0.000000,0.279119,-2.350000,0.080000,-0.500000,0.000000,child,approaching,distracted,,0.000000,0.000000,4.550703,3.950703,0.000000,0.000000,0.000000,0.000000,0.000000,0.000000,0.000000,3.950703,3.950703,3.950703,3.950703,0.000000,horizon_mpc_secbf,4,4.000696,true,osqp,optimal,25,2.941624,0,4.450626,geometric,false,0.000000,0.000000,0.000000,0.000000,,,0.000000,0.000000,4.911346,0.000000
head_on,context_int,EESM-MPC-ECBF,88,8.800,2.200000,0.000000,0.000000,0.000000,0.279119,-2.400000,0.080000,-0.500000,0.000000,child,approaching,distracted,,0.000000,0.000000,4.600696,4.000696,0.000000,0.000000,0.000000,0.000000,0.000000,0.000000,0.000000,4.000696,4.000696,4.000696,4.000696,0.000000,horizon_mpc_secbf,4,4.050688,true,osqp,optimal,25,3.120544,0,4.500620,geometric,false,0.000000,0.000000,0.000000,0.000000,,,0.000000,0.000000,4.911346,0.000000
head_on,context_int,EESM-MPC-ECBF,89,8.900,2.200000,0.000000,0.000000,0.000000,0.279119,-2.450000,0.080000,-0.500000,0.000000,child,approaching,distracted,,0.000000,0.000000,4.650688,4.050688,0.000000,0.000000,0.000000,0.000000,0.000000,0.000000,0.000000,4.050688,4.050688,4.050688,4.050688,0.000000,horizon_mpc_secbf,4,4.100681,true,osqp,optimal,25,3.171681,0,4.550614,geometric,false,0.000000,0.000000,0.000000,0.000000,,,0.000000,0.000000,4.911346,0.000000
head_on,context_int,EESM-MPC-ECBF,90,9.000,2.200000,0.000000,0.000000,0.000000,0.279119,-2.500000,0.080000,-0.500000,0.000000,child,approaching,distracted,,0.000000,0.000000,4.700681,4.100681,0.000000,0.000000,0.000000,0.000000,0.000000,0.000000,0.000000,4.100681,4.100681,4.100681,4.100681,0.000000,horizon_mpc_secbf,4,4.150674,true,osqp,optimal,25,3.339898,0,4.600608,geometric,false,0.000000,0.000000,0.000000,0.000000,,,0.000000,0.000000,4.911346,0.000000
head_on,context_int,EESM-MPC-ECBF,91,9.100,2.200000,0.000000,0.000000,0.000000,0.279119,-2.550000,0.080000,-0.500000,0.000000,child,approaching,distracted,,0.000000,0.000000,4.750674,4.150674,0.000000,0.000000,0.000000,0.000000,0.000000,0.000000,0.000000,4.150674,4.150674,4.150674,4.150674,0.000000,horizon_mpc_secbf,4,4.200667,true,osqp,optimal,25,3.250362,0,4.650603,geometric,false,0.000000,0.000000,0.000000,0.000000,,,0.000000,0.000000,4.911346,0.000000
head_on,context_int,EESM-MPC-ECBF,92,9.200,2.200000,0.000000,0.000000,0.000000,0.279119,-2.600000,0.080000,-0.500000,0.000000,child,approaching,distracted,,0.000000,0.000000,4.800667,4.200667,0.000000,0.000000,0.000000,0.000000,0.000000,0.000000,0.000000,4.200667,4.200667,4.200667,4.200667,0.000000,horizon_mpc_secbf,4,4.250660,true,osqp,optimal,25,3.136066,0,4.700597,geometric,false,0.000000,0.000000,0.000000,0.000000,,,0.000000,0.000000,4.911346,0.000000
head_on,context_int,EESM-MPC-ECBF,93,9.300,2.200000,0.000000,0.000000,0.000000,0.279119,-2.650000,0.080000,-0.500000,0.000000,child,approaching,distracted,,0.000000,0.000000,4.850660,4.250660,0.000000,0.000000,0.000000,0.000000,0.000000,0.000000,0.000000,4.250660,4.250660,4.250660,4.250660,0.000000,horizon_mpc_secbf,4,4.300653,true,osqp,optimal,25,3.210609,0,4.750592,geometric,false,0.000000,0.000000,0.000000,0.000000,,,0.000000,0.000000,4.911346,0.000000
head_on,context_int,EESM-MPC-ECBF,94,9.400,2.200000,0.000000,0.000000,0.000000,0.279119,-2.700000,0.080000,-0.500000,0.000000,child,approaching,distracted,,0.000000,0.000000,4.900653,4.300653,0.000000,0.000000,0.000000,0.000000,0.000000,0.000000,0.000000,4.300653,4.300653,4.300653,4.300653,0.000000,horizon_mpc_secbf,4,4.350646,true,osqp,optimal,25,3.227000,0,4.800586,geometric,false,0.000000,0.000000,0.000000,0.000000,,,0.000000,0.000000,4.911346,0.000000
head_on,context_int,EESM-MPC-ECBF,95,9.500,2.200000,0.000000,0.000000,0.000000,0.279119,-2.750000,0.080000,-0.500000,0.000000,child,approaching,distracted,,0.000000,0.000000,4.950646,4.350646,0.000000,0.000000,0.000000,0.000000,0.000000,0.000000,0.000000,4.350646,4.350646,4.350646,4.350646,0.000000,horizon_mpc_secbf,4,4.400640,true,osqp,optimal,25,3.299184,0,4.850581,geometric,false,0.000000,0.000000,0.000000,0.000000,,,0.000000,0.000000,4.911346,0.000000
head_on,context_int,EESM-MPC-ECBF,96,9.600,2.200000,0.000000,0.000000,0.000000,0.279119,-2.800000,0.080000,-0.500000,0.000000,child,approaching,distracted,,0.000000,0.000000,5.000640,4.400640,0.000000,0.000000,0.000000,0.000000,0.000000,0.000000,0.000000,4.400640,4.400640,4.400640,4.400640,0.000000,horizon_mpc_secbf,4,4.450634,true,osqp,optimal,25,3.263205,0,4.900576,geometric,false,0.000000,0.000000,0.000000,0.000000,,,0.000000,0.000000,4.911346,0.000000
head_on,context_int,EESM-MPC-ECBF,97,9.700,2.200000,0.000000,0.000000,0.000000,0.279119,-2.850000,0.080000,-0.500000,0.000000,child,approaching,distracted,,0.000000,0.000000,5.050634,4.450634,0.000000,0.000000,0.000000,0.000000,0.000000,0.000000,0.000000,4.450634,4.450634,4.450634,4.450634,0.000000,horizon_mpc_secbf,4,4.500627,true,osqp,optimal,25,3.142173,0,4.950571,geometric,false,0.000000,0.000000,0.000000,0.000000,,,0.000000,0.000000,4.911346,0.000000
head_on,context_int,EESM-MPC-ECBF,98,9.800,2.200000,0.000000,0.000000,0.000000,0.279119,-2.900000,0.080000,-0.500000,0.000000,child,approaching,distracted,,0.000000,0.000000,5.100627,4.500627,0.000000,0.000000,0.000000,0.000000,0.000000,0.000000,0.000000,4.500627,4.500627,4.500627,4.500627,0.000000,horizon_mpc_secbf,4,4.550621,true,osqp,optimal,25,3.237748,0,5.000566,geometric,false,0.000000,0.000000,0.000000,0.000000,,,0.000000,0.000000,4.911346,0.000000
head_on,context_int,EESM-MPC-ECBF,99,9.900,2.200000,0.000000,0.000000,0.000000,0.279119,-2.950000,0.080000,-0.500000,0.000000,child,approaching,distracted,,0.000000,0.000000,5.150621,4.550621,0.000000,0.000000,0.000000,0.000000,0.000000,0.000000,0.000000,4.550621,4.550621,4.550621,4.550621,0.000000,horizon_mpc_secbf,4,4.600615,true,osqp,optimal,25,3.336857,0,5.050561,geometric,false,0.000000,0.000000,0.000000,0.000000,,,0.000000,0.000000,4.911346,0.000000
head_on,context_int,EESM-MPC-ECBF,100,10.000,2.200000,0.000000,0.000000,0.000000,0.279119,-3.000000,0.080000,-0.500000,0.000000,child,approaching,distracted,,0.000000,0.000000,5.200615,4.600615,0.000000,0.000000,0.000000,0.000000,0.000000,0.000000,0.000000,4.600615,4.600615,4.600615,4.600615,0.000000,horizon_mpc_secbf,4,4.650609,true,osqp,optimal,25,3.232131,0,5.100556,geometric,false,0.000000,0.000000,0.000000,0.000000,,,0.000000,0.000000,4.911346,0.000000
head_on,context_int,EESM-MPC-ECBF,101,10.100,2.200000,0.000000,0.000000,0.000000,0.279119,-3.050000,0.080000,-0.500000,0.000000,child,approaching,distracted,,0.000000,0.000000,5.250609,4.650609,0.000000,0.000000,0.000000,0.000000,0.000000,0.000000,0.000000,4.650609,4.650609,4.650609,4.650609,0.000000,horizon_mpc_secbf,4,4.700604,true,osqp,optimal,25,3.178376,0,5.150551,geometric,false,0.000000,0.000000,0.000000,0.000000,,,0.000000,0.000000,4.911346,0.000000
head_on,context_int,EESM-MPC-ECBF,102,10.200,2.200000,0.000000,0.000000,0.000000,0.279119,-3.100000,0.080000,-0.500000,0.000000,child,approaching,distracted,,0.000000,0.000000,5.300604,4.700604,0.000000,0.000000,0.000000,0.000000,0.000000,0.000000,0.000000,4.700604,4.700604,4.700604,4.700604,0.000000,horizon_mpc_secbf,4,4.750598,true,osqp,optimal,25,3.092076,0,5.200547,geometric,false,0.000000,0.000000,0.000000,0.000000,,,0.000000,0.000000,4.911346,0.000000
head_on,context_int,EESM-MPC-ECBF,103,10.300,2.200000,0.000000,0.000000,0.000000,0.279119,-3.150000,0.080000,-0.500000,0.000000,child,approaching,distracted,,0.000000,0.000000,5.350598,4.750598,0.000000,0.000000,0.000000,0.000000,0.000000,0.000000,0.000000,4.750598,4.750598,4.750598,4.750598,0.000000,horizon_mpc_secbf,4,4.800593,true,osqp,optimal,25,3.379539,0,5.250542,geometric,false,0.000000,0.000000,0.000000,0.000000,,,0.000000,0.000000,4.911346,0.000000
head_on,context_int,EESM-MPC-ECBF,104,10.400,2.200000,0.000000,0.000000,0.000000,0.279119,-3.200000,0.080000,-0.500000,0.000000,child,approaching,distracted,,0.000000,0.000000,5.400593,4.800593,0.000000,0.000000,0.000000,0.000000,0.000000,0.000000,0.000000,4.800593,4.800593,4.800593,4.800593,0.000000,horizon_mpc_secbf,4,4.850587,true,osqp,optimal,25,4.573744,0,5.300538,geometric,false,0.000000,0.000000,0.000000,0.000000,,,0.000000,0.000000,4.911346,0.000000
head_on,context_int,EESM-MPC-ECBF,105,10.500,2.200000,0.000000,0.000000,0.000000,0.279119,-3.250000,0.080000,-0.500000,0.000000,child,approaching,distracted,,0.000000,0.000000,5.450587,4.850587,0.000000,0.000000,0.000000,0.000000,0.000000,0.000000,0.000000,4.850587,4.850587,4.850587,4.850587,0.000000,horizon_mpc_secbf,4,4.900582,true,osqp,optimal,25,3.146685,0,5.350533,geometric,false,0.000000,0.000000,0.000000,0.000000,,,0.000000,0.000000,4.911346,0.000000
head_on,context_int,EESM-MPC-ECBF,106,10.600,2.200000,0.000000,0.000000,0.000000,0.279119,-3.300000,0.080000,-0.500000,0.000000,child,approaching,distracted,,0.000000,0.000000,5.500582,4.900582,0.000000,0.000000,0.000000,0.000000,0.000000,0.000000,0.000000,4.900582,4.900582,4.900582,4.900582,0.000000,horizon_mpc_secbf,4,4.950577,true,osqp,optimal,25,3.245136,0,5.400529,geometric,false,0.000000,0.000000,0.000000,0.000000,,,0.000000,0.000000,4.911346,0.000000
head_on,context_int,EESM-MPC-ECBF,107,10.700,2.200000,0.000000,0.000000,0.000000,0.279119,-3.350000,0.080000,-0.500000,0.000000,child,approaching,distracted,,0.000000,0.000000,5.550577,4.950577,0.000000,0.000000,0.000000,0.000000,0.000000,0.000000,0.000000,4.950577,4.950577,4.950577,4.950577,0.000000,horizon_mpc_secbf,4,5.000571,true,osqp,optimal,25,3.158161,0,5.450525,geometric,false,0.000000,0.000000,0.000000,0.000000,,,0.000000,0.000000,4.911346,0.000000
head_on,context_int,EESM-MPC-ECBF,108,10.800,2.200000,0.000000,0.000000,0.000000,0.279119,-3.400000,0.080000,-0.500000,0.000000,child,approaching,distracted,,0.000000,0.000000,5.600571,5.000571,0.000000,0.000000,0.000000,0.000000,0.000000,0.000000,0.000000,5.000571,5.000571,5.000571,5.000571,0.000000,horizon_mpc_secbf,4,5.050566,true,osqp,optimal,25,3.152131,0,5.500520,geometric,false,0.000000,0.000000,0.000000,0.000000,,,0.000000,0.000000,4.911346,0.000000
head_on,context_int,EESM-MPC-ECBF,109,10.900,2.200000,0.000000,0.000000,0.000000,0.279119,-3.450000,0.080000,-0.500000,0.000000,child,approaching,distracted,,0.000000,0.000000,5.650566,5.050566,0.000000,0.000000,0.000000,0.000000,0.000000,0.000000,0.000000,5.050566,5.050566,5.050566,5.050566,0.000000,horizon_mpc_secbf,4,5.100561,true,osqp,optimal,25,3.070498,0,5.550516,geometric,false,0.000000,0.000000,0.000000,0.000000,,,0.000000,0.000000,4.911346,0.000000
head_on,context_int,EESM-MPC-ECBF,110,11.000,2.200000,0.000000,0.000000,0.000000,0.279119,-3.500000,0.080000,-0.500000,0.000000,child,approaching,distracted,,0.000000,0.000000,5.700561,5.100561,0.000000,0.000000,0.000000,0.000000,0.000000,0.000000,0.000000,5.100561,5.100561,5.100561,5.100561,0.000000,horizon_mpc_secbf,4,5.150556,true,osqp,optimal,25,3.001957,0,5.600512,geometric,false,0.000000,0.000000,0.000000,0.000000,,,0.000000,0.000000,4.911346,0.000000
head_on,context_int,EESM-MPC-ECBF,111,11.100,2.200000,0.000000,0.000000,0.000000,0.279119,-3.550000,0.080000,-0.500000,0.000000,child,approaching,distracted,,0.000000,0.000000,5.750556,5.150556,0.000000,0.000000,0.000000,0.000000,0.000000,0.000000,0.000000,5.150556,5.150556,5.150556,5.150556,0.000000,horizon_mpc_secbf,4,5.200552,true,osqp,optimal,25,2.907243,0,5.650508,geometric,false,0.000000,0.000000,0.000000,0.000000,,,0.000000,0.000000,4.911346,0.000000
head_on,context_int,EESM-MPC-ECBF,112,11.200,2.200000,0.000000,0.000000,0.000000,0.279119,-3.600000,0.080000,-0.500000,0.000000,child,approaching,distracted,,0.000000,0.000000,5.800552,5.200552,0.000000,0.000000,0.000000,0.000000,0.000000,0.000000,0.000000,5.200552,5.200552,5.200552,5.200552,0.000000,horizon_mpc_secbf,4,5.250547,true,osqp,optimal,25,3.097829,0,5.700504,geometric,false,0.000000,0.000000,0.000000,0.000000,,,0.000000,0.000000,4.911346,0.000000
head_on,context_int,EESM-MPC-ECBF,113,11.300,2.200000,0.000000,0.000000,0.000000,0.279119,-3.650000,0.080000,-0.500000,0.000000,child,approaching,distracted,,0.000000,0.000000,5.850547,5.250547,0.000000,0.000000,0.000000,0.000000,0.000000,0.000000,0.000000,5.250547,5.250547,5.250547,5.250547,0.000000,horizon_mpc_secbf,4,5.300542,true,osqp,optimal,25,3.123246,0,5.750500,geometric,false,0.000000,0.000000,0.000000,0.000000,,,0.000000,0.000000,4.911346,0.000000
head_on,context_int,EESM-MPC-ECBF,114,11.400,2.200000,0.000000,0.000000,0.000000,0.279119,-3.700000,0.080000,-0.500000,0.000000,child,approaching,distracted,,0.000000,0.000000,5.900542,5.300542,0.000000,0.000000,0.000000,0.000000,0.000000,0.000000,0.000000,5.300542,5.300542,5.300542,5.300542,0.000000,horizon_mpc_secbf,4,5.350538,true,osqp,optimal,25,2.905977,0,5.800496,geometric,false,0.000000,0.000000,0.000000,0.000000,,,0.000000,0.000000,4.911346,0.000000
head_on,context_int,EESM-MPC-ECBF,115,11.500,2.200000,0.000000,0.000000,0.000000,0.279119,-3.750000,0.080000,-0.500000,0.000000,child,approaching,distracted,,0.000000,0.000000,5.950538,5.350538,0.000000,0.000000,0.000000,0.000000,0.000000,0.000000,0.000000,5.350538,5.350538,5.350538,5.350538,0.000000,horizon_mpc_secbf,4,5.400533,true,osqp,optimal,25,2.779232,0,5.850493,geometric,false,0.000000,0.000000,0.000000,0.000000,,,0.000000,0.000000,4.911346,0.000000
head_on,context_int,EESM-MPC-ECBF,116,11.600,2.200000,0.000000,0.000000,0.000000,0.279119,-3.800000,0.080000,-0.500000,0.000000,child,approaching,distracted,,0.000000,0.000000,6.000533,5.400533,0.000000,0.000000,0.000000,0.000000,0.000000,0.000000,0.000000,5.400533,5.400533,5.400533,5.400533,0.000000,horizon_mpc_secbf,4,5.450529,true,osqp,optimal,25,2.818740,0,5.900489,geometric,false,0.000000,0.000000,0.000000,0.000000,,,0.000000,0.000000,4.911346,0.000000
head_on,context_int,EESM-MPC-ECBF,117,11.700,2.200000,0.000000,0.000000,0.000000,0.279119,-3.850000,0.080000,-0.500000,0.000000,child,approaching,distracted,,0.000000,0.000000,6.050529,5.450529,0.000000,0.000000,0.000000,0.000000,0.000000,0.000000,0.000000,5.450529,5.450529,5.450529,5.450529,0.000000,horizon_mpc_secbf,4,5.500525,true,osqp,optimal,25,2.936363,0,5.950485,geometric,false,0.000000,0.000000,0.000000,0.000000,,,0.000000,0.000000,4.911346,0.000000
head_on,context_int,EESM-MPC-ECBF,118,11.800,2.200000,0.000000,0.000000,0.000000,0.279119,-3.900000,0.080000,-0.500000,0.000000,child,approaching,distracted,,0.000000,0.000000,6.100525,5.500525,0.000000,0.000000,0.000000,0.000000,0.000000,0.000000,0.000000,5.500525,5.500525,5.500525,5.500525,0.000000,horizon_mpc_secbf,4,5.550520,true,osqp,optimal,25,3.162403,0,6.000482,geometric,false,0.000000,0.000000,0.000000,0.000000,,,0.000000,0.000000,4.911346,0.000000
head_on,context_int,EESM-MPC-ECBF,119,11.900,2.200000,0.000000,0.000000,0.000000,0.279119,-3.950000,0.080000,-0.500000,0.000000,child,approaching,distracted,,0.000000,0.000000,6.150520,5.550520,0.000000,0.000000,0.000000,0.000000,0.000000,0.000000,0.000000,5.550520,5.550520,5.550520,5.550520,0.000000,horizon_mpc_secbf,4,5.600516,true,osqp,optimal,25,3.213453,0,6.050478,geometric,false,0.000000,0.000000,0.000000,0.000000,,,0.000000,0.000000,4.911346,0.000000
head_on,context_int,SEESM w/o Feasibility-Preserving Update,0,0.000,-2.200000,0.000000,0.000000,0.000000,0.000000,2.000000,0.080000,-0.500000,0.000000,unknown,walking,unknown,7.202830,1.000000,0.000000,4.200762,3.600762,0.271500,0.271500,0.271500,0.271500,0.499897,0.771397,0.271500,3.600762,3.100865,2.829365,2.829365,0.000000,horizon_mpc_secbf,4,2.347634,true,osqp,optimal,50,3.121769,0,1.708551,accept,false,0.750000,0.000000,0.621017,-0.000000,,,0.621017,0.621017,0.062102,4.400000
head_on,context_int,SEESM w/o Feasibility-Preserving Update,1,0.100,-2.137898,-0.000000,0.621017,-0.000000,-0.000000,1.950000,0.080000,-0.500000,0.000000,unknown,walking,unknown,3.112664,1.000000,0.000000,4.088681,3.488681,0.296789,0.296789,0.296789,0.296789,1.120721,1.417510,0.025289,3.488681,2.367960,2.071171,2.071171,0.000000,horizon_mpc_secbf,4,1.577991,true,osqp,optimal,50,3.153928,0,0.845304,accept,false,0.750000,0.000000,0.726101,0.000000,,,0.726101,0.105085,0.134712,4.337898
head_on,context_int,SEESM w/o Feasibility-Preserving Update,2,0.200,-2.065288,0.000000,0.726101,0.000000,0.000000,1.900000,0.080000,-0.500000,0.000000,unknown,walking,unknown,2.745923,1.000000,0.000000,3.966095,3.366095,0.307241,0.307241,0.307241,0.307241,1.225740,1.532981,0.010452,3.366095,2.140355,1.833114,1.833114,0.000000,horizon_mpc_secbf,4,1.338993,true,osqp,optimal,50,3.153916,0,0.597775,accept,false,0.750000,-0.000000,0.735590,0.000000,,,0.735590,0.009489,0.208271,4.265288
head_on,context_int,SEESM w/o Feasibility-Preserving Update,3,0.300,-1.991729,0.000000,0.735590,0.000000,0.000000,1.850000,0.080000,-0.500000,0.000000,unknown,walking,unknown,2.624871,1.000000,0.000000,3.842562,3.242562,0.310691,0.310691,0.310691,0.310691,1.235195,1.545886,0.003450,3.242562,2.007367,1.696676,1.696676,0.000000,horizon_mpc_secbf,4,1.202563,true,osqp,optimal,50,3.208841,0,0.461352,accept,false,0.750000,-0.000000,0.735591,0.000000,,,0.735591,0.000001,0.281830,4.191729
head_on,context_int,SEESM w/o Feasibility-Preserving Update,4,0.400,-1.918170,0.000000,0.735591,0.000000,0.000000,1.800000,0.080000,-0.500000,0.000000,unknown,walking,unknown,2.524906,1.000000,0.000000,3.719031,3.119031,0.313540,0.313540,0.313540,0.313540,1.235163,1.548703,0.002849,3.119031,1.883867,1.570327,1.570327,0.000000,horizon_mpc_secbf,4,1.076223,true,osqp,optimal,50,3.258216,0,0.335022,accept,false,0.750000,-0.000000,0.735591,0.000000,,,0.735591,0.000000,0.355389,4.118170
head_on,context_int,SEESM w/o Feasibility-Preserving Update,5,0.500,-1.844611,0.000000,0.735591,0.000000,0.000000,1.750000,0.080000,-0.500000,0.000000,unknown,walking,unknown,2.424946,1.000000,0.000000,3.595501,2.995501,0.316389,0.316389,0.316389,0.316389,1.235125,1.551514,0.002849,2.995501,1.760376,1.443987,1.443987,0.000000,horizon_mpc_secbf,4,0.949893,true,osqp,optimal,50,3.295924,0,0.208701,accept,false,0.750000,-0.000000,0.735591,0.000000,,,0.735591,0.000000,0.428948,4.044611
head_on,context_int,SEESM w/o Feasibility-Preserving Update,6,0.600,-1.771052,0.000000,0.735591,0.000000,0.000000,1.700000,0.080000,-0.500000,0.000000,unknown,walking,unknown,2.324989,1.000000,0.000000,3.471974,2.871974,0.319238,0.319238,0.319238,0.319238,1.235082,1.554320,0.002849,2.871974,1.636891,1.317654,1.317654,0.000000,horizon_mpc_secbf,4,0.823571,true,osqp,optimal,50,3.264821,0,0.082390,accept,false,0.750000,-0.000000,0.735591,0.000000,,,0.735591,0.000000,0.502507,3.971052
head_on,context_int,SEESM w/o Feasibility-Preserving Update,7,0.700,-1.697493,0.000000,0.735591,0.000000,0.000000,1.650000,0.080000,-0.500000,0.000000,unknown,walking,unknown,2.225034,1.000000,0.000000,3.348448,2.748448,0.322087,0.322087,0.322087,0.322087,1.235032,1.557119,0.002849,2.748448,1.513416,1.191329,1.191329,0.000000,horizon_mpc_secbf,4,0.697259,true,osqp,optimal,50,3.291495,0,-0.043909,accept,false,0.750000,-0.000000,0.735591,0.000000,,,0.735591,0.000000,0.576066,3.897493
head_on,context_int,SEESM w/o Feasibility-Preserving Update,8,0.800,-1.623934,0.000000,0.735591,0.000000,0.000000,1.600000,0.080000,-0.500000,0.000000,unknown,walking,unknown,2.125083,1.000000,0.000000,3.224926,2.624926,0.324935,0.324935,0.324935,0.324935,1.234975,1.559910,0.002849,2.624926,1.389951,1.065016,1.065016,0.000000,horizon_mpc_secbf,4,0.570960,true,osqp,optimal,50,3.293608,0,-0.170195,accept,false,0.750000,-0.000000,0.735591,0.000000,,,0.735591,0.000000,0.649626,3.823934
head_on,context_int,SEESM w/o Feasibility-Preserving Update,9,0.900,-1.550374,0.000000,0.735591,0.000000,0.000000,1.550000,0.080000,-0.500000,0.000000,unknown,walking,unknown,2.025135,1.000000,0.000000,3.101406,2.501406,0.327784,0.327784,0.327784,0.327784,1.234908,1.562692,0.002849,2.501406,1.266498,0.938715,0.938715,0.000000,horizon_mpc_secbf,4,0.444674,true,osqp,optimal,50,3.121986,0,-0.296466,accept,false,0.750000,-0.000000,0.735591,0.000000,,,0.735591,0.000000,0.723185,3.750374
head_on,context_int,SEESM w/o Feasibility-Preserving Update,10,1.000,-1.476815,0.000000,0.735591,0.000000,0.000000,1.500000,0.080000,-0.500000,0.000000,unknown,walking,unknown,1.925190,1.000000,0.000000,2.977890,2.377890,0.330632,0.330632,0.330632,0.330632,1.234829,1.565461,0.002848,2.377890,1.143061,0.812429,0.812429,0.000000,horizon_mpc_secbf,4,0.318407,true,osqp,optimal,50,3.135841,0,-0.422717,accept,false,0.750000,-0.000000,0.735591,0.000000,,,0.735591,0.000000,0.796744,3.676815
head_on,context_int,SEESM w/o Feasibility-Preserving Update,11,1.100,-1.403256,0.000000,0.735591,0.000000,0.000000,1.450000,0.080000,-0.500000,0.000000,child,approaching,distracted,1.825250,1.000000,0.000000,2.854377,2.254377,0.572330,0.572330,0.572330,0.572330,1.234736,1.807065,0.241698,2.254377,1.019642,0.447312,0.447312,0.000137,horizon_mpc_secbf,4,-0.000137,true,osqp,optimal,50,2.961657,0,-0.685983,accept,false,0.750000,-0.000000,0.633986,-0.003860,,,0.633998,0.101679,0.860144,3.603256
head_on,context_int,SEESM w/o Feasibility-Preserving Update,12,1.200,-1.339858,-0.000386,0.633986,-0.003860,-0.006088,1.400000,0.080000,-0.500000,0.000000,child,approaching,distracted,1.889064,1.000000,0.000000,2.741037,2.141037,0.568740,0.568740,0.568740,0.568740,1.132957,1.701697,0.000000,2.141037,1.008080,0.439340,0.439340,0.000153,horizon_mpc_secbf,4,-0.000153,true,osqp,optimal,50,3.203494,0,-0.663724,accept,false,0.750000,0.000082,0.603841,-0.005124,,,0.603863,0.030172,0.920530,3.539858
head_on,context_int,SEESM w/o Feasibility-Preserving Update,13,1.300,-1.279473,-0.000898,0.603841,-0.005124,-0.008485,1.350000,0.080000,-0.500000,0.000000,child,approaching,distracted,1.840817,1.000000,0.000000,2.630718,2.030718,0.571454,0.571454,0.571454,0.571454,1.102662,1.674116,0.002714,2.030718,0.928056,0.356602,0.356602,0.000368,horizon_mpc_secbf,4,-0.000368,true,osqp,optimal,50,2.495029,0,-0.562207,accept,false,0.750000,0.000194,0.419990,-0.012292,,,0.420170,0.183990,0.962547,3.479474
head_on,context_int,SEESM w/o Feasibility-Preserving Update,14,1.400,-1.237474,-0.002128,0.419990,-0.012292,-0.029259,1.300000,0.080000,-0.500000,0.000000,child,approaching,distracted,2.109433,1.000000,0.000000,2.538803,1.938803,0.556344,0.556344,0.556344,0.556344,0.918565,1.474910,0.000000,1.938803,1.020238,0.463893,0.463893,0.000076,horizon_mpc_secbf,4,-0.000076,true,osqp,optimal,50,2.165180,0,-0.665669,accept,false,0.750000,0.000464,0.630368,-0.004259,,,0.630383,0.210531,1.025585,3.437475
head_on,context_int,SEESM w/o Feasibility-Preserving Update,15,1.500,-1.174438,-0.002553,0.630368,-0.004259,-0.006756,1.250000,0.080000,-0.500000,0.000000,child,approaching,distracted,1.616407,1.000000,0.000000,2.425843,1.825843,0.584077,0.584077,0.584077,0.584077,1.128865,1.712942,0.027733,1.825843,0.696978,0.112901,0.112901,0.074654,horizon_mpc_secbf,4,-0.057037,true,osqp,optimal,3025,8.406397,0,-0.287677,accept,false,0.750000,0.000568,0.000555,-0.735589,,,0.735589,0.965147,1.099144,3.374439
head_on,context_int,SEESM w/o Feasibility-Preserving Update,16,1.600,-1.174382,-0.076112,0.000555,-0.735589,-1.570042,1.200000,0.080000,-0.500000,0.000000,child,approaching,distracted,3.943799,1.000000,0.000000,2.379509,1.779509,0.453161,0.453161,0.453161,0.453161,0.304332,0.757493,0.000000,1.779509,1.475177,1.022016,1.022016,0.000000,horizon_mpc_secbf,4,0.542252,true,osqp,optimal,50,3.300440,0,-0.089168,accept,false,0.749809,0.016913,0.620959,-0.112197,,,0.631014,0.879500,1.162245,3.375240
head_on,context_int,SEESM w/o Feasibility-Preserving Update,17,1.700,-1.112286,-0.087332,0.620959,-0.112197,-0.178754,1.150000,0.080000,-0.500000,0.000000,child,approaching,distracted,1.503625,1.000000,0.000000,2.268466,1.668466,0.590421,0.590421,0.590421,0.590421,1.093407,1.683828,0.137260,1.668466,0.575059,-0.015362,-0.015362,0.195940,horizon_mpc_secbf,4,-0.178090,true,osqp,optimal,1125,5.088598,0,-0.283138,accept,false,0.749739,0.019768,0.019390,-0.735589,,,0.735845,0.866316,1.235830,3.313437
head_on,context_int,SEESM w/o Feasibility-Preserving Update,18,1.800,-1.110347,-0.160891,0.019390,-0.735589,-1.544442,1.100000,0.080000,-0.500000,0.000000,child,approaching,distracted,3.718033,1.000000,0.000000,2.223435,1.623435,0.465861,0.465861,0.465861,0.465861,0.270783,0.736644,0.000000,1.623435,1.352651,0.886791,0.886791,0.000000,horizon_mpc_secbf,4,0.408819,true,osqp,optimal,50,3.063237,0,-0.219814,accept,false,0.749116,0.036409,0.623633,-0.096129,,,0.630999,0.879783,1.298930,3.314255
head_on,context_int,SEESM w/o Feasibility-Preserving Update,19,1.900,-1.047984,-0.170504,0.623633,-0.096129,-0.152940,1.050000,0.080000,-0.500000,0.000000,child,approaching,distracted,1.369982,1.000000,0.000000,2.112886,1.512886,0.597939,0.597939,0.597939,0.597939,1.078713,1.676652,0.132078,1.512886,0.434173,-0.163766,-0.163766,0.333843,horizon_mpc_secbf,4,-0.316881,true,osqp,optimal,1075,4.828670,0,-0.277518,accept,false,0.748969,0.039317,0.038606,-0.735590,,,0.736602,0.866699,1.372590,3.252456
head_on,context_int,SEESM w/o Feasibility-Preserving Update,20,2.000,-1.044123,-0.244063,0.038606,-0.735590,-1.518362,1.000000,0.080000,-0.500000,0.000000,child,approaching,distracted,3.526164,1.000000,0.000000,2.069651,1.469651,0.476653,0.476653,0.476653,0.476653,0.228606,0.705259,0.000000,1.469651,1.241045,0.764392,0.764392,0.000000,horizon_mpc_secbf,4,0.290469,true,osqp,optimal,50,3.405782,0,-0.335071,accept,false,0.747887,0.056265,0.625944,-0.080426,,,0.631090,0.879890,1.435699,3.253291
head_on,context_int,SEESM w/o Feasibility-Preserving Update,21,2.100,-0.981529,-0.252105,0.625944,-0.080426,-0.127787,0.950000,0.080000,-0.500000,0.000000,child,approaching,distracted,1.240722,1.000000,0.000000,1.959872,1.359872,0.605209,0.605209,0.605209,0.605209,1.054804,1.660013,0.128556,1.359872,0.305068,-0.300141,-0.300141,0.455385,horizon_mpc_secbf,4,-0.440586,true,osqp,optimal,2175,7.277701,0,-0.270307,accept,false,0.747656,0.059245,0.058273,-0.735591,,,0.737896,0.866887,1.509489,3.191502
head_on,context_int,SEESM w/o Feasibility-Preserving Update,22,2.200,-0.975702,-0.325664,0.058273,-0.735591,-1.491743,0.900000,0.080000,-0.500000,0.000000,child,approaching,distracted,3.380809,1.000000,0.000000,1.919067,1.319067,0.484829,0.484829,0.484829,0.484829,0.176058,0.660887,0.000000,1.319067,1.143010,0.658180,0.658180,0.000000,horizon_mpc_secbf,4,0.192012,true,osqp,optimal,50,3.068520,0,-0.429886,accept,false,0.746087,0.076510,0.628275,-0.069600,,,0.632119,0.876611,1.572700,3.192356
head_on,context_int,SEESM w/o Feasibility-Preserving Update,23,2.300,-0.912874,-0.332624,0.628275,-0.069600,-0.110329,0.850000,0.080000,-0.500000,0.000000,child,approaching,distracted,1.118035,1.000000,0.000000,1.810520,1.210520,0.612111,0.612111,0.612111,0.612111,1.013491,1.625601,0.127281,1.210520,0.197029,-0.415081,-0.415081,0.550272,horizon_mpc_secbf,4,-0.538902,true,osqp,optimal,1700,6.324408,0,-0.260524,accept,false,0.745755,0.079687,0.078585,-0.735592,,,0.739778,0.863542,1.646678,3.130595
head_on,context_int,SEESM w/o Feasibility-Preserving Update,24,2.400,-0.905016,-0.406184,0.078585,-0.735592,-1.464368,0.800000,0.080000,-0.500000,0.000000,child,approaching,distracted,3.307025,1.000000,0.000000,1.772978,1.172978,0.488980,0.488980,0.488980,0.488980,0.111177,0.600157,0.000000,1.172978,1.061801,0.572821,0.572821,0.000000,horizon_mpc_secbf,4,0.119973,true,osqp,optimal,50,3.298076,0,-0.493333,accept,false,0.743664,0.097283,0.633007,-0.085415,,,0.638744,0.854468,1.710553,3.131470
head_on,context_int,SEESM w/o Feasibility-Preserving Update,25,2.500,-0.841715,-0.414725,0.633007,-0.085415,-0.134124,0.750000,0.080000,-0.500000,0.000000,child,approaching,distracted,1.009679,1.000000,0.000000,1.666826,1.066826,0.618206,0.618206,0.618206,0.618206,0.927249,1.545454,0.129226,1.066826,0.139577,-0.478628,-0.478628,0.587892,horizon_mpc_secbf,4,-0.580443,true,osqp,optimal,1350,5.727825,0,-0.245668,accept,false,0.743124,0.101322,0.100309,-0.735585,,,0.742393,0.840529,1.784792,3.069858
head_on,context_int,SEESM w/o Feasibility-Preserving Update,26,2.600,-0.831684,-0.488284,0.100309,-0.735585,-1.435266,0.700000,0.080000,-0.500000,0.000000,child,approaching,distracted,3.367700,1.000000,0.000000,1.633708,1.033708,0.485567,0.485567,0.485567,0.485567,0.031356,0.516923,0.000000,1.033708,1.002352,0.516785,0.516785,0.000000,horizon_mpc_secbf,4,0.084357,true,osqp,optimal,50,3.335545,0,-0.515480,accept,false,0.740458,0.119258,0.637458,-0.098201,,,0.644978,0.833539,1.849290,3.070754
head_on,context_int,SEESM w/o Feasibility-Preserving Update,27,2.700,-0.767938,-0.498104,0.637458,-0.098201,-0.152849,0.650000,0.080000,-0.500000,0.000000,child,approaching,distracted,0.916407,1.000000,0.000000,1.531258,0.931258,0.623452,0.623452,0.623452,0.623452,0.799099,1.422552,0.137885,0.931258,0.132159,-0.491293,-0.491293,0.567916,horizon_mpc_secbf,4,-0.564299,true,osqp,optimal,1375,5.749636,0,-0.222979,accept,false,0.739656,0.124135,0.123450,-0.735587,,,0.745874,0.818819,1.923877,3.009446
head_on,context_int,SEESM w/o Feasibility-Preserving Update,28,2.800,-0.755593,-0.571662,0.123450,-0.735587,-1.404520,0.600000,0.080000,-0.500000,0.000000,child,approaching,distracted,3.717536,1.000000,0.000000,1.504093,0.904093,0.465889,0.465889,0.465889,0.465889,0.000000,0.465889,0.000000,0.904093,0.968596,0.502707,0.438205,0.000000,horizon_mpc_secbf,4,0.035618,true,osqp,optimal,50,3.415306,0,-0.544459,accept,false,0.736353,0.142423,0.641782,-0.107072,,,0.650653,0.814677,1.988942,3.010370
head_on,context_int,SEESM w/o Feasibility-Preserving Update,29,2.900,-0.691415,-0.582370,0.641782,-0.107072,-0.165313,0.550000,0.080000,-0.500000,0.000000,child,approaching,distracted,0.843371,1.000000,0.000000,1.407069,0.807069,0.627560,0.627560,0.627560,0.627560,0.631204,1.258764,0.161672,0.807069,0.175866,-0.451695,-0.451695,0.490521,horizon_mpc_secbf,4,-0.489224,true,osqp,optimal,3525,10.001852,0,-0.186938,accept,false,0.735235,0.148086,0.148003,-0.734898,,,0.749653,0.798738,2.063908,2.949480
head_on,context_int,SEESM w/o Feasibility-Preserving Update,30,3.000,-0.676615,-0.655859,0.148003,-0.734898,-1.372062,0.500000,0.080000,-0.500000,0.000000,child,approaching,distracted,4.931908,1.000000,0.000000,1.387772,0.787772,0.450000,0.450000,0.450000,0.450000,0.000000,0.450000,0.000000,0.787772,0.962868,0.512868,0.337772,0.000065,horizon_mpc_secbf,4,-0.000065,true,osqp,optimal,50,3.322368,0,-0.523142,accept,false,0.731235,0.166719,0.609925,-0.150994,,,0.628337,0.744524,2.126741,2.950434
head_on,context_int,SEESM w/o Feasibility-Preserving Update,31,3.100,-0.615622,-0.670959,0.609925,-0.150994,-0.242683,0.450000,0.080000,-0.500000,0.000000,child,approaching,distracted,0.857797,1.000000,0.000000,1.303645,0.703645,0.626749,0.626749,0.626749,0.626749,0.400604,1.027353,0.176749,0.703645,0.303040,-0.323709,-0.323709,0.335547,horizon_mpc_secbf,4,-0.335249,true,osqp,optimal,1750,6.383707,0,-0.120600,accept,false,0.729571,0.173856,0.172696,-0.724656,,,0.744950,0.721289,2.201236,2.894463
head_on,context_int,SEESM w/o Feasibility-Preserving Update,32,3.200,-0.598353,-0.743424,0.172696,-0.724656,-1.336846,0.400000,0.080000,-0.500000,0.000000,child,approaching,distracted,11.994832,1.000000,0.000000,1.294116,0.694116,0.450000,0.450000,0.450000,0.450000,0.000000,0.450000,0.000000,0.694116,0.981963,0.531963,0.244116,0.000170,horizon_mpc_secbf,4,-0.000167,true,osqp,optimal,50,3.399649,0,-0.443419,accept,false,0.724857,0.192569,0.577992,-0.226186,,,0.620673,0.642447,2.263304,2.895420
head_on,context_int,SEESM w/o Feasibility-Preserving Update,33,3.300,-0.540553,-0.766043,0.577992,-0.226186,-0.373010,0.350000,0.080000,-0.500000,0.000000,child,approaching,distracted,1.004177,1.000000,0.000000,1.228362,0.628362,0.618515,0.618515,0.618515,0.618515,0.139874,0.758389,0.168515,0.628362,0.488489,-0.130026,-0.130026,0.127558,horizon_mpc_secbf,4,-0.127527,true,osqp,optimal,1800,5.921649,0,-0.018095,accept,false,0.722313,0.201902,0.199462,-0.713573,,,0.740926,0.617115,2.337396,2.845603
head_on,context_int,SEESM w/o Feasibility-Preserving Update,34,3.400,-0.520607,-0.837400,0.199462,-0.713573,-1.298227,0.300000,0.080000,-0.500000,0.000000,child,approaching,distracted,,0.000000,0.000000,1.230861,0.630861,0.225000,0.225000,0.225000,0.225000,0.000000,0.225000,0.000000,0.630861,0.630861,0.405861,0.405861,0.000000,horizon_mpc_secbf,4,0.162203,true,osqp,optimal,50,3.339241,0,-0.296160,accept,false,0.716813,0.220634,0.654333,-0.090652,,,0.660583,0.771323,2.403454,2.846567
head_on,context_int,SEESM w/o Feasibility-Preserving Update,35,3.500,-0.455174,-0.846465,0.654333,-0.090652,-0.137664,0.250000,0.080000,-0.500000,0.000000,child,approaching,distracted,0.900010,1.000000,0.000000,1.164306,0.564306,0.624374,0.624374,0.624374,0.624374,0.052428,0.676803,0.399374,0.564306,0.511877,-0.112497,-0.112497,0.096144,horizon_mpc_secbf,4,-0.096133,true,osqp,optimal,1050,5.101343,0,0.104669,accept,false,0.714567,0.227803,0.224217,-0.703324,,,0.738199,0.748577,2.477274,2.786835
head_on,context_int,SEESM w/o Feasibility-Preserving Update,36,3.600,-0.432752,-0.916798,0.224217,-0.703324,-1.262186,0.200000,0.080000,-0.500000,0.000000,child,approaching,distracted,,0.000000,0.000000,1.180670,0.580670,0.225000,0.225000,0.225000,0.225000,0.000000,0.225000,0.000000,0.580670,0.580670,0.355670,0.355670,0.000000,horizon_mpc_secbf,4,0.184220,true,osqp,optimal,50,3.255183,0,-0.202628,accept,false,0.708284,0.246644,0.657637,-0.073568,,,0.661739,0.764491,2.543448,2.787813
head_on,context_int,SEESM w/o Feasibility-Preserving Update,37,3.700,-0.366988,-0.924155,0.657637,-0.073568,-0.111403,0.150000,0.080000,-0.500000,0.000000,child,approaching,distracted,1.139791,1.000000,0.000000,1.129426,0.529426,0.610887,0.610887,0.610887,0.610887,0.000000,0.610887,0.385887,0.529426,0.653761,0.042874,-0.081461,0.050145,horizon_mpc_secbf,4,-0.049990,true,osqp,optimal,575,3.985140,0,0.241654,accept,false,0.705662,0.254049,0.249444,-0.692875,,,0.736409,0.741730,2.617089,2.728276
head_on,context_int,SEESM w/o Feasibility-Preserving Update,38,3.800,-0.342044,-0.993442,0.249444,-0.692875,-1.225229,0.100000,0.080000,-0.500000,0.000000,child,approaching,distracted,,0.000000,0.000000,1.160897,0.560897,0.225000,0.225000,0.225000,0.225000,0.000000,0.225000,0.000000,0.560897,0.560897,0.335897,0.335897,0.000000,horizon_mpc_secbf,4,0.237743,true,osqp,optimal,50,3.059268,0,-0.060732,accept,false,0.698551,0.272997,0.659852,-0.048685,,,0.661646,0.763816,2.683254,2.729270
head_on,context_int,SEESM w/o Feasibility-Preserving Update,39,3.900,-0.276059,-0.998311,0.659852,-0.048685,-0.073649,0.050000,0.080000,-0.500000,0.000000,child,approaching,distracted,1.821257,1.000000,0.000000,1.126529,0.526529,0.572554,0.572554,0.572554,0.572554,0.000000,0.572554,0.347554,0.526529,0.801903,0.229349,-0.046025,0.001624,horizon_mpc_secbf,4,-0.001262,true,osqp,optimal,250,3.501007,0,0.363418,accept,false,0.695591,0.280452,0.305542,-0.669635,,,0.736048,0.714923,2.756859,2.669736
head_on,context_int,SEESM w/o Feasibility-Preserving Update,40,4.000,-0.245505,-1.065274,0.305542,-0.669635,-1.142731,0.000000,0.080000,-0.500000,0.000000,child,approaching,distracted,,0.000000,0.000000,1.171292,0.571292,0.225000,0.225000,0.225000,0.225000,0.000000,0.225000,0.000000,0.571292,0.571292,0.346292,0.346292,0.000000,horizon_mpc_secbf,4,0.308316,true,osqp,optimal,50,3.311086,0,0.116074,accept,false,0.687596,0.299520,0.665424,-0.014375,,,0.665579,0.747583,2.823417,2.667452
head_on,context_int,SEESM w/o Feasibility-Preserving Update,41,4.100,-0.178962,-1.066712,0.665424,-0.014375,-0.021600,-0.050000,0.080000,-0.500000,0.000000,child,approaching,distracted,4.776990,1.000000,0.000000,1.153941,0.553941,0.450000,0.450000,0.450000,0.450000,0.000000,0.450000,0.225000,0.553941,0.956398,0.506398,0.103941,0.000000,horizon_mpc_secbf,4,0.080509,true,osqp,optimal,50,3.122168,0,-0.136175,accept,false,0.684352,0.306859,0.726001,0.103750,,,0.733377,0.132753,2.896754,2.607170
head_on,context_int,SEESM w/o Feasibility-Preserving Update,42,4.200,-0.106362,-1.056337,0.726001,0.103750,0.141945,-0.100000,0.080000,-0.500000,0.000000,child,approaching,distracted,4.848942,1.000000,0.000000,1.136354,0.536354,0.450000,0.450000,0.450000,0.450000,0.000000,0.450000,0.000000,0.536354,0.998047,0.548047,0.086354,0.000000,horizon_mpc_secbf,4,0.079600,true,osqp,optimal,50,3.034532,0,-0.048890,accept,false,0.681882,0.312309,0.735560,0.128329,,,0.746671,0.026372,2.971421,2.536760
head_on,context_int,SEESM w/o Feasibility-Preserving Update,43,4.300,-0.032806,-1.043504,0.735560,0.128329,0.172725,-0.150000,0.080000,-0.500000,0.000000,child,approaching,distracted,,0.000000,0.000000,1.129600,0.529600,0.225000,0.225000,0.225000,0.225000,0.000000,0.225000,0.000000,0.529600,0.529600,0.304600,0.304600,0.000000,horizon_mpc_secbf,4,0.310413,true,osqp,optimal,50,3.024220,0,0.294449,accept,false,0.679459,0.317546,0.735589,0.139091,,,0.748624,0.010763,3.046284,2.464614
head_on,context_int,SEESM w/o Feasibility-Preserving Update,44,4.400,0.040753,-1.029595,0.735589,0.139091,0.186882,-0.200000,0.080000,-0.500000,0.000000,child,approaching,distracted,,0.000000,0.000000,1.135413,0.535413,0.225000,0.225000,0.225000,0.225000,0.000000,0.225000,0.000000,0.535413,0.535413,0.310413,0.310413,0.000000,horizon_mpc_secbf,4,0.328585,true,osqp,optimal,50,3.112806,0,0.425535,accept,false,0.676977,0.322803,0.734079,0.149962,,,0.749240,0.010975,3.121208,2.392157
head_on,context_int,SEESM w/o Feasibility-Preserving Update,45,4.500,0.114161,-1.014599,0.734079,0.149962,0.201513,-0.250000,0.080000,-0.500000,0.000000,child,approaching,distracted,,0.000000,0.000000,1.153585,0.553585,0.225000,0.225000,0.225000,0.225000,0.000000,0.225000,0.000000,0.553585,0.553585,0.328585,0.328585,0.000000,horizon_mpc_secbf,4,0.358232,true,osqp,optimal,50,3.481766,0,0.562262,accept,false,0.674443,0.328064,0.728862,0.162559,,,0.746770,0.013635,3.195885,2.319512
head_on,context_int,SEESM w/o Feasibility-Preserving Update,46,4.600,0.187047,-0.998343,0.728862,0.162559,0.219440,-0.300000,0.080000,-0.500000,0.000000,child,approaching,distracted,,0.000000,0.000000,1.183232,0.583232,0.225000,0.225000,0.225000,0.225000,0.000000,0.225000,0.000000,0.583232,0.583232,0.358232,0.358232,0.000000,horizon_mpc_secbf,4,0.398133,true,osqp,optimal,50,3.366138,0,0.699478,accept,false,0.671903,0.333236,0.722570,0.177750,,,0.744112,0.016442,3.270296,2.246924
head_on,context_int,SEESM w/o Feasibility-Preserving Update,47,4.700,0.259304,-0.980568,0.722570,0.177750,0.241208,-0.350000,0.080000,-0.500000,0.000000,child,approaching,distracted,,0.000000,0.000000,1.223133,0.623133,0.225000,0.225000,0.225000,0.225000,0.000000,0.225000,0.000000,0.623133,0.623133,0.398133,0.398133,0.000000,horizon_mpc_secbf,4,0.446970,true,osqp,optimal,50,3.281702,0,0.834315,accept,false,0.669404,0.338227,0.715348,0.195186,,,0.741498,0.018872,3.344446,2.174354
head_on,context_int,SEESM w/o Feasibility-Preserving Update,48,4.800,0.330839,-0.961049,0.715348,0.195186,0.266371,-0.400000,0.080000,-0.500000,0.000000,child,approaching,distracted,,0.000000,0.000000,1.271970,0.671970,0.225000,0.225000,0.225000,0.225000,0.000000,0.225000,0.000000,0.671970,0.671970,0.446970,0.446970,0.000000,horizon_mpc_secbf,4,0.503444,true,osqp,optimal,50,3.298049,0,0.965137,accept,false,0.667000,0.342945,0.707354,0.214484,,,0.739157,0.020888,3.418361,2.101756
head_on,context_int,SEESM w/o Feasibility-Preserving Update,49,4.900,0.401574,-0.939601,0.707354,0.214484,0.294409,-0.450000,0.080000,-0.500000,0.000000,child,approaching,distracted,,0.000000,0.000000,1.328444,0.728444,0.225000,0.225000,0.225000,0.225000,0.000000,0.225000,0.000000,0.728444,0.728444,0.503444,0.503444,0.000000,horizon_mpc_secbf,4,0.566358,true,osqp,optimal,50,3.344723,0,1.091312,accept,false,0.664743,0.347300,0.698748,0.235262,,,0.737290,0.022490,3.492090,2.029085
head_on,context_int,SEESM w/o Feasibility-Preserving Update,50,5.000,0.471449,-0.916074,0.698748,0.235262,0.324769,-0.500000,0.080000,-0.500000,0.000000,child,approaching,distracted,,0.000000,0.000000,1.391358,0.791358,0.225000,0.225000,0.225000,0.225000,0.000000,0.225000,0.000000,0.791358,0.791358,0.566358,0.566358,0.000000,horizon_mpc_secbf,4,0.634660,true,osqp,optimal,50,3.442524,0,1.212902,accept,false,0.662689,0.351203,0.689681,0.257150,,,0.736062,0.023692,3.565697,1.956293
head_on,context_int,SEESM w/o Feasibility-Preserving Update,51,5.100,0.540417,-0.890359,0.689681,0.257150,0.356888,-0.550000,0.080000,-0.500000,0.000000,child,approaching,distracted,,0.000000,0.000000,1.459660,0.859660,0.225000,0.225000,0.225000,0.225000,0.000000,0.225000,0.000000,0.859660,0.859660,0.634660,0.634660,0.000000,horizon_mpc_secbf,4,0.707456,true,osqp,optimal,50,3.302850,0,1.330378,accept,false,0.660895,0.354567,0.680299,0.279800,,,0.735592,0.024516,3.639256,1.883336
head_on,context_int,SEESM w/o Feasibility-Preserving Update,52,5.200,0.608447,-0.862379,0.680299,0.279800,0.390201,-0.600000,0.080000,-0.500000,0.000000,child,approaching,distracted,,0.000000,0.000000,1.532456,0.932456,0.225000,0.225000,0.225000,0.225000,0.000000,0.225000,0.000000,0.932456,0.932456,0.707456,0.707456,0.000000,horizon_mpc_secbf,4,0.784016,true,osqp,optimal,50,3.284354,0,1.444458,accept,false,0.659419,0.357305,0.670761,0.302829,,,0.735952,0.024926,3.712851,1.810177
head_on,context_int,SEESM w/o Feasibility-Preserving Update,53,5.300,0.675523,-0.832096,0.670761,0.302829,0.424076,-0.650000,0.080000,-0.500000,0.000000,child,approaching,distracted,,0.000000,0.000000,1.609016,1.009016,0.225000,0.225000,0.225000,0.225000,0.000000,0.225000,0.000000,1.009016,1.009016,0.784016,0.784016,0.000000,horizon_mpc_secbf,4,0.863770,true,osqp,optimal,50,3.341257,0,1.556117,accept,false,0.658319,0.359327,0.661310,0.325646,,,0.737140,0.024697,3.786565,1.736783
head_on,context_int,SEESM w/o Feasibility-Preserving Update,54,5.400,0.741654,-0.799532,0.661310,0.325646,0.457570,-0.700000,0.080000,-0.500000,0.000000,child,approaching,distracted,,0.000000,0.000000,1.688770,1.088770,0.225000,0.225000,0.225000,0.225000,0.000000,0.225000,0.000000,1.088770,1.088770,0.863770,0.863770,0.000000,horizon_mpc_secbf,4,0.946404,true,osqp,optimal,50,3.499988,0,1.667443,accept,false,0.657649,0.360553,0.652734,0.346349,,,0.738931,0.022409,3.860458,1.663137
head_on,context_int,SEESM w/o Feasibility-Preserving Update,55,5.500,0.806927,-0.764897,0.652734,0.346349,0.487837,-0.750000,0.080000,-0.500000,0.000000,child,approaching,distracted,,0.000000,0.000000,1.771404,1.171404,0.225000,0.225000,0.225000,0.225000,0.000000,0.225000,0.000000,1.171404,1.171404,0.946404,0.946404,0.000000,horizon_mpc_secbf,4,1.032441,true,osqp,optimal,50,3.388408,0,1.786831,accept,false,0.657419,0.360970,0.649020,0.355316,,,0.739916,0.009705,3.934450,1.589251
head_on,context_int,SEESM w/o Feasibility-Preserving Update,56,5.600,0.871829,-0.729365,0.649020,0.355316,0.500895,-0.800000,0.080000,-0.500000,0.000000,child,approaching,distracted,,0.000000,0.000000,1.857441,1.257441,0.225000,0.225000,0.225000,0.225000,0.000000,0.225000,0.000000,1.257441,1.257441,1.032441,1.032441,0.000000,horizon_mpc_secbf,4,1.121985,true,osqp,optimal,50,3.323888,0,1.910543,accept,false,0.657398,0.361010,0.648368,0.356888,,,0.740102,0.001702,4.008460,1.515259
head_on,context_int,SEESM w/o Feasibility-Preserving Update,57,5.700,0.936666,-0.693677,0.648368,0.356888,0.503182,-0.850000,0.080000,-0.500000,0.000000,child,approaching,distracted,,0.000000,0.000000,1.946985,1.346985,0.225000,0.225000,0.225000,0.225000,0.000000,0.225000,0.000000,1.346985,1.346985,1.121985,1.121985,0.000000,horizon_mpc_secbf,4,1.214673,true,osqp,optimal,50,3.242643,0,2.033790,accept,false,0.657416,0.360977,0.648269,0.357129,,,0.740131,0.000261,4.082473,1.441249
head_on,context_int,SEESM w/o Feasibility-Preserving Update,58,5.800,1.001493,-0.657964,0.648269,0.357129,0.503532,-0.900000,0.080000,-0.500000,0.000000,child,approaching,distracted,,0.000000,0.000000,2.039673,1.439673,0.225000,0.225000,0.225000,0.225000,0.000000,0.225000,0.000000,1.439673,1.439673,1.214673,1.214673,0.000000,horizon_mpc_secbf,4,1.310112,true,osqp,optimal,50,3.254919,0,2.155941,accept,false,0.657443,0.360927,0.648269,0.357128,,,0.740130,0.000002,4.156486,1.367236
head_on,context_int,SEESM w/o Feasibility-Preserving Update,59,5.900,1.066320,-0.622251,0.648269,0.357128,0.503529,-0.950000,0.080000,-0.500000,0.000000,child,approaching,distracted,,0.000000,0.000000,2.135112,1.535112,0.225000,0.225000,0.225000,0.225000,0.000000,0.225000,0.000000,1.535112,1.535112,1.310112,1.310112,0.000000,horizon_mpc_secbf,4,1.407952,true,osqp,optimal,50,2.977555,0,2.277068,accept,false,0.657473,0.360872,0.648289,0.357079,,,0.740125,0.000052,4.230498,1.293223
head_on,context_int,SEESM w/o Feasibility-Preserving Update,60,6.000,1.131149,-0.586543,0.648289,0.357079,0.503459,-1.000000,0.080000,-0.500000,0.000000,child,approaching,distracted,,0.000000,0.000000,2.232952,1.632952,0.225000,0.225000,0.225000,0.225000,0.000000,0.225000,0.000000,1.632952,1.632952,1.407952,1.407952,0.000000,horizon_mpc_secbf,4,1.507893,true,osqp,optimal,50,2.307584,0,2.397341,accept,false,0.657506,0.360813,0.648314,0.357020,,,0.740118,0.000064,4.304510,1.219211
head_on,context_int,SEESM w/o Feasibility-Preserving Update,61,6.100,1.195980,-0.550841,0.648314,0.357020,0.503373,-1.050000,0.080000,-0.500000,0.000000,child,approaching,distracted,,0.000000,0.000000,2.332893,1.732893,0.225000,0.225000,0.225000,0.225000,0.000000,0.225000,0.000000,1.732893,1.732893,1.507893,1.507893,0.000000,horizon_mpc_secbf,4,1.609675,true,osqp,optimal,50,3.264965,0,2.516927,accept,false,0.657540,0.360750,0.648341,0.356955,,,0.740110,0.000070,4.378521,1.145199
head_on,context_int,SEESM w/o Feasibility-Preserving Update,62,6.200,1.260814,-0.515145,0.648341,0.356955,0.503279,-1.100000,0.080000,-0.500000,0.000000,child,approaching,distracted,,0.000000,0.000000,2.434675,1.834675,0.225000,0.225000,0.225000,0.225000,0.000000,0.225000,0.000000,1.834675,1.834675,1.609675,1.609675,0.000000,horizon_mpc_secbf,4,1.713078,true,osqp,optimal,50,3.276052,0,2.635967,accept,false,0.657577,0.360683,0.648369,0.356885,,,0.740101,0.000075,4.452531,1.071188
head_on,context_int,SEESM w/o Feasibility-Preserving Update,63,6.300,1.325651,-0.479457,0.648369,0.356885,0.503177,-1.150000,0.080000,-0.500000,0.000000,child,approaching,distracted,,0.000000,0.000000,2.538078,1.938078,0.225000,0.225000,0.225000,0.225000,0.000000,0.225000,0.000000,1.938078,1.938078,1.713078,1.713078,0.000000,horizon_mpc_secbf,4,1.817912,true,osqp,optimal,50,3.410449,0,2.754582,accept,false,0.657617,0.360610,0.648400,0.356811,,,0.740093,0.000081,4.526541,0.997178
head_on,context_int,SEESM w/o Feasibility-Preserving Update,64,6.400,1.390491,-0.443776,0.648400,0.356811,0.503069,-1.200000,0.080000,-0.500000,0.000000,child,approaching,distracted,,0.000000,0.000000,2.642912,2.042912,0.225000,0.225000,0.225000,0.225000,0.000000,0.225000,0.000000,2.042912,2.042912,1.817912,1.817912,0.000000,horizon_mpc_secbf,4,1.924014,true,osqp,optimal,50,3.441214,0,2.872871,accept,false,0.657660,0.360532,0.648434,0.356730,,,0.740083,0.000087,4.600549,0.923169
head_on,context_int,SEESM w/o Feasibility-Preserving Update,65,6.500,1.455335,-0.408103,0.648434,0.356730,0.502951,-1.250000,0.080000,-0.500000,0.000000,child,approaching,distracted,,0.000000,0.000000,2.749014,2.149014,0.225000,0.225000,0.225000,0.225000,0.000000,0.225000,0.000000,2.149014,2.149014,1.924014,1.924014,0.000000,horizon_mpc_secbf,4,2.031243,true,osqp,optimal,50,3.208369,0,2.990913,accept,false,0.657707,0.360447,0.648470,0.356642,,,0.740072,0.000095,4.674556,0.849161
head_on,context_int,SEESM w/o Feasibility-Preserving Update,66,6.600,1.520182,-0.372439,0.648470,0.356642,0.502823,-1.300000,0.080000,-0.500000,0.000000,child,approaching,distracted,,0.000000,0.000000,2.856243,2.256243,0.225000,0.225000,0.225000,0.225000,0.000000,0.225000,0.000000,2.256243,2.256243,2.031243,2.031243,0.000000,horizon_mpc_secbf,4,2.139477,true,osqp,optimal,50,3.108052,0,3.108775,accept,false,0.657758,0.360353,0.648510,0.356546,,,0.740061,0.000104,4.748562,0.775154
head_on,context_int,SEESM w/o Feasibility-Preserving Update,67,6.700,1.585033,-0.336784,0.648510,0.356546,0.502683,-1.350000,0.080000,-0.500000,0.000000,child,approaching,distracted,,0.000000,0.000000,2.964477,2.364477,0.225000,0.225000,0.225000,0.225000,0.000000,0.225000,0.000000,2.364477,2.364477,2.139477,2.139477,0.000000,horizon_mpc_secbf,4,2.248611,true,osqp,optimal,50,3.138316,0,3.226511,accept,false,0.657815,0.360249,0.648554,0.356439,,,0.740048,0.000115,4.822567,0.701148
head_on,context_int,SEESM w/o Feasibility-Preserving Update,68,6.800,1.649888,-0.301140,0.648554,0.356439,0.502529,-1.400000,0.080000,-0.500000,0.000000,child,approaching,distracted,,0.000000,0.000000,3.073611,2.473611,0.225000,0.225000,0.225000,0.225000,0.000000,0.225000,0.000000,2.473611,2.473611,2.248611,2.248611,0.000000,horizon_mpc_secbf,4,2.358553,true,osqp,optimal,50,3.371445,0,3.344164,accept,false,0.657878,0.360133,0.648604,0.356320,,,0.740034,0.000129,4.896571,0.627143
head_on,context_int,SEESM w/o Feasibility-Preserving Update,69,6.900,1.714749,-0.265508,0.648604,0.356320,0.502356,-1.450000,0.080000,-0.500000,0.000000,child,approaching,distracted,,0.000000,0.000000,3.183553,2.583553,0.225000,0.225000,0.225000,0.225000,0.000000,0.225000,0.000000,2.583553,2.583553,2.358553,2.358553,0.000000,horizon_mpc_secbf,4,2.469223,true,osqp,optimal,50,3.283329,0,3.461771,accept,false,0.657951,0.360001,0.648659,0.356186,,,0.740018,0.000146,4.970572,0.553140
head_on,context_int,SEESM w/o Feasibility-Preserving Update,70,7.000,1.779614,-0.229890,0.648659,0.356186,0.502160,-1.500000,0.080000,-0.500000,0.000000,child,approaching,distracted,,0.000000,0.000000,3.294223,2.694223,0.225000,0.225000,0.225000,0.225000,0.000000,0.225000,0.000000,2.694223,2.694223,2.469223,2.469223,0.000000,horizon_mpc_secbf,4,2.580551,true,osqp,optimal,50,3.066753,0,3.579361,accept,false,0.658034,0.359849,0.648724,0.356030,,,0.740000,0.000168,5.044572,0.479138
head_on,context_int,SEESM w/o Feasibility-Preserving Update,71,7.100,1.844487,-0.194287,0.648724,0.356030,0.501934,-1.550000,0.080000,-0.500000,0.000000,child,approaching,distracted,,0.000000,0.000000,3.405551,2.805551,0.225000,0.225000,0.225000,0.225000,0.000000,0.225000,0.000000,2.805551,2.805551,2.580551,2.580551,0.000000,horizon_mpc_secbf,4,2.692476,true,osqp,optimal,50,3.025475,0,3.696958,accept,false,0.658133,0.359667,0.648800,0.355846,,,0.739978,0.000199,5.118570,0.405138
head_on,context_int,SEESM w/o Feasibility-Preserving Update,72,7.200,1.909367,-0.158702,0.648800,0.355846,0.501666,-1.600000,0.080000,-0.500000,0.000000,child,approaching,distracted,,0.000000,0.000000,3.517476,2.917476,0.225000,0.225000,0.225000,0.225000,0.000000,0.225000,0.000000,2.917476,2.917476,2.692476,2.692476,0.000000,horizon_mpc_secbf,4,2.804945,true,osqp,optimal,50,2.985288,0,3.814587,accept,false,0.658255,0.359444,0.648893,0.355621,,,0.739952,0.000244,5.192565,0.331140
head_on,context_int,SEESM w/o Feasibility-Preserving Update,73,7.300,1.974256,-0.123140,0.648893,0.355621,0.501339,-1.650000,0.080000,-0.500000,0.000000,child,approaching,distracted,,0.000000,0.000000,3.629945,3.029945,0.225000,0.225000,0.225000,0.225000,0.000000,0.225000,0.000000,3.029945,3.029945,2.804945,2.804945,0.000000,horizon_mpc_secbf,4,2.917912,true,osqp,optimal,50,3.288901,0,3.932272,accept,false,0.658413,0.359155,0.649013,0.355331,,,0.739918,0.000314,5.266557,0.257145
head_on,context_int,SEESM w/o Feasibility-Preserving Update,74,7.400,2.039158,-0.087607,0.649013,0.355331,0.500918,-1.700000,0.080000,-0.500000,0.000000,child,approaching,distracted,,0.000000,0.000000,3.742912,3.142912,0.225000,0.225000,0.225000,0.225000,0.000000,0.225000,0.000000,3.142912,3.142912,2.917912,2.917912,0.000000,horizon_mpc_secbf,4,3.031339,true,osqp,optimal,50,3.236353,0,4.050048,accept,false,0.658638,0.358743,0.649182,0.354925,,,0.739871,0.000440,5.340544,0.183154
head_on,context_int,SEESM w/o Feasibility-Preserving Update,75,7.500,2.104076,-0.052114,0.649182,0.354925,0.500326,-1.750000,0.080000,-0.500000,0.000000,child,approaching,distracted,,0.000000,0.000000,3.856339,3.256339,0.225000,0.225000,0.225000,0.225000,0.000000,0.225000,0.000000,3.256339,3.256339,3.031339,3.031339,0.000000,horizon_mpc_secbf,4,3.145200,true,osqp,optimal,50,3.224341,0,4.167993,accept,false,0.659022,0.358037,0.649464,0.354243,,,0.739792,0.000738,5.414523,0.109167
head_on,context_int,SEESM w/o Feasibility-Preserving Update,76,7.600,2.169022,-0.016690,0.649464,0.354243,0.499335,-1.800000,0.080000,-0.500000,0.000000,child,approaching,distracted,,0.000000,0.000000,3.970200,3.370200,0.225000,0.225000,0.225000,0.225000,0.000000,0.225000,0.000000,3.370200,3.370200,3.145200,3.145200,0.000000,horizon_mpc_secbf,4,3.231555,true,osqp,optimal,25,3.085616,0,4.008155,accept,false,0.309779,0.166899,0.368060,0.199043,,,0.418433,0.321365,5.456367,0.035188
head_on,context_int,SEESM w/o Feasibility-Preserving Update,77,7.700,2.205828,0.003214,0.368060,0.199043,0.495744,-1.850000,0.080000,-0.500000,0.000000,child,approaching,distracted,,0.000000,0.000000,4.056555,3.456555,0.225000,0.225000,0.225000,0.225000,0.000000,0.225000,0.000000,3.456555,3.456555,3.231555,3.231555,0.000000,horizon_mpc_secbf,4,3.281576,true,osqp,optimal,25,3.249730,0,3.731763,accept,false,-0.058281,-0.032143,0.000288,-0.000519,,,0.000594,0.418427,5.456426,0.006656
head_on,context_int,SEESM w/o Feasibility-Preserving Update,78,7.800,2.205857,0.003162,0.000288,-0.000519,-1.065005,-1.900000,0.080000,-0.500000,0.000000,child,approaching,distracted,,0.000000,0.000000,4.106576,3.506576,0.225000,0.225000,0.225000,0.225000,0.000000,0.225000,0.000000,3.506576,3.506576,3.281576,3.281576,0.000000,horizon_mpc_secbf,4,3.326770,true,osqp,optimal,25,3.437124,0,3.733518,accept,false,-0.058569,-0.031624,-0.048470,-0.026287,,,0.055140,0.055148,5.461940,0.006656
head_on,context_int,SEESM w/o Feasibility-Preserving Update,79,7.900,2.201010,0.000534,-0.048470,-0.026287,-2.644654,-1.950000,0.080000,-0.500000,0.000000,child,approaching,distracted,,0.000000,0.000000,4.151770,3.551770,0.225000,0.225000,0.225000,0.225000,0.000000,0.225000,0.000000,3.551770,3.551770,3.326770,3.326770,0.000000,horizon_mpc_secbf,4,3.375110,true,osqp,optimal,25,3.166815,0,3.810171,accept,false,-0.010098,-0.005337,-0.016682,-0.008931,,,0.018922,0.036218,5.463832,0.001142
head_on,context_int,SEESM w/o Feasibility-Preserving Update,80,8.000,2.199342,-0.000359,-0.016682,-0.008931,-2.650037,-2.000000,0.080000,-0.500000,0.000000,child,approaching,distracted,,0.000000,0.000000,4.200110,3.600110,0.225000,0.225000,0.225000,0.225000,0.000000,0.225000,0.000000,3.600110,3.600110,3.375110,3.375110,0.000000,horizon_mpc_secbf,4,3.425358,true,osqp,optimal,25,3.227474,0,3.877583,accept,false,0.006584,0.003595,0.002592,0.001445,,,0.002968,0.021890,5.464129,0.000750
head_on,context_int,SEESM w/o Feasibility-Preserving Update,81,8.100,2.199601,-0.000215,0.002592,0.001445,0.508718,-2.050000,0.080000,-0.500000,0.000000,child,approaching,distracted,,0.000000,0.000000,4.250358,3.650358,0.225000,0.225000,0.225000,0.225000,0.000000,0.225000,0.000000,3.650358,3.650358,3.425358,3.425358,0.000000,horizon_mpc_secbf,4,3.475720,true,osqp,optimal,25,3.135369,0,3.928981,accept,false,0.003992,0.002149,0.003752,0.002028,,,0.004265,0.001298,5.464555,0.000453
head_on,context_int,SEESM w/o Feasibility-Preserving Update,82,8.200,2.199976,-0.000012,0.003752,0.002028,0.495653,-2.100000,0.080000,-0.500000,0.000000,child,approaching,distracted,,0.000000,0.000000,4.300720,3.700720,0.225000,0.225000,0.225000,0.225000,0.000000,0.225000,0.000000,3.700720,3.700720,3.475720,3.475720,0.000000,horizon_mpc_secbf,4,3.525795,true,osqp,optimal,25,3.359588,0,3.976468,accept,false,0.000240,0.000121,0.000843,0.000448,,,0.000954,0.003310,5.464651,0.000027
head_on,context_int,SEESM w/o Feasibility-Preserving Update,83,8.300,2.200060,0.000033,0.000843,0.000448,0.488683,-2.150000,0.080000,-0.500000,0.000000,child,approaching,distracted,,0.000000,0.000000,4.350795,3.750795,0.225000,0.225000,0.225000,0.225000,0.000000,0.225000,0.000000,3.750795,3.750795,3.525795,3.525795,0.000000,horizon_mpc_secbf,4,3.575752,true,osqp,optimal,25,3.417249,0,4.025360,accept,false,-0.000602,-0.000327,-0.000355,-0.000194,,,0.000404,0.001359,5.464691,0.000069
head_on,context_int,SEESM w/o Feasibility-Preserving Update,84,8.400,2.200025,0.000013,-0.000355,-0.000194,-2.640293,-2.200000,0.080000,-0.500000,0.000000,child,approaching,distracted,,0.000000,0.000000,4.400752,3.800752,0.225000,0.225000,0.225000,0.225000,0.000000,0.225000,0.000000,3.800752,3.800752,3.575752,3.575752,0.000000,horizon_mpc_secbf,4,3.625717,true,osqp,optimal,25,3.275322,0,4.075406,accept,false,-0.000248,-0.000133,-0.000266,-0.000144,,,0.000302,0.000102,5.464722,0.000028
head_on,context_int,SEESM w/o Feasibility-Preserving Update,85,8.500,2.199998,-0.000001,-0.000266,-0.000144,-2.647123,-2.250000,0.080000,-0.500000,0.000000,child,approaching,distracted,,0.000000,0.000000,4.450717,3.850717,0.225000,0.225000,0.225000,0.225000,0.000000,0.225000,0.000000,3.850717,3.850717,3.625717,3.625717,0.000000,horizon_mpc_secbf,4,3.675709,true,osqp,optimal,25,3.169105,0,4.125636,accept,false,0.000018,0.000011,-0.000001,0.000001,,,0.000001,0.000302,5.464722,0.000002
head_on,context_int,SEESM w/o Feasibility-Preserving Update,86,8.600,2.199998,-0.000001,-0.000001,0.000001,2.115971,-2.300000,0.080000,-0.500000,0.000000,child,approaching,distracted,,0.000000,0.000000,4.500709,3.900709,0.225000,0.225000,0.225000,0.225000,0.000000,0.225000,0.000000,3.900709,3.900709,3.675709,3.675709,0.000000,horizon_mpc_secbf,4,3.725703,true,osqp,optimal,25,3.254834,0,4.175646,accept,false,0.000019,0.000009,0.000016,0.000008,,,0.000018,0.000018,5.464723,0.000002
head_on,context_int,SEESM w/o Feasibility-Preserving Update,87,8.700,2.200000,-0.000000,0.000016,0.000008,0.468699,-2.350000,0.080000,-0.500000,0.000000,child,approaching,distracted,,0.000000,0.000000,4.550703,3.950703,0.225000,0.225000,0.225000,0.225000,0.000000,0.225000,0.000000,3.950703,3.950703,3.725703,3.725703,0.000000,horizon_mpc_secbf,4,3.775696,true,osqp,optimal,25,3.114740,0,4.225631,accept,false,0.000003,0.000001,0.000005,0.000003,,,0.000006,0.000011,5.464724,0.000000
head_on,context_int,SEESM w/o Feasibility-Preserving Update,88,8.800,2.200000,0.000000,0.000005,0.000003,0.428708,-2.400000,0.080000,-0.500000,0.000000,child,approaching,distracted,,0.000000,0.000000,4.600696,4.000696,0.225000,0.225000,0.225000,0.225000,0.000000,0.225000,0.000000,4.000696,4.000696,3.775696,3.775696,0.000000,horizon_mpc_secbf,4,3.825688,true,osqp,optimal,25,3.407893,0,4.275619,accept,false,-0.000002,-0.000001,-0.000001,-0.000000,,,0.000001,0.000007,5.464724,0.000000
head_on,context_int,SEESM w/o Feasibility-Preserving Update,89,8.900,2.200000,0.000000,-0.000001,-0.000000,-2.584723,-2.450000,0.080000,-0.500000,0.000000,child,approaching,distracted,,0.000000,0.000000,4.650688,4.050688,0.225000,0.225000,0.225000,0.225000,0.000000,0.225000,0.000000,4.050688,4.050688,3.825688,3.825688,0.000000,horizon_mpc_secbf,4,3.875681,true,osqp,optimal,25,3.570752,0,4.325613,accept,false,-0.000001,-0.000001,-0.000001,-0.000001,,,0.000001,0.000000,5.464724,0.000000
head_on,context_int,SEESM w/o Feasibility-Preserving Update,90,9.000,2.200000,0.000000,-0.000001,-0.000001,-2.682470,-2.500000,0.080000,-0.500000,0.000000,child,approaching,distracted,,0.000000,0.000000,4.700681,4.100681,0.225000,0.225000,0.225000,0.225000,0.000000,0.225000,0.000000,4.100681,4.100681,3.875681,3.875681,0.000000,horizon_mpc_secbf,4,3.925674,true,osqp,optimal,25,2.530683,0,4.375608,accept,false,-0.000000,-0.000000,-0.000000,-0.000000,,,0.000000,0.000001,5.464724,0.000000
head_on,context_int,SEESM w/o Feasibility-Preserving Update,91,9.100,2.200000,-0.000000,-0.000000,-0.000000,-2.734081,-2.550000,0.080000,-0.500000,0.000000,child,approaching,distracted,,0.000000,0.000000,4.750674,4.150674,0.225000,0.225000,0.225000,0.225000,0.000000,0.225000,0.000000,4.150674,4.150674,3.925674,3.925674,0.000000,horizon_mpc_secbf,4,3.975667,true,osqp,optimal,25,2.272942,0,4.425603,accept,false,0.000000,0.000000,0.000000,0.000000,,,0.000000,0.000000,5.464724,0.000000
head_on,context_int,SEESM w/o Feasibility-Preserving Update,92,9.200,2.200000,-0.000000,0.000000,0.000000,0.501278,-2.600000,0.080000,-0.500000,0.000000,child,approaching,distracted,,0.000000,0.000000,4.800667,4.200667,0.225000,0.225000,0.225000,0.225000,0.000000,0.225000,0.000000,4.200667,4.200667,3.975667,3.975667,0.000000,horizon_mpc_secbf,4,4.025660,true,osqp,optimal,25,3.462496,0,4.475597,accept,false,0.000000,0.000000,0.000000,0.000000,,,0.000000,0.000000,5.464724,0.000000
head_on,context_int,SEESM w/o Feasibility-Preserving Update,93,9.300,2.200000,0.000000,0.000000,0.000000,0.450318,-2.650000,0.080000,-0.500000,0.000000,child,approaching,distracted,,0.000000,0.000000,4.850660,4.250660,0.225000,0.225000,0.225000,0.225000,0.000000,0.225000,0.000000,4.250660,4.250660,4.025660,4.025660,0.000000,horizon_mpc_secbf,4,4.075653,true,osqp,optimal,25,3.468946,0,4.525592,accept,false,0.000000,0.000000,0.000000,0.000000,,,0.000000,0.000000,5.464724,0.000000
head_on,context_int,SEESM w/o Feasibility-Preserving Update,94,9.400,2.200000,0.000000,0.000000,0.000000,0.450318,-2.700000,0.080000,-0.500000,0.000000,child,approaching,distracted,,0.000000,0.000000,4.900653,4.300653,0.225000,0.225000,0.225000,0.225000,0.000000,0.225000,0.000000,4.300653,4.300653,4.075653,4.075653,0.000000,horizon_mpc_secbf,4,4.125646,true,osqp,optimal,25,3.040355,0,4.575586,accept,false,-0.000000,-0.000000,-0.000000,-0.000000,,,0.000000,0.000000,5.464724,0.000000
head_on,context_int,SEESM w/o Feasibility-Preserving Update,95,9.500,2.200000,0.000000,-0.000000,-0.000000,-2.622648,-2.750000,0.080000,-0.500000,0.000000,child,approaching,distracted,,0.000000,0.000000,4.950646,4.350646,0.225000,0.225000,0.225000,0.225000,0.000000,0.225000,0.000000,4.350646,4.350646,4.125646,4.125646,0.000000,horizon_mpc_secbf,4,4.175640,true,osqp,optimal,25,2.173873,0,4.625581,accept,false,0.000000,0.000000,-0.000000,-0.000000,,,0.000000,0.000000,5.464724,0.000000
head_on,context_int,SEESM w/o Feasibility-Preserving Update,96,9.600,2.200000,0.000000,-0.000000,-0.000000,-1.594680,-2.800000,0.080000,-0.500000,0.000000,child,approaching,distracted,,0.000000,0.000000,5.000640,4.400640,0.225000,0.225000,0.225000,0.225000,0.000000,0.225000,0.000000,4.400640,4.400640,4.175640,4.175640,0.000000,horizon_mpc_secbf,4,4.225634,true,osqp,optimal,25,3.029647,0,4.675576,accept,false,0.000000,0.000000,-0.000000,-0.000000,,,0.000000,0.000000,5.464724,0.000000
head_on,context_int,SEESM w/o Feasibility-Preserving Update,97,9.700,2.200000,0.000000,-0.000000,-0.000000,-1.594680,-2.850000,0.080000,-0.500000,0.000000,child,approaching,distracted,,0.000000,0.000000,5.050634,4.450634,0.225000,0.225000,0.225000,0.225000,0.000000,0.225000,0.000000,4.450634,4.450634,4.225634,4.225634,0.000000,horizon_mpc_secbf,4,4.275627,true,osqp,optimal,25,3.765699,0,4.725571,accept,false,0.000000,0.000000,0.000000,-0.000000,,,0.000000,0.000000,5.464724,0.000000
head_on,context_int,SEESM w/o Feasibility-Preserving Update,98,9.800,2.200000,0.000000,0.000000,-0.000000,-1.594680,-2.900000,0.080000,-0.500000,0.000000,child,approaching,distracted,,0.000000,0.000000,5.100627,4.500627,0.225000,0.225000,0.225000,0.225000,0.000000,0.225000,0.000000,4.500627,4.500627,4.275627,4.275627,0.000000,horizon_mpc_secbf,4,4.325621,true,osqp,optimal,25,3.085282,0,4.775566,accept,false,0.000000,0.000000,0.000000,-0.000000,,,0.000000,0.000000,5.464724,0.000000
head_on,context_int,SEESM w/o Feasibility-Preserving Update,99,9.900,2.200000,0.000000,0.000000,-0.000000,-1.594680,-2.950000,0.080000,-0.500000,0.000000,child,approaching,distracted,,0.000000,0.000000,5.150621,4.550621,0.225000,0.225000,0.225000,0.225000,0.000000,0.225000,0.000000,4.550621,4.550621,4.325621,4.325621,0.000000,horizon_mpc_secbf,4,4.375615,true,osqp,optimal,25,2.201444,0,4.825561,accept,false,0.000000,0.000000,0.000000,-0.000000,,,0.000000,0.000000,5.464724,0.000000
head_on,context_int,SEESM w/o Feasibility-Preserving Update,100,10.000,2.200000,0.000000,0.000000,-0.000000,-1.594680,-3.000000,0.080000,-0.500000,0.000000,child,approaching,distracted,,0.000000,0.000000,5.200615,4.600615,0.225000,0.225000,0.225000,0.225000,0.000000,0.225000,0.000000,4.600615,4.600615,4.375615,4.375615,0.000000,horizon_mpc_secbf,4,4.425609,true,osqp,optimal,25,2.203419,0,4.875556,accept,false,0.000000,0.000000,0.000000,-0.000000,,,0.000000,0.000000,5.464724,0.000000
head_on,context_int,SEESM w/o Feasibility-Preserving Update,101,10.100,2.200000,0.000000,0.000000,-0.000000,-1.594680,-3.050000,0.080000,-0.500000,0.000000,child,approaching,distracted,,0.000000,0.000000,5.250609,4.650609,0.225000,0.225000,0.225000,0.225000,0.000000,0.225000,0.000000,4.650609,4.650609,4.425609,4.425609,0.000000,horizon_mpc_secbf,4,4.475604,true,osqp,optimal,25,3.250377,0,4.925551,accept,false,0.000000,0.000000,0.000000,-0.000000,,,0.000000,0.000000,5.464724,0.000000
head_on,context_int,SEESM w/o Feasibility-Preserving Update,102,10.200,2.200000,0.000000,0.000000,-0.000000,-1.594680,-3.100000,0.080000,-0.500000,0.000000,child,approaching,distracted,,0.000000,0.000000,5.300604,4.700604,0.225000,0.225000,0.225000,0.225000,0.000000,0.225000,0.000000,4.700604,4.700604,4.475604,4.475604,0.000000,horizon_mpc_secbf,4,4.525598,true,osqp,optimal,25,3.525967,0,4.975547,accept,false,0.000000,0.000000,0.000000,-0.000000,,,0.000000,0.000000,5.464724,0.000000
head_on,context_int,SEESM w/o Feasibility-Preserving Update,103,10.300,2.200000,0.000000,0.000000,-0.000000,-1.594680,-3.150000,0.080000,-0.500000,0.000000,child,approaching,distracted,,0.000000,0.000000,5.350598,4.750598,0.225000,0.225000,0.225000,0.225000,0.000000,0.225000,0.000000,4.750598,4.750598,4.525598,4.525598,0.000000,horizon_mpc_secbf,4,4.575593,true,osqp,optimal,25,3.644453,0,5.025542,accept,false,0.000000,0.000000,0.000000,-0.000000,,,0.000000,0.000000,5.464724,0.000000
head_on,context_int,SEESM w/o Feasibility-Preserving Update,104,10.400,2.200000,0.000000,0.000000,-0.000000,-1.594680,-3.200000,0.080000,-0.500000,0.000000,child,approaching,distracted,,0.000000,0.000000,5.400593,4.800593,0.225000,0.225000,0.225000,0.225000,0.000000,0.225000,0.000000,4.800593,4.800593,4.575593,4.575593,0.000000,horizon_mpc_secbf,4,4.625587,true,osqp,optimal,25,2.342314,0,5.075538,accept,false,0.000000,0.000000,0.000000,-0.000000,,,0.000000,0.000000,5.464724,0.000000
head_on,context_int,SEESM w/o Feasibility-Preserving Update,105,10.500,2.200000,0.000000,0.000000,-0.000000,-1.594680,-3.250000,0.080000,-0.500000,0.000000,child,approaching,distracted,,0.000000,0.000000,5.450587,4.850587,0.225000,0.225000,0.225000,0.225000,0.000000,0.225000,0.000000,4.850587,4.850587,4.625587,4.625587,0.000000,horizon_mpc_secbf,4,4.675582,true,osqp,optimal,25,2.241192,0,5.125533,accept,false,0.000000,0.000000,0.000000,-0.000000,,,0.000000,0.000000,5.464724,0.000000
head_on,context_int,SEESM w/o Feasibility-Preserving Update,106,10.600,2.200000,0.000000,0.000000,-0.000000,-1.594680,-3.300000,0.080000,-0.500000,0.000000,child,approaching,distracted,,0.000000,0.000000,5.500582,4.900582,0.225000,0.225000,0.225000,0.225000,0.000000,0.225000,0.000000,4.900582,4.900582,4.675582,4.675582,0.000000,horizon_mpc_secbf,4,4.725577,true,osqp,optimal,25,3.204930,0,5.175529,accept,false,0.000000,0.000000,0.000000,-0.000000,,,0.000000,0.000000,5.464724,0.000000
head_on,context_int,SEESM w/o Feasibility-Preserving Update,107,10.700,2.200000,0.000000,0.000000,-0.000000,-1.594680,-3.350000,0.080000,-0.500000,0.000000,child,approaching,distracted,,0.000000,0.000000,5.550577,4.950577,0.225000,0.225000,0.225000,0.225000,0.000000,0.225000,0.000000,4.950577,4.950577,4.725577,4.725577,0.000000,horizon_mpc_secbf,4,4.775571,true,osqp,optimal,25,3.435157,0,5.225525,accept,false,0.000000,0.000000,0.000000,-0.000000,,,0.000000,0.000000,5.464724,0.000000
head_on,context_int,SEESM w/o Feasibility-Preserving Update,108,10.800,2.200000,0.000000,0.000000,-0.000000,-1.594680,-3.400000,0.080000,-0.500000,0.000000,child,approaching,distracted,,0.000000,0.000000,5.600571,5.000571,0.225000,0.225000,0.225000,0.225000,0.000000,0.225000,0.000000,5.000571,5.000571,4.775571,4.775571,0.000000,horizon_mpc_secbf,4,4.825566,true,osqp,optimal,25,3.262734,0,5.275520,accept,false,0.000000,0.000000,0.000000,-0.000000,,,0.000000,0.000000,5.464724,0.000000
head_on,context_int,SEESM w/o Feasibility-Preserving Update,109,10.900,2.200000,0.000000,0.000000,-0.000000,-1.594680,-3.450000,0.080000,-0.500000,0.000000,child,approaching,distracted,,0.000000,0.000000,5.650566,5.050566,0.225000,0.225000,0.225000,0.225000,0.000000,0.225000,0.000000,5.050566,5.050566,4.825566,4.825566,0.000000,horizon_mpc_secbf,4,4.875561,true,osqp,optimal,25,2.285969,0,5.325516,accept,false,0.000000,0.000000,0.000000,-0.000000,,,0.000000,0.000000,5.464724,0.000000
head_on,context_int,SEESM w/o Feasibility-Preserving Update,110,11.000,2.200000,0.000000,0.000000,-0.000000,-1.594680,-3.500000,0.080000,-0.500000,0.000000,child,approaching,distracted,,0.000000,0.000000,5.700561,5.100561,0.225000,0.225000,0.225000,0.225000,0.000000,0.225000,0.000000,5.100561,5.100561,4.875561,4.875561,0.000000,horizon_mpc_secbf,4,4.925556,true,osqp,optimal,25,2.734925,0,5.375512,accept,false,0.000000,0.000000,0.000000,-0.000000,,,0.000000,0.000000,5.464724,0.000000
head_on,context_int,SEESM w/o Feasibility-Preserving Update,111,11.100,2.200000,0.000000,0.000000,-0.000000,-1.594680,-3.550000,0.080000,-0.500000,0.000000,child,approaching,distracted,,0.000000,0.000000,5.750556,5.150556,0.225000,0.225000,0.225000,0.225000,0.000000,0.225000,0.000000,5.150556,5.150556,4.925556,4.925556,0.000000,horizon_mpc_secbf,4,4.975552,true,osqp,optimal,25,3.297393,0,5.425508,accept,false,0.000000,0.000000,0.000000,-0.000000,,,0.000000,0.000000,5.464724,0.000000
head_on,context_int,SEESM w/o Feasibility-Preserving Update,112,11.200,2.200000,0.000000,0.000000,-0.000000,-1.594680,-3.600000,0.080000,-0.500000,0.000000,child,approaching,distracted,,0.000000,0.000000,5.800552,5.200552,0.225000,0.225000,0.225000,0.225000,0.000000,0.225000,0.000000,5.200552,5.200552,4.975552,4.975552,0.000000,horizon_mpc_secbf,4,5.025547,true,osqp,optimal,25,2.982296,0,5.475504,accept,false,0.000000,0.000000,0.000000,-0.000000,,,0.000000,0.000000,5.464724,0.000000
head_on,context_int,SEESM w/o Feasibility-Preserving Update,113,11.300,2.200000,0.000000,0.000000,-0.000000,-1.594680,-3.650000,0.080000,-0.500000,0.000000,child,approaching,distracted,,0.000000,0.000000,5.850547,5.250547,0.225000,0.225000,0.225000,0.225000,0.000000,0.225000,0.000000,5.250547,5.250547,5.025547,5.025547,0.000000,horizon_mpc_secbf,4,5.075542,true,osqp,optimal,25,3.726779,0,5.525500,accept,false,0.000000,0.000000,0.000000,-0.000000,,,0.000000,0.000000,5.464724,0.000000
head_on,context_int,SEESM w/o Feasibility-Preserving Update,114,11.400,2.200000,0.000000,0.000000,-0.000000,-1.594680,-3.700000,0.080000,-0.500000,0.000000,child,approaching,distracted,,0.000000,0.000000,5.900542,5.300542,0.225000,0.225000,0.225000,0.225000,0.000000,0.225000,0.000000,5.300542,5.300542,5.075542,5.075542,0.000000,horizon_mpc_secbf,4,5.125538,true,osqp,optimal,25,2.258535,0,5.575496,accept,false,0.000000,0.000000,0.000000,-0.000000,,,0.000000,0.000000,5.464724,0.000000
head_on,context_int,SEESM w/o Feasibility-Preserving Update,115,11.500,2.200000,0.000000,0.000000,-0.000000,-1.594680,-3.750000,0.080000,-0.500000,0.000000,child,approaching,distracted,,0.000000,0.000000,5.950538,5.350538,0.225000,0.225000,0.225000,0.225000,0.000000,0.225000,0.000000,5.350538,5.350538,5.125538,5.125538,0.000000,horizon_mpc_secbf,4,5.175533,true,osqp,optimal,25,2.337222,0,5.625493,accept,false,0.000000,0.000000,0.000000,-0.000000,,,0.000000,0.000000,5.464724,0.000000
head_on,context_int,SEESM w/o Feasibility-Preserving Update,116,11.600,2.200000,0.000000,0.000000,-0.000000,-1.594680,-3.800000,0.080000,-0.500000,0.000000,child,approaching,distracted,,0.000000,0.000000,6.000533,5.400533,0.225000,0.225000,0.225000,0.225000,0.000000,0.225000,0.000000,5.400533,5.400533,5.175533,5.175533,0.000000,horizon_mpc_secbf,4,5.225529,true,osqp,optimal,25,2.695255,0,5.675489,accept,false,0.000000,0.000000,0.000000,-0.000000,,,0.000000,0.000000,5.464724,0.000000
head_on,context_int,SEESM w/o Feasibility-Preserving Update,117,11.700,2.200000,0.000000,0.000000,-0.000000,-1.594680,-3.850000,0.080000,-0.500000,0.000000,child,approaching,distracted,,0.000000,0.000000,6.050529,5.450529,0.225000,0.225000,0.225000,0.225000,0.000000,0.225000,0.000000,5.450529,5.450529,5.225529,5.225529,0.000000,horizon_mpc_secbf,4,5.275525,true,osqp,optimal,25,3.420809,0,5.725485,accept,false,0.000000,0.000000,0.000000,-0.000000,,,0.000000,0.000000,5.464724,0.000000
head_on,context_int,SEESM w/o Feasibility-Preserving Update,118,11.800,2.200000,0.000000,0.000000,-0.000000,-1.594680,-3.900000,0.080000,-0.500000,0.000000,child,approaching,distracted,,0.000000,0.000000,6.100525,5.500525,0.225000,0.225000,0.225000,0.225000,0.000000,0.225000,0.000000,5.500525,5.500525,5.275525,5.275525,0.000000,horizon_mpc_secbf,4,5.325520,true,osqp,optimal,25,3.689735,0,5.775482,accept,false,0.000000,0.000000,0.000000,-0.000000,,,0.000000,0.000000,5.464724,0.000000
head_on,context_int,SEESM w/o Feasibility-Preserving Update,119,11.900,2.200000,0.000000,0.000000,-0.000000,-1.594680,-3.950000,0.080000,-0.500000,0.000000,child,approaching,distracted,,0.000000,0.000000,6.150520,5.550520,0.225000,0.225000,0.225000,0.225000,0.000000,0.225000,0.000000,5.550520,5.550520,5.325520,5.325520,0.000000,horizon_mpc_secbf,4,5.375516,true,osqp,optimal,25,2.754766,0,5.825478,accept,false,0.000000,0.000000,0.000000,-0.000000,,,0.000000,0.000000,5.464724,0.000000
head_on,context_int,Proposed MPC-SECBF,0,0.000,-2.200000,0.000000,0.000000,0.000000,0.000000,2.000000,0.080000,-0.500000,0.000000,unknown,walking,unknown,7.202830,1.000000,0.000000,4.200762,3.600762,0.271500,0.050000,0.271500,0.050000,0.499897,0.549897,0.050000,3.600762,3.100865,3.050865,3.050865,0.000000,horizon_mpc_secbf,4,2.569134,true,osqp,optimal,50,2.254940,0,1.930051,accept,false,0.750000,0.000000,0.621017,-0.000000,,,0.621017,0.621017,0.062102,4.400000
head_on,context_int,Proposed MPC-SECBF,1,0.100,-2.137898,-0.000000,0.621017,-0.000000,-0.000000,1.950000,0.080000,-0.500000,0.000000,unknown,walking,unknown,3.112664,1.000000,0.000000,4.088681,3.488681,0.296789,0.100000,0.296789,0.100000,1.120721,1.220721,0.050000,3.488681,2.367960,2.267960,2.267960,0.000000,horizon_mpc_secbf,4,1.774780,true,osqp,optimal,50,3.387149,0,1.042093,accept,false,0.750000,0.000000,0.726101,0.000000,,,0.726101,0.105085,0.134712,4.337898
head_on,context_int,Proposed MPC-SECBF,2,0.200,-2.065288,0.000000,0.726101,0.000000,0.000000,1.900000,0.080000,-0.500000,0.000000,unknown,walking,unknown,2.745923,1.000000,0.000000,3.966095,3.366095,0.307241,0.150000,0.307241,0.150000,1.225740,1.375740,0.050000,3.366095,2.140355,1.990355,1.990355,0.000000,horizon_mpc_secbf,4,1.496234,true,osqp,optimal,50,3.510696,0,0.755016,accept,false,0.750000,-0.000000,0.735590,0.000000,,,0.735590,0.009489,0.208271,4.265288
head_on,context_int,Proposed MPC-SECBF,3,0.300,-1.991729,0.000000,0.735590,0.000000,0.000000,1.850000,0.080000,-0.500000,0.000000,unknown,walking,unknown,2.624871,1.000000,0.000000,3.842562,3.242562,0.310691,0.200000,0.310691,0.200000,1.235195,1.435195,0.050000,3.242562,2.007367,1.807367,1.807367,0.000000,horizon_mpc_secbf,4,1.313254,true,osqp,optimal,50,2.359455,0,0.572043,accept,false,0.750000,-0.000000,0.735591,0.000000,,,0.735591,0.000001,0.281830,4.191729
head_on,context_int,Proposed MPC-SECBF,4,0.400,-1.918170,0.000000,0.735591,0.000000,0.000000,1.800000,0.080000,-0.500000,0.000000,unknown,walking,unknown,2.524906,1.000000,0.000000,3.719031,3.119031,0.313540,0.250000,0.313540,0.250000,1.235163,1.485163,0.050000,3.119031,1.883867,1.633867,1.633867,0.000000,horizon_mpc_secbf,4,1.139763,true,osqp,optimal,50,2.382024,0,0.398562,accept,false,0.750000,-0.000000,0.735591,0.000000,,,0.735591,0.000000,0.355389,4.118170
head_on,context_int,Proposed MPC-SECBF,5,0.500,-1.844611,0.000000,0.735591,0.000000,0.000000,1.750000,0.080000,-0.500000,0.000000,unknown,walking,unknown,2.424946,1.000000,0.000000,3.595501,2.995501,0.316389,0.300000,0.316389,0.300000,1.235125,1.535125,0.050000,2.995501,1.760376,1.460376,1.460376,0.000000,horizon_mpc_secbf,4,0.966282,true,osqp,optimal,50,3.381810,0,0.225090,accept,false,0.750000,-0.000000,0.735591,0.000000,,,0.735591,0.000000,0.428948,4.044611
head_on,context_int,Proposed MPC-SECBF,6,0.600,-1.771052,0.000000,0.735591,0.000000,0.000000,1.700000,0.080000,-0.500000,0.000000,unknown,walking,unknown,2.324989,1.000000,0.000000,3.471974,2.871974,0.319238,0.319238,0.319238,0.319238,1.235082,1.554320,0.019238,2.871974,1.636891,1.317654,1.317654,0.000000,horizon_mpc_secbf,4,0.823571,true,osqp,optimal,50,3.454932,0,0.082390,accept,false,0.750000,-0.000000,0.735591,0.000000,,,0.735591,0.000000,0.502507,3.971052
head_on,context_int,Proposed MPC-SECBF,7,0.700,-1.697493,0.000000,0.735591,0.000000,0.000000,1.650000,0.080000,-0.500000,0.000000,unknown,walking,unknown,2.225034,1.000000,0.000000,3.348448,2.748448,0.322087,0.322087,0.322087,0.322087,1.235032,1.557119,0.002849,2.748448,1.513416,1.191329,1.191329,0.000000,horizon_mpc_secbf,4,0.697259,true,osqp,optimal,50,2.424411,0,-0.043909,accept,false,0.750000,-0.000000,0.735591,0.000000,,,0.735591,0.000000,0.576066,3.897493
head_on,context_int,Proposed MPC-SECBF,8,0.800,-1.623934,0.000000,0.735591,0.000000,0.000000,1.600000,0.080000,-0.500000,0.000000,unknown,walking,unknown,2.125083,1.000000,0.000000,3.224926,2.624926,0.324935,0.324935,0.324935,0.324935,1.234975,1.559910,0.002849,2.624926,1.389951,1.065016,1.065016,0.000000,horizon_mpc_secbf,4,0.570960,true,osqp,optimal,50,2.973781,0,-0.170195,accept,false,0.750000,-0.000000,0.735591,0.000000,,,0.735591,0.000000,0.649626,3.823934
head_on,context_int,Proposed MPC-SECBF,9,0.900,-1.550374,0.000000,0.735591,0.000000,0.000000,1.550000,0.080000,-0.500000,0.000000,unknown,walking,unknown,2.025135,1.000000,0.000000,3.101406,2.501406,0.327784,0.327784,0.327784,0.327784,1.234908,1.562692,0.002849,2.501406,1.266498,0.938715,0.938715,0.000000,horizon_mpc_secbf,4,0.444674,true,osqp,optimal,50,2.938811,0,-0.296466,accept,false,0.750000,-0.000000,0.735591,0.000000,,,0.735591,0.000000,0.723185,3.750374
head_on,context_int,Proposed MPC-SECBF,10,1.000,-1.476815,0.000000,0.735591,0.000000,0.000000,1.500000,0.080000,-0.500000,0.000000,unknown,walking,unknown,1.925190,1.000000,0.000000,2.977890,2.377890,0.330632,0.330632,0.330632,0.330632,1.234829,1.565461,0.002848,2.377890,1.143061,0.812429,0.812429,0.000000,horizon_mpc_secbf,4,0.318407,true,osqp,optimal,50,2.322948,0,-0.422717,accept,false,0.750000,-0.000000,0.735591,0.000000,,,0.735591,0.000000,0.796744,3.676815
head_on,context_int,Proposed MPC-SECBF,11,1.100,-1.403256,0.000000,0.735591,0.000000,0.000000,1.450000,0.080000,-0.500000,0.000000,child,approaching,distracted,1.825250,1.000000,0.000000,2.854377,2.254377,0.572330,0.330632,0.572330,0.330632,1.234736,1.565368,0.000000,2.254377,1.019642,0.689010,0.689010,0.000000,horizon_mpc_secbf,4,0.195009,true,osqp,optimal,50,2.154871,0,-0.546096,fallback,true,0.750000,-0.000000,0.735591,0.000000,,,0.735591,0.000000,0.870303,3.603256
head_on,context_int,Proposed MPC-SECBF,12,1.200,-1.329697,0.000000,0.735591,0.000000,0.000000,1.400000,0.080000,-0.500000,0.000000,child,approaching,distracted,1.725315,1.000000,0.000000,2.730869,2.130869,0.577951,0.330632,0.577951,0.330632,1.234623,1.565255,0.000000,2.130869,0.896246,0.565614,0.565614,0.000000,horizon_mpc_secbf,4,0.071637,true,osqp,optimal,50,2.216944,0,-0.669447,fallback,true,0.750000,-0.000000,0.735591,0.000000,,,0.735591,0.000000,0.943862,3.529697
head_on,context_int,Proposed MPC-SECBF,13,1.300,-1.256138,0.000000,0.735591,0.000000,0.000000,1.350000,0.080000,-0.500000,0.000000,child,approaching,distracted,1.625384,1.000000,0.000000,2.607365,2.007365,0.583572,0.330632,0.583572,0.330632,1.234486,1.565118,0.000000,2.007365,0.772879,0.442247,0.442247,0.000150,horizon_mpc_secbf,4,-0.000150,true,osqp,optimal,50,3.266674,0,-0.680021,fallback,true,0.750000,-0.000000,0.623093,-0.004727,,,0.623110,0.112598,1.006173,3.456138
head_on,context_int,Proposed MPC-SECBF,14,1.400,-1.193829,-0.000473,0.623093,-0.004727,-0.007586,1.300000,0.080000,-0.500000,0.000000,child,approaching,distracted,1.688526,1.000000,0.000000,2.495127,1.895127,0.580020,0.330632,0.580020,0.330632,1.121745,1.452377,0.000000,1.895127,0.773381,0.442749,0.442749,0.000143,horizon_mpc_secbf,4,-0.000143,true,osqp,optimal,50,3.649058,0,-0.666395,fallback,true,0.750000,0.000104,0.610041,-0.005492,,,0.610066,0.013074,1.067180,3.393829
head_on,context_int,Proposed MPC-SECBF,15,1.500,-1.132824,-0.001022,0.610041,-0.005492,-0.009002,1.250000,0.080000,-0.500000,0.000000,child,approaching,distracted,1.608529,1.000000,0.000000,2.384202,1.784202,0.584520,0.330632,0.584520,0.330632,1.108481,1.439113,0.000000,1.784202,0.675720,0.345088,0.345088,0.000399,horizon_mpc_secbf,4,-0.000399,true,osqp,optimal,50,2.278786,0,-0.549425,fallback,true,0.750000,0.000230,0.395937,-0.014938,,,0.396219,0.214313,1.106802,3.332825
head_on,context_int,Proposed MPC-SECBF,16,1.600,-1.093231,-0.002516,0.395937,-0.014938,-0.037711,1.200000,0.080000,-0.500000,0.000000,child,approaching,distracted,1.893916,1.000000,0.000000,2.294715,1.694715,0.568467,0.330632,0.568467,0.330632,0.894027,1.224659,0.000000,1.694715,0.800688,0.470056,0.470056,0.000058,horizon_mpc_secbf,4,-0.000058,true,osqp,optimal,50,2.941253,0,-0.669946,fallback,true,0.750000,0.000573,0.640954,-0.004314,,,0.640968,0.245247,1.170898,3.293232
head_on,context_int,Proposed MPC-SECBF,17,1.700,-1.029135,-0.002947,0.640954,-0.004314,-0.006730,1.150000,0.080000,-0.500000,0.000000,child,approaching,distracted,1.386635,1.000000,0.000000,2.180714,1.580714,0.597002,0.330632,0.597002,0.330632,1.138871,1.469503,0.000000,1.580714,0.441843,0.111210,0.111210,0.073938,horizon_mpc_secbf,4,-0.055010,true,osqp,optimal,3350,8.654310,0,-0.287179,fallback,true,0.750000,0.000684,0.000670,-0.735589,,,0.735589,0.971971,1.244457,3.229137
head_on,context_int,Proposed MPC-SECBF,18,1.800,-1.029068,-0.076506,0.000670,-0.735589,-1.569886,1.100000,0.080000,-0.500000,0.000000,child,approaching,distracted,3.445954,1.000000,0.000000,2.134813,1.534813,0.481165,0.330632,0.481165,0.330632,0.278064,0.608696,0.000000,1.534813,1.256749,0.926117,0.926117,0.000000,horizon_mpc_secbf,4,0.447377,true,osqp,optimal,50,2.598297,0,-0.183627,fallback,true,0.749790,0.017765,0.620963,-0.111898,,,0.630965,0.879633,1.307554,3.229975
head_on,context_int,Proposed MPC-SECBF,19,1.900,-0.966972,-0.087696,0.620963,-0.111898,-0.178287,1.050000,0.080000,-0.500000,0.000000,child,approaching,distracted,1.285325,1.000000,0.000000,2.023931,1.423931,0.602700,0.288618,0.602700,0.288618,1.085313,1.373931,0.000000,1.423931,0.338618,0.050000,0.050000,0.124609,horizon_mpc_secbf,4,-0.107054,true,osqp,optimal,1325,5.623794,0,-0.283020,project,true,0.749713,0.020760,0.020366,-0.735589,,,0.735871,0.865857,1.381141,3.168186
head_on,context_int,Proposed MPC-SECBF,20,2.000,-0.964935,-0.161255,0.020366,-0.735589,-1.543116,1.000000,0.080000,-0.500000,0.000000,child,approaching,distracted,3.232296,1.000000,0.000000,1.979691,1.379691,0.493183,0.338618,0.493183,0.338618,0.235843,0.574461,0.050000,1.379691,1.143848,0.805229,0.805229,0.000000,horizon_mpc_secbf,4,0.330606,true,osqp,optimal,50,3.509139,0,-0.298231,accept,false,0.749028,0.038163,0.623814,-0.098292,,,0.631511,0.877666,1.444292,3.169041
head_on,context_int,Proposed MPC-SECBF,21,2.100,-0.902554,-0.171084,0.623814,-0.098292,-0.156281,0.950000,0.080000,-0.500000,0.000000,child,approaching,distracted,1.153631,1.000000,0.000000,1.869492,1.269492,0.610108,0.158162,0.610108,0.158162,1.061330,1.219492,0.000000,1.269492,0.208162,0.050000,0.050000,0.109470,horizon_mpc_secbf,4,-0.094688,true,osqp,optimal,1500,4.578879,0,-0.277399,project,true,0.748862,0.041294,0.040560,-0.735589,,,0.736707,0.863906,1.517963,3.107268
head_on,context_int,Proposed MPC-SECBF,22,2.200,-0.898498,-0.244643,0.040560,-0.735589,-1.515712,0.900000,0.080000,-0.500000,0.000000,child,approaching,distracted,3.059001,1.000000,0.000000,1.827563,1.227563,0.502931,0.208162,0.502931,0.208162,0.182419,0.390581,0.050000,1.227563,1.045144,0.836983,0.836983,0.000000,horizon_mpc_secbf,4,0.370524,true,osqp,optimal,50,3.359376,0,-0.253888,accept,false,0.747673,0.059033,0.627490,-0.105207,,,0.636249,0.861318,1.581588,3.108141
head_on,context_int,Proposed MPC-SECBF,23,2.300,-0.835749,-0.255164,0.627490,-0.105207,-0.166119,0.850000,0.080000,-0.500000,0.000000,child,approaching,distracted,1.030789,1.000000,0.000000,1.718745,1.118745,0.617018,0.061041,0.617018,0.061041,1.007704,1.068745,0.000000,1.118745,0.111041,0.050000,0.050000,0.088941,horizon_mpc_secbf,4,-0.077922,true,osqp,optimal,1900,6.774721,0,-0.268656,project,true,0.747365,0.062818,0.061826,-0.735589,,,0.738183,0.846969,1.655406,3.046454
head_on,context_int,Proposed MPC-SECBF,24,2.400,-0.829566,-0.328722,0.061826,-0.735589,-1.486943,0.800000,0.080000,-0.500000,0.000000,child,approaching,distracted,2.950999,1.000000,0.000000,1.680042,1.080042,0.509006,0.111041,0.509006,0.111041,0.114948,0.225989,0.050000,1.080042,0.965094,0.854053,0.854053,0.000000,horizon_mpc_secbf,4,0.401508,true,osqp,optimal,50,2.426998,0,-0.214153,accept,false,0.745624,0.080904,0.631498,-0.120427,,,0.642879,0.838421,1.719694,3.047348
head_on,context_int,Proposed MPC-SECBF,25,2.500,-0.766416,-0.340765,0.631498,-0.120427,-0.188438,0.750000,0.080000,-0.500000,0.000000,child,approaching,distracted,0.920239,1.000000,0.000000,1.573710,0.973710,0.623237,0.014117,0.623237,0.014117,0.909593,0.923710,0.000000,0.973710,0.064117,0.050000,0.050000,0.062143,horizon_mpc_secbf,4,-0.055264,true,osqp,optimal,1275,5.042666,0,-0.254401,project,true,0.745100,0.085593,0.084499,-0.735589,,,0.740427,0.823185,1.793736,2.985925
head_on,context_int,Proposed MPC-SECBF,26,2.600,-0.757967,-0.414324,0.084499,-0.735589,-1.456425,0.700000,0.080000,-0.500000,0.000000,child,approaching,distracted,2.960391,1.000000,0.000000,1.539488,0.939488,0.508478,0.064117,0.508478,0.064117,0.030968,0.095085,0.050000,0.939488,0.908520,0.844403,0.844403,0.000000,horizon_mpc_secbf,4,0.413671,true,osqp,optimal,50,2.398347,0,-0.188378,accept,false,0.742749,0.104037,0.635418,-0.132398,,,0.649065,0.816915,1.858643,2.986843
head_on,context_int,Proposed MPC-SECBF,27,2.700,-0.694425,-0.427564,0.635418,-0.132398,-0.205425,0.650000,0.080000,-0.500000,0.000000,child,approaching,distracted,0.824290,1.000000,0.000000,1.437045,0.837045,0.628634,0.023228,0.628634,0.023228,0.763818,0.787045,0.000000,0.837045,0.073228,0.050000,0.050000,0.027976,horizon_mpc_secbf,4,-0.025063,true,osqp,optimal,1425,4.378481,0,-0.231645,project,true,0.741949,0.109601,0.108660,-0.735589,,,0.743572,0.800820,1.933000,2.925834
head_on,context_int,Proposed MPC-SECBF,28,2.800,-0.683559,-0.501123,0.108660,-0.735589,-1.424138,0.600000,0.080000,-0.500000,0.000000,child,approaching,distracted,3.221852,1.000000,0.000000,1.408981,0.808981,0.493771,0.073228,0.493771,0.073228,0.000000,0.073228,0.050000,0.808981,0.879601,0.806373,0.735753,0.000000,horizon_mpc_secbf,4,0.337573,true,osqp,optimal,50,2.376928,0,-0.244453,accept,false,0.738925,0.128415,0.639462,-0.140203,,,0.654652,0.797643,1.998465,2.926779
head_on,context_int,Proposed MPC-SECBF,29,2.900,-0.619613,-0.515143,0.639462,-0.140203,-0.215837,0.550000,0.080000,-0.500000,0.000000,child,approaching,distracted,0.748263,1.000000,0.000000,1.312322,0.712322,0.632910,0.085964,0.632910,0.085964,0.576358,0.662322,0.012736,0.712322,0.135964,0.050000,0.050000,0.000857,horizon_mpc_secbf,4,-0.000821,true,osqp,optimal,225,2.884220,0,-0.245479,project,true,0.737788,0.134794,0.138367,-0.601122,,,0.616842,0.680840,2.060149,2.866285
head_on,context_int,Proposed MPC-SECBF,30,3.000,-0.605776,-0.575255,0.138367,-0.601122,-1.344556,0.500000,0.080000,-0.500000,0.000000,child,approaching,distracted,2.823364,1.000000,0.000000,1.285340,0.685340,0.516186,0.135964,0.516186,0.135964,0.000000,0.135964,0.050000,0.685340,0.740506,0.604542,0.549376,0.000000,horizon_mpc_secbf,4,0.193756,true,osqp,optimal,50,2.770222,0,-0.371807,accept,false,0.734717,0.150636,0.644383,-0.124222,,,0.656247,0.695332,2.125774,2.864140
head_on,context_int,Proposed MPC-SECBF,31,3.100,-0.541338,-0.587678,0.644383,-0.124222,-0.190440,0.450000,0.080000,-0.500000,0.000000,child,approaching,distracted,0.676551,1.000000,0.000000,1.195217,0.595217,0.636944,0.156553,0.636944,0.156553,0.388664,0.545217,0.020589,0.595217,0.206553,0.050000,0.050000,0.000667,horizon_mpc_secbf,4,-0.000621,true,osqp,optimal,100,2.500236,0,-0.313656,project,true,0.733338,0.157210,0.335783,-0.588754,,,0.677777,0.557696,2.193552,2.803622
head_on,context_int,Proposed MPC-SECBF,32,3.200,-0.507759,-0.646553,0.335783,-0.588754,-1.052480,0.400000,0.080000,-0.500000,0.000000,child,approaching,distracted,1.977094,1.000000,0.000000,1.162715,0.562715,0.563788,0.206553,0.563788,0.206553,0.000000,0.206553,0.050000,0.562715,0.717275,0.510722,0.356162,0.000000,horizon_mpc_secbf,4,0.063901,true,osqp,optimal,50,2.447965,0,-0.484630,accept,false,0.729492,0.174187,0.678086,-0.126373,,,0.689761,0.575298,2.262528,2.783881
head_on,context_int,Proposed MPC-SECBF,33,3.300,-0.439951,-0.659190,0.678086,-0.126373,-0.184253,0.350000,0.080000,-0.500000,0.000000,child,approaching,distracted,0.622668,1.000000,0.000000,1.081862,0.481862,0.639975,0.256553,0.639975,0.256553,0.133258,0.389811,0.050000,0.481862,0.348603,0.092050,0.092050,0.000442,horizon_mpc_secbf,4,-0.000401,true,osqp,optimal,100,3.206231,0,-0.435472,accept,false,0.727659,0.181695,0.600981,-0.403871,,,0.724078,0.288011,2.334936,2.721006
head_on,context_int,Proposed MPC-SECBF,34,3.400,-0.379853,-0.699577,0.600981,-0.403871,-0.591699,0.300000,0.080000,-0.500000,0.000000,child,approaching,distracted,1.036104,1.000000,0.000000,1.034379,0.434379,0.616719,0.306553,0.616719,0.306553,0.000000,0.306553,0.050000,0.434379,0.656144,0.349591,0.127826,0.000198,horizon_mpc_secbf,4,-0.000181,true,osqp,optimal,50,3.598772,0,-0.456444,accept,false,0.723858,0.196288,0.686239,-0.258994,,,0.733486,0.168102,2.408284,2.673022
head_on,context_int,Proposed MPC-SECBF,35,3.500,-0.311229,-0.725477,0.686239,-0.258994,-0.360882,0.250000,0.080000,-0.500000,0.000000,child,approaching,distracted,0.819752,1.000000,0.000000,0.981718,0.381718,0.628889,0.356553,0.628889,0.356553,0.000000,0.356553,0.050000,0.381718,0.634397,0.277844,0.025165,0.000212,horizon_mpc_secbf,4,-0.000165,true,osqp,optimal,100,3.823089,0,-0.253252,accept,false,0.720535,0.208158,0.607915,-0.432363,,,0.745988,0.190241,2.482883,2.613922
head_on,context_int,Proposed MPC-SECBF,36,3.600,-0.250437,-0.768713,0.607915,-0.432363,-0.618219,0.200000,0.080000,-0.500000,0.000000,child,approaching,distracted,2.624691,1.000000,0.000000,0.960837,0.360837,0.527361,0.356553,0.527361,0.356553,0.000000,0.356553,0.000000,0.360837,0.839942,0.483389,0.004284,0.000184,horizon_mpc_secbf,4,-0.000172,true,osqp,optimal,100,3.600889,0,-0.112552,fallback,true,0.715614,0.224491,0.592790,-0.447496,,,0.742733,0.021396,2.557157,2.568183
head_on,context_int,Proposed MPC-SECBF,37,3.700,-0.191158,-0.813463,0.592790,-0.447496,-0.646629,0.150000,0.080000,-0.500000,0.000000,child,approaching,distracted,,0.000000,0.000000,0.956381,0.356381,0.225000,0.225000,0.225000,0.225000,0.000000,0.225000,0.000000,0.356381,0.356381,0.131381,0.131381,0.000000,horizon_mpc_secbf,4,0.080096,true,osqp,optimal,50,3.129727,0,-0.233844,accept,false,0.710037,0.241552,0.721390,-0.075429,,,0.725323,0.393665,2.629689,2.525739
head_on,context_int,Proposed MPC-SECBF,38,3.800,-0.119019,-0.821006,0.721390,-0.075429,-0.104182,0.100000,0.080000,-0.500000,0.000000,child,approaching,distracted,1.520625,1.000000,0.000000,0.927244,0.327244,0.589465,0.275000,0.589465,0.275000,0.000000,0.275000,0.050000,0.327244,0.799347,0.524347,0.052244,0.000000,horizon_mpc_secbf,4,0.027091,true,osqp,optimal,50,3.020796,0,-0.233381,accept,false,0.707001,0.250300,0.735590,-0.006409,,,0.735617,0.070466,2.703251,2.460061
head_on,context_int,Proposed MPC-SECBF,39,3.900,-0.045460,-0.821646,0.735590,-0.006409,-0.008712,0.050000,0.080000,-0.500000,0.000000,child,approaching,distracted,2.478953,1.000000,0.000000,0.906686,0.306686,0.535559,0.325000,0.535559,0.325000,0.000000,0.325000,0.050000,0.306686,0.857552,0.532552,-0.018314,0.000379,horizon_mpc_secbf,4,-0.000363,true,osqp,optimal,100,3.716101,0,0.080807,accept,false,0.704328,0.257724,0.702342,-0.226590,,,0.737988,0.222677,2.777049,2.391066
head_on,context_int,Proposed MPC-SECBF,40,4.000,0.024774,-0.844305,0.702342,-0.226590,-0.312078,0.000000,0.080000,-0.500000,0.000000,child,approaching,distracted,,0.000000,0.000000,0.924637,0.324637,0.225000,0.225000,0.225000,0.225000,0.000000,0.225000,0.000000,0.324637,0.324637,0.099637,0.099637,0.000000,horizon_mpc_secbf,4,0.111802,true,osqp,optimal,50,3.489518,0,0.139524,accept,false,0.699179,0.271384,0.735587,-0.006784,,,0.735619,0.222306,2.850611,2.333337
head_on,context_int,Proposed MPC-SECBF,41,4.100,0.098333,-0.844984,0.735587,-0.006784,-0.009222,-0.050000,0.080000,-0.500000,0.000000,child,approaching,distracted,,0.000000,0.000000,0.936802,0.336802,0.225000,0.225000,0.225000,0.225000,0.000000,0.225000,0.000000,0.336802,0.336802,0.111802,0.111802,0.000000,horizon_mpc_secbf,4,0.134828,true,osqp,optimal,50,3.292076,0,0.263304,accept,false,0.695864,0.279775,0.735591,0.044705,,,0.736948,0.051489,2.924306,2.265172
head_on,context_int,Proposed MPC-SECBF,42,4.200,0.171892,-0.840513,0.735591,0.044705,0.060699,-0.100000,0.080000,-0.500000,0.000000,child,approaching,distracted,,0.000000,0.000000,0.959828,0.359828,0.225000,0.225000,0.225000,0.225000,0.000000,0.225000,0.000000,0.359828,0.359828,0.134828,0.134828,0.000000,horizon_mpc_secbf,4,0.170567,true,osqp,optimal,50,3.166201,0,0.419092,accept,false,0.692856,0.287142,0.735591,0.068552,,,0.738779,0.023847,2.998184,2.195378
head_on,context_int,Proposed MPC-SECBF,43,4.300,0.245451,-0.833658,0.735591,0.068552,0.092924,-0.150000,0.080000,-0.500000,0.000000,child,approaching,distracted,,0.000000,0.000000,0.995567,0.395567,0.225000,0.225000,0.225000,0.225000,0.000000,0.225000,0.000000,0.395567,0.395567,0.170567,0.170567,0.000000,horizon_mpc_secbf,4,0.217979,true,osqp,optimal,50,3.341982,0,0.578905,accept,false,0.689870,0.294245,0.735591,0.089845,,,0.741058,0.021293,3.072290,2.124911
head_on,context_int,Proposed MPC-SECBF,44,4.400,0.319010,-0.824674,0.735591,0.089845,0.121537,-0.200000,0.080000,-0.500000,0.000000,child,approaching,distracted,,0.000000,0.000000,1.042979,0.442979,0.225000,0.225000,0.225000,0.225000,0.000000,0.225000,0.000000,0.442979,0.442979,0.217979,0.217979,0.000000,horizon_mpc_secbf,4,0.275485,true,osqp,optimal,50,3.420267,0,0.735092,accept,false,0.686884,0.301148,0.735591,0.112689,,,0.744173,0.022844,3.146707,2.053828
head_on,context_int,Proposed MPC-SECBF,45,4.500,0.392569,-0.813405,0.735591,0.112689,0.152013,-0.250000,0.080000,-0.500000,0.000000,child,approaching,distracted,,0.000000,0.000000,1.100485,0.500485,0.225000,0.225000,0.225000,0.225000,0.000000,0.225000,0.000000,0.500485,0.500485,0.275485,0.275485,0.000000,horizon_mpc_secbf,4,0.341522,true,osqp,optimal,50,3.285898,0,0.885450,accept,false,0.683932,0.307793,0.735590,0.137334,,,0.748300,0.024645,3.221537,1.982028
head_on,context_int,Proposed MPC-SECBF,46,4.600,0.466128,-0.799671,0.735590,0.137334,0.184574,-0.300000,0.080000,-0.500000,0.000000,child,approaching,distracted,,0.000000,0.000000,1.166522,0.566522,0.225000,0.225000,0.225000,0.225000,0.000000,0.225000,0.000000,0.566522,0.566522,0.341522,0.341522,0.000000,horizon_mpc_secbf,4,0.414284,true,osqp,optimal,50,3.093951,0,1.025969,accept,false,0.681056,0.314107,0.728846,0.162596,,,0.746762,0.026146,3.296213,1.909394
head_on,context_int,Proposed MPC-SECBF,47,4.700,0.539013,-0.783412,0.728846,0.162596,0.219493,-0.350000,0.080000,-0.500000,0.000000,child,approaching,distracted,,0.000000,0.000000,1.239284,0.639284,0.225000,0.225000,0.225000,0.225000,0.000000,0.225000,0.000000,0.639284,0.639284,0.414284,0.414284,0.000000,horizon_mpc_secbf,4,0.492247,true,osqp,optimal,50,3.086512,0,1.157135,accept,false,0.678335,0.319940,0.718263,0.188147,,,0.742497,0.027655,3.370463,1.836467
head_on,context_int,Proposed MPC-SECBF,48,4.800,0.610839,-0.764597,0.718263,0.188147,0.256190,-0.400000,0.080000,-0.500000,0.000000,child,approaching,distracted,,0.000000,0.000000,1.317247,0.717247,0.225000,0.225000,0.225000,0.225000,0.000000,0.225000,0.000000,0.717247,0.717247,0.492247,0.492247,0.000000,horizon_mpc_secbf,4,0.574291,true,osqp,optimal,50,3.513631,0,1.281156,accept,false,0.675843,0.325170,0.707321,0.214563,,,0.739149,0.028593,3.444378,1.763531
head_on,context_int,Proposed MPC-SECBF,49,4.900,0.681571,-0.743141,0.707321,0.214563,0.294523,-0.450000,0.080000,-0.500000,0.000000,child,approaching,distracted,,0.000000,0.000000,1.399291,0.799291,0.225000,0.225000,0.225000,0.225000,0.000000,0.225000,0.000000,0.799291,0.799291,0.574291,0.574291,0.000000,horizon_mpc_secbf,4,0.659548,true,osqp,optimal,50,3.487629,0,1.399622,accept,false,0.673649,0.329693,0.696203,0.241405,,,0.736869,0.029053,3.518065,1.690528
head_on,context_int,Proposed MPC-SECBF,50,5.000,0.751192,-0.719000,0.696203,0.241405,0.333772,-0.500000,0.080000,-0.500000,0.000000,child,approaching,distracted,,0.000000,0.000000,1.484548,0.884548,0.225000,0.225000,0.225000,0.225000,0.000000,0.225000,0.000000,0.884548,0.884548,0.659548,0.659548,0.000000,horizon_mpc_secbf,4,0.747364,true,osqp,optimal,50,3.417217,0,1.513961,accept,false,0.671820,0.333404,0.685078,0.268263,,,0.735729,0.029072,3.591638,1.617408
head_on,context_int,Proposed MPC-SECBF,51,5.100,0.819699,-0.692174,0.685078,0.268263,0.373227,-0.550000,0.080000,-0.500000,0.000000,child,approaching,distracted,,0.000000,0.000000,1.572364,0.972364,0.225000,0.225000,0.225000,0.225000,0.000000,0.225000,0.000000,0.972364,0.972364,0.747364,0.747364,0.000000,horizon_mpc_secbf,4,0.837274,true,osqp,optimal,50,2.412227,0,1.625563,accept,false,0.670427,0.336196,0.674191,0.294547,,,0.735725,0.028449,3.665210,1.544129
head_on,context_int,Proposed MPC-SECBF,52,5.200,0.887119,-0.662719,0.674191,0.294547,0.411897,-0.600000,0.080000,-0.500000,0.000000,child,approaching,distracted,,0.000000,0.000000,1.662274,1.062274,0.225000,0.225000,0.225000,0.225000,0.000000,0.225000,0.000000,1.062274,1.062274,0.837274,0.837274,0.000000,horizon_mpc_secbf,4,0.929052,true,osqp,optimal,50,2.244037,0,1.736565,accept,false,0.669535,0.337969,0.664275,0.318487,,,0.736678,0.025913,3.738878,1.470665
head_on,context_int,Proposed MPC-SECBF,53,5.300,0.953546,-0.630871,0.664275,0.318487,0.447073,-0.650000,0.080000,-0.500000,0.000000,child,approaching,distracted,,0.000000,0.000000,1.754052,1.154052,0.225000,0.225000,0.225000,0.225000,0.000000,0.225000,0.000000,1.154052,1.154052,0.929052,0.929052,0.000000,horizon_mpc_secbf,4,1.023190,true,osqp,optimal,50,3.048474,0,1.854278,accept,false,0.669171,0.338689,0.658952,0.331338,,,0.737565,0.013910,3.812634,1.397013
head_on,context_int,Proposed MPC-SECBF,54,5.400,1.019441,-0.597737,0.658952,0.331338,0.465906,-0.700000,0.080000,-0.500000,0.000000,child,approaching,distracted,,0.000000,0.000000,1.848190,1.248190,0.225000,0.225000,0.225000,0.225000,0.000000,0.225000,0.000000,1.248190,1.248190,1.023190,1.023190,0.000000,horizon_mpc_secbf,4,1.120078,true,osqp,optimal,50,3.633030,0,1.978182,accept,false,0.669121,0.338787,0.658004,0.333627,,,0.737750,0.002478,3.886409,1.323257
head_on,context_int,Proposed MPC-SECBF,55,5.500,1.085242,-0.564374,0.658004,0.333627,0.469255,-0.750000,0.080000,-0.500000,0.000000,child,approaching,distracted,,0.000000,0.000000,1.945078,1.345078,0.225000,0.225000,0.225000,0.225000,0.000000,0.225000,0.000000,1.345078,1.345078,1.120078,1.120078,0.000000,horizon_mpc_secbf,4,1.219454,true,osqp,optimal,50,2.892419,0,2.101895,accept,false,0.669132,0.338765,0.657849,0.334000,,,0.737781,0.000404,3.960188,1.249482
head_on,context_int,Proposed MPC-SECBF,56,5.600,1.151026,-0.530974,0.657849,0.334000,0.469801,-0.800000,0.080000,-0.500000,0.000000,child,approaching,distracted,,0.000000,0.000000,2.044454,1.444454,0.225000,0.225000,0.225000,0.225000,0.000000,0.225000,0.000000,1.444454,1.444454,1.219454,1.219454,0.000000,horizon_mpc_secbf,4,1.320995,true,osqp,optimal,50,2.204966,0,2.224561,accept,false,0.669157,0.338717,0.657839,0.334023,,,0.737783,0.000025,4.033966,1.175704
head_on,context_int,Proposed MPC-SECBF,57,5.700,1.216810,-0.497572,0.657839,0.334023,0.469835,-0.850000,0.080000,-0.500000,0.000000,child,approaching,distracted,,0.000000,0.000000,2.145995,1.545995,0.225000,0.225000,0.225000,0.225000,0.000000,0.225000,0.000000,1.545995,1.545995,1.320995,1.320995,0.000000,horizon_mpc_secbf,4,1.424411,true,osqp,optimal,50,2.363877,0,2.346242,accept,false,0.669185,0.338661,0.657858,0.333979,,,0.737780,0.000048,4.107744,1.101925
head_on,context_int,Proposed MPC-SECBF,58,5.800,1.282596,-0.464174,0.657858,0.333979,0.469771,-0.900000,0.080000,-0.500000,0.000000,child,approaching,distracted,,0.000000,0.000000,2.249411,1.649411,0.225000,0.225000,0.225000,0.225000,0.000000,0.225000,0.000000,1.649411,1.649411,1.424411,1.424411,0.000000,horizon_mpc_secbf,4,1.529457,true,osqp,optimal,50,2.153478,0,2.467119,accept,false,0.669216,0.338600,0.657882,0.333920,,,0.737775,0.000065,4.181521,1.028148
head_on,context_int,Proposed MPC-SECBF,59,5.900,1.348384,-0.430782,0.657882,0.333920,0.469683,-0.950000,0.080000,-0.500000,0.000000,child,approaching,distracted,,0.000000,0.000000,2.354457,1.754457,0.225000,0.225000,0.225000,0.225000,0.000000,0.225000,0.000000,1.754457,1.754457,1.529457,1.529457,0.000000,horizon_mpc_secbf,4,1.635925,true,osqp,optimal,50,2.289527,0,2.587364,accept,false,0.669250,0.338534,0.657910,0.333853,,,0.737769,0.000072,4.255298,0.954370
head_on,context_int,Proposed MPC-SECBF,60,6.000,1.414175,-0.397397,0.657910,0.333853,0.469586,-1.000000,0.080000,-0.500000,0.000000,child,approaching,distracted,,0.000000,0.000000,2.460925,1.860925,0.225000,0.225000,0.225000,0.225000,0.000000,0.225000,0.000000,1.860925,1.860925,1.635925,1.635925,0.000000,horizon_mpc_secbf,4,1.743637,true,osqp,optimal,50,2.325334,0,2.707117,accept,false,0.669286,0.338462,0.657940,0.333780,,,0.737763,0.000079,4.329075,0.880593
head_on,context_int,Proposed MPC-SECBF,61,6.100,1.479969,-0.364019,0.657940,0.333780,0.469479,-1.050000,0.080000,-0.500000,0.000000,child,approaching,distracted,,0.000000,0.000000,2.568637,1.968637,0.225000,0.225000,0.225000,0.225000,0.000000,0.225000,0.000000,1.968637,1.968637,1.743637,1.743637,0.000000,horizon_mpc_secbf,4,1.852445,true,osqp,optimal,50,2.298739,0,2.826494,accept,false,0.669325,0.338384,0.657973,0.333701,,,0.737756,0.000086,4.402850,0.806817
head_on,context_int,Proposed MPC-SECBF,62,6.200,1.545767,-0.330649,0.657973,0.333701,0.469363,-1.100000,0.080000,-0.500000,0.000000,child,approaching,distracted,,0.000000,0.000000,2.677445,2.077445,0.225000,0.225000,0.225000,0.225000,0.000000,0.225000,0.000000,2.077445,2.077445,1.852445,1.852445,0.000000,horizon_mpc_secbf,4,1.962221,true,osqp,optimal,50,2.179741,0,2.945586,accept,false,0.669369,0.338298,0.658009,0.333614,,,0.737749,0.000094,4.476625,0.733041
head_on,context_int,Proposed MPC-SECBF,63,6.300,1.611568,-0.297287,0.658009,0.333614,0.469236,-1.150000,0.080000,-0.500000,0.000000,child,approaching,distracted,,0.000000,0.000000,2.787221,2.187221,0.225000,0.225000,0.225000,0.225000,0.000000,0.225000,0.000000,2.187221,2.187221,1.962221,1.962221,0.000000,horizon_mpc_secbf,4,2.072855,true,osqp,optimal,50,2.157118,0,3.064466,accept,false,0.669417,0.338202,0.658049,0.333517,,,0.737741,0.000105,4.550399,0.659267
head_on,context_int,Proposed MPC-SECBF,64,6.400,1.677372,-0.263936,0.658049,0.333517,0.469094,-1.200000,0.080000,-0.500000,0.000000,child,approaching,distracted,,0.000000,0.000000,2.897855,2.297855,0.225000,0.225000,0.225000,0.225000,0.000000,0.225000,0.000000,2.297855,2.297855,2.072855,2.072855,0.000000,horizon_mpc_secbf,4,2.184254,true,osqp,optimal,50,2.130102,0,3.183193,accept,false,0.669472,0.338094,0.658094,0.333408,,,0.737732,0.000118,4.624172,0.585493
head_on,context_int,Proposed MPC-SECBF,65,6.500,1.743182,-0.230595,0.658094,0.333408,0.468935,-1.250000,0.080000,-0.500000,0.000000,child,approaching,distracted,,0.000000,0.000000,3.009254,2.409254,0.225000,0.225000,0.225000,0.225000,0.000000,0.225000,0.000000,2.409254,2.409254,2.184254,2.184254,0.000000,horizon_mpc_secbf,4,2.296336,true,osqp,optimal,50,2.473880,0,3.301815,accept,false,0.669534,0.337970,0.658146,0.333283,,,0.737722,0.000135,4.697945,0.511719
head_on,context_int,Proposed MPC-SECBF,66,6.600,1.808996,-0.197266,0.658146,0.333283,0.468753,-1.300000,0.080000,-0.500000,0.000000,child,approaching,distracted,,0.000000,0.000000,3.121336,2.521336,0.225000,0.225000,0.225000,0.225000,0.000000,0.225000,0.000000,2.521336,2.521336,2.296336,2.296336,0.000000,horizon_mpc_secbf,4,2.409031,true,osqp,optimal,50,2.915492,0,3.420370,accept,false,0.669607,0.337826,0.658206,0.333138,,,0.737710,0.000157,4.771716,0.437947
head_on,context_int,Proposed MPC-SECBF,67,6.700,1.874817,-0.163953,0.658206,0.333138,0.468540,-1.350000,0.080000,-0.500000,0.000000,child,approaching,distracted,,0.000000,0.000000,3.234031,2.634031,0.225000,0.225000,0.225000,0.225000,0.000000,0.225000,0.000000,2.634031,2.634031,2.409031,2.409031,0.000000,horizon_mpc_secbf,4,2.522280,true,osqp,optimal,50,2.268330,0,3.538893,accept,false,0.669695,0.337651,0.658278,0.332964,,,0.737696,0.000189,4.845485,0.364176
head_on,context_int,Proposed MPC-SECBF,68,6.800,1.940645,-0.130656,0.658278,0.332964,0.468285,-1.400000,0.080000,-0.500000,0.000000,child,approaching,distracted,,0.000000,0.000000,3.347280,2.747280,0.225000,0.225000,0.225000,0.225000,0.000000,0.225000,0.000000,2.747280,2.747280,2.522280,2.522280,0.000000,horizon_mpc_secbf,4,2.636030,true,osqp,optimal,50,2.292601,0,3.657412,accept,false,0.669806,0.337431,0.658369,0.332746,,,0.737678,0.000236,4.919253,0.290407
head_on,context_int,Proposed MPC-SECBF,69,6.900,2.006482,-0.097382,0.658369,0.332746,0.467966,-1.450000,0.080000,-0.500000,0.000000,child,approaching,distracted,,0.000000,0.000000,3.461030,2.861030,0.225000,0.225000,0.225000,0.225000,0.000000,0.225000,0.000000,2.861030,2.861030,2.636030,2.636030,0.000000,horizon_mpc_secbf,4,2.750237,true,osqp,optimal,50,2.252677,0,3.775958,accept,false,0.669956,0.337133,0.658489,0.332454,,,0.737654,0.000316,4.993019,0.216639
head_on,context_int,Proposed MPC-SECBF,70,7.000,2.072331,-0.064136,0.658489,0.332454,0.467539,-1.500000,0.080000,-0.500000,0.000000,child,approaching,distracted,,0.000000,0.000000,3.575237,2.975237,0.225000,0.225000,0.225000,0.225000,0.000000,0.225000,0.000000,2.975237,2.975237,2.750237,2.750237,0.000000,horizon_mpc_secbf,4,2.864866,true,osqp,optimal,50,2.166956,0,3.894582,accept,false,0.670186,0.336676,0.658672,0.332013,,,0.737619,0.000477,5.066780,0.142874
head_on,context_int,Proposed MPC-SECBF,71,7.100,2.138198,-0.030935,0.658672,0.332013,0.466894,-1.550000,0.080000,-0.500000,0.000000,child,approaching,distracted,,0.000000,0.000000,3.689866,3.089866,0.225000,0.225000,0.225000,0.225000,0.000000,0.225000,0.000000,3.089866,3.089866,2.864866,2.864866,0.000001,horizon_mpc_secbf,4,2.976531,true,osqp,optimal,25,2.197135,0,3.979937,accept,false,0.618022,0.309349,0.624996,0.313237,,,0.699098,0.038556,5.136690,0.069112
head_on,context_int,Proposed MPC-SECBF,72,7.200,2.200697,0.000389,0.624996,0.313237,0.464593,-1.600000,0.080000,-0.500000,0.000000,child,approaching,distracted,,0.000000,0.000000,3.801531,3.201531,0.225000,0.225000,0.225000,0.225000,0.000000,0.225000,0.000000,3.201531,3.201531,2.976531,2.976531,0.000000,horizon_mpc_secbf,4,3.026787,true,osqp,optimal,50,2.321768,0,3.479088,accept,false,-0.006975,-0.003889,0.002571,-0.004611,,,0.005279,0.698885,5.137218,0.000799
head_on,context_int,Proposed MPC-SECBF,73,7.300,2.200955,-0.000072,0.002571,-0.004611,-1.062162,-1.650000,0.080000,-0.500000,0.000000,child,approaching,distracted,,0.000000,0.000000,3.851787,3.251787,0.225000,0.225000,0.225000,0.225000,0.000000,0.225000,0.000000,3.251787,3.251787,3.026787,3.026787,0.000000,horizon_mpc_secbf,4,3.076030,true,osqp,optimal,25,2.697398,0,3.519218,accept,false,-0.009546,0.000722,-0.007467,-0.000193,,,0.007469,0.010967,5.137965,0.000957
head_on,context_int,Proposed MPC-SECBF,74,7.400,2.200208,-0.000092,-0.007467,-0.000193,-3.115795,-1.700000,0.080000,-0.500000,0.000000,child,approaching,distracted,,0.000000,0.000000,3.901030,3.301030,0.225000,0.225000,0.225000,0.225000,0.000000,0.225000,0.000000,3.301030,3.301030,3.076030,3.076030,0.000000,horizon_mpc_secbf,4,3.125718,true,osqp,optimal,25,2.278663,0,3.572907,accept,false,-0.002079,0.000915,-0.003003,0.000725,,,0.003090,0.004557,5.138274,0.000227
head_on,context_int,Proposed MPC-SECBF,75,7.500,2.199908,-0.000019,-0.003003,0.000725,2.904712,-1.750000,0.080000,-0.500000,0.000000,child,approaching,distracted,,0.000000,0.000000,3.950718,3.350718,0.225000,0.225000,0.225000,0.225000,0.000000,0.225000,0.000000,3.350718,3.350718,3.125718,3.125718,0.000000,horizon_mpc_secbf,4,3.175732,true,osqp,optimal,25,2.214702,0,3.625860,accept,false,0.000924,0.000190,0.000251,0.000282,,,0.000377,0.003284,5.138312,0.000094
head_on,context_int,Proposed MPC-SECBF,76,7.600,2.199933,0.000009,0.000251,0.000282,0.844190,-1.800000,0.080000,-0.500000,0.000000,child,approaching,distracted,,0.000000,0.000000,4.000732,3.400732,0.225000,0.225000,0.225000,0.225000,0.000000,0.225000,0.000000,3.400732,3.400732,3.175732,3.175732,0.000000,horizon_mpc_secbf,4,3.225783,true,osqp,optimal,25,2.126001,0,3.676234,accept,false,0.000674,-0.000092,0.000601,-0.000028,,,0.000602,0.000468,5.138372,0.000068
head_on,context_int,Proposed MPC-SECBF,77,7.700,2.199993,0.000006,0.000601,-0.000028,-0.046006,-1.850000,0.080000,-0.500000,0.000000,child,approaching,distracted,,0.000000,0.000000,4.050783,3.450783,0.225000,0.225000,0.225000,0.225000,0.000000,0.225000,0.000000,3.450783,3.450783,3.225783,3.225783,0.000000,horizon_mpc_secbf,4,3.275789,true,osqp,optimal,25,2.140494,0,3.725850,accept,false,0.000073,-0.000064,0.000163,-0.000058,,,0.000173,0.000439,5.138389,0.000010
head_on,context_int,Proposed MPC-SECBF,78,7.800,2.200009,0.000001,0.000163,-0.000058,-0.340428,-1.900000,0.080000,-0.500000,0.000000,child,approaching,distracted,,0.000000,0.000000,4.100789,3.500789,0.225000,0.225000,0.225000,0.225000,0.000000,0.225000,0.000000,3.500789,3.500789,3.275789,3.275789,0.000000,horizon_mpc_secbf,4,3.325775,true,osqp,optimal,25,2.242112,0,3.775648,accept,false,-0.000091,-0.000006,-0.000047,-0.000015,,,0.000049,0.000215,5.138394,0.000009
head_on,context_int,Proposed MPC-SECBF,79,7.900,2.200004,-0.000001,-0.000047,-0.000015,-2.831338,-1.950000,0.080000,-0.500000,0.000000,child,approaching,distracted,,0.000000,0.000000,4.150775,3.550775,0.225000,0.225000,0.225000,0.225000,0.000000,0.225000,0.000000,3.550775,3.550775,3.325775,3.325775,0.000000,horizon_mpc_secbf,4,3.375762,true,osqp,optimal,25,2.735393,0,3.825638,accept,false,-0.000044,0.000009,-0.000044,0.000005,,,0.000044,0.000020,5.138399,0.000004
head_on,context_int,Proposed MPC-SECBF,80,8.000,2.200000,-0.000000,-0.000044,0.000005,3.034653,-2.000000,0.080000,-0.500000,0.000000,child,approaching,distracted,,0.000000,0.000000,4.200762,3.600762,0.225000,0.225000,0.225000,0.225000,0.000000,0.225000,0.000000,3.600762,3.600762,3.375762,3.375762,0.000000,horizon_mpc_secbf,4,3.425752,true,osqp,optimal,25,2.966372,0,3.875664,accept,false,0.000001,0.000004,-0.000007,0.000004,,,0.000008,0.000037,5.138399,0.000000
head_on,context_int,Proposed MPC-SECBF,81,8.100,2.199999,0.000000,-0.000007,0.000004,2.604210,-2.050000,0.080000,-0.500000,0.000000,child,approaching,distracted,,0.000000,0.000000,4.250752,3.650752,0.225000,0.225000,0.225000,0.225000,0.000000,0.225000,0.000000,3.650752,3.650752,3.425752,3.425752,0.000000,horizon_mpc_secbf,4,3.475744,true,osqp,optimal,25,2.416639,0,3.925669,accept,false,0.000008,-0.000000,0.000005,0.000001,,,0.000005,0.000013,5.138400,0.000001
head_on,context_int,Proposed MPC-SECBF,82,8.200,2.200000,0.000000,0.000005,0.000001,0.122427,-2.100000,0.080000,-0.500000,0.000000,child,approaching,distracted,,0.000000,0.000000,4.300744,3.700744,0.225000,0.225000,0.225000,0.225000,0.000000,0.225000,0.000000,3.700744,3.700744,3.475744,3.475744,0.000000,horizon_mpc_secbf,4,3.525736,true,osqp,optimal,25,2.152266,0,3.975660,accept,false,0.000003,-0.000001,0.000003,-0.000001,,,0.000003,0.000002,5.138400,0.000000
head_on,context_int,Proposed MPC-SECBF,83,8.300,2.200000,0.000000,0.000003,-0.000001,-0.168165,-2.150000,0.080000,-0.500000,0.000000,child,approaching,distracted,,0.000000,0.000000,4.350736,3.750736,0.225000,0.225000,0.225000,0.225000,0.000000,0.225000,0.000000,3.750736,3.750736,3.525736,3.525736,0.000000,horizon_mpc_secbf,4,3.575727,true,osqp,optimal,25,2.440291,0,4.025651,accept,false,-0.000000,-0.000000,0.000000,-0.000000,,,0.000000,0.000003,5.138400,0.000000
head_on,context_int,Proposed MPC-SECBF,84,8.400,2.200000,-0.000000,0.000000,-0.000000,-1.111944,-2.200000,0.080000,-0.500000,0.000000,child,approaching,distracted,,0.000000,0.000000,4.400727,3.800727,0.225000,0.225000,0.225000,0.225000,0.000000,0.225000,0.000000,3.800727,3.800727,3.575727,3.575727,0.000000,horizon_mpc_secbf,4,3.625719,true,osqp,optimal,25,2.486133,0,4.075644,accept,false,-0.000001,0.000000,-0.000000,-0.000000,,,0.000000,0.000001,5.138400,0.000000
head_on,context_int,Proposed MPC-SECBF,85,8.500,2.200000,-0.000000,-0.000000,-0.000000,-3.119894,-2.250000,0.080000,-0.500000,0.000000,child,approaching,distracted,,0.000000,0.000000,4.450719,3.850719,0.225000,0.225000,0.225000,0.225000,0.000000,0.225000,0.000000,3.850719,3.850719,3.625719,3.625719,0.000000,horizon_mpc_secbf,4,3.675711,true,osqp,optimal,25,3.304220,0,4.125638,accept,false,-0.000000,0.000000,-0.000000,0.000000,,,0.000000,0.000000,5.138400,0.000000
head_on,context_int,Proposed MPC-SECBF,86,8.600,2.200000,-0.000000,-0.000000,0.000000,2.900529,-2.300000,0.080000,-0.500000,0.000000,child,approaching,distracted,,0.000000,0.000000,4.500711,3.900711,0.225000,0.225000,0.225000,0.225000,0.000000,0.225000,0.000000,3.900711,3.900711,3.675711,3.675711,0.000000,horizon_mpc_secbf,4,3.725703,true,osqp,optimal,25,2.459247,0,4.175632,accept,false,0.000000,0.000000,0.000000,0.000000,,,0.000000,0.000000,5.138400,0.000000
head_on,context_int,Proposed MPC-SECBF,87,8.700,2.200000,0.000000,0.000000,0.000000,0.797954,-2.350000,0.080000,-0.500000,0.000000,child,approaching,distracted,,0.000000,0.000000,4.550703,3.950703,0.225000,0.225000,0.225000,0.225000,0.000000,0.225000,0.000000,3.950703,3.950703,3.725703,3.725703,0.000000,horizon_mpc_secbf,4,3.775696,true,osqp,optimal,25,2.558707,0,4.225626,accept,false,0.000000,-0.000000,0.000000,-0.000000,,,0.000000,0.000000,5.138400,0.000000
head_on,context_int,Proposed MPC-SECBF,88,8.800,2.200000,0.000000,0.000000,-0.000000,-0.049210,-2.400000,0.080000,-0.500000,0.000000,child,approaching,distracted,,0.000000,0.000000,4.600696,4.000696,0.225000,0.225000,0.225000,0.225000,0.000000,0.225000,0.000000,4.000696,4.000696,3.775696,3.775696,0.000000,horizon_mpc_secbf,4,3.825688,true,osqp,optimal,25,2.302533,0,4.275620,accept,false,0.000000,0.000000,0.000000,-0.000000,,,0.000000,0.000000,5.138400,0.000000
head_on,context_int,Proposed MPC-SECBF,89,8.900,2.200000,0.000000,0.000000,-0.000000,-0.049210,-2.450000,0.080000,-0.500000,0.000000,child,approaching,distracted,,0.000000,0.000000,4.650688,4.050688,0.225000,0.225000,0.225000,0.225000,0.000000,0.225000,0.000000,4.050688,4.050688,3.825688,3.825688,0.000000,horizon_mpc_secbf,4,3.875681,true,osqp,optimal,25,2.160546,0,4.325614,accept,false,0.000000,0.000000,0.000000,-0.000000,,,0.000000,0.000000,5.138400,0.000000
head_on,context_int,Proposed MPC-SECBF,90,9.000,2.200000,0.000000,0.000000,-0.000000,-0.049210,-2.500000,0.080000,-0.500000,0.000000,child,approaching,distracted,,0.000000,0.000000,4.700681,4.100681,0.225000,0.225000,0.225000,0.225000,0.000000,0.225000,0.000000,4.100681,4.100681,3.875681,3.875681,0.000000,horizon_mpc_secbf,4,3.925674,true,osqp,optimal,25,2.336545,0,4.375608,accept,false,0.000000,0.000000,0.000000,-0.000000,,,0.000000,0.000000,5.138400,0.000000
head_on,context_int,Proposed MPC-SECBF,91,9.100,2.200000,0.000000,0.000000,-0.000000,-0.049210,-2.550000,0.080000,-0.500000,0.000000,child,approaching,distracted,,0.000000,0.000000,4.750674,4.150674,0.225000,0.225000,0.225000,0.225000,0.000000,0.225000,0.000000,4.150674,4.150674,3.925674,3.925674,0.000000,horizon_mpc_secbf,4,3.975667,true,osqp,optimal,25,2.562754,0,4.425603,accept,false,0.000000,0.000000,0.000000,-0.000000,,,0.000000,0.000000,5.138400,0.000000
head_on,context_int,Proposed MPC-SECBF,92,9.200,2.200000,0.000000,0.000000,-0.000000,-0.049210,-2.600000,0.080000,-0.500000,0.000000,child,approaching,distracted,,0.000000,0.000000,4.800667,4.200667,0.225000,0.225000,0.225000,0.225000,0.000000,0.225000,0.000000,4.200667,4.200667,3.975667,3.975667,0.000000,horizon_mpc_secbf,4,4.025660,true,osqp,optimal,25,2.737464,0,4.475597,accept,false,0.000000,0.000000,0.000000,-0.000000,,,0.000000,0.000000,5.138400,0.000000
head_on,context_int,Proposed MPC-SECBF,93,9.300,2.200000,0.000000,0.000000,-0.000000,-0.049210,-2.650000,0.080000,-0.500000,0.000000,child,approaching,distracted,,0.000000,0.000000,4.850660,4.250660,0.225000,0.225000,0.225000,0.225000,0.000000,0.225000,0.000000,4.250660,4.250660,4.025660,4.025660,0.000000,horizon_mpc_secbf,4,4.075653,true,osqp,optimal,25,2.547588,0,4.525592,accept,false,0.000000,0.000000,0.000000,-0.000000,,,0.000000,0.000000,5.138400,0.000000
head_on,context_int,Proposed MPC-SECBF,94,9.400,2.200000,0.000000,0.000000,-0.000000,-0.049210,-2.700000,0.080000,-0.500000,0.000000,child,approaching,distracted,,0.000000,0.000000,4.900653,4.300653,0.225000,0.225000,0.225000,0.225000,0.000000,0.225000,0.000000,4.300653,4.300653,4.075653,4.075653,0.000000,horizon_mpc_secbf,4,4.125646,true,osqp,optimal,25,3.074755,0,4.575586,accept,false,0.000000,0.000000,0.000000,-0.000000,,,0.000000,0.000000,5.138400,0.000000
head_on,context_int,Proposed MPC-SECBF,95,9.500,2.200000,0.000000,0.000000,-0.000000,-0.049210,-2.750000,0.080000,-0.500000,0.000000,child,approaching,distracted,,0.000000,0.000000,4.950646,4.350646,0.225000,0.225000,0.225000,0.225000,0.000000,0.225000,0.000000,4.350646,4.350646,4.125646,4.125646,0.000000,horizon_mpc_secbf,4,4.175640,true,osqp,optimal,25,3.163624,0,4.625581,accept,false,0.000000,0.000000,0.000000,-0.000000,,,0.000000,0.000000,5.138400,0.000000
head_on,context_int,Proposed MPC-SECBF,96,9.600,2.200000,0.000000,0.000000,-0.000000,-0.049210,-2.800000,0.080000,-0.500000,0.000000,child,approaching,distracted,,0.000000,0.000000,5.000640,4.400640,0.225000,0.225000,0.225000,0.225000,0.000000,0.225000,0.000000,4.400640,4.400640,4.175640,4.175640,0.000000,horizon_mpc_secbf,4,4.225634,true,osqp,optimal,25,3.399937,0,4.675576,accept,false,0.000000,0.000000,0.000000,-0.000000,,,0.000000,0.000000,5.138400,0.000000
head_on,context_int,Proposed MPC-SECBF,97,9.700,2.200000,0.000000,0.000000,-0.000000,-0.049210,-2.850000,0.080000,-0.500000,0.000000,child,approaching,distracted,,0.000000,0.000000,5.050634,4.450634,0.225000,0.225000,0.225000,0.225000,0.000000,0.225000,0.000000,4.450634,4.450634,4.225634,4.225634,0.000000,horizon_mpc_secbf,4,4.275627,true,osqp,optimal,25,3.068006,0,4.725571,accept,false,0.000000,0.000000,0.000000,-0.000000,,,0.000000,0.000000,5.138400,0.000000
head_on,context_int,Proposed MPC-SECBF,98,9.800,2.200000,0.000000,0.000000,-0.000000,-0.049210,-2.900000,0.080000,-0.500000,0.000000,child,approaching,distracted,,0.000000,0.000000,5.100627,4.500627,0.225000,0.225000,0.225000,0.225000,0.000000,0.225000,0.000000,4.500627,4.500627,4.275627,4.275627,0.000000,horizon_mpc_secbf,4,4.325621,true,osqp,optimal,25,2.978047,0,4.775566,accept,false,0.000000,0.000000,0.000000,-0.000000,,,0.000000,0.000000,5.138400,0.000000
head_on,context_int,Proposed MPC-SECBF,99,9.900,2.200000,0.000000,0.000000,-0.000000,-0.049210,-2.950000,0.080000,-0.500000,0.000000,child,approaching,distracted,,0.000000,0.000000,5.150621,4.550621,0.225000,0.225000,0.225000,0.225000,0.000000,0.225000,0.000000,4.550621,4.550621,4.325621,4.325621,0.000000,horizon_mpc_secbf,4,4.375615,true,osqp,optimal,25,2.955347,0,4.825561,accept,false,0.000000,0.000000,0.000000,-0.000000,,,0.000000,0.000000,5.138400,0.000000
head_on,context_int,Proposed MPC-SECBF,100,10.000,2.200000,0.000000,0.000000,-0.000000,-0.049210,-3.000000,0.080000,-0.500000,0.000000,child,approaching,distracted,,0.000000,0.000000,5.200615,4.600615,0.225000,0.225000,0.225000,0.225000,0.000000,0.225000,0.000000,4.600615,4.600615,4.375615,4.375615,0.000000,horizon_mpc_secbf,4,4.425609,true,osqp,optimal,25,2.877366,0,4.875556,accept,false,0.000000,0.000000,0.000000,-0.000000,,,0.000000,0.000000,5.138400,0.000000
head_on,context_int,Proposed MPC-SECBF,101,10.100,2.200000,0.000000,0.000000,-0.000000,-0.049210,-3.050000,0.080000,-0.500000,0.000000,child,approaching,distracted,,0.000000,0.000000,5.250609,4.650609,0.225000,0.225000,0.225000,0.225000,0.000000,0.225000,0.000000,4.650609,4.650609,4.425609,4.425609,0.000000,horizon_mpc_secbf,4,4.475604,true,osqp,optimal,25,3.248568,0,4.925551,accept,false,0.000000,0.000000,0.000000,-0.000000,,,0.000000,0.000000,5.138400,0.000000
head_on,context_int,Proposed MPC-SECBF,102,10.200,2.200000,0.000000,0.000000,-0.000000,-0.049210,-3.100000,0.080000,-0.500000,0.000000,child,approaching,distracted,,0.000000,0.000000,5.300604,4.700604,0.225000,0.225000,0.225000,0.225000,0.000000,0.225000,0.000000,4.700604,4.700604,4.475604,4.475604,0.000000,horizon_mpc_secbf,4,4.525598,true,osqp,optimal,25,3.064468,0,4.975547,accept,false,0.000000,0.000000,0.000000,-0.000000,,,0.000000,0.000000,5.138400,0.000000
head_on,context_int,Proposed MPC-SECBF,103,10.300,2.200000,0.000000,0.000000,-0.000000,-0.049210,-3.150000,0.080000,-0.500000,0.000000,child,approaching,distracted,,0.000000,0.000000,5.350598,4.750598,0.225000,0.225000,0.225000,0.225000,0.000000,0.225000,0.000000,4.750598,4.750598,4.525598,4.525598,0.000000,horizon_mpc_secbf,4,4.575593,true,osqp,optimal,25,2.980035,0,5.025542,accept,false,0.000000,0.000000,0.000000,-0.000000,,,0.000000,0.000000,5.138400,0.000000
head_on,context_int,Proposed MPC-SECBF,104,10.400,2.200000,0.000000,0.000000,-0.000000,-0.049210,-3.200000,0.080000,-0.500000,0.000000,child,approaching,distracted,,0.000000,0.000000,5.400593,4.800593,0.225000,0.225000,0.225000,0.225000,0.000000,0.225000,0.000000,4.800593,4.800593,4.575593,4.575593,0.000000,horizon_mpc_secbf,4,4.625587,true,osqp,optimal,25,2.955083,0,5.075538,accept,false,0.000000,0.000000,0.000000,-0.000000,,,0.000000,0.000000,5.138400,0.000000
head_on,context_int,Proposed MPC-SECBF,105,10.500,2.200000,0.000000,0.000000,-0.000000,-0.049210,-3.250000,0.080000,-0.500000,0.000000,child,approaching,distracted,,0.000000,0.000000,5.450587,4.850587,0.225000,0.225000,0.225000,0.225000,0.000000,0.225000,0.000000,4.850587,4.850587,4.625587,4.625587,0.000000,horizon_mpc_secbf,4,4.675582,true,osqp,optimal,25,2.889706,0,5.125533,accept,false,0.000000,0.000000,0.000000,-0.000000,,,0.000000,0.000000,5.138400,0.000000
head_on,context_int,Proposed MPC-SECBF,106,10.600,2.200000,0.000000,0.000000,-0.000000,-0.049210,-3.300000,0.080000,-0.500000,0.000000,child,approaching,distracted,,0.000000,0.000000,5.500582,4.900582,0.225000,0.225000,0.225000,0.225000,0.000000,0.225000,0.000000,4.900582,4.900582,4.675582,4.675582,0.000000,horizon_mpc_secbf,4,4.725577,true,osqp,optimal,25,3.047876,0,5.175529,accept,false,0.000000,0.000000,0.000000,-0.000000,,,0.000000,0.000000,5.138400,0.000000
head_on,context_int,Proposed MPC-SECBF,107,10.700,2.200000,0.000000,0.000000,-0.000000,-0.049210,-3.350000,0.080000,-0.500000,0.000000,child,approaching,distracted,,0.000000,0.000000,5.550577,4.950577,0.225000,0.225000,0.225000,0.225000,0.000000,0.225000,0.000000,4.950577,4.950577,4.725577,4.725577,0.000000,horizon_mpc_secbf,4,4.775571,true,osqp,optimal,25,3.317801,0,5.225525,accept,false,0.000000,0.000000,0.000000,-0.000000,,,0.000000,0.000000,5.138400,0.000000
head_on,context_int,Proposed MPC-SECBF,108,10.800,2.200000,0.000000,0.000000,-0.000000,-0.049210,-3.400000,0.080000,-0.500000,0.000000,child,approaching,distracted,,0.000000,0.000000,5.600571,5.000571,0.225000,0.225000,0.225000,0.225000,0.000000,0.225000,0.000000,5.000571,5.000571,4.775571,4.775571,0.000000,horizon_mpc_secbf,4,4.825566,true,osqp,optimal,25,3.101258,0,5.275520,accept,false,0.000000,0.000000,0.000000,-0.000000,,,0.000000,0.000000,5.138400,0.000000
head_on,context_int,Proposed MPC-SECBF,109,10.900,2.200000,0.000000,0.000000,-0.000000,-0.049210,-3.450000,0.080000,-0.500000,0.000000,child,approaching,distracted,,0.000000,0.000000,5.650566,5.050566,0.225000,0.225000,0.225000,0.225000,0.000000,0.225000,0.000000,5.050566,5.050566,4.825566,4.825566,0.000000,horizon_mpc_secbf,4,4.875561,true,osqp,optimal,25,3.177157,0,5.325516,accept,false,0.000000,0.000000,0.000000,-0.000000,,,0.000000,0.000000,5.138400,0.000000
head_on,context_int,Proposed MPC-SECBF,110,11.000,2.200000,0.000000,0.000000,-0.000000,-0.049210,-3.500000,0.080000,-0.500000,0.000000,child,approaching,distracted,,0.000000,0.000000,5.700561,5.100561,0.225000,0.225000,0.225000,0.225000,0.000000,0.225000,0.000000,5.100561,5.100561,4.875561,4.875561,0.000000,horizon_mpc_secbf,4,4.925556,true,osqp,optimal,25,3.163036,0,5.375512,accept,false,0.000000,0.000000,0.000000,-0.000000,,,0.000000,0.000000,5.138400,0.000000
head_on,context_int,Proposed MPC-SECBF,111,11.100,2.200000,0.000000,0.000000,-0.000000,-0.049210,-3.550000,0.080000,-0.500000,0.000000,child,approaching,distracted,,0.000000,0.000000,5.750556,5.150556,0.225000,0.225000,0.225000,0.225000,0.000000,0.225000,0.000000,5.150556,5.150556,4.925556,4.925556,0.000000,horizon_mpc_secbf,4,4.975552,true,osqp,optimal,25,3.366333,0,5.425508,accept,false,0.000000,0.000000,0.000000,-0.000000,,,0.000000,0.000000,5.138400,0.000000
head_on,context_int,Proposed MPC-SECBF,112,11.200,2.200000,0.000000,0.000000,-0.000000,-0.049210,-3.600000,0.080000,-0.500000,0.000000,child,approaching,distracted,,0.000000,0.000000,5.800552,5.200552,0.225000,0.225000,0.225000,0.225000,0.000000,0.225000,0.000000,5.200552,5.200552,4.975552,4.975552,0.000000,horizon_mpc_secbf,4,5.025547,true,osqp,optimal,25,3.105207,0,5.475504,accept,false,0.000000,0.000000,0.000000,-0.000000,,,0.000000,0.000000,5.138400,0.000000
head_on,context_int,Proposed MPC-SECBF,113,11.300,2.200000,0.000000,0.000000,-0.000000,-0.049210,-3.650000,0.080000,-0.500000,0.000000,child,approaching,distracted,,0.000000,0.000000,5.850547,5.250547,0.225000,0.225000,0.225000,0.225000,0.000000,0.225000,0.000000,5.250547,5.250547,5.025547,5.025547,0.000000,horizon_mpc_secbf,4,5.075542,true,osqp,optimal,25,3.122596,0,5.525500,accept,false,0.000000,0.000000,0.000000,-0.000000,,,0.000000,0.000000,5.138400,0.000000
head_on,context_int,Proposed MPC-SECBF,114,11.400,2.200000,0.000000,0.000000,-0.000000,-0.049210,-3.700000,0.080000,-0.500000,0.000000,child,approaching,distracted,,0.000000,0.000000,5.900542,5.300542,0.225000,0.225000,0.225000,0.225000,0.000000,0.225000,0.000000,5.300542,5.300542,5.075542,5.075542,0.000000,horizon_mpc_secbf,4,5.125538,true,osqp,optimal,25,3.139412,0,5.575496,accept,false,0.000000,0.000000,0.000000,-0.000000,,,0.000000,0.000000,5.138400,0.000000
head_on,context_int,Proposed MPC-SECBF,115,11.500,2.200000,0.000000,0.000000,-0.000000,-0.049210,-3.750000,0.080000,-0.500000,0.000000,child,approaching,distracted,,0.000000,0.000000,5.950538,5.350538,0.225000,0.225000,0.225000,0.225000,0.000000,0.225000,0.000000,5.350538,5.350538,5.125538,5.125538,0.000000,horizon_mpc_secbf,4,5.175533,true,osqp,optimal,25,3.198082,0,5.625493,accept,false,0.000000,0.000000,0.000000,-0.000000,,,0.000000,0.000000,5.138400,0.000000
head_on,context_int,Proposed MPC-SECBF,116,11.600,2.200000,0.000000,0.000000,-0.000000,-0.049210,-3.800000,0.080000,-0.500000,0.000000,child,approaching,distracted,,0.000000,0.000000,6.000533,5.400533,0.225000,0.225000,0.225000,0.225000,0.000000,0.225000,0.000000,5.400533,5.400533,5.175533,5.175533,0.000000,horizon_mpc_secbf,4,5.225529,true,osqp,optimal,25,3.315738,0,5.675489,accept,false,0.000000,0.000000,0.000000,-0.000000,,,0.000000,0.000000,5.138400,0.000000
head_on,context_int,Proposed MPC-SECBF,117,11.700,2.200000,0.000000,0.000000,-0.000000,-0.049210,-3.850000,0.080000,-0.500000,0.000000,child,approaching,distracted,,0.000000,0.000000,6.050529,5.450529,0.225000,0.225000,0.225000,0.225000,0.000000,0.225000,0.000000,5.450529,5.450529,5.225529,5.225529,0.000000,horizon_mpc_secbf,4,5.275525,true,osqp,optimal,25,3.155603,0,5.725485,accept,false,0.000000,0.000000,0.000000,-0.000000,,,0.000000,0.000000,5.138400,0.000000
head_on,context_int,Proposed MPC-SECBF,118,11.800,2.200000,0.000000,0.000000,-0.000000,-0.049210,-3.900000,0.080000,-0.500000,0.000000,child,approaching,distracted,,0.000000,0.000000,6.100525,5.500525,0.225000,0.225000,0.225000,0.225000,0.000000,0.225000,0.000000,5.500525,5.500525,5.275525,5.275525,0.000000,horizon_mpc_secbf,4,5.325520,true,osqp,optimal,25,3.170051,0,5.775482,accept,false,0.000000,0.000000,0.000000,-0.000000,,,0.000000,0.000000,5.138400,0.000000
head_on,context_int,Proposed MPC-SECBF,119,11.900,2.200000,0.000000,0.000000,-0.000000,-0.049210,-3.950000,0.080000,-0.500000,0.000000,child,approaching,distracted,,0.000000,0.000000,6.150520,5.550520,0.225000,0.225000,0.225000,0.225000,0.000000,0.225000,0.000000,5.550520,5.550520,5.325520,5.325520,0.000000,horizon_mpc_secbf,4,5.375516,true,osqp,optimal,25,3.151954,0,5.825478,accept,false,0.000000,0.000000,0.000000,-0.000000,,,0.000000,0.000000,5.138400,0.000000
