scenario,context_level,method,step,time,robot_x,robot_y,robot_vx,robot_vy,robot_theta,human_x,human_y,human_vx,human_vy,human_type,motion_state,attention_state,ttc,head_on_factor,crowding_factor,distance,clearance,beta_candidate,beta_final,beta_requested,beta_applied,beta_dynamic,beta_cbf,delta_beta,h_standard,h_ee,h_see,h_cbf,slack,controller_type,horizon_steps,predicted_min_h,solver_success,solver_backend,solver_status,solver_iterations,solve_time_ms,active_constraints,min_cbf_value,guard_status,guard_active,u_ref_x,u_ref_y,cmd_vx,cmd_vy,cmd_v,cmd_omega,speed,command_step,path_length,goal_error
local_crowding,context_bl,Standard MPC-CBF,0,0.000,-2.200000,-0.350000,0.000000,0.000000,0.000000,0.150000,-1.100000,-0.060000,0.420000,pedestrian,walking,unknown,10.098536,1.000000,0.375000,2.466779,1.866779,0.000000,0.000000,0.000000,0.000000,0.000000,0.000000,0.000000,1.866779,1.866779,1.866779,1.866779,0.000000,horizon_mpc_secbf,4,1.525407,true,osqp,optimal,50,3.227667,0,1.090306,geometric,false,0.750000,0.000000,0.621017,0.000000,,,0.621017,0.621017,0.062102,4.400000
local_crowding,context_bl,Standard MPC-CBF,1,0.100,-2.137898,-0.350000,0.621017,0.000000,0.000000,0.144000,-1.058000,-0.060000,0.420000,pedestrian,walking,unknown,2.308990,1.000000,0.375000,2.389210,1.789210,0.000000,0.000000,0.000000,0.000000,0.000000,0.000000,0.000000,1.789210,1.789210,1.789210,1.789210,0.000000,horizon_mpc_secbf,4,1.437473,true,osqp,optimal,50,2.549862,0,0.913957,geometric,false,0.750000,-0.000000,0.726101,-0.000000,,,0.726101,0.105085,0.134712,4.337898
local_crowding,context_bl,Standard MPC-CBF,2,0.200,-2.065288,-0.350000,0.726101,-0.000000,-0.000000,0.138000,-1.016000,-0.060000,0.420000,pedestrian,walking,unknown,1.947076,1.000000,0.375000,2.301746,1.701746,0.000000,0.000000,0.000000,0.000000,0.000000,0.000000,0.000000,1.701746,1.701746,1.701746,1.701746,0.000000,horizon_mpc_secbf,4,1.349725,true,osqp,optimal,50,2.841039,0,0.818662,geometric,false,0.750000,0.000000,0.735590,-0.000000,,,0.735590,0.009489,0.208271,4.265288
local_crowding,context_bl,Standard MPC-CBF,3,0.300,-1.991729,-0.350000,0.735590,-0.000000,-0.000000,0.132000,-0.974000,-0.060000,0.420000,pedestrian,walking,unknown,1.829945,1.000000,0.375000,2.213504,1.613504,0.000000,0.000000,0.000000,0.000000,0.000000,0.000000,0.000000,1.613504,1.613504,1.613504,1.613504,0.000000,horizon_mpc_secbf,4,1.262187,true,osqp,optimal,50,2.504793,0,0.731780,geometric,false,0.750000,0.000000,0.735591,-0.000000,,,0.735591,0.000001,0.281830,4.191729
local_crowding,context_bl,Standard MPC-CBF,4,0.400,-1.918170,-0.350000,0.735591,-0.000000,-0.000000,0.126000,-0.932000,-0.060000,0.420000,pedestrian,walking,unknown,1.733041,1.000000,0.375000,2.125407,1.525407,0.000000,0.000000,0.000000,0.000000,0.000000,0.000000,0.000000,1.525407,1.525407,1.525407,1.525407,0.000000,horizon_mpc_secbf,4,1.175092,true,osqp,optimal,50,2.344552,0,0.645226,geometric,false,0.750000,0.000000,0.735591,0.000035,,,0.735591,0.000035,0.355389,4.118170
local_crowding,context_bl,Standard MPC-CBF,5,0.500,-1.844611,-0.349997,0.735591,0.000035,0.000047,0.120000,-0.890000,-0.060000,0.420000,pedestrian,walking,unknown,1.636383,1.000000,0.375000,2.037474,1.437474,0.000000,0.000000,0.000000,0.000000,0.000000,0.000000,0.000000,1.437474,1.437474,1.437474,1.437474,0.000000,horizon_mpc_secbf,4,1.088782,true,osqp,optimal,50,3.165416,0,0.559099,geometric,false,0.750000,-0.000001,0.735591,0.000303,,,0.735591,0.000269,0.428948,4.044611
local_crowding,context_bl,Standard MPC-CBF,6,0.600,-1.771052,-0.349966,0.735591,0.000303,0.000412,0.114000,-0.848000,-0.060000,0.420000,pedestrian,walking,unknown,1.540080,1.000000,0.375000,1.949733,1.349733,0.000000,0.000000,0.000000,0.000000,0.000000,0.000000,0.000000,1.349733,1.349733,1.349733,1.349733,0.000000,horizon_mpc_secbf,4,1.003209,true,osqp,optimal,50,3.563509,0,0.473722,geometric,false,0.750000,-0.000006,0.735591,0.001845,,,0.735594,0.001542,0.502508,3.971052
local_crowding,context_bl,Standard MPC-CBF,7,0.700,-1.697493,-0.349782,0.735591,0.001845,0.002508,0.108000,-0.806000,-0.060000,0.420000,pedestrian,walking,unknown,1.444560,1.000000,0.375000,1.862240,1.262240,0.000000,0.000000,0.000000,0.000000,0.000000,0.000000,0.000000,1.262240,1.262240,1.262240,1.262240,0.000000,horizon_mpc_secbf,4,0.918321,true,osqp,optimal,50,3.252096,0,0.390584,geometric,false,0.750000,-0.000042,0.735591,0.010548,,,0.735667,0.008703,0.576074,3.897493
local_crowding,context_bl,Standard MPC-CBF,8,0.800,-1.623933,-0.348727,0.735591,0.010548,0.014339,0.102000,-0.764000,-0.060000,0.420000,pedestrian,walking,unknown,1.351880,1.000000,0.375000,1.775190,1.175190,0.000000,0.000000,0.000000,0.000000,0.000000,0.000000,0.000000,1.175190,1.175190,1.175190,1.175190,0.000000,horizon_mpc_secbf,4,0.834060,true,osqp,optimal,50,3.669977,0,0.310858,geometric,false,0.750000,-0.000250,0.735592,0.031786,,,0.736278,0.021237,0.649702,3.823934
local_crowding,context_bl,Standard MPC-CBF,9,0.900,-1.550374,-0.345548,0.735592,0.031786,0.043184,0.096000,-0.722000,-0.060000,0.420000,adult,walking,attentive,1.263025,1.000000,0.375000,1.688865,1.088865,0.000000,0.000000,0.000000,0.000000,0.000000,0.000000,0.000000,1.088865,1.088865,1.088865,1.088865,0.000000,horizon_mpc_secbf,4,0.750351,true,osqp,optimal,50,3.538165,0,0.231832,geometric,false,0.749999,-0.000890,0.735592,0.054557,,,0.737612,0.022772,0.723463,3.750377
local_crowding,context_bl,Standard MPC-CBF,10,1.000,-1.476815,-0.340093,0.735592,0.054557,0.074032,0.090000,-0.680000,-0.060000,0.420000,adult,walking,attentive,1.173428,1.000000,0.375000,1.603261,1.003261,0.000000,0.000000,0.000000,0.000000,0.000000,0.000000,0.000000,1.003261,1.003261,1.003261,1.003261,0.000000,horizon_mpc_secbf,4,0.667142,true,osqp,optimal,50,3.142396,0,0.153011,geometric,false,0.749997,-0.002021,0.735591,0.076879,,,0.739598,0.022322,0.797423,3.676829
local_crowding,context_bl,Standard MPC-CBF,11,1.100,-1.403256,-0.332405,0.735591,0.076879,0.104135,0.084000,-0.638000,-0.060000,0.420000,adult,walking,attentive,1.082461,1.000000,0.375000,1.518328,0.918328,0.000000,0.000000,0.000000,0.000000,0.000000,0.000000,0.000000,0.918328,0.918328,0.918328,0.918328,0.000000,horizon_mpc_secbf,4,0.585021,true,osqp,optimal,50,2.565061,0,0.074279,geometric,false,0.749991,-0.003662,0.735592,0.098354,,,0.742138,0.021476,0.871637,3.603299
local_crowding,context_bl,Standard MPC-CBF,12,1.200,-1.329697,-0.322569,0.735592,0.098354,0.132920,0.078000,-0.596000,-0.060000,0.420000,adult,walking,attentive,0.990124,1.000000,0.375000,1.434007,0.834007,0.000000,0.000000,0.000000,0.000000,0.000000,0.000000,0.000000,0.834007,0.834007,0.834007,0.834007,0.000000,horizon_mpc_secbf,4,0.503954,true,osqp,optimal,50,3.274002,0,-0.004407,geometric,false,0.749977,-0.005828,0.735590,0.118863,,,0.745132,0.020509,0.946150,3.529803
local_crowding,context_bl,Standard MPC-CBF,13,1.300,-1.256138,-0.310683,0.735590,0.118863,0.160204,0.072000,-0.554000,-0.060000,0.420000,adult,walking,attentive,0.896527,1.000000,0.375000,1.350242,0.750242,0.000000,0.000000,0.000000,0.000000,0.000000,0.000000,0.000000,0.750242,0.750242,0.750242,0.750242,0.000000,horizon_mpc_secbf,4,0.423803,true,osqp,optimal,50,2.471729,0,-0.083089,geometric,false,0.749951,-0.008531,0.735589,0.138284,,,0.748474,0.019421,1.020998,3.456361
local_crowding,context_bl,Standard MPC-CBF,14,1.400,-1.182579,-0.296855,0.735589,0.138284,0.185823,0.066000,-0.512000,-0.060000,0.420000,adult,walking,attentive,0.801781,1.000000,0.375000,1.266979,0.666979,0.000000,0.000000,0.000000,0.000000,0.000000,0.000000,0.000000,0.666979,0.666979,0.666979,0.666979,0.000000,horizon_mpc_secbf,4,0.344511,true,osqp,optimal,50,3.298225,0,-0.157766,geometric,false,0.749907,-0.011782,0.731459,0.156287,,,0.747969,0.018471,1.095794,3.382996
local_crowding,context_bl,Standard MPC-CBF,15,1.500,-1.109433,-0.281226,0.731459,0.156287,0.210500,0.060000,-0.470000,-0.060000,0.420000,adult,walking,attentive,0.709974,1.000000,0.375000,1.184571,0.584571,0.000000,0.000000,0.000000,0.000000,0.000000,0.000000,0.000000,0.584571,0.584571,0.584571,0.584571,0.000000,horizon_mpc_secbf,4,0.266054,true,osqp,optimal,50,3.428565,0,-0.229601,geometric,false,0.749838,-0.015583,0.724755,0.172472,,,0.744995,0.017518,1.170294,3.310148
local_crowding,context_bl,Standard MPC-CBF,16,1.600,-1.036958,-0.263979,0.724755,0.172472,0.233628,0.054000,-0.428000,-0.060000,0.420000,adult,walking,attentive,0.619091,1.000000,0.375000,1.103219,0.503219,0.000000,0.000000,0.000000,0.000000,0.000000,0.000000,0.000000,0.503219,0.503219,0.503219,0.503219,0.000000,horizon_mpc_secbf,4,0.188359,true,osqp,optimal,50,3.620913,0,-0.301100,geometric,false,0.749735,-0.019924,0.718437,0.187727,,,0.742558,0.016512,1.244550,3.238100
local_crowding,context_bl,Standard MPC-CBF,17,1.700,-0.965114,-0.245206,0.718437,0.187727,0.255585,0.048000,-0.386000,-0.060000,0.420000,adult,walking,attentive,0.526589,1.000000,0.375000,1.022850,0.422850,0.000000,0.000000,0.000000,0.000000,0.000000,0.000000,0.000000,0.422850,0.422850,0.422850,0.422850,0.000000,horizon_mpc_secbf,4,0.111365,true,osqp,optimal,50,3.471346,0,-0.372339,geometric,false,0.749589,-0.024818,0.712533,0.201981,,,0.740607,0.015428,1.318610,3.166848
local_crowding,context_bl,Standard MPC-CBF,18,1.800,-0.893861,-0.225008,0.712533,0.201981,0.276223,0.042000,-0.344000,-0.060000,0.420000,adult,walking,attentive,0.432563,1.000000,0.375000,0.943395,0.343395,0.000000,0.000000,0.000000,0.000000,0.000000,0.000000,0.000000,0.343395,0.343395,0.343395,0.343395,0.000000,horizon_mpc_secbf,4,0.035019,true,osqp,optimal,50,3.417977,0,-0.443365,geometric,false,0.749389,-0.030275,0.707055,0.215206,,,0.739081,0.014314,1.392519,3.096384
local_crowding,context_bl,Standard MPC-CBF,19,1.900,-0.823155,-0.203487,0.707055,0.215206,0.295460,0.036000,-0.302000,-0.060000,0.420000,adult,walking,attentive,0.337137,1.000000,0.375000,0.864784,0.264784,0.000000,0.000000,0.000000,0.000000,0.000000,0.000000,0.000000,0.264784,0.264784,0.264784,0.264784,0.000119,horizon_mpc_secbf,4,-0.000119,true,osqp,optimal,50,3.386065,0,-0.424344,geometric,false,0.749121,-0.036305,0.612811,0.237260,,,0.657137,0.096790,1.458232,3.026703
local_crowding,context_bl,Standard MPC-CBF,20,2.000,-0.761874,-0.179761,0.612811,0.237260,0.369395,0.030000,-0.260000,-0.060000,0.420000,adult,walking,attentive,0.284861,1.000000,0.375000,0.795929,0.195929,0.000000,0.000000,0.000000,0.000000,0.000000,0.000000,0.000000,0.195929,0.195929,0.195929,0.195929,0.000290,horizon_mpc_secbf,4,-0.000301,true,osqp,optimal,25,3.601477,0,-0.331000,geometric,false,0.748764,-0.043037,0.452866,0.251713,,,0.518119,0.160596,1.510044,2.966762
local_crowding,context_bl,Standard MPC-CBF,21,2.100,-0.716587,-0.154590,0.452866,0.251713,0.507302,0.024000,-0.218000,-0.060000,0.420000,adult,walking,attentive,0.272763,1.000000,0.375000,0.743297,0.143297,0.000000,0.000000,0.000000,0.000000,0.000000,0.000000,0.000000,0.143297,0.143297,0.143297,0.143297,0.000415,horizon_mpc_secbf,4,-0.000415,true,osqp,optimal,50,3.309781,0,-0.249082,geometric,false,0.748322,-0.050137,0.319814,0.251609,,,0.406925,0.133053,1.550737,2.923126
local_crowding,context_bl,Standard MPC-CBF,22,2.200,-0.684606,-0.129429,0.319814,0.251609,0.666601,0.018000,-0.176000,-0.060000,0.420000,adult,walking,attentive,0.266964,1.000000,0.375000,0.704148,0.104148,0.000000,0.000000,0.000000,0.000000,0.000000,0.000000,0.000000,0.104148,0.104148,0.104148,0.104148,0.000266,horizon_mpc_secbf,4,-0.000095,true,osqp,optimal,50,3.083970,0,-0.421010,geometric,false,0.747817,-0.057182,0.414104,-0.371653,,,0.556424,0.630354,1.606379,2.893027
local_crowding,context_bl,Standard MPC-CBF,23,2.300,-0.643196,-0.166594,0.414104,-0.371653,-0.731425,0.012000,-0.134000,-0.060000,0.420000,adult,walking,attentive,0.128991,1.000000,0.375000,0.656006,0.056006,0.000000,0.000000,0.000000,0.000000,0.000000,0.000000,0.000000,0.056006,0.056006,0.056006,0.056006,0.000251,horizon_mpc_secbf,4,-0.000256,true,osqp,optimal,50,3.213761,0,-0.370376,geometric,false,0.748444,-0.048280,0.412573,-0.492880,,,0.642765,0.121237,1.670656,2.849105
local_crowding,context_bl,Standard MPC-CBF,24,2.400,-0.601938,-0.215882,0.412573,-0.492880,-0.873860,0.006000,-0.092000,-0.060000,0.420000,adult,walking,attentive,0.072768,1.000000,0.375000,0.620432,0.020432,0.000000,0.000000,0.000000,0.000000,0.000000,0.000000,0.000000,0.020432,0.020432,0.020432,0.020432,0.000229,horizon_mpc_secbf,4,-0.000232,true,osqp,optimal,50,3.217796,0,-0.250170,geometric,false,0.749142,-0.035859,0.407683,-0.518722,,,0.659756,0.026300,1.736631,2.805146
local_crowding,context_bl,Standard MPC-CBF,25,2.500,-0.561170,-0.267754,0.407683,-0.518722,-0.904688,0.000000,-0.050000,-0.060000,0.420000,adult,walking,attentive,0.020094,1.000000,0.375000,0.601937,0.001937,0.000000,0.000000,0.000000,0.000000,0.000000,0.000000,0.000000,0.001937,0.001937,0.001937,0.001937,0.000220,horizon_mpc_secbf,4,-0.000221,true,osqp,optimal,75,3.217001,0,-0.110754,geometric,false,0.749668,-0.022330,0.422459,-0.511215,,,0.663183,0.016574,1.802950,2.762395
local_crowding,context_bl,Standard MPC-CBF,26,2.600,-0.518924,-0.318876,0.422459,-0.511215,-0.880174,-0.006000,-0.008000,-0.060000,0.420000,adult,walking,attentive,,0.000000,0.375000,0.599779,-0.000221,0.000000,0.000000,0.000000,0.000000,0.000000,0.000000,0.000000,-0.000221,-0.000221,-0.000221,-0.000221,0.000150,horizon_mpc_secbf,4,-0.000150,true,osqp,optimal,50,3.269714,0,-0.090133,geometric,false,0.749951,-0.008585,0.555867,-0.422379,,,0.698134,0.160279,1.872763,2.719102
local_crowding,context_bl,Standard MPC-CBF,27,2.700,-0.463337,-0.361114,0.555867,-0.422379,-0.649780,-0.012000,0.034000,-0.060000,0.420000,adult,walking,attentive,,0.000000,0.375000,0.599850,-0.000150,0.000000,0.000000,0.000000,0.000000,0.000000,0.000000,0.000000,-0.000150,-0.000150,-0.000150,-0.000150,0.000000,horizon_mpc_secbf,4,0.003823,true,osqp,optimal,50,3.573935,0,-0.050004,geometric,false,0.749993,0.003130,0.660073,-0.326851,,,0.736565,0.141367,1.946419,2.663361
local_crowding,context_bl,Standard MPC-CBF,28,2.800,-0.397330,-0.393799,0.660073,-0.326851,-0.459779,-0.018000,0.076000,-0.060000,0.420000,adult,walking,attentive,,0.000000,0.375000,0.603823,0.003823,0.000000,0.000000,0.000000,0.000000,0.000000,0.000000,0.000000,0.003823,0.003823,0.003823,0.003823,0.000000,horizon_mpc_secbf,4,0.021844,true,osqp,optimal,50,3.213880,0,0.099734,geometric,false,0.749893,0.012645,0.673715,-0.295697,,,0.735750,0.034010,2.019994,2.597699
local_crowding,context_bl,Standard MPC-CBF,29,2.900,-0.329959,-0.423368,0.673715,-0.295697,-0.413589,-0.024000,0.118000,-0.060000,0.420000,adult,walking,attentive,,0.000000,0.375000,0.621844,0.021844,0.000000,0.000000,0.000000,0.000000,0.000000,0.000000,0.000000,0.021844,0.021844,0.021844,0.021844,0.000000,horizon_mpc_secbf,4,0.053582,true,osqp,optimal,50,5.016355,0,0.264043,geometric,false,0.749685,0.021741,0.681377,-0.277197,,,0.735604,0.020024,2.093555,2.531022
local_crowding,context_bl,Standard MPC-CBF,30,3.000,-0.261821,-0.451088,0.681377,-0.277197,-0.386371,-0.030000,0.160000,-0.060000,0.420000,adult,walking,attentive,,0.000000,0.375000,0.653582,0.053582,0.000000,0.000000,0.000000,0.000000,0.000000,0.000000,0.000000,0.053582,0.053582,0.053582,0.053582,0.000000,horizon_mpc_secbf,4,0.096865,true,osqp,optimal,50,3.135686,0,0.422573,geometric,false,0.749369,0.030771,0.689002,-0.258789,,,0.736000,0.019925,2.167155,2.463895
local_crowding,context_bl,Standard MPC-CBF,31,3.100,-0.192921,-0.476967,0.689002,-0.258789,-0.359296,-0.036000,0.202000,-0.060000,0.420000,adult,walking,attentive,,0.000000,0.375000,0.696865,0.096865,0.000000,0.000000,0.000000,0.000000,0.000000,0.000000,0.000000,0.096865,0.096865,0.096865,0.096865,0.000000,horizon_mpc_secbf,4,0.149245,true,osqp,optimal,50,3.112195,0,0.568075,geometric,false,0.748946,0.039739,0.697338,-0.238665,,,0.737049,0.021782,2.240860,2.396287
local_crowding,context_bl,Standard MPC-CBF,32,3.200,-0.123187,-0.500834,0.697338,-0.238665,-0.329755,-0.042000,0.244000,-0.060000,0.420000,adult,walking,attentive,,0.000000,0.375000,0.749245,0.149245,0.000000,0.000000,0.000000,0.000000,0.000000,0.000000,0.000000,0.149245,0.149245,0.149245,0.149245,0.000000,horizon_mpc_secbf,4,0.208541,true,osqp,optimal,50,3.240584,0,0.699401,geometric,false,0.748424,0.048592,0.706335,-0.216945,,,0.738901,0.023510,2.314750,2.328078
local_crowding,context_bl,Standard MPC-CBF,33,3.300,-0.052553,-0.522528,0.706335,-0.216945,-0.297995,-0.048000,0.286000,-0.060000,0.420000,adult,walking,attentive,,0.000000,0.375000,0.808541,0.208541,0.000000,0.000000,0.000000,0.000000,0.000000,0.000000,0.000000,0.208541,0.208541,0.208541,0.208541,0.000000,horizon_mpc_secbf,4,0.272990,true,osqp,optimal,50,3.291269,0,0.818179,geometric,false,0.747810,0.057276,0.715832,-0.194017,,,0.741659,0.024817,2.388916,2.259151
local_crowding,context_bl,Standard MPC-CBF,34,3.400,0.019030,-0.541930,0.715832,-0.194017,-0.264678,-0.054000,0.328000,-0.060000,0.420000,adult,walking,attentive,,0.000000,0.375000,0.872990,0.272990,0.000000,0.000000,0.000000,0.000000,0.000000,0.000000,0.000000,0.272990,0.272990,0.272990,0.272990,0.000000,horizon_mpc_secbf,4,0.341243,true,osqp,optimal,50,3.431504,0,0.926897,geometric,false,0.747113,0.065747,0.725676,-0.170251,,,0.745380,0.025724,2.463454,2.189399
local_crowding,context_bl,Standard MPC-CBF,35,3.500,0.091597,-0.558955,0.725676,-0.170251,-0.230442,-0.060000,0.370000,-0.060000,0.420000,adult,walking,attentive,,0.000000,0.375000,0.941243,0.341243,0.000000,0.000000,0.000000,0.000000,0.000000,0.000000,0.000000,0.341243,0.341243,0.341243,0.341243,0.000000,horizon_mpc_secbf,4,0.412227,true,osqp,optimal,50,3.343082,0,1.027339,geometric,false,0.746344,0.073967,0.734330,-0.145544,,,0.748614,0.026178,2.538315,2.118732
local_crowding,context_bl,Standard MPC-CBF,36,3.600,0.165030,-0.573509,0.734330,-0.145544,-0.195664,-0.066000,0.412000,-0.060000,0.420000,adult,walking,attentive,,0.000000,0.375000,1.012227,0.412227,0.000000,0.000000,0.000000,0.000000,0.000000,0.000000,0.000000,0.412227,0.412227,0.412227,0.412227,0.000000,horizon_mpc_secbf,4,0.484819,true,osqp,optimal,50,3.351879,0,1.118565,geometric,false,0.745517,0.081883,0.735589,-0.118979,,,0.745150,0.026595,2.612830,2.047207
local_crowding,context_bl,Standard MPC-CBF,37,3.700,0.238589,-0.585407,0.735589,-0.118979,-0.160358,-0.072000,0.454000,-0.060000,0.420000,adult,walking,attentive,,0.000000,0.375000,1.084819,0.484819,0.000000,0.000000,0.000000,0.000000,0.000000,0.000000,0.000000,0.484819,0.484819,0.484819,0.484819,0.000000,horizon_mpc_secbf,4,0.558284,true,osqp,optimal,50,3.524230,0,1.203086,geometric,false,0.744656,0.089373,0.735590,-0.091915,,,0.741311,0.027064,2.686961,1.975487
local_crowding,context_bl,Standard MPC-CBF,38,3.800,0.312148,-0.594599,0.735590,-0.091915,-0.124309,-0.078000,0.496000,-0.060000,0.420000,adult,walking,attentive,,0.000000,0.375000,1.158284,0.558284,0.000000,0.000000,0.000000,0.000000,0.000000,0.000000,0.000000,0.558284,0.558284,0.558284,0.558284,0.000000,horizon_mpc_secbf,4,0.632123,true,osqp,optimal,50,2.895664,0,1.282740,geometric,false,0.743783,0.096368,0.735591,-0.064804,,,0.738440,0.027110,2.760805,1.903631
local_crowding,context_bl,Standard MPC-CBF,39,3.900,0.385708,-0.601079,0.735591,-0.064804,-0.087872,-0.084000,0.538000,-0.060000,0.420000,adult,walking,attentive,,0.000000,0.375000,1.232123,0.632123,0.000000,0.000000,0.000000,0.000000,0.000000,0.000000,0.000000,0.632123,0.632123,0.632123,0.632123,0.000000,horizon_mpc_secbf,4,0.705990,true,osqp,optimal,50,2.478433,0,1.358739,geometric,false,0.742920,0.102812,0.735591,-0.037901,,,0.736567,0.026904,2.834462,1.831583
local_crowding,context_bl,Standard MPC-CBF,40,4.000,0.459267,-0.604869,0.735591,-0.037901,-0.051478,-0.090000,0.580000,-0.060000,0.420000,adult,walking,attentive,,0.000000,0.375000,1.305990,0.705990,0.000000,0.000000,0.000000,0.000000,0.000000,0.000000,0.000000,0.705990,0.705990,0.705990,0.705990,0.000000,horizon_mpc_secbf,4,0.779648,true,osqp,optimal,50,2.768568,0,1.431985,geometric,false,0.742088,0.108653,0.735591,-0.011399,,,0.735680,0.026502,2.908030,1.759293
local_crowding,context_bl,Standard MPC-CBF,41,4.100,0.532826,-0.606009,0.735591,-0.011399,-0.015495,-0.096000,0.622000,-0.060000,0.420000,adult,walking,attentive,,0.000000,0.375000,1.379648,0.779648,0.000000,0.000000,0.000000,0.000000,0.000000,0.000000,0.000000,0.779648,0.779648,0.779648,0.779648,0.000000,horizon_mpc_secbf,4,0.852943,true,osqp,optimal,50,3.034410,0,1.503170,geometric,false,0.741311,0.113835,0.735592,0.014533,,,0.735735,0.025932,2.981603,1.686716
local_crowding,context_bl,Standard MPC-CBF,42,4.200,0.606385,-0.604556,0.735592,0.014533,0.019755,-0.102000,0.664000,-0.060000,0.420000,adult,walking,attentive,,0.000000,0.375000,1.452943,0.852943,0.000000,0.000000,0.000000,0.000000,0.000000,0.000000,0.000000,0.852943,0.852943,0.852943,0.852943,0.000000,horizon_mpc_secbf,4,0.925782,true,osqp,optimal,50,3.359604,0,1.572833,geometric,false,0.740611,0.118301,0.735592,0.039746,,,0.736665,0.025213,3.055270,1.613818
local_crowding,context_bl,Standard MPC-CBF,43,4.300,0.679944,-0.600581,0.735592,0.039746,0.053980,-0.108000,0.706000,-0.060000,0.420000,adult,walking,attentive,,0.000000,0.375000,1.525782,0.925782,0.000000,0.000000,0.000000,0.000000,0.000000,0.000000,0.000000,0.925782,0.925782,0.925782,0.925782,0.000000,horizon_mpc_secbf,4,0.998119,true,osqp,optimal,50,3.686050,0,1.641413,geometric,false,0.740012,0.121991,0.735592,0.064097,,,0.738379,0.024351,3.129108,1.540572
local_crowding,context_bl,Standard MPC-CBF,44,4.400,0.753503,-0.594171,0.735592,0.064097,0.086917,-0.114000,0.748000,-0.060000,0.420000,adult,walking,attentive,,0.000000,0.375000,1.598119,0.998119,0.000000,0.000000,0.000000,0.000000,0.000000,0.000000,0.000000,0.998119,0.998119,0.998119,0.998119,0.000000,horizon_mpc_secbf,4,1.069957,true,osqp,optimal,50,3.351459,0,1.709372,geometric,false,0.739538,0.124835,0.735591,0.087338,,,0.740758,0.023241,3.203184,1.466960
local_crowding,context_bl,Standard MPC-CBF,45,4.500,0.827062,-0.585437,0.735591,0.087338,0.118179,-0.120000,0.790000,-0.060000,0.420000,adult,walking,attentive,,0.000000,0.375000,1.669957,1.069957,0.000000,0.000000,0.000000,0.000000,0.000000,0.000000,0.000000,1.069957,1.069957,1.069957,1.069957,0.000000,horizon_mpc_secbf,4,1.141372,true,osqp,optimal,50,3.151502,0,1.777524,geometric,false,0.739210,0.126763,0.735592,0.108731,,,0.743584,0.021392,3.277542,1.392978
local_crowding,context_bl,Standard MPC-CBF,46,4.600,0.900622,-0.574564,0.735592,0.108731,0.146751,-0.126000,0.832000,-0.060000,0.420000,adult,walking,attentive,,0.000000,0.375000,1.741372,1.141372,0.000000,0.000000,0.000000,0.000000,0.000000,0.000000,0.000000,1.141372,1.141372,1.141372,1.141372,0.000000,horizon_mpc_secbf,4,1.212752,true,osqp,optimal,50,3.157715,0,1.849123,geometric,false,0.739044,0.127725,0.735590,0.124466,,,0.746046,0.015735,3.352147,1.318641
local_crowding,context_bl,Standard MPC-CBF,47,4.700,0.974181,-0.562118,0.735590,0.124466,0.167618,-0.132000,0.874000,-0.060000,0.420000,adult,walking,attentive,,0.000000,0.375000,1.812752,1.212752,0.000000,0.000000,0.000000,0.000000,0.000000,0.000000,0.000000,1.212752,1.212752,1.212752,1.212752,0.000000,horizon_mpc_secbf,4,1.285031,true,osqp,optimal,50,3.263285,0,1.930128,geometric,false,0.739017,0.127881,0.735590,0.127295,,,0.746523,0.002829,3.426799,1.244037
local_crowding,context_bl,Standard MPC-CBF,48,4.800,1.047740,-0.549388,0.735590,0.127295,0.171354,-0.138000,0.916000,-0.060000,0.420000,adult,walking,attentive,,0.000000,0.375000,1.885031,1.285031,0.000000,0.000000,0.000000,0.000000,0.000000,0.000000,0.000000,1.285031,1.285031,1.285031,1.285031,0.000000,horizon_mpc_secbf,4,1.358275,true,osqp,optimal,50,3.176474,0,2.012647,geometric,false,0.739017,0.127880,0.735590,0.127780,,,0.746606,0.000485,3.501459,1.169384
local_crowding,context_bl,Standard MPC-CBF,49,4.900,1.121299,-0.536610,0.735590,0.127780,0.171994,-0.144000,0.958000,-0.060000,0.420000,adult,walking,attentive,,0.000000,0.375000,1.958275,1.358275,0.000000,0.000000,0.000000,0.000000,0.000000,0.000000,0.000000,1.358275,1.358275,1.358275,1.358275,0.000000,horizon_mpc_secbf,4,1.432410,true,osqp,optimal,50,2.242031,0,2.095317,geometric,false,0.739023,0.127848,0.735590,0.127836,,,0.746616,0.000056,3.576121,1.094724
local_crowding,context_bl,Standard MPC-CBF,50,5.000,1.194858,-0.523827,0.735590,0.127836,0.172068,-0.150000,1.000000,-0.060000,0.420000,adult,walking,attentive,,0.000000,0.375000,2.032410,1.432410,0.000000,0.000000,0.000000,0.000000,0.000000,0.000000,0.000000,1.432410,1.432410,1.432410,1.432410,0.000000,horizon_mpc_secbf,4,1.507347,true,osqp,optimal,50,2.653257,0,2.177929,geometric,false,0.739030,0.127806,0.735590,0.127811,,,0.746611,0.000025,3.650782,1.020062
local_crowding,context_bl,Standard MPC-CBF,51,5.100,1.268417,-0.511046,0.735590,0.127811,0.172036,-0.156000,1.042000,-0.060000,0.420000,adult,walking,attentive,,0.000000,0.375000,2.107347,1.507347,0.000000,0.000000,0.000000,0.000000,0.000000,0.000000,0.000000,1.507347,1.507347,1.507347,1.507347,0.000000,horizon_mpc_secbf,4,1.583006,true,osqp,optimal,50,2.470944,0,2.260475,geometric,false,0.739038,0.127760,0.735590,0.127769,,,0.746604,0.000043,3.725443,0.945401
local_crowding,context_bl,Standard MPC-CBF,52,5.200,1.341976,-0.498269,0.735590,0.127769,0.171979,-0.162000,1.084000,-0.060000,0.420000,adult,walking,attentive,,0.000000,0.375000,2.183006,1.583006,0.000000,0.000000,0.000000,0.000000,0.000000,0.000000,0.000000,1.583006,1.583006,1.583006,1.583006,0.000000,horizon_mpc_secbf,4,1.659315,true,osqp,optimal,50,2.229493,0,2.342974,geometric,false,0.739047,0.127709,0.735590,0.127719,,,0.746596,0.000049,3.800102,0.870741
local_crowding,context_bl,Standard MPC-CBF,53,5.300,1.415535,-0.485497,0.735590,0.127719,0.171915,-0.168000,1.126000,-0.060000,0.420000,adult,walking,attentive,,0.000000,0.375000,2.259315,1.659315,0.000000,0.000000,0.000000,0.000000,0.000000,0.000000,0.000000,1.659315,1.659315,1.659315,1.659315,0.000000,horizon_mpc_secbf,4,1.736210,true,osqp,optimal,50,3.206177,0,2.425451,geometric,false,0.739057,0.127654,0.735590,0.127665,,,0.746586,0.000054,3.874761,0.796081
local_crowding,context_bl,Standard MPC-CBF,54,5.400,1.489094,-0.472730,0.735590,0.127665,0.171843,-0.174000,1.168000,-0.060000,0.420000,adult,walking,attentive,,0.000000,0.375000,2.336210,1.736210,0.000000,0.000000,0.000000,0.000000,0.000000,0.000000,0.000000,1.736210,1.736210,1.736210,1.736210,0.000000,horizon_mpc_secbf,4,1.813636,true,osqp,optimal,50,2.455816,0,2.507923,geometric,false,0.739067,0.127592,0.735590,0.127605,,,0.746576,0.000060,3.949418,0.721423
local_crowding,context_bl,Standard MPC-CBF,55,5.500,1.562653,-0.459970,0.735590,0.127605,0.171763,-0.180000,1.210000,-0.060000,0.420000,adult,walking,attentive,,0.000000,0.375000,2.413636,1.813636,0.000000,0.000000,0.000000,0.000000,0.000000,0.000000,0.000000,1.813636,1.813636,1.813636,1.813636,0.000000,horizon_mpc_secbf,4,1.891544,true,osqp,optimal,50,2.748120,0,2.590407,geometric,false,0.739079,0.127523,0.735590,0.127537,,,0.746564,0.000068,4.024075,0.646765
local_crowding,context_bl,Standard MPC-CBF,56,5.600,1.636212,-0.447216,0.735590,0.127537,0.171674,-0.186000,1.252000,-0.060000,0.420000,adult,walking,attentive,,0.000000,0.375000,2.491544,1.891544,0.000000,0.000000,0.000000,0.000000,0.000000,0.000000,0.000000,1.891544,1.891544,1.891544,1.891544,0.000000,horizon_mpc_secbf,4,1.969891,true,osqp,optimal,50,3.413654,0,2.672915,geometric,false,0.739093,0.127445,0.735590,0.127460,,,0.746551,0.000077,4.098730,0.572109
local_crowding,context_bl,Standard MPC-CBF,57,5.700,1.709771,-0.434470,0.735590,0.127460,0.171573,-0.192000,1.294000,-0.060000,0.420000,adult,walking,attentive,,0.000000,0.375000,2.569891,1.969891,0.000000,0.000000,0.000000,0.000000,0.000000,0.000000,0.000000,1.969891,1.969891,1.969891,1.969891,0.000000,horizon_mpc_secbf,4,2.048640,true,osqp,optimal,50,3.287337,0,2.755461,geometric,false,0.739108,0.127354,0.735590,0.127372,,,0.746536,0.000088,4.173384,0.497454
local_crowding,context_bl,Standard MPC-CBF,58,5.800,1.783330,-0.421733,0.735590,0.127372,0.171456,-0.198000,1.336000,-0.060000,0.420000,adult,walking,attentive,,0.000000,0.375000,2.648640,2.048640,0.000000,0.000000,0.000000,0.000000,0.000000,0.000000,0.000000,2.048640,2.048640,2.048640,2.048640,0.000000,horizon_mpc_secbf,4,2.127756,true,osqp,optimal,50,3.282966,0,2.838053,geometric,false,0.739127,0.127246,0.735590,0.127268,,,0.746518,0.000104,4.248035,0.422800
local_crowding,context_bl,Standard MPC-CBF,59,5.900,1.856889,-0.409006,0.735590,0.127268,0.171319,-0.204000,1.378000,-0.060000,0.420000,adult,walking,attentive,,0.000000,0.375000,2.727756,2.127756,0.000000,0.000000,0.000000,0.000000,0.000000,0.000000,0.000000,2.127756,2.127756,2.127756,2.127756,0.000000,horizon_mpc_secbf,4,2.207211,true,osqp,optimal,50,3.181231,0,2.920702,geometric,false,0.739149,0.127114,0.735590,0.127141,,,0.746497,0.000127,4.322685,0.348148
local_crowding,context_bl,Standard MPC-CBF,60,6.000,1.930448,-0.396292,0.735590,0.127141,0.171151,-0.210000,1.420000,-0.060000,0.420000,adult,walking,attentive,,0.000000,0.375000,2.807211,2.207211,0.000000,0.000000,0.000000,0.000000,0.000000,0.000000,0.000000,2.207211,2.207211,2.207211,2.207211,0.000000,horizon_mpc_secbf,4,2.286979,true,osqp,optimal,50,3.061131,0,3.003422,geometric,false,0.739179,0.126944,0.735590,0.126978,,,0.746469,0.000163,4.397332,0.273498
local_crowding,context_bl,Standard MPC-CBF,61,6.100,2.004007,-0.383594,0.735590,0.126978,0.170936,-0.216000,1.462000,-0.060000,0.420000,adult,walking,attentive,,0.000000,0.375000,2.886979,2.286979,0.000000,0.000000,0.000000,0.000000,0.000000,0.000000,0.000000,2.286979,2.286979,2.286979,2.286979,0.000000,horizon_mpc_secbf,4,2.367040,true,osqp,optimal,50,3.130718,0,3.086233,geometric,false,0.739220,0.126706,0.735590,0.126753,,,0.746431,0.000225,4.471975,0.198852
local_crowding,context_bl,Standard MPC-CBF,62,6.200,2.077566,-0.370919,0.735590,0.126753,0.170639,-0.222000,1.504000,-0.060000,0.420000,adult,walking,attentive,,0.000000,0.375000,2.967040,2.367040,0.000000,0.000000,0.000000,0.000000,0.000000,0.000000,0.000000,2.367040,2.367040,2.367040,2.367040,0.000000,horizon_mpc_secbf,4,2.447379,true,osqp,optimal,50,3.258047,0,3.169189,geometric,false,0.739287,0.126314,0.735590,0.126389,,,0.746369,0.000364,4.546612,0.124209
local_crowding,context_bl,Standard MPC-CBF,63,6.300,2.151125,-0.358280,0.735590,0.126389,0.170159,-0.228000,1.546000,-0.060000,0.420000,adult,walking,attentive,,0.000000,0.375000,3.047379,2.447379,0.000000,0.000000,0.000000,0.000000,0.000000,0.000000,0.000000,2.447379,2.447379,2.447379,2.447379,0.000001,horizon_mpc_secbf,4,2.514151,true,osqp,optimal,25,3.197055,0,3.114899,geometric,false,0.488753,0.082801,0.531103,0.090281,,,0.538721,0.207651,4.600484,0.049572
local_crowding,context_bl,Standard MPC-CBF,64,6.400,2.204235,-0.349252,0.531103,0.090281,0.168377,-0.234000,1.588000,-0.060000,0.420000,adult,walking,attentive,,0.000000,0.375000,3.114151,2.514151,0.000000,0.000000,0.000000,0.000000,0.000000,0.000000,0.000000,2.514151,2.514151,2.514151,2.514151,0.000000,horizon_mpc_secbf,4,2.545156,true,osqp,optimal,50,3.044550,0,2.822849,geometric,false,-0.042349,-0.007479,0.000106,-0.000585,,,0.000595,0.538716,4.600544,0.004300
local_crowding,context_bl,Standard MPC-CBF,65,6.500,2.204246,-0.349311,0.000106,-0.000585,-1.392206,-0.240000,1.630000,-0.060000,0.420000,adult,walking,attentive,,0.000000,0.375000,3.145156,2.545156,0.000000,0.000000,0.000000,0.000000,0.000000,0.000000,0.000000,2.545156,2.545156,2.545156,2.545156,0.000000,horizon_mpc_secbf,4,2.574041,true,osqp,optimal,25,2.971026,0,2.832438,geometric,false,-0.042455,-0.006894,-0.035153,-0.005812,,,0.035630,0.035644,4.604107,0.004301
local_crowding,context_bl,Standard MPC-CBF,66,6.600,2.200730,-0.349892,-0.035153,-0.005812,-2.977743,-0.246000,1.672000,-0.060000,0.420000,adult,walking,attentive,,0.000000,0.375000,3.174041,2.574041,0.000000,0.000000,0.000000,0.000000,0.000000,0.000000,0.000000,2.574041,2.574041,2.574041,2.574041,0.000000,horizon_mpc_secbf,4,2.604745,true,osqp,optimal,25,3.205589,0,2.879730,geometric,false,-0.007302,-0.001082,-0.012081,-0.001894,,,0.012228,0.023402,4.605329,0.000738
local_crowding,context_bl,Standard MPC-CBF,67,6.700,2.199522,-0.350081,-0.012081,-0.001894,-2.986098,-0.252000,1.714000,-0.060000,0.420000,adult,walking,attentive,,0.000000,0.375000,3.204745,2.604745,0.000000,0.000000,0.000000,0.000000,0.000000,0.000000,0.000000,2.604745,2.604745,2.604745,2.604745,0.000000,horizon_mpc_secbf,4,2.636630,true,osqp,optimal,25,3.215982,0,2.922372,geometric,false,0.004778,0.000812,0.001886,0.000347,,,0.001917,0.014145,4.605521,0.000485
local_crowding,context_bl,Standard MPC-CBF,68,6.800,2.199711,-0.350046,0.001886,0.000347,0.182168,-0.258000,1.756000,-0.060000,0.420000,adult,walking,attentive,,0.000000,0.375000,3.236630,2.636630,0.000000,0.000000,0.000000,0.000000,0.000000,0.000000,0.000000,2.636630,2.636630,2.636630,2.636630,0.000000,horizon_mpc_secbf,4,2.668811,true,osqp,optimal,25,3.286238,0,2.957257,geometric,false,0.002893,0.000464,0.002720,0.000444,,,0.002756,0.000840,4.605797,0.000293
local_crowding,context_bl,Standard MPC-CBF,69,6.900,2.199983,-0.350002,0.002720,0.000444,0.161861,-0.264000,1.798000,-0.060000,0.420000,adult,walking,attentive,,0.000000,0.375000,3.268811,2.668811,0.000000,0.000000,0.000000,0.000000,0.000000,0.000000,0.000000,2.668811,2.668811,2.668811,2.668811,0.000000,horizon_mpc_secbf,4,2.701088,true,osqp,optimal,25,3.264356,0,2.990427,geometric,false,0.000173,0.000020,0.000610,0.000093,,,0.000617,0.002139,4.605858,0.000017
local_crowding,context_bl,Standard MPC-CBF,70,7.000,2.200044,-0.349993,0.000610,0.000093,0.151012,-0.270000,1.840000,-0.060000,0.420000,adult,walking,attentive,,0.000000,0.375000,3.301088,2.701088,0.000000,0.000000,0.000000,0.000000,0.000000,0.000000,0.000000,2.701088,2.701088,2.701088,2.701088,0.000000,horizon_mpc_secbf,4,2.733538,true,osqp,optimal,25,3.073388,0,3.024455,geometric,false,-0.000437,-0.000073,-0.000257,-0.000044,,,0.000261,0.000878,4.605884,0.000044
local_crowding,context_bl,Standard MPC-CBF,71,7.100,2.200018,-0.349997,-0.000257,-0.000044,-2.970924,-0.276000,1.882000,-0.060000,0.420000,adult,walking,attentive,,0.000000,0.375000,3.333538,2.733538,0.000000,0.000000,0.000000,0.000000,0.000000,0.000000,0.000000,2.733538,2.733538,2.733538,2.733538,0.000000,horizon_mpc_secbf,4,2.766214,true,osqp,optimal,25,3.105397,0,3.059196,geometric,false,-0.000180,-0.000028,-0.000193,-0.000031,,,0.000195,0.000066,4.605904,0.000018
local_crowding,context_bl,Standard MPC-CBF,72,7.200,2.199999,-0.350000,-0.000193,-0.000031,-2.981572,-0.282000,1.924000,-0.060000,0.420000,adult,walking,attentive,,0.000000,0.375000,3.366214,2.766214,0.000000,0.000000,0.000000,0.000000,0.000000,0.000000,0.000000,2.766214,2.766214,2.766214,2.766214,0.000000,horizon_mpc_secbf,4,2.799117,true,osqp,optimal,25,3.296472,0,3.094177,geometric,false,0.000013,0.000003,-0.000000,0.000001,,,0.000001,0.000195,4.605904,0.000001
local_crowding,context_bl,Standard MPC-CBF,73,7.300,2.199999,-0.350000,-0.000000,0.000001,1.898418,-0.288000,1.966000,-0.060000,0.420000,adult,walking,attentive,,0.000000,0.375000,3.399117,2.799117,0.000000,0.000000,0.000000,0.000000,0.000000,0.000000,0.000000,2.799117,2.799117,2.799117,2.799117,0.000000,horizon_mpc_secbf,4,2.832229,true,osqp,optimal,25,3.345885,0,3.129210,geometric,false,0.000014,0.000001,0.000011,0.000001,,,0.000011,0.000012,4.605905,0.000001
local_crowding,context_bl,Standard MPC-CBF,74,7.400,2.200000,-0.350000,0.000011,0.000001,0.119647,-0.294000,2.008000,-0.060000,0.420000,adult,walking,attentive,,0.000000,0.375000,3.432229,2.832229,0.000000,0.000000,0.000000,0.000000,0.000000,0.000000,0.000000,2.832229,2.832229,2.832229,2.832229,0.000000,horizon_mpc_secbf,4,2.865545,true,osqp,optimal,25,3.249009,0,3.164378,geometric,false,0.000002,-0.000000,0.000004,0.000000,,,0.000004,0.000007,4.605906,0.000000
local_crowding,context_bl,Standard MPC-CBF,75,7.500,2.200000,-0.350000,0.000004,0.000000,0.058428,-0.300000,2.050000,-0.060000,0.420000,adult,walking,attentive,,0.000000,0.375000,3.465545,2.865545,0.000000,0.000000,0.000000,0.000000,0.000000,0.000000,0.000000,2.865545,2.865545,2.865545,2.865545,0.000000,horizon_mpc_secbf,4,2.899057,true,osqp,optimal,25,3.209368,0,3.199691,geometric,false,-0.000002,-0.000000,-0.000001,-0.000000,,,0.000001,0.000005,4.605906,0.000000
local_crowding,context_bl,Standard MPC-CBF,76,7.600,2.200000,-0.350000,-0.000001,-0.000000,-2.882907,-0.306000,2.092000,-0.060000,0.420000,adult,walking,attentive,,0.000000,0.375000,3.499057,2.899057,0.000000,0.000000,0.000000,0.000000,0.000000,0.000000,0.000000,2.899057,2.899057,2.899057,2.899057,0.000000,horizon_mpc_secbf,4,2.932761,true,osqp,optimal,25,3.228502,0,3.235147,geometric,false,-0.000001,-0.000000,-0.000001,-0.000000,,,0.000001,0.000000,4.605906,0.000000
local_crowding,context_bl,Standard MPC-CBF,77,7.700,2.200000,-0.350000,-0.000001,-0.000000,-3.036714,-0.312000,2.134000,-0.060000,0.420000,adult,walking,attentive,,0.000000,0.375000,3.532761,2.932761,0.000000,0.000000,0.000000,0.000000,0.000000,0.000000,0.000000,2.932761,2.932761,2.932761,2.932761,0.000000,horizon_mpc_secbf,4,2.966651,true,osqp,optimal,25,3.270993,0,3.270740,geometric,false,-0.000000,0.000000,-0.000000,-0.000000,,,0.000000,0.000001,4.605906,0.000000
local_crowding,context_bl,Standard MPC-CBF,78,7.800,2.200000,-0.350000,-0.000000,-0.000000,-3.115080,-0.318000,2.176000,-0.060000,0.420000,adult,walking,attentive,,0.000000,0.375000,3.566651,2.966651,0.000000,0.000000,0.000000,0.000000,0.000000,0.000000,0.000000,2.966651,2.966651,2.966651,2.966651,0.000000,horizon_mpc_secbf,4,3.000722,true,osqp,optimal,25,3.241389,0,3.306466,geometric,false,0.000000,0.000000,0.000000,0.000000,,,0.000000,0.000000,4.605906,0.000000
local_crowding,context_bl,Standard MPC-CBF,79,7.900,2.200000,-0.350000,0.000000,0.000000,0.170535,-0.324000,2.218000,-0.060000,0.420000,adult,walking,attentive,,0.000000,0.375000,3.600722,3.000722,0.000000,0.000000,0.000000,0.000000,0.000000,0.000000,0.000000,3.000722,3.000722,3.000722,3.000722,0.000000,horizon_mpc_secbf,4,3.034969,true,osqp,optimal,25,2.185693,0,3.342320,geometric,false,0.000000,0.000000,0.000000,0.000000,,,0.000000,0.000000,4.605906,0.000000
local_crowding,context_bl,Standard MPC-CBF,80,8.000,2.200000,-0.350000,0.000000,0.000000,0.091349,-0.330000,2.260000,-0.060000,0.420000,adult,walking,attentive,,0.000000,0.375000,3.634969,3.034969,0.000000,0.000000,0.000000,0.000000,0.000000,0.000000,0.000000,3.034969,3.034969,3.034969,3.034969,0.000000,horizon_mpc_secbf,4,3.069387,true,osqp,optimal,25,2.429413,0,3.378301,geometric,false,0.000000,0.000000,0.000000,0.000000,,,0.000000,0.000000,4.605906,0.000000
local_crowding,context_bl,Standard MPC-CBF,81,8.100,2.200000,-0.350000,0.000000,0.000000,0.091351,-0.336000,2.302000,-0.060000,0.420000,adult,walking,attentive,,0.000000,0.375000,3.669387,3.069387,0.000000,0.000000,0.000000,0.000000,0.000000,0.000000,0.000000,3.069387,3.069387,3.069387,3.069387,0.000000,horizon_mpc_secbf,4,3.103971,true,osqp,optimal,25,2.107802,0,3.414404,geometric,false,-0.000000,-0.000000,-0.000000,-0.000000,,,0.000000,0.000000,4.605906,0.000000
local_crowding,context_bl,Standard MPC-CBF,82,8.200,2.200000,-0.350000,-0.000000,-0.000000,-2.943137,-0.342000,2.344000,-0.060000,0.420000,adult,walking,attentive,,0.000000,0.375000,3.703971,3.103971,0.000000,0.000000,0.000000,0.000000,0.000000,0.000000,0.000000,3.103971,3.103971,3.103971,3.103971,0.000000,horizon_mpc_secbf,4,3.138716,true,osqp,optimal,25,2.280001,0,3.450626,geometric,false,0.000000,0.000000,-0.000000,-0.000000,,,0.000000,0.000000,4.605906,0.000000
local_crowding,context_bl,Standard MPC-CBF,83,8.300,2.200000,-0.350000,-0.000000,-0.000000,-2.943137,-0.348000,2.386000,-0.060000,0.420000,adult,walking,attentive,,0.000000,0.375000,3.738716,3.138716,0.000000,0.000000,0.000000,0.000000,0.000000,0.000000,0.000000,3.138716,3.138716,3.138716,3.138716,0.000000,horizon_mpc_secbf,4,3.173619,true,osqp,optimal,25,3.051251,0,3.486964,geometric,false,0.000000,0.000000,-0.000000,-0.000000,,,0.000000,0.000000,4.605906,0.000000
local_crowding,context_bl,Standard MPC-CBF,84,8.400,2.200000,-0.350000,-0.000000,-0.000000,-2.943137,-0.354000,2.428000,-0.060000,0.420000,adult,walking,attentive,,0.000000,0.375000,3.773619,3.173619,0.000000,0.000000,0.000000,0.000000,0.000000,0.000000,0.000000,3.173619,3.173619,3.173619,3.173619,0.000000,horizon_mpc_secbf,4,3.208674,true,osqp,optimal,25,2.239342,0,3.523416,geometric,false,0.000000,0.000000,0.000000,-0.000000,,,0.000000,0.000000,4.605906,0.000000
local_crowding,context_bl,Standard MPC-CBF,85,8.500,2.200000,-0.350000,0.000000,-0.000000,-2.943137,-0.360000,2.470000,-0.060000,0.420000,adult,walking,attentive,,0.000000,0.375000,3.808674,3.208674,0.000000,0.000000,0.000000,0.000000,0.000000,0.000000,0.000000,3.208674,3.208674,3.208674,3.208674,0.000000,horizon_mpc_secbf,4,3.243878,true,osqp,optimal,25,2.124264,0,3.559978,geometric,false,0.000000,0.000000,0.000000,-0.000000,,,0.000000,0.000000,4.605906,0.000000
local_crowding,context_bl,Standard MPC-CBF,86,8.600,2.200000,-0.350000,0.000000,-0.000000,-2.943137,-0.366000,2.512000,-0.060000,0.420000,adult,walking,attentive,,0.000000,0.375000,3.843878,3.243878,0.000000,0.000000,0.000000,0.000000,0.000000,0.000000,0.000000,3.243878,3.243878,3.243878,3.243878,0.000000,horizon_mpc_secbf,4,3.279227,true,osqp,optimal,25,2.839684,0,3.596647,geometric,false,0.000000,0.000000,0.000000,-0.000000,,,0.000000,0.000000,4.605906,0.000000
local_crowding,context_bl,Standard MPC-CBF,87,8.700,2.200000,-0.350000,0.000000,-0.000000,-2.943137,-0.372000,2.554000,-0.060000,0.420000,adult,walking,attentive,,0.000000,0.375000,3.879227,3.279227,0.000000,0.000000,0.000000,0.000000,0.000000,0.000000,0.000000,3.279227,3.279227,3.279227,3.279227,0.000000,horizon_mpc_secbf,4,3.314716,true,osqp,optimal,25,3.203138,0,3.633421,geometric,false,0.000000,0.000000,0.000000,-0.000000,,,0.000000,0.000000,4.605906,0.000000
local_crowding,context_bl,Standard MPC-CBF,88,8.800,2.200000,-0.350000,0.000000,-0.000000,-2.943137,-0.378000,2.596000,-0.060000,0.420000,adult,walking,attentive,,0.000000,0.375000,3.914716,3.314716,0.000000,0.000000,0.000000,0.000000,0.000000,0.000000,0.000000,3.314716,3.314716,3.314716,3.314716,0.000000,horizon_mpc_secbf,4,3.350342,true,osqp,optimal,25,3.134150,0,3.670297,geometric,false,0.000000,0.000000,0.000000,-0.000000,,,0.000000,0.000000,4.605906,0.000000
local_crowding,context_bl,Standard MPC-CBF,89,8.900,2.200000,-0.350000,0.000000,-0.000000,-2.943137,-0.384000,2.638000,-0.060000,0.420000,adult,walking,attentive,,0.000000,0.375000,3.950342,3.350342,0.000000,0.000000,0.000000,0.000000,0.000000,0.000000,0.000000,3.350342,3.350342,3.350342,3.350342,0.000000,horizon_mpc_secbf,4,3.386101,true,osqp,optimal,25,3.223446,0,3.707273,geometric,false,0.000000,0.000000,0.000000,-0.000000,,,0.000000,0.000000,4.605906,0.000000
local_crowding,context_bl,Standard MPC-CBF,90,9.000,2.200000,-0.350000,0.000000,-0.000000,-2.943137,-0.390000,2.680000,-0.060000,0.420000,adult,walking,attentive,,0.000000,0.375000,3.986101,3.386101,0.000000,0.000000,0.000000,0.000000,0.000000,0.000000,0.000000,3.386101,3.386101,3.386101,3.386101,0.000000,horizon_mpc_secbf,4,3.421990,true,osqp,optimal,25,3.087480,0,3.744346,geometric,false,0.000000,0.000000,0.000000,-0.000000,,,0.000000,0.000000,4.605906,0.000000
local_crowding,context_bl,Standard MPC-CBF,91,9.100,2.200000,-0.350000,0.000000,-0.000000,-2.943137,-0.396000,2.722000,-0.060000,0.420000,adult,walking,attentive,,0.000000,0.375000,4.021990,3.421990,0.000000,0.000000,0.000000,0.000000,0.000000,0.000000,0.000000,3.421990,3.421990,3.421990,3.421990,0.000000,horizon_mpc_secbf,4,3.458004,true,osqp,optimal,25,2.955347,0,3.781513,geometric,false,0.000000,0.000000,0.000000,-0.000000,,,0.000000,0.000000,4.605906,0.000000
local_crowding,context_bl,Standard MPC-CBF,92,9.200,2.200000,-0.350000,0.000000,-0.000000,-2.943137,-0.402000,2.764000,-0.060000,0.420000,adult,walking,attentive,,0.000000,0.375000,4.058004,3.458004,0.000000,0.000000,0.000000,0.000000,0.000000,0.000000,0.000000,3.458004,3.458004,3.458004,3.458004,0.000000,horizon_mpc_secbf,4,3.494142,true,osqp,optimal,25,3.142707,0,3.818773,geometric,false,0.000000,0.000000,0.000000,-0.000000,,,0.000000,0.000000,4.605906,0.000000
local_crowding,context_bl,Standard MPC-CBF,93,9.300,2.200000,-0.350000,0.000000,-0.000000,-2.943137,-0.408000,2.806000,-0.060000,0.420000,adult,walking,attentive,,0.000000,0.375000,4.094142,3.494142,0.000000,0.000000,0.000000,0.000000,0.000000,0.000000,0.000000,3.494142,3.494142,3.494142,3.494142,0.000000,horizon_mpc_secbf,4,3.530399,true,osqp,optimal,25,3.070823,0,3.856123,geometric,false,0.000000,0.000000,0.000000,-0.000000,,,0.000000,0.000000,4.605906,0.000000
local_crowding,context_bl,Standard MPC-CBF,94,9.400,2.200000,-0.350000,0.000000,-0.000000,-2.943137,-0.414000,2.848000,-0.060000,0.420000,adult,walking,attentive,,0.000000,0.375000,4.130399,3.530399,0.000000,0.000000,0.000000,0.000000,0.000000,0.000000,0.000000,3.530399,3.530399,3.530399,3.530399,0.000000,horizon_mpc_secbf,4,3.566773,true,osqp,optimal,25,3.178858,0,3.893560,geometric,false,0.000000,0.000000,0.000000,-0.000000,,,0.000000,0.000000,4.605906,0.000000
local_crowding,context_bl,Standard MPC-CBF,95,9.500,2.200000,-0.350000,0.000000,-0.000000,-2.943137,-0.420000,2.890000,-0.060000,0.420000,adult,walking,attentive,,0.000000,0.375000,4.166773,3.566773,0.000000,0.000000,0.000000,0.000000,0.000000,0.000000,0.000000,3.566773,3.566773,3.566773,3.566773,0.000000,horizon_mpc_secbf,4,3.603261,true,osqp,optimal,25,3.054912,0,3.931084,geometric,false,0.000000,0.000000,0.000000,-0.000000,,,0.000000,0.000000,4.605906,0.000000
local_crowding,context_bl,Standard MPC-CBF,96,9.600,2.200000,-0.350000,0.000000,-0.000000,-2.943137,-0.426000,2.932000,-0.060000,0.420000,adult,walking,attentive,,0.000000,0.375000,4.203261,3.603261,0.000000,0.000000,0.000000,0.000000,0.000000,0.000000,0.000000,3.603261,3.603261,3.603261,3.603261,0.000000,horizon_mpc_secbf,4,3.639858,true,osqp,optimal,25,2.993236,0,3.968691,geometric,false,0.000000,0.000000,0.000000,-0.000000,,,0.000000,0.000000,4.605906,0.000000
local_crowding,context_bl,Standard MPC-CBF,97,9.700,2.200000,-0.350000,0.000000,-0.000000,-2.943137,-0.432000,2.974000,-0.060000,0.420000,adult,walking,attentive,,0.000000,0.375000,4.239858,3.639858,0.000000,0.000000,0.000000,0.000000,0.000000,0.000000,0.000000,3.639858,3.639858,3.639858,3.639858,0.000000,horizon_mpc_secbf,4,3.676564,true,osqp,optimal,25,3.101139,0,4.006380,geometric,false,0.000000,0.000000,0.000000,-0.000000,,,0.000000,0.000000,4.605906,0.000000
local_crowding,context_bl,Standard MPC-CBF,98,9.800,2.200000,-0.350000,0.000000,-0.000000,-2.943137,-0.438000,3.016000,-0.060000,0.420000,adult,walking,attentive,,0.000000,0.375000,4.276564,3.676564,0.000000,0.000000,0.000000,0.000000,0.000000,0.000000,0.000000,3.676564,3.676564,3.676564,3.676564,0.000000,horizon_mpc_secbf,4,3.713375,true,osqp,optimal,25,3.195826,0,4.044149,geometric,false,0.000000,0.000000,0.000000,-0.000000,,,0.000000,0.000000,4.605906,0.000000
local_crowding,context_bl,Standard MPC-CBF,99,9.900,2.200000,-0.350000,0.000000,-0.000000,-2.943137,-0.444000,3.058000,-0.060000,0.420000,adult,walking,attentive,,0.000000,0.375000,4.313375,3.713375,0.000000,0.000000,0.000000,0.000000,0.000000,0.000000,0.000000,3.713375,3.713375,3.713375,3.713375,0.000000,horizon_mpc_secbf,4,3.750287,true,osqp,optimal,25,3.450671,0,4.081995,geometric,false,0.000000,0.000000,0.000000,-0.000000,,,0.000000,0.000000,4.605906,0.000000
local_crowding,context_bl,Standard MPC-CBF,100,10.000,2.200000,-0.350000,0.000000,-0.000000,-2.943137,-0.450000,3.100000,-0.060000,0.420000,adult,walking,attentive,,0.000000,0.375000,4.350287,3.750287,0.000000,0.000000,0.000000,0.000000,0.000000,0.000000,0.000000,3.750287,3.750287,3.750287,3.750287,0.000000,horizon_mpc_secbf,4,3.787300,true,osqp,optimal,25,3.217178,0,4.119918,geometric,false,0.000000,0.000000,0.000000,-0.000000,,,0.000000,0.000000,4.605906,0.000000
local_crowding,context_bl,Standard MPC-CBF,101,10.100,2.200000,-0.350000,0.000000,-0.000000,-2.943137,-0.456000,3.142000,-0.060000,0.420000,adult,walking,attentive,,0.000000,0.375000,4.387300,3.787300,0.000000,0.000000,0.000000,0.000000,0.000000,0.000000,0.000000,3.787300,3.787300,3.787300,3.787300,0.000000,horizon_mpc_secbf,4,3.824410,true,osqp,optimal,25,3.166306,0,4.157915,geometric,false,0.000000,0.000000,0.000000,-0.000000,,,0.000000,0.000000,4.605906,0.000000
local_crowding,context_bl,Standard MPC-CBF,102,10.200,2.200000,-0.350000,0.000000,-0.000000,-2.943137,-0.462000,3.184000,-0.060000,0.420000,adult,walking,attentive,,0.000000,0.375000,4.424410,3.824410,0.000000,0.000000,0.000000,0.000000,0.000000,0.000000,0.000000,3.824410,3.824410,3.824410,3.824410,0.000000,horizon_mpc_secbf,4,3.861614,true,osqp,optimal,25,3.314214,0,4.195985,geometric,false,0.000000,0.000000,0.000000,-0.000000,,,0.000000,0.000000,4.605906,0.000000
local_crowding,context_bl,Standard MPC-CBF,103,10.300,2.200000,-0.350000,0.000000,-0.000000,-2.943137,-0.468000,3.226000,-0.060000,0.420000,adult,walking,attentive,,0.000000,0.375000,4.461614,3.861614,0.000000,0.000000,0.000000,0.000000,0.000000,0.000000,0.000000,3.861614,3.861614,3.861614,3.861614,0.000000,horizon_mpc_secbf,4,3.898911,true,osqp,optimal,25,3.252334,0,4.234125,geometric,false,0.000000,0.000000,0.000000,-0.000000,,,0.000000,0.000000,4.605906,0.000000
local_crowding,context_bl,Standard MPC-CBF,104,10.400,2.200000,-0.350000,0.000000,-0.000000,-2.943137,-0.474000,3.268000,-0.060000,0.420000,adult,walking,attentive,,0.000000,0.375000,4.498911,3.898911,0.000000,0.000000,0.000000,0.000000,0.000000,0.000000,0.000000,3.898911,3.898911,3.898911,3.898911,0.000000,horizon_mpc_secbf,4,3.936298,true,osqp,optimal,25,3.305145,0,4.272335,geometric,false,0.000000,0.000000,0.000000,-0.000000,,,0.000000,0.000000,4.605906,0.000000
local_crowding,context_bl,Standard MPC-CBF,105,10.500,2.200000,-0.350000,0.000000,-0.000000,-2.943137,-0.480000,3.310000,-0.060000,0.420000,adult,walking,attentive,,0.000000,0.375000,4.536298,3.936298,0.000000,0.000000,0.000000,0.000000,0.000000,0.000000,0.000000,3.936298,3.936298,3.936298,3.936298,0.000000,horizon_mpc_secbf,4,3.973773,true,osqp,optimal,25,3.229826,0,4.310612,geometric,false,0.000000,0.000000,0.000000,-0.000000,,,0.000000,0.000000,4.605906,0.000000
local_crowding,context_bl,Standard MPC-CBF,106,10.600,2.200000,-0.350000,0.000000,-0.000000,-2.943137,-0.486000,3.352000,-0.060000,0.420000,adult,walking,attentive,,0.000000,0.375000,4.573773,3.973773,0.000000,0.000000,0.000000,0.000000,0.000000,0.000000,0.000000,3.973773,3.973773,3.973773,3.973773,0.000000,horizon_mpc_secbf,4,4.011334,true,osqp,optimal,25,3.237788,0,4.348956,geometric,false,0.000000,0.000000,0.000000,-0.000000,,,0.000000,0.000000,4.605906,0.000000
local_crowding,context_bl,Standard MPC-CBF,107,10.700,2.200000,-0.350000,0.000000,-0.000000,-2.943137,-0.492000,3.394000,-0.060000,0.420000,adult,walking,attentive,,0.000000,0.375000,4.611334,4.011334,0.000000,0.000000,0.000000,0.000000,0.000000,0.000000,0.000000,4.011334,4.011334,4.011334,4.011334,0.000000,horizon_mpc_secbf,4,4.048978,true,osqp,optimal,25,3.200791,0,4.387364,geometric,false,0.000000,0.000000,0.000000,-0.000000,,,0.000000,0.000000,4.605906,0.000000
local_crowding,context_bl,Standard MPC-CBF,108,10.800,2.200000,-0.350000,0.000000,-0.000000,-2.943137,-0.498000,3.436000,-0.060000,0.420000,adult,walking,attentive,,0.000000,0.375000,4.648978,4.048978,0.000000,0.000000,0.000000,0.000000,0.000000,0.000000,0.000000,4.048978,4.048978,4.048978,4.048978,0.000000,horizon_mpc_secbf,4,4.086705,true,osqp,optimal,25,3.258340,0,4.425835,geometric,false,0.000000,0.000000,0.000000,-0.000000,,,0.000000,0.000000,4.605906,0.000000
local_crowding,context_bl,Standard MPC-CBF,109,10.900,2.200000,-0.350000,0.000000,-0.000000,-2.943137,-0.504000,3.478000,-0.060000,0.420000,adult,walking,attentive,,0.000000,0.375000,4.686705,4.086705,0.000000,0.000000,0.000000,0.000000,0.000000,0.000000,0.000000,4.086705,4.086705,4.086705,4.086705,0.000000,horizon_mpc_secbf,4,4.124511,true,osqp,optimal,25,2.653954,0,4.464369,geometric,false,0.000000,0.000000,0.000000,-0.000000,,,0.000000,0.000000,4.605906,0.000000
local_crowding,context_bl,Standard MPC-CBF,110,11.000,2.200000,-0.350000,0.000000,-0.000000,-2.943137,-0.510000,3.520000,-0.060000,0.420000,adult,walking,attentive,,0.000000,0.375000,4.724511,4.124511,0.000000,0.000000,0.000000,0.000000,0.000000,0.000000,0.000000,4.124511,4.124511,4.124511,4.124511,0.000000,horizon_mpc_secbf,4,4.162394,true,osqp,optimal,25,2.113667,0,4.502962,geometric,false,0.000000,0.000000,0.000000,-0.000000,,,0.000000,0.000000,4.605906,0.000000
local_crowding,context_bl,Standard MPC-CBF,111,11.100,2.200000,-0.350000,0.000000,-0.000000,-2.943137,-0.516000,3.562000,-0.060000,0.420000,adult,walking,attentive,,0.000000,0.375000,4.762394,4.162394,0.000000,0.000000,0.000000,0.000000,0.000000,0.000000,0.000000,4.162394,4.162394,4.162394,4.162394,0.000000,horizon_mpc_secbf,4,4.200354,true,osqp,optimal,25,2.286794,0,4.541615,geometric,false,0.000000,0.000000,0.000000,-0.000000,,,0.000000,0.000000,4.605906,0.000000
local_crowding,context_bl,Standard MPC-CBF,112,11.200,2.200000,-0.350000,0.000000,-0.000000,-2.943137,-0.522000,3.604000,-0.060000,0.420000,adult,walking,attentive,,0.000000,0.375000,4.800354,4.200354,0.000000,0.000000,0.000000,0.000000,0.000000,0.000000,0.000000,4.200354,4.200354,4.200354,4.200354,0.000000,horizon_mpc_secbf,4,4.238388,true,osqp,optimal,25,2.105637,0,4.580326,geometric,false,0.000000,0.000000,0.000000,-0.000000,,,0.000000,0.000000,4.605906,0.000000
local_crowding,context_bl,Standard MPC-CBF,113,11.300,2.200000,-0.350000,0.000000,-0.000000,-2.943137,-0.528000,3.646000,-0.060000,0.420000,adult,walking,attentive,,0.000000,0.375000,4.838388,4.238388,0.000000,0.000000,0.000000,0.000000,0.000000,0.000000,0.000000,4.238388,4.238388,4.238388,4.238388,0.000000,horizon_mpc_secbf,4,4.276495,true,osqp,optimal,25,2.632523,0,4.619093,geometric,false,0.000000,0.000000,0.000000,-0.000000,,,0.000000,0.000000,4.605906,0.000000
local_crowding,context_bl,Standard MPC-CBF,114,11.400,2.200000,-0.350000,0.000000,-0.000000,-2.943137,-0.534000,3.688000,-0.060000,0.420000,adult,walking,attentive,,0.000000,0.375000,4.876495,4.276495,0.000000,0.000000,0.000000,0.000000,0.000000,0.000000,0.000000,4.276495,4.276495,4.276495,4.276495,0.000000,horizon_mpc_secbf,4,4.314672,true,osqp,optimal,25,2.199899,0,4.657916,geometric,false,0.000000,0.000000,0.000000,-0.000000,,,0.000000,0.000000,4.605906,0.000000
local_crowding,context_bl,Standard MPC-CBF,115,11.500,2.200000,-0.350000,0.000000,-0.000000,-2.943137,-0.540000,3.730000,-0.060000,0.420000,adult,walking,attentive,,0.000000,0.375000,4.914672,4.314672,0.000000,0.000000,0.000000,0.000000,0.000000,0.000000,0.000000,4.314672,4.314672,4.314672,4.314672,0.000000,horizon_mpc_secbf,4,4.352918,true,osqp,optimal,25,2.301577,0,4.696793,geometric,false,0.000000,0.000000,0.000000,-0.000000,,,0.000000,0.000000,4.605906,0.000000
local_crowding,context_bl,Standard MPC-CBF,116,11.600,2.200000,-0.350000,0.000000,-0.000000,-2.943137,-0.546000,3.772000,-0.060000,0.420000,adult,walking,attentive,,0.000000,0.375000,4.952918,4.352918,0.000000,0.000000,0.000000,0.000000,0.000000,0.000000,0.000000,4.352918,4.352918,4.352918,4.352918,0.000000,horizon_mpc_secbf,4,4.391232,true,osqp,optimal,25,2.259744,0,4.735723,geometric,false,0.000000,0.000000,0.000000,-0.000000,,,0.000000,0.000000,4.605906,0.000000
local_crowding,context_bl,Standard MPC-CBF,117,11.700,2.200000,-0.350000,0.000000,-0.000000,-2.943137,-0.552000,3.814000,-0.060000,0.420000,adult,walking,attentive,,0.000000,0.375000,4.991232,4.391232,0.000000,0.000000,0.000000,0.000000,0.000000,0.000000,0.000000,4.391232,4.391232,4.391232,4.391232,0.000000,horizon_mpc_secbf,4,4.429612,true,osqp,optimal,25,2.250342,0,4.774705,geometric,false,0.000000,0.000000,0.000000,-0.000000,,,0.000000,0.000000,4.605906,0.000000
local_crowding,context_bl,Standard MPC-CBF,118,11.800,2.200000,-0.350000,0.000000,-0.000000,-2.943137,-0.558000,3.856000,-0.060000,0.420000,adult,walking,attentive,,0.000000,0.375000,5.029612,4.429612,0.000000,0.000000,0.000000,0.000000,0.000000,0.000000,0.000000,4.429612,4.429612,4.429612,4.429612,0.000000,horizon_mpc_secbf,4,4.468057,true,osqp,optimal,25,2.349047,0,4.813737,geometric,false,0.000000,0.000000,0.000000,-0.000000,,,0.000000,0.000000,4.605906,0.000000
local_crowding,context_bl,Standard MPC-CBF,119,11.900,2.200000,-0.350000,0.000000,-0.000000,-2.943137,-0.564000,3.898000,-0.060000,0.420000,adult,walking,attentive,,0.000000,0.375000,5.068057,4.468057,0.000000,0.000000,0.000000,0.000000,0.000000,0.000000,0.000000,4.468057,4.468057,4.468057,4.468057,0.000000,horizon_mpc_secbf,4,4.506564,true,osqp,optimal,25,2.328981,0,4.852820,geometric,false,0.000000,0.000000,0.000000,-0.000000,,,0.000000,0.000000,4.605906,0.000000
local_crowding,context_bl,EESM-MPC-ECBF,0,0.000,-2.200000,-0.350000,0.000000,0.000000,0.000000,0.150000,-1.100000,-0.060000,0.420000,pedestrian,walking,unknown,10.098536,1.000000,0.375000,2.466779,1.866779,0.000000,0.000000,0.000000,0.000000,0.153124,0.153124,0.000000,1.866779,1.713655,1.713655,1.713655,0.000000,horizon_mpc_secbf,4,1.372283,true,osqp,optimal,50,2.617897,0,0.937181,geometric,false,0.750000,0.000000,0.621017,0.000000,,,0.621017,0.621017,0.062102,4.400000
local_crowding,context_bl,EESM-MPC-ECBF,1,0.100,-2.137898,-0.350000,0.621017,0.000000,0.000000,0.144000,-1.058000,-0.060000,0.420000,pedestrian,walking,unknown,2.308990,1.000000,0.375000,2.389210,1.789210,0.000000,0.000000,0.000000,0.000000,0.762629,0.762629,0.000000,1.789210,1.026581,1.026581,1.026581,0.000000,horizon_mpc_secbf,4,0.674844,true,osqp,optimal,50,3.446196,0,0.151328,geometric,false,0.750000,-0.000000,0.726101,-0.000000,,,0.726101,0.105085,0.134712,4.337898
local_crowding,context_bl,EESM-MPC-ECBF,2,0.200,-2.065288,-0.350000,0.726101,-0.000000,-0.000000,0.138000,-1.016000,-0.060000,0.420000,pedestrian,walking,unknown,1.947076,1.000000,0.375000,2.301746,1.701746,0.000000,0.000000,0.000000,0.000000,0.863367,0.863367,0.000000,1.701746,0.838379,0.838379,0.838379,0.000000,horizon_mpc_secbf,4,0.486358,true,osqp,optimal,50,2.160977,0,-0.044704,geometric,false,0.750000,0.000000,0.735590,-0.000000,,,0.735590,0.009489,0.208271,4.265288
local_crowding,context_bl,EESM-MPC-ECBF,3,0.300,-1.991729,-0.350000,0.735590,-0.000000,-0.000000,0.132000,-0.974000,-0.060000,0.420000,pedestrian,walking,unknown,1.829945,1.000000,0.375000,2.213504,1.613504,0.000000,0.000000,0.000000,0.000000,0.869790,0.869790,0.000000,1.613504,0.743715,0.743715,0.743715,0.000000,horizon_mpc_secbf,4,0.392398,true,osqp,optimal,50,2.260709,0,-0.138010,geometric,false,0.750000,0.000000,0.735591,-0.000000,,,0.735591,0.000001,0.281830,4.191729
local_crowding,context_bl,EESM-MPC-ECBF,4,0.400,-1.918170,-0.350000,0.735591,-0.000000,-0.000000,0.126000,-0.932000,-0.060000,0.420000,pedestrian,walking,unknown,1.733041,1.000000,0.375000,2.125407,1.525407,0.000000,0.000000,0.000000,0.000000,0.866363,0.866363,0.000000,1.525407,0.659044,0.659044,0.659044,0.000000,horizon_mpc_secbf,4,0.308729,true,osqp,optimal,50,2.115662,0,-0.221137,geometric,false,0.750000,0.000000,0.735591,0.000035,,,0.735591,0.000035,0.355389,4.118170
local_crowding,context_bl,EESM-MPC-ECBF,5,0.500,-1.844611,-0.349997,0.735591,0.000035,0.000047,0.120000,-0.890000,-0.060000,0.420000,pedestrian,walking,unknown,1.636383,1.000000,0.375000,2.037474,1.437474,0.000000,0.000000,0.000000,0.000000,0.862308,0.862308,0.000000,1.437474,0.575166,0.575166,0.575166,0.000000,horizon_mpc_secbf,4,0.226475,true,osqp,optimal,50,3.218653,0,-0.303208,geometric,false,0.750000,-0.000001,0.735591,0.000303,,,0.735591,0.000269,0.428948,4.044611
local_crowding,context_bl,EESM-MPC-ECBF,6,0.600,-1.771052,-0.349966,0.735591,0.000303,0.000412,0.114000,-0.848000,-0.060000,0.420000,pedestrian,walking,unknown,1.540080,1.000000,0.375000,1.949733,1.349733,0.000000,0.000000,0.000000,0.000000,0.857460,0.857460,0.000000,1.349733,0.492273,0.492273,0.492273,0.000000,horizon_mpc_secbf,4,0.145750,true,osqp,optimal,50,3.031354,0,-0.383737,geometric,false,0.750000,-0.000006,0.735591,0.001845,,,0.735594,0.001542,0.502508,3.971052
local_crowding,context_bl,EESM-MPC-ECBF,7,0.700,-1.697493,-0.349782,0.735591,0.001845,0.002508,0.108000,-0.806000,-0.060000,0.420000,pedestrian,walking,unknown,1.444560,1.000000,0.375000,1.862240,1.262240,0.000000,0.000000,0.000000,0.000000,0.851622,0.851622,0.000000,1.262240,0.410618,0.410618,0.410618,0.000000,horizon_mpc_secbf,4,0.066699,true,osqp,optimal,50,3.390489,0,-0.461038,geometric,false,0.750000,-0.000042,0.735591,0.010548,,,0.735667,0.008703,0.576074,3.897493
local_crowding,context_bl,EESM-MPC-ECBF,8,0.800,-1.623933,-0.348727,0.735591,0.010548,0.014339,0.102000,-0.764000,-0.060000,0.420000,pedestrian,walking,unknown,1.351880,1.000000,0.375000,1.775190,1.175190,0.000000,0.000000,0.000000,0.000000,0.844829,0.844829,0.000000,1.175190,0.330360,0.330360,0.330360,0.000039,horizon_mpc_secbf,4,-0.000039,true,osqp,optimal,50,3.388657,0,-0.512611,geometric,false,0.750000,-0.000250,0.715146,0.037957,,,0.716152,0.034194,0.647690,3.823934
local_crowding,context_bl,EESM-MPC-ECBF,9,0.900,-1.552419,-0.344931,0.715146,0.037957,0.053026,0.096000,-0.722000,-0.060000,0.420000,adult,walking,attentive,1.297539,1.000000,0.375000,1.690995,1.090995,0.000000,0.000000,0.000000,0.000000,0.817708,0.817708,0.000000,1.090995,0.273287,0.273287,0.273287,0.000179,horizon_mpc_secbf,4,-0.000188,true,osqp,optimal,25,3.216211,0,-0.441840,geometric,false,0.749999,-0.001013,0.596442,0.081899,,,0.602038,0.126576,0.707893,3.752422
local_crowding,context_bl,EESM-MPC-ECBF,10,1.000,-1.492775,-0.336741,0.596442,0.081899,0.136459,0.090000,-0.680000,-0.060000,0.420000,adult,walking,attentive,1.429594,1.000000,0.375000,1.619569,1.019569,0.000000,0.000000,0.000000,0.000000,0.693221,0.693221,0.000000,1.019569,0.326347,0.326347,0.326347,0.000025,horizon_mpc_secbf,4,-0.000025,true,osqp,optimal,50,3.250565,0,-0.488319,geometric,false,0.749995,-0.002693,0.700074,0.080835,,,0.704725,0.103638,0.778366,3.692799
local_crowding,context_bl,EESM-MPC-ECBF,11,1.100,-1.422767,-0.328658,0.700074,0.080835,0.114957,0.084000,-0.638000,-0.060000,0.420000,adult,walking,attentive,1.154340,1.000000,0.375000,1.538194,0.938194,0.000000,0.000000,0.000000,0.000000,0.790905,0.790905,0.000000,0.938194,0.147289,0.147289,0.147289,0.000493,horizon_mpc_secbf,4,-0.000493,true,osqp,optimal,50,3.461525,0,-0.289836,geometric,false,0.749987,-0.004418,0.333189,0.159139,,,0.369243,0.375148,0.815290,3.622830
local_crowding,context_bl,EESM-MPC-ECBF,12,1.200,-1.389448,-0.312744,0.333189,0.159139,0.445586,0.078000,-0.596000,-0.060000,0.420000,adult,walking,attentive,2.054029,1.000000,0.375000,1.494536,0.894536,0.000000,0.000000,0.000000,0.000000,0.420044,0.420044,0.000000,0.894536,0.474492,0.474492,0.474492,0.000000,horizon_mpc_secbf,4,0.149672,true,osqp,optimal,50,3.315907,0,-0.302447,geometric,false,0.749960,-0.007784,0.672276,0.114316,,,0.681926,0.342037,0.883483,3.589642
local_crowding,context_bl,EESM-MPC-ECBF,13,1.300,-1.322221,-0.301312,0.672276,0.114316,0.168433,0.072000,-0.554000,-0.060000,0.420000,adult,walking,attentive,1.054038,1.000000,0.375000,1.416934,0.816934,0.000000,0.000000,0.000000,0.000000,0.752872,0.752872,0.000000,0.816934,0.064062,0.064062,0.064062,0.000697,horizon_mpc_secbf,4,-0.000697,true,osqp,optimal,50,3.278390,0,-0.187065,geometric,false,0.749928,-0.010366,0.155861,0.198936,,,0.252722,0.523302,0.908755,3.522557
local_crowding,context_bl,EESM-MPC-ECBF,14,1.400,-1.306635,-0.281419,0.155861,0.198936,0.906214,0.066000,-0.512000,-0.060000,0.420000,adult,walking,attentive,3.173804,1.000000,0.375000,1.391867,0.791867,0.000000,0.000000,0.000000,0.000000,0.235055,0.235055,0.000000,0.791867,0.556812,0.556812,0.556812,0.000000,horizon_mpc_secbf,4,0.240202,true,osqp,optimal,50,3.430744,0,-0.179465,geometric,false,0.749857,-0.014665,0.639221,0.137997,,,0.653947,0.487186,0.974150,3.507305
local_crowding,context_bl,EESM-MPC-ECBF,15,1.500,-1.242713,-0.267619,0.639221,0.137997,0.212620,0.060000,-0.470000,-0.060000,0.420000,adult,walking,attentive,0.978365,1.000000,0.375000,1.318339,0.718339,0.000000,0.000000,0.000000,0.000000,0.709618,0.709618,0.000000,0.718339,0.008722,0.008722,0.008722,0.010878,horizon_mpc_secbf,4,0.003828,true,osqp,optimal,2675,6.996785,0,-0.008635,geometric,false,0.749785,-0.017942,0.017601,0.735589,,,0.735800,0.862280,1.047730,3.443698
local_crowding,context_bl,EESM-MPC-ECBF,16,1.600,-1.240952,-0.194060,0.017601,0.735589,1.546873,0.054000,-0.428000,-0.060000,0.420000,adult,walking,attentive,35.335518,1.000000,0.375000,1.315914,0.715914,0.000000,0.000000,0.000000,0.000000,0.000000,0.000000,0.000000,0.715914,0.735637,0.735637,0.715914,0.000000,horizon_mpc_secbf,4,0.403056,true,osqp,optimal,50,2.569653,0,0.017736,geometric,false,0.749231,-0.033954,0.615335,0.230996,,,0.657264,0.782240,1.113456,3.444484
local_crowding,context_bl,EESM-MPC-ECBF,17,1.700,-1.179419,-0.170961,0.615335,0.230996,0.359120,0.048000,-0.386000,-0.060000,0.420000,adult,walking,attentive,0.925904,1.000000,0.375000,1.246114,0.646114,0.000000,0.000000,0.000000,0.000000,0.693416,0.693416,0.000000,0.646114,-0.047303,-0.047303,-0.047303,0.072462,horizon_mpc_secbf,4,-0.057531,true,osqp,optimal,925,3.650064,0,-0.017864,geometric,false,0.748950,-0.039679,0.038969,0.735589,,,0.736621,0.766037,1.187118,3.384158
local_crowding,context_bl,EESM-MPC-ECBF,18,1.800,-1.175522,-0.097402,0.038969,0.735589,1.517870,0.042000,-0.344000,-0.060000,0.420000,adult,walking,attentive,18.696272,1.000000,0.375000,1.242244,0.642244,0.000000,0.000000,0.000000,0.000000,0.000000,0.000000,0.000000,0.642244,0.651885,0.651885,0.642244,0.000000,horizon_mpc_secbf,4,0.327598,true,osqp,optimal,50,2.317670,0,-0.061475,geometric,false,0.747909,-0.055968,0.619337,0.229070,,,0.660342,0.770318,1.253152,3.384960
local_crowding,context_bl,EESM-MPC-ECBF,19,1.900,-1.113588,-0.074495,0.619337,0.229070,0.354259,0.036000,-0.302000,-0.060000,0.420000,adult,walking,attentive,0.812937,1.000000,0.375000,1.171884,0.571884,0.000000,0.000000,0.000000,0.000000,0.700212,0.700212,0.000000,0.571884,-0.128328,-0.128328,-0.128328,0.158789,horizon_mpc_secbf,4,-0.143661,true,osqp,optimal,3050,7.005653,0,-0.027121,geometric,false,0.747421,-0.062144,0.061154,0.735589,,,0.738127,0.753744,1.326965,3.325022
local_crowding,context_bl,EESM-MPC-ECBF,20,2.000,-1.107473,-0.000936,0.061154,0.735589,1.487851,0.030000,-0.260000,-0.060000,0.420000,adult,walking,attentive,11.792665,1.000000,0.375000,1.166601,0.566601,0.000000,0.000000,0.000000,0.000000,0.000000,0.000000,0.000000,0.566601,0.567532,0.567532,0.566601,0.000000,horizon_mpc_secbf,4,0.250101,true,osqp,optimal,50,2.952205,0,-0.142785,geometric,false,0.745858,-0.078716,0.623535,0.226730,,,0.663477,0.758425,1.393313,3.325842
local_crowding,context_bl,EESM-MPC-ECBF,21,2.100,-1.045119,0.021737,0.623535,0.226730,0.348758,0.024000,-0.218000,-0.060000,0.420000,adult,walking,attentive,0.698854,1.000000,0.375000,1.095669,0.495669,0.000000,0.000000,0.000000,0.000000,0.707294,0.707294,0.000000,0.495669,-0.211625,-0.211625,-0.211625,0.246954,horizon_mpc_secbf,4,-0.231701,true,osqp,optimal,3275,6.819732,0,-0.036378,geometric,false,0.745127,-0.085356,0.084254,0.735590,,,0.740399,0.741459,1.467353,3.266342
local_crowding,context_bl,EESM-MPC-ECBF,22,2.200,-1.036694,0.095296,0.084254,0.735590,1.456753,0.018000,-0.176000,-0.060000,0.420000,adult,walking,attentive,8.005377,1.000000,0.375000,1.089028,0.489028,0.000000,0.000000,0.000000,0.000000,0.005821,0.005821,0.000000,0.489028,0.483206,0.483206,0.483206,0.000000,horizon_mpc_secbf,4,0.164792,true,osqp,optimal,50,2.479106,0,-0.231915,geometric,false,0.743001,-0.102220,0.627959,0.223901,,,0.666681,0.746619,1.534021,3.267182
local_crowding,context_bl,EESM-MPC-ECBF,23,2.300,-0.973898,0.117686,0.627959,0.223901,0.342502,0.012000,-0.134000,-0.060000,0.420000,adult,walking,attentive,0.583870,1.000000,0.375000,1.017517,0.417517,0.000000,0.000000,0.000000,0.000000,0.714437,0.714437,0.000000,0.417517,-0.296919,-0.296919,-0.296919,0.336406,horizon_mpc_secbf,4,-0.321184,true,osqp,optimal,2300,5.707882,0,-0.045598,geometric,false,0.741988,-0.109335,0.108379,0.735590,,,0.743531,0.729238,1.608374,3.208171
local_crowding,context_bl,EESM-MPC-ECBF,24,2.400,-0.963060,0.191245,0.108379,0.735590,1.424512,0.006000,-0.092000,-0.060000,0.420000,adult,walking,attentive,5.605041,1.000000,0.375000,1.009607,0.409607,0.000000,0.000000,0.000000,0.000000,0.009760,0.009760,0.000000,0.409607,0.399847,0.399847,0.399847,0.000000,horizon_mpc_secbf,4,0.079533,true,osqp,optimal,50,2.322569,0,-0.320944,geometric,false,0.739255,-0.126497,0.632636,0.220492,,,0.669958,0.734963,1.675370,3.209034
local_crowding,context_bl,EESM-MPC-ECBF,25,2.500,-0.899797,0.213295,0.632636,0.220492,0.335364,0.000000,-0.050000,-0.060000,0.420000,adult,walking,attentive,0.468275,1.000000,0.375000,0.937528,0.337528,0.000000,0.000000,0.000000,0.000000,0.720769,0.720769,0.000000,0.337528,-0.383241,-0.383241,-0.383241,0.425734,horizon_mpc_secbf,4,-0.410852,true,osqp,optimal,1925,5.106648,0,-0.054769,geometric,false,0.737915,-0.134094,0.133687,0.735588,,,0.747637,0.717128,1.750134,3.150562
local_crowding,context_bl,EESM-MPC-ECBF,26,2.600,-0.886428,0.286853,0.133687,0.735588,1.391017,-0.006000,-0.008000,-0.060000,0.420000,adult,walking,attentive,3.936714,1.000000,0.375000,0.928489,0.328489,0.000000,0.000000,0.000000,0.000000,0.009658,0.009658,0.000000,0.328489,0.318831,0.318831,0.318831,0.000009,horizon_mpc_secbf,4,0.000054,true,osqp,optimal,25,2.571660,0,-0.399652,geometric,false,0.734526,-0.151562,0.630318,0.218757,,,0.667200,0.716768,1.816854,3.151447
local_crowding,context_bl,EESM-MPC-ECBF,27,2.700,-0.823396,0.308729,0.630318,0.218757,0.334051,-0.012000,0.034000,-0.060000,0.420000,adult,walking,attentive,0.357247,1.000000,0.375000,0.856644,0.256644,0.000000,0.000000,0.000000,0.000000,0.715011,0.715011,0.000000,0.256644,-0.458367,-0.458367,-0.458367,0.502207,horizon_mpc_secbf,4,-0.488643,true,osqp,optimal,2400,6.105646,0,-0.064204,geometric,false,0.732808,-0.159662,0.159127,0.730282,,,0.747417,0.695470,1.891595,3.094325
local_crowding,context_bl,EESM-MPC-ECBF,28,2.800,-0.807483,0.381757,0.159127,0.730282,1.356252,-0.018000,0.076000,-0.060000,0.420000,adult,walking,attentive,2.672566,1.000000,0.375000,0.846624,0.246624,0.000000,0.000000,0.000000,0.000000,0.007094,0.007094,0.000000,0.246624,0.239530,0.239530,0.239530,0.000221,horizon_mpc_secbf,4,-0.000174,true,osqp,optimal,50,2.412062,0,-0.308351,geometric,false,0.728739,-0.177311,0.473162,0.278993,,,0.549290,0.549799,1.946524,3.095226
local_crowding,context_bl,EESM-MPC-ECBF,29,2.900,-0.760167,0.409657,0.473162,0.278993,0.532765,-0.024000,0.118000,-0.060000,0.420000,adult,walking,attentive,0.350314,1.000000,0.375000,0.791837,0.191837,0.000000,0.000000,0.000000,0.000000,0.539039,0.539039,0.000000,0.191837,-0.347202,-0.347202,-0.347202,0.390688,horizon_mpc_secbf,4,-0.379586,true,osqp,optimal,2025,4.978486,0,-0.073631,geometric,false,0.726460,-0.186429,0.184704,0.719687,,,0.743011,0.526705,2.020825,3.056087
local_crowding,context_bl,EESM-MPC-ECBF,30,3.000,-0.741697,0.481625,0.184704,0.719687,1.319573,-0.030000,0.160000,-0.060000,0.420000,adult,walking,attentive,1.817671,1.000000,0.375000,0.780996,0.180996,0.000000,0.000000,0.000000,0.000000,0.003751,0.003751,0.000000,0.180996,0.177246,0.177246,0.177246,0.000387,horizon_mpc_secbf,4,-0.000354,true,osqp,optimal,50,3.155323,0,-0.238536,geometric,false,0.721714,-0.204030,0.363168,0.345816,,,0.501477,0.414280,2.070973,3.056989
local_crowding,context_bl,EESM-MPC-ECBF,31,3.100,-0.705380,0.516207,0.363168,0.345816,0.760930,-0.036000,0.202000,-0.060000,0.420000,adult,walking,attentive,0.336374,1.000000,0.375000,0.739456,0.139456,0.000000,0.000000,0.000000,0.000000,0.395608,0.395608,0.000000,0.139456,-0.256152,-0.256152,-0.256152,0.296789,horizon_mpc_secbf,4,-0.289068,true,osqp,optimal,2200,5.783960,0,-0.082263,geometric,false,0.718737,-0.214283,0.211275,0.708685,,,0.739507,0.393376,2.144924,3.031757
local_crowding,context_bl,EESM-MPC-ECBF,32,3.200,-0.684253,0.587075,0.211275,0.708685,1.281062,-0.042000,0.244000,-0.060000,0.420000,adult,walking,attentive,1.240973,1.000000,0.375000,0.728141,0.128141,0.000000,0.000000,0.000000,0.000000,0.000000,0.000000,0.000000,0.128141,0.132629,0.132629,0.128141,0.000516,horizon_mpc_secbf,4,-0.000497,true,osqp,optimal,50,2.361781,0,-0.187594,geometric,false,0.713298,-0.231746,0.300111,0.422937,,,0.518597,0.299239,2.196783,3.032659
local_crowding,context_bl,EESM-MPC-ECBF,33,3.300,-0.654241,0.629369,0.300111,0.422937,0.953664,-0.048000,0.286000,-0.060000,0.420000,adult,walking,attentive,0.310133,1.000000,0.375000,0.696729,0.096729,0.000000,0.000000,0.000000,0.000000,0.271867,0.271867,0.000000,0.096729,-0.175138,-0.175138,-0.175138,0.209911,horizon_mpc_secbf,4,-0.206242,true,osqp,optimal,2450,5.590123,0,-0.088989,geometric,false,0.709401,-0.243415,0.239194,0.697121,,,0.737015,0.280869,2.270485,3.017591
local_crowding,context_bl,EESM-MPC-ECBF,34,3.400,-0.630322,0.699081,0.239194,0.697121,1.240267,-0.054000,0.328000,-0.060000,0.420000,adult,walking,attentive,0.841629,1.000000,0.375000,0.685455,0.085455,0.000000,0.000000,0.000000,0.000000,0.000000,0.000000,0.000000,0.085455,0.104958,0.104958,0.085455,0.000620,horizon_mpc_secbf,4,-0.000615,true,osqp,optimal,50,2.744070,0,-0.151922,geometric,false,0.703246,-0.260664,0.284587,0.515551,,,0.588882,0.187158,2.329373,3.018492
local_crowding,context_bl,EESM-MPC-ECBF,35,3.500,-0.601863,0.750636,0.284587,0.515551,1.066415,-0.060000,0.370000,-0.060000,0.420000,adult,walking,attentive,0.273923,1.000000,0.375000,0.662193,0.062193,0.000000,0.000000,0.000000,0.000000,0.146759,0.146759,0.000000,0.062193,-0.084566,-0.084566,-0.084566,0.110708,horizon_mpc_secbf,4,-0.110327,true,osqp,optimal,2175,5.479955,0,-0.090870,geometric,false,0.698072,-0.274219,0.268992,0.684777,,,0.735715,0.169943,2.402945,3.010289
local_crowding,context_bl,EESM-MPC-ECBF,36,3.600,-0.574964,0.819114,0.268992,0.684777,1.196498,-0.066000,0.412000,-0.060000,0.420000,adult,walking,attentive,0.565503,1.000000,0.375000,0.651756,0.051756,0.000000,0.000000,0.000000,0.000000,0.000000,0.000000,0.000000,0.051756,0.095577,0.095577,0.051756,0.000686,horizon_mpc_secbf,4,-0.000686,true,osqp,optimal,50,2.949432,0,-0.142046,geometric,false,0.691163,-0.291193,0.338836,0.607255,,,0.695391,0.104345,2.472484,3.011188
local_crowding,context_bl,EESM-MPC-ECBF,37,3.700,-0.541081,0.879840,0.338836,0.607255,1.061847,-0.072000,0.454000,-0.060000,0.420000,adult,walking,attentive,0.197963,1.000000,0.375000,0.633542,0.033542,0.000000,0.000000,0.000000,0.000000,0.016436,0.016436,0.000000,0.033542,0.017106,0.017106,0.017106,0.000820,horizon_mpc_secbf,4,-0.000020,true,osqp,optimal,200,2.548894,0,-0.093154,geometric,false,0.684281,-0.307016,0.313611,0.666289,,,0.736405,0.064197,2.546124,3.004335
local_crowding,context_bl,EESM-MPC-ECBF,38,3.800,-0.509720,0.946468,0.313611,0.666289,1.130877,-0.078000,0.496000,-0.060000,0.420000,adult,walking,attentive,0.296694,1.000000,0.375000,0.623942,0.023942,0.000000,0.000000,0.000000,0.000000,0.000000,0.000000,0.000000,0.023942,0.099177,0.099177,0.023942,0.000874,horizon_mpc_secbf,4,0.001392,true,osqp,optimal,125,2.875553,0,-0.105413,geometric,false,0.676551,-0.323696,0.363601,0.645590,,,0.740940,0.054106,2.620218,3.003899
local_crowding,context_bl,EESM-MPC-ECBF,39,3.900,-0.473359,1.011027,0.363601,0.645590,1.057870,-0.084000,0.538000,-0.060000,0.420000,adult,walking,attentive,0.133247,1.000000,0.375000,0.612663,0.012663,0.000000,0.000000,0.000000,0.000000,0.000000,0.000000,0.000000,0.012663,0.099456,0.099456,0.012663,0.001076,horizon_mpc_secbf,4,0.001513,true,osqp,optimal,200,2.867899,0,-0.081952,geometric,false,0.668368,-0.340271,0.364282,0.645297,,,0.741019,0.000741,2.694320,2.999874
local_crowding,context_bl,EESM-MPC-ECBF,40,4.000,-0.436931,1.075557,0.364282,0.645297,1.056875,-0.090000,0.580000,-0.060000,0.420000,adult,walking,attentive,0.083862,1.000000,0.375000,0.604928,0.004928,0.000000,0.000000,0.000000,0.000000,0.000000,0.000000,0.000000,0.004928,0.124992,0.124992,0.004928,0.001387,horizon_mpc_secbf,4,0.001291,true,osqp,optimal,250,2.864084,0,-0.048804,geometric,false,0.659760,-0.356674,0.360298,0.646959,,,0.740520,0.004317,2.768372,2.997602
local_crowding,context_bl,EESM-MPC-ECBF,41,4.100,-0.400901,1.140253,0.360298,0.646959,1.062663,-0.096000,0.622000,-0.060000,0.420000,adult,walking,attentive,0.073749,1.000000,0.375000,0.601291,0.001291,0.000000,0.000000,0.000000,0.000000,0.000000,0.000000,0.000000,0.001291,0.154093,0.154093,0.001291,0.001790,horizon_mpc_secbf,4,-0.000002,true,osqp,optimal,325,2.662100,0,-0.029808,geometric,false,0.650748,-0.372863,0.378096,0.639584,,,0.742983,0.019266,2.842671,2.997589
local_crowding,context_bl,EESM-MPC-ECBF,42,4.200,-0.363092,1.204211,0.378096,0.639584,1.036902,-0.102000,0.664000,-0.060000,0.420000,adult,walking,attentive,,0.000000,0.375000,0.599998,-0.000002,0.000000,0.000000,0.000000,0.000000,0.000000,0.000000,0.000000,-0.000002,-0.000002,-0.000002,-0.000002,0.001198,horizon_mpc_secbf,4,-0.000169,true,osqp,optimal,1550,4.189800,1,-0.022863,geometric,false,0.641307,-0.388877,0.416625,0.623638,,,0.750000,0.041698,2.917671,2.997501
local_crowding,context_bl,EESM-MPC-ECBF,43,4.300,-0.321429,1.266575,0.416625,0.623638,0.981833,-0.108000,0.706000,-0.060000,0.420000,adult,walking,attentive,,0.000000,0.375000,0.599830,-0.000170,0.000000,0.000000,0.000000,0.000000,0.000000,0.000000,0.000000,-0.000170,-0.000170,-0.000170,-0.000170,0.001372,horizon_mpc_secbf,4,0.000073,true,osqp,optimal,250,3.005827,0,-0.020439,geometric,false,0.631378,-0.404798,0.449467,0.590814,,,0.742349,0.046433,2.991906,2.995150
local_crowding,context_bl,EESM-MPC-ECBF,44,4.400,-0.276483,1.325657,0.449467,0.590814,0.920445,-0.114000,0.748000,-0.060000,0.420000,adult,walking,attentive,,0.000000,0.375000,0.600073,0.000073,0.000000,0.000000,0.000000,0.000000,0.000000,0.000000,0.000000,0.000073,0.000073,0.000073,0.000073,0.001562,horizon_mpc_secbf,4,0.000114,true,osqp,optimal,400,3.727995,1,-0.024737,geometric,false,0.621167,-0.420299,0.492321,0.547961,,,0.736642,0.060604,3.065570,2.990116
local_crowding,context_bl,EESM-MPC-ECBF,45,4.500,-0.227251,1.380453,0.492321,0.547961,0.838833,-0.120000,0.790000,-0.060000,0.420000,adult,walking,attentive,,0.000000,0.375000,0.600114,0.000114,0.000000,0.000000,0.000000,0.000000,0.000000,0.000000,0.000000,0.000114,0.000114,0.000114,0.000114,0.000811,horizon_mpc_secbf,4,0.000116,true,osqp,optimal,975,4.095346,0,-0.029771,geometric,false,0.610692,-0.435379,0.542113,0.498170,,,0.736247,0.070416,3.139194,2.980941
local_crowding,context_bl,EESM-MPC-ECBF,46,4.600,-0.173039,1.430270,0.542113,0.498170,0.743181,-0.126000,0.832000,-0.060000,0.420000,adult,walking,attentive,,0.000000,0.375000,0.600116,0.000116,0.000000,0.000000,0.000000,0.000000,0.000000,0.000000,0.000000,0.000116,0.000116,0.000116,0.000116,0.000627,horizon_mpc_secbf,4,-0.000219,true,osqp,optimal,275,2.588857,0,-0.039845,geometric,false,0.599941,-0.450079,0.608435,0.431843,,,0.746111,0.093796,3.213805,2.966593
local_crowding,context_bl,EESM-MPC-ECBF,47,4.700,-0.112196,1.473454,0.608435,0.431843,0.617247,-0.132000,0.874000,-0.060000,0.420000,adult,walking,attentive,,0.000000,0.375000,0.599781,-0.000219,0.000000,0.000000,0.000000,0.000000,0.000000,0.000000,0.000000,-0.000219,-0.000219,-0.000219,-0.000219,0.000334,horizon_mpc_secbf,4,0.000137,true,osqp,optimal,225,2.731681,0,-0.038421,geometric,false,0.588905,-0.464425,0.647883,0.358057,,,0.740241,0.083670,3.287830,2.944696
local_crowding,context_bl,EESM-MPC-ECBF,48,4.800,-0.047407,1.509260,0.647883,0.358057,0.504881,-0.138000,0.916000,-0.060000,0.420000,adult,walking,attentive,,0.000000,0.375000,0.600137,0.000137,0.000000,0.000000,0.000000,0.000000,0.000000,0.000000,0.000000,0.000137,0.000137,0.000137,0.000137,0.000274,horizon_mpc_secbf,4,-0.000042,true,osqp,optimal,225,2.973327,0,-0.050690,geometric,false,0.577880,-0.478074,0.691152,0.253604,,,0.736211,0.113061,3.361451,2.916794
local_crowding,context_bl,EESM-MPC-ECBF,49,4.900,0.021708,1.534620,0.691152,0.253604,0.351676,-0.144000,0.958000,-0.060000,0.420000,adult,walking,attentive,,0.000000,0.375000,0.599958,-0.000042,0.000000,0.000000,0.000000,0.000000,0.000000,0.000000,0.000000,-0.000042,-0.000042,-0.000042,-0.000042,0.000236,horizon_mpc_secbf,4,-0.000018,true,osqp,optimal,125,2.707422,1,-0.059353,geometric,false,0.567183,-0.490717,0.735594,0.129407,,,0.746890,0.131908,3.436140,2.880408
local_crowding,context_bl,EESM-MPC-ECBF,50,5.000,0.095267,1.547561,0.735594,0.129407,0.174140,-0.150000,1.000000,-0.060000,0.420000,adult,walking,attentive,,0.000000,0.375000,0.599982,-0.000018,0.000000,0.000000,0.000000,0.000000,0.000000,0.000000,0.000000,-0.000018,-0.000018,-0.000018,-0.000018,0.000252,horizon_mpc_secbf,4,-0.000169,true,osqp,optimal,125,2.393481,1,-0.069647,geometric,false,0.557036,-0.502206,0.735593,-0.012939,,,0.735706,0.142346,3.509710,2.833838
local_crowding,context_bl,EESM-MPC-ECBF,51,5.100,0.168826,1.546267,0.735593,-0.012939,-0.017588,-0.156000,1.042000,-0.060000,0.420000,adult,walking,attentive,,0.000000,0.375000,0.599831,-0.000169,0.000000,0.000000,0.000000,0.000000,0.000000,0.000000,0.000000,-0.000169,-0.000169,-0.000169,-0.000169,0.000032,horizon_mpc_secbf,4,-0.000024,true,osqp,optimal,50,2.237758,0,-0.079548,geometric,false,0.548223,-0.511811,0.722307,-0.178388,,,0.744009,0.165982,3.584111,2.778758
local_crowding,context_bl,EESM-MPC-ECBF,52,5.200,0.241057,1.528428,0.722307,-0.178388,-0.242125,-0.162000,1.084000,-0.060000,0.420000,adult,walking,attentive,,0.000000,0.375000,0.599976,-0.000024,0.000000,0.000000,0.000000,0.000000,0.000000,0.000000,0.000000,-0.000024,-0.000024,-0.000024,-0.000024,0.000000,horizon_mpc_secbf,4,0.010814,true,osqp,optimal,50,2.396307,1,0.025646,geometric,false,0.541338,-0.519089,0.699289,-0.233954,,,0.737387,0.060145,3.657850,2.714028
local_crowding,context_bl,EESM-MPC-ECBF,53,5.300,0.310986,1.505033,0.699289,-0.233954,-0.322854,-0.168000,1.126000,-0.060000,0.420000,adult,walking,attentive,,0.000000,0.375000,0.610814,0.010814,0.000000,0.000000,0.000000,0.000000,0.000000,0.000000,0.000000,0.010814,0.010814,0.010814,0.010814,0.000000,horizon_mpc_secbf,4,0.035547,true,osqp,optimal,50,2.365284,0,0.179689,geometric,false,0.535121,-0.525495,0.690202,-0.255892,,,0.736112,0.023745,3.731461,2.647550
local_crowding,context_bl,EESM-MPC-ECBF,54,5.400,0.380006,1.479443,0.690202,-0.255892,-0.355039,-0.174000,1.168000,-0.060000,0.420000,adult,walking,attentive,,0.000000,0.375000,0.635547,0.035547,0.000000,0.000000,0.000000,0.000000,0.000000,0.000000,0.000000,0.035547,0.035547,0.035547,0.035547,0.000000,horizon_mpc_secbf,4,0.073273,true,osqp,optimal,50,2.793915,0,0.342706,geometric,false,0.528955,-0.531702,0.682621,-0.274196,,,0.735632,0.019812,3.805024,2.580550
local_crowding,context_bl,EESM-MPC-ECBF,55,5.500,0.448268,1.452024,0.682621,-0.274196,-0.381954,-0.180000,1.210000,-0.060000,0.420000,adult,walking,attentive,,0.000000,0.375000,0.673273,0.073273,0.000000,0.000000,0.000000,0.000000,0.000000,0.000000,0.000000,0.073273,0.073273,0.073273,0.073273,0.000000,horizon_mpc_secbf,4,0.122166,true,osqp,optimal,50,3.260467,0,0.502049,geometric,false,0.522773,-0.537781,0.674481,-0.293847,,,0.735711,0.021271,3.878595,2.513136
local_crowding,context_bl,EESM-MPC-ECBF,56,5.600,0.515716,1.422639,0.674481,-0.293847,-0.410869,-0.186000,1.252000,-0.060000,0.420000,adult,walking,attentive,,0.000000,0.375000,0.722166,0.122166,0.000000,0.000000,0.000000,0.000000,0.000000,0.000000,0.000000,0.122166,0.122166,0.122166,0.122166,0.000000,horizon_mpc_secbf,4,0.180338,true,osqp,optimal,50,2.400412,0,0.653432,geometric,false,0.516607,-0.543707,0.665569,-0.315362,,,0.736502,0.023288,3.952246,2.445212
local_crowding,context_bl,EESM-MPC-ECBF,57,5.700,0.582273,1.391103,0.665569,-0.315362,-0.442488,-0.192000,1.294000,-0.060000,0.420000,adult,walking,attentive,,0.000000,0.375000,0.780338,0.180338,0.000000,0.000000,0.000000,0.000000,0.000000,0.000000,0.000000,0.180338,0.180338,0.180338,0.180338,0.000000,horizon_mpc_secbf,4,0.246138,true,osqp,optimal,50,2.334995,0,0.796369,geometric,false,0.510506,-0.549440,0.655982,-0.338508,,,0.738173,0.025053,4.026063,2.376653
local_crowding,context_bl,EESM-MPC-ECBF,58,5.800,0.647872,1.357252,0.655982,-0.338508,-0.476391,-0.198000,1.336000,-0.060000,0.420000,adult,walking,attentive,,0.000000,0.375000,0.846138,0.246138,0.000000,0.000000,0.000000,0.000000,0.000000,0.000000,0.000000,0.246138,0.246138,0.246138,0.246138,0.000000,horizon_mpc_secbf,4,0.318230,true,osqp,optimal,50,2.360508,0,0.932099,geometric,false,0.504519,-0.554942,0.645848,-0.362973,,,0.740857,0.026480,4.100149,2.307339
local_crowding,context_bl,EESM-MPC-ECBF,59,5.900,0.712456,1.320955,0.645848,-0.362973,-0.512016,-0.204000,1.378000,-0.060000,0.420000,adult,walking,attentive,,0.000000,0.375000,0.918230,0.318230,0.000000,0.000000,0.000000,0.000000,0.000000,0.000000,0.000000,0.318230,0.318230,0.318230,0.318230,0.000000,horizon_mpc_secbf,4,0.395581,true,osqp,optimal,50,2.546847,0,1.062404,geometric,false,0.498694,-0.560182,0.635291,-0.388460,,,0.744645,0.027588,4.174613,2.237158
local_crowding,context_bl,EESM-MPC-ECBF,60,6.000,0.775985,1.282109,0.635291,-0.388460,-0.548809,-0.210000,1.420000,-0.060000,0.420000,adult,walking,attentive,,0.000000,0.375000,0.995581,0.395581,0.000000,0.000000,0.000000,0.000000,0.000000,0.000000,0.000000,0.395581,0.395581,0.395581,0.395581,0.000000,horizon_mpc_secbf,4,0.477296,true,osqp,optimal,50,3.276006,0,1.187870,geometric,false,0.493078,-0.565132,0.623348,-0.414111,,,0.748365,0.028295,4.249450,2.166009
local_crowding,context_bl,EESM-MPC-ECBF,61,6.100,0.838320,1.240698,0.623348,-0.414111,-0.586386,-0.216000,1.462000,-0.060000,0.420000,adult,walking,attentive,,0.000000,0.375000,1.077296,0.477296,0.000000,0.000000,0.000000,0.000000,0.000000,0.000000,0.000000,0.477296,0.477296,0.477296,0.477296,0.000000,horizon_mpc_secbf,4,0.562008,true,osqp,optimal,50,2.919770,0,1.303237,geometric,false,0.487727,-0.569757,0.604261,-0.436019,,,0.745147,0.029056,4.323964,2.093918
local_crowding,context_bl,EESM-MPC-ECBF,62,6.200,0.898746,1.197096,0.604261,-0.436019,-0.625058,-0.222000,1.504000,-0.060000,0.420000,adult,walking,attentive,,0.000000,0.375000,1.162008,0.562008,0.000000,0.000000,0.000000,0.000000,0.000000,0.000000,0.000000,0.562008,0.562008,0.562008,0.562008,0.000000,horizon_mpc_secbf,4,0.649038,true,osqp,optimal,50,2.484483,0,1.413998,geometric,false,0.482762,-0.573969,0.583170,-0.457110,,,0.740970,0.029828,4.398061,2.021575
local_crowding,context_bl,EESM-MPC-ECBF,63,6.300,0.957063,1.151385,0.583170,-0.457110,-0.664807,-0.228000,1.546000,-0.060000,0.420000,adult,walking,attentive,,0.000000,0.375000,1.249038,0.649038,0.000000,0.000000,0.000000,0.000000,0.000000,0.000000,0.000000,0.649038,0.649038,0.649038,0.649038,0.000000,horizon_mpc_secbf,4,0.738031,true,osqp,optimal,50,2.320591,0,1.522881,geometric,false,0.478270,-0.577718,0.561846,-0.478434,,,0.737950,0.030156,4.471856,1.949115
local_crowding,context_bl,EESM-MPC-ECBF,64,6.400,1.013248,1.103541,0.561846,-0.478434,-0.705387,-0.234000,1.588000,-0.060000,0.420000,adult,walking,attentive,,0.000000,0.375000,1.338031,0.738031,0.000000,0.000000,0.000000,0.000000,0.000000,0.000000,0.000000,0.738031,0.738031,0.738031,0.738031,0.000000,horizon_mpc_secbf,4,0.828742,true,osqp,optimal,50,2.278901,0,1.630803,geometric,false,0.474327,-0.580959,0.540485,-0.499795,,,0.736151,0.030210,4.545472,1.876476
local_crowding,context_bl,EESM-MPC-ECBF,65,6.500,1.067296,1.053562,0.540485,-0.499795,-0.746304,-0.240000,1.630000,-0.060000,0.420000,adult,walking,attentive,,0.000000,0.375000,1.428742,0.828742,0.000000,0.000000,0.000000,0.000000,0.000000,0.000000,0.000000,0.828742,0.828742,0.828742,0.828742,0.000000,horizon_mpc_secbf,4,0.921005,true,osqp,optimal,50,2.750346,0,1.738423,geometric,false,0.471016,-0.583647,0.519253,-0.521027,,,0.735590,0.030027,4.619031,1.803608
local_crowding,context_bl,EESM-MPC-ECBF,66,6.600,1.119222,1.001459,0.519253,-0.521027,-0.787104,-0.246000,1.672000,-0.060000,0.420000,adult,walking,attentive,,0.000000,0.375000,1.521005,0.921005,0.000000,0.000000,0.000000,0.000000,0.000000,0.000000,0.000000,0.921005,0.921005,0.921005,0.921005,0.000000,horizon_mpc_secbf,4,1.014710,true,osqp,optimal,50,3.382232,0,1.846263,geometric,false,0.468418,-0.585734,0.498404,-0.541876,,,0.736231,0.029484,4.692654,1.730469
local_crowding,context_bl,EESM-MPC-ECBF,67,6.700,1.169062,0.947272,0.498404,-0.541876,-0.827162,-0.252000,1.714000,-0.060000,0.420000,adult,walking,attentive,,0.000000,0.375000,1.614710,1.014710,0.000000,0.000000,0.000000,0.000000,0.000000,0.000000,0.000000,1.014710,1.014710,1.014710,1.014710,0.000000,horizon_mpc_secbf,4,1.109805,true,osqp,optimal,50,2.671936,0,1.954833,geometric,false,0.466620,-0.587167,0.478539,-0.561741,,,0.737938,0.028093,4.766447,1.657029
local_crowding,context_bl,EESM-MPC-ECBF,68,6.800,1.216916,0.891098,0.478539,-0.561741,-0.865208,-0.258000,1.756000,-0.060000,0.420000,adult,walking,attentive,,0.000000,0.375000,1.709805,1.109805,0.000000,0.000000,0.000000,0.000000,0.000000,0.000000,0.000000,1.109805,1.109805,1.109805,1.109805,0.000000,horizon_mpc_secbf,4,1.206331,true,osqp,optimal,50,2.298851,0,2.065207,geometric,false,0.465687,-0.587908,0.462377,-0.577903,,,0.740111,0.022857,4.840458,1.583281
local_crowding,context_bl,EESM-MPC-ECBF,69,6.900,1.263154,0.833307,0.462377,-0.577903,-0.895998,-0.264000,1.798000,-0.060000,0.420000,adult,walking,attentive,,0.000000,0.375000,1.806331,1.206331,0.000000,0.000000,0.000000,0.000000,0.000000,0.000000,0.000000,1.206331,1.206331,1.206331,1.206331,0.000000,horizon_mpc_secbf,4,1.304549,true,osqp,optimal,50,2.371761,0,2.180018,geometric,false,0.465546,-0.588020,0.459499,-0.580781,,,0.740571,0.004070,4.914516,1.509270
local_crowding,context_bl,EESM-MPC-ECBF,70,7.000,1.309104,0.775229,0.459499,-0.580781,-0.901460,-0.270000,1.840000,-0.060000,0.420000,adult,walking,attentive,,0.000000,0.375000,1.904549,1.304549,0.000000,0.000000,0.000000,0.000000,0.000000,0.000000,0.000000,1.304549,1.304549,1.304549,1.304549,0.000000,horizon_mpc_secbf,4,1.404286,true,osqp,optimal,50,2.165270,0,2.294650,geometric,false,0.465556,-0.588012,0.459013,-0.581267,,,0.740651,0.000688,4.988581,1.435213
local_crowding,context_bl,EESM-MPC-ECBF,71,7.100,1.355005,0.717103,0.459013,-0.581267,-0.902382,-0.276000,1.882000,-0.060000,0.420000,adult,walking,attentive,,0.000000,0.375000,2.004286,1.404286,0.000000,0.000000,0.000000,0.000000,0.000000,0.000000,0.000000,1.404286,1.404286,1.404286,1.404286,0.000000,horizon_mpc_secbf,4,1.505340,true,osqp,optimal,50,2.561124,0,2.408565,geometric,false,0.465597,-0.587979,0.458960,-0.581320,,,0.740660,0.000075,5.062647,1.361148
local_crowding,context_bl,EESM-MPC-ECBF,72,7.200,1.400901,0.658970,0.458960,-0.581320,-0.902483,-0.282000,1.924000,-0.060000,0.420000,adult,walking,attentive,,0.000000,0.375000,2.105340,1.505340,0.000000,0.000000,0.000000,0.000000,0.000000,0.000000,0.000000,1.505340,1.505340,1.505340,1.505340,0.000000,horizon_mpc_secbf,4,1.607530,true,osqp,optimal,50,3.234200,0,2.521836,geometric,false,0.465646,-0.587941,0.458987,-0.581293,,,0.740656,0.000038,5.136712,1.287082
local_crowding,context_bl,EESM-MPC-ECBF,73,7.300,1.446800,0.600841,0.458987,-0.581293,-0.902431,-0.288000,1.966000,-0.060000,0.420000,adult,walking,attentive,,0.000000,0.375000,2.207530,1.607530,0.000000,0.000000,0.000000,0.000000,0.000000,0.000000,0.000000,1.607530,1.607530,1.607530,1.607530,0.000000,horizon_mpc_secbf,4,1.710706,true,osqp,optimal,50,3.542673,0,2.634596,geometric,false,0.465699,-0.587899,0.459031,-0.581249,,,0.740649,0.000062,5.210777,1.213017
local_crowding,context_bl,EESM-MPC-ECBF,74,7.400,1.492703,0.542716,0.459031,-0.581249,-0.902348,-0.294000,2.008000,-0.060000,0.420000,adult,walking,attentive,,0.000000,0.375000,2.310706,1.710706,0.000000,0.000000,0.000000,0.000000,0.000000,0.000000,0.000000,1.710706,1.710706,1.710706,1.710706,0.000000,horizon_mpc_secbf,4,1.814742,true,osqp,optimal,50,2.673383,0,2.746963,geometric,false,0.465755,-0.587854,0.459081,-0.581200,,,0.740641,0.000070,5.284841,1.138952
local_crowding,context_bl,EESM-MPC-ECBF,75,7.500,1.538611,0.484596,0.459081,-0.581200,-0.902254,-0.300000,2.050000,-0.060000,0.420000,adult,walking,attentive,,0.000000,0.375000,2.414742,1.814742,0.000000,0.000000,0.000000,0.000000,0.000000,0.000000,0.000000,1.814742,1.814742,1.814742,1.814742,0.000000,horizon_mpc_secbf,4,1.919530,true,osqp,optimal,50,2.319807,0,2.859029,geometric,false,0.465816,-0.587806,0.459134,-0.581146,,,0.740632,0.000076,5.358904,1.064888
local_crowding,context_bl,EESM-MPC-ECBF,76,7.600,1.584524,0.426482,0.459134,-0.581146,-0.902152,-0.306000,2.092000,-0.060000,0.420000,adult,walking,attentive,,0.000000,0.375000,2.519530,1.919530,0.000000,0.000000,0.000000,0.000000,0.000000,0.000000,0.000000,1.919530,1.919530,1.919530,1.919530,0.000000,horizon_mpc_secbf,4,2.024981,true,osqp,optimal,50,3.356005,0,2.970868,geometric,false,0.465881,-0.587754,0.459192,-0.581089,,,0.740622,0.000082,5.432967,0.990825
local_crowding,context_bl,EESM-MPC-ECBF,77,7.700,1.630444,0.368373,0.459192,-0.581089,-0.902043,-0.312000,2.134000,-0.060000,0.420000,adult,walking,attentive,,0.000000,0.375000,2.624981,2.024981,0.000000,0.000000,0.000000,0.000000,0.000000,0.000000,0.000000,2.024981,2.024981,2.024981,2.024981,0.000000,horizon_mpc_secbf,4,2.131017,true,osqp,optimal,50,3.703229,0,3.082536,geometric,false,0.465952,-0.587698,0.459255,-0.581026,,,0.740612,0.000088,5.507028,0.916763
local_crowding,context_bl,EESM-MPC-ECBF,78,7.800,1.676369,0.310270,0.459255,-0.581026,-0.901925,-0.318000,2.176000,-0.060000,0.420000,adult,walking,attentive,,0.000000,0.375000,2.731017,2.131017,0.000000,0.000000,0.000000,0.000000,0.000000,0.000000,0.000000,2.131017,2.131017,2.131017,2.131017,0.000000,horizon_mpc_secbf,4,2.237573,true,osqp,optimal,50,2.931929,0,3.194079,geometric,false,0.466029,-0.587637,0.459322,-0.580959,,,0.740601,0.000096,5.581088,0.842702
local_crowding,context_bl,EESM-MPC-ECBF,79,7.900,1.722301,0.252174,0.459322,-0.580959,-0.901796,-0.324000,2.218000,-0.060000,0.420000,adult,walking,attentive,,0.000000,0.375000,2.837573,2.237573,0.000000,0.000000,0.000000,0.000000,0.000000,0.000000,0.000000,2.237573,2.237573,2.237573,2.237573,0.000000,horizon_mpc_secbf,4,2.344591,true,osqp,optimal,50,2.457688,0,3.305530,geometric,false,0.466113,-0.587570,0.459397,-0.580884,,,0.740589,0.000105,5.655147,0.768642
local_crowding,context_bl,EESM-MPC-ECBF,80,8.000,1.768241,0.194086,0.459397,-0.580884,-0.901655,-0.330000,2.260000,-0.060000,0.420000,adult,walking,attentive,,0.000000,0.375000,2.944591,2.344591,0.000000,0.000000,0.000000,0.000000,0.000000,0.000000,0.000000,2.344591,2.344591,2.344591,2.344591,0.000000,horizon_mpc_secbf,4,2.452023,true,osqp,optimal,50,3.246867,0,3.416918,geometric,false,0.466207,-0.587496,0.459479,-0.580802,,,0.740575,0.000116,5.729204,0.694583
local_crowding,context_bl,EESM-MPC-ECBF,81,8.100,1.814189,0.136006,0.459479,-0.580802,-0.901499,-0.336000,2.302000,-0.060000,0.420000,adult,walking,attentive,,0.000000,0.375000,3.052023,2.452023,0.000000,0.000000,0.000000,0.000000,0.000000,0.000000,0.000000,2.452023,2.452023,2.452023,2.452023,0.000000,horizon_mpc_secbf,4,2.559826,true,osqp,optimal,50,3.478371,0,3.528262,geometric,false,0.466312,-0.587412,0.459571,-0.580710,,,0.740560,0.000130,5.803260,0.620525
local_crowding,context_bl,EESM-MPC-ECBF,82,8.200,1.860146,0.077935,0.459571,-0.580710,-0.901324,-0.342000,2.344000,-0.060000,0.420000,adult,walking,attentive,,0.000000,0.375000,3.159826,2.559826,0.000000,0.000000,0.000000,0.000000,0.000000,0.000000,0.000000,2.559826,2.559826,2.559826,2.559826,0.000000,horizon_mpc_secbf,4,2.667963,true,osqp,optimal,50,2.960807,0,3.639581,geometric,false,0.466431,-0.587317,0.459676,-0.580605,,,0.740543,0.000148,5.877315,0.546469
local_crowding,context_bl,EESM-MPC-ECBF,83,8.300,1.906113,0.019874,0.459676,-0.580605,-0.901126,-0.348000,2.386000,-0.060000,0.420000,adult,walking,attentive,,0.000000,0.375000,3.267963,2.667963,0.000000,0.000000,0.000000,0.000000,0.000000,0.000000,0.000000,2.667963,2.667963,2.667963,2.667963,0.000000,horizon_mpc_secbf,4,2.776401,true,osqp,optimal,50,2.191969,0,3.750885,geometric,false,0.466570,-0.587207,0.459797,-0.580484,,,0.740523,0.000171,5.951367,0.472415
local_crowding,context_bl,EESM-MPC-ECBF,84,8.400,1.952093,-0.038174,0.459797,-0.580484,-0.900896,-0.354000,2.428000,-0.060000,0.420000,adult,walking,attentive,,0.000000,0.375000,3.376401,2.776401,0.000000,0.000000,0.000000,0.000000,0.000000,0.000000,0.000000,2.776401,2.776401,2.776401,2.776401,0.000000,horizon_mpc_secbf,4,2.885111,true,osqp,optimal,50,3.138263,0,3.862185,geometric,false,0.466735,-0.587076,0.459940,-0.580340,,,0.740500,0.000203,6.025417,0.398363
local_crowding,context_bl,EESM-MPC-ECBF,85,8.500,1.998087,-0.096208,0.459940,-0.580340,-0.900624,-0.360000,2.470000,-0.060000,0.420000,adult,walking,attentive,,0.000000,0.375000,3.485111,2.885111,0.000000,0.000000,0.000000,0.000000,0.000000,0.000000,0.000000,2.885111,2.885111,2.885111,2.885111,0.000000,horizon_mpc_secbf,4,2.994069,true,osqp,optimal,50,3.467931,0,3.973486,geometric,false,0.466939,-0.586914,0.460117,-0.580164,,,0.740471,0.000249,6.099464,0.324313
local_crowding,context_bl,EESM-MPC-ECBF,86,8.600,2.044099,-0.154225,0.460117,-0.580164,-0.900289,-0.366000,2.512000,-0.060000,0.420000,adult,walking,attentive,,0.000000,0.375000,3.594069,2.994069,0.000000,0.000000,0.000000,0.000000,0.000000,0.000000,0.000000,2.994069,2.994069,2.994069,2.994069,0.000000,horizon_mpc_secbf,4,3.103250,true,osqp,optimal,50,2.226330,0,4.084792,geometric,false,0.467206,-0.586701,0.460345,-0.579935,,,0.740434,0.000323,6.173508,0.250266
local_crowding,context_bl,EESM-MPC-ECBF,87,8.700,2.090133,-0.212218,0.460345,-0.579935,-0.899855,-0.372000,2.554000,-0.060000,0.420000,adult,walking,attentive,,0.000000,0.375000,3.703250,3.103250,0.000000,0.000000,0.000000,0.000000,0.000000,0.000000,0.000000,3.103250,3.103250,3.103250,3.103250,0.000000,horizon_mpc_secbf,4,3.212635,true,osqp,optimal,50,2.437534,0,4.196101,geometric,false,0.467589,-0.586396,0.460670,-0.579611,,,0.740382,0.000459,6.247546,0.176223
local_crowding,context_bl,EESM-MPC-ECBF,88,8.800,2.136200,-0.270179,0.460670,-0.579611,-0.899239,-0.378000,2.596000,-0.060000,0.420000,adult,walking,attentive,,0.000000,0.375000,3.812635,3.212635,0.000000,0.000000,0.000000,0.000000,0.000000,0.000000,0.000000,3.212635,3.212635,3.212635,3.212635,0.000000,horizon_mpc_secbf,4,3.322202,true,osqp,optimal,50,3.530509,0,4.307399,geometric,false,0.468266,-0.585856,0.461230,-0.579051,,,0.740292,0.000792,6.321575,0.102185
local_crowding,context_bl,EESM-MPC-ECBF,89,8.900,2.182323,-0.328084,0.461230,-0.579051,-0.898177,-0.384000,2.638000,-0.060000,0.420000,adult,walking,attentive,,0.000000,0.375000,3.922202,3.322202,0.000000,0.000000,0.000000,0.000000,0.000000,0.000000,0.000000,3.322202,3.322202,3.322202,3.322202,0.000001,horizon_mpc_secbf,4,3.393965,true,osqp,optimal,25,3.360096,0,4.039098,geometric,false,0.176767,-0.219157,0.225571,-0.280903,,,0.360262,0.380036,6.357601,0.028156
local_crowding,context_bl,EESM-MPC-ECBF,90,9.000,2.204880,-0.356175,0.225571,-0.280903,-0.894215,-0.390000,2.680000,-0.060000,0.420000,adult,walking,attentive,,0.000000,0.375000,3.993965,3.393965,0.000000,0.000000,0.000000,0.000000,0.000000,0.000000,0.000000,3.393965,3.393965,3.393965,3.393965,0.000000,horizon_mpc_secbf,4,3.429518,true,osqp,optimal,25,2.108662,0,3.748857,geometric,false,-0.048804,0.061746,-0.001729,0.002956,,,0.003424,0.363650,6.357944,0.007870
local_crowding,context_bl,EESM-MPC-ECBF,91,9.100,2.204708,-0.355879,-0.001729,0.002956,2.099898,-0.396000,2.722000,-0.060000,0.420000,adult,walking,attentive,,0.000000,0.375000,4.029518,3.429518,0.000000,0.000000,0.000000,0.000000,0.000000,0.000000,0.000000,3.429518,3.429518,3.429518,3.429518,0.000000,horizon_mpc_secbf,4,3.459239,true,osqp,optimal,25,2.264608,0,3.726104,geometric,false,-0.047076,0.058789,-0.039295,0.049209,,,0.062973,0.059587,6.364241,0.007531
local_crowding,context_bl,EESM-MPC-ECBF,92,9.200,2.200778,-0.350958,-0.039295,0.049209,2.244635,-0.402000,2.764000,-0.060000,0.420000,adult,walking,attentive,,0.000000,0.375000,4.059239,3.459239,0.000000,0.000000,0.000000,0.000000,0.000000,0.000000,0.000000,3.459239,3.459239,3.459239,3.459239,0.000000,horizon_mpc_secbf,4,3.493274,true,osqp,optimal,25,3.605840,0,3.798983,geometric,false,-0.007781,0.009580,-0.013188,0.016379,,,0.021028,0.041945,6.366344,0.001234
local_crowding,context_bl,EESM-MPC-ECBF,93,9.300,2.199459,-0.349320,-0.013188,0.016379,2.248666,-0.408000,2.806000,-0.060000,0.420000,adult,walking,attentive,,0.000000,0.375000,4.093274,3.493274,0.000000,0.000000,0.000000,0.000000,0.000000,0.000000,0.000000,3.493274,3.493274,3.493274,3.493274,0.000000,horizon_mpc_secbf,4,3.529890,true,osqp,optimal,25,3.103676,0,3.858841,geometric,false,0.005407,-0.006799,0.002216,-0.002822,,,0.003589,0.024617,6.366703,0.000869
local_crowding,context_bl,EESM-MPC-ECBF,94,9.400,2.199681,-0.349602,0.002216,-0.002822,-0.905062,-0.414000,2.848000,-0.060000,0.420000,adult,walking,attentive,,0.000000,0.375000,4.129890,3.529890,0.000000,0.000000,0.000000,0.000000,0.000000,0.000000,0.000000,3.529890,3.529890,3.529890,3.529890,0.000000,horizon_mpc_secbf,4,3.566747,true,osqp,optimal,25,2.391863,0,3.897889,geometric,false,0.003190,-0.003977,0.003023,-0.003779,,,0.004839,0.001251,6.367187,0.000510
local_crowding,context_bl,EESM-MPC-ECBF,95,9.500,2.199983,-0.349980,0.003023,-0.003779,-0.896015,-0.420000,2.890000,-0.060000,0.420000,adult,walking,attentive,,0.000000,0.375000,4.166747,3.566747,0.000000,0.000000,0.000000,0.000000,0.000000,0.000000,0.000000,3.566747,3.566747,3.566747,3.566747,0.000000,horizon_mpc_secbf,4,3.603339,true,osqp,optimal,25,2.467831,0,3.932103,geometric,false,0.000167,-0.000198,0.000657,-0.000812,,,0.001045,0.003794,6.367291,0.000026
local_crowding,context_bl,EESM-MPC-ECBF,96,9.600,2.200049,-0.350061,0.000657,-0.000812,-0.890684,-0.426000,2.932000,-0.060000,0.420000,adult,walking,attentive,,0.000000,0.375000,4.203339,3.603339,0.000000,0.000000,0.000000,0.000000,0.000000,0.000000,0.000000,3.603339,3.603339,3.603339,3.603339,0.000000,horizon_mpc_secbf,4,3.639890,true,osqp,optimal,25,2.259702,0,3.968298,geometric,false,-0.000490,0.000614,-0.000293,0.000370,,,0.000472,0.001517,6.367338,0.000079
local_crowding,context_bl,EESM-MPC-ECBF,97,9.700,2.200020,-0.350024,-0.000293,0.000370,2.241526,-0.432000,2.974000,-0.060000,0.420000,adult,walking,attentive,,0.000000,0.375000,4.239890,3.639890,0.000000,0.000000,0.000000,0.000000,0.000000,0.000000,0.000000,3.639890,3.639890,3.639890,3.639890,0.000000,horizon_mpc_secbf,4,3.676561,true,osqp,optimal,25,2.202298,0,4.006070,geometric,false,-0.000197,0.000245,-0.000213,0.000266,,,0.000341,0.000131,6.367372,0.000031
local_crowding,context_bl,EESM-MPC-ECBF,98,9.800,2.199998,-0.349998,-0.000213,0.000266,2.246457,-0.438000,3.016000,-0.060000,0.420000,adult,walking,attentive,,0.000000,0.375000,4.276561,3.676561,0.000000,0.000000,0.000000,0.000000,0.000000,0.000000,0.000000,3.676561,3.676561,3.676561,3.676561,0.000000,horizon_mpc_secbf,4,3.713372,true,osqp,optimal,25,2.327855,0,4.044146,geometric,false,0.000017,-0.000021,-0.000001,-0.000001,,,0.000001,0.000341,6.367372,0.000003
local_crowding,context_bl,EESM-MPC-ECBF,99,9.900,2.199998,-0.349998,-0.000001,-0.000001,-2.467648,-0.444000,3.058000,-0.060000,0.420000,adult,walking,attentive,,0.000000,0.375000,4.313372,3.713372,0.000000,0.000000,0.000000,0.000000,0.000000,0.000000,0.000000,3.713372,3.713372,3.713372,3.713372,0.000000,horizon_mpc_secbf,4,3.750287,true,osqp,optimal,25,2.841138,0,4.082015,geometric,false,0.000017,-0.000021,0.000014,-0.000017,,,0.000022,0.000022,6.367375,0.000003
local_crowding,context_bl,EESM-MPC-ECBF,100,10.000,2.200000,-0.350000,0.000014,-0.000017,-0.882370,-0.450000,3.100000,-0.060000,0.420000,adult,walking,attentive,,0.000000,0.375000,4.350287,3.750287,0.000000,0.000000,0.000000,0.000000,0.000000,0.000000,0.000000,3.750287,3.750287,3.750287,3.750287,0.000000,horizon_mpc_secbf,4,3.787300,true,osqp,optimal,25,2.752830,0,4.119925,geometric,false,0.000003,-0.000003,0.000005,-0.000006,,,0.000008,0.000015,6.367375,0.000000
local_crowding,context_bl,EESM-MPC-ECBF,101,10.100,2.200000,-0.350000,0.000005,-0.000006,-0.859110,-0.456000,3.142000,-0.060000,0.420000,adult,walking,attentive,,0.000000,0.375000,4.387300,3.787300,0.000000,0.000000,0.000000,0.000000,0.000000,0.000000,0.000000,3.787300,3.787300,3.787300,3.787300,0.000000,horizon_mpc_secbf,4,3.824410,true,osqp,optimal,25,2.273719,0,4.157914,geometric,false,-0.000002,0.000002,-0.000001,0.000001,,,0.000001,0.000009,6.367376,0.000000
local_crowding,context_bl,EESM-MPC-ECBF,102,10.200,2.200000,-0.350000,-0.000001,0.000001,2.208313,-0.462000,3.184000,-0.060000,0.420000,adult,walking,attentive,,0.000000,0.375000,4.424410,3.824410,0.000000,0.000000,0.000000,0.000000,0.000000,0.000000,0.000000,3.824410,3.824410,3.824410,3.824410,0.000000,horizon_mpc_secbf,4,3.861614,true,osqp,optimal,25,2.178349,0,4.195983,geometric,false,-0.000001,0.000001,-0.000001,0.000001,,,0.000002,0.000001,6.367376,0.000000
local_crowding,context_bl,EESM-MPC-ECBF,103,10.300,2.200000,-0.350000,-0.000001,0.000001,2.264779,-0.468000,3.226000,-0.060000,0.420000,adult,walking,attentive,,0.000000,0.375000,4.461614,3.861614,0.000000,0.000000,0.000000,0.000000,0.000000,0.000000,0.000000,3.861614,3.861614,3.861614,3.861614,0.000000,horizon_mpc_secbf,4,3.898911,true,osqp,optimal,25,2.306319,0,4.234125,geometric,false,-0.000000,0.000000,-0.000000,0.000000,,,0.000000,0.000001,6.367376,0.000000
local_crowding,context_bl,EESM-MPC-ECBF,104,10.400,2.200000,-0.350000,-0.000000,0.000000,2.294875,-0.474000,3.268000,-0.060000,0.420000,adult,walking,attentive,,0.000000,0.375000,4.498911,3.898911,0.000000,0.000000,0.000000,0.000000,0.000000,0.000000,0.000000,3.898911,3.898911,3.898911,3.898911,0.000000,horizon_mpc_secbf,4,3.936298,true,osqp,optimal,25,2.275978,0,4.272335,geometric,false,0.000000,-0.000000,0.000000,-0.000000,,,0.000000,0.000001,6.367376,0.000000
local_crowding,context_bl,EESM-MPC-ECBF,105,10.500,2.200000,-0.350000,0.000000,-0.000000,-0.901222,-0.480000,3.310000,-0.060000,0.420000,adult,walking,attentive,,0.000000,0.375000,4.536298,3.936298,0.000000,0.000000,0.000000,0.000000,0.000000,0.000000,0.000000,3.936298,3.936298,3.936298,3.936298,0.000000,horizon_mpc_secbf,4,3.973773,true,osqp,optimal,25,3.242708,0,4.310612,geometric,false,0.000000,-0.000000,0.000000,-0.000000,,,0.000000,0.000000,6.367376,0.000000
local_crowding,context_bl,EESM-MPC-ECBF,106,10.600,2.200000,-0.350000,0.000000,-0.000000,-0.871698,-0.486000,3.352000,-0.060000,0.420000,adult,walking,attentive,,0.000000,0.375000,4.573773,3.973773,0.000000,0.000000,0.000000,0.000000,0.000000,0.000000,0.000000,3.973773,3.973773,3.973773,3.973773,0.000000,horizon_mpc_secbf,4,4.011334,true,osqp,optimal,25,2.591714,0,4.348956,geometric,false,0.000000,0.000000,0.000000,-0.000000,,,0.000000,0.000000,6.367376,0.000000
local_crowding,context_bl,EESM-MPC-ECBF,107,10.700,2.200000,-0.350000,0.000000,-0.000000,-0.871698,-0.492000,3.394000,-0.060000,0.420000,adult,walking,attentive,,0.000000,0.375000,4.611334,4.011334,0.000000,0.000000,0.000000,0.000000,0.000000,0.000000,0.000000,4.011334,4.011334,4.011334,4.011334,0.000000,horizon_mpc_secbf,4,4.048978,true,osqp,optimal,25,1.998509,0,4.387364,geometric,false,-0.000000,0.000000,-0.000000,0.000000,,,0.000000,0.000000,6.367376,0.000000
local_crowding,context_bl,EESM-MPC-ECBF,108,10.800,2.200000,-0.350000,-0.000000,0.000000,2.230173,-0.498000,3.436000,-0.060000,0.420000,adult,walking,attentive,,0.000000,0.375000,4.648978,4.048978,0.000000,0.000000,0.000000,0.000000,0.000000,0.000000,0.000000,4.048978,4.048978,4.048978,4.048978,0.000000,horizon_mpc_secbf,4,4.086705,true,osqp,optimal,25,2.350042,0,4.425835,geometric,false,0.000000,0.000000,-0.000000,0.000000,,,0.000000,0.000000,6.367376,0.000000
local_crowding,context_bl,EESM-MPC-ECBF,109,10.900,2.200000,-0.350000,-0.000000,0.000000,1.582492,-0.504000,3.478000,-0.060000,0.420000,adult,walking,attentive,,0.000000,0.375000,4.686705,4.086705,0.000000,0.000000,0.000000,0.000000,0.000000,0.000000,0.000000,4.086705,4.086705,4.086705,4.086705,0.000000,horizon_mpc_secbf,4,4.124511,true,osqp,optimal,25,2.045100,0,4.464369,geometric,false,0.000000,0.000000,-0.000000,0.000000,,,0.000000,0.000000,6.367376,0.000000
local_crowding,context_bl,EESM-MPC-ECBF,110,11.000,2.200000,-0.350000,-0.000000,0.000000,1.582492,-0.510000,3.520000,-0.060000,0.420000,adult,walking,attentive,,0.000000,0.375000,4.724511,4.124511,0.000000,0.000000,0.000000,0.000000,0.000000,0.000000,0.000000,4.124511,4.124511,4.124511,4.124511,0.000000,horizon_mpc_secbf,4,4.162394,true,osqp,optimal,25,2.298139,0,4.502962,geometric,false,0.000000,0.000000,-0.000000,0.000000,,,0.000000,0.000000,6.367376,0.000000
local_crowding,context_bl,EESM-MPC-ECBF,111,11.100,2.200000,-0.350000,-0.000000,0.000000,1.582492,-0.516000,3.562000,-0.060000,0.420000,adult,walking,attentive,,0.000000,0.375000,4.762394,4.162394,0.000000,0.000000,0.000000,0.000000,0.000000,0.000000,0.000000,4.162394,4.162394,4.162394,4.162394,0.000000,horizon_mpc_secbf,4,4.200354,true,osqp,optimal,25,2.547776,0,4.541615,geometric,false,0.000000,0.000000,-0.000000,0.000000,,,0.000000,0.000000,6.367376,0.000000
local_crowding,context_bl,EESM-MPC-ECBF,112,11.200,2.200000,-0.350000,-0.000000,0.000000,1.582492,-0.522000,3.604000,-0.060000,0.420000,adult,walking,attentive,,0.000000,0.375000,4.800354,4.200354,0.000000,0.000000,0.000000,0.000000,0.000000,0.000000,0.000000,4.200354,4.200354,4.200354,4.200354,0.000000,horizon_mpc_secbf,4,4.238388,true,osqp,optimal,25,3.320224,0,4.580326,geometric,false,0.000000,0.000000,-0.000000,0.000000,,,0.000000,0.000000,6.367376,0.000000
local_crowding,context_bl,EESM-MPC-ECBF,113,11.300,2.200000,-0.350000,-0.000000,0.000000,1.582492,-0.528000,3.646000,-0.060000,0.420000,adult,walking,attentive,,0.000000,0.375000,4.838388,4.238388,0.000000,0.000000,0.000000,0.000000,0.000000,0.000000,0.000000,4.238388,4.238388,4.238388,4.238388,0.000000,horizon_mpc_secbf,4,4.276495,true,osqp,optimal,25,3.259612,0,4.619093,geometric,false,0.000000,0.000000,-0.000000,0.000000,,,0.000000,0.000000,6.367376,0.000000
local_crowding,context_bl,EESM-MPC-ECBF,114,11.400,2.200000,-0.350000,-0.000000,0.000000,1.582492,-0.534000,3.688000,-0.060000,0.420000,adult,walking,attentive,,0.000000,0.375000,4.876495,4.276495,0.000000,0.000000,0.000000,0.000000,0.000000,0.000000,0.000000,4.276495,4.276495,4.276495,4.276495,0.000000,horizon_mpc_secbf,4,4.314672,true,osqp,optimal,25,2.682349,0,4.657916,geometric,false,0.000000,0.000000,-0.000000,0.000000,,,0.000000,0.000000,6.367376,0.000000
local_crowding,context_bl,EESM-MPC-ECBF,115,11.500,2.200000,-0.350000,-0.000000,0.000000,1.582492,-0.540000,3.730000,-0.060000,0.420000,adult,walking,attentive,,0.000000,0.375000,4.914672,4.314672,0.000000,0.000000,0.000000,0.000000,0.000000,0.000000,0.000000,4.314672,4.314672,4.314672,4.314672,0.000000,horizon_mpc_secbf,4,4.352918,true,osqp,optimal,25,2.176912,0,4.696793,geometric,false,0.000000,0.000000,-0.000000,0.000000,,,0.000000,0.000000,6.367376,0.000000
local_crowding,context_bl,EESM-MPC-ECBF,116,11.600,2.200000,-0.350000,-0.000000,0.000000,1.582492,-0.546000,3.772000,-0.060000,0.420000,adult,walking,attentive,,0.000000,0.375000,4.952918,4.352918,0.000000,0.000000,0.000000,0.000000,0.000000,0.000000,0.000000,4.352918,4.352918,4.352918,4.352918,0.000000,horizon_mpc_secbf,4,4.391232,true,osqp,optimal,25,2.340364,0,4.735723,geometric,false,0.000000,0.000000,-0.000000,0.000000,,,0.000000,0.000000,6.367376,0.000000
local_crowding,context_bl,EESM-MPC-ECBF,117,11.700,2.200000,-0.350000,-0.000000,0.000000,1.582492,-0.552000,3.814000,-0.060000,0.420000,adult,walking,attentive,,0.000000,0.375000,4.991232,4.391232,0.000000,0.000000,0.000000,0.000000,0.000000,0.000000,0.000000,4.391232,4.391232,4.391232,4.391232,0.000000,horizon_mpc_secbf,4,4.429612,true,osqp,optimal,25,2.655179,0,4.774705,geometric,false,0.000000,0.000000,-0.000000,0.000000,,,0.000000,0.000000,6.367376,0.000000
local_crowding,context_bl,EESM-MPC-ECBF,118,11.800,2.200000,-0.350000,-0.000000,0.000000,1.582492,-0.558000,3.856000,-0.060000,0.420000,adult,walking,attentive,,0.000000,0.375000,5.029612,4.429612,0.000000,0.000000,0.000000,0.000000,0.000000,0.000000,0.000000,4.429612,4.429612,4.429612,4.429612,0.000000,horizon_mpc_secbf,4,4.468057,true,osqp,optimal,25,2.413820,0,4.813737,geometric,false,0.000000,0.000000,-0.000000,0.000000,,,0.000000,0.000000,6.367376,0.000000
local_crowding,context_bl,EESM-MPC-ECBF,119,11.900,2.200000,-0.350000,-0.000000,0.000000,1.582492,-0.564000,3.898000,-0.060000,0.420000,adult,walking,attentive,,0.000000,0.375000,5.068057,4.468057,0.000000,0.000000,0.000000,0.000000,0.000000,0.000000,0.000000,4.468057,4.468057,4.468057,4.468057,0.000000,horizon_mpc_secbf,4,4.506564,true,osqp,optimal,25,2.314909,0,4.852820,geometric,false,0.000000,0.000000,0.000000,0.000000,,,0.000000,0.000000,6.367376,0.000000
local_crowding,context_bl,SEESM w/o Feasibility-Preserving Update,0,0.000,-2.200000,-0.350000,0.000000,0.000000,0.000000,0.150000,-1.100000,-0.060000,0.420000,pedestrian,walking,unknown,10.098536,1.000000,0.375000,2.466779,1.866779,0.249000,0.249000,0.249000,0.249000,0.153124,0.402124,0.249000,1.866779,1.713655,1.464655,1.464655,0.000000,horizon_mpc_secbf,4,1.123283,true,osqp,optimal,50,3.226265,0,0.688181,accept,false,0.750000,0.000000,0.621017,0.000000,,,0.621017,0.621017,0.062102,4.400000
local_crowding,context_bl,SEESM w/o Feasibility-Preserving Update,1,0.100,-2.137898,-0.350000,0.621017,0.000000,0.000000,0.144000,-1.058000,-0.060000,0.420000,pedestrian,walking,unknown,2.308990,1.000000,0.375000,2.389210,1.789210,0.289584,0.289584,0.289584,0.289584,0.762629,1.052213,0.040584,1.789210,1.026581,0.736997,0.736997,0.000000,horizon_mpc_secbf,4,0.385260,true,osqp,optimal,50,3.211163,0,-0.138256,accept,false,0.750000,-0.000000,0.726101,-0.000000,,,0.726101,0.105085,0.134712,4.337898
local_crowding,context_bl,SEESM w/o Feasibility-Preserving Update,2,0.200,-2.065288,-0.350000,0.726101,-0.000000,-0.000000,0.138000,-1.016000,-0.060000,0.420000,pedestrian,walking,unknown,1.947076,1.000000,0.375000,2.301746,1.701746,0.298270,0.298270,0.298270,0.298270,0.863367,1.161637,0.008686,1.701746,0.838379,0.540109,0.540109,0.000000,horizon_mpc_secbf,4,0.188088,true,osqp,optimal,50,3.131759,0,-0.342975,accept,false,0.750000,0.000000,0.735590,-0.000000,,,0.735590,0.009489,0.208271,4.265288
local_crowding,context_bl,SEESM w/o Feasibility-Preserving Update,3,0.300,-1.991729,-0.350000,0.735590,-0.000000,-0.000000,0.132000,-0.974000,-0.060000,0.420000,pedestrian,walking,unknown,1.829945,1.000000,0.375000,2.213504,1.613504,0.301081,0.301081,0.301081,0.301081,0.869790,1.170871,0.002811,1.613504,0.743715,0.442633,0.442633,0.000000,horizon_mpc_secbf,4,0.091317,true,osqp,optimal,50,3.252311,0,-0.439091,accept,false,0.750000,0.000000,0.735591,-0.000000,,,0.735591,0.000001,0.281830,4.191729
local_crowding,context_bl,SEESM w/o Feasibility-Preserving Update,4,0.400,-1.918170,-0.350000,0.735591,-0.000000,-0.000000,0.126000,-0.932000,-0.060000,0.420000,pedestrian,walking,unknown,1.733041,1.000000,0.375000,2.125407,1.525407,0.303407,0.303407,0.303407,0.303407,0.866363,1.169770,0.002326,1.525407,0.659044,0.355637,0.355637,0.000000,horizon_mpc_secbf,4,0.005322,true,osqp,optimal,50,3.079420,0,-0.524544,accept,false,0.750000,0.000000,0.735591,0.000035,,,0.735591,0.000035,0.355389,4.118170
local_crowding,context_bl,SEESM w/o Feasibility-Preserving Update,5,0.500,-1.844611,-0.349997,0.735591,0.000035,0.000047,0.120000,-0.890000,-0.060000,0.420000,pedestrian,walking,unknown,1.636383,1.000000,0.375000,2.037474,1.437474,0.305727,0.305727,0.305727,0.305727,0.862308,1.168034,0.002320,1.437474,0.575166,0.269439,0.269439,0.000222,horizon_mpc_secbf,4,-0.000234,true,osqp,optimal,25,2.980798,0,-0.436321,accept,false,0.750000,-0.000001,0.568110,0.041429,,,0.569619,0.172521,0.412351,4.044611
local_crowding,context_bl,SEESM w/o Feasibility-Preserving Update,6,0.600,-1.787800,-0.345854,0.568110,0.041429,0.072796,0.114000,-0.848000,-0.060000,0.420000,pedestrian,walking,unknown,1.941885,1.000000,0.375000,1.966976,1.366976,0.298395,0.298395,0.298395,0.298395,0.687306,0.985700,0.000000,1.366976,0.679670,0.381275,0.381275,0.000000,horizon_mpc_secbf,4,0.036357,true,osqp,optimal,50,3.087556,0,-0.475538,accept,false,0.750000,-0.000780,0.717283,0.007581,,,0.717323,0.152965,0.484083,3.987802
local_crowding,context_bl,SEESM w/o Feasibility-Preserving Update,7,0.700,-1.716072,-0.345095,0.717283,0.007581,0.010569,0.108000,-0.806000,-0.060000,0.420000,pedestrian,walking,unknown,1.499360,1.000000,0.375000,1.881401,1.281401,0.309015,0.309015,0.309015,0.309015,0.833490,1.142506,0.010621,1.281401,0.447911,0.138895,0.138895,0.000552,horizon_mpc_secbf,4,-0.000552,true,osqp,optimal,50,3.216357,0,-0.284856,accept,false,0.749999,-0.000939,0.296358,0.098323,,,0.312243,0.430595,0.515308,3.916075
local_crowding,context_bl,SEESM w/o Feasibility-Preserving Update,8,0.800,-1.686436,-0.335263,0.296358,0.098323,0.320343,0.102000,-0.764000,-0.060000,0.420000,pedestrian,walking,unknown,2.939551,1.000000,0.375000,1.839108,1.239108,0.274451,0.274451,0.274451,0.274451,0.403034,0.677485,0.000000,1.239108,0.836074,0.561623,0.561623,0.000000,horizon_mpc_secbf,4,0.225832,true,osqp,optimal,50,3.168109,0,-0.240799,accept,false,0.749995,-0.002844,0.671672,0.030037,,,0.672343,0.381475,0.582542,3.886464
local_crowding,context_bl,SEESM w/o Feasibility-Preserving Update,9,0.900,-1.619269,-0.332260,0.671672,0.030037,0.044690,0.096000,-0.722000,-0.060000,0.420000,adult,walking,attentive,1.448936,1.000000,0.375000,1.758989,1.158989,0.190468,0.190468,0.190468,0.190468,0.775393,0.965860,0.000000,1.158989,0.383597,0.193129,0.193129,0.000393,horizon_mpc_secbf,4,-0.000393,true,osqp,optimal,50,2.909008,0,-0.342164,accept,false,0.749992,-0.003484,0.415140,0.093439,,,0.425526,0.264251,0.625094,3.819310
local_crowding,context_bl,SEESM w/o Feasibility-Preserving Update,10,1.000,-1.577755,-0.322916,0.415140,0.093439,0.221388,0.090000,-0.680000,-0.060000,0.420000,adult,walking,attentive,2.074286,1.000000,0.375000,1.705554,1.105554,0.180149,0.180149,0.180149,0.180149,0.512549,0.692698,0.000000,1.105554,0.593005,0.412856,0.412856,0.000000,horizon_mpc_secbf,4,0.079425,true,osqp,optimal,50,3.072987,0,-0.397267,accept,false,0.749981,-0.005377,0.690879,0.057549,,,0.693272,0.278065,0.694422,3.777852
local_crowding,context_bl,SEESM w/o Feasibility-Preserving Update,11,1.100,-1.508667,-0.317161,0.690879,0.057549,0.083107,0.084000,-0.638000,-0.060000,0.420000,adult,walking,attentive,1.268665,1.000000,0.375000,1.624661,1.024661,0.193442,0.193442,0.193442,0.193442,0.781846,0.975288,0.013293,1.024661,0.242815,0.049373,0.049373,0.000768,horizon_mpc_secbf,4,-0.000769,true,osqp,optimal,100,3.272008,0,-0.165175,accept,false,0.749971,-0.006641,0.108141,0.164343,,,0.196731,0.592443,0.714095,3.708812
local_crowding,context_bl,SEESM w/o Feasibility-Preserving Update,12,1.200,-1.497853,-0.300726,0.108141,0.164343,0.988805,0.078000,-0.596000,-0.060000,0.420000,adult,walking,attentive,4.724668,1.000000,0.375000,1.603277,1.003277,0.148375,0.148375,0.148375,0.148375,0.195008,0.343383,0.000000,1.003277,0.808269,0.659894,0.659894,0.000000,horizon_mpc_secbf,4,0.336592,true,osqp,optimal,50,3.344212,0,-0.085910,accept,false,0.749933,-0.009993,0.636756,0.088964,,,0.642941,0.533963,0.778389,3.698181
local_crowding,context_bl,SEESM w/o Feasibility-Preserving Update,13,1.300,-1.434177,-0.291830,0.636756,0.088964,0.138816,0.072000,-0.554000,-0.060000,0.420000,adult,walking,attentive,1.249759,1.000000,0.375000,1.528824,0.928824,0.193754,0.193754,0.193754,0.193754,0.716479,0.910233,0.045379,0.928824,0.212345,0.018591,0.018591,0.004336,horizon_mpc_secbf,4,0.002025,true,osqp,optimal,250,3.786633,0,-0.034393,accept,false,0.749904,-0.012003,0.007589,0.474044,,,0.474104,0.737657,0.825799,3.634642
local_crowding,context_bl,SEESM w/o Feasibility-Preserving Update,14,1.400,-1.433418,-0.244426,0.007589,0.474044,1.554788,0.066000,-0.512000,-0.060000,0.420000,adult,walking,attentive,16.182409,1.000000,0.375000,1.523106,0.923106,0.148375,0.148375,0.148375,0.148375,0.055600,0.203975,0.000000,0.923106,0.867505,0.719130,0.719130,0.000000,horizon_mpc_secbf,4,0.400099,true,osqp,optimal,50,3.241377,0,0.003632,accept,false,0.749684,-0.021783,0.618691,0.150400,,,0.636710,0.691513,0.889470,3.634951
local_crowding,context_bl,SEESM w/o Feasibility-Preserving Update,15,1.500,-1.371549,-0.229386,0.618691,0.150400,0.238469,0.060000,-0.470000,-0.060000,0.420000,adult,walking,attentive,1.192774,1.000000,0.375000,1.451629,0.851629,0.194694,0.194694,0.194694,0.194694,0.698214,0.892908,0.046319,0.851629,0.153415,-0.041279,-0.041279,0.063280,horizon_mpc_secbf,4,-0.047951,true,osqp,optimal,925,4.861416,0,-0.009355,accept,false,0.749573,-0.025314,0.024839,0.735589,,,0.736008,0.833730,0.963071,3.573585
local_crowding,context_bl,SEESM w/o Feasibility-Preserving Update,16,1.600,-1.369065,-0.155827,0.024839,0.735589,1.537041,0.054000,-0.428000,-0.060000,0.420000,adult,walking,attentive,35.303607,1.000000,0.375000,1.448859,0.848859,0.148375,0.148375,0.148375,0.148375,0.000000,0.148375,0.000000,0.848859,0.861613,0.713238,0.700484,0.000000,horizon_mpc_secbf,4,0.381169,true,osqp,optimal,50,3.382717,0,-0.010920,accept,false,0.748893,-0.040743,0.621530,0.196383,,,0.651817,0.804228,1.028253,3.574343
local_crowding,context_bl,SEESM w/o Feasibility-Preserving Update,17,1.700,-1.306912,-0.136188,0.621530,0.196383,0.306040,0.048000,-0.386000,-0.060000,0.420000,adult,walking,attentive,1.094221,1.000000,0.375000,1.377749,0.777749,0.196320,0.196320,0.196320,0.196320,0.703857,0.900178,0.047945,0.777749,0.073892,-0.122429,-0.122429,0.150017,horizon_mpc_secbf,4,-0.134413,true,osqp,optimal,3775,10.196234,0,-0.018294,accept,false,0.748610,-0.045642,0.044842,0.735589,,,0.736955,0.789501,1.101948,3.513424
local_crowding,context_bl,SEESM w/o Feasibility-Preserving Update,18,1.800,-1.302428,-0.062630,0.044842,0.735589,1.509911,0.042000,-0.344000,-0.060000,0.420000,adult,walking,attentive,20.372292,1.000000,0.375000,1.373556,0.773556,0.148375,0.148375,0.148375,0.148375,0.000000,0.148375,0.000000,0.773556,0.775839,0.627464,0.625181,0.000000,horizon_mpc_secbf,4,0.304461,true,osqp,optimal,50,3.407301,0,-0.091101,accept,false,0.747488,-0.061331,0.624973,0.196248,,,0.655061,0.792111,1.167454,3.514197
local_crowding,context_bl,SEESM w/o Feasibility-Preserving Update,19,1.900,-1.239930,-0.043005,0.624973,0.196248,0.304261,0.036000,-0.302000,-0.060000,0.420000,adult,walking,attentive,0.980662,1.000000,0.375000,1.301951,0.701951,0.198194,0.198194,0.198194,0.198194,0.709944,0.908138,0.049819,0.701951,-0.007992,-0.206186,-0.206186,0.239235,horizon_mpc_secbf,4,-0.223350,true,osqp,optimal,3200,7.499343,0,-0.027299,accept,false,0.747031,-0.066669,0.065638,0.735590,,,0.738512,0.777009,1.241306,3.453602
local_crowding,context_bl,SEESM w/o Feasibility-Preserving Update,20,2.000,-1.233367,0.030554,0.065638,0.735590,1.481800,0.030000,-0.260000,-0.060000,0.420000,adult,walking,attentive,13.466921,1.000000,0.375000,1.296348,0.696348,0.148375,0.148375,0.148375,0.148375,0.007225,0.155600,0.000000,0.696348,0.689122,0.540747,0.540747,0.000000,horizon_mpc_secbf,4,0.218537,true,osqp,optimal,50,2.555705,0,-0.180589,accept,false,0.745435,-0.082624,0.628592,0.195744,,,0.658364,0.779968,1.307142,3.454393
local_crowding,context_bl,SEESM w/o Feasibility-Preserving Update,21,2.100,-1.170507,0.050129,0.628592,0.195744,0.301883,0.024000,-0.218000,-0.060000,0.420000,adult,walking,attentive,0.865798,1.000000,0.375000,1.224231,0.624231,0.200089,0.200089,0.200089,0.200089,0.716416,0.916505,0.051714,0.624231,-0.092185,-0.292275,-0.292275,0.330548,horizon_mpc_secbf,4,-0.314396,true,osqp,optimal,2275,5.409125,0,-0.036343,accept,false,0.744770,-0.088415,0.087312,0.735590,,,0.740754,0.764472,1.381217,3.394175
local_crowding,context_bl,SEESM w/o Feasibility-Preserving Update,22,2.200,-1.161776,0.123688,0.087312,0.735590,1.452652,0.018000,-0.176000,-0.060000,0.420000,adult,walking,attentive,9.484548,1.000000,0.375000,1.217245,0.617245,0.148375,0.148375,0.148375,0.148375,0.015351,0.163726,0.000000,0.617245,0.601894,0.453519,0.453519,0.000000,horizon_mpc_secbf,4,0.129763,true,osqp,optimal,50,2.652081,0,-0.273021,accept,false,0.742664,-0.104644,0.632407,0.194797,,,0.661728,0.767845,1.447390,3.394984
local_crowding,context_bl,SEESM w/o Feasibility-Preserving Update,23,2.300,-1.098536,0.143167,0.632407,0.194797,0.298802,0.012000,-0.134000,-0.060000,0.420000,adult,walking,attentive,0.749795,1.000000,0.375000,1.144601,0.544601,0.202003,0.202003,0.202003,0.202003,0.723256,0.925259,0.053628,0.544601,-0.178655,-0.380658,-0.380658,0.423750,horizon_mpc_secbf,4,-0.407385,true,osqp,optimal,2225,5.703506,0,-0.045391,accept,false,0.741755,-0.110901,0.109962,0.735590,,,0.743764,0.751935,1.521767,3.335199
local_crowding,context_bl,SEESM w/o Feasibility-Preserving Update,24,2.400,-1.087539,0.216726,0.109962,0.735590,1.422407,0.006000,-0.092000,-0.060000,0.420000,adult,walking,attentive,6.891081,1.000000,0.375000,1.136284,0.536284,0.148375,0.148375,0.148375,0.148375,0.021489,0.169864,0.000000,0.536284,0.514794,0.366419,0.366419,0.000000,horizon_mpc_secbf,4,0.041075,true,osqp,optimal,50,3.265362,0,-0.365412,accept,false,0.739099,-0.127410,0.636443,0.193326,,,0.665157,0.755799,1.588282,3.336030
local_crowding,context_bl,SEESM w/o Feasibility-Preserving Update,25,2.500,-1.023895,0.236059,0.636443,0.193326,0.294904,0.000000,-0.050000,-0.060000,0.420000,adult,walking,attentive,0.632873,1.000000,0.375000,1.063104,0.463104,0.203933,0.203933,0.203933,0.203933,0.730311,0.934243,0.055558,0.463104,-0.267206,-0.471139,-0.471139,0.518376,horizon_mpc_secbf,4,-0.501924,true,osqp,optimal,2150,6.913311,0,-0.054403,accept,false,0.737907,-0.134141,0.133702,0.735590,,,0.747642,0.739458,1.663046,3.276731
local_crowding,context_bl,SEESM w/o Feasibility-Preserving Update,26,2.600,-1.010525,0.309618,0.133702,0.735590,1.390997,-0.006000,-0.008000,-0.060000,0.420000,adult,walking,attentive,5.064840,1.000000,0.375000,1.053542,0.453542,0.148375,0.148375,0.148375,0.148375,0.024764,0.173139,0.000000,0.453542,0.428779,0.280404,0.280404,0.000123,horizon_mpc_secbf,4,-0.000071,true,osqp,optimal,25,3.137612,0,-0.354445,accept,false,0.734655,-0.150938,0.542381,0.218932,,,0.584900,0.658752,1.721537,3.277585
local_crowding,context_bl,SEESM w/o Feasibility-Preserving Update,27,2.700,-0.956287,0.331511,0.542381,0.218932,0.383648,-0.012000,0.034000,-0.060000,0.420000,adult,walking,attentive,0.614283,1.000000,0.375000,0.990046,0.390046,0.204239,0.204239,0.204239,0.204239,0.634798,0.839037,0.055864,0.390046,-0.244753,-0.448992,-0.448992,0.499701,horizon_mpc_secbf,4,-0.483696,true,osqp,optimal,2175,6.867986,0,-0.063637,accept,false,0.733105,-0.158293,0.157817,0.730825,,,0.747670,0.640253,1.796304,3.229025
local_crowding,context_bl,SEESM w/o Feasibility-Preserving Update,28,2.800,-0.940505,0.404594,0.157817,0.730825,1.358119,-0.018000,0.076000,-0.060000,0.420000,adult,walking,attentive,3.759255,1.000000,0.375000,0.979280,0.379280,0.152347,0.152347,0.152347,0.152347,0.027733,0.180080,0.000000,0.379280,0.351547,0.199200,0.199200,0.000342,horizon_mpc_secbf,4,-0.000289,true,osqp,optimal,50,3.032238,0,-0.260283,accept,false,0.729244,-0.175221,0.376617,0.275394,,,0.466564,0.505263,1.842960,3.229889
local_crowding,context_bl,SEESM w/o Feasibility-Preserving Update,29,2.900,-0.902843,0.432133,0.376617,0.275394,0.631380,-0.024000,0.118000,-0.060000,0.420000,adult,walking,attentive,0.724854,1.000000,0.375000,0.933298,0.333298,0.202415,0.202415,0.202415,0.202415,0.459691,0.662106,0.050068,0.333298,-0.126393,-0.328808,-0.328808,0.382257,horizon_mpc_secbf,4,-0.367363,true,osqp,optimal,2725,7.899954,0,-0.072869,accept,false,0.727251,-0.183318,0.181710,0.720930,,,0.743478,0.486304,1.917308,3.199901
local_crowding,context_bl,SEESM w/o Feasibility-Preserving Update,30,3.000,-0.884672,0.504226,0.181710,0.720930,1.323890,-0.030000,0.160000,-0.060000,0.420000,adult,walking,attentive,2.875138,1.000000,0.375000,0.921388,0.321388,0.166935,0.166935,0.166935,0.166935,0.031473,0.198408,0.000000,0.321388,0.289916,0.122981,0.122981,0.000549,horizon_mpc_secbf,4,-0.000505,true,osqp,optimal,50,3.148153,0,-0.172225,accept,false,0.722797,-0.200161,0.227820,0.342978,,,0.411747,0.380755,1.958482,3.200767
local_crowding,context_bl,SEESM w/o Feasibility-Preserving Update,31,3.100,-0.861890,0.538524,0.227820,0.342978,0.984474,-0.036000,0.202000,-0.060000,0.420000,adult,walking,attentive,0.987192,1.000000,0.375000,0.891820,0.291820,0.198086,0.198086,0.198086,0.198086,0.294442,0.492528,0.031151,0.291820,-0.002622,-0.200708,-0.200708,0.255888,horizon_mpc_secbf,4,-0.242482,true,osqp,optimal,2700,8.009165,0,-0.081664,accept,false,0.720286,-0.209018,0.206247,0.710766,,,0.740086,0.368421,2.032491,3.188204
local_crowding,context_bl,SEESM w/o Feasibility-Preserving Update,32,3.200,-0.841266,0.609600,0.206247,0.710766,1.288377,-0.042000,0.244000,-0.060000,0.420000,adult,walking,attentive,2.301849,1.000000,0.375000,0.878914,0.278914,0.176394,0.176394,0.176394,0.176394,0.033380,0.209775,0.000000,0.278914,0.245533,0.069139,0.069139,0.000863,horizon_mpc_secbf,4,-0.000697,true,osqp,optimal,250,3.607064,0,-0.104008,accept,false,0.715241,-0.225678,0.135121,0.428243,,,0.449054,0.291339,2.077396,3.189064
local_crowding,context_bl,SEESM w/o Feasibility-Preserving Update,33,3.300,-0.827754,0.652425,0.135121,0.428243,1.265160,-0.048000,0.286000,-0.060000,0.420000,adult,walking,attentive,1.511128,1.000000,0.375000,0.861558,0.261558,0.189441,0.189441,0.189441,0.189441,0.167173,0.356614,0.013047,0.261558,0.094386,-0.095056,-0.095056,0.150261,horizon_mpc_secbf,4,-0.138955,true,osqp,optimal,1575,5.971232,0,-0.089736,accept,false,0.711993,-0.235726,0.231810,0.700178,,,0.737553,0.288613,2.151152,3.189380
local_crowding,context_bl,SEESM w/o Feasibility-Preserving Update,34,3.400,-0.804573,0.722443,0.231810,0.700178,1.251082,-0.054000,0.328000,-0.060000,0.420000,adult,walking,attentive,1.937151,1.000000,0.375000,0.847906,0.247906,0.182412,0.182412,0.182412,0.182412,0.032077,0.214489,0.000000,0.247906,0.215828,0.033416,0.033416,0.018728,horizon_mpc_secbf,4,-0.009679,true,osqp,optimal,1275,5.626690,0,-0.092835,accept,false,0.706353,-0.252123,0.247586,0.693642,,,0.736504,0.017076,2.224802,3.190234
local_crowding,context_bl,SEESM w/o Feasibility-Preserving Update,35,3.500,-0.779814,0.791807,0.247586,0.693642,1.227956,-0.060000,0.370000,-0.060000,0.420000,adult,walking,attentive,1.844439,1.000000,0.375000,0.834298,0.234298,0.183942,0.183942,0.183942,0.183942,0.025854,0.209796,0.001530,0.234298,0.208444,0.024502,0.024502,0.024053,horizon_mpc_secbf,4,-0.017226,true,osqp,optimal,1650,6.200770,0,-0.095319,accept,false,0.700345,-0.268359,0.263296,0.687135,,,0.735853,0.017005,2.298387,3.191084
local_crowding,context_bl,SEESM w/o Feasibility-Preserving Update,36,3.600,-0.753485,0.860520,0.263296,0.687135,1.204874,-0.066000,0.412000,-0.060000,0.420000,adult,walking,attentive,1.769638,1.000000,0.375000,0.820857,0.220857,0.185176,0.185176,0.185176,0.185176,0.017865,0.203041,0.001234,0.220857,0.202992,0.017816,0.017816,0.026640,horizon_mpc_secbf,4,-0.021918,true,osqp,optimal,1300,5.497162,0,-0.097021,accept,false,0.693973,-0.284433,0.278969,0.680643,,,0.735594,0.016964,2.371947,3.191932
local_crowding,context_bl,SEESM w/o Feasibility-Preserving Update,37,3.700,-0.725588,0.928585,0.278969,0.680643,1.181818,-0.072000,0.454000,-0.060000,0.420000,adult,walking,attentive,1.714658,1.000000,0.375000,0.807717,0.207717,0.186083,0.186083,0.186083,0.186083,0.008002,0.194085,0.000907,0.207717,0.199716,0.013632,0.013632,0.026258,horizon_mpc_secbf,4,-0.023414,true,osqp,optimal,1625,5.916538,0,-0.097735,accept,false,0.687235,-0.300346,0.294629,0.674157,,,0.735727,0.016951,2.445519,3.192780
local_crowding,context_bl,SEESM w/o Feasibility-Preserving Update,38,3.800,-0.696125,0.996000,0.294629,0.674157,1.158777,-0.078000,0.496000,-0.060000,0.420000,adult,walking,attentive,1.683097,1.000000,0.375000,0.795034,0.195034,0.186604,0.186604,0.186604,0.186604,0.000000,0.186604,0.000521,0.195034,0.198863,0.012259,0.008430,0.026498,horizon_mpc_secbf,4,-0.025169,true,osqp,optimal,1550,5.106809,0,-0.097218,accept,false,0.680134,-0.316098,0.310302,0.667665,,,0.736250,0.016964,2.519144,3.193627
local_crowding,context_bl,SEESM w/o Feasibility-Preserving Update,39,3.900,-0.665095,1.062767,0.310302,0.667665,1.135738,-0.084000,0.538000,-0.060000,0.420000,adult,walking,attentive,1.681235,1.000000,0.375000,0.782976,0.182976,0.186635,0.186635,0.186635,0.186635,0.000000,0.186635,0.000031,0.182976,0.200677,0.014042,-0.003659,0.033314,horizon_mpc_secbf,4,-0.032984,true,osqp,optimal,1250,5.028034,0,-0.095200,accept,false,0.672668,-0.331690,0.326013,0.661157,,,0.737166,0.017005,2.592861,3.194476
local_crowding,context_bl,SEESM w/o Feasibility-Preserving Update,40,4.000,-0.632493,1.128882,0.326013,0.661157,1.112688,-0.090000,0.580000,-0.060000,0.420000,adult,walking,attentive,1.720240,1.000000,0.375000,0.771732,0.171732,0.185991,0.185991,0.185991,0.185991,0.000000,0.185991,0.000000,0.171732,0.205387,0.019396,-0.014259,0.038424,horizon_mpc_secbf,4,-0.038422,true,osqp,optimal,1625,5.982691,0,-0.091400,accept,false,0.664837,-0.347120,0.341787,0.654624,,,0.738478,0.017073,2.666709,3.195326
local_crowding,context_bl,SEESM w/o Feasibility-Preserving Update,41,4.100,-0.598315,1.194345,0.341787,0.654624,1.089617,-0.096000,0.622000,-0.060000,0.420000,adult,walking,attentive,1.821096,1.000000,0.375000,0.761511,0.161511,0.184327,0.184327,0.184327,0.184327,0.000000,0.184327,0.000000,0.161511,0.213206,0.028879,-0.022816,0.041347,horizon_mpc_secbf,4,-0.040878,true,osqp,optimal,1775,6.226117,0,-0.085560,accept,false,0.656639,-0.362388,0.357649,0.648054,,,0.740193,0.017169,2.740728,3.196180
local_crowding,context_bl,SEESM w/o Feasibility-Preserving Update,42,4.200,-0.562550,1.259150,0.357649,0.648054,1.066510,-0.102000,0.664000,-0.060000,0.420000,adult,walking,attentive,2.027279,1.000000,0.375000,0.752536,0.152536,0.180925,0.180925,0.180925,0.180925,0.000000,0.180925,0.000000,0.152536,0.224321,0.043396,-0.028389,0.041439,horizon_mpc_secbf,4,-0.041402,true,osqp,optimal,1875,5.564205,0,-0.077204,accept,false,0.648073,-0.377494,0.373627,0.641436,,,0.742319,0.017294,2.814960,3.197037
local_crowding,context_bl,SEESM w/o Feasibility-Preserving Update,43,4.300,-0.525187,1.323294,0.373627,0.641436,1.043355,-0.108000,0.706000,-0.060000,0.420000,adult,walking,attentive,2.444284,1.000000,0.375000,0.745048,0.145048,0.174044,0.174044,0.174044,0.174044,0.000000,0.174044,0.000000,0.145048,0.238891,0.064846,-0.028996,0.037156,horizon_mpc_secbf,4,-0.037153,true,osqp,optimal,1000,4.907419,0,-0.065742,accept,false,0.639135,-0.392436,0.389746,0.634757,,,0.744862,0.017448,2.889446,3.197899
local_crowding,context_bl,SEESM w/o Feasibility-Preserving Update,44,4.400,-0.486212,1.386770,0.389746,0.634757,1.020140,-0.114000,0.748000,-0.060000,0.420000,adult,walking,attentive,3.407815,1.000000,0.375000,0.739303,0.139303,0.158146,0.158146,0.158146,0.158146,0.000000,0.158146,0.000000,0.139303,0.257041,0.098895,-0.018843,0.022829,horizon_mpc_secbf,4,-0.022790,true,osqp,optimal,2275,6.502641,0,-0.050926,accept,false,0.629824,-0.407212,0.406039,0.628008,,,0.747838,0.017635,2.964230,3.198766
local_crowding,context_bl,SEESM w/o Feasibility-Preserving Update,45,4.500,-0.445608,1.449570,0.406039,0.628008,0.996850,-0.120000,0.790000,-0.060000,0.420000,adult,walking,attentive,6.853141,1.000000,0.375000,0.735564,0.135564,0.148375,0.148375,0.148375,0.148375,0.000000,0.148375,0.000000,0.135564,0.278870,0.130495,-0.012811,0.014412,horizon_mpc_secbf,4,-0.014412,true,osqp,optimal,1775,5.853636,0,-0.032822,accept,false,0.620134,-0.421822,0.421143,0.619136,,,0.748793,0.017517,3.039109,3.199640
local_crowding,context_bl,SEESM w/o Feasibility-Preserving Update,46,4.600,-0.403494,1.511484,0.421143,0.619136,0.973475,-0.126000,0.832000,-0.060000,0.420000,adult,walking,attentive,,0.000000,0.375000,0.733963,0.133963,0.082375,0.082375,0.082375,0.082375,0.000000,0.082375,0.000000,0.133963,0.133963,0.051588,0.051588,0.000743,horizon_mpc_secbf,4,0.003232,true,osqp,optimal,175,3.296813,0,-0.168249,accept,false,0.610096,-0.436215,0.592201,0.448087,,,0.742620,0.241906,3.113371,3.200516
local_crowding,context_bl,SEESM w/o Feasibility-Preserving Update,47,4.700,-0.344274,1.556293,0.592201,0.448087,0.647742,-0.132000,0.874000,-0.060000,0.420000,adult,walking,attentive,0.686215,1.000000,0.375000,0.714551,0.114551,0.203052,0.203052,0.203052,0.203052,0.000000,0.203052,0.120677,0.114551,0.235569,0.032516,-0.088501,0.084944,horizon_mpc_secbf,4,-0.084846,true,osqp,optimal,1050,4.770205,0,0.013068,accept,false,0.600217,-0.449711,0.445577,0.594706,,,0.743111,0.207354,3.187682,3.179195
local_crowding,context_bl,SEESM w/o Feasibility-Preserving Update,48,4.800,-0.299716,1.615763,0.445577,0.594706,0.927783,-0.138000,0.916000,-0.060000,0.420000,adult,walking,attentive,,0.000000,0.375000,0.718207,0.118207,0.082375,0.082375,0.082375,0.082375,0.000000,0.082375,0.000000,0.118207,0.118207,0.035832,0.035832,0.000664,horizon_mpc_secbf,4,0.002873,true,osqp,optimal,125,3.310756,0,-0.156629,accept,false,0.589544,-0.463614,0.637556,0.382991,,,0.743747,0.285796,3.262057,3.180064
local_crowding,context_bl,SEESM w/o Feasibility-Preserving Update,49,4.900,-0.235961,1.654062,0.637556,0.382991,0.540947,-0.144000,0.958000,-0.060000,0.420000,adult,walking,attentive,0.797404,1.000000,0.375000,0.702111,0.102111,0.201218,0.201218,0.201218,0.201218,0.000000,0.201218,0.118843,0.102111,0.295041,0.093823,-0.099107,0.089404,horizon_mpc_secbf,4,-0.089013,true,osqp,optimal,1075,5.158095,0,0.070377,accept,false,0.579184,-0.476494,0.469544,0.570737,,,0.739062,0.251946,3.335963,3.154389
local_crowding,context_bl,SEESM w/o Feasibility-Preserving Update,50,5.000,-0.189006,1.711136,0.469544,0.570737,0.882368,-0.150000,1.000000,-0.060000,0.420000,adult,walking,attentive,,0.000000,0.375000,0.712205,0.112205,0.082375,0.082375,0.082375,0.082375,0.000000,0.082375,0.000000,0.112205,0.112205,0.029830,0.029830,0.000551,horizon_mpc_secbf,4,0.002070,true,osqp,optimal,275,3.795425,0,-0.153832,accept,false,0.567864,-0.489929,0.681791,0.276198,,,0.735611,0.363046,3.409524,3.155255
local_crowding,context_bl,SEESM w/o Feasibility-Preserving Update,51,5.100,-0.120827,1.738756,0.681791,0.276198,0.384900,-0.156000,1.042000,-0.060000,0.420000,adult,walking,attentive,0.919244,1.000000,0.375000,0.697643,0.097643,0.199207,0.199207,0.199207,0.199207,0.000000,0.199207,0.116832,0.097643,0.353640,0.154433,-0.101564,0.084831,horizon_mpc_secbf,4,-0.083958,true,osqp,optimal,925,4.777550,0,0.138489,accept,false,0.557469,-0.501725,0.492767,0.547517,,,0.736609,0.330672,3.483185,3.122361
local_crowding,context_bl,SEESM w/o Feasibility-Preserving Update,52,5.200,-0.071551,1.793508,0.492767,0.547517,0.837980,-0.162000,1.084000,-0.060000,0.420000,adult,walking,attentive,,0.000000,0.375000,0.715250,0.115250,0.082375,0.082375,0.082375,0.082375,0.000000,0.082375,0.000000,0.115250,0.115250,0.032875,0.032875,0.000169,horizon_mpc_secbf,4,0.001029,true,osqp,optimal,125,3.408942,0,-0.181722,accept,false,0.545481,-0.514733,0.735592,0.102072,,,0.742640,0.507331,3.557449,3.123230
local_crowding,context_bl,SEESM w/o Feasibility-Preserving Update,53,5.300,0.002009,1.803715,0.735592,0.102072,0.137881,-0.168000,1.126000,-0.060000,0.420000,adult,walking,attentive,0.859928,1.000000,0.375000,0.698713,0.098713,0.200186,0.200186,0.200186,0.200186,0.000000,0.200186,0.117811,0.098713,0.430452,0.230265,-0.101473,0.076826,horizon_mpc_secbf,4,-0.075305,true,osqp,optimal,650,4.558805,0,0.217489,accept,false,0.535698,-0.524907,0.514849,0.525434,,,0.735629,0.477454,3.631012,3.077280
local_crowding,context_bl,SEESM w/o Feasibility-Preserving Update,54,5.400,0.053493,1.856258,0.514849,0.525434,0.795573,-0.174000,1.168000,-0.060000,0.420000,adult,walking,attentive,,0.000000,0.375000,0.724881,0.124881,0.082375,0.082375,0.082375,0.082375,0.000000,0.082375,0.000000,0.124881,0.124881,0.042506,0.042506,0.000058,horizon_mpc_secbf,4,0.000212,true,osqp,optimal,50,3.264144,0,-0.228068,accept,false,0.523001,-0.537559,0.691455,-0.113415,,,0.700694,0.662810,3.701082,3.078159
local_crowding,context_bl,SEESM w/o Feasibility-Preserving Update,55,5.500,0.122639,1.844917,0.691455,-0.113415,-0.162576,-0.180000,1.210000,-0.060000,0.420000,adult,walking,attentive,0.653419,1.000000,0.375000,0.703356,0.103356,0.203594,0.203594,0.203594,0.203594,0.000000,0.203594,0.121219,0.103356,0.458969,0.255376,-0.100238,0.067465,horizon_mpc_secbf,4,-0.065219,true,osqp,optimal,475,3.000115,0,0.300484,accept,false,0.515542,-0.544716,0.534452,0.505828,,,0.735867,0.638836,3.774668,3.022100
local_crowding,context_bl,SEESM w/o Feasibility-Preserving Update,56,5.600,0.176084,1.895499,0.534452,0.505828,0.757889,-0.186000,1.252000,-0.060000,0.420000,adult,walking,attentive,,0.000000,0.375000,0.738374,0.138374,0.082375,0.082375,0.082375,0.082375,0.000000,0.082375,0.000000,0.138374,0.138374,0.055999,0.055999,0.000000,horizon_mpc_secbf,4,0.038173,true,osqp,optimal,50,2.374194,0,-0.117764,accept,false,0.502130,-0.557105,0.652353,-0.180209,,,0.676786,0.696094,3.842347,3.022996
local_crowding,context_bl,SEESM w/o Feasibility-Preserving Update,57,5.700,0.241319,1.877479,0.652353,-0.180209,-0.269523,-0.192000,1.294000,-0.060000,0.420000,adult,walking,attentive,2.218574,1.000000,0.375000,0.726783,0.126783,0.177769,0.177769,0.177769,0.177769,0.000000,0.177769,0.095394,0.126783,0.545794,0.368026,-0.050986,0.010585,horizon_mpc_secbf,4,-0.008521,true,osqp,optimal,650,4.381389,0,0.364509,accept,false,0.495257,-0.563223,0.623599,0.416683,,,0.750000,0.597584,3.917347,2.966157
local_crowding,context_bl,SEESM w/o Feasibility-Preserving Update,58,5.800,0.303679,1.919147,0.623599,0.416683,0.589057,-0.198000,1.336000,-0.060000,0.420000,adult,walking,attentive,,0.000000,0.375000,0.769248,0.169248,0.082375,0.082375,0.082375,0.082375,0.000000,0.082375,0.000000,0.169248,0.169248,0.086873,0.086873,0.000000,horizon_mpc_secbf,4,0.090395,true,osqp,optimal,50,2.576510,0,0.062102,accept,false,0.480941,-0.575496,0.652415,-0.225565,,,0.690308,0.642894,3.986378,2.957205
local_crowding,context_bl,SEESM w/o Feasibility-Preserving Update,59,5.900,0.368921,1.896590,0.652415,-0.225565,-0.332873,-0.204000,1.378000,-0.060000,0.420000,adult,walking,attentive,,0.000000,0.375000,0.772770,0.172770,0.082375,0.082375,0.082375,0.082375,0.000000,0.082375,0.000000,0.172770,0.172770,0.090395,0.090395,0.000000,horizon_mpc_secbf,4,0.098753,true,osqp,optimal,50,2.119011,0,0.103812,accept,false,0.473836,-0.581360,0.650940,-0.345429,,,0.736915,0.119874,4.060069,2.898279
local_crowding,context_bl,SEESM w/o Feasibility-Preserving Update,60,6.000,0.434015,1.862047,0.650940,-0.345429,-0.487876,-0.210000,1.420000,-0.060000,0.420000,adult,walking,attentive,,0.000000,0.375000,0.781128,0.181128,0.082375,0.082375,0.082375,0.082375,0.000000,0.082375,0.000000,0.181128,0.181128,0.098753,0.098753,0.000000,horizon_mpc_secbf,4,0.118546,true,osqp,optimal,50,2.177323,0,0.227334,accept,false,0.467931,-0.586123,0.641157,-0.374298,,,0.742416,0.030481,4.134311,2.830522
local_crowding,context_bl,SEESM w/o Feasibility-Preserving Update,61,6.100,0.498130,1.824618,0.641157,-0.374298,-0.528412,-0.216000,1.462000,-0.060000,0.420000,adult,walking,attentive,,0.000000,0.375000,0.800921,0.200921,0.082375,0.082375,0.082375,0.082375,0.000000,0.082375,0.000000,0.200921,0.200921,0.118546,0.118546,0.000000,horizon_mpc_secbf,4,0.150192,true,osqp,optimal,50,2.168578,0,0.370094,accept,false,0.462230,-0.590629,0.634098,-0.391340,,,0.745136,0.018446,4.208824,2.761398
local_crowding,context_bl,SEESM w/o Feasibility-Preserving Update,62,6.200,0.561540,1.785484,0.634098,-0.391340,-0.552942,-0.222000,1.504000,-0.060000,0.420000,adult,walking,attentive,,0.000000,0.375000,0.832567,0.232567,0.082375,0.082375,0.082375,0.082375,0.000000,0.082375,0.000000,0.232567,0.232567,0.150192,0.150192,0.000000,horizon_mpc_secbf,4,0.192714,true,osqp,optimal,50,2.270070,0,0.516710,accept,false,0.456544,-0.595036,0.627041,-0.408375,,,0.748299,0.018439,4.283654,2.691624
local_crowding,context_bl,SEESM w/o Feasibility-Preserving Update,63,6.300,0.624244,1.744646,0.627041,-0.408375,-0.577270,-0.228000,1.546000,-0.060000,0.420000,adult,walking,attentive,,0.000000,0.375000,0.875089,0.275089,0.082375,0.082375,0.082375,0.082375,0.000000,0.082375,0.000000,0.275089,0.275089,0.192714,0.192714,0.000001,horizon_mpc_secbf,4,0.244472,true,osqp,optimal,25,2.895342,0,0.658758,accept,false,0.450873,-0.599344,0.615453,-0.424826,,,0.747836,0.020122,4.358438,2.621173
local_crowding,context_bl,SEESM w/o Feasibility-Preserving Update,64,6.400,0.685790,1.702163,0.615453,-0.424826,-0.604163,-0.234000,1.588000,-0.060000,0.420000,adult,walking,attentive,,0.000000,0.375000,0.926847,0.326847,0.082375,0.082375,0.082375,0.082375,0.000000,0.082375,0.000000,0.326847,0.326847,0.244472,0.244472,0.000001,horizon_mpc_secbf,4,0.303789,true,osqp,optimal,25,2.257498,0,0.793185,accept,false,0.445298,-0.603498,0.599734,-0.440556,,,0.744157,0.022238,4.432854,2.550335
local_crowding,context_bl,SEESM w/o Feasibility-Preserving Update,65,6.500,0.745763,1.658108,0.599734,-0.440556,-0.633563,-0.240000,1.630000,-0.060000,0.420000,adult,walking,attentive,,0.000000,0.375000,0.986164,0.386164,0.082375,0.082375,0.082375,0.082375,0.000000,0.082375,0.000000,0.386164,0.386164,0.303789,0.303789,0.000001,horizon_mpc_secbf,4,0.369361,true,osqp,optimal,25,2.150399,0,0.921329,accept,false,0.439900,-0.607444,0.582811,-0.457486,,,0.740920,0.023938,4.506946,2.479375
local_crowding,context_bl,SEESM w/o Feasibility-Preserving Update,66,6.600,0.804044,1.612359,0.582811,-0.457486,-0.665506,-0.246000,1.672000,-0.060000,0.420000,adult,walking,attentive,,0.000000,0.375000,1.051736,0.451736,0.082375,0.082375,0.082375,0.082375,0.000000,0.082375,0.000000,0.451736,0.451736,0.369361,0.369361,0.000000,horizon_mpc_secbf,4,0.440120,true,osqp,optimal,50,2.176582,0,1.044077,accept,false,0.434746,-0.611143,0.564950,-0.475330,,,0.738314,0.025247,4.580777,2.408225
local_crowding,context_bl,SEESM w/o Feasibility-Preserving Update,67,6.700,0.860539,1.564826,0.564950,-0.475330,-0.699461,-0.252000,1.714000,-0.060000,0.420000,adult,walking,attentive,,0.000000,0.375000,1.122495,0.522495,0.082375,0.082375,0.082375,0.082375,0.000000,0.082375,0.000000,0.522495,0.522495,0.440120,0.440120,0.000000,horizon_mpc_secbf,4,0.515212,true,osqp,optimal,50,2.172799,0,1.162574,accept,false,0.429899,-0.614562,0.546379,-0.493900,,,0.736524,0.026262,4.654430,2.336817
local_crowding,context_bl,SEESM w/o Feasibility-Preserving Update,68,6.800,0.915177,1.515436,0.546379,-0.493900,-0.734994,-0.258000,1.756000,-0.060000,0.420000,adult,walking,attentive,,0.000000,0.375000,1.197587,0.597587,0.082375,0.082375,0.082375,0.082375,0.000000,0.082375,0.000000,0.597587,0.597587,0.515212,0.515212,0.000000,horizon_mpc_secbf,4,0.593969,true,osqp,optimal,50,2.464629,0,1.277937,accept,false,0.425422,-0.617670,0.527280,-0.513000,,,0.735658,0.027011,4.727995,2.265088
local_crowding,context_bl,SEESM w/o Feasibility-Preserving Update,69,6.900,0.967905,1.464136,0.527280,-0.513000,-0.771672,-0.264000,1.798000,-0.060000,0.420000,adult,walking,attentive,,0.000000,0.375000,1.276344,0.676344,0.082375,0.082375,0.082375,0.082375,0.000000,0.082375,0.000000,0.676344,0.676344,0.593969,0.593969,0.000000,horizon_mpc_secbf,4,0.675877,true,osqp,optimal,50,2.430445,0,1.391163,accept,false,0.421378,-0.620436,0.507822,-0.532458,,,0.735795,0.027518,4.801575,2.192977
local_crowding,context_bl,SEESM w/o Feasibility-Preserving Update,70,7.000,1.018687,1.410890,0.507822,-0.532458,-0.809076,-0.270000,1.840000,-0.060000,0.420000,adult,walking,attentive,,0.000000,0.375000,1.358252,0.758252,0.082375,0.082375,0.082375,0.082375,0.000000,0.082375,0.000000,0.758252,0.758252,0.675877,0.675877,0.000000,horizon_mpc_secbf,4,0.760544,true,osqp,optimal,50,3.749820,0,1.503085,accept,false,0.417832,-0.622829,0.488164,-0.552115,,,0.736978,0.027800,4.875273,2.120433
local_crowding,context_bl,SEESM w/o Feasibility-Preserving Update,71,7.100,1.067504,1.355679,0.488164,-0.552115,-0.846796,-0.276000,1.882000,-0.060000,0.420000,adult,walking,attentive,,0.000000,0.375000,1.442919,0.842919,0.082375,0.082375,0.082375,0.082375,0.000000,0.082375,0.000000,0.842919,0.842919,0.760544,0.760544,0.000000,horizon_mpc_secbf,4,0.847673,true,osqp,optimal,50,2.493735,0,1.614372,accept,false,0.414852,-0.624818,0.468461,-0.571819,,,0.739211,0.027865,4.949194,2.047410
local_crowding,context_bl,SEESM w/o Feasibility-Preserving Update,72,7.200,1.114350,1.298497,0.468461,-0.571819,-0.884430,-0.282000,1.924000,-0.060000,0.420000,adult,walking,attentive,,0.000000,0.375000,1.530048,0.930048,0.082375,0.082375,0.082375,0.082375,0.000000,0.082375,0.000000,0.930048,0.930048,0.847673,0.847673,0.000000,horizon_mpc_secbf,4,0.937043,true,osqp,optimal,50,2.183224,0,1.725590,accept,false,0.412507,-0.626369,0.448942,-0.591338,,,0.742448,0.027604,5.023439,1.973874
local_crowding,context_bl,SEESM w/o Feasibility-Preserving Update,73,7.300,1.159244,1.239363,0.448942,-0.591338,-0.921436,-0.288000,1.966000,-0.060000,0.420000,adult,walking,attentive,,0.000000,0.375000,1.619418,1.019418,0.082375,0.082375,0.082375,0.082375,0.000000,0.082375,0.000000,1.019418,1.019418,0.937043,0.937043,0.000000,horizon_mpc_secbf,4,1.028504,true,osqp,optimal,50,2.560909,0,1.837294,accept,false,0.410868,-0.627445,0.430130,-0.610150,,,0.746522,0.026604,5.098091,1.899802
local_crowding,context_bl,SEESM w/o Feasibility-Preserving Update,74,7.400,1.202257,1.178348,0.430130,-0.610150,-0.956751,-0.294000,2.008000,-0.060000,0.420000,adult,walking,attentive,,0.000000,0.375000,1.710879,1.110879,0.082375,0.082375,0.082375,0.082375,0.000000,0.082375,0.000000,1.110879,1.110879,1.028504,1.028504,0.000000,horizon_mpc_secbf,4,1.121863,true,osqp,optimal,50,2.180214,0,1.949118,accept,false,0.409988,-0.628021,0.413363,-0.624760,,,0.749129,0.022239,5.173004,1.825196
local_crowding,context_bl,SEESM w/o Feasibility-Preserving Update,75,7.500,1.243593,1.115872,0.413363,-0.624760,-0.986286,-0.300000,2.050000,-0.060000,0.420000,adult,walking,attentive,,0.000000,0.375000,1.804238,1.204238,0.082375,0.082375,0.082375,0.082375,0.000000,0.082375,0.000000,1.204238,1.204238,1.121863,1.121863,0.000000,horizon_mpc_secbf,4,1.217364,true,osqp,optimal,50,2.961599,0,2.065681,accept,false,0.409822,-0.628129,0.409949,-0.626390,,,0.748613,0.003783,5.247865,1.750284
local_crowding,context_bl,SEESM w/o Feasibility-Preserving Update,76,7.600,1.284588,1.053233,0.409949,-0.626390,-0.991290,-0.306000,2.092000,-0.060000,0.420000,adult,walking,attentive,,0.000000,0.375000,1.899739,1.299739,0.082375,0.082375,0.082375,0.082375,0.000000,0.082375,0.000000,1.299739,1.299739,1.217364,1.217364,0.000000,horizon_mpc_secbf,4,1.314850,true,osqp,optimal,50,3.635874,0,2.182609,accept,false,0.409783,-0.628155,0.409314,-0.626653,,,0.748486,0.000687,5.322714,1.675423
local_crowding,context_bl,SEESM w/o Feasibility-Preserving Update,77,7.700,1.325519,0.990568,0.409314,-0.626653,-0.992192,-0.312000,2.134000,-0.060000,0.420000,adult,walking,attentive,,0.000000,0.375000,1.997225,1.397225,0.082375,0.082375,0.082375,0.082375,0.000000,0.082375,0.000000,1.397225,1.397225,1.314850,1.314850,0.000000,horizon_mpc_secbf,4,1.414073,true,osqp,optimal,50,2.206628,0,2.298787,accept,false,0.409766,-0.628166,0.409190,-0.626704,,,0.748461,0.000134,5.397560,1.600574
local_crowding,context_bl,SEESM w/o Feasibility-Preserving Update,78,7.800,1.366438,0.927897,0.409190,-0.626704,-0.992368,-0.318000,2.176000,-0.060000,0.420000,adult,walking,attentive,,0.000000,0.375000,2.096448,1.496448,0.082375,0.082375,0.082375,0.082375,0.000000,0.082375,0.000000,1.496448,1.496448,1.414073,1.414073,0.000000,horizon_mpc_secbf,4,1.514802,true,osqp,optimal,50,2.133524,0,2.414183,accept,false,0.409753,-0.628174,0.409157,-0.626718,,,0.748455,0.000036,5.472405,1.525728
local_crowding,context_bl,SEESM w/o Feasibility-Preserving Update,79,7.900,1.407354,0.865226,0.409157,-0.626718,-0.992415,-0.324000,2.218000,-0.060000,0.420000,adult,walking,attentive,,0.000000,0.375000,2.197177,1.597177,0.082375,0.082375,0.082375,0.082375,0.000000,0.082375,0.000000,1.597177,1.597177,1.514802,1.514802,0.000000,horizon_mpc_secbf,4,1.616840,true,osqp,optimal,50,2.246332,0,2.528935,accept,false,0.409740,-0.628183,0.409140,-0.626725,,,0.748452,0.000019,5.547250,1.450883
local_crowding,context_bl,SEESM w/o Feasibility-Preserving Update,80,8.000,1.448268,0.802553,0.409140,-0.626725,-0.992439,-0.330000,2.260000,-0.060000,0.420000,adult,walking,attentive,,0.000000,0.375000,2.299215,1.699215,0.082375,0.082375,0.082375,0.082375,0.000000,0.082375,0.000000,1.699215,1.699215,1.616840,1.616840,0.000000,horizon_mpc_secbf,4,1.720020,true,osqp,optimal,50,2.206777,0,2.643184,accept,false,0.409726,-0.628191,0.409125,-0.626731,,,0.748449,0.000016,5.622095,1.376038
local_crowding,context_bl,SEESM w/o Feasibility-Preserving Update,81,8.100,1.489181,0.739880,0.409125,-0.626731,-0.992461,-0.336000,2.302000,-0.060000,0.420000,adult,walking,attentive,,0.000000,0.375000,2.402395,1.802395,0.082375,0.082375,0.082375,0.082375,0.000000,0.082375,0.000000,1.802395,1.802395,1.720020,1.720020,0.000000,horizon_mpc_secbf,4,1.824202,true,osqp,optimal,50,2.417486,0,2.757044,accept,false,0.409712,-0.628201,0.409110,-0.626737,,,0.748446,0.000017,5.696940,1.301193
local_crowding,context_bl,SEESM w/o Feasibility-Preserving Update,82,8.200,1.530092,0.677206,0.409110,-0.626737,-0.992482,-0.342000,2.344000,-0.060000,0.420000,adult,walking,attentive,,0.000000,0.375000,2.506577,1.906577,0.082375,0.082375,0.082375,0.082375,0.000000,0.082375,0.000000,1.906577,1.906577,1.824202,1.824202,0.000000,horizon_mpc_secbf,4,1.929265,true,osqp,optimal,50,3.066033,0,2.870607,accept,false,0.409697,-0.628210,0.409094,-0.626744,,,0.748442,0.000018,5.771784,1.226348
local_crowding,context_bl,SEESM w/o Feasibility-Preserving Update,83,8.300,1.571001,0.614532,0.409094,-0.626744,-0.992505,-0.348000,2.386000,-0.060000,0.420000,adult,walking,attentive,,0.000000,0.375000,2.611640,2.011640,0.082375,0.082375,0.082375,0.082375,0.000000,0.082375,0.000000,2.011640,2.011640,1.929265,1.929265,0.000000,horizon_mpc_secbf,4,2.035107,true,osqp,optimal,50,2.325476,0,2.983945,accept,false,0.409681,-0.628221,0.409077,-0.626751,,,0.748439,0.000019,5.846628,1.151504
local_crowding,context_bl,SEESM w/o Feasibility-Preserving Update,84,8.400,1.611909,0.551857,0.409077,-0.626751,-0.992530,-0.354000,2.428000,-0.060000,0.420000,adult,walking,attentive,,0.000000,0.375000,2.717482,2.117482,0.082375,0.082375,0.082375,0.082375,0.000000,0.082375,0.000000,2.117482,2.117482,2.035107,2.035107,0.000000,horizon_mpc_secbf,4,2.141641,true,osqp,optimal,50,2.211933,0,3.097118,accept,false,0.409664,-0.628232,0.409058,-0.626759,,,0.748435,0.000020,5.921471,1.076660
local_crowding,context_bl,SEESM w/o Feasibility-Preserving Update,85,8.500,1.652815,0.489181,0.409058,-0.626759,-0.992556,-0.360000,2.470000,-0.060000,0.420000,adult,walking,attentive,,0.000000,0.375000,2.824016,2.224016,0.082375,0.082375,0.082375,0.082375,0.000000,0.082375,0.000000,2.224016,2.224016,2.141641,2.141641,0.000000,horizon_mpc_secbf,4,2.248791,true,osqp,optimal,50,2.185902,0,3.210170,accept,false,0.409645,-0.628244,0.409038,-0.626767,,,0.748431,0.000022,5.996315,1.001817
local_crowding,context_bl,SEESM w/o Feasibility-Preserving Update,86,8.600,1.693718,0.426504,0.409038,-0.626767,-0.992585,-0.366000,2.512000,-0.060000,0.420000,adult,walking,attentive,,0.000000,0.375000,2.931166,2.331166,0.082375,0.082375,0.082375,0.082375,0.000000,0.082375,0.000000,2.331166,2.331166,2.248791,2.248791,0.000000,horizon_mpc_secbf,4,2.356491,true,osqp,optimal,50,2.514288,0,3.323138,accept,false,0.409625,-0.628258,0.409016,-0.626776,,,0.748427,0.000023,6.071157,0.926973
local_crowding,context_bl,SEESM w/o Feasibility-Preserving Update,87,8.700,1.734620,0.363826,0.409016,-0.626776,-0.992615,-0.372000,2.554000,-0.060000,0.420000,adult,walking,attentive,,0.000000,0.375000,3.038866,2.438866,0.082375,0.082375,0.082375,0.082375,0.000000,0.082375,0.000000,2.438866,2.438866,2.356491,2.356491,0.000000,horizon_mpc_secbf,4,2.464686,true,osqp,optimal,50,2.999739,0,3.436049,accept,false,0.409603,-0.628272,0.408993,-0.626786,,,0.748422,0.000025,6.146000,0.852131
local_crowding,context_bl,SEESM w/o Feasibility-Preserving Update,88,8.800,1.775519,0.301148,0.408993,-0.626786,-0.992649,-0.378000,2.596000,-0.060000,0.420000,adult,walking,attentive,,0.000000,0.375000,3.147061,2.547061,0.082375,0.082375,0.082375,0.082375,0.000000,0.082375,0.000000,2.547061,2.547061,2.464686,2.464686,0.000000,horizon_mpc_secbf,4,2.573325,true,osqp,optimal,50,3.643627,0,3.548927,accept,false,0.409578,-0.628288,0.408967,-0.626797,,,0.748417,0.000028,6.220841,0.777288
local_crowding,context_bl,SEESM w/o Feasibility-Preserving Update,89,8.900,1.816416,0.238468,0.408967,-0.626797,-0.992685,-0.384000,2.638000,-0.060000,0.420000,adult,walking,attentive,,0.000000,0.375000,3.255700,2.655700,0.082375,0.082375,0.082375,0.082375,0.000000,0.082375,0.000000,2.655700,2.655700,2.573325,2.573325,0.000000,horizon_mpc_secbf,4,2.682366,true,osqp,optimal,50,2.724151,0,3.661788,accept,false,0.409551,-0.628305,0.408938,-0.626808,,,0.748411,0.000031,6.295682,0.702447
local_crowding,context_bl,SEESM w/o Feasibility-Preserving Update,90,9.000,1.857310,0.175787,0.408938,-0.626808,-0.992726,-0.390000,2.680000,-0.060000,0.420000,adult,walking,attentive,,0.000000,0.375000,3.364741,2.764741,0.082375,0.082375,0.082375,0.082375,0.000000,0.082375,0.000000,2.764741,2.764741,2.682366,2.682366,0.000000,horizon_mpc_secbf,4,2.791771,true,osqp,optimal,50,2.260906,0,3.774647,accept,false,0.409521,-0.628325,0.408906,-0.626822,,,0.748405,0.000035,6.370523,0.627606
local_crowding,context_bl,SEESM w/o Feasibility-Preserving Update,91,9.100,1.898200,0.113105,0.408906,-0.626822,-0.992772,-0.396000,2.722000,-0.060000,0.420000,adult,walking,attentive,,0.000000,0.375000,3.474146,2.874146,0.082375,0.082375,0.082375,0.082375,0.000000,0.082375,0.000000,2.874146,2.874146,2.791771,2.791771,0.000000,horizon_mpc_secbf,4,2.901505,true,osqp,optimal,50,3.377306,0,3.887513,accept,false,0.409486,-0.628348,0.408869,-0.626837,,,0.748397,0.000040,6.445363,0.552765
local_crowding,context_bl,SEESM w/o Feasibility-Preserving Update,92,9.200,1.939087,0.050421,0.408869,-0.626837,-0.992824,-0.402000,2.764000,-0.060000,0.420000,adult,walking,attentive,,0.000000,0.375000,3.583880,2.983880,0.082375,0.082375,0.082375,0.082375,0.000000,0.082375,0.000000,2.983880,2.983880,2.901505,2.901505,0.000000,horizon_mpc_secbf,4,3.011541,true,osqp,optimal,50,3.592745,0,4.000394,accept,false,0.409446,-0.628374,0.408827,-0.626855,,,0.748389,0.000046,6.520201,0.477925
local_crowding,context_bl,SEESM w/o Feasibility-Preserving Update,93,9.300,1.979970,-0.012264,0.408827,-0.626855,-0.992885,-0.408000,2.806000,-0.060000,0.420000,adult,walking,attentive,,0.000000,0.375000,3.693916,3.093916,0.082375,0.082375,0.082375,0.082375,0.000000,0.082375,0.000000,3.093916,3.093916,3.011541,3.011541,0.000000,horizon_mpc_secbf,4,3.121850,true,osqp,optimal,50,3.762851,0,4.113297,accept,false,0.409397,-0.628406,0.408776,-0.626876,,,0.748379,0.000055,6.595039,0.403087
local_crowding,context_bl,SEESM w/o Feasibility-Preserving Update,94,9.400,2.020848,-0.074952,0.408776,-0.626876,-0.992957,-0.414000,2.848000,-0.060000,0.420000,adult,walking,attentive,,0.000000,0.375000,3.804225,3.204225,0.082375,0.082375,0.082375,0.082375,0.000000,0.082375,0.000000,3.204225,3.204225,3.121850,3.121850,0.000000,horizon_mpc_secbf,4,3.232410,true,osqp,optimal,50,3.624516,0,4.226224,accept,false,0.409337,-0.628445,0.408713,-0.626902,,,0.748366,0.000068,6.669876,0.328249
local_crowding,context_bl,SEESM w/o Feasibility-Preserving Update,95,9.500,2.061719,-0.137642,0.408713,-0.626902,-0.993047,-0.420000,2.890000,-0.060000,0.420000,adult,walking,attentive,,0.000000,0.375000,3.914785,3.314785,0.082375,0.082375,0.082375,0.082375,0.000000,0.082375,0.000000,3.314785,3.314785,3.232410,3.232410,0.000000,horizon_mpc_secbf,4,3.343200,true,osqp,optimal,50,2.234053,0,4.339178,accept,false,0.409258,-0.628497,0.408631,-0.626936,,,0.748350,0.000089,6.744711,0.253412
local_crowding,context_bl,SEESM w/o Feasibility-Preserving Update,96,9.600,2.102582,-0.200335,0.408631,-0.626936,-0.993163,-0.426000,2.932000,-0.060000,0.420000,adult,walking,attentive,,0.000000,0.375000,4.025575,3.425575,0.082375,0.082375,0.082375,0.082375,0.000000,0.082375,0.000000,3.425575,3.425575,3.343200,3.343200,0.000000,horizon_mpc_secbf,4,3.454199,true,osqp,optimal,50,2.273030,0,4.452155,accept,false,0.409143,-0.628572,0.408514,-0.626984,,,0.748327,0.000127,6.819544,0.178577
local_crowding,context_bl,SEESM w/o Feasibility-Preserving Update,97,9.700,2.143433,-0.263034,0.408514,-0.626984,-0.993330,-0.432000,2.974000,-0.060000,0.420000,adult,walking,attentive,,0.000000,0.375000,4.136574,3.536574,0.082375,0.082375,0.082375,0.082375,0.000000,0.082375,0.000000,3.536574,3.536574,3.454199,3.454199,0.000000,horizon_mpc_secbf,4,3.565389,true,osqp,optimal,50,2.294166,0,4.565142,accept,false,0.408937,-0.628705,0.408309,-0.627069,,,0.748286,0.000221,6.894372,0.103745
local_crowding,context_bl,SEESM w/o Feasibility-Preserving Update,98,9.800,2.184264,-0.325741,0.408309,-0.627069,-0.993620,-0.438000,3.016000,-0.060000,0.420000,adult,walking,attentive,,0.000000,0.375000,4.247764,3.647764,0.082375,0.082375,0.082375,0.082375,0.000000,0.082375,0.000000,3.647764,3.647764,3.565389,3.565389,0.000001,horizon_mpc_secbf,4,3.638851,true,osqp,optimal,25,3.047493,0,4.299311,accept,false,0.157358,-0.242594,0.200413,-0.308558,,,0.367931,0.380355,6.931165,0.028916
local_crowding,context_bl,SEESM w/o Feasibility-Preserving Update,99,9.900,2.204306,-0.356596,0.200413,-0.308558,-0.994762,-0.444000,3.058000,-0.060000,0.420000,adult,walking,attentive,,0.000000,0.375000,4.321226,3.721226,0.082375,0.082375,0.082375,0.082375,0.000000,0.082375,0.000000,3.721226,3.721226,3.638851,3.638851,0.000000,horizon_mpc_secbf,4,3.675553,true,osqp,optimal,50,2.530340,0,4.005368,accept,false,-0.043056,0.065964,-0.001283,0.001706,,,0.002134,0.370061,6.931379,0.007877
local_crowding,context_bl,SEESM w/o Feasibility-Preserving Update,100,10.000,2.204177,-0.356426,-0.001283,0.001706,2.215501,-0.450000,3.100000,-0.060000,0.420000,adult,walking,attentive,,0.000000,0.375000,4.357928,3.757928,0.082375,0.082375,0.082375,0.082375,0.000000,0.082375,0.000000,3.757928,3.757928,3.675553,3.675553,0.000000,horizon_mpc_secbf,4,3.706200,true,osqp,optimal,25,2.347275,0,3.981549,accept,false,-0.041773,0.064258,-0.034825,0.053525,,,0.063858,0.061728,6.937765,0.007664
local_crowding,context_bl,SEESM w/o Feasibility-Preserving Update,101,10.100,2.200695,-0.351073,-0.034825,0.053525,2.147617,-0.456000,3.142000,-0.060000,0.420000,adult,walking,attentive,,0.000000,0.375000,4.388575,3.788575,0.082375,0.082375,0.082375,0.082375,0.000000,0.082375,0.000000,3.788575,3.788575,3.706200,3.706200,0.000000,horizon_mpc_secbf,4,3.741160,true,osqp,optimal,25,2.126670,0,4.055332,accept,false,-0.006947,0.010733,-0.011730,0.018075,,,0.021548,0.042310,6.939919,0.001279
local_crowding,context_bl,SEESM w/o Feasibility-Preserving Update,102,10.200,2.199522,-0.349266,-0.011730,0.018075,2.146465,-0.462000,3.184000,-0.060000,0.420000,adult,walking,attentive,,0.000000,0.375000,4.423535,3.823535,0.082375,0.082375,0.082375,0.082375,0.000000,0.082375,0.000000,3.823535,3.823535,3.741160,3.741160,0.000000,horizon_mpc_secbf,4,3.778720,true,osqp,optimal,25,2.379276,0,4.116287,accept,false,0.004783,-0.007342,0.001950,-0.002981,,,0.003562,0.025110,6.940275,0.000876
local_crowding,context_bl,SEESM w/o Feasibility-Preserving Update,103,10.300,2.199717,-0.349564,0.001950,-0.002981,-0.991587,-0.468000,3.226000,-0.060000,0.420000,adult,walking,attentive,,0.000000,0.375000,4.461095,3.861095,0.082375,0.082375,0.082375,0.082375,0.000000,0.082375,0.000000,3.861095,3.861095,3.778720,3.778720,0.000000,horizon_mpc_secbf,4,3.816508,true,osqp,optimal,25,2.220626,0,4.156139,accept,false,0.002833,-0.004361,0.002682,-0.004124,,,0.004919,0.001357,6.940767,0.000520
local_crowding,context_bl,SEESM w/o Feasibility-Preserving Update,104,10.400,2.199985,-0.349976,0.002682,-0.004124,-0.994248,-0.474000,3.268000,-0.060000,0.420000,adult,walking,attentive,,0.000000,0.375000,4.498883,3.898883,0.082375,0.082375,0.082375,0.082375,0.000000,0.082375,0.000000,3.898883,3.898883,3.816508,3.816508,0.000000,horizon_mpc_secbf,4,3.854003,true,osqp,optimal,25,3.082332,0,4.191006,accept,false,0.000152,-0.000237,0.000586,-0.000904,,,0.001077,0.003842,6.940875,0.000028
local_crowding,context_bl,SEESM w/o Feasibility-Preserving Update,105,10.500,2.200043,-0.350067,0.000586,-0.000904,-0.995757,-0.480000,3.310000,-0.060000,0.420000,adult,walking,attentive,,0.000000,0.375000,4.536378,3.936378,0.082375,0.082375,0.082375,0.082375,0.000000,0.082375,0.000000,3.936378,3.936378,3.854003,3.854003,0.000000,horizon_mpc_secbf,4,3.891430,true,osqp,optimal,25,3.424648,0,4.227843,accept,false,-0.000434,0.000667,-0.000259,0.000397,,,0.000474,0.001551,6.940923,0.000080
local_crowding,context_bl,SEESM w/o Feasibility-Preserving Update,106,10.600,2.200017,-0.350027,-0.000259,0.000397,2.148520,-0.486000,3.352000,-0.060000,0.420000,adult,walking,attentive,,0.000000,0.375000,4.573805,3.973805,0.082375,0.082375,0.082375,0.082375,0.000000,0.082375,0.000000,3.973805,3.973805,3.891430,3.891430,0.000000,horizon_mpc_secbf,4,3.928956,true,osqp,optimal,25,2.498988,0,4.266266,accept,false,-0.000175,0.000269,-0.000189,0.000291,,,0.000348,0.000127,6.940957,0.000032
local_crowding,context_bl,SEESM w/o Feasibility-Preserving Update,107,10.700,2.199999,-0.349998,-0.000189,0.000291,2.147093,-0.492000,3.394000,-0.060000,0.420000,adult,walking,attentive,,0.000000,0.375000,4.611331,4.011331,0.082375,0.082375,0.082375,0.082375,0.000000,0.082375,0.000000,4.011331,4.011331,3.928956,3.928956,0.000000,horizon_mpc_secbf,4,3.966601,true,osqp,optimal,25,2.159679,0,4.304986,accept,false,0.000014,-0.000022,0.000000,0.000000,,,0.000000,0.000348,6.940957,0.000003
local_crowding,context_bl,SEESM w/o Feasibility-Preserving Update,108,10.800,2.199999,-0.349998,0.000000,0.000000,0.513946,-0.498000,3.436000,-0.060000,0.420000,adult,walking,attentive,,0.000000,0.375000,4.648976,4.048976,0.082375,0.082375,0.082375,0.082375,0.000000,0.082375,0.000000,4.048976,4.048976,3.966601,3.966601,0.000000,horizon_mpc_secbf,4,4.004329,true,osqp,optimal,25,2.135502,0,4.343479,accept,false,0.000014,-0.000022,0.000012,-0.000018,,,0.000022,0.000022,6.940960,0.000003
local_crowding,context_bl,SEESM w/o Feasibility-Preserving Update,109,10.900,2.200000,-0.350000,0.000012,-0.000018,-0.998768,-0.504000,3.478000,-0.060000,0.420000,adult,walking,attentive,,0.000000,0.375000,4.686704,4.086704,0.082375,0.082375,0.082375,0.082375,0.000000,0.082375,0.000000,4.086704,4.086704,4.004329,4.004329,0.000000,horizon_mpc_secbf,4,4.042136,true,osqp,optimal,25,3.508100,0,4.382001,accept,false,0.000002,-0.000004,0.000004,-0.000006,,,0.000007,0.000014,6.940960,0.000000
local_crowding,context_bl,SEESM w/o Feasibility-Preserving Update,110,11.000,2.200000,-0.350000,0.000004,-0.000006,-1.006082,-0.510000,3.520000,-0.060000,0.420000,adult,walking,attentive,,0.000000,0.375000,4.724511,4.124511,0.082375,0.082375,0.082375,0.082375,0.000000,0.082375,0.000000,4.124511,4.124511,4.042136,4.042136,0.000000,horizon_mpc_secbf,4,4.080020,true,osqp,optimal,25,3.700793,0,4.420587,accept,false,-0.000002,0.000002,-0.000001,0.000001,,,0.000001,0.000009,6.940960,0.000000
local_crowding,context_bl,SEESM w/o Feasibility-Preserving Update,111,11.100,2.200000,-0.350000,-0.000001,0.000001,2.158802,-0.516000,3.562000,-0.060000,0.420000,adult,walking,attentive,,0.000000,0.375000,4.762395,4.162395,0.082375,0.082375,0.082375,0.082375,0.000000,0.082375,0.000000,4.162395,4.162395,4.080020,4.080020,0.000000,horizon_mpc_secbf,4,4.117979,true,osqp,optimal,25,2.312946,0,4.459239,accept,false,-0.000001,0.000002,-0.000001,0.000001,,,0.000002,0.000001,6.940961,0.000000
local_crowding,context_bl,SEESM w/o Feasibility-Preserving Update,112,11.200,2.200000,-0.350000,-0.000001,0.000001,2.141078,-0.522000,3.604000,-0.060000,0.420000,adult,walking,attentive,,0.000000,0.375000,4.800354,4.200354,0.082375,0.082375,0.082375,0.082375,0.000000,0.082375,0.000000,4.200354,4.200354,4.117979,4.117979,0.000000,horizon_mpc_secbf,4,4.156013,true,osqp,optimal,25,2.169084,0,4.497951,accept,false,-0.000000,0.000000,-0.000000,0.000000,,,0.000000,0.000001,6.940961,0.000000
local_crowding,context_bl,SEESM w/o Feasibility-Preserving Update,113,11.300,2.200000,-0.350000,-0.000000,0.000000,2.131606,-0.528000,3.646000,-0.060000,0.420000,adult,walking,attentive,,0.000000,0.375000,4.838388,4.238388,0.082375,0.082375,0.082375,0.082375,0.000000,0.082375,0.000000,4.238388,4.238388,4.156013,4.156013,0.000000,horizon_mpc_secbf,4,4.194120,true,osqp,optimal,25,2.146557,0,4.536719,accept,false,0.000000,-0.000000,0.000000,-0.000000,,,0.000000,0.000001,6.940961,0.000000
local_crowding,context_bl,SEESM w/o Feasibility-Preserving Update,114,11.400,2.200000,-0.350000,0.000000,-0.000000,-0.992849,-0.534000,3.688000,-0.060000,0.420000,adult,walking,attentive,,0.000000,0.375000,4.876495,4.276495,0.082375,0.082375,0.082375,0.082375,0.000000,0.082375,0.000000,4.276495,4.276495,4.194120,4.194120,0.000000,horizon_mpc_secbf,4,4.232297,true,osqp,optimal,25,3.353249,0,4.575541,accept,false,0.000000,-0.000000,0.000000,-0.000000,,,0.000000,0.000000,6.940961,0.000000
local_crowding,context_bl,SEESM w/o Feasibility-Preserving Update,115,11.500,2.200000,-0.350000,0.000000,-0.000000,-1.002122,-0.540000,3.730000,-0.060000,0.420000,adult,walking,attentive,,0.000000,0.375000,4.914672,4.314672,0.082375,0.082375,0.082375,0.082375,0.000000,0.082375,0.000000,4.314672,4.314672,4.232297,4.232297,0.000000,horizon_mpc_secbf,4,4.270543,true,osqp,optimal,25,3.557596,0,4.614418,accept,false,0.000000,0.000000,0.000000,-0.000000,,,0.000000,0.000000,6.940961,0.000000
local_crowding,context_bl,SEESM w/o Feasibility-Preserving Update,116,11.600,2.200000,-0.350000,0.000000,-0.000000,-1.002122,-0.546000,3.772000,-0.060000,0.420000,adult,walking,attentive,,0.000000,0.375000,4.952918,4.352918,0.082375,0.082375,0.082375,0.082375,0.000000,0.082375,0.000000,4.352918,4.352918,4.270543,4.270543,0.000000,horizon_mpc_secbf,4,4.308857,true,osqp,optimal,25,3.585236,0,4.653348,accept,false,-0.000000,0.000000,-0.000000,0.000000,,,0.000000,0.000000,6.940961,0.000000
local_crowding,context_bl,SEESM w/o Feasibility-Preserving Update,117,11.700,2.200000,-0.350000,-0.000000,0.000000,2.151944,-0.552000,3.814000,-0.060000,0.420000,adult,walking,attentive,,0.000000,0.375000,4.991232,4.391232,0.082375,0.082375,0.082375,0.082375,0.000000,0.082375,0.000000,4.391232,4.391232,4.308857,4.308857,0.000000,horizon_mpc_secbf,4,4.347237,true,osqp,optimal,25,3.259756,0,4.692330,accept,false,0.000000,0.000000,-0.000000,0.000000,,,0.000000,0.000000,6.940961,0.000000
local_crowding,context_bl,SEESM w/o Feasibility-Preserving Update,118,11.800,2.200000,-0.350000,-0.000000,0.000000,1.580849,-0.558000,3.856000,-0.060000,0.420000,adult,walking,attentive,,0.000000,0.375000,5.029612,4.429612,0.082375,0.082375,0.082375,0.082375,0.000000,0.082375,0.000000,4.429612,4.429612,4.347237,4.347237,0.000000,horizon_mpc_secbf,4,4.385682,true,osqp,optimal,25,3.348051,0,4.731362,accept,false,0.000000,0.000000,-0.000000,0.000000,,,0.000000,0.000000,6.940961,0.000000
local_crowding,context_bl,SEESM w/o Feasibility-Preserving Update,119,11.900,2.200000,-0.350000,-0.000000,0.000000,1.580849,-0.564000,3.898000,-0.060000,0.420000,adult,walking,attentive,,0.000000,0.375000,5.068057,4.468057,0.082375,0.082375,0.082375,0.082375,0.000000,0.082375,0.000000,4.468057,4.468057,4.385682,4.385682,0.000000,horizon_mpc_secbf,4,4.424189,true,osqp,optimal,25,2.159616,0,4.770445,accept,false,0.000000,0.000000,-0.000000,0.000000,,,0.000000,0.000000,6.940961,0.000000
local_crowding,context_bl,Proposed MPC-SECBF,0,0.000,-2.200000,-0.350000,0.000000,0.000000,0.000000,0.150000,-1.100000,-0.060000,0.420000,pedestrian,walking,unknown,10.098536,1.000000,0.375000,2.466779,1.866779,0.249000,0.050000,0.249000,0.050000,0.153124,0.203124,0.050000,1.866779,1.713655,1.663655,1.663655,0.000000,horizon_mpc_secbf,4,1.322283,true,osqp,optimal,50,2.727803,0,0.887181,accept,false,0.750000,0.000000,0.621017,0.000000,,,0.621017,0.621017,0.062102,4.400000
local_crowding,context_bl,Proposed MPC-SECBF,1,0.100,-2.137898,-0.350000,0.621017,0.000000,0.000000,0.144000,-1.058000,-0.060000,0.420000,pedestrian,walking,unknown,2.308990,1.000000,0.375000,2.389210,1.789210,0.289584,0.100000,0.289584,0.100000,0.762629,0.862629,0.050000,1.789210,1.026581,0.926581,0.926581,0.000000,horizon_mpc_secbf,4,0.574844,true,osqp,optimal,50,4.408996,0,0.051328,accept,false,0.750000,-0.000000,0.726101,-0.000000,,,0.726101,0.105085,0.134712,4.337898
local_crowding,context_bl,Proposed MPC-SECBF,2,0.200,-2.065288,-0.350000,0.726101,-0.000000,-0.000000,0.138000,-1.016000,-0.060000,0.420000,pedestrian,walking,unknown,1.947076,1.000000,0.375000,2.301746,1.701746,0.298270,0.150000,0.298270,0.150000,0.863367,1.013367,0.050000,1.701746,0.838379,0.688379,0.688379,0.000000,horizon_mpc_secbf,4,0.336358,true,osqp,optimal,50,4.294816,0,-0.194704,accept,false,0.750000,0.000000,0.735590,-0.000000,,,0.735590,0.009489,0.208271,4.265288
local_crowding,context_bl,Proposed MPC-SECBF,3,0.300,-1.991729,-0.350000,0.735590,-0.000000,-0.000000,0.132000,-0.974000,-0.060000,0.420000,pedestrian,walking,unknown,1.829945,1.000000,0.375000,2.213504,1.613504,0.301081,0.200000,0.301081,0.200000,0.869790,1.069790,0.050000,1.613504,0.743715,0.543715,0.543715,0.000000,horizon_mpc_secbf,4,0.192398,true,osqp,optimal,50,4.409770,0,-0.338010,accept,false,0.750000,0.000000,0.735591,-0.000000,,,0.735591,0.000001,0.281830,4.191729
local_crowding,context_bl,Proposed MPC-SECBF,4,0.400,-1.918170,-0.350000,0.735591,-0.000000,-0.000000,0.126000,-0.932000,-0.060000,0.420000,pedestrian,walking,unknown,1.733041,1.000000,0.375000,2.125407,1.525407,0.303407,0.250000,0.303407,0.250000,0.866363,1.116363,0.050000,1.525407,0.659044,0.409044,0.409044,0.000000,horizon_mpc_secbf,4,0.058729,true,osqp,optimal,50,4.345046,0,-0.471137,accept,false,0.750000,0.000000,0.735591,0.000035,,,0.735591,0.000035,0.355389,4.118170
local_crowding,context_bl,Proposed MPC-SECBF,5,0.500,-1.844611,-0.349997,0.735591,0.000035,0.000047,0.120000,-0.890000,-0.060000,0.420000,pedestrian,walking,unknown,1.636383,1.000000,0.375000,2.037474,1.437474,0.305727,0.300000,0.305727,0.300000,0.862308,1.162308,0.050000,1.437474,0.575166,0.275166,0.275166,0.000207,horizon_mpc_secbf,4,-0.000218,true,osqp,optimal,25,3.316293,0,-0.443072,accept,false,0.750000,-0.000001,0.580269,0.038642,,,0.581554,0.160049,0.413544,4.044611
local_crowding,context_bl,Proposed MPC-SECBF,6,0.600,-1.786584,-0.346132,0.580269,0.038642,0.066496,0.114000,-0.848000,-0.060000,0.420000,pedestrian,walking,unknown,1.906341,1.000000,0.375000,1.965729,1.365729,0.299248,0.299248,0.299248,0.299248,0.699665,0.998913,0.000000,1.365729,0.666064,0.366816,0.366816,0.000000,horizon_mpc_secbf,4,0.021712,true,osqp,optimal,50,3.064488,0,-0.492060,accept,false,0.750000,-0.000728,0.719310,0.007196,,,0.719346,0.142553,0.485479,3.986586
local_crowding,context_bl,Proposed MPC-SECBF,7,0.700,-1.714653,-0.345413,0.719310,0.007196,0.010003,0.108000,-0.806000,-0.060000,0.420000,pedestrian,walking,unknown,1.494052,1.000000,0.375000,1.879948,1.279948,0.309143,0.309143,0.309143,0.309143,0.835511,1.144654,0.009895,1.279948,0.444437,0.135294,0.135294,0.000561,horizon_mpc_secbf,4,-0.000561,true,osqp,optimal,50,2.395186,0,-0.280872,accept,false,0.749999,-0.000879,0.289030,0.100263,,,0.305926,0.440230,0.516072,3.914656
local_crowding,context_bl,Proposed MPC-SECBF,8,0.800,-1.685750,-0.335386,0.289030,0.100263,0.333905,0.102000,-0.764000,-0.060000,0.420000,pedestrian,walking,unknown,2.991652,1.000000,0.375000,1.838412,1.238412,0.273200,0.273200,0.273200,0.273200,0.395578,0.668779,0.000000,1.238412,0.842834,0.569634,0.569634,0.000000,horizon_mpc_secbf,4,0.234009,true,osqp,optimal,50,2.368878,0,-0.231448,accept,false,0.749995,-0.002821,0.670412,0.030549,,,0.671108,0.387702,0.583182,3.885778
local_crowding,context_bl,Proposed MPC-SECBF,9,0.900,-1.618709,-0.332332,0.670412,0.030549,0.045536,0.096000,-0.722000,-0.060000,0.420000,adult,walking,attentive,1.450655,1.000000,0.375000,1.758428,1.158428,0.190439,0.190439,0.190439,0.190439,0.774131,0.964570,0.000000,1.158428,0.384296,0.193857,0.193857,0.000391,horizon_mpc_secbf,4,-0.000391,true,osqp,optimal,50,2.815762,0,-0.342853,accept,false,0.749992,-0.003470,0.416574,0.093392,,,0.426914,0.261502,0.625874,3.818750
local_crowding,context_bl,Proposed MPC-SECBF,10,1.000,-1.577051,-0.322992,0.416574,0.093392,0.220543,0.090000,-0.680000,-0.060000,0.420000,adult,walking,attentive,2.067454,1.000000,0.375000,1.704850,1.104850,0.180262,0.180262,0.180262,0.180262,0.513985,0.694247,0.000000,1.104850,0.590866,0.410604,0.410604,0.000000,horizon_mpc_secbf,4,0.077160,true,osqp,optimal,50,3.032952,0,-0.399718,accept,false,0.749981,-0.005363,0.691110,0.057714,,,0.693516,0.276845,0.695225,3.777148
local_crowding,context_bl,Proposed MPC-SECBF,11,1.100,-1.507940,-0.317221,0.691110,0.057714,0.083315,0.084000,-0.638000,-0.060000,0.420000,adult,walking,attentive,1.267448,1.000000,0.375000,1.623938,1.023938,0.193462,0.191854,0.193462,0.191854,0.782083,0.973938,0.011592,1.023938,0.241854,0.050000,0.050000,0.000765,horizon_mpc_secbf,4,-0.000765,true,osqp,optimal,100,3.037827,0,-0.167624,project,true,0.749971,-0.006630,0.111220,0.164129,,,0.198263,0.589573,0.715052,3.708085
local_crowding,context_bl,Proposed MPC-SECBF,12,1.200,-1.496818,-0.300808,0.111220,0.164129,0.975237,0.078000,-0.596000,-0.060000,0.420000,adult,walking,attentive,4.652313,1.000000,0.375000,1.602246,1.002246,0.148375,0.148375,0.148375,0.148375,0.198096,0.346471,0.000000,1.002246,0.804149,0.655774,0.655774,0.000000,horizon_mpc_secbf,4,0.332427,true,osqp,optimal,50,2.987046,0,-0.090501,accept,false,0.749934,-0.009979,0.637261,0.089172,,,0.643470,0.531355,0.779399,3.697146
local_crowding,context_bl,Proposed MPC-SECBF,13,1.300,-1.433092,-0.291891,0.637261,0.089172,0.139028,0.072000,-0.554000,-0.060000,0.420000,adult,walking,attentive,1.247503,1.000000,0.375000,1.527745,0.927745,0.193791,0.160749,0.193791,0.160749,0.716996,0.877745,0.012374,0.927745,0.210749,0.050000,0.050000,0.000743,horizon_mpc_secbf,4,-0.000743,true,osqp,optimal,75,4.663589,0,-0.165376,project,true,0.749904,-0.011994,0.114936,0.164840,,,0.200954,0.527778,0.799494,3.633557
local_crowding,context_bl,Proposed MPC-SECBF,14,1.400,-1.421599,-0.275407,0.114936,0.164840,0.961915,0.066000,-0.512000,-0.060000,0.420000,adult,walking,attentive,4.258066,1.000000,0.375000,1.506296,0.906296,0.148375,0.148375,0.148375,0.148375,0.193501,0.341876,0.000000,0.906296,0.712795,0.564420,0.564420,0.000000,horizon_mpc_secbf,4,0.245069,true,osqp,optimal,50,3.787251,0,-0.172307,accept,false,0.749841,-0.015444,0.636068,0.106140,,,0.644863,0.524428,0.863980,3.622367
local_crowding,context_bl,Proposed MPC-SECBF,15,1.500,-1.357992,-0.264793,0.636068,0.106140,0.165345,0.060000,-0.470000,-0.060000,0.420000,adult,walking,attentive,1.134796,1.000000,0.375000,1.432763,0.832763,0.195651,0.080054,0.195651,0.080054,0.702709,0.782763,0.000000,0.832763,0.130054,0.050000,0.050000,0.000729,horizon_mpc_secbf,4,-0.000729,true,osqp,optimal,75,4.538718,0,-0.166032,project,true,0.749785,-0.017956,0.121563,0.161173,,,0.201877,0.517441,0.884168,3.559012
local_crowding,context_bl,Proposed MPC-SECBF,16,1.600,-1.345836,-0.248676,0.121563,0.161173,0.924591,0.054000,-0.428000,-0.060000,0.420000,adult,walking,attentive,3.809183,1.000000,0.375000,1.411275,0.811275,0.151523,0.130054,0.151523,0.130054,0.190411,0.320465,0.050000,0.811275,0.620865,0.490810,0.490810,0.000000,horizon_mpc_secbf,4,0.176304,true,osqp,optimal,50,4.256774,0,-0.236478,accept,false,0.749694,-0.021423,0.634979,0.121396,,,0.646479,0.514955,0.948816,3.547283
local_crowding,context_bl,Proposed MPC-SECBF,17,1.700,-1.282338,-0.236536,0.634979,0.121396,0.188902,0.048000,-0.386000,-0.060000,0.420000,adult,walking,attentive,1.020353,1.000000,0.375000,1.338708,0.738708,0.197539,0.002628,0.197539,0.002628,0.686079,0.688708,0.000000,0.738708,0.052628,0.050000,0.050000,0.000717,horizon_mpc_secbf,4,-0.000717,true,osqp,optimal,50,3.907884,0,-0.165723,project,true,0.749602,-0.024424,0.127878,0.153666,,,0.199915,0.508127,0.968808,3.484186
local_crowding,context_bl,Proposed MPC-SECBF,18,1.800,-1.269550,-0.221169,0.127878,0.153666,0.876738,0.042000,-0.344000,-0.060000,0.420000,adult,walking,attentive,3.385133,1.000000,0.375000,1.317289,0.717289,0.158520,0.052628,0.158520,0.052628,0.184491,0.237119,0.050000,0.717289,0.532798,0.480170,0.480170,0.000000,horizon_mpc_secbf,4,0.170832,true,osqp,optimal,50,3.507106,0,-0.236969,accept,false,0.749483,-0.027830,0.633589,0.135027,,,0.647817,0.506054,1.033589,3.471941
local_crowding,context_bl,Proposed MPC-SECBF,19,1.900,-1.206191,-0.207667,0.633589,0.135027,0.209973,0.036000,-0.302000,-0.060000,0.420000,adult,walking,attentive,0.905481,1.000000,0.375000,1.245768,0.645768,0.199435,0.000000,0.199435,0.000000,0.664985,0.664985,0.000000,0.645768,-0.019218,-0.019218,-0.019218,0.036036,horizon_mpc_secbf,4,-0.025539,true,osqp,optimal,1600,4.706671,0,-0.099863,zero,true,0.749346,-0.031313,-0.030739,-0.735589,,,0.736231,1.095127,1.107212,3.409164
local_crowding,context_bl,Proposed MPC-SECBF,20,2.000,-1.209265,-0.281226,-0.030739,-0.735589,-1.612561,0.030000,-0.260000,-0.060000,0.420000,adult,walking,attentive,67.545121,1.000000,0.375000,1.239447,0.639447,0.148375,0.050000,0.148375,0.050000,0.000000,0.050000,0.050000,0.639447,1.087899,1.037899,0.589447,0.000000,horizon_mpc_secbf,4,0.338130,true,osqp,optimal,50,2.142366,0,-0.053521,accept,false,0.749847,-0.015127,0.595134,-0.284853,,,0.659792,0.771285,1.173192,3.409959
local_crowding,context_bl,Proposed MPC-SECBF,21,2.100,-1.149752,-0.309711,0.595134,-0.284853,-0.446411,0.024000,-0.218000,-0.060000,0.420000,adult,walking,attentive,0.965050,1.000000,0.375000,1.177329,0.577329,0.198452,0.100000,0.198452,0.100000,0.226815,0.326815,0.050000,0.577329,0.350514,0.250514,0.250514,0.000000,horizon_mpc_secbf,4,0.009972,true,osqp,optimal,50,2.163755,0,-0.457321,accept,false,0.749946,-0.009020,0.699561,-0.214396,,,0.731677,0.125973,1.246359,3.349994
local_crowding,context_bl,Proposed MPC-SECBF,22,2.200,-1.079795,-0.331150,0.699561,-0.214396,-0.297383,0.018000,-0.176000,-0.060000,0.420000,adult,walking,attentive,0.766918,1.000000,0.375000,1.108705,0.508705,0.201721,0.150000,0.201721,0.150000,0.249761,0.399761,0.050000,0.508705,0.258944,0.108944,0.108944,0.000283,horizon_mpc_secbf,4,-0.000283,true,osqp,optimal,50,3.384869,0,-0.350079,accept,false,0.749988,-0.004310,0.508693,-0.321689,,,0.601874,0.218958,1.306547,3.279850
local_crowding,context_bl,Proposed MPC-SECBF,23,2.300,-1.028926,-0.363319,0.508693,-0.321689,-0.563891,0.012000,-0.134000,-0.060000,0.420000,adult,walking,attentive,1.177060,1.000000,0.375000,1.065887,0.465887,0.194954,0.194954,0.194954,0.194954,0.000000,0.194954,0.044954,0.465887,0.479750,0.284797,0.270933,0.000000,horizon_mpc_secbf,4,0.092698,true,osqp,optimal,50,3.256892,0,-0.313108,accept,false,0.749994,0.003094,0.681669,-0.231932,,,0.720045,0.194877,1.378551,3.228954
local_crowding,context_bl,Proposed MPC-SECBF,24,2.400,-0.960759,-0.386513,0.681669,-0.231932,-0.327955,0.006000,-0.092000,-0.060000,0.420000,adult,walking,attentive,0.790431,1.000000,0.375000,1.010624,0.410624,0.201333,0.201333,0.201333,0.201333,0.037781,0.239114,0.006379,0.410624,0.372843,0.171510,0.171510,0.000000,horizon_mpc_secbf,4,0.026050,true,osqp,optimal,50,3.116213,0,-0.373828,accept,false,0.749950,0.008663,0.705058,-0.220025,,,0.738592,0.026246,1.452410,3.160970
local_crowding,context_bl,Proposed MPC-SECBF,25,2.500,-0.890253,-0.408515,0.705058,-0.220025,-0.302489,0.000000,-0.050000,-0.060000,0.420000,adult,walking,attentive,0.764431,1.000000,0.375000,0.959731,0.359731,0.201762,0.201762,0.201762,0.201762,0.000000,0.201762,0.000429,0.359731,0.406357,0.204595,0.157969,0.000000,horizon_mpc_secbf,4,0.052088,true,osqp,optimal,50,2.137068,0,-0.311923,accept,false,0.749866,0.014199,0.704679,-0.220943,,,0.738504,0.000994,1.526261,3.090807
local_crowding,context_bl,Proposed MPC-SECBF,26,2.600,-0.819786,-0.430609,0.704679,-0.220943,-0.303829,-0.006000,-0.008000,-0.060000,0.420000,adult,walking,attentive,0.827110,1.000000,0.375000,0.916976,0.316976,0.200728,0.200728,0.200728,0.200728,0.000000,0.200728,0.000000,0.316976,0.464685,0.263958,0.116249,0.000000,horizon_mpc_secbf,4,0.050646,true,osqp,optimal,50,2.306973,0,-0.265186,accept,false,0.749733,0.020013,0.703779,-0.223114,,,0.738299,0.002350,1.600091,3.020861
local_crowding,context_bl,Proposed MPC-SECBF,27,2.700,-0.749408,-0.452921,0.703779,-0.223114,-0.307000,-0.012000,0.034000,-0.060000,0.420000,adult,walking,attentive,1.002368,1.000000,0.375000,0.883664,0.283664,0.197836,0.197836,0.197836,0.197836,0.000000,0.197836,0.000000,0.283664,0.530343,0.332507,0.085828,0.000000,horizon_mpc_secbf,4,0.051744,true,osqp,optimal,50,3.321425,0,-0.197092,accept,false,0.749544,0.026156,0.703746,-0.223196,,,0.738291,0.000088,1.673920,2.951203
local_crowding,context_bl,Proposed MPC-SECBF,28,2.800,-0.679033,-0.475240,0.703746,-0.223196,-0.307119,-0.018000,0.076000,-0.060000,0.420000,adult,walking,attentive,1.492968,1.000000,0.375000,0.860715,0.260715,0.189741,0.189741,0.189741,0.189741,0.000000,0.189741,0.000000,0.260715,0.598844,0.409103,0.070974,0.000000,horizon_mpc_secbf,4,0.058954,true,osqp,optimal,50,3.292666,0,-0.106202,accept,false,0.749291,0.032595,0.704846,-0.220538,,,0.738543,0.002877,1.747774,2.881756
local_crowding,context_bl,Proposed MPC-SECBF,29,2.900,-0.608548,-0.497294,0.704846,-0.220538,-0.303238,-0.024000,0.118000,-0.060000,0.420000,adult,walking,attentive,3.984609,1.000000,0.375000,0.848695,0.248695,0.148629,0.148629,0.148629,0.148629,0.000000,0.148629,0.000000,0.248695,0.668709,0.520080,0.100066,0.000000,horizon_mpc_secbf,4,0.099113,true,osqp,optimal,50,3.083080,0,0.032109,accept,false,0.748971,0.039280,0.707119,-0.215052,,,0.739097,0.005939,1.821684,2.812408
local_crowding,context_bl,Proposed MPC-SECBF,30,3.000,-0.537837,-0.518799,0.707119,-0.215052,-0.295236,-0.030000,0.160000,-0.060000,0.420000,adult,walking,attentive,,0.000000,0.375000,0.847742,0.247742,0.082375,0.082375,0.082375,0.082375,0.000000,0.082375,0.000000,0.247742,0.247742,0.165367,0.165367,0.000000,horizon_mpc_secbf,4,0.175163,true,osqp,optimal,50,3.380870,0,0.205700,accept,false,0.748579,0.046153,0.710524,-0.206831,,,0.740016,0.008898,1.895685,2.743035
local_crowding,context_bl,Proposed MPC-SECBF,31,3.100,-0.466784,-0.539482,0.710524,-0.206831,-0.283269,-0.036000,0.202000,-0.060000,0.420000,adult,walking,attentive,,0.000000,0.375000,0.857538,0.257538,0.082375,0.082375,0.082375,0.082375,0.000000,0.082375,0.000000,0.257538,0.257538,0.175163,0.175163,0.000000,horizon_mpc_secbf,4,0.194988,true,osqp,optimal,50,3.293886,0,0.318554,accept,false,0.748114,0.053156,0.714977,-0.196079,,,0.741377,0.011638,1.969823,2.673507
local_crowding,context_bl,Proposed MPC-SECBF,32,3.200,-0.395286,-0.559090,0.714977,-0.196079,-0.267664,-0.042000,0.244000,-0.060000,0.420000,adult,walking,attentive,,0.000000,0.375000,0.877363,0.277363,0.082375,0.082375,0.082375,0.082375,0.000000,0.082375,0.000000,0.277363,0.277363,0.194988,0.194988,0.000000,horizon_mpc_secbf,4,0.223835,true,osqp,optimal,50,3.572295,0,0.432775,accept,false,0.747578,0.060229,0.720367,-0.183069,,,0.743264,0.014082,2.044150,2.603696
local_crowding,context_bl,Proposed MPC-SECBF,33,3.300,-0.323250,-0.577397,0.720367,-0.183069,-0.248865,-0.048000,0.286000,-0.060000,0.420000,adult,walking,attentive,,0.000000,0.375000,0.906210,0.306210,0.082375,0.082375,0.082375,0.082375,0.000000,0.082375,0.000000,0.306210,0.306210,0.223835,0.223835,0.000000,horizon_mpc_secbf,4,0.260555,true,osqp,optimal,50,3.287168,0,0.545254,accept,false,0.746973,0.067318,0.726562,-0.168112,,,0.745757,0.016189,2.118725,2.533476
local_crowding,context_bl,Proposed MPC-SECBF,34,3.400,-0.250594,-0.594208,0.726562,-0.168112,-0.227379,-0.054000,0.328000,-0.060000,0.420000,adult,walking,attentive,,0.000000,0.375000,0.942930,0.342930,0.082375,0.082375,0.082375,0.082375,0.000000,0.082375,0.000000,0.342930,0.342930,0.260555,0.260555,0.000000,horizon_mpc_secbf,4,0.303983,true,osqp,optimal,50,3.271135,0,0.654132,accept,false,0.746304,0.074371,0.733418,-0.151559,,,0.748914,0.017917,2.193617,2.462732
local_crowding,context_bl,Proposed MPC-SECBF,35,3.500,-0.177252,-0.609364,0.733418,-0.151559,-0.203779,-0.060000,0.370000,-0.060000,0.420000,adult,walking,attentive,,0.000000,0.375000,0.986358,0.386358,0.082375,0.082375,0.082375,0.082375,0.000000,0.082375,0.000000,0.386358,0.386358,0.303983,0.303983,0.000000,horizon_mpc_secbf,4,0.352919,true,osqp,optimal,50,3.362304,0,0.757929,accept,false,0.745576,0.081344,0.735589,-0.132438,,,0.747416,0.019244,2.268358,2.391359
local_crowding,context_bl,Proposed MPC-SECBF,36,3.600,-0.103693,-0.622608,0.735589,-0.132438,-0.178135,-0.066000,0.412000,-0.060000,0.420000,adult,walking,attentive,,0.000000,0.375000,1.035294,0.435294,0.082375,0.082375,0.082375,0.082375,0.000000,0.082375,0.000000,0.435294,0.435294,0.352919,0.352919,0.000000,horizon_mpc_secbf,4,0.406218,true,osqp,optimal,50,3.327946,0,0.855400,accept,false,0.744803,0.088136,0.735590,-0.111799,,,0.744037,0.020639,2.342762,2.319766
local_crowding,context_bl,Proposed MPC-SECBF,37,3.700,-0.030134,-0.633788,0.735590,-0.111799,-0.150831,-0.072000,0.454000,-0.060000,0.420000,adult,walking,attentive,,0.000000,0.375000,1.088593,0.488593,0.082375,0.082375,0.082375,0.082375,0.000000,0.082375,0.000000,0.488593,0.488593,0.406218,0.406218,0.000000,horizon_mpc_secbf,4,0.462885,true,osqp,optimal,50,2.934233,0,0.946612,accept,false,0.744000,0.094675,0.735590,-0.090174,,,0.741097,0.021625,2.416872,2.248118
local_crowding,context_bl,Proposed MPC-SECBF,38,3.800,0.043425,-0.642805,0.735590,-0.090174,-0.121978,-0.078000,0.496000,-0.060000,0.420000,adult,walking,attentive,,0.000000,0.375000,1.145260,0.545260,0.082375,0.082375,0.082375,0.082375,0.000000,0.082375,0.000000,0.545260,0.545260,0.462885,0.462885,0.000000,horizon_mpc_secbf,4,0.522105,true,osqp,optimal,50,2.297371,0,1.032371,accept,false,0.743181,0.100904,0.735591,-0.067884,,,0.738716,0.022290,2.490743,2.176362
local_crowding,context_bl,Proposed MPC-SECBF,39,3.900,0.116984,-0.649594,0.735591,-0.067884,-0.092024,-0.084000,0.538000,-0.060000,0.420000,adult,walking,attentive,,0.000000,0.375000,1.204480,0.604480,0.082375,0.082375,0.082375,0.082375,0.000000,0.082375,0.000000,0.604480,0.604480,0.522105,0.522105,0.000000,horizon_mpc_secbf,4,0.583223,true,osqp,optimal,50,2.752908,0,1.113524,accept,false,0.742361,0.106771,0.735591,-0.045186,,,0.736977,0.022698,2.564441,2.104450
local_crowding,context_bl,Proposed MPC-SECBF,40,4.000,0.190543,-0.654112,0.735591,-0.045186,-0.061351,-0.090000,0.580000,-0.060000,0.420000,adult,walking,attentive,,0.000000,0.375000,1.265598,0.665598,0.082375,0.082375,0.082375,0.082375,0.000000,0.082375,0.000000,0.665598,0.665598,0.583223,0.583223,0.000000,horizon_mpc_secbf,4,0.645719,true,osqp,optimal,50,2.422750,0,1.190880,accept,false,0.741556,0.112227,0.735591,-0.022303,,,0.735929,0.022883,2.638034,2.032339
local_crowding,context_bl,Proposed MPC-SECBF,41,4.100,0.264102,-0.656342,0.735591,-0.022303,-0.030311,-0.096000,0.622000,-0.060000,0.420000,adult,walking,attentive,,0.000000,0.375000,1.328094,0.728094,0.082375,0.082375,0.082375,0.082375,0.000000,0.082375,0.000000,0.728094,0.728094,0.645719,0.645719,0.000000,horizon_mpc_secbf,4,0.709191,true,osqp,optimal,50,2.738265,0,1.265158,accept,false,0.740782,0.117224,0.735591,0.000567,,,0.735591,0.022870,2.711593,1.959986
local_crowding,context_bl,Proposed MPC-SECBF,42,4.200,0.337661,-0.656286,0.735591,0.000567,0.000771,-0.102000,0.664000,-0.060000,0.420000,adult,walking,attentive,,0.000000,0.375000,1.391566,0.791566,0.082375,0.082375,0.082375,0.082375,0.000000,0.082375,0.000000,0.791566,0.791566,0.709191,0.709191,0.000000,horizon_mpc_secbf,4,0.773332,true,osqp,optimal,50,3.356851,0,1.336983,accept,false,0.740058,0.121712,0.735591,0.023251,,,0.735959,0.022683,2.785189,1.887357
local_crowding,context_bl,Proposed MPC-SECBF,43,4.300,0.411221,-0.653961,0.735591,0.023251,0.031597,-0.108000,0.706000,-0.060000,0.420000,adult,walking,attentive,,0.000000,0.375000,1.455707,0.855707,0.082375,0.082375,0.082375,0.082375,0.000000,0.082375,0.000000,0.855707,0.855707,0.773332,0.773332,0.000000,horizon_mpc_secbf,4,0.837911,true,osqp,optimal,50,2.302218,0,1.406887,accept,false,0.739401,0.125644,0.735591,0.045590,,,0.737003,0.022340,2.858889,1.814421
local_crowding,context_bl,Proposed MPC-SECBF,44,4.400,0.484780,-0.649402,0.735591,0.045590,0.061899,-0.114000,0.748000,-0.060000,0.420000,adult,walking,attentive,,0.000000,0.375000,1.520286,0.920286,0.082375,0.082375,0.082375,0.082375,0.000000,0.082375,0.000000,0.920286,0.920286,0.837911,0.837911,0.000000,horizon_mpc_secbf,4,0.902759,true,osqp,optimal,50,2.205460,0,1.475319,accept,false,0.738829,0.128967,0.735591,0.067447,,,0.738677,0.021856,2.932757,1.741155
local_crowding,context_bl,Proposed MPC-SECBF,45,4.500,0.558339,-0.642657,0.735591,0.067447,0.091435,-0.120000,0.790000,-0.060000,0.420000,adult,walking,attentive,,0.000000,0.375000,1.585134,0.985134,0.082375,0.082375,0.082375,0.082375,0.000000,0.082375,0.000000,0.985134,0.985134,0.902759,0.902759,0.000000,horizon_mpc_secbf,4,0.967763,true,osqp,optimal,50,2.231458,0,1.542703,accept,false,0.738359,0.131626,0.735591,0.088645,,,0.740913,0.021199,3.006848,1.667543
local_crowding,context_bl,Proposed MPC-SECBF,46,4.600,0.631898,-0.633792,0.735591,0.088645,0.119931,-0.126000,0.832000,-0.060000,0.420000,adult,walking,attentive,,0.000000,0.375000,1.650138,1.050138,0.082375,0.082375,0.082375,0.082375,0.000000,0.082375,0.000000,1.050138,1.050138,0.967763,0.967763,0.000000,horizon_mpc_secbf,4,1.032872,true,osqp,optimal,50,2.382460,0,1.609580,accept,false,0.738011,0.133564,0.735591,0.108831,,,0.743598,0.020185,3.081208,1.593575
local_crowding,context_bl,Proposed MPC-SECBF,47,4.700,0.705457,-0.622909,0.735591,0.108831,0.146884,-0.132000,0.874000,-0.060000,0.420000,adult,walking,attentive,,0.000000,0.375000,1.715247,1.115247,0.082375,0.082375,0.082375,0.082375,0.000000,0.082375,0.000000,1.115247,1.115247,1.032872,1.032872,0.000000,horizon_mpc_secbf,4,1.098181,true,osqp,optimal,50,3.474346,0,1.677433,accept,false,0.737800,0.134725,0.735590,0.126523,,,0.746392,0.017692,3.155847,1.519256
local_crowding,context_bl,Proposed MPC-SECBF,48,4.800,0.779016,-0.610257,0.735590,0.126523,0.170335,-0.138000,0.916000,-0.060000,0.420000,adult,walking,attentive,,0.000000,0.375000,1.780556,1.180556,0.082375,0.082375,0.082375,0.082375,0.000000,0.082375,0.000000,1.180556,1.180556,1.098181,1.098181,0.000000,horizon_mpc_secbf,4,1.164475,true,osqp,optimal,50,3.210851,0,1.753383,accept,false,0.737729,0.135117,0.735590,0.133642,,,0.747631,0.007120,3.230610,1.444621
local_crowding,context_bl,Proposed MPC-SECBF,49,4.900,0.852575,-0.596893,0.735590,0.133642,0.179720,-0.144000,0.958000,-0.060000,0.420000,adult,walking,attentive,,0.000000,0.375000,1.846850,1.246850,0.082375,0.082375,0.082375,0.082375,0.000000,0.082375,0.000000,1.246850,1.246850,1.164475,1.164475,0.000000,horizon_mpc_secbf,4,1.232103,true,osqp,optimal,50,3.376972,0,1.833802,accept,false,0.737718,0.135174,0.735590,0.134911,,,0.747859,0.001269,3.305396,1.369858
local_crowding,context_bl,Proposed MPC-SECBF,50,5.000,0.926134,-0.583402,0.735590,0.134911,0.181390,-0.150000,1.000000,-0.060000,0.420000,adult,walking,attentive,,0.000000,0.375000,1.914478,1.314478,0.082375,0.082375,0.082375,0.082375,0.000000,0.082375,0.000000,1.314478,1.314478,1.232103,1.232103,0.000000,horizon_mpc_secbf,4,1.301009,true,osqp,optimal,50,3.152282,0,1.914918,accept,false,0.737719,0.135167,0.735590,0.135123,,,0.747897,0.000212,3.380186,1.295072
local_crowding,context_bl,Proposed MPC-SECBF,51,5.100,0.999693,-0.569889,0.735590,0.135123,0.181669,-0.156000,1.042000,-0.060000,0.420000,adult,walking,attentive,,0.000000,0.375000,1.983384,1.383384,0.082375,0.082375,0.082375,0.082375,0.000000,0.082375,0.000000,1.383384,1.383384,1.301009,1.301009,0.000000,horizon_mpc_secbf,4,1.371080,true,osqp,optimal,50,3.259765,0,1.996092,accept,false,0.737723,0.135147,0.735590,0.135143,,,0.747901,0.000019,3.454976,1.220282
local_crowding,context_bl,Proposed MPC-SECBF,52,5.200,1.073252,-0.556375,0.735590,0.135143,0.181694,-0.162000,1.084000,-0.060000,0.420000,adult,walking,attentive,,0.000000,0.375000,2.053455,1.453455,0.082375,0.082375,0.082375,0.082375,0.000000,0.082375,0.000000,1.453455,1.453455,1.371080,1.371080,0.000000,horizon_mpc_secbf,4,1.442203,true,osqp,optimal,50,3.329602,0,2.077234,accept,false,0.737728,0.135122,0.735590,0.135126,,,0.747898,0.000017,3.529766,1.145492
local_crowding,context_bl,Proposed MPC-SECBF,53,5.300,1.146811,-0.542862,0.735590,0.135126,0.181672,-0.168000,1.126000,-0.060000,0.420000,adult,walking,attentive,,0.000000,0.375000,2.124578,1.524578,0.082375,0.082375,0.082375,0.082375,0.000000,0.082375,0.000000,1.524578,1.524578,1.442203,1.442203,0.000000,horizon_mpc_secbf,4,1.514275,true,osqp,optimal,50,3.456210,0,2.158349,accept,false,0.737733,0.135095,0.735590,0.135101,,,0.747893,0.000025,3.604555,1.070702
local_crowding,context_bl,Proposed MPC-SECBF,54,5.400,1.220370,-0.529352,0.735590,0.135101,0.181639,-0.174000,1.168000,-0.060000,0.420000,adult,walking,attentive,,0.000000,0.375000,2.196650,1.596650,0.082375,0.082375,0.082375,0.082375,0.000000,0.082375,0.000000,1.596650,1.596650,1.514275,1.514275,0.000000,horizon_mpc_secbf,4,1.587208,true,osqp,optimal,50,3.327529,0,2.239456,accept,false,0.737738,0.135066,0.735590,0.135072,,,0.747888,0.000028,3.679344,0.995913
local_crowding,context_bl,Proposed MPC-SECBF,55,5.500,1.293929,-0.515845,0.735590,0.135072,0.181601,-0.180000,1.210000,-0.060000,0.420000,adult,walking,attentive,,0.000000,0.375000,2.269583,1.669583,0.082375,0.082375,0.082375,0.082375,0.000000,0.082375,0.000000,1.669583,1.669583,1.587208,1.587208,0.000000,horizon_mpc_secbf,4,1.660921,true,osqp,optimal,50,3.336781,0,2.320575,accept,false,0.737744,0.135035,0.735590,0.135041,,,0.747883,0.000031,3.754132,0.921124
local_crowding,context_bl,Proposed MPC-SECBF,56,5.600,1.367488,-0.502341,0.735590,0.135041,0.181561,-0.186000,1.252000,-0.060000,0.420000,adult,walking,attentive,,0.000000,0.375000,2.343296,1.743296,0.082375,0.082375,0.082375,0.082375,0.000000,0.082375,0.000000,1.743296,1.743296,1.660921,1.660921,0.000000,horizon_mpc_secbf,4,1.735343,true,osqp,optimal,50,3.229267,0,2.401721,accept,false,0.737750,0.135001,0.735590,0.135008,,,0.747877,0.000034,3.828920,0.846336
local_crowding,context_bl,Proposed MPC-SECBF,57,5.700,1.441047,-0.488840,0.735590,0.135008,0.181516,-0.192000,1.294000,-0.060000,0.420000,adult,walking,attentive,,0.000000,0.375000,2.417718,1.817718,0.082375,0.082375,0.082375,0.082375,0.000000,0.082375,0.000000,1.817718,1.817718,1.735343,1.735343,0.000000,horizon_mpc_secbf,4,1.810411,true,osqp,optimal,50,3.572312,0,2.482907,accept,false,0.737757,0.134963,0.735590,0.134970,,,0.747870,0.000037,3.903707,0.771548
local_crowding,context_bl,Proposed MPC-SECBF,58,5.800,1.514606,-0.475343,0.735590,0.134970,0.181467,-0.198000,1.336000,-0.060000,0.420000,adult,walking,attentive,,0.000000,0.375000,2.492786,1.892786,0.082375,0.082375,0.082375,0.082375,0.000000,0.082375,0.000000,1.892786,1.892786,1.810411,1.810411,0.000000,horizon_mpc_secbf,4,1.886069,true,osqp,optimal,50,3.377625,0,2.564143,accept,false,0.737764,0.134921,0.735590,0.134929,,,0.747862,0.000041,3.978493,0.696761
local_crowding,context_bl,Proposed MPC-SECBF,59,5.900,1.588165,-0.461850,0.735590,0.134929,0.181413,-0.204000,1.378000,-0.060000,0.420000,adult,walking,attentive,,0.000000,0.375000,2.568444,1.968444,0.082375,0.082375,0.082375,0.082375,0.000000,0.082375,0.000000,1.968444,1.968444,1.886069,1.886069,0.000000,horizon_mpc_secbf,4,1.962266,true,osqp,optimal,50,3.234474,0,2.645440,accept,false,0.737773,0.134873,0.735590,0.134883,,,0.747854,0.000046,4.053279,0.621975
local_crowding,context_bl,Proposed MPC-SECBF,60,6.000,1.661724,-0.448362,0.735590,0.134883,0.181352,-0.210000,1.420000,-0.060000,0.420000,adult,walking,attentive,,0.000000,0.375000,2.644641,2.044641,0.082375,0.082375,0.082375,0.082375,0.000000,0.082375,0.000000,2.044641,2.044641,1.962266,1.962266,0.000000,horizon_mpc_secbf,4,2.038958,true,osqp,optimal,50,3.089189,0,2.726803,accept,false,0.737783,0.134819,0.735590,0.134830,,,0.747845,0.000053,4.128063,0.547190
local_crowding,context_bl,Proposed MPC-SECBF,61,6.100,1.735283,-0.434879,0.735590,0.134830,0.181283,-0.216000,1.462000,-0.060000,0.420000,adult,walking,attentive,,0.000000,0.375000,2.721333,2.121333,0.082375,0.082375,0.082375,0.082375,0.000000,0.082375,0.000000,2.121333,2.121333,2.038958,2.038958,0.000000,horizon_mpc_secbf,4,2.116105,true,osqp,optimal,50,2.667289,0,2.808239,accept,false,0.737795,0.134756,0.735590,0.134769,,,0.747833,0.000061,4.202846,0.472405
local_crowding,context_bl,Proposed MPC-SECBF,62,6.200,1.808842,-0.421402,0.735590,0.134769,0.181202,-0.222000,1.504000,-0.060000,0.420000,adult,walking,attentive,,0.000000,0.375000,2.798480,2.198480,0.082375,0.082375,0.082375,0.082375,0.000000,0.082375,0.000000,2.198480,2.198480,2.116105,2.116105,0.000000,horizon_mpc_secbf,4,2.193672,true,osqp,optimal,50,3.049504,0,2.889755,accept,false,0.737808,0.134680,0.735590,0.134695,,,0.747820,0.000073,4.277628,0.397622
local_crowding,context_bl,Proposed MPC-SECBF,63,6.300,1.882401,-0.407933,0.735590,0.134695,0.181105,-0.228000,1.546000,-0.060000,0.420000,adult,walking,attentive,,0.000000,0.375000,2.876047,2.276047,0.082375,0.082375,0.082375,0.082375,0.000000,0.082375,0.000000,2.276047,2.276047,2.193672,2.193672,0.000000,horizon_mpc_secbf,4,2.271626,true,osqp,optimal,50,2.178335,0,2.971356,accept,false,0.737826,0.134585,0.735590,0.134604,,,0.747804,0.000091,4.352409,0.322840
local_crowding,context_bl,Proposed MPC-SECBF,64,6.400,1.955960,-0.394472,0.735590,0.134604,0.180986,-0.234000,1.588000,-0.060000,0.420000,adult,walking,attentive,,0.000000,0.375000,2.954001,2.354001,0.082375,0.082375,0.082375,0.082375,0.000000,0.082375,0.000000,2.354001,2.354001,2.271626,2.271626,0.000000,horizon_mpc_secbf,4,2.349940,true,osqp,optimal,50,2.358379,0,3.053052,accept,false,0.737848,0.134461,0.735590,0.134485,,,0.747782,0.000119,4.427187,0.248059
local_crowding,context_bl,Proposed MPC-SECBF,65,6.500,2.029519,-0.381024,0.735590,0.134485,0.180829,-0.240000,1.630000,-0.060000,0.420000,adult,walking,attentive,,0.000000,0.375000,3.032315,2.432315,0.082375,0.082375,0.082375,0.082375,0.000000,0.082375,0.000000,2.432315,2.432315,2.349940,2.349940,0.000000,horizon_mpc_secbf,4,2.428590,true,osqp,optimal,50,2.483717,0,3.134861,accept,false,0.737882,0.134278,0.735590,0.134313,,,0.747752,0.000172,4.501962,0.173281
local_crowding,context_bl,Proposed MPC-SECBF,66,6.600,2.103078,-0.367592,0.735590,0.134313,0.180603,-0.246000,1.672000,-0.060000,0.420000,adult,walking,attentive,,0.000000,0.375000,3.110965,2.510965,0.082375,0.082375,0.082375,0.082375,0.000000,0.082375,0.000000,2.510965,2.510965,2.428590,2.428590,0.000000,horizon_mpc_secbf,4,2.507561,true,osqp,optimal,50,2.187648,0,3.216837,accept,false,0.737942,0.133944,0.735590,0.134008,,,0.747697,0.000306,4.576732,0.098506
local_crowding,context_bl,Proposed MPC-SECBF,67,6.700,2.176637,-0.354192,0.735590,0.134008,0.180201,-0.252000,1.714000,-0.060000,0.420000,adult,walking,attentive,,0.000000,0.375000,3.189936,2.589936,0.082375,0.082375,0.082375,0.082375,0.000000,0.082375,0.000000,2.589936,2.589936,2.507561,2.507561,0.000000,horizon_mpc_secbf,4,2.559963,true,osqp,optimal,25,2.417345,0,3.031571,accept,false,0.233634,0.041917,0.319755,0.057718,,,0.324923,0.422775,4.609224,0.023736
local_crowding,context_bl,Proposed MPC-SECBF,68,6.800,2.208612,-0.348420,0.319755,0.057718,0.178583,-0.258000,1.756000,-0.060000,0.420000,adult,walking,attentive,,0.000000,0.375000,3.242338,2.642338,0.082375,0.082375,0.082375,0.082375,0.000000,0.082375,0.000000,2.642338,2.642338,2.559963,2.559963,0.000000,horizon_mpc_secbf,4,2.590872,true,osqp,optimal,25,2.648666,0,2.867736,accept,false,-0.086121,-0.015801,-0.016483,-0.003188,,,0.016789,0.341710,4.610903,0.008756
local_crowding,context_bl,Proposed MPC-SECBF,69,6.900,2.206964,-0.348739,-0.016483,-0.003188,-2.950569,-0.264000,1.798000,-0.060000,0.420000,adult,walking,attentive,,0.000000,0.375000,3.273247,2.673247,0.082375,0.082375,0.082375,0.082375,0.000000,0.082375,0.000000,2.673247,2.673247,2.590872,2.590872,0.000000,horizon_mpc_secbf,4,2.619261,true,osqp,optimal,25,2.351046,0,2.873148,accept,false,-0.069638,-0.012614,-0.060518,-0.010997,,,0.061509,0.044721,4.617054,0.007077
local_crowding,context_bl,Proposed MPC-SECBF,70,7.000,2.200912,-0.349838,-0.060518,-0.010997,-2.961843,-0.270000,1.840000,-0.060000,0.420000,adult,walking,attentive,,0.000000,0.375000,3.301636,2.701636,0.082375,0.082375,0.082375,0.082375,0.000000,0.082375,0.000000,2.701636,2.701636,2.619261,2.619261,0.000000,horizon_mpc_secbf,4,2.650605,true,osqp,optimal,25,2.116260,0,2.931447,accept,false,-0.009120,-0.001617,-0.017939,-0.003226,,,0.018227,0.043282,4.618877,0.000926
local_crowding,context_bl,Proposed MPC-SECBF,71,7.100,2.199118,-0.350161,-0.017939,-0.003226,-2.963644,-0.276000,1.882000,-0.060000,0.420000,adult,walking,attentive,,0.000000,0.375000,3.332980,2.732980,0.082375,0.082375,0.082375,0.082375,0.000000,0.082375,0.000000,2.732980,2.732980,2.650605,2.650605,0.000000,horizon_mpc_secbf,4,2.683557,true,osqp,optimal,25,2.114971,0,2.979061,accept,false,0.008818,0.001609,0.004227,0.000780,,,0.004299,0.022525,4.619306,0.000896
local_crowding,context_bl,Proposed MPC-SECBF,72,7.200,2.199541,-0.350083,0.004227,0.000780,0.182399,-0.282000,1.924000,-0.060000,0.420000,adult,walking,attentive,,0.000000,0.375000,3.365932,2.765932,0.082375,0.082375,0.082375,0.082375,0.000000,0.082375,0.000000,2.765932,2.765932,2.683557,2.683557,0.000000,horizon_mpc_secbf,4,2.716739,true,osqp,optimal,25,2.312398,0,3.014335,accept,false,0.004591,0.000830,0.004528,0.000821,,,0.004602,0.000304,4.619767,0.000467
local_crowding,context_bl,Proposed MPC-SECBF,73,7.300,2.199994,-0.350001,0.004528,0.000821,0.179373,-0.288000,1.966000,-0.060000,0.420000,adult,walking,attentive,,0.000000,0.375000,3.399114,2.799114,0.082375,0.082375,0.082375,0.082375,0.000000,0.082375,0.000000,2.799114,2.799114,2.716739,2.716739,0.000000,horizon_mpc_secbf,4,2.749901,true,osqp,optimal,25,2.253356,0,3.047330,accept,false,0.000062,0.000009,0.000829,0.000148,,,0.000842,0.003761,4.619851,0.000006
local_crowding,context_bl,Proposed MPC-SECBF,74,7.400,2.200077,-0.349986,0.000829,0.000148,0.176687,-0.294000,2.008000,-0.060000,0.420000,adult,walking,attentive,,0.000000,0.375000,3.432276,2.832276,0.082375,0.082375,0.082375,0.082375,0.000000,0.082375,0.000000,2.832276,2.832276,2.749901,2.749901,0.000000,horizon_mpc_secbf,4,2.783186,true,osqp,optimal,25,2.748113,0,3.081745,accept,false,-0.000766,-0.000139,-0.000493,-0.000090,,,0.000501,0.001343,4.619901,0.000078
local_crowding,context_bl,Proposed MPC-SECBF,75,7.500,2.200027,-0.349995,-0.000493,-0.000090,-2.960654,-0.300000,2.050000,-0.060000,0.420000,adult,walking,attentive,,0.000000,0.375000,3.465561,2.865561,0.082375,0.082375,0.082375,0.082375,0.000000,0.082375,0.000000,2.865561,2.865561,2.783186,2.783186,0.000000,horizon_mpc_secbf,4,2.816680,true,osqp,optimal,25,2.237969,0,3.117145,accept,false,-0.000274,-0.000049,-0.000311,-0.000056,,,0.000316,0.000185,4.619933,0.000028
local_crowding,context_bl,Proposed MPC-SECBF,76,7.600,2.199996,-0.350001,-0.000311,-0.000056,-2.962606,-0.306000,2.092000,-0.060000,0.420000,adult,walking,attentive,,0.000000,0.375000,3.499055,2.899055,0.082375,0.082375,0.082375,0.082375,0.000000,0.082375,0.000000,2.899055,2.899055,2.816680,2.816680,0.000000,horizon_mpc_secbf,4,2.850384,true,osqp,optimal,25,2.109053,0,3.152770,accept,false,0.000038,0.000007,-0.000000,0.000000,,,0.000000,0.000316,4.619933,0.000004
local_crowding,context_bl,Proposed MPC-SECBF,77,7.700,2.199996,-0.350001,-0.000000,0.000000,2.238872,-0.312000,2.134000,-0.060000,0.420000,adult,walking,attentive,,0.000000,0.375000,3.532759,2.932759,0.082375,0.082375,0.082375,0.082375,0.000000,0.082375,0.000000,2.932759,2.932759,2.850384,2.850384,0.000000,horizon_mpc_secbf,4,2.884276,true,osqp,optimal,25,2.126670,0,3.188382,accept,false,0.000038,0.000007,0.000031,0.000006,,,0.000032,0.000032,4.619936,0.000004
local_crowding,context_bl,Proposed MPC-SECBF,78,7.800,2.199999,-0.350000,0.000031,0.000006,0.177968,-0.318000,2.176000,-0.060000,0.420000,adult,walking,attentive,,0.000000,0.375000,3.566651,2.966651,0.082375,0.082375,0.082375,0.082375,0.000000,0.082375,0.000000,2.966651,2.966651,2.884276,2.884276,0.000000,horizon_mpc_secbf,4,2.918347,true,osqp,optimal,25,2.369671,0,3.224097,accept,false,0.000007,0.000001,0.000011,0.000002,,,0.000011,0.000021,4.619937,0.000001
local_crowding,context_bl,Proposed MPC-SECBF,79,7.900,2.200000,-0.350000,0.000011,0.000002,0.173101,-0.324000,2.218000,-0.060000,0.420000,adult,walking,attentive,,0.000000,0.375000,3.600722,3.000722,0.082375,0.082375,0.082375,0.082375,0.000000,0.082375,0.000000,3.000722,3.000722,2.918347,2.918347,0.000000,horizon_mpc_secbf,4,2.952594,true,osqp,optimal,25,2.300247,0,3.259945,accept,false,-0.000004,-0.000001,-0.000002,-0.000000,,,0.000002,0.000013,4.619937,0.000000
local_crowding,context_bl,Proposed MPC-SECBF,80,8.000,2.200000,-0.350000,-0.000002,-0.000000,-2.952847,-0.330000,2.260000,-0.060000,0.420000,adult,walking,attentive,,0.000000,0.375000,3.634969,3.034969,0.082375,0.082375,0.082375,0.082375,0.000000,0.082375,0.000000,3.034969,3.034969,2.952594,2.952594,0.000000,horizon_mpc_secbf,4,2.987012,true,osqp,optimal,25,2.975852,0,3.295924,accept,false,-0.000003,-0.000000,-0.000002,-0.000000,,,0.000002,0.000001,4.619937,0.000000
local_crowding,context_bl,Proposed MPC-SECBF,81,8.100,2.200000,-0.350000,-0.000002,-0.000000,-2.964782,-0.336000,2.302000,-0.060000,0.420000,adult,walking,attentive,,0.000000,0.375000,3.669387,3.069387,0.082375,0.082375,0.082375,0.082375,0.000000,0.082375,0.000000,3.069387,3.069387,2.987012,2.987012,0.000000,horizon_mpc_secbf,4,3.021596,true,osqp,optimal,25,3.369821,0,3.332028,accept,false,-0.000000,-0.000000,-0.000001,-0.000000,,,0.000001,0.000002,4.619937,0.000000
local_crowding,context_bl,Proposed MPC-SECBF,82,8.200,2.200000,-0.350000,-0.000001,-0.000000,-2.971114,-0.342000,2.344000,-0.060000,0.420000,adult,walking,attentive,,0.000000,0.375000,3.703971,3.103971,0.082375,0.082375,0.082375,0.082375,0.000000,0.082375,0.000000,3.103971,3.103971,3.021596,3.021596,0.000000,horizon_mpc_secbf,4,3.056341,true,osqp,optimal,25,2.268054,0,3.368251,accept,false,0.000000,0.000000,0.000000,0.000000,,,0.000000,0.000001,4.619937,0.000000
local_crowding,context_bl,Proposed MPC-SECBF,83,8.300,2.200000,-0.350000,0.000000,0.000000,0.181985,-0.348000,2.386000,-0.060000,0.420000,adult,walking,attentive,,0.000000,0.375000,3.738716,3.138716,0.082375,0.082375,0.082375,0.082375,0.000000,0.082375,0.000000,3.138716,3.138716,3.056341,3.056341,0.000000,horizon_mpc_secbf,4,3.091244,true,osqp,optimal,25,2.138669,0,3.404589,accept,false,0.000000,0.000000,0.000000,0.000000,,,0.000000,0.000000,4.619937,0.000000
local_crowding,context_bl,Proposed MPC-SECBF,84,8.400,2.200000,-0.350000,0.000000,0.000000,0.175734,-0.354000,2.428000,-0.060000,0.420000,adult,walking,attentive,,0.000000,0.375000,3.773619,3.173619,0.082375,0.082375,0.082375,0.082375,0.000000,0.082375,0.000000,3.173619,3.173619,3.091244,3.091244,0.000000,horizon_mpc_secbf,4,3.126299,true,osqp,optimal,25,2.278415,0,3.441041,accept,false,-0.000000,-0.000000,0.000000,-0.000000,,,0.000000,0.000000,4.619937,0.000000
local_crowding,context_bl,Proposed MPC-SECBF,85,8.500,2.200000,-0.350000,0.000000,-0.000000,0.175734,-0.360000,2.470000,-0.060000,0.420000,adult,walking,attentive,,0.000000,0.375000,3.808674,3.208674,0.082375,0.082375,0.082375,0.082375,0.000000,0.082375,0.000000,3.208674,3.208674,3.126299,3.126299,0.000000,horizon_mpc_secbf,4,3.161503,true,osqp,optimal,25,2.507688,0,3.477603,accept,false,-0.000000,-0.000000,-0.000000,-0.000000,,,0.000000,0.000000,4.619937,0.000000
local_crowding,context_bl,Proposed MPC-SECBF,86,8.600,2.200000,-0.350000,-0.000000,-0.000000,-2.990784,-0.366000,2.512000,-0.060000,0.420000,adult,walking,attentive,,0.000000,0.375000,3.843878,3.243878,0.082375,0.082375,0.082375,0.082375,0.000000,0.082375,0.000000,3.243878,3.243878,3.161503,3.161503,0.000000,horizon_mpc_secbf,4,3.196852,true,osqp,optimal,25,2.726866,0,3.514272,accept,false,0.000000,0.000000,-0.000000,-0.000000,,,0.000000,0.000000,4.619937,0.000000
local_crowding,context_bl,Proposed MPC-SECBF,87,8.700,2.200000,-0.350000,-0.000000,-0.000000,-2.990784,-0.372000,2.554000,-0.060000,0.420000,adult,walking,attentive,,0.000000,0.375000,3.879227,3.279227,0.082375,0.082375,0.082375,0.082375,0.000000,0.082375,0.000000,3.279227,3.279227,3.196852,3.196852,0.000000,horizon_mpc_secbf,4,3.232341,true,osqp,optimal,25,3.099257,0,3.551046,accept,false,0.000000,0.000000,-0.000000,-0.000000,,,0.000000,0.000000,4.619937,0.000000
local_crowding,context_bl,Proposed MPC-SECBF,88,8.800,2.200000,-0.350000,-0.000000,-0.000000,-2.990784,-0.378000,2.596000,-0.060000,0.420000,adult,walking,attentive,,0.000000,0.375000,3.914716,3.314716,0.082375,0.082375,0.082375,0.082375,0.000000,0.082375,0.000000,3.314716,3.314716,3.232341,3.232341,0.000000,horizon_mpc_secbf,4,3.267967,true,osqp,optimal,25,2.404148,0,3.587922,accept,false,0.000000,0.000000,0.000000,-0.000000,,,0.000000,0.000000,4.619937,0.000000
local_crowding,context_bl,Proposed MPC-SECBF,89,8.900,2.200000,-0.350000,0.000000,-0.000000,-2.990784,-0.384000,2.638000,-0.060000,0.420000,adult,walking,attentive,,0.000000,0.375000,3.950342,3.350342,0.082375,0.082375,0.082375,0.082375,0.000000,0.082375,0.000000,3.350342,3.350342,3.267967,3.267967,0.000000,horizon_mpc_secbf,4,3.303726,true,osqp,optimal,25,2.272962,0,3.624898,accept,false,0.000000,0.000000,0.000000,-0.000000,,,0.000000,0.000000,4.619937,0.000000
local_crowding,context_bl,Proposed MPC-SECBF,90,9.000,2.200000,-0.350000,0.000000,-0.000000,-2.990784,-0.390000,2.680000,-0.060000,0.420000,adult,walking,attentive,,0.000000,0.375000,3.986101,3.386101,0.082375,0.082375,0.082375,0.082375,0.000000,0.082375,0.000000,3.386101,3.386101,3.303726,3.303726,0.000000,horizon_mpc_secbf,4,3.339615,true,osqp,optimal,25,2.188345,0,3.661971,accept,false,0.000000,0.000000,0.000000,-0.000000,,,0.000000,0.000000,4.619937,0.000000
local_crowding,context_bl,Proposed MPC-SECBF,91,9.100,2.200000,-0.350000,0.000000,-0.000000,-2.990784,-0.396000,2.722000,-0.060000,0.420000,adult,walking,attentive,,0.000000,0.375000,4.021990,3.421990,0.082375,0.082375,0.082375,0.082375,0.000000,0.082375,0.000000,3.421990,3.421990,3.339615,3.339615,0.000000,horizon_mpc_secbf,4,3.375629,true,osqp,optimal,25,2.104665,0,3.699138,accept,false,0.000000,0.000000,0.000000,-0.000000,,,0.000000,0.000000,4.619937,0.000000
local_crowding,context_bl,Proposed MPC-SECBF,92,9.200,2.200000,-0.350000,0.000000,-0.000000,-2.990784,-0.402000,2.764000,-0.060000,0.420000,adult,walking,attentive,,0.000000,0.375000,4.058004,3.458004,0.082375,0.082375,0.082375,0.082375,0.000000,0.082375,0.000000,3.458004,3.458004,3.375629,3.375629,0.000000,horizon_mpc_secbf,4,3.411767,true,osqp,optimal,25,2.807092,0,3.736398,accept,false,0.000000,0.000000,0.000000,-0.000000,,,0.000000,0.000000,4.619937,0.000000
local_crowding,context_bl,Proposed MPC-SECBF,93,9.300,2.200000,-0.350000,0.000000,-0.000000,-2.990784,-0.408000,2.806000,-0.060000,0.420000,adult,walking,attentive,,0.000000,0.375000,4.094142,3.494142,0.082375,0.082375,0.082375,0.082375,0.000000,0.082375,0.000000,3.494142,3.494142,3.411767,3.411767,0.000000,horizon_mpc_secbf,4,3.448024,true,osqp,optimal,25,3.304998,0,3.773748,accept,false,0.000000,0.000000,0.000000,-0.000000,,,0.000000,0.000000,4.619937,0.000000
local_crowding,context_bl,Proposed MPC-SECBF,94,9.400,2.200000,-0.350000,0.000000,-0.000000,-2.990784,-0.414000,2.848000,-0.060000,0.420000,adult,walking,attentive,,0.000000,0.375000,4.130399,3.530399,0.082375,0.082375,0.082375,0.082375,0.000000,0.082375,0.000000,3.530399,3.530399,3.448024,3.448024,0.000000,horizon_mpc_secbf,4,3.484398,true,osqp,optimal,25,2.947586,0,3.811185,accept,false,0.000000,0.000000,0.000000,-0.000000,,,0.000000,0.000000,4.619937,0.000000
local_crowding,context_bl,Proposed MPC-SECBF,95,9.500,2.200000,-0.350000,0.000000,-0.000000,-2.990784,-0.420000,2.890000,-0.060000,0.420000,adult,walking,attentive,,0.000000,0.375000,4.166773,3.566773,0.082375,0.082375,0.082375,0.082375,0.000000,0.082375,0.000000,3.566773,3.566773,3.484398,3.484398,0.000000,horizon_mpc_secbf,4,3.520886,true,osqp,optimal,25,2.530169,0,3.848709,accept,false,0.000000,0.000000,0.000000,-0.000000,,,0.000000,0.000000,4.619937,0.000000
local_crowding,context_bl,Proposed MPC-SECBF,96,9.600,2.200000,-0.350000,0.000000,-0.000000,-2.990784,-0.426000,2.932000,-0.060000,0.420000,adult,walking,attentive,,0.000000,0.375000,4.203261,3.603261,0.082375,0.082375,0.082375,0.082375,0.000000,0.082375,0.000000,3.603261,3.603261,3.520886,3.520886,0.000000,horizon_mpc_secbf,4,3.557483,true,osqp,optimal,25,2.122535,0,3.886316,accept,false,0.000000,0.000000,0.000000,-0.000000,,,0.000000,0.000000,4.619937,0.000000
local_crowding,context_bl,Proposed MPC-SECBF,97,9.700,2.200000,-0.350000,0.000000,-0.000000,-2.990784,-0.432000,2.974000,-0.060000,0.420000,adult,walking,attentive,,0.000000,0.375000,4.239858,3.639858,0.082375,0.082375,0.082375,0.082375,0.000000,0.082375,0.000000,3.639858,3.639858,3.557483,3.557483,0.000000,horizon_mpc_secbf,4,3.594189,true,osqp,optimal,25,2.306559,0,3.924005,accept,false,0.000000,0.000000,0.000000,-0.000000,,,0.000000,0.000000,4.619937,0.000000
local_crowding,context_bl,Proposed MPC-SECBF,98,9.800,2.200000,-0.350000,0.000000,-0.000000,-2.990784,-0.438000,3.016000,-0.060000,0.420000,adult,walking,attentive,,0.000000,0.375000,4.276564,3.676564,0.082375,0.082375,0.082375,0.082375,0.000000,0.082375,0.000000,3.676564,3.676564,3.594189,3.594189,0.000000,horizon_mpc_secbf,4,3.631000,true,osqp,optimal,25,3.254861,0,3.961774,accept,false,0.000000,0.000000,0.000000,-0.000000,,,0.000000,0.000000,4.619937,0.000000
local_crowding,context_bl,Proposed MPC-SECBF,99,9.900,2.200000,-0.350000,0.000000,-0.000000,-2.990784,-0.444000,3.058000,-0.060000,0.420000,adult,walking,attentive,,0.000000,0.375000,4.313375,3.713375,0.082375,0.082375,0.082375,0.082375,0.000000,0.082375,0.000000,3.713375,3.713375,3.631000,3.631000,0.000000,horizon_mpc_secbf,4,3.667912,true,osqp,optimal,25,3.122862,0,3.999620,accept,false,0.000000,0.000000,0.000000,-0.000000,,,0.000000,0.000000,4.619937,0.000000
local_crowding,context_bl,Proposed MPC-SECBF,100,10.000,2.200000,-0.350000,0.000000,-0.000000,-2.990784,-0.450000,3.100000,-0.060000,0.420000,adult,walking,attentive,,0.000000,0.375000,4.350287,3.750287,0.082375,0.082375,0.082375,0.082375,0.000000,0.082375,0.000000,3.750287,3.750287,3.667912,3.667912,0.000000,horizon_mpc_secbf,4,3.704925,true,osqp,optimal,25,2.250171,0,4.037543,accept,false,0.000000,0.000000,0.000000,-0.000000,,,0.000000,0.000000,4.619937,0.000000
local_crowding,context_bl,Proposed MPC-SECBF,101,10.100,2.200000,-0.350000,0.000000,-0.000000,-2.990784,-0.456000,3.142000,-0.060000,0.420000,adult,walking,attentive,,0.000000,0.375000,4.387300,3.787300,0.082375,0.082375,0.082375,0.082375,0.000000,0.082375,0.000000,3.787300,3.787300,3.704925,3.704925,0.000000,horizon_mpc_secbf,4,3.742035,true,osqp,optimal,25,2.792151,0,4.075540,accept,false,0.000000,0.000000,0.000000,-0.000000,,,0.000000,0.000000,4.619937,0.000000
local_crowding,context_bl,Proposed MPC-SECBF,102,10.200,2.200000,-0.350000,0.000000,-0.000000,-2.990784,-0.462000,3.184000,-0.060000,0.420000,adult,walking,attentive,,0.000000,0.375000,4.424410,3.824410,0.082375,0.082375,0.082375,0.082375,0.000000,0.082375,0.000000,3.824410,3.824410,3.742035,3.742035,0.000000,horizon_mpc_secbf,4,3.779239,true,osqp,optimal,25,2.340326,0,4.113610,accept,false,0.000000,0.000000,0.000000,-0.000000,,,0.000000,0.000000,4.619937,0.000000
local_crowding,context_bl,Proposed MPC-SECBF,103,10.300,2.200000,-0.350000,0.000000,-0.000000,-2.990784,-0.468000,3.226000,-0.060000,0.420000,adult,walking,attentive,,0.000000,0.375000,4.461614,3.861614,0.082375,0.082375,0.082375,0.082375,0.000000,0.082375,0.000000,3.861614,3.861614,3.779239,3.779239,0.000000,horizon_mpc_secbf,4,3.816536,true,osqp,optimal,25,2.430104,0,4.151750,accept,false,0.000000,0.000000,0.000000,-0.000000,,,0.000000,0.000000,4.619937,0.000000
local_crowding,context_bl,Proposed MPC-SECBF,104,10.400,2.200000,-0.350000,0.000000,-0.000000,-2.990784,-0.474000,3.268000,-0.060000,0.420000,adult,walking,attentive,,0.000000,0.375000,4.498911,3.898911,0.082375,0.082375,0.082375,0.082375,0.000000,0.082375,0.000000,3.898911,3.898911,3.816536,3.816536,0.000000,horizon_mpc_secbf,4,3.853923,true,osqp,optimal,25,2.613005,0,4.189960,accept,false,0.000000,0.000000,0.000000,-0.000000,,,0.000000,0.000000,4.619937,0.000000
local_crowding,context_bl,Proposed MPC-SECBF,105,10.500,2.200000,-0.350000,0.000000,-0.000000,-2.990784,-0.480000,3.310000,-0.060000,0.420000,adult,walking,attentive,,0.000000,0.375000,4.536298,3.936298,0.082375,0.082375,0.082375,0.082375,0.000000,0.082375,0.000000,3.936298,3.936298,3.853923,3.853923,0.000000,horizon_mpc_secbf,4,3.891398,true,osqp,optimal,25,2.243124,0,4.228237,accept,false,0.000000,0.000000,0.000000,-0.000000,,,0.000000,0.000000,4.619937,0.000000
local_crowding,context_bl,Proposed MPC-SECBF,106,10.600,2.200000,-0.350000,0.000000,-0.000000,-2.990784,-0.486000,3.352000,-0.060000,0.420000,adult,walking,attentive,,0.000000,0.375000,4.573773,3.973773,0.082375,0.082375,0.082375,0.082375,0.000000,0.082375,0.000000,3.973773,3.973773,3.891398,3.891398,0.000000,horizon_mpc_secbf,4,3.928959,true,osqp,optimal,25,2.499026,0,4.266581,accept,false,0.000000,0.000000,0.000000,-0.000000,,,0.000000,0.000000,4.619937,0.000000
local_crowding,context_bl,Proposed MPC-SECBF,107,10.700,2.200000,-0.350000,0.000000,-0.000000,-2.990784,-0.492000,3.394000,-0.060000,0.420000,adult,walking,attentive,,0.000000,0.375000,4.611334,4.011334,0.082375,0.082375,0.082375,0.082375,0.000000,0.082375,0.000000,4.011334,4.011334,3.928959,3.928959,0.000000,horizon_mpc_secbf,4,3.966603,true,osqp,optimal,25,3.154917,0,4.304989,accept,false,0.000000,0.000000,0.000000,-0.000000,,,0.000000,0.000000,4.619937,0.000000
local_crowding,context_bl,Proposed MPC-SECBF,108,10.800,2.200000,-0.350000,0.000000,-0.000000,-2.990784,-0.498000,3.436000,-0.060000,0.420000,adult,walking,attentive,,0.000000,0.375000,4.648978,4.048978,0.082375,0.082375,0.082375,0.082375,0.000000,0.082375,0.000000,4.048978,4.048978,3.966603,3.966603,0.000000,horizon_mpc_secbf,4,4.004330,true,osqp,optimal,25,3.234750,0,4.343460,accept,false,0.000000,0.000000,0.000000,-0.000000,,,0.000000,0.000000,4.619937,0.000000
local_crowding,context_bl,Proposed MPC-SECBF,109,10.900,2.200000,-0.350000,0.000000,-0.000000,-2.990784,-0.504000,3.478000,-0.060000,0.420000,adult,walking,attentive,,0.000000,0.375000,4.686705,4.086705,0.082375,0.082375,0.082375,0.082375,0.000000,0.082375,0.000000,4.086705,4.086705,4.004330,4.004330,0.000000,horizon_mpc_secbf,4,4.042136,true,osqp,optimal,25,3.057356,0,4.381994,accept,false,0.000000,0.000000,0.000000,-0.000000,,,0.000000,0.000000,4.619937,0.000000
local_crowding,context_bl,Proposed MPC-SECBF,110,11.000,2.200000,-0.350000,0.000000,-0.000000,-2.990784,-0.510000,3.520000,-0.060000,0.420000,adult,walking,attentive,,0.000000,0.375000,4.724511,4.124511,0.082375,0.082375,0.082375,0.082375,0.000000,0.082375,0.000000,4.124511,4.124511,4.042136,4.042136,0.000000,horizon_mpc_secbf,4,4.080019,true,osqp,optimal,25,3.034477,0,4.420587,accept,false,0.000000,0.000000,0.000000,-0.000000,,,0.000000,0.000000,4.619937,0.000000
local_crowding,context_bl,Proposed MPC-SECBF,111,11.100,2.200000,-0.350000,0.000000,-0.000000,-2.990784,-0.516000,3.562000,-0.060000,0.420000,adult,walking,attentive,,0.000000,0.375000,4.762394,4.162394,0.082375,0.082375,0.082375,0.082375,0.000000,0.082375,0.000000,4.162394,4.162394,4.080019,4.080019,0.000000,horizon_mpc_secbf,4,4.117979,true,osqp,optimal,25,2.880442,0,4.459240,accept,false,0.000000,0.000000,0.000000,-0.000000,,,0.000000,0.000000,4.619937,0.000000
local_crowding,context_bl,Proposed MPC-SECBF,112,11.200,2.200000,-0.350000,0.000000,-0.000000,-2.990784,-0.522000,3.604000,-0.060000,0.420000,adult,walking,attentive,,0.000000,0.375000,4.800354,4.200354,0.082375,0.082375,0.082375,0.082375,0.000000,0.082375,0.000000,4.200354,4.200354,4.117979,4.117979,0.000000,horizon_mpc_secbf,4,4.156013,true,osqp,optimal,25,2.861266,0,4.497951,accept,false,0.000000,0.000000,0.000000,-0.000000,,,0.000000,0.000000,4.619937,0.000000
local_crowding,context_bl,Proposed MPC-SECBF,113,11.300,2.200000,-0.350000,0.000000,-0.000000,-2.990784,-0.528000,3.646000,-0.060000,0.420000,adult,walking,attentive,,0.000000,0.375000,4.838388,4.238388,0.082375,0.082375,0.082375,0.082375,0.000000,0.082375,0.000000,4.238388,4.238388,4.156013,4.156013,0.000000,horizon_mpc_secbf,4,4.194120,true,osqp,optimal,25,2.927388,0,4.536718,accept,false,0.000000,0.000000,0.000000,-0.000000,,,0.000000,0.000000,4.619937,0.000000
local_crowding,context_bl,Proposed MPC-SECBF,114,11.400,2.200000,-0.350000,0.000000,-0.000000,-2.990784,-0.534000,3.688000,-0.060000,0.420000,adult,walking,attentive,,0.000000,0.375000,4.876495,4.276495,0.082375,0.082375,0.082375,0.082375,0.000000,0.082375,0.000000,4.276495,4.276495,4.194120,4.194120,0.000000,horizon_mpc_secbf,4,4.232297,true,osqp,optimal,25,3.054488,0,4.575541,accept,false,0.000000,0.000000,0.000000,-0.000000,,,0.000000,0.000000,4.619937,0.000000
local_crowding,context_bl,Proposed MPC-SECBF,115,11.500,2.200000,-0.350000,0.000000,-0.000000,-2.990784,-0.540000,3.730000,-0.060000,0.420000,adult,walking,attentive,,0.000000,0.375000,4.914672,4.314672,0.082375,0.082375,0.082375,0.082375,0.000000,0.082375,0.000000,4.314672,4.314672,4.232297,4.232297,0.000000,horizon_mpc_secbf,4,4.270543,true,osqp,optimal,25,3.101715,0,4.614418,accept,false,0.000000,0.000000,0.000000,-0.000000,,,0.000000,0.000000,4.619937,0.000000
local_crowding,context_bl,Proposed MPC-SECBF,116,11.600,2.200000,-0.350000,0.000000,-0.000000,-2.990784,-0.546000,3.772000,-0.060000,0.420000,adult,walking,attentive,,0.000000,0.375000,4.952918,4.352918,0.082375,0.082375,0.082375,0.082375,0.000000,0.082375,0.000000,4.352918,4.352918,4.270543,4.270543,0.000000,horizon_mpc_secbf,4,4.308857,true,osqp,optimal,25,2.986015,0,4.653348,accept,false,0.000000,0.000000,0.000000,-0.000000,,,0.000000,0.000000,4.619937,0.000000
local_crowding,context_bl,Proposed MPC-SECBF,117,11.700,2.200000,-0.350000,0.000000,-0.000000,-2.990784,-0.552000,3.814000,-0.060000,0.420000,adult,walking,attentive,,0.000000,0.375000,4.991232,4.391232,0.082375,0.082375,0.082375,0.082375,0.000000,0.082375,0.000000,4.391232,4.391232,4.308857,4.308857,0.000000,horizon_mpc_secbf,4,4.347237,true,osqp,optimal,25,2.937404,0,4.692330,accept,false,0.000000,0.000000,0.000000,-0.000000,,,0.000000,0.000000,4.619937,0.000000
local_crowding,context_bl,Proposed MPC-SECBF,118,11.800,2.200000,-0.350000,0.000000,-0.000000,-2.990784,-0.558000,3.856000,-0.060000,0.420000,adult,walking,attentive,,0.000000,0.375000,5.029612,4.429612,0.082375,0.082375,0.082375,0.082375,0.000000,0.082375,0.000000,4.429612,4.429612,4.347237,4.347237,0.000000,horizon_mpc_secbf,4,4.385682,true,osqp,optimal,25,3.020267,0,4.731362,accept,false,0.000000,0.000000,0.000000,-0.000000,,,0.000000,0.000000,4.619937,0.000000
local_crowding,context_bl,Proposed MPC-SECBF,119,11.900,2.200000,-0.350000,0.000000,-0.000000,-2.990784,-0.564000,3.898000,-0.060000,0.420000,adult,walking,attentive,,0.000000,0.375000,5.068057,4.468057,0.082375,0.082375,0.082375,0.082375,0.000000,0.082375,0.000000,4.468057,4.468057,4.385682,4.385682,0.000000,horizon_mpc_secbf,4,4.424189,true,osqp,optimal,25,3.155827,0,4.770445,accept,false,0.000000,0.000000,0.000000,-0.000000,,,0.000000,0.000000,4.619937,0.000000
