scenario,context_level,method,step,time,robot_x,robot_y,robot_vx,robot_vy,robot_theta,human_x,human_y,human_vx,human_vy,human_type,motion_state,attention_state,ttc,head_on_factor,crowding_factor,distance,clearance,beta_candidate,beta_final,beta_requested,beta_applied,beta_dynamic,beta_cbf,delta_beta,h_standard,h_ee,h_see,h_cbf,slack,controller_type,horizon_steps,predicted_min_h,solver_success,solver_backend,solver_status,solver_iterations,solve_time_ms,active_constraints,min_cbf_value,guard_status,guard_active,u_ref_x,u_ref_y,cmd_vx,cmd_vy,cmd_v,cmd_omega,speed,command_step,path_length,goal_error
crossing,context_ext,Standard MPC-CBF,0,0.000,-2.000000,-0.250000,0.000000,0.000000,0.000000,0.100000,-1.800000,0.000000,0.580000,pedestrian,walking,unknown,5.835878,1.000000,0.625000,2.610077,2.010077,0.000000,0.000000,0.000000,0.000000,0.000000,0.000000,0.000000,2.010077,2.010077,2.010077,2.010077,0.000000,horizon_mpc_secbf,12,0.908921,true,osqp,optimal,100,5.778338,0,1.165992,geometric,false,0.750000,0.000000,0.621014,0.000002,,,0.621014,0.621014,0.062101,4.000000
crossing,context_ext,Standard MPC-CBF,1,0.100,-1.937899,-0.250000,0.621014,0.000002,0.000004,0.100000,-1.742000,0.000000,0.580000,pedestrian,walking,unknown,2.282434,1.000000,0.625000,2.525687,1.925687,0.000000,0.000000,0.000000,0.000000,0.000000,0.000000,0.000000,1.925687,1.925687,1.925687,1.925687,0.000000,horizon_mpc_secbf,12,0.821235,true,osqp,optimal,100,3.902108,0,0.997193,geometric,false,0.750000,-0.000000,0.726104,-0.000000,,,0.726104,0.105090,0.134712,3.937899
crossing,context_ext,Standard MPC-CBF,2,0.200,-1.865288,-0.250000,0.726104,-0.000000,-0.000000,0.100000,-1.684000,0.000000,0.580000,pedestrian,walking,unknown,1.974128,1.000000,0.625000,2.432841,1.832841,0.000000,0.000000,0.000000,0.000000,0.000000,0.000000,0.000000,1.832841,1.832841,1.832841,1.832841,0.000000,horizon_mpc_secbf,12,0.735539,true,osqp,optimal,125,3.835406,0,0.896750,geometric,false,0.750000,-0.000000,0.735587,0.000001,,,0.735587,0.009483,0.208270,3.865288
crossing,context_ext,Standard MPC-CBF,3,0.300,-1.791730,-0.250000,0.735587,0.000001,0.000002,0.100000,-1.626000,0.000000,0.580000,pedestrian,walking,unknown,1.858082,1.000000,0.625000,2.339234,1.739234,0.000000,0.000000,0.000000,0.000000,0.000000,0.000000,0.000000,1.739234,1.739234,1.739234,1.739234,0.000000,horizon_mpc_secbf,12,0.651645,true,osqp,optimal,125,4.140904,0,0.803198,geometric,false,0.750000,-0.000000,0.735587,0.000003,,,0.735587,0.000002,0.281829,3.791730
crossing,context_ext,Standard MPC-CBF,4,0.400,-1.718171,-0.249999,0.735587,0.000003,0.000004,0.100000,-1.568000,0.000000,0.580000,pedestrian,walking,unknown,1.758200,1.000000,0.625000,2.245634,1.645634,0.000000,0.000000,0.000000,0.000000,0.000000,0.000000,0.000000,1.645634,1.645634,1.645634,1.645634,0.000000,horizon_mpc_secbf,12,0.569982,true,osqp,optimal,125,4.340397,0,0.709662,geometric,false,0.750000,-0.000000,0.735587,0.000011,,,0.735587,0.000008,0.355388,3.718171
crossing,context_ext,Standard MPC-CBF,5,0.500,-1.644612,-0.249998,0.735587,0.000011,0.000014,0.100000,-1.510000,0.000000,0.580000,pedestrian,walking,unknown,1.658333,1.000000,0.625000,2.152040,1.552040,0.000000,0.000000,0.000000,0.000000,0.000000,0.000000,0.000000,1.552040,1.552040,1.552040,1.552040,0.000000,horizon_mpc_secbf,12,0.490494,true,osqp,optimal,125,4.067509,0,0.616163,geometric,false,0.750000,-0.000000,0.735587,0.000056,,,0.735587,0.000045,0.428947,3.644612
crossing,context_ext,Standard MPC-CBF,6,0.600,-1.571053,-0.249993,0.735587,0.000056,0.000076,0.100000,-1.452000,0.000000,0.580000,pedestrian,walking,unknown,1.558513,1.000000,0.625000,2.058456,1.458456,0.000000,0.000000,0.000000,0.000000,0.000000,0.000000,0.000000,1.458456,1.458456,1.458456,1.458456,0.000000,horizon_mpc_secbf,12,0.413200,true,osqp,optimal,125,3.759332,0,0.522807,geometric,false,0.750000,-0.000002,0.735588,0.000315,,,0.735588,0.000260,0.502505,3.571053
crossing,context_ext,Standard MPC-CBF,7,0.700,-1.497495,-0.249961,0.735588,0.000315,0.000429,0.100000,-1.394000,0.000000,0.580000,pedestrian,walking,unknown,1.458906,1.000000,0.625000,1.964895,1.364895,0.000000,0.000000,0.000000,0.000000,0.000000,0.000000,0.000000,1.364895,1.364895,1.364895,1.364895,0.000000,horizon_mpc_secbf,12,0.338147,true,osqp,optimal,100,4.358127,0,0.430185,geometric,false,0.750000,-0.000008,0.735601,0.001794,,,0.735603,0.001479,0.576066,3.497495
crossing,context_ext,Standard MPC-CBF,8,0.800,-1.423935,-0.249782,0.735601,0.001794,0.002439,0.100000,-1.336000,0.000000,0.580000,pedestrian,walking,unknown,1.360378,1.000000,0.625000,1.871429,1.271429,0.000000,0.000000,0.000000,0.000000,0.000000,0.000000,0.000000,1.271429,1.271429,1.271429,1.271429,0.000000,horizon_mpc_secbf,12,0.265396,true,osqp,optimal,100,4.399092,0,0.341664,geometric,false,0.750000,-0.000048,0.735595,0.010141,,,0.735665,0.008347,0.649632,3.423935
crossing,context_ext,Standard MPC-CBF,9,0.900,-1.350375,-0.248768,0.735595,0.010141,0.013786,0.100000,-1.278000,0.000000,0.580000,pedestrian,walking,unknown,1.267586,1.000000,0.625000,1.778456,1.178456,0.000000,0.000000,0.000000,0.000000,0.000000,0.000000,0.000000,1.178456,1.178456,1.178456,1.178456,0.000000,horizon_mpc_secbf,12,0.194846,true,osqp,optimal,100,3.941723,0,0.261849,geometric,false,0.750000,-0.000276,0.735589,0.032732,,,0.736317,0.022591,0.723264,3.350375
crossing,context_ext,Standard MPC-CBF,10,1.000,-1.276816,-0.245494,0.735589,0.032732,0.044468,0.100000,-1.220000,0.000000,0.580000,cyclist,crossing,distracted,1.185707,1.000000,0.625000,1.686797,1.086797,0.000000,0.000000,0.000000,0.000000,0.000000,0.000000,0.000000,1.086797,1.086797,1.086797,1.086797,0.000000,horizon_mpc_secbf,12,0.126127,true,osqp,optimal,100,3.747190,0,0.184198,geometric,false,0.749999,-0.001031,0.735586,0.056929,,,0.737785,0.024198,0.797042,3.276819
crossing,context_ext,Standard MPC-CBF,11,1.100,-1.203258,-0.239801,0.735586,0.056929,0.077239,0.100000,-1.162000,0.000000,0.580000,cyclist,crossing,distracted,1.104075,1.000000,0.625000,1.596537,0.996537,0.000000,0.000000,0.000000,0.000000,0.000000,0.000000,0.000000,0.996537,0.996537,0.996537,0.996537,0.000000,horizon_mpc_secbf,12,0.059262,true,osqp,optimal,100,4.598760,0,0.107512,geometric,false,0.749996,-0.002388,0.735586,0.080429,,,0.739970,0.023500,0.871039,3.203274
crossing,context_ext,Standard MPC-CBF,12,1.200,-1.129699,-0.231759,0.735586,0.080429,0.108908,0.100000,-1.104000,0.000000,0.580000,cyclist,crossing,distracted,1.020956,1.000000,0.625000,1.507635,0.907635,0.000000,0.000000,0.000000,0.000000,0.000000,0.000000,0.000000,0.907635,0.907635,0.907635,0.907635,0.000005,horizon_mpc_secbf,12,0.000068,true,osqp,optimal,75,3.947680,0,0.033576,geometric,false,0.749987,-0.004371,0.735597,0.106268,,,0.743233,0.025839,0.945363,3.129752
crossing,context_ext,Standard MPC-CBF,13,1.300,-1.056139,-0.221132,0.735597,0.106268,0.143472,0.100000,-1.046000,0.000000,0.580000,cyclist,crossing,distracted,0.938533,1.000000,0.625000,1.420234,0.820234,0.000000,0.000000,0.000000,0.000000,0.000000,0.000000,0.000000,0.820234,0.820234,0.820234,0.820234,0.000060,horizon_mpc_secbf,12,-0.000060,true,osqp,optimal,50,3.723574,0,0.001798,geometric,false,0.749967,-0.007084,0.708991,0.164462,,,0.727816,0.063988,1.018144,3.056276
crossing,context_ext,Standard MPC-CBF,14,1.400,-0.985240,-0.204686,0.708991,0.164462,0.227935,0.100000,-0.988000,0.000000,0.580000,cyclist,crossing,distracted,0.902607,1.000000,0.625000,1.338405,0.738405,0.000000,0.000000,0.000000,0.000000,0.000000,0.000000,0.000000,0.738405,0.738405,0.738405,0.738405,0.000107,horizon_mpc_secbf,12,-0.000103,true,osqp,optimal,50,4.514002,0,-0.024947,geometric,false,0.749914,-0.011383,0.684732,0.224181,,,0.720497,0.064458,1.090194,2.985584
crossing,context_ext,Standard MPC-CBF,15,1.500,-0.916767,-0.182267,0.684732,0.224181,0.316401,0.100000,-0.930000,0.000000,0.580000,cyclist,crossing,distracted,0.868419,1.000000,0.625000,1.262109,0.662109,0.000000,0.000000,0.000000,0.000000,0.000000,0.000000,0.000000,0.662109,0.662109,0.662109,0.662109,0.000152,horizon_mpc_secbf,12,0.000063,true,osqp,optimal,50,4.458174,0,-0.052910,geometric,false,0.749798,-0.017412,0.669811,0.283662,,,0.727400,0.061324,1.162934,2.917553
crossing,context_ext,Standard MPC-CBF,16,1.600,-0.849786,-0.153901,0.669811,0.283662,0.400596,0.100000,-0.872000,0.000000,0.580000,cyclist,crossing,distracted,0.828457,1.000000,0.625000,1.190697,0.590697,0.000000,0.000000,0.000000,0.000000,0.000000,0.000000,0.000000,0.590697,0.590697,0.590697,0.590697,0.000201,horizon_mpc_secbf,12,0.002053,true,osqp,optimal,75,3.645039,0,-0.074703,geometric,false,0.749574,-0.025277,0.654517,0.342042,,,0.738502,0.060350,1.236784,2.851406
crossing,context_ext,Standard MPC-CBF,17,1.700,-0.784334,-0.119697,0.654517,0.342042,0.481554,0.100000,-0.814000,0.000000,0.580000,cyclist,crossing,distracted,0.792323,1.000000,0.625000,1.124324,0.524324,0.000000,0.000000,0.000000,0.000000,0.000000,0.000000,0.000000,0.524324,0.524324,0.524324,0.524324,0.000274,horizon_mpc_secbf,12,0.010205,true,osqp,optimal,275,4.719188,0,-0.077997,geometric,false,0.749180,-0.035061,0.628540,0.404757,,,0.747590,0.067882,1.311543,2.787381
crossing,context_ext,Standard MPC-CBF,18,1.800,-0.721480,-0.079221,0.628540,0.404757,0.572120,0.100000,-0.756000,0.000000,0.580000,cyclist,crossing,distracted,0.778417,1.000000,0.625000,1.064358,0.464358,0.000000,0.000000,0.000000,0.000000,0.000000,0.000000,0.000000,0.464358,0.464358,0.464358,0.464358,0.000404,horizon_mpc_secbf,12,0.033390,true,osqp,optimal,50,4.117877,0,-0.089029,geometric,false,0.748528,-0.046972,0.601329,0.438961,,,0.744502,0.043708,1.385993,2.726833
crossing,context_ext,Standard MPC-CBF,19,1.900,-0.661347,-0.035325,0.601329,0.438961,0.630568,0.100000,-0.698000,0.000000,0.580000,cyclist,crossing,distracted,0.749483,1.000000,0.625000,1.009350,0.409350,0.000000,0.000000,0.000000,0.000000,0.000000,0.000000,0.000000,0.409350,0.409350,0.409350,0.409350,0.000685,horizon_mpc_secbf,12,0.089514,true,osqp,optimal,350,6.508195,0,-0.055325,geometric,false,0.747572,-0.060302,0.544041,0.496238,,,0.736365,0.081010,1.459630,2.669991
crossing,context_ext,Standard MPC-CBF,20,2.000,-0.606943,0.014299,0.544041,0.496238,0.739479,0.100000,-0.640000,0.000000,0.580000,cyclist,crossing,distracted,0.796333,1.000000,0.625000,0.963263,0.363263,0.000000,0.000000,0.000000,0.000000,0.000000,0.000000,0.000000,0.363263,0.363263,0.363263,0.363263,0.035147,horizon_mpc_secbf,12,0.136298,true,osqp,optimal,7425,41.710052,0,0.122226,geometric,false,0.746175,-0.075649,0.416677,0.623603,,,0.750000,0.180120,1.534630,2.620307
crossing,context_ext,Standard MPC-CBF,21,2.100,-0.565275,0.076659,0.416677,0.623603,0.981749,0.100000,-0.582000,0.000000,0.580000,cyclist,crossing,distracted,1.266546,1.000000,0.625000,0.936175,0.336175,0.000000,0.000000,0.000000,0.000000,0.000000,0.000000,0.000000,0.336175,0.336175,0.336175,0.336175,0.088587,horizon_mpc_secbf,12,0.129939,true,osqp,optimal,7025,41.849624,0,0.159338,geometric,false,0.743992,-0.094739,0.416675,0.623604,,,0.750000,0.000002,1.609630,2.585990
crossing,context_ext,Standard MPC-CBF,22,2.200,-0.523608,0.139019,0.416675,0.623604,0.981752,0.100000,-0.524000,0.000000,0.580000,cyclist,crossing,distracted,1.222683,1.000000,0.625000,0.910210,0.310210,0.000000,0.000000,0.000000,0.000000,0.000000,0.000000,0.000000,0.310210,0.310210,0.310210,0.310210,0.138706,horizon_mpc_secbf,12,0.125943,true,osqp,optimal,6800,40.858299,0,0.195202,geometric,false,0.741245,-0.114264,0.416676,0.623603,,,0.750000,0.000002,1.684630,2.553416
crossing,context_ext,Standard MPC-CBF,23,2.300,-0.481940,0.201380,0.416676,0.623603,0.981750,0.100000,-0.466000,0.000000,0.580000,cyclist,crossing,distracted,1.184597,1.000000,0.625000,0.885466,0.285466,0.000000,0.000000,0.000000,0.000000,0.000000,0.000000,0.000000,0.285466,0.285466,0.285466,0.285466,0.181061,horizon_mpc_secbf,12,0.101687,true,osqp,optimal,2200,13.987161,0,0.225543,geometric,false,0.737896,-0.134198,0.416678,0.623602,,,0.750000,0.000002,1.759630,2.522652
crossing,context_ext,Standard MPC-CBF,24,2.400,-0.440273,0.263740,0.416678,0.623602,0.981747,0.100000,-0.408000,0.000000,0.580000,cyclist,crossing,distracted,1.153544,1.000000,0.625000,0.862049,0.262049,0.000000,0.000000,0.000000,0.000000,0.000000,0.000000,0.000000,0.262049,0.262049,0.262049,0.262049,0.185542,horizon_mpc_secbf,12,-0.003263,true,osqp,optimal,3225,19.211027,0,0.070193,geometric,false,0.733912,-0.154507,0.523531,0.516751,,,0.735606,0.151111,1.833190,2.493764
crossing,context_ext,Standard MPC-CBF,25,2.500,-0.387919,0.315415,0.523531,0.516751,0.778881,0.100000,-0.350000,0.000000,0.580000,cyclist,crossing,distracted,0.624356,1.000000,0.625000,0.825132,0.225132,0.000000,0.000000,0.000000,0.000000,0.000000,0.000000,0.000000,0.225132,0.225132,0.225132,0.225132,0.170563,horizon_mpc_secbf,12,-0.050121,true,osqp,optimal,3925,23.061277,0,-0.055228,geometric,false,0.729820,-0.172808,0.588163,0.452118,,,0.741854,0.091404,1.907376,2.453946
crossing,context_ext,Standard MPC-CBF,26,2.600,-0.329103,0.360627,0.588163,0.452118,0.655359,0.100000,-0.292000,0.000000,0.580000,cyclist,crossing,distracted,0.421081,1.000000,0.625000,0.781058,0.181058,0.000000,0.000000,0.000000,0.000000,0.000000,0.000000,0.000000,0.181058,0.181058,0.181058,0.181058,0.148698,horizon_mpc_secbf,12,-0.071154,true,osqp,optimal,5600,30.633378,0,-0.148906,geometric,false,0.725482,-0.190201,0.623312,0.416970,,,0.749921,0.049707,1.982368,2.407818
crossing,context_ext,Standard MPC-CBF,27,2.700,-0.266772,0.402324,0.623312,0.416970,0.589588,0.100000,-0.234000,0.000000,0.580000,cyclist,crossing,distracted,0.297137,1.000000,0.625000,0.734459,0.134459,0.000000,0.000000,0.000000,0.000000,0.000000,0.000000,0.000000,0.134459,0.134459,0.134459,0.134459,0.142200,horizon_mpc_secbf,12,-0.079684,true,osqp,optimal,12750,60.801970,0,-0.176234,geometric,false,0.720749,-0.207415,0.623591,0.416693,,,0.749999,0.000393,2.057368,2.358767
crossing,context_ext,Standard MPC-CBF,28,2.800,-0.204413,0.443993,0.623591,0.416693,0.589074,0.100000,-0.176000,0.000000,0.580000,cyclist,crossing,distracted,0.215207,1.000000,0.625000,0.690694,0.090694,0.000000,0.000000,0.000000,0.000000,0.000000,0.000000,0.000000,0.090694,0.090694,0.090694,0.090694,0.134906,horizon_mpc_secbf,12,-0.079679,true,osqp,optimal,7275,37.572453,0,-0.195808,geometric,false,0.715386,-0.225218,0.623579,0.416710,,,0.749998,0.000021,2.132368,2.311074
crossing,context_ext,Standard MPC-CBF,29,2.900,-0.142055,0.485664,0.623579,0.416710,0.589102,0.100000,-0.118000,0.000000,0.580000,cyclist,crossing,distracted,0.131335,1.000000,0.625000,0.650385,0.050385,0.000000,0.000000,0.000000,0.000000,0.000000,0.000000,0.000000,0.050385,0.050385,0.050385,0.050385,0.126917,horizon_mpc_secbf,12,-0.079673,true,osqp,optimal,8275,41.360173,0,-0.206306,geometric,false,0.709333,-0.243612,0.623559,0.416735,,,0.749996,0.000032,2.207367,2.264862
crossing,context_ext,Standard MPC-CBF,30,3.000,-0.079699,0.527338,0.623559,0.416735,0.589144,0.100000,-0.060000,0.000000,0.580000,cyclist,crossing,distracted,0.041980,1.000000,0.625000,0.614213,0.014213,0.000000,0.000000,0.000000,0.000000,0.000000,0.000000,0.000000,0.014213,0.014213,0.014213,0.014213,0.113333,horizon_mpc_secbf,12,-0.077270,true,osqp,optimal,5125,30.069938,0,-0.209708,geometric,false,0.702530,-0.262587,0.622504,0.417773,,,0.749697,0.001480,2.282337,2.220226
crossing,context_ext,Standard MPC-CBF,31,3.100,-0.017449,0.569115,0.622504,0.417773,0.591078,0.100000,-0.002000,0.000000,0.580000,cyclist,crossing,distracted,0.000000,1.000000,0.625000,0.583066,-0.016934,0.000000,0.000000,0.000000,0.000000,0.000000,0.000000,0.000000,-0.016934,-0.016934,-0.016934,-0.016934,0.106704,horizon_mpc_secbf,12,-0.072131,true,osqp,optimal,2700,20.665976,0,-0.112039,geometric,false,0.694907,-0.282143,0.552661,0.487622,,,0.737027,0.098777,2.356040,2.177395
crossing,context_ext,Standard MPC-CBF,32,3.200,0.037817,0.617877,0.552661,0.487622,0.722959,0.100000,0.056000,0.000000,0.580000,cyclist,crossing,distracted,0.000000,1.000000,0.625000,0.565308,-0.034692,0.000000,0.000000,0.000000,0.000000,0.000000,0.000000,0.000000,-0.034692,-0.034692,-0.034692,-0.034692,0.095576,horizon_mpc_secbf,12,-0.064240,true,osqp,optimal,2125,13.141553,0,-0.053805,geometric,false,0.685903,-0.303376,0.518311,0.521972,,,0.735596,0.048578,2.429599,2.145547
crossing,context_ext,Standard MPC-CBF,33,3.300,0.089648,0.670074,0.518311,0.521972,0.788918,0.100000,0.114000,0.000000,0.580000,cyclist,crossing,distracted,0.000000,1.000000,0.625000,0.556171,-0.043829,0.000000,0.000000,0.000000,0.000000,0.000000,0.000000,0.000000,-0.043829,-0.043829,-0.043829,-0.043829,0.075004,horizon_mpc_secbf,12,-0.055852,true,osqp,optimal,2450,14.837298,0,-0.028431,geometric,false,0.675713,-0.325441,0.510397,0.529885,,,0.735720,0.011191,2.503171,2.120373
crossing,context_ext,Standard MPC-CBF,34,3.400,0.140688,0.723063,0.510397,0.529885,0.804130,0.100000,0.172000,0.000000,0.580000,cyclist,crossing,distracted,0.000000,1.000000,0.625000,0.552563,-0.047437,0.000000,0.000000,0.000000,0.000000,0.000000,0.000000,0.000000,-0.047437,-0.047437,-0.047437,-0.047437,0.057074,horizon_mpc_secbf,12,-0.047355,true,osqp,optimal,1925,12.497074,0,0.010355,geometric,false,0.664500,-0.347763,0.496199,0.544083,,,0.736369,0.020079,2.576808,2.098545
crossing,context_ext,Standard MPC-CBF,35,3.500,0.190308,0.777471,0.496199,0.544083,0.831395,0.100000,0.230000,0.000000,0.580000,cyclist,crossing,distracted,,0.000000,0.625000,0.554870,-0.045130,0.000000,0.000000,0.000000,0.000000,0.000000,0.000000,0.000000,-0.045130,-0.045130,-0.045130,-0.045130,0.040071,horizon_mpc_secbf,12,-0.035659,true,osqp,optimal,1725,11.277380,0,0.071541,geometric,false,0.652210,-0.370299,0.458234,0.582048,,,0.740782,0.053691,2.650886,2.081029
crossing,context_ext,Standard MPC-CBF,36,3.600,0.236131,0.835676,0.458234,0.582048,0.903861,0.100000,0.288000,0.000000,0.580000,cyclist,crossing,distracted,,0.000000,0.625000,0.564341,-0.035659,0.000000,0.000000,0.000000,0.000000,0.000000,0.000000,0.000000,-0.035659,-0.035659,-0.035659,-0.035659,0.022965,horizon_mpc_secbf,12,-0.020038,true,osqp,optimal,5050,26.051517,0,0.130129,geometric,false,0.638708,-0.393130,0.416684,0.623598,,,0.750000,0.058760,2.725886,2.071213
crossing,context_ext,Standard MPC-CBF,37,3.700,0.277800,0.898036,0.416684,0.623598,0.981737,0.100000,0.346000,0.000000,0.580000,cyclist,crossing,distracted,,0.000000,0.625000,0.579962,-0.020038,0.000000,0.000000,0.000000,0.000000,0.000000,0.000000,0.000000,-0.020038,-0.020038,-0.020038,-0.020038,0.005172,horizon_mpc_secbf,12,-0.001883,true,osqp,optimal,2175,13.784340,0,0.154385,geometric,false,0.624054,-0.416001,0.416658,0.623616,,,0.750000,0.000032,2.800886,2.069773
crossing,context_ext,Standard MPC-CBF,38,3.800,0.319466,0.960397,0.416658,0.623616,0.981780,0.100000,0.404000,0.000000,0.580000,cyclist,crossing,distracted,,0.000000,0.625000,0.598116,-0.001884,0.000000,0.000000,0.000000,0.000000,0.000000,0.000000,0.000000,-0.001884,-0.001884,-0.001884,-0.001884,0.000359,horizon_mpc_secbf,12,0.000254,true,osqp,optimal,275,4.618848,0,-0.025653,geometric,false,0.608580,-0.438327,0.677377,0.286878,,,0.735621,0.425872,2.874449,2.071052
crossing,context_ext,Standard MPC-CBF,39,3.900,0.387203,0.989085,0.677377,0.286878,0.400610,0.100000,0.462000,0.000000,0.580000,cyclist,crossing,distracted,,0.000000,0.625000,0.600254,0.000254,0.000000,0.000000,0.000000,0.000000,0.000000,0.000000,0.000000,0.000254,0.000254,0.000254,0.000254,0.000252,horizon_mpc_secbf,12,-0.000031,true,osqp,optimal,150,5.705037,0,-0.066357,geometric,false,0.594740,-0.456929,0.735591,0.103039,,,0.742772,0.192835,2.948726,2.033825
crossing,context_ext,Standard MPC-CBF,40,4.000,0.460762,0.999389,0.735591,0.103039,0.139171,0.100000,0.520000,0.000000,0.580000,cyclist,crossing,distracted,,0.000000,0.625000,0.599969,-0.000031,0.000000,0.000000,0.000000,0.000000,0.000000,0.000000,0.000000,-0.000031,-0.000031,-0.000031,-0.000031,0.000131,horizon_mpc_secbf,12,-0.000084,true,osqp,optimal,150,4.929663,1,-0.081337,geometric,false,0.582315,-0.472661,0.735595,-0.075491,,,0.739459,0.178530,3.022672,1.982480
crossing,context_ext,Standard MPC-CBF,41,4.100,0.534322,0.991840,0.735595,-0.075491,-0.102268,0.100000,0.578000,0.000000,0.580000,cyclist,crossing,distracted,,0.000000,0.625000,0.599916,-0.000084,0.000000,0.000000,0.000000,0.000000,0.000000,0.000000,0.000000,-0.000084,-0.000084,-0.000084,-0.000084,0.000000,horizon_mpc_secbf,12,0.008566,true,osqp,optimal,125,4.952236,1,-0.004716,geometric,false,0.572222,-0.484832,0.720459,-0.182832,,,0.743296,0.108403,3.097001,1.921036
crossing,context_ext,Standard MPC-CBF,42,4.200,0.606368,0.973557,0.720459,-0.182832,-0.248525,0.100000,0.636000,0.000000,0.580000,cyclist,crossing,distracted,,0.000000,0.625000,0.608566,0.008566,0.000000,0.000000,0.000000,0.000000,0.000000,0.000000,0.000000,0.008566,0.008566,0.008566,0.008566,0.000000,horizon_mpc_secbf,12,0.032139,true,osqp,optimal,175,6.151232,0,0.155837,geometric,false,0.563604,-0.494823,0.707063,-0.215154,,,0.739073,0.034989,3.170909,1.854535
crossing,context_ext,Standard MPC-CBF,43,4.300,0.677074,0.952041,0.707063,-0.215154,-0.295391,0.100000,0.694000,0.000000,0.580000,cyclist,crossing,distracted,,0.000000,0.625000,0.632139,0.032139,0.000000,0.000000,0.000000,0.000000,0.000000,0.000000,0.000000,0.032139,0.032139,0.032139,0.032139,0.000000,horizon_mpc_secbf,12,0.070377,true,osqp,optimal,225,5.331203,0,0.334613,geometric,false,0.555084,-0.504362,0.697364,-0.238571,,,0.737043,0.025345,3.244613,1.787466
crossing,context_ext,Standard MPC-CBF,44,4.400,0.746811,0.928184,0.697364,-0.238571,-0.329623,0.100000,0.752000,0.000000,0.580000,cyclist,crossing,distracted,,0.000000,0.625000,0.670377,0.070377,0.000000,0.000000,0.000000,0.000000,0.000000,0.000000,0.000000,0.070377,0.070377,0.070377,0.070377,0.000000,horizon_mpc_secbf,12,0.121426,true,osqp,optimal,150,4.881536,0,0.512094,geometric,false,0.546430,-0.513726,0.687366,-0.262746,,,0.735871,0.026161,3.318200,1.720059
crossing,context_ext,Standard MPC-CBF,45,4.500,0.815547,0.901910,0.687366,-0.262746,-0.365112,0.100000,0.810000,0.000000,0.580000,cyclist,crossing,distracted,,0.000000,0.625000,0.721426,0.121426,0.000000,0.000000,0.000000,0.000000,0.000000,0.000000,0.000000,0.121426,0.121426,0.121426,0.121426,0.000000,horizon_mpc_secbf,12,0.183213,true,osqp,optimal,150,5.762619,0,0.681700,geometric,false,0.537665,-0.522892,0.676495,-0.288983,,,0.735634,0.028400,3.391763,1.652218
crossing,context_ext,Standard MPC-CBF,46,4.600,0.883197,0.873011,0.676495,-0.288983,-0.403712,0.100000,0.868000,0.000000,0.580000,cyclist,crossing,distracted,,0.000000,0.625000,0.783213,0.183213,0.000000,0.000000,0.000000,0.000000,0.000000,0.000000,0.000000,0.183213,0.183213,0.183213,0.183213,0.000000,horizon_mpc_secbf,12,0.253892,true,osqp,optimal,125,5.080811,0,0.842298,geometric,false,0.528858,-0.531798,0.664840,-0.317148,,,0.736610,0.030482,3.465424,1.583794
crossing,context_ext,Standard MPC-CBF,47,4.700,0.949681,0.841297,0.664840,-0.317148,-0.445103,0.100000,0.926000,0.000000,0.580000,cyclist,crossing,distracted,,0.000000,0.625000,0.853892,0.253892,0.000000,0.000000,0.000000,0.000000,0.000000,0.000000,0.000000,0.253892,0.253892,0.253892,0.253892,0.000000,horizon_mpc_secbf,12,0.331969,true,osqp,optimal,150,5.187309,0,0.995125,geometric,false,0.520088,-0.540378,0.652508,-0.346871,,,0.738977,0.032180,3.539322,1.514628
crossing,context_ext,Standard MPC-CBF,48,4.800,1.014931,0.806609,0.652508,-0.346871,-0.488605,0.100000,0.984000,0.000000,0.580000,cyclist,crossing,distracted,,0.000000,0.625000,0.931969,0.331969,0.000000,0.000000,0.000000,0.000000,0.000000,0.000000,0.000000,0.331969,0.331969,0.331969,0.331969,0.000000,horizon_mpc_secbf,12,0.416302,true,osqp,optimal,150,5.971660,0,1.142275,geometric,false,0.511433,-0.548576,0.639689,-0.377820,,,0.742934,0.033498,3.613615,1.444570
crossing,context_ext,Standard MPC-CBF,49,4.900,1.078900,0.768827,0.639689,-0.377820,-0.533502,0.100000,1.042000,0.000000,0.580000,cyclist,crossing,distracted,,0.000000,0.625000,1.016302,0.416302,0.000000,0.000000,0.000000,0.000000,0.000000,0.000000,0.000000,0.416302,0.416302,0.416302,0.416302,0.000000,horizon_mpc_secbf,12,0.505990,true,osqp,optimal,150,5.002197,0,1.285317,geometric,false,0.502976,-0.556341,0.626129,-0.409350,,,0.748068,0.034322,3.688422,1.373475
crossing,context_ext,Standard MPC-CBF,50,5.000,1.141513,0.727892,0.626129,-0.409350,-0.579027,0.100000,1.100000,0.000000,0.580000,cyclist,crossing,distracted,,0.000000,0.625000,1.105990,0.505990,0.000000,0.000000,0.000000,0.000000,0.000000,0.000000,0.000000,0.505990,0.505990,0.505990,0.505990,0.000000,horizon_mpc_secbf,12,0.599421,true,osqp,optimal,175,5.743989,0,1.416575,geometric,false,0.494802,-0.563623,0.603786,-0.436498,,,0.745042,0.035160,3.762926,1.301258
crossing,context_ext,Standard MPC-CBF,51,5.100,1.201892,0.684243,0.603786,-0.436498,-0.625954,0.100000,1.158000,0.000000,0.580000,cyclist,crossing,distracted,,0.000000,0.625000,1.199421,0.599421,0.000000,0.000000,0.000000,0.000000,0.000000,0.000000,0.000000,0.599421,0.599421,0.599421,0.599421,0.000000,horizon_mpc_secbf,12,0.695759,true,osqp,optimal,200,6.285431,0,1.542286,geometric,false,0.487153,-0.570247,0.578338,-0.461939,,,0.740177,0.035983,3.836944,1.228733
crossing,context_ext,Standard MPC-CBF,52,5.200,1.259726,0.638049,0.578338,-0.461939,-0.673969,0.100000,1.216000,0.000000,0.580000,cyclist,crossing,distracted,,0.000000,0.625000,1.295759,0.695759,0.000000,0.000000,0.000000,0.000000,0.000000,0.000000,0.000000,0.695759,0.695759,0.695759,0.695759,0.000000,horizon_mpc_secbf,12,0.794649,true,osqp,optimal,200,5.091833,0,1.666631,geometric,false,0.480228,-0.576091,0.552750,-0.487525,,,0.737030,0.036186,3.910647,1.156130
crossing,context_ext,Standard MPC-CBF,53,5.300,1.315001,0.589296,0.552750,-0.487525,-0.722780,0.100000,1.274000,0.000000,0.580000,cyclist,crossing,distracted,,0.000000,0.625000,1.394649,0.794649,0.000000,0.000000,0.000000,0.000000,0.000000,0.000000,0.000000,0.794649,0.794649,0.794649,0.794649,0.000000,horizon_mpc_secbf,12,0.895858,true,osqp,optimal,150,5.691688,0,1.790665,geometric,false,0.474224,-0.581044,0.527382,-0.512915,,,0.735672,0.035891,3.984214,1.083348
crossing,context_ext,Standard MPC-CBF,54,5.400,1.367739,0.538005,0.527382,-0.512915,-0.771492,0.100000,1.332000,0.000000,0.580000,cyclist,crossing,distracted,,0.000000,0.625000,1.495858,0.895858,0.000000,0.000000,0.000000,0.000000,0.000000,0.000000,0.000000,0.895858,0.895858,0.895858,0.895858,0.000000,horizon_mpc_secbf,12,0.999228,true,osqp,optimal,175,6.115341,0,1.915082,geometric,false,0.469362,-0.584978,0.502617,-0.537674,,,0.736014,0.035019,4.057816,1.010300
crossing,context_ext,Standard MPC-CBF,55,5.500,1.418001,0.484237,0.502617,-0.537674,-0.819085,0.100000,1.390000,0.000000,0.580000,cyclist,crossing,distracted,,0.000000,0.625000,1.599228,0.999228,0.000000,0.000000,0.000000,0.000000,0.000000,0.000000,0.000000,0.999228,0.999228,0.999228,0.999228,0.000000,horizon_mpc_secbf,12,1.104667,true,osqp,optimal,175,6.047311,0,2.040492,geometric,false,0.465885,-0.587751,0.479375,-0.560919,,,0.737855,0.032872,4.131601,0.936925
crossing,context_ext,Standard MPC-CBF,56,5.600,1.465938,0.428145,0.479375,-0.560919,-0.863625,0.100000,1.448000,0.000000,0.580000,cyclist,crossing,distracted,,0.000000,0.625000,1.704667,1.104667,0.000000,0.000000,0.000000,0.000000,0.000000,0.000000,0.000000,1.104667,1.104667,1.104667,1.104667,0.000000,horizon_mpc_secbf,12,1.212146,true,osqp,optimal,150,5.208010,0,2.167701,geometric,false,0.464028,-0.589218,0.461300,-0.579001,,,0.740297,0.025566,4.205631,0.863194
crossing,context_ext,Standard MPC-CBF,57,5.700,1.512068,0.370245,0.461300,-0.579001,-0.898060,0.100000,1.506000,0.000000,0.580000,cyclist,crossing,distracted,,0.000000,0.625000,1.812146,1.212146,0.000000,0.000000,0.000000,0.000000,0.000000,0.000000,0.000000,1.212146,1.212146,1.212146,1.212146,0.000000,horizon_mpc_secbf,12,1.321677,true,osqp,optimal,150,5.972296,0,2.297486,geometric,false,0.463717,-0.589463,0.457963,-0.582329,,,0.740835,0.004713,4.279715,0.789165
crossing,context_ext,Standard MPC-CBF,58,5.800,1.557864,0.312012,0.457963,-0.582329,-0.904383,0.100000,1.564000,0.000000,0.580000,cyclist,crossing,distracted,,0.000000,0.625000,1.921677,1.321677,0.000000,0.000000,0.000000,0.000000,0.000000,0.000000,0.000000,1.321677,1.321677,1.321677,1.321677,0.000000,horizon_mpc_secbf,12,1.432979,true,osqp,optimal,175,5.127904,0,2.426307,geometric,false,0.463726,-0.589456,0.457394,-0.582890,,,0.740925,0.000799,4.353807,0.715082
crossing,context_ext,Standard MPC-CBF,59,5.900,1.603604,0.253724,0.457394,-0.582890,-0.905454,0.100000,1.622000,0.000000,0.580000,cyclist,crossing,distracted,,0.000000,0.625000,2.032979,1.432979,0.000000,0.000000,0.000000,0.000000,0.000000,0.000000,0.000000,1.432979,1.432979,1.432979,1.432979,0.000000,horizon_mpc_secbf,12,1.545786,true,osqp,optimal,175,4.883180,0,2.553940,geometric,false,0.463810,-0.589390,0.457359,-0.582924,,,0.740931,0.000049,4.427900,0.640989
crossing,context_ext,Standard MPC-CBF,60,6.000,1.649340,0.195431,0.457359,-0.582924,-0.905520,0.100000,1.680000,0.000000,0.580000,cyclist,crossing,distracted,,0.000000,0.625000,2.145786,1.545786,0.000000,0.000000,0.000000,0.000000,0.000000,0.000000,0.000000,1.545786,1.545786,1.545786,1.545786,0.000000,horizon_mpc_secbf,12,1.659872,true,osqp,optimal,175,4.696451,0,2.680587,geometric,false,0.463921,-0.589302,0.457432,-0.582844,,,0.740912,0.000108,4.501991,0.566896
crossing,context_ext,Standard MPC-CBF,61,6.100,1.695083,0.137147,0.457432,-0.582844,-0.905376,0.100000,1.738000,0.000000,0.580000,cyclist,crossing,distracted,,0.000000,0.625000,2.259872,1.659872,0.000000,0.000000,0.000000,0.000000,0.000000,0.000000,0.000000,1.659872,1.659872,1.659872,1.659872,0.000000,horizon_mpc_secbf,12,1.775051,true,osqp,optimal,175,4.666957,0,2.806476,geometric,false,0.464053,-0.589198,0.457541,-0.582732,,,0.740891,0.000157,4.576080,0.492805
crossing,context_ext,Standard MPC-CBF,62,6.200,1.740837,0.078874,0.457541,-0.582732,-0.905166,0.100000,1.796000,0.000000,0.580000,cyclist,crossing,distracted,,0.000000,0.625000,2.375051,1.775051,0.000000,0.000000,0.000000,0.000000,0.000000,0.000000,0.000000,1.775051,1.775051,1.775051,1.775051,0.000000,horizon_mpc_secbf,12,1.891172,true,osqp,optimal,175,4.694123,0,2.931784,geometric,false,0.464210,-0.589075,0.457677,-0.582597,,,0.740870,0.000191,4.650167,0.418716
crossing,context_ext,Standard MPC-CBF,63,6.300,1.786604,0.020614,0.457677,-0.582597,-0.904910,0.100000,1.854000,0.000000,0.580000,cyclist,crossing,distracted,,0.000000,0.625000,2.491172,1.891172,0.000000,0.000000,0.000000,0.000000,0.000000,0.000000,0.000000,1.891172,1.891172,1.891172,1.891172,0.000000,horizon_mpc_secbf,12,2.008108,true,osqp,optimal,150,4.849494,0,3.056644,geometric,false,0.464402,-0.588923,0.457843,-0.582434,,,0.740844,0.000232,4.724252,0.344629
crossing,context_ext,Standard MPC-CBF,64,6.400,1.832389,-0.037630,0.457843,-0.582434,-0.904598,0.100000,1.912000,0.000000,0.580000,cyclist,crossing,distracted,,0.000000,0.625000,2.608108,2.008108,0.000000,0.000000,0.000000,0.000000,0.000000,0.000000,0.000000,2.008108,2.008108,2.008108,2.008108,0.000000,horizon_mpc_secbf,12,2.125752,true,osqp,optimal,150,4.159429,0,3.181160,geometric,false,0.464649,-0.588729,0.458058,-0.582226,,,0.740814,0.000299,4.798333,0.270545
crossing,context_ext,Standard MPC-CBF,65,6.500,1.878195,-0.095852,0.458058,-0.582226,-0.904196,0.100000,1.970000,0.000000,0.580000,cyclist,crossing,distracted,,0.000000,0.625000,2.725752,2.125752,0.000000,0.000000,0.000000,0.000000,0.000000,0.000000,0.000000,2.125752,2.125752,2.125752,2.125752,0.000000,horizon_mpc_secbf,12,2.244013,true,osqp,optimal,150,4.154717,0,3.305401,geometric,false,0.464992,-0.588458,0.458351,-0.581938,,,0.740768,0.000411,4.872410,0.196464
crossing,context_ext,Standard MPC-CBF,66,6.600,1.924030,-0.154046,0.458351,-0.581938,-0.903645,0.100000,2.028000,0.000000,0.580000,cyclist,crossing,distracted,,0.000000,0.625000,2.844013,2.244013,0.000000,0.000000,0.000000,0.000000,0.000000,0.000000,0.000000,2.244013,2.244013,2.244013,2.244013,0.000000,horizon_mpc_secbf,12,2.362814,true,osqp,optimal,150,4.893594,0,3.429416,geometric,false,0.465553,-0.588014,0.458822,-0.581477,,,0.740698,0.000659,4.946480,0.122387
crossing,context_ext,Standard MPC-CBF,67,6.700,1.969912,-0.212194,0.458822,-0.581477,-0.902760,0.100000,2.086000,0.000000,0.580000,cyclist,crossing,distracted,,0.000000,0.625000,2.962814,2.362814,0.000000,0.000000,0.000000,0.000000,0.000000,0.000000,0.000000,2.362814,2.362814,2.362814,2.362814,0.000001,horizon_mpc_secbf,12,2.460762,true,osqp,optimal,75,3.802966,0,3.340032,geometric,false,0.300881,-0.378062,0.327979,-0.412963,,,0.527360,0.213347,4.999216,0.048318
crossing,context_ext,Standard MPC-CBF,68,6.800,2.002710,-0.253490,0.327979,-0.412963,-0.899596,0.100000,2.144000,0.000000,0.580000,cyclist,crossing,distracted,,0.000000,0.625000,3.060762,2.460762,0.000000,0.000000,0.000000,0.000000,0.000000,0.000000,0.000000,2.460762,2.460762,2.460762,2.460762,0.000000,horizon_mpc_secbf,12,2.506402,true,osqp,optimal,75,3.631190,0,2.915084,geometric,false,-0.027098,0.034900,0.000784,0.000610,,,0.000994,0.527351,4.999315,0.004419
crossing,context_ext,Standard MPC-CBF,69,6.900,2.002788,-0.253429,0.000784,0.000610,0.661407,0.100000,2.202000,0.000000,0.580000,cyclist,crossing,distracted,,0.000000,0.625000,3.106402,2.506402,0.000000,0.000000,0.000000,0.000000,0.000000,0.000000,0.000000,2.506402,2.506402,2.506402,2.506402,0.000000,horizon_mpc_secbf,12,2.548789,true,osqp,optimal,75,4.219659,0,2.928255,geometric,false,-0.027883,0.034290,-0.022964,0.028511,,,0.036610,0.036640,5.002976,0.004420
crossing,context_ext,Standard MPC-CBF,70,7.000,2.000492,-0.250578,-0.022964,0.028511,2.248844,0.100000,2.260000,0.000000,0.580000,cyclist,crossing,distracted,,0.000000,0.625000,3.148789,2.548789,0.000000,0.000000,0.000000,0.000000,0.000000,0.000000,0.000000,2.548789,2.548789,2.548789,2.548789,0.000000,horizon_mpc_secbf,12,2.593970,true,osqp,optimal,75,4.754697,0,2.998677,geometric,false,-0.004918,0.005778,-0.008015,0.009679,,,0.012566,0.024045,5.004233,0.000759
crossing,context_ext,Standard MPC-CBF,71,7.100,1.999690,-0.249610,-0.008015,0.009679,2.262412,0.100000,2.318000,0.000000,0.580000,cyclist,crossing,distracted,,0.000000,0.625000,3.193970,2.593970,0.000000,0.000000,0.000000,0.000000,0.000000,0.000000,0.000000,2.593970,2.593970,2.593970,2.593970,0.000000,horizon_mpc_secbf,12,2.640976,true,osqp,optimal,75,3.695492,0,3.062198,geometric,false,0.003096,-0.003900,0.001190,-0.001571,,,0.001970,0.014535,5.004430,0.000498
crossing,context_ext,Standard MPC-CBF,72,7.200,1.999809,-0.249767,0.001190,-0.001571,-0.922444,0.100000,2.376000,0.000000,0.580000,cyclist,crossing,distracted,,0.000000,0.625000,3.240976,2.640976,0.000000,0.000000,0.000000,0.000000,0.000000,0.000000,0.000000,2.640976,2.640976,2.640976,2.640976,0.000000,horizon_mpc_secbf,12,2.688425,true,osqp,optimal,75,4.077288,0,3.113707,geometric,false,0.001906,-0.002330,0.001783,-0.002200,,,0.002832,0.000865,5.004713,0.000301
crossing,context_ext,Standard MPC-CBF,73,7.300,1.999988,-0.249987,0.001783,-0.002200,-0.889508,0.100000,2.434000,0.000000,0.580000,cyclist,crossing,distracted,,0.000000,0.625000,3.288425,2.688425,0.000000,0.000000,0.000000,0.000000,0.000000,0.000000,0.000000,2.688425,2.688425,2.688425,2.688425,0.000000,horizon_mpc_secbf,12,2.735996,true,osqp,optimal,50,4.940171,0,3.162447,geometric,false,0.000123,-0.000130,0.000407,-0.000485,,,0.000633,0.002199,5.004776,0.000018
crossing,context_ext,Standard MPC-CBF,74,7.400,2.000028,-0.250035,0.000407,-0.000485,-0.871748,0.100000,2.492000,0.000000,0.580000,cyclist,crossing,distracted,,0.000000,0.625000,3.335996,2.735996,0.000000,0.000000,0.000000,0.000000,0.000000,0.000000,0.000000,2.735996,2.735996,2.735996,2.735996,0.000000,horizon_mpc_secbf,12,2.783804,true,osqp,optimal,50,5.075310,0,3.212463,geometric,false,-0.000284,0.000354,-0.000165,0.000209,,,0.000266,0.000899,5.004803,0.000045
crossing,context_ext,Standard MPC-CBF,75,7.500,2.000012,-0.250015,-0.000165,0.000209,2.238757,0.100000,2.550000,0.000000,0.580000,cyclist,crossing,distracted,,0.000000,0.625000,3.383804,2.783804,0.000000,0.000000,0.000000,0.000000,0.000000,0.000000,0.000000,2.783804,2.783804,2.783804,2.783804,0.000000,horizon_mpc_secbf,12,2.831932,true,osqp,optimal,50,4.615645,0,3.263539,geometric,false,-0.000119,0.000145,-0.000127,0.000156,,,0.000201,0.000066,5.004823,0.000019
crossing,context_ext,Standard MPC-CBF,76,7.600,1.999999,-0.249999,-0.000127,0.000156,2.255084,0.100000,2.608000,0.000000,0.580000,cyclist,crossing,distracted,,0.000000,0.625000,3.431932,2.831932,0.000000,0.000000,0.000000,0.000000,0.000000,0.000000,0.000000,2.831932,2.831932,2.831932,2.831932,0.000000,horizon_mpc_secbf,12,2.880380,true,osqp,optimal,25,4.752754,0,3.314937,geometric,false,0.000008,-0.000010,-0.000001,-0.000002,,,0.000002,0.000201,5.004823,0.000001
crossing,context_ext,Standard MPC-CBF,77,7.700,1.999999,-0.249999,-0.000001,-0.000002,-2.240823,0.100000,2.666000,0.000000,0.580000,cyclist,crossing,distracted,,0.000000,0.625000,3.480380,2.880380,0.000000,0.000000,0.000000,0.000000,0.000000,0.000000,0.000000,2.880380,2.880380,2.880380,2.880380,0.000000,horizon_mpc_secbf,12,2.929118,true,osqp,optimal,25,4.976624,0,3.366337,geometric,false,0.000009,-0.000009,0.000007,-0.000007,,,0.000010,0.000010,5.004824,0.000001
crossing,context_ext,Standard MPC-CBF,78,7.800,2.000000,-0.250000,0.000007,-0.000007,-0.801823,0.100000,2.724000,0.000000,0.580000,cyclist,crossing,distracted,,0.000000,0.625000,3.529118,2.929118,0.000000,0.000000,0.000000,0.000000,0.000000,0.000000,0.000000,2.929118,2.929118,2.929118,2.929118,0.000000,horizon_mpc_secbf,12,2.978131,true,osqp,optimal,25,4.537181,0,3.417890,geometric,false,0.000002,-0.000002,0.000003,-0.000003,,,0.000004,0.000006,5.004825,0.000000
crossing,context_ext,Standard MPC-CBF,79,7.900,2.000000,-0.250000,0.000003,-0.000003,-0.738599,0.100000,2.782000,0.000000,0.580000,cyclist,crossing,distracted,,0.000000,0.625000,3.578131,2.978131,0.000000,0.000000,0.000000,0.000000,0.000000,0.000000,0.000000,2.978131,2.978131,2.978131,2.978131,0.000000,horizon_mpc_secbf,12,3.027410,true,osqp,optimal,25,3.403288,0,3.469606,geometric,false,-0.000001,0.000001,-0.000000,0.000000,,,0.000000,0.000004,5.004825,0.000000
crossing,context_ext,Standard MPC-CBF,80,8.000,2.000000,-0.250000,-0.000000,0.000000,2.164309,0.100000,2.840000,0.000000,0.580000,cyclist,crossing,distracted,,0.000000,0.625000,3.627410,3.027410,0.000000,0.000000,0.000000,0.000000,0.000000,0.000000,0.000000,3.027410,3.027410,3.027410,3.027410,0.000000,horizon_mpc_secbf,12,3.076942,true,osqp,optimal,25,3.506660,0,3.521481,geometric,false,-0.000001,0.000001,-0.000001,0.000000,,,0.000001,0.000001,5.004825,0.000000
crossing,context_ext,Standard MPC-CBF,81,8.100,2.000000,-0.250000,-0.000001,0.000000,2.381515,0.100000,2.898000,0.000000,0.580000,cyclist,crossing,distracted,,0.000000,0.625000,3.676942,3.076942,0.000000,0.000000,0.000000,0.000000,0.000000,0.000000,0.000000,3.076942,3.076942,3.076942,3.076942,0.000000,horizon_mpc_secbf,12,3.126719,true,osqp,optimal,25,3.932710,0,3.573507,geometric,false,-0.000000,0.000000,-0.000000,0.000000,,,0.000000,0.000000,5.004825,0.000000
crossing,context_ext,Standard MPC-CBF,82,8.200,2.000000,-0.250000,-0.000000,0.000000,2.367271,0.100000,2.956000,0.000000,0.580000,cyclist,crossing,distracted,,0.000000,0.625000,3.726719,3.126719,0.000000,0.000000,0.000000,0.000000,0.000000,0.000000,0.000000,3.126719,3.126719,3.126719,3.126719,0.000000,horizon_mpc_secbf,12,3.176731,true,osqp,optimal,25,3.910091,0,3.625678,geometric,false,0.000000,-0.000000,0.000000,-0.000000,,,0.000000,0.000000,5.004825,0.000000
crossing,context_ext,Standard MPC-CBF,83,8.300,2.000000,-0.250000,0.000000,-0.000000,-0.571480,0.100000,3.014000,0.000000,0.580000,cyclist,crossing,distracted,,0.000000,0.625000,3.776731,3.176731,0.000000,0.000000,0.000000,0.000000,0.000000,0.000000,0.000000,3.176731,3.176731,3.176731,3.176731,0.000000,horizon_mpc_secbf,12,3.226968,true,osqp,optimal,25,3.680748,0,3.677990,geometric,false,0.000000,-0.000000,0.000000,-0.000000,,,0.000000,0.000000,5.004825,0.000000
crossing,context_ext,Standard MPC-CBF,84,8.400,2.000000,-0.250000,0.000000,-0.000000,-0.742571,0.100000,3.072000,0.000000,0.580000,cyclist,crossing,distracted,,0.000000,0.625000,3.826968,3.226968,0.000000,0.000000,0.000000,0.000000,0.000000,0.000000,0.000000,3.226968,3.226968,3.226968,3.226968,0.000000,horizon_mpc_secbf,12,3.277422,true,osqp,optimal,25,3.518686,0,3.730437,geometric,false,0.000000,0.000000,0.000000,-0.000000,,,0.000000,0.000000,5.004825,0.000000
crossing,context_ext,Standard MPC-CBF,85,8.500,2.000000,-0.250000,0.000000,-0.000000,-0.740833,0.100000,3.130000,0.000000,0.580000,cyclist,crossing,distracted,,0.000000,0.625000,3.877422,3.277422,0.000000,0.000000,0.000000,0.000000,0.000000,0.000000,0.000000,3.277422,3.277422,3.277422,3.277422,0.000000,horizon_mpc_secbf,12,3.328084,true,osqp,optimal,25,4.494015,0,3.783016,geometric,false,0.000000,0.000000,0.000000,-0.000000,,,0.000000,0.000000,5.004825,0.000000
crossing,context_ext,Standard MPC-CBF,86,8.600,2.000000,-0.250000,0.000000,-0.000000,-0.739083,0.100000,3.188000,0.000000,0.580000,cyclist,crossing,distracted,,0.000000,0.625000,3.928084,3.328084,0.000000,0.000000,0.000000,0.000000,0.000000,0.000000,0.000000,3.328084,3.328084,3.328084,3.328084,0.000000,horizon_mpc_secbf,12,3.378947,true,osqp,optimal,25,4.682373,0,3.835721,geometric,false,0.000000,0.000000,0.000000,-0.000000,,,0.000000,0.000000,5.004825,0.000000
crossing,context_ext,Standard MPC-CBF,87,8.700,2.000000,-0.250000,0.000000,-0.000000,-0.739083,0.100000,3.246000,0.000000,0.580000,cyclist,crossing,distracted,,0.000000,0.625000,3.978947,3.378947,0.000000,0.000000,0.000000,0.000000,0.000000,0.000000,0.000000,3.378947,3.378947,3.378947,3.378947,0.000000,horizon_mpc_secbf,12,3.430002,true,osqp,optimal,25,3.643202,0,3.888549,geometric,false,0.000000,0.000000,0.000000,-0.000000,,,0.000000,0.000000,5.004825,0.000000
crossing,context_ext,Standard MPC-CBF,88,8.800,2.000000,-0.250000,0.000000,-0.000000,-0.739083,0.100000,3.304000,0.000000,0.580000,cyclist,crossing,distracted,,0.000000,0.625000,4.030002,3.430002,0.000000,0.000000,0.000000,0.000000,0.000000,0.000000,0.000000,3.430002,3.430002,3.430002,3.430002,0.000000,horizon_mpc_secbf,12,3.481243,true,osqp,optimal,25,3.380004,0,3.941496,geometric,false,0.000000,0.000000,0.000000,-0.000000,,,0.000000,0.000000,5.004825,0.000000
crossing,context_ext,Standard MPC-CBF,89,8.900,2.000000,-0.250000,0.000000,-0.000000,-0.739083,0.100000,3.362000,0.000000,0.580000,cyclist,crossing,distracted,,0.000000,0.625000,4.081243,3.481243,0.000000,0.000000,0.000000,0.000000,0.000000,0.000000,0.000000,3.481243,3.481243,3.481243,3.481243,0.000000,horizon_mpc_secbf,12,3.532663,true,osqp,optimal,25,3.778212,0,3.994557,geometric,false,0.000000,0.000000,0.000000,-0.000000,,,0.000000,0.000000,5.004825,0.000000
crossing,context_ext,Standard MPC-CBF,90,9.000,2.000000,-0.250000,0.000000,-0.000000,-0.739083,0.100000,3.420000,0.000000,0.580000,cyclist,crossing,distracted,,0.000000,0.625000,4.132663,3.532663,0.000000,0.000000,0.000000,0.000000,0.000000,0.000000,0.000000,3.532663,3.532663,3.532663,3.532663,0.000000,horizon_mpc_secbf,12,3.584254,true,osqp,optimal,25,4.453335,0,4.047730,geometric,false,0.000000,0.000000,0.000000,-0.000000,,,0.000000,0.000000,5.004825,0.000000
crossing,context_ext,Standard MPC-CBF,91,9.100,2.000000,-0.250000,0.000000,-0.000000,-0.739083,0.100000,3.478000,0.000000,0.580000,cyclist,crossing,distracted,,0.000000,0.625000,4.184254,3.584254,0.000000,0.000000,0.000000,0.000000,0.000000,0.000000,0.000000,3.584254,3.584254,3.584254,3.584254,0.000000,horizon_mpc_secbf,12,3.636012,true,osqp,optimal,25,3.398450,0,4.101011,geometric,false,0.000000,0.000000,0.000000,-0.000000,,,0.000000,0.000000,5.004825,0.000000
crossing,context_ext,Standard MPC-CBF,92,9.200,2.000000,-0.250000,0.000000,-0.000000,-0.739083,0.100000,3.536000,0.000000,0.580000,cyclist,crossing,distracted,,0.000000,0.625000,4.236012,3.636012,0.000000,0.000000,0.000000,0.000000,0.000000,0.000000,0.000000,3.636012,3.636012,3.636012,3.636012,0.000000,horizon_mpc_secbf,12,3.687929,true,osqp,optimal,25,5.072047,0,4.154396,geometric,false,0.000000,0.000000,0.000000,-0.000000,,,0.000000,0.000000,5.004825,0.000000
crossing,context_ext,Standard MPC-CBF,93,9.300,2.000000,-0.250000,0.000000,-0.000000,-0.739083,0.100000,3.594000,0.000000,0.580000,cyclist,crossing,distracted,,0.000000,0.625000,4.287929,3.687929,0.000000,0.000000,0.000000,0.000000,0.000000,0.000000,0.000000,3.687929,3.687929,3.687929,3.687929,0.000000,horizon_mpc_secbf,12,3.740000,true,osqp,optimal,25,3.481478,0,4.207882,geometric,false,0.000000,0.000000,0.000000,-0.000000,,,0.000000,0.000000,5.004825,0.000000
crossing,context_ext,Standard MPC-CBF,94,9.400,2.000000,-0.250000,0.000000,-0.000000,-0.739083,0.100000,3.652000,0.000000,0.580000,cyclist,crossing,distracted,,0.000000,0.625000,4.340000,3.740000,0.000000,0.000000,0.000000,0.000000,0.000000,0.000000,0.000000,3.740000,3.740000,3.740000,3.740000,0.000000,horizon_mpc_secbf,12,3.792220,true,osqp,optimal,25,3.922547,0,4.261466,geometric,false,0.000000,0.000000,0.000000,-0.000000,,,0.000000,0.000000,5.004825,0.000000
crossing,context_ext,Standard MPC-CBF,95,9.500,2.000000,-0.250000,0.000000,-0.000000,-0.739083,0.100000,3.710000,0.000000,0.580000,cyclist,crossing,distracted,,0.000000,0.625000,4.392220,3.792220,0.000000,0.000000,0.000000,0.000000,0.000000,0.000000,0.000000,3.792220,3.792220,3.792220,3.792220,0.000000,horizon_mpc_secbf,12,3.844584,true,osqp,optimal,25,3.487197,0,4.315145,geometric,false,0.000000,0.000000,0.000000,-0.000000,,,0.000000,0.000000,5.004825,0.000000
crossing,context_ext,Standard MPC-CBF,96,9.600,2.000000,-0.250000,0.000000,-0.000000,-0.739083,0.100000,3.768000,0.000000,0.580000,cyclist,crossing,distracted,,0.000000,0.625000,4.444584,3.844584,0.000000,0.000000,0.000000,0.000000,0.000000,0.000000,0.000000,3.844584,3.844584,3.844584,3.844584,0.000000,horizon_mpc_secbf,12,3.897085,true,osqp,optimal,25,4.124335,0,4.368916,geometric,false,0.000000,0.000000,0.000000,-0.000000,,,0.000000,0.000000,5.004825,0.000000
crossing,context_ext,Standard MPC-CBF,97,9.700,2.000000,-0.250000,0.000000,-0.000000,-0.739083,0.100000,3.826000,0.000000,0.580000,cyclist,crossing,distracted,,0.000000,0.625000,4.497085,3.897085,0.000000,0.000000,0.000000,0.000000,0.000000,0.000000,0.000000,3.897085,3.897085,3.897085,3.897085,0.000000,horizon_mpc_secbf,12,3.949720,true,osqp,optimal,25,4.377886,0,4.422777,geometric,false,0.000000,0.000000,0.000000,-0.000000,,,0.000000,0.000000,5.004825,0.000000
crossing,context_ext,Standard MPC-CBF,98,9.800,2.000000,-0.250000,0.000000,-0.000000,-0.739083,0.100000,3.884000,0.000000,0.580000,cyclist,crossing,distracted,,0.000000,0.625000,4.549720,3.949720,0.000000,0.000000,0.000000,0.000000,0.000000,0.000000,0.000000,3.949720,3.949720,3.949720,3.949720,0.000000,horizon_mpc_secbf,12,4.002485,true,osqp,optimal,25,3.410749,0,4.476724,geometric,false,0.000000,0.000000,0.000000,-0.000000,,,0.000000,0.000000,5.004825,0.000000
crossing,context_ext,Standard MPC-CBF,99,9.900,2.000000,-0.250000,0.000000,-0.000000,-0.739083,0.100000,3.942000,0.000000,0.580000,cyclist,crossing,distracted,,0.000000,0.625000,4.602485,4.002485,0.000000,0.000000,0.000000,0.000000,0.000000,0.000000,0.000000,4.002485,4.002485,4.002485,4.002485,0.000000,horizon_mpc_secbf,12,4.055373,true,osqp,optimal,25,3.662190,0,4.530756,geometric,false,0.000000,0.000000,0.000000,-0.000000,,,0.000000,0.000000,5.004825,0.000000
crossing,context_ext,Standard MPC-CBF,100,10.000,2.000000,-0.250000,0.000000,-0.000000,-0.739083,0.100000,4.000000,0.000000,0.580000,cyclist,crossing,distracted,,0.000000,0.625000,4.655373,4.055373,0.000000,0.000000,0.000000,0.000000,0.000000,0.000000,0.000000,4.055373,4.055373,4.055373,4.055373,0.000000,horizon_mpc_secbf,12,4.108382,true,osqp,optimal,25,4.017534,0,4.584869,geometric,false,0.000000,0.000000,0.000000,-0.000000,,,0.000000,0.000000,5.004825,0.000000
crossing,context_ext,Standard MPC-CBF,101,10.100,2.000000,-0.250000,0.000000,-0.000000,-0.739083,0.100000,4.058000,0.000000,0.580000,cyclist,crossing,distracted,,0.000000,0.625000,4.708382,4.108382,0.000000,0.000000,0.000000,0.000000,0.000000,0.000000,0.000000,4.108382,4.108382,4.108382,4.108382,0.000000,horizon_mpc_secbf,12,4.161508,true,osqp,optimal,25,4.339861,0,4.639061,geometric,false,0.000000,0.000000,0.000000,-0.000000,,,0.000000,0.000000,5.004825,0.000000
crossing,context_ext,Standard MPC-CBF,102,10.200,2.000000,-0.250000,0.000000,-0.000000,-0.739083,0.100000,4.116000,0.000000,0.580000,cyclist,crossing,distracted,,0.000000,0.625000,4.761508,4.161508,0.000000,0.000000,0.000000,0.000000,0.000000,0.000000,0.000000,4.161508,4.161508,4.161508,4.161508,0.000000,horizon_mpc_secbf,12,4.214746,true,osqp,optimal,25,3.419910,0,4.693331,geometric,false,0.000000,0.000000,0.000000,-0.000000,,,0.000000,0.000000,5.004825,0.000000
crossing,context_ext,Standard MPC-CBF,103,10.300,2.000000,-0.250000,0.000000,-0.000000,-0.739083,0.100000,4.174000,0.000000,0.580000,cyclist,crossing,distracted,,0.000000,0.625000,4.814746,4.214746,0.000000,0.000000,0.000000,0.000000,0.000000,0.000000,0.000000,4.214746,4.214746,4.214746,4.214746,0.000000,horizon_mpc_secbf,12,4.268092,true,osqp,optimal,25,3.548084,0,4.747675,geometric,false,0.000000,0.000000,0.000000,-0.000000,,,0.000000,0.000000,5.004825,0.000000
crossing,context_ext,Standard MPC-CBF,104,10.400,2.000000,-0.250000,0.000000,-0.000000,-0.739083,0.100000,4.232000,0.000000,0.580000,cyclist,crossing,distracted,,0.000000,0.625000,4.868092,4.268092,0.000000,0.000000,0.000000,0.000000,0.000000,0.000000,0.000000,4.268092,4.268092,4.268092,4.268092,0.000000,horizon_mpc_secbf,12,4.321544,true,osqp,optimal,25,3.482546,0,4.802092,geometric,false,0.000000,0.000000,0.000000,-0.000000,,,0.000000,0.000000,5.004825,0.000000
crossing,context_ext,Standard MPC-CBF,105,10.500,2.000000,-0.250000,0.000000,-0.000000,-0.739083,0.100000,4.290000,0.000000,0.580000,cyclist,crossing,distracted,,0.000000,0.625000,4.921544,4.321544,0.000000,0.000000,0.000000,0.000000,0.000000,0.000000,0.000000,4.321544,4.321544,4.321544,4.321544,0.000000,horizon_mpc_secbf,12,4.375098,true,osqp,optimal,25,4.475106,0,4.856580,geometric,false,0.000000,0.000000,0.000000,-0.000000,,,0.000000,0.000000,5.004825,0.000000
crossing,context_ext,Standard MPC-CBF,106,10.600,2.000000,-0.250000,0.000000,-0.000000,-0.739083,0.100000,4.348000,0.000000,0.580000,cyclist,crossing,distracted,,0.000000,0.625000,4.975098,4.375098,0.000000,0.000000,0.000000,0.000000,0.000000,0.000000,0.000000,4.375098,4.375098,4.375098,4.375098,0.000000,horizon_mpc_secbf,12,4.428751,true,osqp,optimal,25,3.833801,0,4.911136,geometric,false,0.000000,0.000000,0.000000,-0.000000,,,0.000000,0.000000,5.004825,0.000000
crossing,context_ext,Standard MPC-CBF,107,10.700,2.000000,-0.250000,0.000000,-0.000000,-0.739083,0.100000,4.406000,0.000000,0.580000,cyclist,crossing,distracted,,0.000000,0.625000,5.028751,4.428751,0.000000,0.000000,0.000000,0.000000,0.000000,0.000000,0.000000,4.428751,4.428751,4.428751,4.428751,0.000000,horizon_mpc_secbf,12,4.482499,true,osqp,optimal,25,3.928049,0,4.965759,geometric,false,0.000000,0.000000,0.000000,-0.000000,,,0.000000,0.000000,5.004825,0.000000
crossing,context_ext,Standard MPC-CBF,108,10.800,2.000000,-0.250000,0.000000,-0.000000,-0.739083,0.100000,4.464000,0.000000,0.580000,cyclist,crossing,distracted,,0.000000,0.625000,5.082499,4.482499,0.000000,0.000000,0.000000,0.000000,0.000000,0.000000,0.000000,4.482499,4.482499,4.482499,4.482499,0.000000,horizon_mpc_secbf,12,4.536340,true,osqp,optimal,25,3.661460,0,5.020447,geometric,false,0.000000,0.000000,0.000000,-0.000000,,,0.000000,0.000000,5.004825,0.000000
crossing,context_ext,Standard MPC-CBF,109,10.900,2.000000,-0.250000,0.000000,-0.000000,-0.739083,0.100000,4.522000,0.000000,0.580000,cyclist,crossing,distracted,,0.000000,0.625000,5.136340,4.536340,0.000000,0.000000,0.000000,0.000000,0.000000,0.000000,0.000000,4.536340,4.536340,4.536340,4.536340,0.000000,horizon_mpc_secbf,12,4.590270,true,osqp,optimal,25,4.544275,0,5.075198,geometric,false,0.000000,0.000000,0.000000,-0.000000,,,0.000000,0.000000,5.004825,0.000000
crossing,context_ext,Standard MPC-CBF,110,11.000,2.000000,-0.250000,0.000000,-0.000000,-0.739083,0.100000,4.580000,0.000000,0.580000,cyclist,crossing,distracted,,0.000000,0.625000,5.190270,4.590270,0.000000,0.000000,0.000000,0.000000,0.000000,0.000000,0.000000,4.590270,4.590270,4.590270,4.590270,0.000000,horizon_mpc_secbf,12,4.644287,true,osqp,optimal,25,3.812111,0,5.130010,geometric,false,0.000000,0.000000,0.000000,-0.000000,,,0.000000,0.000000,5.004825,0.000000
crossing,context_ext,Standard MPC-CBF,111,11.100,2.000000,-0.250000,0.000000,-0.000000,-0.739083,0.100000,4.638000,0.000000,0.580000,cyclist,crossing,distracted,,0.000000,0.625000,5.244287,4.644287,0.000000,0.000000,0.000000,0.000000,0.000000,0.000000,0.000000,4.644287,4.644287,4.644287,4.644287,0.000000,horizon_mpc_secbf,12,4.698388,true,osqp,optimal,25,3.551412,0,5.184883,geometric,false,0.000000,0.000000,0.000000,-0.000000,,,0.000000,0.000000,5.004825,0.000000
crossing,context_ext,Standard MPC-CBF,112,11.200,2.000000,-0.250000,0.000000,-0.000000,-0.739083,0.100000,4.696000,0.000000,0.580000,cyclist,crossing,distracted,,0.000000,0.625000,5.298388,4.698388,0.000000,0.000000,0.000000,0.000000,0.000000,0.000000,0.000000,4.698388,4.698388,4.698388,4.698388,0.000000,horizon_mpc_secbf,12,4.752571,true,osqp,optimal,25,3.936524,0,5.239813,geometric,false,0.000000,0.000000,0.000000,-0.000000,,,0.000000,0.000000,5.004825,0.000000
crossing,context_ext,Standard MPC-CBF,113,11.300,2.000000,-0.250000,0.000000,-0.000000,-0.739083,0.100000,4.754000,0.000000,0.580000,cyclist,crossing,distracted,,0.000000,0.625000,5.352571,4.752571,0.000000,0.000000,0.000000,0.000000,0.000000,0.000000,0.000000,4.752571,4.752571,4.752571,4.752571,0.000000,horizon_mpc_secbf,12,4.806833,true,osqp,optimal,25,4.405013,0,5.294800,geometric,false,0.000000,0.000000,0.000000,-0.000000,,,0.000000,0.000000,5.004825,0.000000
crossing,context_ext,Standard MPC-CBF,114,11.400,2.000000,-0.250000,0.000000,-0.000000,-0.739083,0.100000,4.812000,0.000000,0.580000,cyclist,crossing,distracted,,0.000000,0.625000,5.406833,4.806833,0.000000,0.000000,0.000000,0.000000,0.000000,0.000000,0.000000,4.806833,4.806833,4.806833,4.806833,0.000000,horizon_mpc_secbf,12,4.861172,true,osqp,optimal,25,3.413212,0,5.349842,geometric,false,0.000000,0.000000,0.000000,-0.000000,,,0.000000,0.000000,5.004825,0.000000
crossing,context_ext,Standard MPC-CBF,115,11.500,2.000000,-0.250000,0.000000,-0.000000,-0.739083,0.100000,4.870000,0.000000,0.580000,cyclist,crossing,distracted,,0.000000,0.625000,5.461172,4.861172,0.000000,0.000000,0.000000,0.000000,0.000000,0.000000,0.000000,4.861172,4.861172,4.861172,4.861172,0.000000,horizon_mpc_secbf,12,4.915586,true,osqp,optimal,25,5.001484,0,5.404938,geometric,false,0.000000,0.000000,0.000000,-0.000000,,,0.000000,0.000000,5.004825,0.000000
crossing,context_ext,Standard MPC-CBF,116,11.600,2.000000,-0.250000,0.000000,-0.000000,-0.739083,0.100000,4.928000,0.000000,0.580000,cyclist,crossing,distracted,,0.000000,0.625000,5.515586,4.915586,0.000000,0.000000,0.000000,0.000000,0.000000,0.000000,0.000000,4.915586,4.915586,4.915586,4.915586,0.000000,horizon_mpc_secbf,12,4.970071,true,osqp,optimal,25,5.215711,0,5.460086,geometric,false,0.000000,0.000000,0.000000,-0.000000,,,0.000000,0.000000,5.004825,0.000000
crossing,context_ext,Standard MPC-CBF,117,11.700,2.000000,-0.250000,0.000000,-0.000000,-0.739083,0.100000,4.986000,0.000000,0.580000,cyclist,crossing,distracted,,0.000000,0.625000,5.570071,4.970071,0.000000,0.000000,0.000000,0.000000,0.000000,0.000000,0.000000,4.970071,4.970071,4.970071,4.970071,0.000000,horizon_mpc_secbf,12,5.024628,true,osqp,optimal,25,4.928080,0,5.515285,geometric,false,0.000000,0.000000,0.000000,-0.000000,,,0.000000,0.000000,5.004825,0.000000
crossing,context_ext,Standard MPC-CBF,118,11.800,2.000000,-0.250000,0.000000,-0.000000,-0.739083,0.100000,5.044000,0.000000,0.580000,cyclist,crossing,distracted,,0.000000,0.625000,5.624628,5.024628,0.000000,0.000000,0.000000,0.000000,0.000000,0.000000,0.000000,5.024628,5.024628,5.024628,5.024628,0.000000,horizon_mpc_secbf,12,5.079252,true,osqp,optimal,25,4.762054,0,5.570534,geometric,false,0.000000,0.000000,0.000000,-0.000000,,,0.000000,0.000000,5.004825,0.000000
crossing,context_ext,Standard MPC-CBF,119,11.900,2.000000,-0.250000,0.000000,-0.000000,-0.739083,0.100000,5.102000,0.000000,0.580000,cyclist,crossing,distracted,,0.000000,0.625000,5.679252,5.079252,0.000000,0.000000,0.000000,0.000000,0.000000,0.000000,0.000000,5.079252,5.079252,5.079252,5.079252,0.000000,horizon_mpc_secbf,12,5.133943,true,osqp,optimal,25,5.072723,0,5.625831,geometric,false,0.000000,0.000000,0.000000,-0.000000,,,0.000000,0.000000,5.004825,0.000000
crossing,context_ext,EESM-MPC-ECBF,0,0.000,-2.000000,-0.250000,0.000000,0.000000,0.000000,0.100000,-1.800000,0.000000,0.580000,pedestrian,walking,unknown,5.835878,1.000000,0.625000,2.610077,2.010077,0.000000,0.000000,0.000000,0.000000,0.296875,0.296875,0.000000,2.010077,1.713201,1.713201,1.713201,0.000000,horizon_mpc_secbf,12,0.612046,true,osqp,optimal,100,5.497321,0,0.869117,geometric,false,0.750000,0.000000,0.621014,0.000002,,,0.621014,0.621014,0.062101,4.000000
crossing,context_ext,EESM-MPC-ECBF,1,0.100,-1.937899,-0.250000,0.621014,0.000002,0.000004,0.100000,-1.742000,0.000000,0.580000,pedestrian,walking,unknown,2.282434,1.000000,0.625000,2.525687,1.925687,0.000000,0.000000,0.000000,0.000000,0.840661,0.840661,0.000000,1.925687,1.085026,1.085026,1.085026,0.000026,horizon_mpc_secbf,12,-0.000025,true,osqp,optimal,75,5.187995,0,0.176663,geometric,false,0.750000,-0.000000,0.710442,0.012642,,,0.710554,0.090317,0.133157,3.937899
crossing,context_ext,EESM-MPC-ECBF,2,0.200,-1.866854,-0.248736,0.710442,0.012642,0.017792,0.100000,-1.684000,0.000000,0.580000,pedestrian,walking,unknown,2.020031,1.000000,0.625000,2.434851,1.834851,0.000000,0.000000,0.000000,0.000000,0.907817,0.907817,0.000000,1.834851,0.927034,0.927034,0.927034,0.000154,horizon_mpc_secbf,12,-0.000153,true,osqp,optimal,50,5.461346,0,0.113439,geometric,false,0.750000,-0.000245,0.640442,0.077165,,,0.645074,0.095201,0.197664,3.866855
crossing,context_ext,EESM-MPC-ECBF,3,0.300,-1.802810,-0.241019,0.640442,0.077165,0.119909,0.100000,-1.626000,0.000000,0.580000,pedestrian,walking,unknown,2.154909,1.000000,0.625000,2.353478,1.753478,0.000000,0.000000,0.000000,0.000000,0.813428,0.813428,0.000000,1.753478,0.940051,0.940051,0.940051,0.000134,horizon_mpc_secbf,12,-0.000134,true,osqp,optimal,50,5.253533,0,0.125675,geometric,false,0.749998,-0.001771,0.641886,0.077795,,,0.646583,0.001576,0.262322,3.802821
crossing,context_ext,EESM-MPC-ECBF,4,0.400,-1.738622,-0.233240,0.641886,0.077795,0.120609,0.100000,-1.568000,0.000000,0.580000,pedestrian,walking,unknown,2.052894,1.000000,0.625000,2.272029,1.672029,0.000000,0.000000,0.000000,0.000000,0.814179,0.814179,0.000000,1.672029,0.857850,0.857850,0.857850,0.000196,horizon_mpc_secbf,12,-0.000196,true,osqp,optimal,50,5.060987,0,0.093646,geometric,false,0.749992,-0.003362,0.601755,0.107753,,,0.611327,0.050079,0.323455,3.738659
crossing,context_ext,EESM-MPC-ECBF,5,0.500,-1.678446,-0.222464,0.601755,0.107753,0.177187,0.100000,-1.510000,0.000000,0.580000,pedestrian,walking,unknown,2.087483,1.000000,0.625000,2.195591,1.595591,0.000000,0.000000,0.000000,0.000000,0.764054,0.764054,0.000000,1.595591,0.831537,0.831537,0.831537,0.000209,horizon_mpc_secbf,12,-0.000209,true,osqp,optimal,50,5.787018,0,0.085660,geometric,false,0.749979,-0.005614,0.586999,0.118537,,,0.598848,0.018276,0.383340,3.678549
crossing,context_ext,EESM-MPC-ECBF,6,0.600,-1.619746,-0.210611,0.586999,0.118537,0.199257,0.100000,-1.452000,0.000000,0.580000,pedestrian,walking,unknown,2.038735,1.000000,0.625000,2.120984,1.520984,0.000000,0.000000,0.000000,0.000000,0.745703,0.745703,0.000000,1.520984,0.775282,0.775282,0.775282,0.000247,horizon_mpc_secbf,12,-0.000247,true,osqp,optimal,50,5.102252,0,0.063136,geometric,false,0.749956,-0.008161,0.560269,0.139001,,,0.577255,0.033664,0.441065,3.619961
crossing,context_ext,EESM-MPC-ECBF,7,0.700,-1.563719,-0.196711,0.560269,0.139001,0.243186,0.100000,-1.394000,0.000000,0.580000,pedestrian,walking,unknown,2.035165,1.000000,0.625000,2.049747,1.449747,0.000000,0.000000,0.000000,0.000000,0.711997,0.711997,0.000000,1.449747,0.737751,0.737751,0.737751,0.000269,horizon_mpc_secbf,12,-0.000269,true,osqp,optimal,50,3.653339,0,0.048370,geometric,false,0.749916,-0.011214,0.542507,0.153179,,,0.563718,0.022727,0.497437,3.564118
crossing,context_ext,EESM-MPC-ECBF,8,0.800,-1.509469,-0.181393,0.542507,0.153179,0.275189,0.100000,-1.336000,0.000000,0.580000,pedestrian,walking,unknown,2.002283,1.000000,0.625000,1.980784,1.380784,0.000000,0.000000,0.000000,0.000000,0.689243,0.689243,0.000000,1.380784,0.691541,0.691541,0.691541,0.000299,horizon_mpc_secbf,12,-0.000298,true,osqp,optimal,50,3.569800,0,0.029211,geometric,false,0.749857,-0.014659,0.521942,0.170791,,,0.549175,0.027076,0.552355,3.510139
crossing,context_ext,EESM-MPC-ECBF,9,0.900,-1.457274,-0.164314,0.521942,0.170791,0.316241,0.100000,-1.278000,0.000000,0.580000,pedestrian,walking,unknown,1.983928,1.000000,0.625000,1.914524,1.314524,0.000000,0.000000,0.000000,0.000000,0.662245,0.662245,0.000000,1.314524,0.652279,0.652279,0.652279,0.000322,horizon_mpc_secbf,12,-0.000322,true,osqp,optimal,50,4.410481,0,0.013397,geometric,false,0.749770,-0.018583,0.505425,0.187893,,,0.539220,0.023776,0.606277,3.458336
crossing,context_ext,EESM-MPC-ECBF,10,1.000,-1.406732,-0.145524,0.505425,0.187893,0.355920,0.100000,-1.220000,0.000000,0.580000,cyclist,crossing,distracted,1.956611,1.000000,0.625000,1.850605,1.250605,0.000000,0.000000,0.000000,0.000000,0.638894,0.638894,0.000000,1.250605,0.611711,0.611711,0.611711,0.000346,horizon_mpc_secbf,12,-0.000346,true,osqp,optimal,50,3.508797,0,0.001164,geometric,false,0.749648,-0.022990,0.489639,0.214457,,,0.534544,0.030901,0.659731,3.408334
crossing,context_ext,EESM-MPC-ECBF,11,1.100,-1.357768,-0.124079,0.489639,0.214457,0.412822,0.100000,-1.162000,0.000000,0.580000,cyclist,crossing,distracted,1.947209,1.000000,0.625000,1.789516,1.189516,0.000000,0.000000,0.000000,0.000000,0.610802,0.610802,0.000000,1.189516,0.578714,0.578714,0.578714,0.000365,horizon_mpc_secbf,12,-0.000365,true,osqp,optimal,50,3.862390,0,-0.006317,geometric,false,0.749473,-0.028106,0.478381,0.242587,,,0.536374,0.030299,0.713368,3.360128
crossing,context_ext,EESM-MPC-ECBF,12,1.200,-1.309930,-0.099820,0.478381,0.242587,0.469311,0.100000,-1.104000,0.000000,0.580000,cyclist,crossing,distracted,1.931985,1.000000,0.625000,1.730977,1.130977,0.000000,0.000000,0.000000,0.000000,0.585393,0.585393,0.000000,1.130977,0.545584,0.545584,0.545584,0.000385,horizon_mpc_secbf,12,-0.000385,true,osqp,optimal,50,3.373317,0,-0.014481,geometric,false,0.749229,-0.033994,0.468095,0.271148,,,0.540957,0.030357,0.767464,3.313335
crossing,context_ext,EESM-MPC-ECBF,13,1.300,-1.263120,-0.072705,0.468095,0.271148,0.525029,0.100000,-1.046000,0.000000,0.580000,cyclist,crossing,distracted,1.918069,1.000000,0.625000,1.674933,1.074933,0.000000,0.000000,0.000000,0.000000,0.560233,0.560233,0.000000,1.074933,0.514700,0.514700,0.514700,0.000403,horizon_mpc_secbf,12,-0.000403,true,osqp,optimal,50,3.927162,0,-0.022367,geometric,false,0.748895,-0.040690,0.459749,0.298962,,,0.548405,0.029039,0.822305,3.267933
crossing,context_ext,EESM-MPC-ECBF,14,1.400,-1.217146,-0.042809,0.459749,0.298962,0.576567,0.100000,-0.988000,0.000000,0.580000,cyclist,crossing,distracted,1.900323,1.000000,0.625000,1.621191,1.021191,0.000000,0.000000,0.000000,0.000000,0.536650,0.536650,0.000000,1.021191,0.484541,0.484541,0.484541,0.000422,horizon_mpc_secbf,12,-0.000421,true,osqp,optimal,50,3.900352,0,-0.030833,geometric,false,0.748449,-0.048202,0.453136,0.326765,,,0.558666,0.028578,0.878171,3.223810
crossing,context_ext,EESM-MPC-ECBF,15,1.500,-1.171832,-0.010132,0.453136,0.326765,0.624759,0.100000,-0.930000,0.000000,0.580000,cyclist,crossing,distracted,1.880665,1.000000,0.625000,1.569622,0.969622,0.000000,0.000000,0.000000,0.000000,0.513847,0.513847,0.000000,0.969622,0.455775,0.455775,0.455775,0.000440,horizon_mpc_secbf,12,-0.000439,true,osqp,optimal,50,3.617590,0,-0.039815,geometric,false,0.747865,-0.056557,0.449120,0.354562,,,0.572209,0.028086,0.935392,3.180889
crossing,context_ext,EESM-MPC-ECBF,16,1.600,-1.126920,0.025324,0.449120,0.354562,0.668280,0.100000,-0.872000,0.000000,0.580000,cyclist,crossing,distracted,1.856433,1.000000,0.625000,1.520040,0.920040,0.000000,0.000000,0.000000,0.000000,0.492226,0.492226,0.000000,0.920040,0.427815,0.427815,0.427815,0.000457,horizon_mpc_secbf,12,-0.000457,true,osqp,optimal,50,3.867427,0,-0.049910,geometric,false,0.747110,-0.065783,0.448301,0.382941,,,0.589592,0.028391,0.994351,3.139018
crossing,context_ext,EESM-MPC-ECBF,17,1.700,-1.082090,0.063618,0.448301,0.382941,0.706930,0.100000,-0.814000,0.000000,0.580000,cyclist,crossing,distracted,1.827059,1.000000,0.625000,1.472260,0.872260,0.000000,0.000000,0.000000,0.000000,0.471457,0.471457,0.000000,0.872260,0.400803,0.400803,0.400803,0.000476,horizon_mpc_secbf,12,-0.000465,true,osqp,optimal,50,4.001755,0,-0.060153,geometric,false,0.746147,-0.075924,0.451000,0.413383,,,0.611789,0.030561,1.055530,3.098005
crossing,context_ext,EESM-MPC-ECBF,18,1.800,-1.036990,0.104956,0.451000,0.413383,0.741907,0.100000,-0.756000,0.000000,0.580000,cyclist,crossing,distracted,1.795528,1.000000,0.625000,1.426181,0.826181,0.000000,0.000000,0.000000,0.000000,0.450123,0.450123,0.000000,0.826181,0.376058,0.376058,0.376058,0.000497,horizon_mpc_secbf,12,-0.000377,true,osqp,optimal,100,3.687187,0,-0.069440,geometric,false,0.744929,-0.087066,0.458670,0.446931,,,0.640410,0.034413,1.119571,3.057663
crossing,context_ext,EESM-MPC-ECBF,19,1.900,-0.991123,0.149649,0.458670,0.446931,0.772436,0.100000,-0.698000,0.000000,0.580000,cyclist,crossing,distracted,1.761152,1.000000,0.625000,1.381687,0.781687,0.000000,0.000000,0.000000,0.000000,0.427422,0.427422,0.000000,0.781687,0.354265,0.354265,0.354265,0.000521,horizon_mpc_secbf,12,0.000227,true,osqp,optimal,250,4.775690,0,-0.077879,geometric,false,0.743394,-0.099326,0.473785,0.484621,,,0.677739,0.040608,1.187345,3.017704
crossing,context_ext,EESM-MPC-ECBF,20,2.000,-0.943744,0.198111,0.473785,0.484621,0.796703,0.100000,-0.640000,0.000000,0.580000,cyclist,crossing,distracted,1.721086,1.000000,0.625000,1.338594,0.738594,0.000000,0.000000,0.000000,0.000000,0.402376,0.402376,0.000000,0.738594,0.336218,0.336218,0.336218,0.000552,horizon_mpc_secbf,12,0.002881,true,osqp,optimal,325,5.182319,0,-0.081797,geometric,false,0.741458,-0.112869,0.496431,0.529715,,,0.725976,0.050461,1.259943,2.977656
crossing,context_ext,EESM-MPC-ECBF,21,2.100,-0.894101,0.251083,0.496431,0.529715,0.817823,0.100000,-0.582000,0.000000,0.580000,cyclist,crossing,distracted,1.688572,1.000000,0.625000,1.297021,0.697021,0.000000,0.000000,0.000000,0.000000,0.369418,0.369418,0.000000,0.697021,0.327604,0.327604,0.327604,0.000595,horizon_mpc_secbf,12,0.011016,true,osqp,optimal,375,5.632543,0,-0.072417,geometric,false,0.739005,-0.127951,0.494236,0.546045,,,0.736501,0.016476,1.333593,2.937159
crossing,context_ext,EESM-MPC-ECBF,22,2.200,-0.844678,0.305687,0.494236,0.546045,0.835160,0.100000,-0.524000,0.000000,0.580000,cyclist,crossing,distracted,1.669310,1.000000,0.625000,1.257297,0.657297,0.000000,0.000000,0.000000,0.000000,0.342919,0.342919,0.000000,0.657297,0.314378,0.314378,0.314378,0.000693,horizon_mpc_secbf,12,0.029025,true,osqp,optimal,575,5.952712,0,-0.043228,geometric,false,0.736087,-0.143789,0.469114,0.571168,,,0.739121,0.035529,1.407505,2.898444
crossing,context_ext,EESM-MPC-ECBF,23,2.300,-0.797766,0.362804,0.469114,0.571168,0.883188,0.100000,-0.466000,0.000000,0.580000,cyclist,crossing,distracted,1.773255,1.000000,0.625000,1.221843,0.621843,0.000000,0.000000,0.000000,0.000000,0.296588,0.296588,0.000000,0.621843,0.325255,0.325255,0.325255,0.000784,horizon_mpc_secbf,12,0.056269,true,osqp,optimal,575,6.347506,0,-0.015588,geometric,false,0.732632,-0.160471,0.462709,0.577574,,,0.740061,0.009059,1.481511,2.864092
crossing,context_ext,EESM-MPC-ECBF,24,2.400,-0.751495,0.420562,0.462709,0.577574,0.895370,0.100000,-0.408000,0.000000,0.580000,cyclist,crossing,distracted,1.764384,1.000000,0.625000,1.188090,0.588090,0.000000,0.000000,0.000000,0.000000,0.275044,0.275044,0.000000,0.588090,0.313047,0.313047,0.313047,0.001785,horizon_mpc_secbf,12,0.132609,true,osqp,optimal,350,4.898998,0,0.046632,geometric,false,0.728673,-0.177583,0.416659,0.623615,,,0.750000,0.065118,1.556511,2.832027
crossing,context_ext,EESM-MPC-ECBF,25,2.500,-0.709829,0.482923,0.416659,0.623615,0.981778,0.100000,-0.350000,0.000000,0.580000,cyclist,crossing,distracted,2.167275,1.000000,0.625000,1.161716,0.561716,0.000000,0.000000,0.000000,0.000000,0.201038,0.201038,0.000000,0.561716,0.360678,0.360678,0.360678,0.003245,horizon_mpc_secbf,12,0.170383,true,osqp,optimal,1500,10.750737,0,0.104729,geometric,false,0.723986,-0.195815,0.416670,0.623607,,,0.750000,0.000014,1.631511,2.807196
crossing,context_ext,EESM-MPC-ECBF,26,2.600,-0.668162,0.545284,0.416670,0.623607,0.981760,0.100000,-0.292000,0.000000,0.580000,cyclist,crossing,distracted,2.148948,1.000000,0.625000,1.136274,0.536274,0.000000,0.000000,0.000000,0.000000,0.187846,0.187846,0.000000,0.536274,0.348428,0.348428,0.348428,0.062269,horizon_mpc_secbf,12,0.208243,true,osqp,optimal,7600,38.156138,0,0.179647,geometric,false,0.718752,-0.214234,0.397814,0.631416,,,0.746286,0.020409,1.706140,2.784164
crossing,context_ext,EESM-MPC-ECBF,27,2.700,-0.628381,0.608425,0.397814,0.631416,1.008585,0.100000,-0.234000,0.000000,0.580000,cyclist,crossing,distracted,2.321110,1.000000,0.625000,1.113651,0.513651,0.000000,0.000000,0.000000,0.000000,0.160642,0.160642,0.000000,0.513651,0.353010,0.353010,0.353010,0.100828,horizon_mpc_secbf,12,0.162792,true,osqp,optimal,4575,24.038014,0,0.214295,geometric,false,0.712940,-0.232845,0.416676,0.623603,,,0.750000,0.020416,1.781140,2.765010
crossing,context_ext,EESM-MPC-ECBF,28,2.800,-0.586713,0.670786,0.416676,0.623603,0.981750,0.100000,-0.176000,0.000000,0.580000,cyclist,crossing,distracted,2.144649,1.000000,0.625000,1.090239,0.490239,0.000000,0.000000,0.000000,0.000000,0.159802,0.159802,0.000000,0.490239,0.330437,0.330437,0.330437,0.167335,horizon_mpc_secbf,12,0.158491,true,osqp,optimal,7125,36.927890,0,0.269188,geometric,false,0.706569,-0.251516,0.416674,0.623605,,,0.750000,0.000003,1.856140,2.745712
crossing,context_ext,EESM-MPC-ECBF,29,2.900,-0.545046,0.733146,0.416674,0.623605,0.981754,0.100000,-0.118000,0.000000,0.580000,cyclist,crossing,distracted,2.157303,1.000000,0.625000,1.067958,0.467958,0.000000,0.000000,0.000000,0.000000,0.144522,0.144522,0.000000,0.467958,0.323436,0.323436,0.323436,0.214882,horizon_mpc_secbf,12,0.146968,true,osqp,optimal,1750,11.508410,0,0.321394,geometric,false,0.699614,-0.270260,0.416679,0.623601,,,0.750000,0.000007,1.931140,2.728339
crossing,context_ext,EESM-MPC-ECBF,30,3.000,-0.503378,0.795506,0.416679,0.623601,0.981745,0.100000,-0.060000,0.000000,0.580000,cyclist,crossing,distracted,2.184953,1.000000,0.625000,1.046879,0.446879,0.000000,0.000000,0.000000,0.000000,0.128592,0.128592,0.000000,0.446879,0.318287,0.318287,0.318287,0.227422,horizon_mpc_secbf,12,0.028367,true,osqp,optimal,2625,16.335004,0,0.150409,geometric,false,0.692069,-0.289034,0.553577,0.486704,,,0.737109,0.193602,2.004851,2.712929
crossing,context_ext,EESM-MPC-ECBF,31,3.100,-0.448020,0.844177,0.553577,0.486704,0.721203,0.100000,-0.002000,0.000000,0.580000,cyclist,crossing,distracted,1.076227,1.000000,0.625000,1.008138,0.408138,0.000000,0.000000,0.000000,0.000000,0.255236,0.255236,0.000000,0.408138,0.152902,0.152902,0.152902,0.405488,horizon_mpc_secbf,12,-0.080840,true,osqp,optimal,3550,20.483740,0,0.248051,geometric,false,0.684717,-0.306044,0.503764,0.536520,,,0.735956,0.070449,2.078446,2.681422
crossing,context_ext,EESM-MPC-ECBF,32,3.200,-0.397644,0.897829,0.503764,0.536520,0.816876,0.100000,0.056000,0.000000,0.580000,cyclist,crossing,distracted,1.286380,1.000000,0.625000,0.977919,0.377919,0.000000,0.000000,0.000000,0.000000,0.179546,0.179546,0.000000,0.377919,0.198372,0.198372,0.198372,0.295547,horizon_mpc_secbf,12,-0.090406,true,osqp,optimal,7675,39.528294,0,0.035992,geometric,false,0.676477,-0.323851,0.623599,0.416682,,,0.750000,0.169475,2.153446,2.658234
crossing,context_ext,EESM-MPC-ECBF,33,3.300,-0.335284,0.939497,0.623599,0.416682,0.589056,0.100000,0.114000,0.000000,0.580000,cyclist,crossing,distracted,0.765468,1.000000,0.625000,0.933230,0.333230,0.000000,0.000000,0.000000,0.000000,0.244794,0.244794,0.000000,0.333230,0.088436,0.088436,0.088436,0.375892,horizon_mpc_secbf,12,-0.171239,true,osqp,optimal,6325,32.312435,0,0.101160,geometric,false,0.668300,-0.340404,0.570188,0.470096,,,0.738989,0.075537,2.227345,2.620774
crossing,context_ext,EESM-MPC-ECBF,34,3.400,-0.278265,0.986507,0.570188,0.470096,0.689478,0.100000,0.172000,0.000000,0.580000,cyclist,crossing,distracted,0.877038,1.000000,0.625000,0.898057,0.298057,0.000000,0.000000,0.000000,0.000000,0.167783,0.167783,0.000000,0.298057,0.130273,0.130273,0.130273,0.271054,horizon_mpc_secbf,12,-0.099772,true,osqp,optimal,7500,37.926670,0,-0.009555,geometric,false,0.659172,-0.357759,0.623654,0.416601,,,0.750000,0.075633,2.302345,2.592189
crossing,context_ext,EESM-MPC-ECBF,35,3.500,-0.215900,1.028167,0.623654,0.416601,0.588925,0.100000,0.230000,0.000000,0.580000,cyclist,crossing,distracted,0.677449,1.000000,0.625000,0.858407,0.258407,0.000000,0.000000,0.000000,0.000000,0.152970,0.152970,0.000000,0.258407,0.105438,0.105438,0.105438,0.232760,horizon_mpc_secbf,12,-0.092293,true,osqp,optimal,11900,59.452431,0,-0.043180,geometric,false,0.649669,-0.374740,0.623617,0.416655,,,0.750000,0.000065,2.377345,2.558109
crossing,context_ext,EESM-MPC-ECBF,36,3.600,-0.153538,1.069832,0.623617,0.416655,0.589012,0.100000,0.288000,0.000000,0.580000,cyclist,crossing,distracted,0.638147,1.000000,0.625000,0.821914,0.221914,0.000000,0.000000,0.000000,0.000000,0.101161,0.101161,0.000000,0.221914,0.120753,0.120753,0.120753,0.157256,horizon_mpc_secbf,12,-0.050696,true,osqp,optimal,10525,59.686914,0,-0.069721,geometric,false,0.639461,-0.391905,0.623607,0.416671,,,0.750000,0.000019,2.452345,2.525804
crossing,context_ext,EESM-MPC-ECBF,37,3.700,-0.091178,1.111499,0.623607,0.416671,0.589038,0.100000,0.346000,0.000000,0.580000,cyclist,crossing,distracted,0.610574,1.000000,0.625000,0.789011,0.189011,0.000000,0.000000,0.000000,0.000000,0.047658,0.047658,0.000000,0.189011,0.141353,0.141353,0.141353,0.081276,horizon_mpc_secbf,12,-0.011798,true,osqp,optimal,7225,42.365448,0,-0.186053,geometric,false,0.628526,-0.409213,0.661956,0.324085,,,0.737033,0.100214,2.526048,2.495336
crossing,context_ext,EESM-MPC-ECBF,38,3.800,-0.024982,1.143908,0.661956,0.324085,0.455282,0.100000,0.404000,0.000000,0.580000,cyclist,crossing,distracted,0.414760,1.000000,0.625000,0.750389,0.150389,0.000000,0.000000,0.000000,0.000000,0.027485,0.027485,0.000000,0.150389,0.122904,0.122904,0.122904,0.045954,horizon_mpc_secbf,12,0.017729,true,osqp,optimal,5725,30.002888,0,-0.214641,geometric,false,0.617785,-0.425256,0.670164,0.304269,,,0.736002,0.021449,2.599649,2.458359
crossing,context_ext,EESM-MPC-ECBF,39,3.900,0.042035,1.174335,0.670164,0.304269,0.426193,0.100000,0.462000,0.000000,0.580000,cyclist,crossing,distracted,0.348412,1.000000,0.625000,0.714689,0.114689,0.000000,0.000000,0.000000,0.000000,0.000000,0.000000,0.000000,0.114689,0.151937,0.151937,0.114689,0.004931,horizon_mpc_secbf,12,0.025998,true,osqp,optimal,4500,24.601291,0,-0.260522,geometric,false,0.606499,-0.441202,0.690655,0.254803,,,0.736158,0.053541,2.673264,2.421231
crossing,context_ext,EESM-MPC-ECBF,40,4.000,0.111100,1.199815,0.690655,0.254803,0.353439,0.100000,0.520000,0.000000,0.580000,cyclist,crossing,distracted,0.254575,1.000000,0.625000,0.679906,0.079906,0.000000,0.000000,0.000000,0.000000,0.000000,0.000000,0.000000,0.079906,0.186266,0.186266,0.079906,0.000959,horizon_mpc_secbf,12,0.009311,true,osqp,optimal,1025,10.515504,0,-0.281896,geometric,false,0.594952,-0.456653,0.711051,0.205582,,,0.740174,0.053281,2.747282,2.381157
crossing,context_ext,EESM-MPC-ECBF,41,4.100,0.182205,1.220373,0.711051,0.205582,0.281449,0.100000,0.578000,0.000000,0.580000,cyclist,crossing,distracted,0.169357,1.000000,0.625000,0.647612,0.047612,0.000000,0.000000,0.000000,0.000000,0.000000,0.000000,0.000000,0.047612,0.237291,0.237291,0.047612,0.000712,horizon_mpc_secbf,12,0.003497,true,osqp,optimal,1100,10.313374,0,-0.252142,geometric,false,0.583118,-0.471671,0.719571,0.184999,,,0.742972,0.022276,2.821579,2.338028
crossing,context_ext,EESM-MPC-ECBF,42,4.200,0.254162,1.238873,0.719571,0.184999,0.251647,0.100000,0.636000,0.000000,0.580000,cyclist,crossing,distracted,0.108950,1.000000,0.625000,0.622272,0.022272,0.000000,0.000000,0.000000,0.000000,0.000000,0.000000,0.000000,0.022272,0.298120,0.298120,0.022272,0.000330,horizon_mpc_secbf,12,0.001033,true,osqp,optimal,250,6.264828,0,-0.191876,geometric,false,0.570662,-0.486668,0.724362,0.173392,,,0.744826,0.012557,2.896062,2.294492
crossing,context_ext,EESM-MPC-ECBF,43,4.300,0.326598,1.256212,0.724362,0.173392,0.234951,0.100000,0.694000,0.000000,0.580000,cyclist,crossing,distracted,0.057923,1.000000,0.625000,0.606160,0.006160,0.000000,0.000000,0.000000,0.000000,0.000000,0.000000,0.000000,0.006160,0.363607,0.363607,0.006160,0.000322,horizon_mpc_secbf,12,-0.000014,true,osqp,optimal,350,5.196230,0,-0.114024,geometric,false,0.557446,-0.501751,0.731946,0.155065,,,0.748191,0.019834,2.970881,2.251432
crossing,context_ext,EESM-MPC-ECBF,44,4.400,0.399793,1.271719,0.731946,0.155065,0.208766,0.100000,0.752000,0.000000,0.580000,cyclist,crossing,distracted,0.000000,1.000000,0.625000,0.599986,-0.000014,0.000000,0.000000,0.000000,0.000000,0.000000,0.000000,0.000000,-0.000014,0.436084,0.436084,-0.000014,0.000310,horizon_mpc_secbf,12,-0.000018,true,osqp,optimal,150,6.623678,1,-0.065713,geometric,false,0.543491,-0.516834,0.735589,0.079481,,,0.739870,0.075671,3.044868,2.208232
crossing,context_ext,EESM-MPC-ECBF,45,4.500,0.473352,1.279667,0.735589,0.079481,0.107633,0.100000,0.810000,0.000000,0.580000,cyclist,crossing,distracted,,0.000000,0.625000,0.599982,-0.000018,0.000000,0.000000,0.000000,0.000000,0.000000,0.000000,0.000000,-0.000018,-0.000018,-0.000018,-0.000018,0.000191,horizon_mpc_secbf,12,-0.000126,true,osqp,optimal,175,4.213588,1,-0.086280,geometric,false,0.529806,-0.530854,0.735599,-0.115190,,,0.744563,0.194671,3.119324,2.161142
crossing,context_ext,EESM-MPC-ECBF,46,4.600,0.546912,1.268148,0.735599,-0.115190,-0.155332,0.100000,0.868000,0.000000,0.580000,cyclist,crossing,distracted,,0.000000,0.625000,0.599874,-0.000126,0.000000,0.000000,0.000000,0.000000,0.000000,0.000000,0.000000,-0.000126,-0.000126,-0.000126,-0.000126,0.000000,horizon_mpc_secbf,12,0.006027,true,osqp,optimal,150,5.655168,0,-0.035475,geometric,false,0.518593,-0.541813,0.693620,-0.247674,,,0.736513,0.138975,3.192975,2.101485
crossing,context_ext,EESM-MPC-ECBF,47,4.700,0.616274,1.243381,0.693620,-0.247674,-0.342963,0.100000,0.926000,0.000000,0.580000,cyclist,crossing,distracted,,0.000000,0.625000,0.606027,0.006027,0.000000,0.000000,0.000000,0.000000,0.000000,0.000000,0.000000,0.006027,0.006027,0.006027,0.006027,0.000000,horizon_mpc_secbf,12,0.028108,true,osqp,optimal,200,4.852594,0,0.131239,geometric,false,0.509748,-0.550143,0.678375,-0.284407,,,0.735582,0.039771,3.266533,2.035899
crossing,context_ext,EESM-MPC-ECBF,48,4.800,0.684111,1.214940,0.678375,-0.284407,-0.396988,0.100000,0.984000,0.000000,0.580000,cyclist,crossing,distracted,,0.000000,0.625000,0.628108,0.028108,0.000000,0.000000,0.000000,0.000000,0.000000,0.000000,0.000000,0.028108,0.028108,0.028108,0.028108,0.000000,horizon_mpc_secbf,12,0.066328,true,osqp,optimal,125,5.802662,0,0.323605,geometric,false,0.501185,-0.557955,0.668735,-0.307728,,,0.736141,0.025235,3.340148,1.969165
crossing,context_ext,EESM-MPC-ECBF,49,4.900,0.750985,1.184167,0.668735,-0.307728,-0.431275,0.100000,1.042000,0.000000,0.580000,cyclist,crossing,distracted,,0.000000,0.625000,0.666328,0.066328,0.000000,0.000000,0.000000,0.000000,0.000000,0.000000,0.000000,0.066328,0.066328,0.066328,0.066328,0.000000,horizon_mpc_secbf,12,0.118704,true,osqp,optimal,125,3.916476,0,0.515784,geometric,false,0.492564,-0.565580,0.659035,-0.331155,,,0.737557,0.025356,3.413903,1.901808
crossing,context_ext,EESM-MPC-ECBF,50,5.000,0.816888,1.151051,0.659035,-0.331155,-0.465634,0.100000,1.100000,0.000000,0.580000,cyclist,crossing,distracted,,0.000000,0.625000,0.718704,0.118704,0.000000,0.000000,0.000000,0.000000,0.000000,0.000000,0.000000,0.118704,0.118704,0.118704,0.118704,0.000000,horizon_mpc_secbf,12,0.182897,true,osqp,optimal,125,6.051119,0,0.699010,geometric,false,0.483886,-0.573022,0.648477,-0.356639,,,0.740077,0.027585,3.487911,1.833766
crossing,context_ext,EESM-MPC-ECBF,51,5.100,0.881736,1.115387,0.648477,-0.356639,-0.502816,0.100000,1.158000,0.000000,0.580000,cyclist,crossing,distracted,,0.000000,0.625000,0.782897,0.182897,0.000000,0.000000,0.000000,0.000000,0.000000,0.000000,0.000000,0.182897,0.182897,0.182897,0.182897,0.000000,horizon_mpc_secbf,12,0.256800,true,osqp,optimal,125,4.310471,0,0.871529,geometric,false,0.475216,-0.580233,0.637102,-0.384099,,,0.743929,0.029723,3.562304,1.764879
crossing,context_ext,EESM-MPC-ECBF,52,5.200,0.945446,1.076978,0.637102,-0.384099,-0.542538,0.100000,1.216000,0.000000,0.580000,cyclist,crossing,distracted,,0.000000,0.625000,0.856800,0.256800,0.000000,0.000000,0.000000,0.000000,0.000000,0.000000,0.000000,0.256800,0.256800,0.256800,0.256800,0.000000,horizon_mpc_secbf,12,0.338616,true,osqp,optimal,125,4.974891,0,1.033788,geometric,false,0.466623,-0.587166,0.624200,-0.412615,,,0.748249,0.031299,3.637129,1.694979
crossing,context_ext,EESM-MPC-ECBF,53,5.300,1.007866,1.035716,0.624200,-0.412615,-0.584090,0.100000,1.274000,0.000000,0.580000,cyclist,crossing,distracted,,0.000000,0.625000,0.938616,0.338616,0.000000,0.000000,0.000000,0.000000,0.000000,0.000000,0.000000,0.338616,0.338616,0.338616,0.338616,0.000000,horizon_mpc_secbf,12,0.426124,true,osqp,optimal,175,6.122822,0,1.179979,geometric,false,0.458188,-0.593771,0.602808,-0.437477,,,0.744824,0.032798,3.711611,1.624006
crossing,context_ext,EESM-MPC-ECBF,54,5.400,1.068147,0.991968,0.602808,-0.437477,-0.627788,0.100000,1.332000,0.000000,0.580000,cyclist,crossing,distracted,,0.000000,0.625000,1.026124,0.426124,0.000000,0.000000,0.000000,0.000000,0.000000,0.000000,0.000000,0.426124,0.426124,0.426124,0.426124,0.000000,horizon_mpc_secbf,12,0.518036,true,osqp,optimal,200,5.269132,0,1.317226,geometric,false,0.450116,-0.599913,0.578613,-0.461665,,,0.740221,0.034212,3.785633,1.552687
crossing,context_ext,EESM-MPC-ECBF,55,5.500,1.126008,0.945802,0.578613,-0.461665,-0.673448,0.100000,1.390000,0.000000,0.580000,cyclist,crossing,distracted,,0.000000,0.625000,1.118036,0.518036,0.000000,0.000000,0.000000,0.000000,0.000000,0.000000,0.000000,0.518036,0.518036,0.518036,0.518036,0.000000,horizon_mpc_secbf,12,0.613605,true,osqp,optimal,200,6.339317,0,1.449992,geometric,false,0.442558,-0.605510,0.553852,-0.486425,,,0.737130,0.035017,3.859346,1.481150
crossing,context_ext,EESM-MPC-ECBF,56,5.600,1.181393,0.897159,0.553852,-0.486425,-0.720673,0.100000,1.448000,0.000000,0.580000,cyclist,crossing,distracted,,0.000000,0.625000,1.213605,0.613605,0.000000,0.000000,0.000000,0.000000,0.000000,0.000000,0.000000,0.613605,0.613605,0.613605,0.613605,0.000000,horizon_mpc_secbf,12,0.712313,true,osqp,optimal,150,5.014309,0,1.580222,geometric,false,0.435649,-0.610500,0.528823,-0.511470,,,0.735700,0.035407,3.932916,1.409288
crossing,context_ext,EESM-MPC-ECBF,57,5.700,1.234276,0.846012,0.528823,-0.511470,-0.768719,0.100000,1.506000,0.000000,0.580000,cyclist,crossing,distracted,,0.000000,0.625000,1.312313,0.712313,0.000000,0.000000,0.000000,0.000000,0.000000,0.000000,0.000000,0.712313,0.712313,0.712313,0.712313,0.000000,horizon_mpc_secbf,12,0.813801,true,osqp,optimal,150,3.900329,0,1.709267,geometric,false,0.429538,-0.614815,0.503775,-0.536530,,,0.735971,0.035432,4.006513,1.337003
crossing,context_ext,EESM-MPC-ECBF,58,5.800,1.284653,0.792359,0.503775,-0.536530,-0.816874,0.100000,1.564000,0.000000,0.580000,cyclist,crossing,distracted,,0.000000,0.625000,1.413801,0.813801,0.000000,0.000000,0.000000,0.000000,0.000000,0.000000,0.000000,0.813801,0.813801,0.813801,0.813801,0.000000,horizon_mpc_secbf,12,0.917819,true,osqp,optimal,175,4.110981,0,1.838073,geometric,false,0.424383,-0.618384,0.478984,-0.561317,,,0.737904,0.035057,4.080304,1.264213
crossing,context_ext,EESM-MPC-ECBF,59,5.900,1.332551,0.736228,0.478984,-0.561317,-0.864378,0.100000,1.622000,0.000000,0.580000,cyclist,crossing,distracted,,0.000000,0.625000,1.517819,0.917819,0.000000,0.000000,0.000000,0.000000,0.000000,0.000000,0.000000,0.917819,0.917819,0.917819,0.917819,0.000000,horizon_mpc_secbf,12,1.024197,true,osqp,optimal,175,4.743060,0,1.967319,geometric,false,0.420359,-0.621126,0.454890,-0.585396,,,0.741359,0.034063,4.154440,1.190854
crossing,context_ext,EESM-MPC-ECBF,60,6.000,1.378040,0.677688,0.454890,-0.585396,-0.910198,0.100000,1.680000,0.000000,0.580000,cyclist,crossing,distracted,,0.000000,0.625000,1.624197,1.024197,0.000000,0.000000,0.000000,0.000000,0.000000,0.000000,0.000000,1.024197,1.024197,1.024197,1.024197,0.000000,horizon_mpc_secbf,12,1.132821,true,osqp,optimal,150,4.525093,0,2.097580,geometric,false,0.417651,-0.622951,0.432837,-0.607456,,,0.745889,0.031193,4.229029,1.116888
crossing,context_ext,EESM-MPC-ECBF,61,6.100,1.421324,0.616943,0.432837,-0.607456,-0.951703,0.100000,1.738000,0.000000,0.580000,cyclist,crossing,distracted,,0.000000,0.625000,1.732821,1.132821,0.000000,0.000000,0.000000,0.000000,0.000000,0.000000,0.000000,1.132821,1.132821,1.132821,1.132821,0.000000,horizon_mpc_secbf,12,1.243612,true,osqp,optimal,125,3.729022,0,2.229467,geometric,false,0.416381,-0.623800,0.419205,-0.620996,,,0.749246,0.019214,4.303953,1.042332
crossing,context_ext,EESM-MPC-ECBF,62,6.200,1.463245,0.554843,0.419205,-0.620996,-0.977011,0.100000,1.796000,0.000000,0.580000,cyclist,crossing,distracted,,0.000000,0.625000,1.843612,1.243612,0.000000,0.000000,0.000000,0.000000,0.000000,0.000000,0.000000,1.243612,1.243612,1.243612,1.243612,0.000000,horizon_mpc_secbf,12,1.356389,true,osqp,optimal,150,4.246200,0,2.361887,geometric,false,0.416129,-0.623969,0.416652,-0.623446,,,0.749856,0.003538,4.378939,0.967408
crossing,context_ext,EESM-MPC-ECBF,63,6.300,1.504910,0.492498,0.416652,-0.623446,-0.981661,0.100000,1.854000,0.000000,0.580000,cyclist,crossing,distracted,,0.000000,0.625000,1.956389,1.356389,0.000000,0.000000,0.000000,0.000000,0.000000,0.000000,0.000000,1.356389,1.356389,1.356389,1.356389,0.000000,horizon_mpc_secbf,12,1.470849,true,osqp,optimal,150,5.347116,0,2.493003,geometric,false,0.416078,-0.624002,0.416144,-0.623828,,,0.749891,0.000635,4.453928,0.892423
crossing,context_ext,EESM-MPC-ECBF,64,6.400,1.546524,0.430116,0.416144,-0.623828,-0.982506,0.100000,1.912000,0.000000,0.580000,cyclist,crossing,distracted,,0.000000,0.625000,2.070849,1.470849,0.000000,0.000000,0.000000,0.000000,0.000000,0.000000,0.000000,1.470849,1.470849,1.470849,1.470849,0.000000,horizon_mpc_secbf,12,1.586733,true,osqp,optimal,175,4.431752,0,2.622949,geometric,false,0.416067,-0.624010,0.416040,-0.623881,,,0.749878,0.000117,4.528916,0.817433
crossing,context_ext,EESM-MPC-ECBF,65,6.500,1.588128,0.367727,0.416040,-0.623881,-0.982662,0.100000,1.970000,0.000000,0.580000,cyclist,crossing,distracted,,0.000000,0.625000,2.186733,1.586733,0.000000,0.000000,0.000000,0.000000,0.000000,0.000000,0.000000,1.586733,1.586733,1.586733,1.586733,0.000000,horizon_mpc_secbf,12,1.703831,true,osqp,optimal,175,4.115855,0,2.751964,geometric,false,0.416063,-0.624013,0.416018,-0.623891,,,0.749874,0.000024,4.603903,0.742446
crossing,context_ext,EESM-MPC-ECBF,66,6.600,1.629730,0.305338,0.416018,-0.623891,-0.982693,0.100000,2.028000,0.000000,0.580000,cyclist,crossing,distracted,,0.000000,0.625000,2.303831,1.703831,0.000000,0.000000,0.000000,0.000000,0.000000,0.000000,0.000000,1.703831,1.703831,1.703831,1.703831,0.000000,horizon_mpc_secbf,12,1.821966,true,osqp,optimal,175,4.734997,0,2.880257,geometric,false,0.416060,-0.624015,0.416011,-0.623893,,,0.749872,0.000007,4.678890,0.667458
crossing,context_ext,EESM-MPC-ECBF,67,6.700,1.671331,0.242949,0.416011,-0.623893,-0.982702,0.100000,2.086000,0.000000,0.580000,cyclist,crossing,distracted,,0.000000,0.625000,2.421966,1.821966,0.000000,0.000000,0.000000,0.000000,0.000000,0.000000,0.000000,1.821966,1.821966,1.821966,1.821966,0.000000,horizon_mpc_secbf,12,1.940993,true,osqp,optimal,225,4.962992,0,3.007991,geometric,false,0.416057,-0.624017,0.416005,-0.623889,,,0.749865,0.000008,4.753877,0.592471
crossing,context_ext,EESM-MPC-ECBF,68,6.800,1.712932,0.180560,0.416005,-0.623889,-0.982706,0.100000,2.144000,0.000000,0.580000,cyclist,crossing,distracted,,0.000000,0.625000,2.540993,1.940993,0.000000,0.000000,0.000000,0.000000,0.000000,0.000000,0.000000,1.940993,1.940993,1.940993,1.940993,0.000000,horizon_mpc_secbf,12,2.060793,true,osqp,optimal,225,4.918036,0,3.135309,geometric,false,0.416054,-0.624019,0.416001,-0.623890,,,0.749864,0.000004,4.828863,0.517485
crossing,context_ext,EESM-MPC-ECBF,69,6.900,1.754532,0.118171,0.416001,-0.623890,-0.982711,0.100000,2.202000,0.000000,0.580000,cyclist,crossing,distracted,,0.000000,0.625000,2.660793,2.060793,0.000000,0.000000,0.000000,0.000000,0.000000,0.000000,0.000000,2.060793,2.060793,2.060793,2.060793,0.000000,horizon_mpc_secbf,12,2.181266,true,osqp,optimal,225,4.980650,0,3.262309,geometric,false,0.416050,-0.624021,0.415997,-0.623892,,,0.749864,0.000005,4.903850,0.442498
crossing,context_ext,EESM-MPC-ECBF,70,7.000,1.796132,0.055782,0.415997,-0.623892,-0.982717,0.100000,2.260000,0.000000,0.580000,cyclist,crossing,distracted,,0.000000,0.625000,2.781266,2.181266,0.000000,0.000000,0.000000,0.000000,0.000000,0.000000,0.000000,2.181266,2.181266,2.181266,2.181266,0.000000,horizon_mpc_secbf,12,2.302328,true,osqp,optimal,225,4.812142,0,3.389070,geometric,false,0.416045,-0.624025,0.415992,-0.623894,,,0.749862,0.000005,4.978836,0.367512
crossing,context_ext,EESM-MPC-ECBF,71,7.100,1.837731,-0.006608,0.415992,-0.623894,-0.982724,0.100000,2.318000,0.000000,0.580000,cyclist,crossing,distracted,,0.000000,0.625000,2.902328,2.302328,0.000000,0.000000,0.000000,0.000000,0.000000,0.000000,0.000000,2.302328,2.302328,2.302328,2.302328,0.000000,horizon_mpc_secbf,12,2.423909,true,osqp,optimal,225,4.234734,0,3.515651,geometric,false,0.416039,-0.624029,0.415986,-0.623897,,,0.749861,0.000007,5.053822,0.292526
crossing,context_ext,EESM-MPC-ECBF,72,7.200,1.879329,-0.068997,0.415986,-0.623897,-0.982733,0.100000,2.376000,0.000000,0.580000,cyclist,crossing,distracted,,0.000000,0.625000,3.023909,2.423909,0.000000,0.000000,0.000000,0.000000,0.000000,0.000000,0.000000,2.423909,2.423909,2.423909,2.423909,0.000000,horizon_mpc_secbf,12,2.545947,true,osqp,optimal,275,4.903388,0,3.642095,geometric,false,0.416030,-0.624034,0.415976,-0.623897,,,0.749856,0.000010,5.128808,0.217539
crossing,context_ext,EESM-MPC-ECBF,73,7.300,1.920927,-0.131387,0.415976,-0.623897,-0.982745,0.100000,2.434000,0.000000,0.580000,cyclist,crossing,distracted,,0.000000,0.625000,3.145947,2.545947,0.000000,0.000000,0.000000,0.000000,0.000000,0.000000,0.000000,2.545947,2.545947,2.545947,2.545947,0.000000,horizon_mpc_secbf,12,2.668393,true,osqp,optimal,275,6.086876,0,3.768445,geometric,false,0.416017,-0.624043,0.415962,-0.623903,,,0.749853,0.000015,5.203793,0.142554
crossing,context_ext,EESM-MPC-ECBF,74,7.400,1.962523,-0.193777,0.415962,-0.623903,-0.982764,0.100000,2.492000,0.000000,0.580000,cyclist,crossing,distracted,,0.000000,0.625000,3.268393,2.668393,0.000000,0.000000,0.000000,0.000000,0.000000,0.000000,0.000000,2.668393,2.668393,2.668393,2.668393,0.000001,horizon_mpc_secbf,12,2.785057,true,osqp,optimal,75,5.087380,0,3.833298,geometric,false,0.374768,-0.562227,0.381836,-0.572809,,,0.688410,0.061443,5.272634,0.067568
crossing,context_ext,EESM-MPC-ECBF,75,7.500,2.000707,-0.251058,0.381836,-0.572809,-0.982838,0.100000,2.550000,0.000000,0.580000,cyclist,crossing,distracted,,0.000000,0.625000,3.385057,2.785057,0.000000,0.000000,0.000000,0.000000,0.000000,0.000000,0.000000,2.785057,2.785057,2.785057,2.785057,0.000000,horizon_mpc_secbf,12,2.833205,true,osqp,optimal,75,5.158842,0,3.264993,geometric,false,-0.007068,0.010582,-0.000089,-0.000059,,,0.000106,0.688410,5.272645,0.001273
crossing,context_ext,EESM-MPC-ECBF,76,7.600,2.000698,-0.251064,-0.000089,-0.000059,-2.556050,0.100000,2.608000,0.000000,0.580000,cyclist,crossing,distracted,,0.000000,0.625000,3.433205,2.833205,0.000000,0.000000,0.000000,0.000000,0.000000,0.000000,0.000000,2.833205,2.833205,2.833205,2.833205,0.000000,horizon_mpc_secbf,12,2.880600,true,osqp,optimal,75,5.446787,0,3.305669,geometric,false,-0.006979,0.010641,-0.005797,0.008805,,,0.010542,0.010543,5.273699,0.001273
crossing,context_ext,EESM-MPC-ECBF,77,7.700,2.000118,-0.250184,-0.005797,0.008805,2.153030,0.100000,2.666000,0.000000,0.580000,cyclist,crossing,distracted,,0.000000,0.625000,3.480600,2.880600,0.000000,0.000000,0.000000,0.000000,0.000000,0.000000,0.000000,2.880600,2.880600,2.880600,2.880600,0.000000,horizon_mpc_secbf,12,2.928976,true,osqp,optimal,50,4.878830,0,3.362936,geometric,false,-0.001182,0.001836,-0.001971,0.003026,,,0.003611,0.006931,5.274060,0.000218
crossing,context_ext,EESM-MPC-ECBF,78,7.800,1.999921,-0.249881,-0.001971,0.003026,2.148105,0.100000,2.724000,0.000000,0.580000,cyclist,crossing,distracted,,0.000000,0.625000,3.528976,2.928976,0.000000,0.000000,0.000000,0.000000,0.000000,0.000000,0.000000,2.928976,2.928976,2.928976,2.928976,0.000000,horizon_mpc_secbf,12,2.978045,true,osqp,optimal,50,5.481671,0,3.418303,geometric,false,0.000788,-0.001190,0.000313,-0.000464,,,0.000560,0.004170,5.274116,0.000143
crossing,context_ext,EESM-MPC-ECBF,79,7.900,1.999952,-0.249927,0.000313,-0.000464,-0.976374,0.100000,2.782000,0.000000,0.580000,cyclist,crossing,distracted,,0.000000,0.625000,3.578045,2.978045,0.000000,0.000000,0.000000,0.000000,0.000000,0.000000,0.000000,2.978045,2.978045,2.978045,2.978045,0.000000,horizon_mpc_secbf,12,3.027404,true,osqp,optimal,50,5.420193,0,3.470332,geometric,false,0.000475,-0.000726,0.000446,-0.000679,,,0.000813,0.000253,5.274197,0.000087
crossing,context_ext,EESM-MPC-ECBF,80,8.000,1.999997,-0.249995,0.000446,-0.000679,-0.989526,0.100000,2.840000,0.000000,0.580000,cyclist,crossing,distracted,,0.000000,0.625000,3.627404,3.027404,0.000000,0.000000,0.000000,0.000000,0.000000,0.000000,0.000000,3.027404,3.027404,3.027404,3.027404,0.000000,horizon_mpc_secbf,12,3.076955,true,osqp,optimal,25,4.648202,0,3.521657,geometric,false,0.000029,-0.000047,0.000099,-0.000152,,,0.000181,0.000631,5.274215,0.000006
crossing,context_ext,EESM-MPC-ECBF,81,8.100,2.000007,-0.250011,0.000099,-0.000152,-0.995638,0.100000,2.898000,0.000000,0.580000,cyclist,crossing,distracted,,0.000000,0.625000,3.676955,3.076955,0.000000,0.000000,0.000000,0.000000,0.000000,0.000000,0.000000,3.076955,3.076955,3.076955,3.076955,0.000000,horizon_mpc_secbf,12,3.126725,true,osqp,optimal,25,4.142719,0,3.573452,geometric,false,-0.000070,0.000105,-0.000038,0.000056,,,0.000067,0.000249,5.274222,0.000013
crossing,context_ext,EESM-MPC-ECBF,82,8.200,2.000003,-0.250005,-0.000038,0.000056,2.171043,0.100000,2.956000,0.000000,0.580000,cyclist,crossing,distracted,,0.000000,0.625000,3.726725,3.126725,0.000000,0.000000,0.000000,0.000000,0.000000,0.000000,0.000000,3.126725,3.126725,3.126725,3.126725,0.000000,horizon_mpc_secbf,12,3.176731,true,osqp,optimal,25,5.933627,0,3.625627,geometric,false,-0.000032,0.000049,-0.000031,0.000048,,,0.000057,0.000010,5.274228,0.000006
crossing,context_ext,EESM-MPC-ECBF,83,8.300,2.000000,-0.250000,-0.000031,0.000048,2.151763,0.100000,3.014000,0.000000,0.580000,cyclist,crossing,distracted,,0.000000,0.625000,3.776731,3.176731,0.000000,0.000000,0.000000,0.000000,0.000000,0.000000,0.000000,3.176731,3.176731,3.176731,3.176731,0.000000,horizon_mpc_secbf,12,3.226967,true,osqp,optimal,25,3.430290,0,3.677979,geometric,false,-0.000000,0.000002,-0.000006,0.000009,,,0.000011,0.000046,5.274229,0.000000
crossing,context_ext,EESM-MPC-ECBF,84,8.400,1.999999,-0.249999,-0.000006,0.000009,2.105515,0.100000,3.072000,0.000000,0.580000,cyclist,crossing,distracted,,0.000000,0.625000,3.826967,3.226967,0.000000,0.000000,0.000000,0.000000,0.000000,0.000000,0.000000,3.226967,3.226967,3.226967,3.226967,0.000000,horizon_mpc_secbf,12,3.277421,true,osqp,optimal,25,4.943694,0,3.730442,geometric,false,0.000005,-0.000008,0.000003,-0.000004,,,0.000006,0.000016,5.274229,0.000001
crossing,context_ext,EESM-MPC-ECBF,85,8.500,2.000000,-0.250000,0.000003,-0.000004,-0.947174,0.100000,3.130000,0.000000,0.580000,cyclist,crossing,distracted,,0.000000,0.625000,3.877421,3.277421,0.000000,0.000000,0.000000,0.000000,0.000000,0.000000,0.000000,3.277421,3.277421,3.277421,3.277421,0.000000,horizon_mpc_secbf,12,3.328084,true,osqp,optimal,25,4.927883,0,3.783019,geometric,false,0.000002,-0.000003,0.000002,-0.000003,,,0.000004,0.000002,5.274230,0.000000
crossing,context_ext,EESM-MPC-ECBF,86,8.600,2.000000,-0.250000,0.000002,-0.000003,-0.997642,0.100000,3.188000,0.000000,0.580000,cyclist,crossing,distracted,,0.000000,0.625000,3.928084,3.328084,0.000000,0.000000,0.000000,0.000000,0.000000,0.000000,0.000000,3.328084,3.328084,3.328084,3.328084,0.000000,horizon_mpc_secbf,12,3.378947,true,osqp,optimal,25,3.837963,0,3.835721,geometric,false,-0.000000,0.000000,-0.000000,-0.000000,,,0.000000,0.000004,5.274230,0.000000
crossing,context_ext,EESM-MPC-ECBF,87,8.700,2.000000,-0.250000,-0.000000,-0.000000,-1.816107,0.100000,3.246000,0.000000,0.580000,cyclist,crossing,distracted,,0.000000,0.625000,3.978947,3.378947,0.000000,0.000000,0.000000,0.000000,0.000000,0.000000,0.000000,3.378947,3.378947,3.378947,3.378947,0.000000,horizon_mpc_secbf,12,3.430002,true,osqp,optimal,25,3.449511,0,3.888549,geometric,false,-0.000000,0.000000,-0.000000,0.000000,,,0.000000,0.000001,5.274230,0.000000
crossing,context_ext,EESM-MPC-ECBF,88,8.800,2.000000,-0.250000,-0.000000,0.000000,1.619457,0.100000,3.304000,0.000000,0.580000,cyclist,crossing,distracted,,0.000000,0.625000,4.030002,3.430002,0.000000,0.000000,0.000000,0.000000,0.000000,0.000000,0.000000,3.430002,3.430002,3.430002,3.430002,0.000000,horizon_mpc_secbf,12,3.481243,true,osqp,optimal,25,3.752046,0,3.941495,geometric,false,0.000000,0.000000,0.000000,0.000000,,,0.000000,0.000000,5.274230,0.000000
crossing,context_ext,EESM-MPC-ECBF,89,8.900,2.000000,-0.250000,0.000000,0.000000,1.523155,0.100000,3.362000,0.000000,0.580000,cyclist,crossing,distracted,,0.000000,0.625000,4.081243,3.481243,0.000000,0.000000,0.000000,0.000000,0.000000,0.000000,0.000000,3.481243,3.481243,3.481243,3.481243,0.000000,horizon_mpc_secbf,12,3.532663,true,osqp,optimal,25,4.015165,0,3.994557,geometric,false,0.000000,-0.000000,0.000000,-0.000000,,,0.000000,0.000000,5.274230,0.000000
crossing,context_ext,EESM-MPC-ECBF,90,9.000,2.000000,-0.250000,0.000000,-0.000000,-0.089032,0.100000,3.420000,0.000000,0.580000,cyclist,crossing,distracted,,0.000000,0.625000,4.132663,3.532663,0.000000,0.000000,0.000000,0.000000,0.000000,0.000000,0.000000,3.532663,3.532663,3.532663,3.532663,0.000000,horizon_mpc_secbf,12,3.584254,true,osqp,optimal,25,3.616714,0,4.047730,geometric,false,-0.000000,-0.000000,-0.000000,-0.000000,,,0.000000,0.000000,5.274230,0.000000
crossing,context_ext,EESM-MPC-ECBF,91,9.100,2.000000,-0.250000,-0.000000,-0.000000,-1.729311,0.100000,3.478000,0.000000,0.580000,cyclist,crossing,distracted,,0.000000,0.625000,4.184254,3.584254,0.000000,0.000000,0.000000,0.000000,0.000000,0.000000,0.000000,3.584254,3.584254,3.584254,3.584254,0.000000,horizon_mpc_secbf,12,3.636012,true,osqp,optimal,25,3.537546,0,4.101011,geometric,false,0.000000,0.000000,0.000000,-0.000000,,,0.000000,0.000000,5.274230,0.000000
crossing,context_ext,EESM-MPC-ECBF,92,9.200,2.000000,-0.250000,0.000000,-0.000000,-1.569769,0.100000,3.536000,0.000000,0.580000,cyclist,crossing,distracted,,0.000000,0.625000,4.236012,3.636012,0.000000,0.000000,0.000000,0.000000,0.000000,0.000000,0.000000,3.636012,3.636012,3.636012,3.636012,0.000000,horizon_mpc_secbf,12,3.687929,true,osqp,optimal,25,3.243570,0,4.154396,geometric,false,0.000000,0.000000,0.000000,-0.000000,,,0.000000,0.000000,5.274230,0.000000
crossing,context_ext,EESM-MPC-ECBF,93,9.300,2.000000,-0.250000,0.000000,-0.000000,-1.569769,0.100000,3.594000,0.000000,0.580000,cyclist,crossing,distracted,,0.000000,0.625000,4.287929,3.687929,0.000000,0.000000,0.000000,0.000000,0.000000,0.000000,0.000000,3.687929,3.687929,3.687929,3.687929,0.000000,horizon_mpc_secbf,12,3.740000,true,osqp,optimal,25,4.592951,0,4.207882,geometric,false,0.000000,0.000000,0.000000,-0.000000,,,0.000000,0.000000,5.274230,0.000000
crossing,context_ext,EESM-MPC-ECBF,94,9.400,2.000000,-0.250000,0.000000,-0.000000,-1.569769,0.100000,3.652000,0.000000,0.580000,cyclist,crossing,distracted,,0.000000,0.625000,4.340000,3.740000,0.000000,0.000000,0.000000,0.000000,0.000000,0.000000,0.000000,3.740000,3.740000,3.740000,3.740000,0.000000,horizon_mpc_secbf,12,3.792220,true,osqp,optimal,25,4.968891,0,4.261466,geometric,false,0.000000,0.000000,0.000000,-0.000000,,,0.000000,0.000000,5.274230,0.000000
crossing,context_ext,EESM-MPC-ECBF,95,9.500,2.000000,-0.250000,0.000000,-0.000000,-1.569769,0.100000,3.710000,0.000000,0.580000,cyclist,crossing,distracted,,0.000000,0.625000,4.392220,3.792220,0.000000,0.000000,0.000000,0.000000,0.000000,0.000000,0.000000,3.792220,3.792220,3.792220,3.792220,0.000000,horizon_mpc_secbf,12,3.844584,true,osqp,optimal,25,3.411764,0,4.315145,geometric,false,0.000000,0.000000,0.000000,-0.000000,,,0.000000,0.000000,5.274230,0.000000
crossing,context_ext,EESM-MPC-ECBF,96,9.600,2.000000,-0.250000,0.000000,-0.000000,-1.569769,0.100000,3.768000,0.000000,0.580000,cyclist,crossing,distracted,,0.000000,0.625000,4.444584,3.844584,0.000000,0.000000,0.000000,0.000000,0.000000,0.000000,0.000000,3.844584,3.844584,3.844584,3.844584,0.000000,horizon_mpc_secbf,12,3.897085,true,osqp,optimal,25,3.465361,0,4.368916,geometric,false,0.000000,0.000000,0.000000,-0.000000,,,0.000000,0.000000,5.274230,0.000000
crossing,context_ext,EESM-MPC-ECBF,97,9.700,2.000000,-0.250000,0.000000,-0.000000,-1.569769,0.100000,3.826000,0.000000,0.580000,cyclist,crossing,distracted,,0.000000,0.625000,4.497085,3.897085,0.000000,0.000000,0.000000,0.000000,0.000000,0.000000,0.000000,3.897085,3.897085,3.897085,3.897085,0.000000,horizon_mpc_secbf,12,3.949720,true,osqp,optimal,25,4.597838,0,4.422777,geometric,false,0.000000,0.000000,0.000000,-0.000000,,,0.000000,0.000000,5.274230,0.000000
crossing,context_ext,EESM-MPC-ECBF,98,9.800,2.000000,-0.250000,0.000000,-0.000000,-1.569769,0.100000,3.884000,0.000000,0.580000,cyclist,crossing,distracted,,0.000000,0.625000,4.549720,3.949720,0.000000,0.000000,0.000000,0.000000,0.000000,0.000000,0.000000,3.949720,3.949720,3.949720,3.949720,0.000000,horizon_mpc_secbf,12,4.002485,true,osqp,optimal,25,3.516032,0,4.476724,geometric,false,0.000000,0.000000,0.000000,-0.000000,,,0.000000,0.000000,5.274230,0.000000
crossing,context_ext,EESM-MPC-ECBF,99,9.900,2.000000,-0.250000,0.000000,-0.000000,-1.569769,0.100000,3.942000,0.000000,0.580000,cyclist,crossing,distracted,,0.000000,0.625000,4.602485,4.002485,0.000000,0.000000,0.000000,0.000000,0.000000,0.000000,0.000000,4.002485,4.002485,4.002485,4.002485,0.000000,horizon_mpc_secbf,12,4.055373,true,osqp,optimal,25,3.414783,0,4.530756,geometric,false,0.000000,0.000000,0.000000,-0.000000,,,0.000000,0.000000,5.274230,0.000000
crossing,context_ext,EESM-MPC-ECBF,100,10.000,2.000000,-0.250000,0.000000,-0.000000,-1.569769,0.100000,4.000000,0.000000,0.580000,cyclist,crossing,distracted,,0.000000,0.625000,4.655373,4.055373,0.000000,0.000000,0.000000,0.000000,0.000000,0.000000,0.000000,4.055373,4.055373,4.055373,4.055373,0.000000,horizon_mpc_secbf,12,4.108382,true,osqp,optimal,25,3.371821,0,4.584869,geometric,false,0.000000,0.000000,0.000000,-0.000000,,,0.000000,0.000000,5.274230,0.000000
crossing,context_ext,EESM-MPC-ECBF,101,10.100,2.000000,-0.250000,0.000000,-0.000000,-1.569769,0.100000,4.058000,0.000000,0.580000,cyclist,crossing,distracted,,0.000000,0.625000,4.708382,4.108382,0.000000,0.000000,0.000000,0.000000,0.000000,0.000000,0.000000,4.108382,4.108382,4.108382,4.108382,0.000000,horizon_mpc_secbf,12,4.161508,true,osqp,optimal,25,3.877624,0,4.639061,geometric,false,0.000000,0.000000,0.000000,-0.000000,,,0.000000,0.000000,5.274230,0.000000
crossing,context_ext,EESM-MPC-ECBF,102,10.200,2.000000,-0.250000,0.000000,-0.000000,-1.569769,0.100000,4.116000,0.000000,0.580000,cyclist,crossing,distracted,,0.000000,0.625000,4.761508,4.161508,0.000000,0.000000,0.000000,0.000000,0.000000,0.000000,0.000000,4.161508,4.161508,4.161508,4.161508,0.000000,horizon_mpc_secbf,12,4.214746,true,osqp,optimal,25,3.902736,0,4.693331,geometric,false,0.000000,0.000000,0.000000,-0.000000,,,0.000000,0.000000,5.274230,0.000000
crossing,context_ext,EESM-MPC-ECBF,103,10.300,2.000000,-0.250000,0.000000,-0.000000,-1.569769,0.100000,4.174000,0.000000,0.580000,cyclist,crossing,distracted,,0.000000,0.625000,4.814746,4.214746,0.000000,0.000000,0.000000,0.000000,0.000000,0.000000,0.000000,4.214746,4.214746,4.214746,4.214746,0.000000,horizon_mpc_secbf,12,4.268092,true,osqp,optimal,25,3.332979,0,4.747675,geometric,false,0.000000,0.000000,0.000000,-0.000000,,,0.000000,0.000000,5.274230,0.000000
crossing,context_ext,EESM-MPC-ECBF,104,10.400,2.000000,-0.250000,0.000000,-0.000000,-1.569769,0.100000,4.232000,0.000000,0.580000,cyclist,crossing,distracted,,0.000000,0.625000,4.868092,4.268092,0.000000,0.000000,0.000000,0.000000,0.000000,0.000000,0.000000,4.268092,4.268092,4.268092,4.268092,0.000000,horizon_mpc_secbf,12,4.321544,true,osqp,optimal,25,3.285156,0,4.802092,geometric,false,0.000000,0.000000,0.000000,-0.000000,,,0.000000,0.000000,5.274230,0.000000
crossing,context_ext,EESM-MPC-ECBF,105,10.500,2.000000,-0.250000,0.000000,-0.000000,-1.569769,0.100000,4.290000,0.000000,0.580000,cyclist,crossing,distracted,,0.000000,0.625000,4.921544,4.321544,0.000000,0.000000,0.000000,0.000000,0.000000,0.000000,0.000000,4.321544,4.321544,4.321544,4.321544,0.000000,horizon_mpc_secbf,12,4.375098,true,osqp,optimal,25,4.662004,0,4.856580,geometric,false,0.000000,0.000000,0.000000,-0.000000,,,0.000000,0.000000,5.274230,0.000000
crossing,context_ext,EESM-MPC-ECBF,106,10.600,2.000000,-0.250000,0.000000,-0.000000,-1.569769,0.100000,4.348000,0.000000,0.580000,cyclist,crossing,distracted,,0.000000,0.625000,4.975098,4.375098,0.000000,0.000000,0.000000,0.000000,0.000000,0.000000,0.000000,4.375098,4.375098,4.375098,4.375098,0.000000,horizon_mpc_secbf,12,4.428751,true,osqp,optimal,25,4.525029,0,4.911136,geometric,false,0.000000,0.000000,0.000000,-0.000000,,,0.000000,0.000000,5.274230,0.000000
crossing,context_ext,EESM-MPC-ECBF,107,10.700,2.000000,-0.250000,0.000000,-0.000000,-1.569769,0.100000,4.406000,0.000000,0.580000,cyclist,crossing,distracted,,0.000000,0.625000,5.028751,4.428751,0.000000,0.000000,0.000000,0.000000,0.000000,0.000000,0.000000,4.428751,4.428751,4.428751,4.428751,0.000000,horizon_mpc_secbf,12,4.482499,true,osqp,optimal,25,4.027670,0,4.965759,geometric,false,0.000000,0.000000,0.000000,-0.000000,,,0.000000,0.000000,5.274230,0.000000
crossing,context_ext,EESM-MPC-ECBF,108,10.800,2.000000,-0.250000,0.000000,-0.000000,-1.569769,0.100000,4.464000,0.000000,0.580000,cyclist,crossing,distracted,,0.000000,0.625000,5.082499,4.482499,0.000000,0.000000,0.000000,0.000000,0.000000,0.000000,0.000000,4.482499,4.482499,4.482499,4.482499,0.000000,horizon_mpc_secbf,12,4.536340,true,osqp,optimal,25,3.406001,0,5.020447,geometric,false,0.000000,0.000000,0.000000,-0.000000,,,0.000000,0.000000,5.274230,0.000000
crossing,context_ext,EESM-MPC-ECBF,109,10.900,2.000000,-0.250000,0.000000,-0.000000,-1.569769,0.100000,4.522000,0.000000,0.580000,cyclist,crossing,distracted,,0.000000,0.625000,5.136340,4.536340,0.000000,0.000000,0.000000,0.000000,0.000000,0.000000,0.000000,4.536340,4.536340,4.536340,4.536340,0.000000,horizon_mpc_secbf,12,4.590270,true,osqp,optimal,25,4.293692,0,5.075198,geometric,false,0.000000,0.000000,0.000000,-0.000000,,,0.000000,0.000000,5.274230,0.000000
crossing,context_ext,EESM-MPC-ECBF,110,11.000,2.000000,-0.250000,0.000000,-0.000000,-1.569769,0.100000,4.580000,0.000000,0.580000,cyclist,crossing,distracted,,0.000000,0.625000,5.190270,4.590270,0.000000,0.000000,0.000000,0.000000,0.000000,0.000000,0.000000,4.590270,4.590270,4.590270,4.590270,0.000000,horizon_mpc_secbf,12,4.644287,true,osqp,optimal,25,3.645703,0,5.130010,geometric,false,0.000000,0.000000,0.000000,-0.000000,,,0.000000,0.000000,5.274230,0.000000
crossing,context_ext,EESM-MPC-ECBF,111,11.100,2.000000,-0.250000,0.000000,-0.000000,-1.569769,0.100000,4.638000,0.000000,0.580000,cyclist,crossing,distracted,,0.000000,0.625000,5.244287,4.644287,0.000000,0.000000,0.000000,0.000000,0.000000,0.000000,0.000000,4.644287,4.644287,4.644287,4.644287,0.000000,horizon_mpc_secbf,12,4.698388,true,osqp,optimal,25,3.768763,0,5.184883,geometric,false,0.000000,0.000000,0.000000,-0.000000,,,0.000000,0.000000,5.274230,0.000000
crossing,context_ext,EESM-MPC-ECBF,112,11.200,2.000000,-0.250000,0.000000,-0.000000,-1.569769,0.100000,4.696000,0.000000,0.580000,cyclist,crossing,distracted,,0.000000,0.625000,5.298388,4.698388,0.000000,0.000000,0.000000,0.000000,0.000000,0.000000,0.000000,4.698388,4.698388,4.698388,4.698388,0.000000,horizon_mpc_secbf,12,4.752571,true,osqp,optimal,25,5.606505,0,5.239813,geometric,false,0.000000,0.000000,0.000000,-0.000000,,,0.000000,0.000000,5.274230,0.000000
crossing,context_ext,EESM-MPC-ECBF,113,11.300,2.000000,-0.250000,0.000000,-0.000000,-1.569769,0.100000,4.754000,0.000000,0.580000,cyclist,crossing,distracted,,0.000000,0.625000,5.352571,4.752571,0.000000,0.000000,0.000000,0.000000,0.000000,0.000000,0.000000,4.752571,4.752571,4.752571,4.752571,0.000000,horizon_mpc_secbf,12,4.806833,true,osqp,optimal,25,4.261986,0,5.294800,geometric,false,0.000000,0.000000,0.000000,-0.000000,,,0.000000,0.000000,5.274230,0.000000
crossing,context_ext,EESM-MPC-ECBF,114,11.400,2.000000,-0.250000,0.000000,-0.000000,-1.569769,0.100000,4.812000,0.000000,0.580000,cyclist,crossing,distracted,,0.000000,0.625000,5.406833,4.806833,0.000000,0.000000,0.000000,0.000000,0.000000,0.000000,0.000000,4.806833,4.806833,4.806833,4.806833,0.000000,horizon_mpc_secbf,12,4.861172,true,osqp,optimal,25,3.563774,0,5.349842,geometric,false,0.000000,0.000000,0.000000,-0.000000,,,0.000000,0.000000,5.274230,0.000000
crossing,context_ext,EESM-MPC-ECBF,115,11.500,2.000000,-0.250000,0.000000,-0.000000,-1.569769,0.100000,4.870000,0.000000,0.580000,cyclist,crossing,distracted,,0.000000,0.625000,5.461172,4.861172,0.000000,0.000000,0.000000,0.000000,0.000000,0.000000,0.000000,4.861172,4.861172,4.861172,4.861172,0.000000,horizon_mpc_secbf,12,4.915586,true,osqp,optimal,25,3.391144,0,5.404938,geometric,false,0.000000,0.000000,0.000000,-0.000000,,,0.000000,0.000000,5.274230,0.000000
crossing,context_ext,EESM-MPC-ECBF,116,11.600,2.000000,-0.250000,0.000000,-0.000000,-1.569769,0.100000,4.928000,0.000000,0.580000,cyclist,crossing,distracted,,0.000000,0.625000,5.515586,4.915586,0.000000,0.000000,0.000000,0.000000,0.000000,0.000000,0.000000,4.915586,4.915586,4.915586,4.915586,0.000000,horizon_mpc_secbf,12,4.970071,true,osqp,optimal,25,3.590611,0,5.460086,geometric,false,0.000000,0.000000,0.000000,-0.000000,,,0.000000,0.000000,5.274230,0.000000
crossing,context_ext,EESM-MPC-ECBF,117,11.700,2.000000,-0.250000,0.000000,-0.000000,-1.569769,0.100000,4.986000,0.000000,0.580000,cyclist,crossing,distracted,,0.000000,0.625000,5.570071,4.970071,0.000000,0.000000,0.000000,0.000000,0.000000,0.000000,0.000000,4.970071,4.970071,4.970071,4.970071,0.000000,horizon_mpc_secbf,12,5.024628,true,osqp,optimal,25,4.732306,0,5.515285,geometric,false,0.000000,0.000000,0.000000,-0.000000,,,0.000000,0.000000,5.274230,0.000000
crossing,context_ext,EESM-MPC-ECBF,118,11.800,2.000000,-0.250000,0.000000,-0.000000,-1.569769,0.100000,5.044000,0.000000,0.580000,cyclist,crossing,distracted,,0.000000,0.625000,5.624628,5.024628,0.000000,0.000000,0.000000,0.000000,0.000000,0.000000,0.000000,5.024628,5.024628,5.024628,5.024628,0.000000,horizon_mpc_secbf,12,5.079252,true,osqp,optimal,25,3.328078,0,5.570534,geometric,false,0.000000,0.000000,0.000000,-0.000000,,,0.000000,0.000000,5.274230,0.000000
crossing,context_ext,EESM-MPC-ECBF,119,11.900,2.000000,-0.250000,0.000000,-0.000000,-1.569769,0.100000,5.102000,0.000000,0.580000,cyclist,crossing,distracted,,0.000000,0.625000,5.679252,5.079252,0.000000,0.000000,0.000000,0.000000,0.000000,0.000000,0.000000,5.079252,5.079252,5.079252,5.079252,0.000000,horizon_mpc_secbf,12,5.133943,true,osqp,optimal,25,3.583744,0,5.625831,geometric,false,0.000000,0.000000,0.000000,-0.000000,,,0.000000,0.000000,5.274230,0.000000
crossing,context_ext,SEESM w/o Feasibility-Preserving Update,0,0.000,-2.000000,-0.250000,0.000000,0.000000,0.000000,0.100000,-1.800000,0.000000,0.580000,pedestrian,walking,unknown,5.835878,1.000000,0.625000,2.610077,2.010077,0.256000,0.256000,0.256000,0.256000,0.296875,0.552875,0.256000,2.010077,1.713201,1.457201,1.457201,0.000000,horizon_mpc_secbf,12,0.356046,true,osqp,optimal,100,3.688103,0,0.613117,accept,false,0.750000,0.000000,0.621014,0.000002,,,0.621014,0.621014,0.062101,4.000000
crossing,context_ext,SEESM w/o Feasibility-Preserving Update,1,0.100,-1.937899,-0.250000,0.621014,0.000002,0.000004,0.100000,-1.742000,0.000000,0.580000,pedestrian,walking,unknown,2.282434,1.000000,0.625000,2.525687,1.925687,0.297222,0.297222,0.297222,0.297222,0.840661,1.137883,0.041222,1.925687,1.085026,0.787804,0.787804,0.000278,horizon_mpc_secbf,12,-0.000277,true,osqp,optimal,50,4.434072,0,0.088306,accept,false,0.750000,-0.000000,0.541572,0.135130,,,0.558176,0.156749,0.117919,3.937899
crossing,context_ext,SEESM w/o Feasibility-Preserving Update,2,0.200,-1.883741,-0.236487,0.541572,0.135130,0.244521,0.100000,-1.684000,0.000000,0.580000,pedestrian,walking,unknown,2.652106,1.000000,0.625000,2.455713,1.855713,0.288349,0.288349,0.288349,0.288349,0.699254,0.987604,0.000000,1.855713,1.156458,0.868109,0.868109,0.000203,horizon_mpc_secbf,12,-0.000203,true,osqp,optimal,50,3.602644,0,0.130242,accept,false,0.749995,-0.002610,0.577998,0.119978,,,0.590319,0.039452,0.176951,3.883765
crossing,context_ext,SEESM w/o Feasibility-Preserving Update,3,0.300,-1.825942,-0.224489,0.577998,0.119978,0.204668,0.100000,-1.626000,0.000000,0.580000,pedestrian,walking,unknown,2.414414,1.000000,0.625000,2.381908,1.781908,0.294054,0.294054,0.294054,0.294054,0.737720,1.031774,0.005705,1.781908,1.044187,0.750133,0.750133,0.000298,horizon_mpc_secbf,12,-0.000298,true,osqp,optimal,50,3.857250,0,0.083517,accept,false,0.749983,-0.005001,0.520861,0.162320,,,0.545567,0.071117,0.231508,3.826027
crossing,context_ext,SEESM w/o Feasibility-Preserving Update,4,0.400,-1.773856,-0.208257,0.520861,0.162320,0.302099,0.100000,-1.568000,0.000000,0.580000,pedestrian,walking,unknown,2.572034,1.000000,0.625000,2.315218,1.715218,0.290271,0.290271,0.290271,0.290271,0.666559,0.956830,0.000000,1.715218,1.048659,0.758388,0.758388,0.000285,horizon_mpc_secbf,12,-0.000285,true,osqp,optimal,50,3.709692,0,0.091333,accept,false,0.749954,-0.008295,0.520368,0.160845,,,0.544659,0.001555,0.285973,3.774086
crossing,context_ext,SEESM w/o Feasibility-Preserving Update,5,0.500,-1.721819,-0.192173,0.520368,0.160845,0.299782,0.100000,-1.510000,0.000000,0.580000,pedestrian,walking,unknown,2.470424,1.000000,0.625000,2.248487,1.648487,0.292710,0.292710,0.292710,0.292710,0.666910,0.959620,0.002439,1.648487,0.981577,0.688867,0.688867,0.000338,horizon_mpc_secbf,12,-0.000338,true,osqp,optimal,50,4.459268,0,0.064269,accept,false,0.749909,-0.011652,0.485342,0.184687,,,0.519294,0.042370,0.337903,3.722268
crossing,context_ext,SEESM w/o Feasibility-Preserving Update,6,0.600,-1.673285,-0.173704,0.485342,0.184687,0.363609,0.100000,-1.452000,0.000000,0.580000,pedestrian,walking,unknown,2.538096,1.000000,0.625000,2.185996,1.585996,0.291086,0.291086,0.291086,0.291086,0.624441,0.915527,0.000000,1.585996,0.961555,0.670469,0.670469,0.000348,horizon_mpc_secbf,12,-0.000347,true,osqp,optimal,50,4.031930,0,0.059089,accept,false,0.749838,-0.015575,0.473613,0.190900,,,0.510639,0.013273,0.388967,3.674077
crossing,context_ext,SEESM w/o Feasibility-Preserving Update,7,0.700,-1.625923,-0.154614,0.473613,0.190900,0.383151,0.100000,-1.394000,0.000000,0.580000,pedestrian,walking,unknown,2.492944,1.000000,0.625000,2.124827,1.524827,0.292169,0.292169,0.292169,0.292169,0.611134,0.903303,0.001084,1.524827,0.913693,0.621524,0.621524,0.000383,horizon_mpc_secbf,12,-0.000383,true,osqp,optimal,50,3.349549,0,0.039723,accept,false,0.749741,-0.019723,0.448932,0.207060,,,0.494382,0.029501,0.438405,3.627178
crossing,context_ext,SEESM w/o Feasibility-Preserving Update,8,0.800,-1.581030,-0.133908,0.448932,0.207060,0.432151,0.100000,-1.336000,0.000000,0.580000,pedestrian,walking,unknown,2.519517,1.000000,0.625000,2.066613,1.466613,0.291532,0.291532,0.291532,0.291532,0.581500,0.873032,0.000000,1.466613,0.885112,0.593581,0.593581,0.000400,horizon_mpc_secbf,12,-0.000400,true,osqp,optimal,50,3.672526,0,0.029312,accept,false,0.749606,-0.024301,0.433831,0.215912,,,0.484590,0.017504,0.486864,3.582911
crossing,context_ext,SEESM w/o Feasibility-Preserving Update,9,0.900,-1.537647,-0.112317,0.433831,0.215912,0.461795,0.100000,-1.278000,0.000000,0.580000,pedestrian,walking,unknown,2.497736,1.000000,0.625000,2.010150,1.410150,0.292054,0.292054,0.292054,0.292054,0.563870,0.855924,0.000523,1.410150,0.846280,0.554226,0.554226,0.000427,horizon_mpc_secbf,12,-0.000427,true,osqp,optimal,50,4.851581,0,0.013563,accept,false,0.749433,-0.029168,0.414016,0.228566,,,0.472918,0.023511,0.534156,3.540325
crossing,context_ext,SEESM w/o Feasibility-Preserving Update,10,1.000,-1.496245,-0.089460,0.414016,0.228566,0.504432,0.100000,-1.220000,0.000000,0.580000,cyclist,crossing,distracted,2.506653,1.000000,0.625000,1.956047,1.356047,0.578796,0.578796,0.578796,0.578796,0.540182,1.118978,0.286741,1.356047,0.815865,0.237069,0.237069,0.000690,horizon_mpc_secbf,12,-0.000690,true,osqp,optimal,50,3.569911,0,-0.083361,accept,false,0.749211,-0.034402,0.239129,0.362036,,,0.433881,0.219999,0.577544,3.499929
crossing,context_ext,SEESM w/o Feasibility-Preserving Update,11,1.100,-1.472332,-0.053256,0.239129,0.362036,0.987067,0.100000,-1.162000,0.000000,0.580000,cyclist,crossing,distracted,4.123940,1.000000,0.625000,1.923939,1.323939,0.504875,0.504875,0.504875,0.504875,0.320530,0.825405,0.000000,1.323939,1.003409,0.498534,0.498534,0.000464,horizon_mpc_secbf,12,-0.000464,true,osqp,optimal,50,3.809123,0,0.026092,accept,false,0.748799,-0.042427,0.356215,0.264550,,,0.443707,0.152357,0.621915,3.477902
crossing,context_ext,SEESM w/o Feasibility-Preserving Update,12,1.200,-1.436711,-0.026802,0.356215,0.264550,0.638792,0.100000,-1.104000,0.000000,0.580000,cyclist,crossing,distracted,2.700448,1.000000,0.625000,1.876656,1.276656,0.569203,0.569203,0.569203,0.569203,0.471725,1.040928,0.064328,1.276656,0.804931,0.235728,0.235728,0.000685,horizon_mpc_secbf,12,-0.000685,true,osqp,optimal,50,3.535996,0,-0.079034,accept,false,0.748423,-0.048607,0.231650,0.360907,,,0.428854,0.157484,0.664800,3.443951
crossing,context_ext,SEESM w/o Feasibility-Preserving Update,13,1.300,-1.413546,0.009289,0.231650,0.360907,1.000168,0.100000,-1.046000,0.000000,0.580000,cyclist,crossing,distracted,3.948623,1.000000,0.625000,1.845117,1.245117,0.507418,0.507418,0.507418,0.507418,0.314600,0.822019,0.000000,1.245117,0.930517,0.423098,0.423098,0.000524,horizon_mpc_secbf,12,-0.000524,true,osqp,optimal,50,5.186015,0,0.001789,accept,false,0.747846,-0.056806,0.315573,0.295057,,,0.432024,0.106673,0.708003,3.423379
crossing,context_ext,SEESM w/o Feasibility-Preserving Update,14,1.400,-1.381989,0.038795,0.315573,0.295057,0.751814,0.100000,-0.988000,0.000000,0.580000,cyclist,crossing,distracted,2.852778,1.000000,0.625000,1.802941,1.202941,0.561663,0.561663,0.561663,0.561663,0.420599,0.982262,0.054244,1.202941,0.782342,0.220680,0.220680,0.000694,horizon_mpc_secbf,12,-0.000694,true,osqp,optimal,50,3.804634,0,-0.075377,accept,false,0.747280,-0.063812,0.218033,0.373628,,,0.432593,0.125249,0.751262,3.394297
crossing,context_ext,SEESM w/o Feasibility-Preserving Update,15,1.500,-1.360185,0.076158,0.218033,0.373628,1.042555,0.100000,-0.930000,0.000000,0.580000,cyclist,crossing,distracted,3.955296,1.000000,0.625000,1.773272,1.173272,0.507088,0.507088,0.507088,0.507088,0.295910,0.802998,0.000000,1.173272,0.877362,0.370274,0.370274,0.000566,horizon_mpc_secbf,12,-0.000566,true,osqp,optimal,50,4.559172,0,-0.010623,accept,false,0.746492,-0.072459,0.284356,0.320374,,,0.428367,0.085057,0.794098,3.375977
crossing,context_ext,SEESM w/o Feasibility-Preserving Update,16,1.600,-1.331750,0.108195,0.284356,0.320374,0.844888,0.100000,-0.872000,0.000000,0.580000,cyclist,crossing,distracted,2.976989,1.000000,0.625000,1.735134,1.135134,0.555514,0.555514,0.555514,0.555514,0.380242,0.935756,0.048426,1.135134,0.754892,0.199378,0.199378,0.000711,horizon_mpc_secbf,12,-0.000711,true,osqp,optimal,50,5.178449,0,-0.074593,accept,false,0.745703,-0.080170,0.199417,0.385046,,,0.433622,0.106758,0.837461,3.350949
crossing,context_ext,SEESM w/o Feasibility-Preserving Update,17,1.700,-1.311808,0.146700,0.199417,0.385046,1.092928,0.100000,-0.814000,0.000000,0.580000,cyclist,crossing,distracted,4.034597,1.000000,0.625000,1.707673,1.107673,0.504875,0.504875,0.504875,0.504875,0.273707,0.778582,0.000000,1.107673,0.833966,0.329091,0.329091,0.000600,horizon_mpc_secbf,12,-0.000600,true,osqp,optimal,50,5.782549,0,-0.018325,accept,false,0.744677,-0.089200,0.255559,0.336951,,,0.422903,0.073926,0.879751,3.335482
crossing,context_ext,SEESM w/o Feasibility-Preserving Update,18,1.800,-1.286252,0.180395,0.255559,0.336951,0.921911,0.100000,-0.756000,0.000000,0.580000,cyclist,crossing,distracted,3.084597,1.000000,0.625000,1.672881,1.072881,0.550187,0.550187,0.550187,0.550187,0.346534,0.896722,0.045312,1.072881,0.726346,0.176159,0.176159,0.000731,horizon_mpc_secbf,12,-0.000731,true,osqp,optimal,50,5.618857,0,-0.074711,accept,false,0.743649,-0.097395,0.176316,0.391533,,,0.429401,0.096222,0.922691,3.314316
crossing,context_ext,SEESM w/o Feasibility-Preserving Update,19,1.900,-1.268620,0.219548,0.176316,0.391533,1.147674,0.100000,-0.698000,0.000000,0.580000,cyclist,crossing,distracted,4.167601,1.000000,0.625000,1.647731,1.047731,0.504875,0.504875,0.504875,0.504875,0.250180,0.755055,0.000000,1.047731,0.797551,0.292676,0.292676,0.000633,horizon_mpc_secbf,12,-0.000632,true,osqp,optimal,50,5.605199,0,-0.023679,accept,false,0.742379,-0.106645,0.224604,0.345775,,,0.412320,0.066524,0.963923,3.302174
crossing,context_ext,SEESM w/o Feasibility-Preserving Update,20,2.000,-1.246160,0.254126,0.224604,0.345775,0.994725,0.100000,-0.640000,0.000000,0.580000,cyclist,crossing,distracted,3.208372,1.000000,0.625000,1.616047,1.016047,0.544061,0.544061,0.544061,0.544061,0.314757,0.858817,0.039186,1.016047,0.701290,0.157230,0.157230,0.000749,horizon_mpc_secbf,12,-0.000749,true,osqp,optimal,50,4.780451,0,-0.073147,accept,false,0.741116,-0.115095,0.150240,0.388458,,,0.416499,0.085743,1.005573,3.285072
crossing,context_ext,SEESM w/o Feasibility-Preserving Update,21,2.100,-1.231136,0.292971,0.150240,0.388458,1.201755,0.100000,-0.582000,0.000000,0.580000,cyclist,crossing,distracted,4.303028,1.000000,0.625000,1.592953,0.992953,0.504875,0.504875,0.504875,0.504875,0.228552,0.733427,0.000000,0.992953,0.764401,0.259526,0.259526,0.000664,horizon_mpc_secbf,12,-0.000664,true,osqp,optimal,50,3.913630,0,-0.027771,accept,false,0.739630,-0.124290,0.189567,0.344143,,,0.392899,0.059248,1.044863,3.276440
crossing,context_ext,SEESM w/o Feasibility-Preserving Update,22,2.200,-1.212179,0.327386,0.189567,0.344143,1.067310,0.100000,-0.524000,0.000000,0.580000,cyclist,crossing,distracted,3.354816,1.000000,0.625000,1.564184,0.964184,0.536812,0.536812,0.536812,0.536812,0.283897,0.820709,0.031937,0.964184,0.680287,0.143475,0.143475,0.000779,horizon_mpc_secbf,12,-0.000758,true,osqp,optimal,75,3.998338,0,-0.057392,accept,false,0.738170,-0.132685,0.109363,0.378084,,,0.393583,0.087090,1.084221,3.263659
crossing,context_ext,SEESM w/o Feasibility-Preserving Update,23,2.300,-1.201243,0.365194,0.109363,0.378084,1.289227,0.100000,-0.466000,0.000000,0.580000,cyclist,crossing,distracted,4.700096,1.000000,0.625000,1.544059,0.944059,0.504875,0.504875,0.504875,0.504875,0.196257,0.701132,0.000000,0.944059,0.747802,0.242927,0.242927,0.000681,horizon_mpc_secbf,12,-0.000681,true,osqp,optimal,50,4.430516,0,-0.025403,accept,false,0.736523,-0.141540,0.154495,0.322139,,,0.357271,0.071880,1.119948,3.259819
crossing,context_ext,SEESM w/o Feasibility-Preserving Update,24,2.400,-1.185793,0.397408,0.154495,0.322139,1.123608,0.100000,-0.408000,0.000000,0.580000,cyclist,crossing,distracted,3.424824,1.000000,0.625000,1.517217,0.917217,0.533346,0.533346,0.533346,0.533346,0.260378,0.793724,0.028471,0.917217,0.656839,0.123492,0.123492,0.001223,horizon_mpc_secbf,12,0.008115,true,osqp,optimal,425,5.296108,0,-0.024273,accept,false,0.734977,-0.149360,0.090033,0.443071,,,0.452126,0.137040,1.165161,3.250910
crossing,context_ext,SEESM w/o Feasibility-Preserving Update,25,2.500,-1.176790,0.441715,0.090033,0.443071,1.370324,0.100000,-0.350000,0.000000,0.580000,cyclist,crossing,distracted,6.069105,1.000000,0.625000,1.502334,0.902334,0.504875,0.504875,0.504875,0.504875,0.146923,0.651798,0.000000,0.902334,0.755411,0.250536,0.250536,0.000679,horizon_mpc_secbf,12,-0.000675,true,osqp,optimal,50,3.677820,0,-0.014131,accept,false,0.732829,-0.159566,0.133713,0.292127,,,0.321275,0.157137,1.197288,3.251225
crossing,context_ext,SEESM w/o Feasibility-Preserving Update,26,2.600,-1.163419,0.470928,0.133713,0.292127,1.141539,0.100000,-0.292000,0.000000,0.580000,cyclist,crossing,distracted,3.327001,1.000000,0.625000,1.475902,0.875902,0.538188,0.538188,0.538188,0.538188,0.250376,0.788565,0.033313,0.875902,0.625525,0.087337,0.087337,0.035764,horizon_mpc_secbf,12,0.031501,true,osqp,optimal,10000,48.918620,0,0.057429,accept,false,0.731251,-0.166649,0.165798,0.727520,,,0.746173,0.436573,1.271906,3.244527
crossing,context_ext,SEESM w/o Feasibility-Preserving Update,27,2.700,-1.146839,0.543680,0.165798,0.727520,1.346728,0.100000,-0.234000,0.000000,0.580000,cyclist,crossing,distracted,13.888056,1.000000,0.625000,1.469488,0.869488,0.504875,0.504875,0.504875,0.504875,0.046587,0.551462,0.000000,0.869488,0.822900,0.318025,0.318025,0.000630,horizon_mpc_secbf,12,-0.000588,true,osqp,optimal,50,4.325669,0,0.019142,accept,false,0.727226,-0.183417,0.172630,0.290821,,,0.338198,0.436753,1.305725,3.245385
crossing,context_ext,SEESM w/o Feasibility-Preserving Update,28,2.800,-1.129576,0.572762,0.172630,0.290821,1.035098,0.100000,-0.176000,0.000000,0.580000,cyclist,crossing,distracted,2.818944,1.000000,0.625000,1.439619,0.839619,0.563337,0.563337,0.563337,0.563337,0.287078,0.850415,0.058462,0.839619,0.552541,-0.010796,-0.010796,0.185300,horizon_mpc_secbf,12,-0.093136,true,osqp,optimal,10525,58.217876,0,0.085062,accept,false,0.725352,-0.190694,0.188762,0.718008,,,0.742406,0.427492,1.379966,3.235921
crossing,context_ext,SEESM w/o Feasibility-Preserving Update,29,2.900,-1.110700,0.644563,0.188762,0.718008,1.313717,0.100000,-0.118000,0.000000,0.580000,cyclist,crossing,distracted,9.641953,1.000000,0.625000,1.430838,0.830838,0.504875,0.504875,0.504875,0.504875,0.068712,0.573587,0.000000,0.830838,0.762125,0.257250,0.257250,0.000698,horizon_mpc_secbf,12,-0.000638,true,osqp,optimal,50,3.515182,0,0.000122,accept,false,0.720787,-0.207281,0.113735,0.276801,,,0.299256,0.447541,1.409892,3.236772
crossing,context_ext,SEESM w/o Feasibility-Preserving Update,30,3.000,-1.099326,0.672243,0.113735,0.276801,1.180936,0.100000,-0.060000,0.000000,0.580000,cyclist,crossing,distracted,3.156757,1.000000,0.625000,1.405192,0.805192,0.546616,0.546616,0.546616,0.546616,0.237893,0.784508,0.041741,0.805192,0.567299,0.020683,0.020683,0.220382,horizon_mpc_secbf,12,-0.087658,true,osqp,optimal,8450,45.301804,0,0.128180,accept,false,0.718850,-0.213903,0.210919,0.708830,,,0.739545,0.442826,1.483846,3.233629
crossing,context_ext,SEESM w/o Feasibility-Preserving Update,31,3.100,-1.078234,0.743126,0.210919,0.708830,1.281580,0.100000,-0.002000,0.000000,0.580000,cyclist,crossing,distracted,7.258202,1.000000,0.625000,1.394076,0.794076,0.504875,0.504875,0.504875,0.504875,0.090428,0.595303,0.000000,0.794076,0.703648,0.198773,0.198773,0.061303,horizon_mpc_secbf,12,0.043461,true,osqp,optimal,5550,33.523720,0,0.115591,accept,false,0.713771,-0.230283,0.203965,0.632200,,,0.664288,0.076945,1.550275,3.234475
crossing,context_ext,SEESM w/o Feasibility-Preserving Update,32,3.200,-1.057838,0.806346,0.203965,0.632200,1.258712,0.100000,0.056000,0.000000,0.580000,cyclist,crossing,distracted,5.461071,1.000000,0.625000,1.379713,0.779713,0.504875,0.504875,0.504875,0.504875,0.133136,0.638011,0.000000,0.779713,0.646576,0.141701,0.141701,0.135138,horizon_mpc_secbf,12,-0.095250,true,osqp,optimal,4850,29.929729,0,0.138288,accept,false,0.708893,-0.244891,0.240618,0.696528,,,0.736919,0.074038,1.623967,3.235157
crossing,context_ext,SEESM w/o Feasibility-Preserving Update,33,3.300,-1.033776,0.875999,0.240618,0.696528,1.238177,0.100000,0.114000,0.000000,0.580000,cyclist,crossing,distracted,5.686891,1.000000,0.625000,1.366049,0.766049,0.504875,0.504875,0.504875,0.504875,0.113236,0.618111,0.000000,0.766049,0.652813,0.147938,0.147938,0.143851,horizon_mpc_secbf,12,-0.103081,true,osqp,optimal,5650,32.870108,0,0.140623,accept,false,0.703132,-0.260970,0.256133,0.690102,,,0.736101,0.016793,1.697577,3.235996
crossing,context_ext,SEESM w/o Feasibility-Preserving Update,34,3.400,-1.008163,0.945009,0.256133,0.690102,1.215403,0.100000,0.172000,0.000000,0.580000,cyclist,crossing,distracted,5.106924,1.000000,0.625000,1.351136,0.751136,0.504875,0.504875,0.504875,0.504875,0.124009,0.628884,0.000000,0.751136,0.627126,0.122251,0.122251,0.183816,horizon_mpc_secbf,12,-0.141224,true,osqp,optimal,5700,30.393323,0,0.142634,accept,false,0.697015,-0.276893,0.271600,0.683695,,,0.735667,0.016741,1.771144,3.236833
crossing,context_ext,SEESM w/o Feasibility-Preserving Update,35,3.500,-0.981003,1.013378,0.271600,0.683695,1.192660,0.100000,0.230000,0.000000,0.580000,cyclist,crossing,distracted,4.620488,1.000000,0.625000,1.335009,0.735009,0.504875,0.504875,0.504875,0.504875,0.134162,0.639037,0.000000,0.735009,0.600846,0.095971,0.095971,0.222887,horizon_mpc_secbf,12,-0.180387,true,osqp,optimal,6025,32.215681,0,0.143524,accept,false,0.690544,-0.292659,0.287044,0.677298,,,0.735614,0.016716,1.844705,3.237669
crossing,context_ext,SEESM w/o Feasibility-Preserving Update,36,3.600,-0.952298,1.081108,0.287044,0.677298,1.169937,0.100000,0.288000,0.000000,0.580000,cyclist,crossing,distracted,4.205337,1.000000,0.625000,1.317707,0.717707,0.504875,0.504875,0.504875,0.504875,0.143638,0.648513,0.000000,0.717707,0.574069,0.069194,0.069194,0.260379,horizon_mpc_secbf,12,-0.219757,true,osqp,optimal,5500,32.224896,0,0.142723,accept,false,0.683718,-0.308269,0.302488,0.670901,,,0.735940,0.016717,1.918299,3.238505
crossing,context_ext,SEESM w/o Feasibility-Preserving Update,37,3.700,-0.922049,1.148198,0.302488,0.670901,1.147220,0.100000,0.346000,0.000000,0.580000,cyclist,crossing,distracted,3.845901,1.000000,0.625000,1.299272,0.699272,0.512503,0.512503,0.512503,0.512503,0.152365,0.664868,0.007628,0.699272,0.546907,0.034404,0.034404,0.305793,horizon_mpc_secbf,12,-0.220975,true,osqp,optimal,5425,28.896307,0,0.142250,accept,false,0.676538,-0.323723,0.317957,0.664494,,,0.736647,0.016743,1.991964,3.239341
crossing,context_ext,SEESM w/o Feasibility-Preserving Update,38,3.800,-0.890254,1.214648,0.317957,0.664494,1.124500,0.100000,0.404000,0.000000,0.580000,cyclist,crossing,distracted,3.530983,1.000000,0.625000,1.279747,0.679747,0.528091,0.528091,0.528091,0.528091,0.160255,0.688347,0.015588,0.679747,0.519492,-0.008600,-0.008600,0.340939,horizon_mpc_secbf,12,-0.208529,true,osqp,optimal,7825,39.567050,0,0.123751,accept,false,0.669003,-0.339020,0.333474,0.658067,,,0.737738,0.016796,2.065738,3.240179
crossing,context_ext,SEESM w/o Feasibility-Preserving Update,39,3.900,-0.856906,1.280455,0.333474,0.658067,1.101765,0.100000,0.462000,0.000000,0.580000,cyclist,crossing,distracted,3.252341,1.000000,0.625000,1.259181,0.659181,0.541884,0.541884,0.541884,0.541884,0.167202,0.709087,0.013793,0.659181,0.491979,-0.049905,-0.049905,0.347547,horizon_mpc_secbf,12,-0.256763,true,osqp,optimal,5175,26.705643,0,0.078917,accept,false,0.661113,-0.354160,0.349065,0.651609,,,0.739216,0.016875,2.139659,3.241019
crossing,context_ext,SEESM w/o Feasibility-Preserving Update,40,4.000,-0.822000,1.345615,0.349065,0.651609,1.079001,0.100000,0.520000,0.000000,0.580000,cyclist,crossing,distracted,3.003800,1.000000,0.625000,1.237629,0.637629,0.554187,0.554187,0.554187,0.554187,0.173079,0.727266,0.012303,0.637629,0.464550,-0.089637,-0.089637,0.335026,horizon_mpc_secbf,12,-0.301937,true,osqp,optimal,3450,20.439363,0,0.017092,accept,false,0.652865,-0.369143,0.364754,0.645111,,,0.741089,0.016981,2.213768,3.241862
crossing,context_ext,SEESM w/o Feasibility-Preserving Update,41,4.100,-0.785524,1.410127,0.364754,0.645111,1.056197,0.100000,0.578000,0.000000,0.580000,cyclist,crossing,distracted,2.780687,1.000000,0.625000,1.215149,0.615149,0.565231,0.565231,0.565231,0.565231,0.177731,0.742962,0.011044,0.615149,0.437418,-0.127813,-0.127813,0.517554,horizon_mpc_secbf,12,-0.343847,true,osqp,optimal,4975,26.598921,0,0.152512,accept,false,0.644259,-0.383967,0.380566,0.638562,,,0.743366,0.017115,2.288105,3.242710
crossing,context_ext,SEESM w/o Feasibility-Preserving Update,42,4.200,-0.747468,1.473983,0.380566,0.638562,1.033343,0.100000,0.636000,0.000000,0.580000,cyclist,crossing,distracted,2.579434,1.000000,0.625000,1.191812,0.591812,0.575193,0.575193,0.575193,0.575193,0.180976,0.756169,0.009962,0.591812,0.410836,-0.164357,-0.164357,1.235496,horizon_mpc_secbf,12,-0.414877,true,osqp,optimal,5075,26.954582,0,0.825700,accept,false,0.635289,-0.398632,0.396522,0.631936,,,0.746038,0.017277,2.362708,3.243562
crossing,context_ext,SEESM w/o Feasibility-Preserving Update,43,4.300,-0.707816,1.537176,0.396522,0.631936,1.010421,0.100000,0.694000,0.000000,0.580000,cyclist,crossing,distracted,2.397228,1.000000,0.625000,1.167695,0.567695,0.584212,0.584212,0.584212,0.584212,0.182613,0.766825,0.009019,0.567695,0.385083,-0.199130,-0.199130,1.461413,horizon_mpc_secbf,12,-0.525122,true,osqp,optimal,8125,41.712091,0,1.009475,accept,false,0.625955,-0.413135,0.412664,0.625250,,,0.749152,0.017472,2.437624,3.244421
crossing,context_ext,SEESM w/o Feasibility-Preserving Update,44,4.400,-0.666549,1.599701,0.412664,0.625250,0.987424,0.100000,0.752000,0.000000,0.580000,cyclist,crossing,distracted,2.232123,1.000000,0.625000,1.142889,0.542889,0.592385,0.592385,0.592385,0.592385,0.182370,0.774755,0.008173,0.542889,0.360519,-0.231866,-0.231866,1.502546,horizon_mpc_secbf,12,-0.602414,true,osqp,optimal,7525,38.540634,0,1.010317,accept,false,0.616251,-0.427474,0.426044,0.614232,,,0.747526,0.017332,2.512376,3.245286
crossing,context_ext,SEESM w/o Feasibility-Preserving Update,45,4.500,-0.623945,1.661124,0.426044,0.614232,0.964364,0.100000,0.810000,0.000000,0.580000,cyclist,crossing,distracted,2.069800,1.000000,0.625000,1.117367,0.517367,0.600420,0.600420,0.600420,0.600420,0.183236,0.783656,0.008035,0.517367,0.334131,-0.266289,-0.266289,1.501019,horizon_mpc_secbf,12,-0.671463,true,osqp,optimal,4425,24.994238,0,0.967352,accept,false,0.606244,-0.441552,0.438395,0.601871,,,0.744606,0.017474,2.586837,3.246149
crossing,context_ext,SEESM w/o Feasibility-Preserving Update,46,4.600,-0.580105,1.721312,0.438395,0.601871,0.941271,0.100000,0.868000,0.000000,0.580000,cyclist,crossing,distracted,1.917666,1.000000,0.625000,1.091185,0.491185,0.607951,0.607951,0.607951,0.607951,0.183238,0.791188,0.007531,0.491185,0.307947,-0.300004,-0.300004,1.472762,horizon_mpc_secbf,12,-0.722798,true,osqp,optimal,5425,33.384794,0,0.899543,accept,false,0.595959,-0.455338,0.450560,0.589727,,,0.742147,0.017189,2.661052,3.247001
crossing,context_ext,SEESM w/o Feasibility-Preserving Update,47,4.700,-0.535049,1.780284,0.450560,0.589727,0.918386,0.100000,0.926000,0.000000,0.580000,cyclist,crossing,distracted,1.779615,1.000000,0.625000,1.064467,0.464467,0.614784,0.614784,0.614784,0.614784,0.180978,0.795762,0.006834,0.464467,0.283488,-0.331296,-0.331296,1.431147,horizon_mpc_secbf,12,-0.749326,true,osqp,optimal,5700,32.858741,0,0.821953,accept,false,0.585399,-0.468837,0.462636,0.577639,,,0.740067,0.017087,2.735058,3.247850
crossing,context_ext,SEESM w/o Feasibility-Preserving Update,48,4.800,-0.488786,1.838048,0.462636,0.577639,0.895502,0.100000,0.984000,0.000000,0.580000,cyclist,crossing,distracted,1.653238,1.000000,0.625000,1.037336,0.437336,0.621040,0.621040,0.621040,0.621040,0.176357,0.797397,0.006256,0.437336,0.260979,-0.360061,-0.360061,1.362177,horizon_mpc_secbf,12,-0.816774,true,osqp,optimal,6500,39.610082,0,0.720959,accept,false,0.574566,-0.482051,0.474593,0.565691,,,0.738407,0.016904,2.808899,3.248692
crossing,context_ext,SEESM w/o Feasibility-Preserving Update,49,4.900,-0.441326,1.894617,0.474593,0.565691,0.872745,0.100000,1.042000,0.000000,0.580000,cyclist,crossing,distracted,1.538489,1.000000,0.625000,1.009946,0.409946,0.626720,0.626720,0.626720,0.626720,0.168986,0.795706,0.005680,0.409946,0.240960,-0.385760,-0.385760,1.290540,horizon_mpc_secbf,12,-0.837637,true,osqp,optimal,12700,68.515555,0,0.621909,accept,false,0.563464,-0.494983,0.486483,0.553801,,,0.737130,0.016815,2.882612,3.249532
crossing,context_ext,SEESM w/o Feasibility-Preserving Update,50,5.000,-0.392678,1.949997,0.486483,0.553801,0.850019,0.100000,1.100000,0.000000,0.580000,cyclist,crossing,distracted,1.434444,1.000000,0.625000,0.982460,0.382460,0.631870,0.631870,0.631870,0.631870,0.158638,0.790508,0.005150,0.382460,0.223821,-0.408049,-0.408049,1.230427,horizon_mpc_secbf,12,-0.822203,true,osqp,optimal,13100,63.455970,0,0.539568,accept,false,0.552094,-0.507634,0.498322,0.541955,,,0.736234,0.016747,2.956235,3.250369
crossing,context_ext,SEESM w/o Feasibility-Preserving Update,51,5.100,-0.342846,2.004193,0.498322,0.541955,0.827318,0.100000,1.158000,0.000000,0.580000,cyclist,crossing,distracted,1.341045,1.000000,0.625000,0.955068,0.355068,0.636493,0.636493,0.636493,0.636493,0.145018,0.781511,0.004623,0.355068,0.210050,-0.426443,-0.426443,1.142886,horizon_mpc_secbf,12,-0.832568,true,osqp,optimal,8375,45.975888,0,0.435773,accept,false,0.540457,-0.520006,0.510106,0.530177,,,0.735728,0.016661,3.029808,3.251202
crossing,context_ext,SEESM w/o Feasibility-Preserving Update,52,5.200,-0.291835,2.057210,0.510106,0.530177,0.804690,0.100000,1.216000,0.000000,0.580000,cyclist,crossing,distracted,1.258842,1.000000,0.625000,0.927992,0.327992,0.640562,0.640562,0.640562,0.640562,0.127816,0.768379,0.004069,0.327992,0.200176,-0.440386,-0.440386,1.075856,horizon_mpc_secbf,12,-0.793324,true,osqp,optimal,9000,49.378265,0,0.359267,accept,false,0.528554,-0.532100,0.521883,0.518397,,,0.735593,0.016658,3.103367,3.252035
crossing,context_ext,SEESM w/o Feasibility-Preserving Update,53,5.300,-0.239647,2.109050,0.521883,0.518397,0.782047,0.100000,1.274000,0.000000,0.580000,cyclist,crossing,distracted,1.188380,1.000000,0.625000,0.901481,0.301481,0.644050,0.644050,0.644050,0.644050,0.106856,0.750906,0.003488,0.301481,0.194626,-0.449424,-0.449424,1.001151,horizon_mpc_secbf,12,-0.771841,true,osqp,optimal,13275,71.423639,0,0.165379,accept,false,0.516386,-0.543917,0.623664,0.416585,,,0.750000,0.143961,3.178367,3.252866
crossing,context_ext,SEESM w/o Feasibility-Preserving Update,54,5.400,-0.177281,2.150709,0.623664,0.416585,0.588901,0.100000,1.332000,0.000000,0.580000,cyclist,crossing,distracted,0.745096,1.000000,0.625000,0.864389,0.264389,0.660000,0.660000,0.660000,0.660000,0.123179,0.783179,0.015950,0.264389,0.141210,-0.518790,-0.518790,0.983362,horizon_mpc_secbf,12,-0.783296,true,osqp,optimal,15000,71.691949,0,0.109580,accept,false,0.503848,-0.555552,0.623752,0.416454,,,0.750000,0.000158,3.253367,3.240980
crossing,context_ext,SEESM w/o Feasibility-Preserving Update,55,5.500,-0.114905,2.192354,0.623752,0.416454,0.588690,0.100000,1.390000,0.000000,0.580000,cyclist,crossing,distracted,0.722189,1.000000,0.625000,0.830636,0.230636,0.660000,0.660000,0.660000,0.660000,0.072196,0.732196,0.000000,0.230636,0.158440,-0.501560,-0.501560,0.882358,horizon_mpc_secbf,12,-0.732284,true,osqp,optimal,5275,27.666799,0,0.061607,accept,false,0.490959,-0.566974,0.623654,0.416600,,,0.750000,0.000176,3.328367,3.230777
crossing,context_ext,SEESM w/o Feasibility-Preserving Update,56,5.600,-0.052540,2.234014,0.623654,0.416600,0.588924,0.100000,1.448000,0.000000,0.580000,cyclist,crossing,distracted,0.718707,1.000000,0.625000,0.800679,0.200679,0.660000,0.660000,0.660000,0.660000,0.019912,0.679912,0.000000,0.200679,0.180767,-0.479233,-0.479233,0.787319,horizon_mpc_secbf,12,-0.679977,true,osqp,optimal,10650,63.472121,0,0.029037,accept,false,0.477734,-0.578161,0.623545,0.416755,,,0.749995,0.000190,3.403367,3.222304
crossing,context_ext,SEESM w/o Feasibility-Preserving Update,57,5.700,0.009815,2.275690,0.623545,0.416755,0.589178,0.100000,1.506000,0.000000,0.580000,cyclist,crossing,distracted,0.745440,1.000000,0.625000,0.774955,0.174955,0.660000,0.660000,0.660000,0.660000,0.000000,0.660000,0.000000,0.174955,0.207618,-0.452382,-0.485045,0.731278,horizon_mpc_secbf,12,-0.626425,true,osqp,optimal,9325,46.763558,0,0.011364,accept,false,0.464190,-0.589091,0.623655,0.416598,,,0.750000,0.000192,3.478367,3.215579
crossing,context_ext,SEESM w/o Feasibility-Preserving Update,58,5.800,0.072180,2.317349,0.623655,0.416598,0.588922,0.100000,1.564000,0.000000,0.580000,cyclist,crossing,distracted,0.825866,1.000000,0.625000,0.753863,0.153863,0.660000,0.660000,0.660000,0.660000,0.000000,0.660000,0.000000,0.153863,0.238486,-0.421514,-0.506137,0.690719,horizon_mpc_secbf,12,-0.626428,true,osqp,optimal,7225,39.077204,0,-0.001712,accept,false,0.450345,-0.599741,0.623648,0.416609,,,0.750000,0.000013,3.553367,3.210572
crossing,context_ext,SEESM w/o Feasibility-Preserving Update,59,5.900,0.134545,2.359010,0.623648,0.416609,0.588939,0.100000,1.622000,0.000000,0.580000,cyclist,crossing,distracted,1.028408,1.000000,0.625000,0.737820,0.137820,0.651969,0.651969,0.651969,0.651969,0.000000,0.651969,0.000000,0.137820,0.273073,-0.378895,-0.514149,0.647159,horizon_mpc_secbf,12,-0.593188,true,osqp,optimal,5350,27.231743,0,-0.128766,accept,false,0.436219,-0.610093,0.677674,0.286173,,,0.735620,0.141182,3.626929,3.207313
crossing,context_ext,SEESM w/o Feasibility-Preserving Update,60,6.000,0.202312,2.387628,0.677674,0.286173,0.399570,0.100000,1.680000,0.000000,0.580000,cyclist,crossing,distracted,0.593230,1.000000,0.625000,0.714986,0.114986,0.660000,0.660000,0.660000,0.660000,0.000000,0.660000,0.008031,0.114986,0.282955,-0.377045,-0.545014,0.629980,horizon_mpc_secbf,12,-0.601192,true,osqp,optimal,9650,47.306600,0,-0.238903,accept,false,0.422391,-0.619746,0.735567,0.146412,,,0.749997,0.151277,3.701929,3.191984
crossing,context_ext,SEESM w/o Feasibility-Preserving Update,61,6.100,0.275869,2.402269,0.735567,0.146412,0.196478,0.100000,1.738000,0.000000,0.580000,cyclist,crossing,distracted,0.377481,1.000000,0.625000,0.687156,0.087156,0.660000,0.660000,0.660000,0.660000,0.000000,0.660000,0.000000,0.087156,0.340175,-0.319825,-0.572844,0.615354,horizon_mpc_secbf,12,-0.601191,true,osqp,optimal,8175,41.749364,0,-0.188384,accept,false,0.408767,-0.628816,0.735568,0.146405,,,0.749997,0.000007,3.776928,3.163409
crossing,context_ext,SEESM w/o Feasibility-Preserving Update,62,6.200,0.349426,2.416909,0.735568,0.146405,0.196469,0.100000,1.796000,0.000000,0.580000,cyclist,crossing,distracted,0.539461,1.000000,0.625000,0.669135,0.069135,0.660000,0.660000,0.660000,0.660000,0.000000,0.660000,0.000000,0.069135,0.402646,-0.257354,-0.590865,0.598567,horizon_mpc_secbf,12,-0.598286,true,osqp,optimal,11050,54.255217,0,-0.120597,accept,false,0.394702,-0.637738,0.735605,0.146235,,,0.750000,0.000174,3.851928,3.136367
crossing,context_ext,SEESM w/o Feasibility-Preserving Update,63,6.300,0.422986,2.431533,0.735605,0.146235,0.196238,0.100000,1.854000,0.000000,0.580000,cyclist,crossing,distracted,3.160025,1.000000,0.625000,0.661713,0.061713,0.546454,0.546454,0.546454,0.546454,0.000000,0.546454,0.000000,0.061713,0.468310,-0.078144,-0.484741,0.481731,horizon_mpc_secbf,12,-0.481191,true,osqp,optimal,6850,35.086960,0,-0.022530,accept,false,0.380201,-0.646488,0.735603,0.146248,,,0.750000,0.000012,3.926928,3.110883
crossing,context_ext,SEESM w/o Feasibility-Preserving Update,64,6.400,0.496547,2.446158,0.735603,0.146248,0.196254,0.100000,1.912000,0.000000,0.580000,cyclist,crossing,distracted,,0.000000,0.625000,0.665262,0.065262,0.306875,0.306875,0.306875,0.306875,0.000000,0.306875,0.000000,0.065262,0.065262,-0.241613,-0.241613,0.228112,horizon_mpc_secbf,12,-0.227259,true,osqp,optimal,2275,14.378445,0,0.076787,accept,false,0.365269,-0.655041,0.735572,0.146376,,,0.749994,0.000133,4.001928,3.087011
crossing,context_ext,SEESM w/o Feasibility-Preserving Update,65,6.500,0.570104,2.460795,0.735572,0.146376,0.196431,0.100000,1.970000,0.000000,0.580000,cyclist,crossing,distracted,,0.000000,0.625000,0.679616,0.079616,0.306875,0.306875,0.306875,0.306875,0.000000,0.306875,0.000000,0.079616,0.079616,-0.227259,-0.227259,0.203955,horizon_mpc_secbf,12,-0.202771,true,osqp,optimal,1725,11.861109,0,0.172347,accept,false,0.349916,-0.663369,0.735576,0.146357,,,0.749995,0.000019,4.076927,3.064803
crossing,context_ext,SEESM w/o Feasibility-Preserving Update,66,6.600,0.643661,2.475431,0.735576,0.146357,0.196405,0.100000,2.028000,0.000000,0.580000,cyclist,crossing,distracted,,0.000000,0.625000,0.704104,0.104104,0.306875,0.306875,0.306875,0.306875,0.000000,0.306875,0.000000,0.104104,0.104104,-0.202771,-0.202771,0.170657,horizon_mpc_secbf,12,-0.169157,true,osqp,optimal,1275,9.527524,0,0.260279,accept,false,0.334153,-0.671448,0.735577,0.146348,,,0.749994,0.000010,4.151927,3.044278
crossing,context_ext,SEESM w/o Feasibility-Preserving Update,67,6.700,0.717219,2.490066,0.735577,0.146348,0.196392,0.100000,2.086000,0.000000,0.580000,cyclist,crossing,distracted,,0.000000,0.625000,0.737718,0.137718,0.306875,0.306875,0.306875,0.306875,0.000000,0.306875,0.000000,0.137718,0.137718,-0.169157,-0.169157,0.129375,horizon_mpc_secbf,12,-0.127595,true,osqp,optimal,1050,8.220737,0,0.338121,accept,false,0.317995,-0.679249,0.735579,0.146337,,,0.749994,0.000011,4.226926,3.025473
crossing,context_ext,SEESM w/o Feasibility-Preserving Update,68,6.800,0.790777,2.504700,0.735579,0.146337,0.196377,0.100000,2.144000,0.000000,0.580000,cyclist,crossing,distracted,,0.000000,0.625000,0.779280,0.179280,0.306875,0.306875,0.306875,0.306875,0.000000,0.306875,0.000000,0.179280,0.179280,-0.127595,-0.127595,0.081299,horizon_mpc_secbf,12,-0.079283,true,osqp,optimal,1225,9.461660,0,0.405017,accept,false,0.301460,-0.686747,0.735589,0.146319,,,0.750000,0.000021,4.301926,3.008420
crossing,context_ext,SEESM w/o Feasibility-Preserving Update,69,6.900,0.864336,2.519331,0.735589,0.146319,0.196351,0.100000,2.202000,0.000000,0.580000,cyclist,crossing,distracted,,0.000000,0.625000,0.827592,0.227592,0.306875,0.306875,0.306875,0.306875,0.000000,0.306875,0.000000,0.227592,0.227592,-0.079283,-0.079283,0.027539,horizon_mpc_secbf,12,-0.025329,true,osqp,optimal,950,7.779907,0,0.461330,accept,false,0.284566,-0.693918,0.735589,0.146319,,,0.750000,0.000000,4.376926,2.993147
crossing,context_ext,SEESM w/o Feasibility-Preserving Update,70,7.000,0.937895,2.533963,0.735589,0.146319,0.196351,0.100000,2.260000,0.000000,0.580000,cyclist,crossing,distracted,,0.000000,0.625000,0.881546,0.281546,0.306875,0.306875,0.306875,0.306875,0.000000,0.306875,0.000000,0.281546,0.281546,-0.025329,-0.025329,0.000008,horizon_mpc_secbf,12,0.000063,true,osqp,optimal,100,3.990649,0,0.156042,accept,false,0.267337,-0.700736,0.528198,-0.451870,,,0.695112,0.633120,4.446437,2.979684
crossing,context_ext,SEESM w/o Feasibility-Preserving Update,71,7.100,0.990715,2.488776,0.528198,-0.451870,-0.707675,0.100000,2.318000,0.000000,0.580000,cyclist,crossing,distracted,,0.000000,0.625000,0.906938,0.306938,0.306875,0.306875,0.306875,0.306875,0.000000,0.306875,0.000000,0.306938,0.306938,0.000063,0.000063,0.000000,horizon_mpc_secbf,12,0.032930,true,osqp,optimal,125,5.870817,1,0.250019,accept,false,0.259338,-0.703735,0.474039,-0.565001,,,0.737523,0.125426,4.520190,2.918827
crossing,context_ext,SEESM w/o Feasibility-Preserving Update,72,7.200,1.038118,2.432276,0.474039,-0.565001,-0.872720,0.100000,2.376000,0.000000,0.580000,cyclist,crossing,distracted,,0.000000,0.625000,0.939805,0.339805,0.306875,0.306875,0.306875,0.306875,0.000000,0.306875,0.000000,0.339805,0.339805,0.032930,0.032930,0.000000,horizon_mpc_secbf,12,0.078022,true,osqp,optimal,125,4.880635,0,0.410948,accept,false,0.253168,-0.705979,0.448963,-0.591317,,,0.742445,0.036351,4.594434,2.849530
crossing,context_ext,SEESM w/o Feasibility-Preserving Update,73,7.300,1.083015,2.373144,0.448963,-0.591317,-0.921396,0.100000,2.434000,0.000000,0.580000,cyclist,crossing,distracted,,0.000000,0.625000,0.984897,0.384897,0.306875,0.306875,0.306875,0.306875,0.000000,0.306875,0.000000,0.384897,0.384897,0.078022,0.078022,0.000000,horizon_mpc_secbf,12,0.134948,true,osqp,optimal,125,4.043935,0,0.582574,accept,false,0.247495,-0.707988,0.431952,-0.608323,,,0.746083,0.024053,4.669042,2.778803
crossing,context_ext,SEESM w/o Feasibility-Preserving Update,74,7.400,1.126210,2.312312,0.431952,-0.608323,-0.953343,0.100000,2.492000,0.000000,0.580000,cyclist,crossing,distracted,,0.000000,0.625000,1.041823,0.441823,0.306875,0.306875,0.306875,0.306875,0.000000,0.306875,0.000000,0.441823,0.441823,0.134948,0.134948,0.000000,horizon_mpc_secbf,12,0.202096,true,osqp,optimal,125,4.763586,0,0.750308,accept,false,0.242074,-0.709859,0.413947,-0.623752,,,0.748611,0.023711,4.743903,2.707204
crossing,context_ext,SEESM w/o Feasibility-Preserving Update,75,7.500,1.167605,2.249937,0.413947,-0.623752,-0.984891,0.100000,2.550000,0.000000,0.580000,cyclist,crossing,distracted,,0.000000,0.625000,1.108971,0.508971,0.306875,0.306875,0.306875,0.306875,0.000000,0.306875,0.000000,0.508971,0.508971,0.202096,0.202096,0.000000,horizon_mpc_secbf,12,0.277364,true,osqp,optimal,150,4.681417,0,0.906946,accept,false,0.236936,-0.711591,0.390869,-0.634293,,,0.745055,0.025371,4.818409,2.634875
crossing,context_ext,SEESM w/o Feasibility-Preserving Update,76,7.600,1.206692,2.186508,0.390869,-0.634293,-1.018530,0.100000,2.608000,0.000000,0.580000,cyclist,crossing,distracted,,0.000000,0.625000,1.184239,0.584239,0.306875,0.306875,0.306875,0.306875,0.000000,0.306875,0.000000,0.584239,0.584239,0.277364,0.277364,0.000000,horizon_mpc_secbf,12,0.359203,true,osqp,optimal,150,3.825843,0,1.055056,accept,false,0.232197,-0.713151,0.365751,-0.644695,,,0.741219,0.027187,4.892531,2.562403
crossing,context_ext,SEESM w/o Feasibility-Preserving Update,77,7.700,1.243267,2.122038,0.365751,-0.644695,-1.054750,0.100000,2.666000,0.000000,0.580000,cyclist,crossing,distracted,,0.000000,0.625000,1.266078,0.666078,0.306875,0.306875,0.306875,0.306875,0.000000,0.306875,0.000000,0.666078,0.666078,0.359203,0.359203,0.000000,horizon_mpc_secbf,12,0.446420,true,osqp,optimal,150,4.217190,0,1.196568,accept,false,0.227948,-0.714521,0.339423,-0.655597,,,0.738252,0.028496,4.966356,2.489821
crossing,context_ext,SEESM w/o Feasibility-Preserving Update,78,7.800,1.277209,2.056478,0.339423,-0.655597,-1.093064,0.100000,2.724000,0.000000,0.580000,cyclist,crossing,distracted,,0.000000,0.625000,1.353295,0.753295,0.306875,0.306875,0.306875,0.306875,0.000000,0.306875,0.000000,0.753295,0.753295,0.446420,0.446420,0.000000,horizon_mpc_secbf,12,0.538084,true,osqp,optimal,175,5.530199,0,1.333062,accept,false,0.224276,-0.715682,0.312257,-0.666846,,,0.736335,0.029403,5.039989,2.417079
crossing,context_ext,SEESM w/o Feasibility-Preserving Update,79,7.900,1.308435,1.989794,0.312257,-0.666846,-1.132862,0.100000,2.782000,0.000000,0.580000,cyclist,crossing,distracted,,0.000000,0.625000,1.444959,0.844959,0.306875,0.306875,0.306875,0.306875,0.000000,0.306875,0.000000,0.844959,0.844959,0.538084,0.538084,0.000000,horizon_mpc_secbf,12,0.633483,true,osqp,optimal,200,4.474116,0,1.465981,accept,false,0.221265,-0.716618,0.284623,-0.678290,,,0.735587,0.029910,5.113548,2.344128
crossing,context_ext,SEESM w/o Feasibility-Preserving Update,80,8.000,1.336897,1.921965,0.284623,-0.678290,-1.173493,0.100000,2.840000,0.000000,0.580000,cyclist,crossing,distracted,,0.000000,0.625000,1.540358,0.940358,0.306875,0.306875,0.306875,0.306875,0.000000,0.306875,0.000000,0.940358,0.940358,0.633483,0.633483,0.000000,horizon_mpc_secbf,12,0.732090,true,osqp,optimal,225,4.168279,0,1.596635,accept,false,0.218997,-0.717315,0.257068,-0.689702,,,0.736052,0.029825,5.187153,2.270933
crossing,context_ext,SEESM w/o Feasibility-Preserving Update,81,8.100,1.362604,1.852994,0.257068,-0.689702,-1.214023,0.100000,2.898000,0.000000,0.580000,cyclist,crossing,distracted,,0.000000,0.625000,1.638965,1.038965,0.306875,0.306875,0.306875,0.306875,0.000000,0.306875,0.000000,1.038965,1.038965,0.732090,0.732090,0.000000,horizon_mpc_secbf,12,0.833569,true,osqp,optimal,175,5.507666,0,1.726659,accept,false,0.217545,-0.717756,0.231325,-0.700368,,,0.737582,0.027865,5.260912,2.197467
crossing,context_ext,SEESM w/o Feasibility-Preserving Update,82,8.200,1.385736,1.782958,0.231325,-0.700368,-1.251787,0.100000,2.956000,0.000000,0.580000,cyclist,crossing,distracted,,0.000000,0.625000,1.740444,1.140444,0.306875,0.306875,0.306875,0.306875,0.000000,0.306875,0.000000,1.140444,1.140444,0.833569,0.833569,0.000000,horizon_mpc_secbf,12,0.938007,true,osqp,optimal,150,4.396174,0,1.860373,accept,false,0.216928,-0.717943,0.215998,-0.706721,,,0.738993,0.016592,5.334811,2.123732
crossing,context_ext,SEESM w/o Feasibility-Preserving Update,83,8.300,1.407336,1.712286,0.215998,-0.706721,-1.274179,0.100000,3.014000,0.000000,0.580000,cyclist,crossing,distracted,,0.000000,0.625000,1.844882,1.244882,0.306875,0.306875,0.306875,0.306875,0.000000,0.306875,0.000000,1.244882,1.244882,0.938007,0.938007,0.000000,horizon_mpc_secbf,12,1.045478,true,osqp,optimal,150,4.383109,0,1.997835,accept,false,0.216846,-0.717968,0.213303,-0.707839,,,0.739280,0.002918,5.408739,2.049833
crossing,context_ext,SEESM w/o Feasibility-Preserving Update,84,8.400,1.428667,1.641502,0.213303,-0.707839,-1.278107,0.100000,3.072000,0.000000,0.580000,cyclist,crossing,distracted,,0.000000,0.625000,1.952353,1.352353,0.306875,0.306875,0.306875,0.306875,0.000000,0.306875,0.000000,1.352353,1.352353,1.045478,1.045478,0.000000,horizon_mpc_secbf,12,1.155597,true,osqp,optimal,150,4.276317,0,2.134079,accept,false,0.216863,-0.717963,0.212855,-0.708027,,,0.739330,0.000486,5.482672,1.975905
crossing,context_ext,SEESM w/o Feasibility-Preserving Update,85,8.500,1.449952,1.570699,0.212855,-0.708027,-1.278761,0.100000,3.130000,0.000000,0.580000,cyclist,crossing,distracted,,0.000000,0.625000,2.062472,1.462472,0.306875,0.306875,0.306875,0.306875,0.000000,0.306875,0.000000,1.462472,1.462472,1.155597,1.155597,0.000000,horizon_mpc_secbf,12,1.267977,true,osqp,optimal,150,4.975873,0,2.268695,accept,false,0.216899,-0.717952,0.212807,-0.708048,,,0.739337,0.000052,5.556605,1.901972
crossing,context_ext,SEESM w/o Feasibility-Preserving Update,86,8.600,1.471233,1.499894,0.212807,-0.708048,-1.278831,0.100000,3.188000,0.000000,0.580000,cyclist,crossing,distracted,,0.000000,0.625000,2.174852,1.574852,0.306875,0.306875,0.306875,0.306875,0.000000,0.306875,0.000000,1.574852,1.574852,1.267977,1.267977,0.000000,horizon_mpc_secbf,12,1.382287,true,osqp,optimal,150,4.074224,0,2.401934,accept,false,0.216940,-0.717939,0.212833,-0.708038,,,0.739335,0.000027,5.630539,1.828038
crossing,context_ext,SEESM w/o Feasibility-Preserving Update,87,8.700,1.492516,1.429090,0.212833,-0.708038,-1.278794,0.100000,3.246000,0.000000,0.580000,cyclist,crossing,distracted,,0.000000,0.625000,2.289162,1.689162,0.306875,0.306875,0.306875,0.306875,0.000000,0.306875,0.000000,1.689162,1.689162,1.382287,1.382287,0.000000,horizon_mpc_secbf,12,1.498252,true,osqp,optimal,150,4.344477,0,2.534084,accept,false,0.216984,-0.717926,0.212872,-0.708023,,,0.739331,0.000042,5.704472,1.754105
crossing,context_ext,SEESM w/o Feasibility-Preserving Update,88,8.800,1.513803,1.358288,0.212872,-0.708023,-1.278737,0.100000,3.304000,0.000000,0.580000,cyclist,crossing,distracted,,0.000000,0.625000,2.405127,1.805127,0.306875,0.306875,0.306875,0.306875,0.000000,0.306875,0.000000,1.805127,1.805127,1.498252,1.498252,0.000000,horizon_mpc_secbf,12,1.615643,true,osqp,optimal,150,5.222149,0,2.665387,accept,false,0.217030,-0.717912,0.212915,-0.708005,,,0.739327,0.000047,5.778405,1.680172
crossing,context_ext,SEESM w/o Feasibility-Preserving Update,89,8.900,1.535095,1.287487,0.212915,-0.708005,-1.278674,0.100000,3.362000,0.000000,0.580000,cyclist,crossing,distracted,,0.000000,0.625000,2.522518,1.922518,0.306875,0.306875,0.306875,0.306875,0.000000,0.306875,0.000000,1.922518,1.922518,1.615643,1.615643,0.000000,horizon_mpc_secbf,12,1.734271,true,osqp,optimal,150,4.035124,0,2.796037,accept,false,0.217078,-0.717898,0.212961,-0.707987,,,0.739323,0.000049,5.852337,1.606239
crossing,context_ext,SEESM w/o Feasibility-Preserving Update,90,9.000,1.556391,1.216689,0.212961,-0.707987,-1.278607,0.100000,3.420000,0.000000,0.580000,cyclist,crossing,distracted,,0.000000,0.625000,2.641146,2.041146,0.306875,0.306875,0.306875,0.306875,0.000000,0.306875,0.000000,2.041146,2.041146,1.734271,1.734271,0.000000,horizon_mpc_secbf,12,1.853976,true,osqp,optimal,150,4.099457,0,2.926185,accept,false,0.217128,-0.717883,0.213009,-0.707967,,,0.739318,0.000052,5.926269,1.532307
crossing,context_ext,SEESM w/o Feasibility-Preserving Update,91,9.100,1.577692,1.145892,0.213009,-0.707967,-1.278538,0.100000,3.478000,0.000000,0.580000,cyclist,crossing,distracted,,0.000000,0.625000,2.760851,2.160851,0.306875,0.306875,0.306875,0.306875,0.000000,0.306875,0.000000,2.160851,2.160851,1.853976,1.853976,0.000000,horizon_mpc_secbf,12,1.974624,true,osqp,optimal,150,4.364801,0,3.055949,accept,false,0.217181,-0.717867,0.213059,-0.707946,,,0.739312,0.000054,6.000200,1.458375
crossing,context_ext,SEESM w/o Feasibility-Preserving Update,92,9.200,1.598998,1.075097,0.213059,-0.707946,-1.278464,0.100000,3.536000,0.000000,0.580000,cyclist,crossing,distracted,,0.000000,0.625000,2.881499,2.281499,0.306875,0.306875,0.306875,0.306875,0.000000,0.306875,0.000000,2.281499,2.281499,1.974624,1.974624,0.000000,horizon_mpc_secbf,12,2.096099,true,osqp,optimal,175,5.360507,0,3.185412,accept,false,0.217236,-0.717850,0.213109,-0.707916,,,0.739297,0.000058,6.074130,1.384444
crossing,context_ext,SEESM w/o Feasibility-Preserving Update,93,9.300,1.620309,1.004306,0.213109,-0.707916,-1.278389,0.100000,3.594000,0.000000,0.580000,cyclist,crossing,distracted,,0.000000,0.625000,3.002974,2.402974,0.306875,0.306875,0.306875,0.306875,0.000000,0.306875,0.000000,2.402974,2.402974,2.096099,2.096099,0.000000,horizon_mpc_secbf,12,2.218306,true,osqp,optimal,175,4.226576,0,3.314663,accept,false,0.217295,-0.717832,0.213164,-0.707890,,,0.739288,0.000061,6.148059,1.310515
crossing,context_ext,SEESM w/o Feasibility-Preserving Update,94,9.400,1.641625,0.933517,0.213164,-0.707890,-1.278307,0.100000,3.652000,0.000000,0.580000,cyclist,crossing,distracted,,0.000000,0.625000,3.125181,2.525181,0.306875,0.306875,0.306875,0.306875,0.000000,0.306875,0.000000,2.525181,2.525181,2.218306,2.218306,0.000000,horizon_mpc_secbf,12,2.341162,true,osqp,optimal,175,4.074218,0,3.443752,accept,false,0.217358,-0.717813,0.213222,-0.707863,,,0.739279,0.000064,6.221986,1.236586
crossing,context_ext,SEESM w/o Feasibility-Preserving Update,95,9.500,1.662947,0.862730,0.213222,-0.707863,-1.278222,0.100000,3.710000,0.000000,0.580000,cyclist,crossing,distracted,,0.000000,0.625000,3.248037,2.648037,0.306875,0.306875,0.306875,0.306875,0.000000,0.306875,0.000000,2.648037,2.648037,2.341162,2.341162,0.000000,horizon_mpc_secbf,12,2.464596,true,osqp,optimal,175,5.483622,0,3.572724,accept,false,0.217424,-0.717793,0.213283,-0.707833,,,0.739268,0.000068,6.295913,1.162658
crossing,context_ext,SEESM w/o Feasibility-Preserving Update,96,9.600,1.684275,0.791947,0.213283,-0.707833,-1.278130,0.100000,3.768000,0.000000,0.580000,cyclist,crossing,distracted,,0.000000,0.625000,3.371471,2.771471,0.306875,0.306875,0.306875,0.306875,0.000000,0.306875,0.000000,2.771471,2.771471,2.464596,2.464596,0.000000,horizon_mpc_secbf,12,2.588548,true,osqp,optimal,200,4.640075,0,3.701625,accept,false,0.217495,-0.717772,0.213353,-0.707812,,,0.739268,0.000073,6.369840,1.088731
crossing,context_ext,SEESM w/o Feasibility-Preserving Update,97,9.700,1.705611,0.721166,0.213353,-0.707812,-1.278031,0.100000,3.826000,0.000000,0.580000,cyclist,crossing,distracted,,0.000000,0.625000,3.495423,2.895423,0.306875,0.306875,0.306875,0.306875,0.000000,0.306875,0.000000,2.895423,2.895423,2.588548,2.588548,0.000000,horizon_mpc_secbf,12,2.712962,true,osqp,optimal,200,4.176870,0,3.830463,accept,false,0.217571,-0.717748,0.213424,-0.707780,,,0.739258,0.000078,6.443766,1.014805
crossing,context_ext,SEESM w/o Feasibility-Preserving Update,98,9.800,1.726953,0.650388,0.213424,-0.707780,-1.277927,0.100000,3.884000,0.000000,0.580000,cyclist,crossing,distracted,,0.000000,0.625000,3.619837,3.019837,0.306875,0.306875,0.306875,0.306875,0.000000,0.306875,0.000000,3.019837,3.019837,2.712962,2.712962,0.000000,horizon_mpc_secbf,12,2.837794,true,osqp,optimal,200,6.109692,0,3.959267,accept,false,0.217653,-0.717724,0.213501,-0.707744,,,0.739246,0.000084,6.517690,0.940879
crossing,context_ext,SEESM w/o Feasibility-Preserving Update,99,9.900,1.748303,0.579614,0.213501,-0.707744,-1.277814,0.100000,3.942000,0.000000,0.580000,cyclist,crossing,distracted,,0.000000,0.625000,3.744669,3.144669,0.306875,0.306875,0.306875,0.306875,0.000000,0.306875,0.000000,3.144669,3.144669,2.837794,2.837794,0.000000,horizon_mpc_secbf,12,2.963003,true,osqp,optimal,225,5.492895,0,4.088065,accept,false,0.217742,-0.717697,0.213587,-0.707714,,,0.739242,0.000091,6.591615,0.866954
crossing,context_ext,SEESM w/o Feasibility-Preserving Update,100,10.000,1.769662,0.508842,0.213587,-0.707714,-1.277690,0.100000,4.000000,0.000000,0.580000,cyclist,crossing,distracted,,0.000000,0.625000,3.869878,3.269878,0.306875,0.306875,0.306875,0.306875,0.000000,0.306875,0.000000,3.269878,3.269878,2.963003,2.963003,0.000000,horizon_mpc_secbf,12,3.088552,true,osqp,optimal,225,5.618915,0,4.216851,accept,false,0.217840,-0.717667,0.213678,-0.707673,,,0.739229,0.000100,6.665538,0.793030
crossing,context_ext,SEESM w/o Feasibility-Preserving Update,101,10.100,1.791030,0.438075,0.213678,-0.707673,-1.277557,0.100000,4.058000,0.000000,0.580000,cyclist,crossing,distracted,,0.000000,0.625000,3.995427,3.395427,0.306875,0.306875,0.306875,0.306875,0.000000,0.306875,0.000000,3.395427,3.395427,3.088552,3.088552,0.000000,horizon_mpc_secbf,12,3.214411,true,osqp,optimal,225,6.009012,0,4.345643,accept,false,0.217948,-0.717634,0.213777,-0.707626,,,0.739213,0.000110,6.739459,0.719107
crossing,context_ext,SEESM w/o Feasibility-Preserving Update,102,10.200,1.812407,0.367312,0.213777,-0.707626,-1.277409,0.100000,4.116000,0.000000,0.580000,cyclist,crossing,distracted,,0.000000,0.625000,4.121286,3.521286,0.306875,0.306875,0.306875,0.306875,0.000000,0.306875,0.000000,3.521286,3.521286,3.214411,3.214411,0.000000,horizon_mpc_secbf,12,3.340552,true,osqp,optimal,250,4.543864,0,4.474459,accept,false,0.218068,-0.717598,0.213892,-0.707584,,,0.739205,0.000123,6.813379,0.645186
crossing,context_ext,SEESM w/o Feasibility-Preserving Update,103,10.300,1.833797,0.296554,0.213892,-0.707584,-1.277244,0.100000,4.174000,0.000000,0.580000,cyclist,crossing,distracted,,0.000000,0.625000,4.247427,3.647427,0.306875,0.306875,0.306875,0.306875,0.000000,0.306875,0.000000,3.647427,3.647427,3.340552,3.340552,0.000000,horizon_mpc_secbf,12,3.466951,true,osqp,optimal,275,4.639058,0,4.603295,accept,false,0.218204,-0.717556,0.214021,-0.707533,,,0.739194,0.000138,6.887299,0.571266
crossing,context_ext,SEESM w/o Feasibility-Preserving Update,104,10.400,1.855199,0.225801,0.214021,-0.707533,-1.277057,0.100000,4.232000,0.000000,0.580000,cyclist,crossing,distracted,,0.000000,0.625000,4.373826,3.773826,0.306875,0.306875,0.306875,0.306875,0.000000,0.306875,0.000000,3.773826,3.773826,3.466951,3.466951,0.000000,horizon_mpc_secbf,12,3.593585,true,osqp,optimal,275,5.440341,0,4.732147,accept,false,0.218361,-0.717509,0.214165,-0.707466,,,0.739172,0.000159,6.961216,0.497347
crossing,context_ext,SEESM w/o Feasibility-Preserving Update,105,10.500,1.876615,0.155054,0.214165,-0.707466,-1.276844,0.100000,4.290000,0.000000,0.580000,cyclist,crossing,distracted,,0.000000,0.625000,4.500460,3.900460,0.306875,0.306875,0.306875,0.306875,0.000000,0.306875,0.000000,3.900460,3.900460,3.593585,3.593585,0.000000,horizon_mpc_secbf,12,3.720435,true,osqp,optimal,300,4.677820,0,4.861034,accept,false,0.218545,-0.717452,0.214337,-0.707394,,,0.739153,0.000186,7.035131,0.423429
crossing,context_ext,SEESM w/o Feasibility-Preserving Update,106,10.600,1.898049,0.084315,0.214337,-0.707394,-1.276594,0.100000,4.348000,0.000000,0.580000,cyclist,crossing,distracted,,0.000000,0.625000,4.627310,4.027310,0.306875,0.306875,0.306875,0.306875,0.000000,0.306875,0.000000,4.027310,4.027310,3.720435,3.720435,0.000000,horizon_mpc_secbf,12,3.847483,true,osqp,optimal,300,5.020772,0,4.989953,accept,false,0.218770,-0.717384,0.214547,-0.707311,,,0.739134,0.000226,7.109045,0.349514
crossing,context_ext,SEESM w/o Feasibility-Preserving Update,107,10.700,1.919504,0.013583,0.214547,-0.707311,-1.276289,0.100000,4.406000,0.000000,0.580000,cyclist,crossing,distracted,,0.000000,0.625000,4.754358,4.154358,0.306875,0.306875,0.306875,0.306875,0.000000,0.306875,0.000000,4.154358,4.154358,3.847483,3.847483,0.000000,horizon_mpc_secbf,12,3.974713,true,osqp,optimal,275,5.191164,0,5.118901,accept,false,0.219057,-0.717296,0.214811,-0.707202,,,0.739107,0.000286,7.182955,0.275601
crossing,context_ext,SEESM w/o Feasibility-Preserving Update,108,10.800,1.940985,-0.057137,0.214811,-0.707202,-1.275905,0.100000,4.464000,0.000000,0.580000,cyclist,crossing,distracted,,0.000000,0.625000,4.881588,4.281588,0.306875,0.306875,0.306875,0.306875,0.000000,0.306875,0.000000,4.281588,4.281588,3.974713,3.974713,0.000000,horizon_mpc_secbf,12,4.102111,true,osqp,optimal,250,4.715766,0,5.247877,accept,false,0.219452,-0.717176,0.215171,-0.707051,,,0.739067,0.000390,7.256862,0.201690
crossing,context_ext,SEESM w/o Feasibility-Preserving Update,109,10.900,1.962502,-0.127842,0.215171,-0.707051,-1.275380,0.100000,4.522000,0.000000,0.580000,cyclist,crossing,distracted,,0.000000,0.625000,5.008986,4.408986,0.306875,0.306875,0.306875,0.306875,0.000000,0.306875,0.000000,4.408986,4.408986,4.102111,4.102111,0.000000,horizon_mpc_secbf,12,4.229664,true,osqp,optimal,250,4.364692,0,5.376887,accept,false,0.220087,-0.716981,0.215741,-0.706821,,,0.739013,0.000614,7.330763,0.127784
crossing,context_ext,SEESM w/o Feasibility-Preserving Update,110,11.000,1.984076,-0.198524,0.215741,-0.706821,-1.274551,0.100000,4.580000,0.000000,0.580000,cyclist,crossing,distracted,,0.000000,0.625000,5.136539,4.536539,0.306875,0.306875,0.306875,0.306875,0.000000,0.306875,0.000000,4.536539,4.536539,4.229664,4.229664,0.000000,horizon_mpc_secbf,12,4.340834,true,osqp,optimal,75,4.223018,0,5.340740,accept,false,0.159240,-0.514759,0.168934,-0.547712,,,0.573173,0.165851,7.388081,0.053883
crossing,context_ext,SEESM w/o Feasibility-Preserving Update,111,11.100,2.000969,-0.253295,0.168934,-0.547712,-1.271619,0.100000,4.638000,0.000000,0.580000,cyclist,crossing,distracted,,0.000000,0.625000,5.247709,4.647709,0.306875,0.306875,0.306875,0.306875,0.000000,0.306875,0.000000,4.647709,4.647709,4.340834,4.340834,0.000000,horizon_mpc_secbf,12,4.394947,true,osqp,optimal,75,5.160549,0,4.881551,accept,false,-0.009694,0.032953,0.001233,0.000362,,,0.001285,0.573157,7.388209,0.003435
crossing,context_ext,SEESM w/o Feasibility-Preserving Update,112,11.200,2.001093,-0.253259,0.001233,0.000362,0.285580,0.100000,4.696000,0.000000,0.580000,cyclist,crossing,distracted,,0.000000,0.625000,5.301822,4.701822,0.306875,0.306875,0.306875,0.306875,0.000000,0.306875,0.000000,4.701822,4.701822,4.394947,4.394947,0.000000,horizon_mpc_secbf,12,4.446287,true,osqp,optimal,75,3.743787,0,4.907947,accept,false,-0.010927,0.032591,-0.008841,0.027061,,,0.028469,0.028536,7.391056,0.003437
crossing,context_ext,SEESM w/o Feasibility-Preserving Update,113,11.300,2.000209,-0.250553,-0.008841,0.027061,1.886558,0.100000,4.754000,0.000000,0.580000,cyclist,crossing,distracted,,0.000000,0.625000,5.353162,4.753162,0.306875,0.306875,0.306875,0.306875,0.000000,0.306875,0.000000,4.753162,4.753162,4.446287,4.446287,0.000000,horizon_mpc_secbf,12,4.499571,true,osqp,optimal,75,3.817821,0,4.978741,accept,false,-0.002086,0.005530,-0.003245,0.009224,,,0.009778,0.018694,7.392034,0.000591
crossing,context_ext,SEESM w/o Feasibility-Preserving Update,114,11.400,1.999884,-0.249631,-0.003245,0.009224,1.909096,0.100000,4.812000,0.000000,0.580000,cyclist,crossing,distracted,,0.000000,0.625000,5.406446,4.806446,0.306875,0.306875,0.306875,0.306875,0.000000,0.306875,0.000000,4.806446,4.806446,4.499571,4.499571,0.000000,horizon_mpc_secbf,12,4.554063,true,osqp,optimal,50,5.004819,0,5.044101,accept,false,0.001159,-0.003694,0.000402,-0.001474,,,0.001528,0.011302,7.392187,0.000387
crossing,context_ext,SEESM w/o Feasibility-Preserving Update,115,11.500,1.999924,-0.249778,0.000402,-0.001474,-1.304586,0.100000,4.870000,0.000000,0.580000,cyclist,crossing,distracted,,0.000000,0.625000,5.460938,4.860938,0.306875,0.306875,0.306875,0.306875,0.000000,0.306875,0.000000,4.860938,4.860938,4.554063,4.554063,0.000000,horizon_mpc_secbf,12,4.608696,true,osqp,optimal,50,3.906280,0,5.100029,accept,false,0.000757,-0.002220,0.000695,-0.002090,,,0.002202,0.000682,7.392407,0.000235
crossing,context_ext,SEESM w/o Feasibility-Preserving Update,116,11.600,1.999994,-0.249987,0.000695,-0.002090,-1.249646,0.100000,4.928000,0.000000,0.580000,cyclist,crossing,distracted,,0.000000,0.625000,5.515571,4.915571,0.306875,0.306875,0.306875,0.306875,0.000000,0.306875,0.000000,4.915571,4.915571,4.608696,4.608696,0.000000,horizon_mpc_secbf,12,4.663231,true,osqp,optimal,25,3.429319,0,5.153687,accept,false,0.000062,-0.000131,0.000168,-0.000460,,,0.000490,0.001712,7.392456,0.000014
crossing,context_ext,SEESM w/o Feasibility-Preserving Update,117,11.700,2.000011,-0.250033,0.000168,-0.000460,-1.220308,0.100000,4.986000,0.000000,0.580000,cyclist,crossing,distracted,,0.000000,0.625000,5.570106,4.970106,0.306875,0.306875,0.306875,0.306875,0.000000,0.306875,0.000000,4.970106,4.970106,4.663231,4.663231,0.000000,horizon_mpc_secbf,12,4.717767,true,osqp,optimal,50,3.332685,0,5.208243,accept,false,-0.000106,0.000330,-0.000059,0.000194,,,0.000203,0.000692,7.392476,0.000035
crossing,context_ext,SEESM w/o Feasibility-Preserving Update,118,11.800,2.000005,-0.250014,-0.000059,0.000194,1.867403,0.100000,5.044000,0.000000,0.580000,cyclist,crossing,distracted,,0.000000,0.625000,5.624642,5.024642,0.306875,0.306875,0.306875,0.306875,0.000000,0.306875,0.000000,5.024642,5.024642,4.717767,4.717767,0.000000,horizon_mpc_secbf,12,4.772377,true,osqp,optimal,25,4.260028,0,5.263525,accept,false,-0.000047,0.000136,-0.000048,0.000141,,,0.000149,0.000054,7.392491,0.000014
crossing,context_ext,SEESM w/o Feasibility-Preserving Update,119,11.900,2.000000,-0.249999,-0.000048,0.000141,1.897113,0.100000,5.102000,0.000000,0.580000,cyclist,crossing,distracted,,0.000000,0.625000,5.679252,5.079252,0.306875,0.306875,0.306875,0.306875,0.000000,0.306875,0.000000,5.079252,5.079252,4.772377,4.772377,0.000000,horizon_mpc_secbf,12,4.827067,true,osqp,optimal,25,3.848572,0,5.318954,accept,false,0.000000,-0.000005,-0.000006,-0.000001,,,0.000006,0.000148,7.392492,0.000001
crossing,context_ext,Proposed MPC-SECBF,0,0.000,-2.000000,-0.250000,0.000000,0.000000,0.000000,0.100000,-1.800000,0.000000,0.580000,pedestrian,walking,unknown,5.835878,1.000000,0.625000,2.610077,2.010077,0.256000,0.050000,0.256000,0.050000,0.296875,0.346875,0.050000,2.010077,1.713201,1.663201,1.663201,0.000000,horizon_mpc_secbf,12,0.562046,true,osqp,optimal,100,3.773061,0,0.819117,accept,false,0.750000,0.000000,0.621014,0.000002,,,0.621014,0.621014,0.062101,4.000000
crossing,context_ext,Proposed MPC-SECBF,1,0.100,-1.937899,-0.250000,0.621014,0.000002,0.000004,0.100000,-1.742000,0.000000,0.580000,pedestrian,walking,unknown,2.282434,1.000000,0.625000,2.525687,1.925687,0.297222,0.100000,0.297222,0.100000,0.840661,0.940661,0.050000,1.925687,1.085026,0.985026,0.985026,0.000111,horizon_mpc_secbf,12,-0.000111,true,osqp,optimal,50,3.538867,0,0.146935,accept,false,0.750000,-0.000000,0.653625,0.053853,,,0.655840,0.062955,0.127685,3.937899
crossing,context_ext,Proposed MPC-SECBF,2,0.200,-1.872536,-0.244614,0.653625,0.053853,0.082205,0.100000,-1.684000,0.000000,0.580000,pedestrian,walking,unknown,2.197569,1.000000,0.625000,2.441870,1.841870,0.299258,0.150000,0.299258,0.150000,0.837648,0.987648,0.050000,1.841870,1.004222,0.854222,0.854222,0.000215,horizon_mpc_secbf,12,-0.000215,true,osqp,optimal,50,4.426020,0,0.103345,accept,false,0.749999,-0.001043,0.589407,0.113521,,,0.600240,0.087660,0.187709,3.872540
crossing,context_ext,Proposed MPC-SECBF,3,0.300,-1.813595,-0.233262,0.589407,0.113521,0.190273,0.100000,-1.626000,0.000000,0.580000,pedestrian,walking,unknown,2.352373,1.000000,0.625000,2.366763,1.766763,0.295543,0.200000,0.295543,0.200000,0.750771,0.950771,0.050000,1.766763,1.015992,0.815992,0.815992,0.000240,horizon_mpc_secbf,12,-0.000241,true,osqp,optimal,50,4.432658,0,0.099832,accept,false,0.749993,-0.003292,0.561971,0.134716,,,0.577893,0.034669,0.245499,3.813632
crossing,context_ext,Proposed MPC-SECBF,4,0.400,-1.757398,-0.219791,0.561971,0.134716,0.235281,0.100000,-1.568000,0.000000,0.580000,pedestrian,walking,unknown,2.366296,1.000000,0.625000,2.295124,1.695124,0.295209,0.250000,0.295209,0.250000,0.716072,0.966072,0.050000,1.695124,0.979052,0.729052,0.729052,0.000307,horizon_mpc_secbf,12,-0.000307,true,osqp,optimal,50,3.649607,0,0.072974,accept,false,0.749976,-0.006030,0.513288,0.169748,,,0.540628,0.059978,0.299561,3.757520
crossing,context_ext,Proposed MPC-SECBF,5,0.500,-1.706069,-0.202816,0.513288,0.169748,0.319385,0.100000,-1.510000,0.000000,0.580000,pedestrian,walking,unknown,2.482679,1.000000,0.625000,2.229488,1.629488,0.292416,0.250000,0.292416,0.250000,0.656029,0.906029,0.000000,1.629488,0.973459,0.723459,0.723459,0.000305,horizon_mpc_secbf,12,-0.000305,true,osqp,optimal,50,3.654682,0,0.074219,fallback,true,0.749939,-0.009548,0.506962,0.172603,,,0.535540,0.006940,0.353115,3.706370
crossing,context_ext,Proposed MPC-SECBF,6,0.600,-1.655373,-0.185556,0.506962,0.172603,0.328156,0.100000,-1.452000,0.000000,0.580000,pedestrian,walking,unknown,2.408854,1.000000,0.625000,2.164536,1.564536,0.294188,0.250000,0.294188,0.250000,0.649118,0.899118,0.000000,1.564536,0.915418,0.665418,0.665418,0.000348,horizon_mpc_secbf,12,-0.000348,true,osqp,optimal,50,4.138399,0,0.051117,fallback,true,0.749883,-0.013220,0.478267,0.192385,,,0.515511,0.034853,0.404667,3.655941
crossing,context_ext,Proposed MPC-SECBF,7,0.700,-1.607547,-0.166317,0.478267,0.192385,0.382449,0.100000,-1.394000,0.000000,0.580000,pedestrian,walking,unknown,2.445648,1.000000,0.625000,2.103074,1.503074,0.293304,0.250000,0.293304,0.250000,0.614168,0.864168,0.000000,1.503074,0.888906,0.638906,0.638906,0.000363,horizon_mpc_secbf,12,-0.000363,true,osqp,optimal,50,3.684668,0,0.041645,fallback,true,0.749798,-0.017393,0.463833,0.201373,,,0.505660,0.017004,0.455233,3.608517
crossing,context_ext,Proposed MPC-SECBF,8,0.800,-1.561163,-0.146180,0.463833,0.201373,0.409596,0.100000,-1.336000,0.000000,0.580000,pedestrian,walking,unknown,2.415354,1.000000,0.625000,2.043315,1.443315,0.294031,0.250000,0.294031,0.250000,0.597066,0.847066,0.000000,1.443315,0.846249,0.596249,0.596249,0.000393,horizon_mpc_secbf,12,-0.000393,true,osqp,optimal,50,3.825166,0,0.024378,fallback,true,0.749681,-0.021856,0.443005,0.215734,,,0.492742,0.025299,0.504507,3.562676
crossing,context_ext,Proposed MPC-SECBF,9,0.900,-1.516863,-0.124606,0.443005,0.215734,0.453177,0.100000,-1.278000,0.000000,0.580000,pedestrian,walking,unknown,2.422437,1.000000,0.625000,1.986092,1.386092,0.293862,0.250000,0.293862,0.250000,0.571644,0.821644,0.000000,1.386092,0.814448,0.564448,0.564448,0.000413,horizon_mpc_secbf,12,-0.000413,true,osqp,optimal,50,3.860354,0,0.011903,fallback,true,0.749524,-0.026724,0.427097,0.226548,,,0.483462,0.019236,0.552853,3.519097
crossing,context_ext,Proposed MPC-SECBF,10,1.000,-1.474153,-0.101951,0.427097,0.226548,0.487700,0.100000,-1.220000,0.000000,0.580000,cyclist,crossing,distracted,2.407053,1.000000,0.625000,1.930800,1.330800,0.583726,0.250000,0.583726,0.250000,0.552270,0.802270,0.000000,1.330800,0.778530,0.528530,0.528530,0.000437,horizon_mpc_secbf,12,-0.000437,true,osqp,optimal,50,4.137305,0,-0.002135,fallback,true,0.749320,-0.031932,0.410096,0.240212,,,0.475269,0.021811,0.600380,3.477306
crossing,context_ext,Proposed MPC-SECBF,11,1.100,-1.433143,-0.077930,0.410096,0.240212,0.529873,0.100000,-1.162000,0.000000,0.580000,cyclist,crossing,distracted,2.406122,1.000000,0.625000,1.877694,1.277694,0.583772,0.250000,0.583772,0.250000,0.530404,0.780404,0.000000,1.277694,0.747290,0.497290,0.497290,0.000457,horizon_mpc_secbf,12,-0.000457,true,osqp,optimal,50,3.779269,0,-0.012283,fallback,true,0.749060,-0.037543,0.395522,0.255953,,,0.471115,0.021451,0.647491,3.437453
crossing,context_ext,Proposed MPC-SECBF,12,1.200,-1.393591,-0.052335,0.395522,0.255953,0.574352,0.100000,-1.104000,0.000000,0.580000,cyclist,crossing,distracted,2.405482,1.000000,0.625000,1.826695,1.226695,0.583804,0.250000,0.583804,0.250000,0.509431,0.759431,0.000000,1.226695,0.717263,0.467263,0.467263,0.000477,horizon_mpc_secbf,12,-0.000477,true,osqp,optimal,50,3.651104,0,-0.018915,fallback,true,0.748731,-0.043611,0.382387,0.277774,,,0.472629,0.025469,0.694754,3.399343
crossing,context_ext,Proposed MPC-SECBF,13,1.300,-1.355352,-0.024558,0.382387,0.277774,0.628238,0.100000,-1.046000,0.000000,0.580000,cyclist,crossing,distracted,2.420874,1.000000,0.625000,1.778031,1.178031,0.583042,0.250000,0.583042,0.250000,0.486317,0.736317,0.000000,1.178031,0.691714,0.441714,0.441714,0.000493,horizon_mpc_secbf,12,-0.000493,true,osqp,optimal,50,3.828447,0,-0.023791,fallback,true,0.748313,-0.050278,0.371644,0.298352,,,0.476585,0.023214,0.742413,3.362918
crossing,context_ext,Proposed MPC-SECBF,14,1.400,-1.318188,0.005278,0.371644,0.298352,0.676439,0.100000,-0.988000,0.000000,0.580000,cyclist,crossing,distracted,2.428060,1.000000,0.625000,1.731432,1.131432,0.582686,0.250000,0.582686,0.250000,0.465861,0.715861,0.000000,1.131432,0.665571,0.415571,0.415571,0.000511,horizon_mpc_secbf,12,-0.000511,true,osqp,optimal,50,5.350221,0,-0.029244,fallback,true,0.747790,-0.057530,0.360795,0.318867,,,0.481507,0.023208,0.790564,3.327993
crossing,context_ext,Proposed MPC-SECBF,15,1.500,-1.282109,0.037164,0.360795,0.318867,0.723788,0.100000,-0.930000,0.000000,0.580000,cyclist,crossing,distracted,2.440699,1.000000,0.625000,1.686900,1.086900,0.582060,0.250000,0.582060,0.250000,0.445303,0.695303,0.000000,1.086900,0.641597,0.391597,0.391597,0.000528,horizon_mpc_secbf,12,-0.000528,true,osqp,optimal,50,3.832994,0,-0.034035,fallback,true,0.747146,-0.065371,0.351013,0.338313,,,0.487510,0.021768,0.839315,3.294647
crossing,context_ext,Proposed MPC-SECBF,16,1.600,-1.247007,0.070996,0.351013,0.338313,0.766977,0.100000,-0.872000,0.000000,0.580000,cyclist,crossing,distracted,2.450455,1.000000,0.625000,1.644284,1.044284,0.581577,0.250000,0.581577,0.250000,0.426155,0.676155,0.000000,1.044284,0.618129,0.368129,0.368129,0.000545,horizon_mpc_secbf,12,-0.000545,true,osqp,optimal,50,3.728338,0,-0.038937,fallback,true,0.746362,-0.073785,0.341733,0.357398,,,0.494485,0.021222,0.888763,3.262835
crossing,context_ext,Proposed MPC-SECBF,17,1.700,-1.212834,0.106736,0.341733,0.357398,0.807801,0.100000,-0.814000,0.000000,0.580000,cyclist,crossing,distracted,2.462030,1.000000,0.625000,1.603523,1.003523,0.581004,0.250000,0.581004,0.250000,0.407518,0.657518,0.000000,1.003523,0.596005,0.346005,0.346005,0.000562,horizon_mpc_secbf,12,-0.000562,true,osqp,optimal,50,3.621175,0,-0.043599,fallback,true,0.745419,-0.082767,0.333457,0.375960,,,0.502533,0.020323,0.939016,3.232578
crossing,context_ext,Proposed MPC-SECBF,18,1.800,-1.179488,0.144332,0.333457,0.375960,0.845239,0.100000,-0.756000,0.000000,0.580000,cyclist,crossing,distracted,2.472290,1.000000,0.625000,1.564509,0.964509,0.580497,0.250000,0.580497,0.250000,0.389861,0.639861,0.000000,0.964509,0.574648,0.324648,0.324648,0.000579,horizon_mpc_secbf,12,-0.000579,true,osqp,optimal,50,4.242811,0,-0.048330,fallback,true,0.744298,-0.092310,0.326168,0.394397,,,0.511795,0.019825,0.990196,3.203848
crossing,context_ext,Proposed MPC-SECBF,19,1.900,-1.146871,0.183771,0.326168,0.394397,0.879805,0.100000,-0.698000,0.000000,0.580000,cyclist,crossing,distracted,2.482541,1.000000,0.625000,1.527157,0.927157,0.579989,0.250000,0.579989,0.250000,0.372885,0.622885,0.000000,0.927157,0.554273,0.304273,0.304273,0.000595,horizon_mpc_secbf,12,-0.000595,true,osqp,optimal,50,3.632608,0,-0.053106,fallback,true,0.742975,-0.102413,0.320243,0.412859,,,0.522501,0.019389,1.042446,3.176627
crossing,context_ext,Proposed MPC-SECBF,20,2.000,-1.114847,0.225057,0.320243,0.412859,0.911067,0.100000,-0.640000,0.000000,0.580000,cyclist,crossing,distracted,2.491146,1.000000,0.625000,1.491368,0.891368,0.579563,0.250000,0.579563,0.250000,0.356730,0.606730,0.000000,0.891368,0.534638,0.284638,0.284638,0.000612,horizon_mpc_secbf,12,-0.000612,true,osqp,optimal,50,3.483572,0,-0.058156,fallback,true,0.741427,-0.113078,0.316000,0.431741,,,0.535030,0.019353,1.095949,3.150865
crossing,context_ext,Proposed MPC-SECBF,21,2.100,-1.083247,0.268231,0.316000,0.431741,0.938967,0.100000,-0.582000,0.000000,0.580000,cyclist,crossing,distracted,2.497682,1.000000,0.625000,1.457040,0.857040,0.579240,0.250000,0.579240,0.250000,0.341297,0.591297,0.000000,0.857040,0.515743,0.265743,0.265743,0.000629,horizon_mpc_secbf,12,-0.000627,true,osqp,optimal,50,3.897815,0,-0.063091,fallback,true,0.739625,-0.124316,0.313632,0.451873,,,0.550049,0.020271,1.150954,3.126496
crossing,context_ext,Proposed MPC-SECBF,22,2.200,-1.051884,0.313418,0.313632,0.451873,0.964060,0.100000,-0.524000,0.000000,0.580000,cyclist,crossing,distracted,2.504754,1.000000,0.625000,1.424116,0.824116,0.578890,0.250000,0.578890,0.250000,0.326045,0.576045,0.000000,0.824116,0.498071,0.248071,0.248071,0.000647,horizon_mpc_secbf,12,-0.000627,true,osqp,optimal,50,4.876371,0,-0.067662,fallback,true,0.737537,-0.136159,0.313999,0.473873,,,0.568464,0.022003,1.207800,3.103455
crossing,context_ext,Proposed MPC-SECBF,23,2.300,-1.020484,0.360806,0.313999,0.473873,0.985599,0.100000,-0.466000,0.000000,0.580000,cyclist,crossing,distracted,2.510560,1.000000,0.625000,1.392513,0.792513,0.578602,0.250000,0.578602,0.250000,0.310942,0.560942,0.000000,0.792513,0.481571,0.231571,0.231571,0.000666,horizon_mpc_secbf,12,-0.000564,true,osqp,optimal,50,3.765986,0,-0.071783,fallback,true,0.735120,-0.148657,0.318088,0.499038,,,0.591793,0.025495,1.266980,3.081624
crossing,context_ext,Proposed MPC-SECBF,24,2.400,-0.988675,0.410710,0.318088,0.499038,1.003328,0.100000,-0.408000,0.000000,0.580000,cyclist,crossing,distracted,2.516362,1.000000,0.625000,1.362167,0.762167,0.578315,0.250000,0.578315,0.250000,0.295361,0.545361,0.000000,0.762167,0.466806,0.216806,0.216806,0.000689,horizon_mpc_secbf,12,-0.000270,true,osqp,optimal,50,3.555209,0,-0.074388,fallback,true,0.732318,-0.161894,0.327337,0.529641,,,0.622631,0.031970,1.329243,3.060836
crossing,context_ext,Proposed MPC-SECBF,25,2.500,-0.955941,0.463674,0.327337,0.529641,1.017221,0.100000,-0.350000,0.000000,0.580000,cyclist,crossing,distracted,2.527607,1.000000,0.625000,1.333071,0.733071,0.577758,0.250000,0.577758,0.250000,0.277839,0.527839,0.000000,0.733071,0.455232,0.205232,0.205232,0.000717,horizon_mpc_secbf,12,0.000794,true,osqp,optimal,75,3.708542,0,-0.073094,fallback,true,0.729052,-0.176020,0.344219,0.569543,,,0.665482,0.043326,1.395791,3.040875
crossing,context_ext,Proposed MPC-SECBF,26,2.600,-0.921520,0.520628,0.344219,0.569543,1.027164,0.100000,-0.292000,0.000000,0.580000,cyclist,crossing,distracted,2.556541,1.000000,0.625000,1.305322,0.705322,0.576326,0.250000,0.576326,0.250000,0.255459,0.505459,0.000000,0.705322,0.449864,0.199864,0.199864,0.000762,horizon_mpc_secbf,12,0.004690,true,osqp,optimal,75,5.161184,0,-0.060745,fallback,true,0.725195,-0.191289,0.370417,0.625795,,,0.727205,0.062053,1.468511,3.021447
crossing,context_ext,Proposed MPC-SECBF,27,2.700,-0.884478,0.583208,0.370417,0.625795,1.036344,0.100000,-0.234000,0.000000,0.580000,cyclist,crossing,distracted,2.656579,1.000000,0.625000,1.279463,0.679463,0.571374,0.250000,0.571374,0.250000,0.220291,0.470291,0.000000,0.679463,0.459172,0.209172,0.209172,0.000845,horizon_mpc_secbf,12,0.017224,true,osqp,optimal,75,3.718113,0,-0.045453,fallback,true,0.720541,-0.208135,0.380618,0.638548,,,0.743380,0.016331,1.542849,3.002407
crossing,context_ext,Proposed MPC-SECBF,28,2.800,-0.846416,0.647062,0.380618,0.638548,1.033273,0.100000,-0.176000,0.000000,0.580000,cyclist,crossing,distracted,2.629795,1.000000,0.625000,1.254247,0.654247,0.572700,0.250000,0.572700,0.250000,0.206695,0.456695,0.000000,0.654247,0.447551,0.197551,0.197551,0.001083,horizon_mpc_secbf,12,0.056190,true,osqp,optimal,125,4.104562,0,-0.016034,fallback,true,0.715317,-0.225436,0.347377,0.652311,,,0.739040,0.035978,1.616753,2.984427
crossing,context_ext,Proposed MPC-SECBF,29,2.900,-0.811678,0.712293,0.347377,0.652311,1.081462,0.100000,-0.118000,0.000000,0.580000,cyclist,crossing,distracted,3.041734,1.000000,0.625000,1.233104,0.633104,0.552309,0.250000,0.552309,0.250000,0.168618,0.418618,0.000000,0.633104,0.464486,0.214486,0.214486,0.001526,horizon_mpc_secbf,12,0.123004,true,osqp,optimal,375,5.392560,0,0.062626,fallback,true,0.709592,-0.242857,0.293605,0.674584,,,0.735709,0.058203,1.690324,2.971791
crossing,context_ext,Proposed MPC-SECBF,30,3.000,-0.782318,0.779752,0.293605,0.674584,1.160286,0.100000,-0.060000,0.000000,0.580000,cyclist,crossing,distracted,4.191115,1.000000,0.625000,1.218059,0.618059,0.504875,0.250000,0.504875,0.250000,0.113719,0.363719,0.000000,0.618059,0.504340,0.254340,0.254340,0.021888,horizon_mpc_secbf,12,0.166142,true,osqp,optimal,6525,33.049769,0,0.167234,fallback,true,0.703372,-0.260322,0.255507,0.690362,,,0.736127,0.041236,1.763937,2.966763
crossing,context_ext,Proposed MPC-SECBF,31,3.100,-0.756767,0.848788,0.255507,0.690362,1.216324,0.100000,-0.002000,0.000000,0.580000,cyclist,crossing,distracted,5.866735,1.000000,0.625000,1.207431,0.607431,0.504875,0.250000,0.504875,0.250000,0.073710,0.323710,0.000000,0.607431,0.533721,0.283721,0.283721,0.061193,horizon_mpc_secbf,12,0.185846,true,osqp,optimal,6150,33.042964,0,0.224480,fallback,true,0.696699,-0.277689,0.272378,0.683374,,,0.735656,0.018261,1.837503,2.967676
crossing,context_ext,Proposed MPC-SECBF,32,3.200,-0.729529,0.917125,0.272378,0.683374,1.191516,0.100000,0.056000,0.000000,0.580000,cyclist,crossing,distracted,5.201623,1.000000,0.625000,1.195682,0.595682,0.504875,0.250000,0.504875,0.250000,0.081826,0.331826,0.000000,0.595682,0.513856,0.263856,0.263856,0.159690,horizon_mpc_secbf,12,0.157630,true,osqp,optimal,1925,12.440946,0,0.292318,fallback,true,0.689603,-0.294869,0.289222,0.676397,,,0.735638,0.018232,1.911066,2.968588
crossing,context_ext,Proposed MPC-SECBF,33,3.300,-0.700607,0.984765,0.289222,0.676397,1.166732,0.100000,0.114000,0.000000,0.580000,cyclist,crossing,distracted,4.670806,1.000000,0.625000,1.182879,0.582879,0.504875,0.250000,0.504875,0.250000,0.088842,0.338842,0.000000,0.582879,0.494037,0.244037,0.244037,0.252845,horizon_mpc_secbf,12,0.031961,true,osqp,optimal,4050,23.085679,0,0.246966,fallback,true,0.682087,-0.311862,0.416673,0.623605,,,0.750000,0.137952,1.986066,2.969499
crossing,context_ext,Proposed MPC-SECBF,34,3.400,-0.658940,1.047126,0.416673,0.623605,0.981756,0.100000,0.172000,0.000000,0.580000,cyclist,crossing,distracted,2.326071,1.000000,0.625000,1.158376,0.558376,0.587734,0.250000,0.587734,0.250000,0.177961,0.427961,0.000000,0.558376,0.380415,0.130415,0.130415,0.457752,horizon_mpc_secbf,12,-0.065037,true,osqp,optimal,13375,63.494921,0,0.348124,fallback,true,0.674068,-0.328834,0.416665,0.623610,,,0.750000,0.000009,2.061066,2.958462
crossing,context_ext,Proposed MPC-SECBF,35,3.500,-0.617273,1.109487,0.416665,0.623610,0.981767,0.100000,0.230000,0.000000,0.580000,cyclist,crossing,distracted,2.330226,1.000000,0.625000,1.134891,0.534891,0.587529,0.250000,0.587529,0.250000,0.164081,0.414081,0.000000,0.534891,0.370811,0.120811,0.120811,0.547127,horizon_mpc_secbf,12,-0.081974,true,osqp,optimal,13175,68.503846,0,0.438418,fallback,true,0.665568,-0.345715,0.416643,0.623625,,,0.750000,0.000027,2.136066,2.949292
crossing,context_ext,Proposed MPC-SECBF,36,3.600,-0.575609,1.171849,0.416643,0.623625,0.981803,0.100000,0.288000,0.000000,0.580000,cyclist,crossing,distracted,2.346944,1.000000,0.625000,1.112491,0.512491,0.586701,0.250000,0.586701,0.250000,0.149542,0.399542,0.000000,0.512491,0.362950,0.112950,0.112950,0.609360,horizon_mpc_secbf,12,-0.094798,true,osqp,optimal,8475,41.654687,0,0.503820,fallback,true,0.656594,-0.362469,0.416746,0.623548,,,0.749993,0.000129,2.211066,2.942009
crossing,context_ext,Proposed MPC-SECBF,37,3.700,-0.533935,1.234204,0.416746,0.623548,0.981632,0.100000,0.346000,0.000000,0.580000,cyclist,crossing,distracted,2.377020,1.000000,0.625000,1.091228,0.491228,0.585213,0.250000,0.585213,0.250000,0.134498,0.384498,0.000000,0.491228,0.356730,0.106730,0.106730,0.636424,horizon_mpc_secbf,12,-0.126575,true,osqp,optimal,8400,44.380055,0,0.536539,fallback,true,0.647158,-0.379060,0.416713,0.623576,,,0.749998,0.000043,2.286065,2.936611
crossing,context_ext,Proposed MPC-SECBF,38,3.800,-0.492263,1.296562,0.416713,0.623576,0.981689,0.100000,0.404000,0.000000,0.580000,cyclist,crossing,distracted,2.427642,1.000000,0.625000,1.071187,0.471187,0.582707,0.250000,0.582707,0.250000,0.118732,0.368732,0.000000,0.471187,0.352455,0.102455,0.102455,0.623340,horizon_mpc_secbf,12,-0.195171,true,osqp,optimal,4075,22.152569,0,0.467569,fallback,true,0.637271,-0.395456,0.462979,0.577307,,,0.740022,0.065432,2.360068,2.933126
crossing,context_ext,Proposed MPC-SECBF,39,3.900,-0.445965,1.354292,0.462979,0.577307,0.894860,0.100000,0.462000,0.000000,0.580000,cyclist,crossing,distracted,1.828646,1.000000,0.625000,1.046071,0.446071,0.612357,0.243462,0.612357,0.243462,0.152609,0.396071,0.000000,0.446071,0.293462,0.050000,0.050000,0.662053,horizon_mpc_secbf,12,-0.232778,true,osqp,optimal,10800,53.793562,0,0.531688,project,true,0.627139,-0.411336,0.416749,0.623546,,,0.749993,0.065385,2.435067,2.925150
crossing,context_ext,Proposed MPC-SECBF,40,4.000,-0.404291,1.416647,0.416749,0.623546,0.981627,0.100000,0.520000,0.000000,0.580000,cyclist,crossing,distracted,2.577457,1.000000,0.625000,1.028730,0.428730,0.575291,0.243462,0.575291,0.243462,0.084470,0.327932,0.000000,0.428730,0.344260,0.100798,0.100798,0.539210,horizon_mpc_secbf,12,-0.223699,true,osqp,optimal,7150,37.736228,0,0.250686,fallback,true,0.616388,-0.427278,0.580483,0.459802,,,0.740526,0.231562,2.509119,2.925461
crossing,context_ext,Proposed MPC-SECBF,41,4.100,-0.346242,1.462627,0.580483,0.459802,0.669907,0.100000,0.578000,0.000000,0.580000,cyclist,crossing,distracted,1.059796,1.000000,0.625000,0.990806,0.390806,0.650415,0.126127,0.650415,0.126127,0.214679,0.340806,0.000000,0.390806,0.176127,0.050000,0.050000,0.538322,horizon_mpc_secbf,12,-0.246685,true,osqp,optimal,8525,42.457100,0,0.161740,project,true,0.605781,-0.442187,0.623544,0.416758,,,0.749996,0.060886,2.584119,2.904814
crossing,context_ext,Proposed MPC-SECBF,42,4.200,-0.283888,1.504303,0.623544,0.416758,0.589181,0.100000,0.636000,0.000000,0.580000,cyclist,crossing,distracted,0.870322,1.000000,0.625000,0.949379,0.349379,0.659794,0.094678,0.659794,0.094678,0.204700,0.299379,0.000000,0.349379,0.144678,0.050000,0.050000,0.465180,horizon_mpc_secbf,12,-0.223156,true,osqp,optimal,12175,60.939117,0,0.113552,project,true,0.594787,-0.456868,0.623656,0.416597,,,0.750000,0.000196,2.659119,2.879882
crossing,context_ext,Proposed MPC-SECBF,43,4.300,-0.221522,1.545963,0.623656,0.416597,0.588920,0.100000,0.694000,0.000000,0.580000,cyclist,crossing,distracted,0.832564,1.000000,0.625000,0.910613,0.310613,0.660000,0.101930,0.660000,0.101930,0.158683,0.260613,0.007252,0.310613,0.151930,0.050000,0.050000,0.389265,horizon_mpc_secbf,12,-0.184385,true,osqp,optimal,11575,56.967872,0,0.066233,project,true,0.583243,-0.471516,0.623628,0.416639,,,0.750000,0.000050,2.734119,2.856684
crossing,context_ext,Proposed MPC-SECBF,44,4.400,-0.159159,1.587626,0.623628,0.416639,0.588987,0.100000,0.752000,0.000000,0.580000,cyclist,crossing,distracted,0.806702,1.000000,0.625000,0.874892,0.274892,0.660000,0.114708,0.660000,0.114708,0.110184,0.224892,0.012778,0.274892,0.164708,0.050000,0.050000,0.313676,horizon_mpc_secbf,12,-0.160595,true,osqp,optimal,9875,60.188716,0,0.022937,project,true,0.571149,-0.486096,0.623617,0.416656,,,0.750000,0.000021,2.809119,2.835285
crossing,context_ext,Proposed MPC-SECBF,45,4.500,-0.096798,1.629292,0.623617,0.416656,0.589014,0.100000,0.810000,0.000000,0.580000,cyclist,crossing,distracted,0.796761,1.000000,0.625000,0.842597,0.242597,0.660000,0.132587,0.660000,0.132587,0.060010,0.192597,0.017879,0.242597,0.182587,0.050000,0.050000,0.247062,horizon_mpc_secbf,12,-0.133418,true,osqp,optimal,8200,44.910736,0,-0.007429,project,true,0.558506,-0.500571,0.623624,0.416645,,,0.750000,0.000014,2.884119,2.815724
crossing,context_ext,Proposed MPC-SECBF,46,4.600,-0.034435,1.670957,0.623624,0.416645,0.588996,0.100000,0.868000,0.000000,0.580000,cyclist,crossing,distracted,0.810833,1.000000,0.625000,0.814133,0.214133,0.660000,0.155230,0.660000,0.155230,0.008903,0.164133,0.022643,0.214133,0.205230,0.050000,0.050000,0.184995,horizon_mpc_secbf,12,-0.104972,true,osqp,optimal,4600,24.350440,0,-0.052317,project,true,0.545321,-0.514903,0.632739,0.394625,,,0.745713,0.023832,2.958690,2.798035
crossing,context_ext,Proposed MPC-SECBF,47,4.700,0.028839,1.710419,0.632739,0.394625,0.557648,0.100000,0.926000,0.000000,0.580000,cyclist,crossing,distracted,0.776069,1.000000,0.625000,0.787640,0.187640,0.660000,0.171111,0.660000,0.171111,0.000000,0.171111,0.015881,0.187640,0.221111,0.050000,0.016529,0.164317,horizon_mpc_secbf,12,-0.096308,true,osqp,optimal,10500,54.021081,0,-0.038176,project,true,0.531777,-0.528879,0.623619,0.416653,,,0.750000,0.023841,3.033690,2.780058
crossing,context_ext,Proposed MPC-SECBF,48,4.800,0.091200,1.752084,0.623619,0.416653,0.589008,0.100000,0.984000,0.000000,0.580000,cyclist,crossing,distracted,0.986240,1.000000,0.625000,0.768135,0.168135,0.654056,0.212386,0.654056,0.212386,0.000000,0.212386,0.041275,0.168135,0.262386,0.050000,-0.044251,0.182911,horizon_mpc_secbf,12,-0.119786,true,osqp,optimal,3725,21.827348,0,-0.031818,project,true,0.517533,-0.542825,0.623617,0.416655,,,0.750000,0.000003,3.108690,2.766199
crossing,context_ext,Proposed MPC-SECBF,49,4.900,0.153562,1.793750,0.623617,0.416655,0.589012,0.100000,1.042000,0.000000,0.580000,cyclist,crossing,distracted,1.295451,1.000000,0.625000,0.753656,0.153656,0.638750,0.247102,0.638750,0.247102,0.000000,0.247102,0.034716,0.153656,0.297102,0.050000,-0.093447,0.184453,horizon_mpc_secbf,12,-0.135945,true,osqp,optimal,3950,21.266628,0,-0.027603,project,true,0.502785,-0.556513,0.623616,0.416657,,,0.750000,0.000003,3.183690,2.754314
crossing,context_ext,Proposed MPC-SECBF,50,5.000,0.215924,1.835416,0.623616,0.416657,0.589016,0.100000,1.100000,0.000000,0.580000,cyclist,crossing,distracted,2.249017,1.000000,0.625000,0.744496,0.144496,0.591549,0.247102,0.591549,0.247102,0.000000,0.247102,0.000000,0.144496,0.334979,0.087877,-0.102606,0.155291,horizon_mpc_secbf,12,-0.119209,true,osqp,optimal,10200,54.925051,0,-0.011561,fallback,true,0.487554,-0.569904,0.623614,0.416660,,,0.750000,0.000003,3.258690,2.744428
crossing,context_ext,Proposed MPC-SECBF,51,5.100,0.278285,1.877082,0.623614,0.416660,0.589020,0.100000,1.158000,0.000000,0.580000,cyclist,crossing,distracted,16.632837,1.000000,0.625000,0.740854,0.140854,0.504875,0.247102,0.504875,0.247102,0.000000,0.247102,0.000000,0.140854,0.375649,0.128547,-0.106249,0.126356,horizon_mpc_secbf,12,-0.104293,true,osqp,optimal,5800,34.223465,0,0.011642,fallback,true,0.471864,-0.582962,0.623612,0.416663,,,0.750000,0.000004,3.333690,2.736563
crossing,context_ext,Proposed MPC-SECBF,52,5.200,0.340646,1.918748,0.623612,0.416663,0.589025,0.100000,1.216000,0.000000,0.580000,cyclist,crossing,distracted,,0.000000,0.625000,0.742809,0.142809,0.306875,0.092809,0.306875,0.092809,0.000000,0.092809,0.000000,0.142809,0.142809,0.050000,0.050000,0.000385,horizon_mpc_secbf,12,0.002018,true,osqp,optimal,350,6.017948,0,-0.246700,project,true,0.455743,-0.595649,0.735586,0.014088,,,0.735720,0.417857,3.407262,2.730737
crossing,context_ext,Proposed MPC-SECBF,53,5.300,0.414205,1.920157,0.735586,0.014088,0.019150,0.100000,1.274000,0.000000,0.580000,cyclist,crossing,distracted,0.632829,1.000000,0.625000,0.718501,0.118501,0.660000,0.142809,0.660000,0.142809,0.000000,0.142809,0.050000,0.118501,0.452853,0.310044,-0.024308,0.009931,horizon_mpc_secbf,12,-0.008212,true,osqp,optimal,1100,11.107740,0,0.121865,accept,false,0.442496,-0.605555,0.601067,0.439217,,,0.744442,0.445904,3.481707,2.687811
crossing,context_ext,Proposed MPC-SECBF,54,5.400,0.474312,1.964078,0.601067,0.439217,0.631054,0.100000,1.332000,0.000000,0.580000,cyclist,crossing,distracted,,0.000000,0.625000,0.734597,0.134597,0.306875,0.084597,0.306875,0.084597,0.000000,0.084597,0.000000,0.134597,0.134597,0.050000,0.050000,0.000083,horizon_mpc_secbf,12,0.000296,true,osqp,optimal,75,5.358168,0,-0.291069,project,true,0.425561,-0.617574,0.680233,-0.219312,,,0.714713,0.663271,3.553178,2.688841
crossing,context_ext,Proposed MPC-SECBF,55,5.500,0.542335,1.942147,0.680233,-0.219312,-0.311886,0.100000,1.390000,0.000000,0.580000,cyclist,crossing,distracted,0.541407,1.000000,0.625000,0.707479,0.107479,0.660000,0.134597,0.660000,0.134597,0.000000,0.134597,0.050000,0.107479,0.549456,0.414859,-0.027118,0.002837,horizon_mpc_secbf,12,-0.000619,true,osqp,optimal,225,4.711550,0,0.213269,accept,false,0.415282,-0.624533,0.643355,0.368975,,,0.741652,0.589442,3.627343,2.632546
crossing,context_ext,Proposed MPC-SECBF,56,5.600,0.606670,1.979045,0.643355,0.368975,0.520718,0.100000,1.448000,0.000000,0.580000,cyclist,crossing,distracted,,0.000000,0.625000,0.733978,0.133978,0.306875,0.083978,0.306875,0.083978,0.000000,0.083978,0.000000,0.133978,0.133978,0.050000,0.050000,0.000000,horizon_mpc_secbf,12,0.033988,true,osqp,optimal,75,5.889203,0,-0.158655,project,true,0.397535,-0.635976,0.616695,-0.296780,,,0.684391,0.666288,3.695782,2.628689
crossing,context_ext,Proposed MPC-SECBF,57,5.700,0.668340,1.949367,0.616695,-0.296780,-0.448530,0.100000,1.506000,0.000000,0.580000,cyclist,crossing,distracted,2.277325,1.000000,0.625000,0.720822,0.120822,0.590147,0.133978,0.590147,0.133978,0.000000,0.133978,0.050000,0.120822,0.661806,0.527828,-0.013156,0.000387,horizon_mpc_secbf,12,-0.000255,true,osqp,optimal,125,4.095589,0,0.037482,accept,false,0.388451,-0.641565,0.699091,-0.234450,,,0.737357,0.103316,3.769518,2.571096
crossing,context_ext,Proposed MPC-SECBF,58,5.800,0.738249,1.925922,0.699091,-0.234450,-0.323577,0.100000,1.564000,0.000000,0.580000,cyclist,crossing,distracted,,0.000000,0.625000,0.733723,0.133723,0.306875,0.083723,0.306875,0.083723,0.000000,0.083723,0.000000,0.133723,0.133723,0.050000,0.050000,0.000000,horizon_mpc_secbf,12,0.062719,true,osqp,optimal,125,5.558547,0,0.084576,project,true,0.376225,-0.648810,0.608269,-0.422587,,,0.740655,0.208912,3.843583,2.515283
crossing,context_ext,Proposed MPC-SECBF,59,5.900,0.799076,1.883663,0.608269,-0.422587,-0.607185,0.100000,1.622000,0.000000,0.580000,cyclist,crossing,distracted,,0.000000,0.625000,0.746441,0.146441,0.306875,0.096441,0.306875,0.096441,0.000000,0.096441,0.012719,0.146441,0.146441,0.050000,0.050000,0.000000,horizon_mpc_secbf,12,0.076690,true,osqp,optimal,200,5.528652,0,0.226556,project,true,0.367868,-0.653585,0.578460,-0.461794,,,0.740182,0.049252,3.917602,2.448415
crossing,context_ext,Proposed MPC-SECBF,60,6.000,0.856922,1.837484,0.578460,-0.461794,-0.673713,0.100000,1.680000,0.000000,0.580000,cyclist,crossing,distracted,,0.000000,0.625000,0.773131,0.173131,0.306875,0.123131,0.306875,0.123131,0.000000,0.123131,0.026690,0.173131,0.173131,0.050000,0.050000,0.000000,horizon_mpc_secbf,12,0.091484,true,osqp,optimal,125,5.281545,0,0.383020,project,true,0.360220,-0.657831,0.560626,-0.479679,,,0.737830,0.025258,3.991385,2.379961
crossing,context_ext,Proposed MPC-SECBF,61,6.100,0.912984,1.789516,0.560626,-0.479679,-0.707744,0.100000,1.738000,0.000000,0.580000,cyclist,crossing,distracted,,0.000000,0.625000,0.814615,0.214615,0.306875,0.164615,0.306875,0.164615,0.000000,0.164615,0.041484,0.214615,0.214615,0.050000,0.050000,0.000000,horizon_mpc_secbf,12,0.104571,true,osqp,optimal,125,4.086138,0,0.524715,project,true,0.352758,-0.661863,0.543874,-0.496386,,,0.736340,0.023659,4.065019,2.311110
crossing,context_ext,Proposed MPC-SECBF,62,6.200,0.967372,1.739877,0.543874,-0.496386,-0.739780,0.100000,1.796000,0.000000,0.580000,cyclist,crossing,distracted,,0.000000,0.625000,0.869186,0.269186,0.306875,0.214615,0.306875,0.214615,0.000000,0.214615,0.050000,0.269186,0.269186,0.054571,0.054571,0.000000,horizon_mpc_secbf,12,0.120121,true,osqp,optimal,150,6.095381,0,0.649977,accept,false,0.345459,-0.665701,0.525836,-0.514453,,,0.735639,0.025530,4.138583,2.241859
crossing,context_ext,Proposed MPC-SECBF,63,6.300,1.019955,1.688432,0.525836,-0.514453,-0.774456,0.100000,1.854000,0.000000,0.580000,cyclist,crossing,distracted,,0.000000,0.625000,0.934736,0.334736,0.306875,0.264615,0.306875,0.264615,0.000000,0.264615,0.050000,0.334736,0.334736,0.070121,0.070121,0.000000,horizon_mpc_secbf,12,0.144716,true,osqp,optimal,175,4.740780,0,0.765752,accept,false,0.338398,-0.669318,0.506326,-0.533950,,,0.735845,0.027582,4.212167,2.172097
crossing,context_ext,Proposed MPC-SECBF,64,6.400,1.070588,1.635037,0.506326,-0.533950,-0.811946,0.100000,1.912000,0.000000,0.580000,cyclist,crossing,distracted,,0.000000,0.625000,1.009331,0.409331,0.306875,0.264615,0.306875,0.264615,0.000000,0.264615,0.000000,0.409331,0.409331,0.144716,0.144716,0.000000,horizon_mpc_secbf,12,0.226761,true,osqp,optimal,150,5.343907,0,0.923050,fallback,true,0.331663,-0.672681,0.485623,-0.554656,,,0.737206,0.029281,4.285888,2.101707
crossing,context_ext,Proposed MPC-SECBF,65,6.500,1.119150,1.579571,0.485623,-0.554656,-0.851661,0.100000,1.970000,0.000000,0.580000,cyclist,crossing,distracted,,0.000000,0.625000,1.091376,0.491376,0.306875,0.264615,0.306875,0.264615,0.000000,0.264615,0.000000,0.491376,0.491376,0.226761,0.226761,0.000000,horizon_mpc_secbf,12,0.314999,true,osqp,optimal,150,5.963246,0,1.073700,fallback,true,0.325345,-0.675759,0.464000,-0.576275,,,0.739858,0.030576,4.359873,2.030573
crossing,context_ext,Proposed MPC-SECBF,66,6.600,1.165550,1.521944,0.464000,-0.576275,-0.892910,0.100000,2.028000,0.000000,0.580000,cyclist,crossing,distracted,,0.000000,0.625000,1.179614,0.579614,0.306875,0.264615,0.306875,0.264615,0.000000,0.264615,0.000000,0.579614,0.579614,0.314999,0.314999,0.000000,horizon_mpc_secbf,12,0.408473,true,osqp,optimal,150,4.767832,0,1.219623,fallback,true,0.319534,-0.678526,0.441747,-0.598531,,,0.743895,0.031472,4.434263,1.958594
crossing,context_ext,Proposed MPC-SECBF,67,6.700,1.209725,1.462091,0.441747,-0.598531,-0.934985,0.100000,2.086000,0.000000,0.580000,cyclist,crossing,distracted,,0.000000,0.625000,1.273088,0.673088,0.306875,0.264615,0.306875,0.264615,0.000000,0.264615,0.000000,0.673088,0.673088,0.408473,0.408473,0.000000,horizon_mpc_secbf,12,0.506337,true,osqp,optimal,150,5.175773,0,1.361293,fallback,true,0.314320,-0.680958,0.418332,-0.620159,,,0.748063,0.031876,4.509069,1.885680
crossing,context_ext,Proposed MPC-SECBF,68,6.800,1.251558,1.400075,0.418332,-0.620159,-0.977352,0.100000,2.144000,0.000000,0.580000,cyclist,crossing,distracted,,0.000000,0.625000,1.370952,0.770952,0.306875,0.264615,0.306875,0.264615,0.000000,0.264615,0.000000,0.770952,0.770952,0.506337,0.506337,0.000000,horizon_mpc_secbf,12,0.607205,true,osqp,optimal,150,5.498764,0,1.492764,fallback,true,0.309806,-0.683023,0.389561,-0.634829,,,0.744826,0.032296,4.583552,1.811881
crossing,context_ext,Proposed MPC-SECBF,69,6.900,1.290514,1.336592,0.389561,-0.634829,-1.020403,0.100000,2.202000,0.000000,0.580000,cyclist,crossing,distracted,,0.000000,0.625000,1.471820,0.871820,0.306875,0.264615,0.306875,0.264615,0.000000,0.264615,0.000000,0.871820,0.871820,0.607205,0.607205,0.000000,horizon_mpc_secbf,12,0.710383,true,osqp,optimal,200,5.780270,0,1.619592,fallback,true,0.306165,-0.684663,0.359463,-0.647288,,,0.740402,0.032574,4.657592,1.738000
crossing,context_ext,Proposed MPC-SECBF,70,7.000,1.326461,1.271863,0.359463,-0.647288,-1.063865,0.100000,2.260000,0.000000,0.580000,cyclist,crossing,distracted,,0.000000,0.625000,1.574998,0.974998,0.306875,0.264615,0.306875,0.264615,0.000000,0.264615,0.000000,0.974998,0.974998,0.710383,0.710383,0.000000,horizon_mpc_secbf,12,0.815561,true,osqp,optimal,200,5.311180,0,1.745050,fallback,true,0.303533,-0.685834,0.330091,-0.659458,,,0.737458,0.031793,4.731338,1.664248
crossing,context_ext,Proposed MPC-SECBF,71,7.100,1.359470,1.205917,0.330091,-0.659458,-1.106710,0.100000,2.318000,0.000000,0.580000,cyclist,crossing,distracted,,0.000000,0.625000,1.680176,1.080176,0.306875,0.264615,0.306875,0.264615,0.000000,0.264615,0.000000,1.080176,1.080176,0.815561,0.815561,0.000000,horizon_mpc_secbf,12,0.922636,true,osqp,optimal,150,5.829602,0,1.871164,fallback,true,0.302025,-0.686499,0.304399,-0.670102,,,0.736000,0.027809,4.804938,1.590589
crossing,context_ext,Proposed MPC-SECBF,72,7.200,1.389910,1.138907,0.304399,-0.670102,-1.144407,0.100000,2.376000,0.000000,0.580000,cyclist,crossing,distracted,,0.000000,0.625000,1.787251,1.187251,0.306875,0.264615,0.306875,0.264615,0.000000,0.264615,0.000000,1.187251,1.187251,0.922636,0.922636,0.000000,horizon_mpc_secbf,12,1.032124,true,osqp,optimal,150,5.476380,0,2.004657,fallback,true,0.301628,-0.686674,0.297585,-0.672926,,,0.735790,0.007377,4.878517,1.516995
crossing,context_ext,Proposed MPC-SECBF,73,7.300,1.419668,1.071615,0.297585,-0.672926,-1.154427,0.100000,2.434000,0.000000,0.580000,cyclist,crossing,distracted,,0.000000,0.625000,1.896739,1.296739,0.306875,0.264615,0.306875,0.264615,0.000000,0.264615,0.000000,1.296739,1.296739,1.032124,1.032124,0.000000,horizon_mpc_secbf,12,1.143856,true,osqp,optimal,150,5.876874,0,2.138627,fallback,true,0.301541,-0.686712,0.296344,-0.673443,,,0.735761,0.001344,4.952093,1.443416
crossing,context_ext,Proposed MPC-SECBF,74,7.400,1.449302,1.004270,0.296344,-0.673443,-1.156254,0.100000,2.492000,0.000000,0.580000,cyclist,crossing,distracted,,0.000000,0.625000,2.008471,1.408471,0.306875,0.264615,0.306875,0.264615,0.000000,0.264615,0.000000,1.408471,1.408471,1.143856,1.143856,0.000000,horizon_mpc_secbf,12,1.257516,true,osqp,optimal,150,5.903504,0,2.271316,fallback,true,0.301512,-0.686724,0.296107,-0.673542,,,0.735757,0.000257,5.025669,1.369840
crossing,context_ext,Proposed MPC-SECBF,75,7.500,1.478913,0.936916,0.296107,-0.673542,-1.156602,0.100000,2.550000,0.000000,0.580000,cyclist,crossing,distracted,,0.000000,0.625000,2.122131,1.522131,0.306875,0.264615,0.306875,0.264615,0.000000,0.264615,0.000000,1.522131,1.522131,1.257516,1.257516,0.000000,horizon_mpc_secbf,12,1.372816,true,osqp,optimal,150,5.960358,0,2.402751,fallback,true,0.301493,-0.686733,0.296052,-0.673567,,,0.735757,0.000061,5.099244,1.296264
crossing,context_ext,Proposed MPC-SECBF,76,7.600,1.508518,0.869559,0.296052,-0.673567,-1.156685,0.100000,2.608000,0.000000,0.580000,cyclist,crossing,distracted,,0.000000,0.625000,2.237431,1.637431,0.306875,0.264615,0.306875,0.264615,0.000000,0.264615,0.000000,1.637431,1.637431,1.372816,1.372816,0.000000,horizon_mpc_secbf,12,1.489517,true,osqp,optimal,150,5.166683,0,2.533179,fallback,true,0.301476,-0.686740,0.296028,-0.673578,,,0.735758,0.000026,5.172820,1.222689
crossing,context_ext,Proposed MPC-SECBF,77,7.700,1.538121,0.802202,0.296028,-0.673578,-1.156720,0.100000,2.666000,0.000000,0.580000,cyclist,crossing,distracted,,0.000000,0.625000,2.354132,1.754132,0.306875,0.264615,0.306875,0.264615,0.000000,0.264615,0.000000,1.754132,1.754132,1.489517,1.489517,0.000000,horizon_mpc_secbf,12,1.607419,true,osqp,optimal,150,5.577468,0,2.662828,fallback,true,0.301458,-0.686748,0.296010,-0.673587,,,0.735758,0.000021,5.246396,1.149113
crossing,context_ext,Proposed MPC-SECBF,78,7.800,1.567722,0.734843,0.296010,-0.673587,-1.156748,0.100000,2.724000,0.000000,0.580000,cyclist,crossing,distracted,,0.000000,0.625000,2.472034,1.872034,0.306875,0.264615,0.306875,0.264615,0.000000,0.264615,0.000000,1.872034,1.872034,1.607419,1.607419,0.000000,horizon_mpc_secbf,12,1.726359,true,osqp,optimal,175,5.587143,0,2.791871,fallback,true,0.301439,-0.686757,0.295987,-0.673585,,,0.735748,0.000022,5.319971,1.075537
crossing,context_ext,Proposed MPC-SECBF,79,7.900,1.597321,0.667484,0.295987,-0.673585,-1.156775,0.100000,2.782000,0.000000,0.580000,cyclist,crossing,distracted,,0.000000,0.625000,2.590974,1.990974,0.306875,0.264615,0.306875,0.264615,0.000000,0.264615,0.000000,1.990974,1.990974,1.726359,1.726359,0.000000,horizon_mpc_secbf,12,1.846199,true,osqp,optimal,175,5.942834,0,2.920462,fallback,true,0.301418,-0.686766,0.295965,-0.673590,,,0.735744,0.000023,5.393545,1.001962
crossing,context_ext,Proposed MPC-SECBF,80,8.000,1.626917,0.600125,0.295965,-0.673590,-1.156805,0.100000,2.840000,0.000000,0.580000,cyclist,crossing,distracted,,0.000000,0.625000,2.710814,2.110814,0.306875,0.264615,0.306875,0.264615,0.000000,0.264615,0.000000,2.110814,2.110814,1.846199,1.846199,0.000000,horizon_mpc_secbf,12,1.966826,true,osqp,optimal,175,5.987477,0,3.048706,fallback,true,0.301396,-0.686776,0.295941,-0.673595,,,0.735738,0.000025,5.467119,0.928388
crossing,context_ext,Proposed MPC-SECBF,81,8.100,1.656512,0.532766,0.295941,-0.673595,-1.156837,0.100000,2.898000,0.000000,0.580000,cyclist,crossing,distracted,,0.000000,0.625000,2.831441,2.231441,0.306875,0.264615,0.306875,0.264615,0.000000,0.264615,0.000000,2.231441,2.231441,1.966826,1.966826,0.000000,horizon_mpc_secbf,12,2.088144,true,osqp,optimal,200,5.245418,0,3.176700,fallback,true,0.301371,-0.686786,0.295920,-0.673612,,,0.735745,0.000027,5.540694,0.854814
crossing,context_ext,Proposed MPC-SECBF,82,8.200,1.686104,0.465405,0.295920,-0.673612,-1.156873,0.100000,2.956000,0.000000,0.580000,cyclist,crossing,distracted,,0.000000,0.625000,2.952760,2.352760,0.306875,0.264615,0.306875,0.264615,0.000000,0.264615,0.000000,2.352760,2.352760,2.088144,2.088144,0.000000,horizon_mpc_secbf,12,2.210071,true,osqp,optimal,200,6.741109,0,3.304489,fallback,true,0.301345,-0.686798,0.295892,-0.673619,,,0.735740,0.000029,5.614268,0.781239
crossing,context_ext,Proposed MPC-SECBF,83,8.300,1.715693,0.398043,0.295892,-0.673619,-1.156912,0.100000,3.014000,0.000000,0.580000,cyclist,crossing,distracted,,0.000000,0.625000,3.074686,2.474686,0.306875,0.264615,0.306875,0.264615,0.000000,0.264615,0.000000,2.474686,2.474686,2.210071,2.210071,0.000000,horizon_mpc_secbf,12,2.332537,true,osqp,optimal,225,4.509571,0,3.432141,fallback,true,0.301315,-0.686811,0.295865,-0.673635,,,0.735745,0.000032,5.687842,0.707665
crossing,context_ext,Proposed MPC-SECBF,84,8.400,1.745279,0.330679,0.295865,-0.673635,-1.156954,0.100000,3.072000,0.000000,0.580000,cyclist,crossing,distracted,,0.000000,0.625000,3.197152,2.597152,0.306875,0.264615,0.306875,0.264615,0.000000,0.264615,0.000000,2.597152,2.597152,2.332537,2.332537,0.000000,horizon_mpc_secbf,12,2.455482,true,osqp,optimal,225,6.930403,0,3.559681,fallback,true,0.301283,-0.686825,0.295831,-0.673645,,,0.735740,0.000035,5.761416,0.634091
crossing,context_ext,Proposed MPC-SECBF,85,8.500,1.774862,0.263315,0.295831,-0.673645,-1.157002,0.100000,3.130000,0.000000,0.580000,cyclist,crossing,distracted,,0.000000,0.625000,3.320097,2.720097,0.306875,0.264615,0.306875,0.264615,0.000000,0.264615,0.000000,2.720097,2.720097,2.455482,2.455482,0.000000,horizon_mpc_secbf,12,2.578856,true,osqp,optimal,250,6.040015,0,3.687155,fallback,true,0.301246,-0.686841,0.295796,-0.673663,,,0.735742,0.000040,5.834990,0.560517
crossing,context_ext,Proposed MPC-SECBF,86,8.600,1.804442,0.195949,0.295796,-0.673663,-1.157056,0.100000,3.188000,0.000000,0.580000,cyclist,crossing,distracted,,0.000000,0.625000,3.443471,2.843471,0.306875,0.264615,0.306875,0.264615,0.000000,0.264615,0.000000,2.843471,2.843471,2.578856,2.578856,0.000000,horizon_mpc_secbf,12,2.702613,true,osqp,optimal,250,6.593930,0,3.814572,fallback,true,0.301203,-0.686860,0.295752,-0.673675,,,0.735736,0.000046,5.908564,0.486943
crossing,context_ext,Proposed MPC-SECBF,87,8.700,1.834017,0.128581,0.295752,-0.673675,-1.157117,0.100000,3.246000,0.000000,0.580000,cyclist,crossing,distracted,,0.000000,0.625000,3.567228,2.967228,0.306875,0.264615,0.306875,0.264615,0.000000,0.264615,0.000000,2.967228,2.967228,2.702613,2.702613,0.000000,horizon_mpc_secbf,12,2.826715,true,osqp,optimal,275,6.734859,0,3.941965,fallback,true,0.301153,-0.686882,0.295703,-0.673697,,,0.735736,0.000053,5.982138,0.413369
crossing,context_ext,Proposed MPC-SECBF,88,8.800,1.863587,0.061212,0.295703,-0.673697,-1.157190,0.100000,3.304000,0.000000,0.580000,cyclist,crossing,distracted,,0.000000,0.625000,3.691330,3.091330,0.306875,0.264615,0.306875,0.264615,0.000000,0.264615,0.000000,3.091330,3.091330,2.826715,2.826715,0.000000,horizon_mpc_secbf,12,2.951128,true,osqp,optimal,300,6.086949,0,4.069342,fallback,true,0.301091,-0.686909,0.295643,-0.673721,,,0.735735,0.000065,6.055711,0.339796
crossing,context_ext,Proposed MPC-SECBF,89,8.900,1.893152,-0.006161,0.295643,-0.673721,-1.157277,0.100000,3.362000,0.000000,0.580000,cyclist,crossing,distracted,,0.000000,0.625000,3.815744,3.215744,0.306875,0.264615,0.306875,0.264615,0.000000,0.264615,0.000000,3.215744,3.215744,2.951128,2.951128,0.000000,horizon_mpc_secbf,12,3.075824,true,osqp,optimal,325,5.547847,0,4.196712,fallback,true,0.301013,-0.686943,0.295566,-0.673750,,,0.735730,0.000082,6.129284,0.266222
crossing,context_ext,Proposed MPC-SECBF,90,9.000,1.922708,-0.073536,0.295566,-0.673750,-1.157389,0.100000,3.420000,0.000000,0.580000,cyclist,crossing,distracted,,0.000000,0.625000,3.940439,3.340439,0.306875,0.264615,0.306875,0.264615,0.000000,0.264615,0.000000,3.340439,3.340439,3.075824,3.075824,0.000000,horizon_mpc_secbf,12,3.200775,true,osqp,optimal,325,5.276929,0,4.324089,fallback,true,0.300903,-0.686991,0.295462,-0.673794,,,0.735728,0.000113,6.202857,0.192649
crossing,context_ext,Proposed MPC-SECBF,91,9.100,1.952254,-0.140915,0.295462,-0.673794,-1.157542,0.100000,3.478000,0.000000,0.580000,cyclist,crossing,distracted,,0.000000,0.625000,4.065390,3.465390,0.306875,0.264615,0.306875,0.264615,0.000000,0.264615,0.000000,3.465390,3.465390,3.200775,3.200775,0.000000,horizon_mpc_secbf,12,3.325958,true,osqp,optimal,300,4.808318,0,4.451478,fallback,true,0.300724,-0.687070,0.295296,-0.673866,,,0.735727,0.000182,6.276430,0.119076
crossing,context_ext,Proposed MPC-SECBF,92,9.200,1.981784,-0.208302,0.295296,-0.673866,-1.157789,0.100000,3.536000,0.000000,0.580000,cyclist,crossing,distracted,,0.000000,0.625000,4.190573,3.590573,0.306875,0.264615,0.306875,0.264615,0.000000,0.264615,0.000000,3.590573,3.590573,3.325958,3.325958,0.000000,horizon_mpc_secbf,12,3.428125,true,osqp,optimal,75,3.563979,0,4.346666,fallback,true,0.182159,-0.416984,0.201571,-0.461058,,,0.503195,0.232533,6.326749,0.045504
crossing,context_ext,Proposed MPC-SECBF,93,9.300,2.001941,-0.254407,0.201571,-0.461058,-1.158645,0.100000,3.594000,0.000000,0.580000,cyclist,crossing,distracted,,0.000000,0.625000,4.292740,3.692740,0.306875,0.264615,0.306875,0.264615,0.000000,0.264615,0.000000,3.692740,3.692740,3.428125,3.428125,0.000000,horizon_mpc_secbf,12,3.480197,true,osqp,optimal,75,4.555310,0,3.948081,fallback,true,-0.019411,0.044074,-0.000214,-0.000095,,,0.000234,0.503194,6.326772,0.004816
crossing,context_ext,Proposed MPC-SECBF,94,9.400,2.001920,-0.254417,-0.000214,-0.000095,-2.724495,0.100000,3.652000,0.000000,0.580000,cyclist,crossing,distracted,,0.000000,0.625000,4.344812,3.744812,0.306875,0.264615,0.306875,0.264615,0.000000,0.264615,0.000000,3.744812,3.744812,3.480197,3.480197,0.000000,horizon_mpc_secbf,12,3.528431,true,osqp,optimal,75,3.936348,0,3.961813,fallback,true,-0.019197,0.044169,-0.015940,0.036574,,,0.039897,0.039899,6.330762,0.004816
crossing,context_ext,Proposed MPC-SECBF,95,9.500,2.000326,-0.250759,-0.015940,0.036574,1.981806,0.100000,3.710000,0.000000,0.580000,cyclist,crossing,distracted,,0.000000,0.625000,4.393046,3.793046,0.306875,0.264615,0.306875,0.264615,0.000000,0.264615,0.000000,3.793046,3.793046,3.528431,3.528431,0.000000,horizon_mpc_secbf,12,3.579426,true,osqp,optimal,75,3.786073,0,4.037677,fallback,true,-0.003257,0.007594,-0.005433,0.012567,,,0.013691,0.026206,6.332131,0.000826
crossing,context_ext,Proposed MPC-SECBF,96,9.600,1.999782,-0.249503,-0.005433,0.012567,1.978876,0.100000,3.768000,0.000000,0.580000,cyclist,crossing,distracted,,0.000000,0.625000,4.444041,3.844041,0.306875,0.264615,0.306875,0.264615,0.000000,0.264615,0.000000,3.844041,3.844041,3.579426,3.579426,0.000000,horizon_mpc_secbf,12,3.632142,true,osqp,optimal,75,4.349804,0,4.105905,fallback,true,0.002176,-0.004972,0.000871,-0.001963,,,0.002147,0.015838,6.332346,0.000543
crossing,context_ext,Proposed MPC-SECBF,97,9.700,1.999869,-0.249699,0.000871,-0.001963,-1.153376,0.100000,3.826000,0.000000,0.580000,cyclist,crossing,distracted,,0.000000,0.625000,4.496757,3.896757,0.306875,0.264615,0.306875,0.264615,0.000000,0.264615,0.000000,3.896757,3.896757,3.632142,3.632142,0.000000,horizon_mpc_secbf,12,3.685085,true,osqp,optimal,50,6.388457,0,4.160913,fallback,true,0.001306,-0.003009,0.001229,-0.002825,,,0.003081,0.000934,6.332654,0.000328
crossing,context_ext,Proposed MPC-SECBF,98,9.800,1.999992,-0.249982,0.001229,-0.002825,-1.160465,0.100000,3.884000,0.000000,0.580000,cyclist,crossing,distracted,,0.000000,0.625000,4.549700,3.949700,0.306875,0.264615,0.306875,0.264615,0.000000,0.264615,0.000000,3.949700,3.949700,3.685085,3.685085,0.000000,horizon_mpc_secbf,12,3.737919,true,osqp,optimal,50,4.776204,0,4.212782,fallback,true,0.000077,-0.000184,0.000274,-0.000637,,,0.000693,0.002387,6.332723,0.000020
crossing,context_ext,Proposed MPC-SECBF,99,9.900,2.000020,-0.250045,0.000274,-0.000637,-1.164316,0.100000,3.942000,0.000000,0.580000,cyclist,crossing,distracted,,0.000000,0.625000,4.602534,4.002534,0.306875,0.264615,0.306875,0.264615,0.000000,0.264615,0.000000,4.002534,4.002534,3.737919,3.737919,0.000000,horizon_mpc_secbf,12,3.790779,true,osqp,optimal,50,5.570382,0,4.265901,fallback,true,-0.000198,0.000453,-0.000116,0.000265,,,0.000290,0.000983,6.332752,0.000049
crossing,context_ext,Proposed MPC-SECBF,100,10.000,2.000008,-0.250019,-0.000116,0.000265,1.984370,0.100000,4.000000,0.000000,0.580000,cyclist,crossing,distracted,,0.000000,0.625000,4.655394,4.055394,0.306875,0.264615,0.306875,0.264615,0.000000,0.264615,0.000000,4.055394,4.055394,3.790779,3.790779,0.000000,horizon_mpc_secbf,12,3.843766,true,osqp,optimal,50,5.545771,0,4.320056,fallback,true,-0.000081,0.000188,-0.000087,0.000201,,,0.000219,0.000071,6.332774,0.000020
crossing,context_ext,Proposed MPC-SECBF,101,10.100,1.999999,-0.249999,-0.000087,0.000201,1.980473,0.100000,4.058000,0.000000,0.580000,cyclist,crossing,distracted,,0.000000,0.625000,4.708381,4.108381,0.306875,0.264615,0.306875,0.264615,0.000000,0.264615,0.000000,4.108381,4.108381,3.843766,3.843766,0.000000,horizon_mpc_secbf,12,3.896891,true,osqp,optimal,25,4.866139,0,4.374446,fallback,true,0.000006,-0.000013,0.000001,-0.000000,,,0.000001,0.000219,6.332774,0.000001
crossing,context_ext,Proposed MPC-SECBF,102,10.200,1.999999,-0.249999,0.000001,-0.000000,-0.399509,0.100000,4.116000,0.000000,0.580000,cyclist,crossing,distracted,,0.000000,0.625000,4.761506,4.161506,0.306875,0.264615,0.306875,0.264615,0.000000,0.264615,0.000000,4.161506,4.161506,3.896891,3.896891,0.000000,horizon_mpc_secbf,12,3.950130,true,osqp,optimal,25,5.286637,0,4.428725,fallback,true,0.000005,-0.000013,0.000004,-0.000010,,,0.000011,0.000010,6.332775,0.000001
crossing,context_ext,Proposed MPC-SECBF,103,10.300,2.000000,-0.250000,0.000004,-0.000010,-1.181626,0.100000,4.174000,0.000000,0.580000,cyclist,crossing,distracted,,0.000000,0.625000,4.814745,4.214745,0.306875,0.264615,0.306875,0.264615,0.000000,0.264615,0.000000,4.214745,4.214745,3.950130,3.950130,0.000000,horizon_mpc_secbf,12,4.003478,true,osqp,optimal,25,4.970842,0,4.483064,fallback,true,0.000001,-0.000003,0.000001,-0.000004,,,0.000004,0.000007,6.332776,0.000000
crossing,context_ext,Proposed MPC-SECBF,104,10.400,2.000000,-0.250000,0.000001,-0.000004,-1.212228,0.100000,4.232000,0.000000,0.580000,cyclist,crossing,distracted,,0.000000,0.625000,4.868093,4.268093,0.306875,0.264615,0.306875,0.264615,0.000000,0.264615,0.000000,4.268093,4.268093,4.003478,4.003478,0.000000,horizon_mpc_secbf,12,4.056930,true,osqp,optimal,25,5.232433,0,4.537477,fallback,true,-0.000001,0.000001,-0.000000,0.000000,,,0.000000,0.000004,6.332776,0.000000
crossing,context_ext,Proposed MPC-SECBF,105,10.500,2.000000,-0.250000,-0.000000,0.000000,2.094026,0.100000,4.290000,0.000000,0.580000,cyclist,crossing,distracted,,0.000000,0.625000,4.921545,4.321545,0.306875,0.264615,0.306875,0.264615,0.000000,0.264615,0.000000,4.321545,4.321545,4.056930,4.056930,0.000000,horizon_mpc_secbf,12,4.110483,true,osqp,optimal,25,5.465852,0,4.591964,fallback,true,-0.000000,0.000001,-0.000000,0.000001,,,0.000001,0.000000,6.332776,0.000000
crossing,context_ext,Proposed MPC-SECBF,106,10.600,2.000000,-0.250000,-0.000000,0.000001,1.953082,0.100000,4.348000,0.000000,0.580000,cyclist,crossing,distracted,,0.000000,0.625000,4.975098,4.375098,0.306875,0.264615,0.306875,0.264615,0.000000,0.264615,0.000000,4.375098,4.375098,4.110483,4.110483,0.000000,horizon_mpc_secbf,12,4.164136,true,osqp,optimal,25,5.321925,0,4.646521,fallback,true,-0.000000,0.000000,-0.000000,0.000000,,,0.000000,0.000001,6.332776,0.000000
crossing,context_ext,Proposed MPC-SECBF,107,10.700,2.000000,-0.250000,-0.000000,0.000000,1.918433,0.100000,4.406000,0.000000,0.580000,cyclist,crossing,distracted,,0.000000,0.625000,5.028751,4.428751,0.306875,0.264615,0.306875,0.264615,0.000000,0.264615,0.000000,4.428751,4.428751,4.164136,4.164136,0.000000,horizon_mpc_secbf,12,4.217884,true,osqp,optimal,25,4.982323,0,4.701144,fallback,true,0.000000,-0.000000,0.000000,-0.000000,,,0.000000,0.000000,6.332776,0.000000
crossing,context_ext,Proposed MPC-SECBF,108,10.800,2.000000,-0.250000,0.000000,-0.000000,-1.115174,0.100000,4.464000,0.000000,0.580000,cyclist,crossing,distracted,,0.000000,0.625000,5.082499,4.482499,0.306875,0.264615,0.306875,0.264615,0.000000,0.264615,0.000000,4.482499,4.482499,4.217884,4.217884,0.000000,horizon_mpc_secbf,12,4.271725,true,osqp,optimal,25,5.278812,0,4.755832,fallback,true,0.000000,-0.000000,0.000000,-0.000000,,,0.000000,0.000000,6.332776,0.000000
crossing,context_ext,Proposed MPC-SECBF,109,10.900,2.000000,-0.250000,0.000000,-0.000000,-1.195430,0.100000,4.522000,0.000000,0.580000,cyclist,crossing,distracted,,0.000000,0.625000,5.136340,4.536340,0.306875,0.264615,0.306875,0.264615,0.000000,0.264615,0.000000,4.536340,4.536340,4.271725,4.271725,0.000000,horizon_mpc_secbf,12,4.325655,true,osqp,optimal,25,5.443418,0,4.810583,fallback,true,0.000000,0.000000,0.000000,-0.000000,,,0.000000,0.000000,6.332776,0.000000
crossing,context_ext,Proposed MPC-SECBF,110,11.000,2.000000,-0.250000,0.000000,-0.000000,-1.195319,0.100000,4.580000,0.000000,0.580000,cyclist,crossing,distracted,,0.000000,0.625000,5.190270,4.590270,0.306875,0.264615,0.306875,0.264615,0.000000,0.264615,0.000000,4.590270,4.590270,4.325655,4.325655,0.000000,horizon_mpc_secbf,12,4.379672,true,osqp,optimal,25,5.387646,0,4.865395,fallback,true,0.000000,0.000000,0.000000,-0.000000,,,0.000000,0.000000,6.332776,0.000000
crossing,context_ext,Proposed MPC-SECBF,111,11.100,2.000000,-0.250000,0.000000,-0.000000,-1.195192,0.100000,4.638000,0.000000,0.580000,cyclist,crossing,distracted,,0.000000,0.625000,5.244287,4.644287,0.306875,0.264615,0.306875,0.264615,0.000000,0.264615,0.000000,4.644287,4.644287,4.379672,4.379672,0.000000,horizon_mpc_secbf,12,4.433773,true,osqp,optimal,25,5.923325,0,4.920268,fallback,true,0.000000,0.000000,0.000000,-0.000000,,,0.000000,0.000000,6.332776,0.000000
crossing,context_ext,Proposed MPC-SECBF,112,11.200,2.000000,-0.250000,0.000000,-0.000000,-1.195192,0.100000,4.696000,0.000000,0.580000,cyclist,crossing,distracted,,0.000000,0.625000,5.298388,4.698388,0.306875,0.264615,0.306875,0.264615,0.000000,0.264615,0.000000,4.698388,4.698388,4.433773,4.433773,0.000000,horizon_mpc_secbf,12,4.487956,true,osqp,optimal,25,5.572142,0,4.975198,fallback,true,0.000000,0.000000,0.000000,-0.000000,,,0.000000,0.000000,6.332776,0.000000
crossing,context_ext,Proposed MPC-SECBF,113,11.300,2.000000,-0.250000,0.000000,-0.000000,-1.195192,0.100000,4.754000,0.000000,0.580000,cyclist,crossing,distracted,,0.000000,0.625000,5.352571,4.752571,0.306875,0.264615,0.306875,0.264615,0.000000,0.264615,0.000000,4.752571,4.752571,4.487956,4.487956,0.000000,horizon_mpc_secbf,12,4.542218,true,osqp,optimal,25,5.444988,0,5.030185,fallback,true,0.000000,0.000000,0.000000,-0.000000,,,0.000000,0.000000,6.332776,0.000000
crossing,context_ext,Proposed MPC-SECBF,114,11.400,2.000000,-0.250000,0.000000,-0.000000,-1.195192,0.100000,4.812000,0.000000,0.580000,cyclist,crossing,distracted,,0.000000,0.625000,5.406833,4.806833,0.306875,0.264615,0.306875,0.264615,0.000000,0.264615,0.000000,4.806833,4.806833,4.542218,4.542218,0.000000,horizon_mpc_secbf,12,4.596557,true,osqp,optimal,25,5.433617,0,5.085227,fallback,true,0.000000,0.000000,0.000000,-0.000000,,,0.000000,0.000000,6.332776,0.000000
crossing,context_ext,Proposed MPC-SECBF,115,11.500,2.000000,-0.250000,0.000000,-0.000000,-1.195192,0.100000,4.870000,0.000000,0.580000,cyclist,crossing,distracted,,0.000000,0.625000,5.461172,4.861172,0.306875,0.264615,0.306875,0.264615,0.000000,0.264615,0.000000,4.861172,4.861172,4.596557,4.596557,0.000000,horizon_mpc_secbf,12,4.650971,true,osqp,optimal,25,5.360737,0,5.140323,fallback,true,0.000000,0.000000,0.000000,-0.000000,,,0.000000,0.000000,6.332776,0.000000
crossing,context_ext,Proposed MPC-SECBF,116,11.600,2.000000,-0.250000,0.000000,-0.000000,-1.195192,0.100000,4.928000,0.000000,0.580000,cyclist,crossing,distracted,,0.000000,0.625000,5.515586,4.915586,0.306875,0.264615,0.306875,0.264615,0.000000,0.264615,0.000000,4.915586,4.915586,4.650971,4.650971,0.000000,horizon_mpc_secbf,12,4.705456,true,osqp,optimal,25,4.981332,0,5.195471,fallback,true,0.000000,0.000000,0.000000,-0.000000,,,0.000000,0.000000,6.332776,0.000000
crossing,context_ext,Proposed MPC-SECBF,117,11.700,2.000000,-0.250000,0.000000,-0.000000,-1.195192,0.100000,4.986000,0.000000,0.580000,cyclist,crossing,distracted,,0.000000,0.625000,5.570071,4.970071,0.306875,0.264615,0.306875,0.264615,0.000000,0.264615,0.000000,4.970071,4.970071,4.705456,4.705456,0.000000,horizon_mpc_secbf,12,4.760013,true,osqp,optimal,25,4.758377,0,5.250670,fallback,true,0.000000,0.000000,0.000000,-0.000000,,,0.000000,0.000000,6.332776,0.000000
crossing,context_ext,Proposed MPC-SECBF,118,11.800,2.000000,-0.250000,0.000000,-0.000000,-1.195192,0.100000,5.044000,0.000000,0.580000,cyclist,crossing,distracted,,0.000000,0.625000,5.624628,5.024628,0.306875,0.264615,0.306875,0.264615,0.000000,0.264615,0.000000,5.024628,5.024628,4.760013,4.760013,0.000000,horizon_mpc_secbf,12,4.814637,true,osqp,optimal,25,3.691415,0,5.305919,fallback,true,0.000000,0.000000,0.000000,-0.000000,,,0.000000,0.000000,6.332776,0.000000
crossing,context_ext,Proposed MPC-SECBF,119,11.900,2.000000,-0.250000,0.000000,-0.000000,-1.195192,0.100000,5.102000,0.000000,0.580000,cyclist,crossing,distracted,,0.000000,0.625000,5.679252,5.079252,0.306875,0.264615,0.306875,0.264615,0.000000,0.264615,0.000000,5.079252,5.079252,4.814637,4.814637,0.000000,horizon_mpc_secbf,12,4.869328,true,osqp,optimal,25,3.766727,0,5.361216,fallback,true,0.000000,0.000000,0.000000,-0.000000,,,0.000000,0.000000,6.332776,0.000000
