scenario,context_level,method,step,time,robot_x,robot_y,robot_vx,robot_vy,robot_theta,human_x,human_y,human_vx,human_vy,human_type,motion_state,attention_state,ttc,head_on_factor,crowding_factor,distance,clearance,beta_candidate,beta_final,beta_requested,beta_applied,beta_dynamic,beta_cbf,delta_beta,h_standard,h_ee,h_see,h_cbf,slack,controller_type,horizon_steps,predicted_min_h,solver_success,solver_backend,solver_status,solver_iterations,solve_time_ms,active_constraints,min_cbf_value,guard_status,guard_active,u_ref_x,u_ref_y,cmd_vx,cmd_vy,cmd_v,cmd_omega,speed,command_step,path_length,goal_error
head_on,context_ext,Standard MPC-CBF,0,0.000,-2.200000,0.000000,0.000000,0.000000,0.000000,2.000000,0.080000,-0.500000,0.000000,unknown,walking,unknown,7.202830,1.000000,0.625000,4.200762,3.600762,0.000000,0.000000,0.000000,0.000000,0.000000,0.000000,0.000000,3.600762,3.600762,3.600762,3.600762,0.000000,horizon_mpc_secbf,12,2.130875,true,osqp,optimal,100,5.213914,0,2.479951,geometric,false,0.750000,0.000000,0.621014,-0.000000,,,0.621014,0.621014,0.062101,4.400000
head_on,context_ext,Standard MPC-CBF,1,0.100,-2.137899,-0.000000,0.621014,-0.000000,-0.000000,1.950000,0.080000,-0.500000,0.000000,unknown,walking,unknown,3.112671,1.000000,0.625000,4.088681,3.488681,0.000000,0.000000,0.000000,0.000000,0.000000,0.000000,0.000000,3.488681,3.488681,3.488681,3.488681,0.000000,horizon_mpc_secbf,12,2.007369,true,osqp,optimal,125,5.664778,0,2.262814,geometric,false,0.750000,0.000000,0.726102,0.000000,,,0.726102,0.105087,0.134712,4.337899
head_on,context_ext,Standard MPC-CBF,2,0.200,-2.065288,-0.000000,0.726102,0.000000,0.000000,1.900000,0.080000,-0.500000,0.000000,unknown,walking,unknown,2.745923,1.000000,0.625000,3.966095,3.366095,0.000000,0.000000,0.000000,0.000000,0.000000,0.000000,0.000000,3.366095,3.366095,3.366095,3.366095,0.000000,horizon_mpc_secbf,12,1.883857,true,osqp,optimal,125,5.844709,0,2.130745,geometric,false,0.750000,0.000000,0.735602,0.000000,,,0.735602,0.009501,0.208272,4.265288
head_on,context_ext,Standard MPC-CBF,3,0.300,-1.991728,-0.000000,0.735602,0.000000,0.000000,1.850000,0.080000,-0.500000,0.000000,unknown,walking,unknown,2.624845,1.000000,0.625000,3.842561,3.242561,0.000000,0.000000,0.000000,0.000000,0.000000,0.000000,0.000000,3.242561,3.242561,3.242561,3.242561,0.000000,horizon_mpc_secbf,12,1.760364,true,osqp,optimal,125,5.718693,0,2.007226,geometric,false,0.750000,0.000000,0.735603,0.000000,,,0.735603,0.000001,0.281832,4.191728
head_on,context_ext,Standard MPC-CBF,4,0.400,-1.918168,0.000000,0.735603,0.000000,0.000000,1.800000,0.080000,-0.500000,0.000000,unknown,walking,unknown,2.524881,1.000000,0.625000,3.719028,3.119028,0.000000,0.000000,0.000000,0.000000,0.000000,0.000000,0.000000,3.119028,3.119028,3.119028,3.119028,0.000000,horizon_mpc_secbf,12,1.636878,true,osqp,optimal,125,5.561679,0,1.883712,geometric,false,0.750000,-0.000000,0.735603,0.000000,,,0.735603,0.000000,0.355392,4.118168
head_on,context_ext,Standard MPC-CBF,5,0.500,-1.844608,0.000000,0.735603,0.000000,0.000000,1.750000,0.080000,-0.500000,0.000000,unknown,walking,unknown,2.424921,1.000000,0.625000,3.595498,2.995498,0.000000,0.000000,0.000000,0.000000,0.000000,0.000000,0.000000,2.995498,2.995498,2.995498,2.995498,0.000000,horizon_mpc_secbf,12,1.513402,true,osqp,optimal,125,5.941353,0,1.760201,geometric,false,0.750000,-0.000000,0.735603,0.000000,,,0.735603,0.000000,0.428953,4.044608
head_on,context_ext,Standard MPC-CBF,6,0.600,-1.771047,0.000000,0.735603,0.000000,0.000000,1.700000,0.080000,-0.500000,0.000000,unknown,walking,unknown,2.324964,1.000000,0.625000,3.471969,2.871969,0.000000,0.000000,0.000000,0.000000,0.000000,0.000000,0.000000,2.871969,2.871969,2.871969,2.871969,0.000000,horizon_mpc_secbf,12,1.389936,true,osqp,optimal,125,5.729780,0,1.636694,geometric,false,0.750000,-0.000000,0.735603,0.000000,,,0.735603,0.000000,0.502513,3.971047
head_on,context_ext,Standard MPC-CBF,7,0.700,-1.697487,0.000000,0.735603,0.000000,0.000000,1.650000,0.080000,-0.500000,0.000000,unknown,walking,unknown,2.225009,1.000000,0.625000,3.348443,2.748443,0.000000,0.000000,0.000000,0.000000,0.000000,0.000000,0.000000,2.748443,2.748443,2.748443,2.748443,0.000000,horizon_mpc_secbf,12,1.266482,true,osqp,optimal,125,6.180755,0,1.513193,geometric,false,0.750000,-0.000000,0.735603,0.000000,,,0.735603,0.000000,0.576073,3.897487
head_on,context_ext,Standard MPC-CBF,8,0.800,-1.623927,0.000000,0.735603,0.000000,0.000000,1.600000,0.080000,-0.500000,0.000000,unknown,walking,unknown,2.125058,1.000000,0.625000,3.224919,2.624919,0.000000,0.000000,0.000000,0.000000,0.000000,0.000000,0.000000,2.624919,2.624919,2.624919,2.624919,0.000000,horizon_mpc_secbf,12,1.143139,true,osqp,optimal,125,5.988852,0,1.389697,geometric,false,0.750000,-0.000000,0.735603,0.000000,,,0.735603,0.000000,0.649633,3.823927
head_on,context_ext,Standard MPC-CBF,9,0.900,-1.550367,0.000000,0.735603,0.000000,0.000000,1.550000,0.080000,-0.500000,0.000000,unknown,walking,unknown,2.025110,1.000000,0.625000,3.101399,2.501399,0.000000,0.000000,0.000000,0.000000,0.000000,0.000000,0.000000,2.501399,2.501399,2.501399,2.501399,0.000000,horizon_mpc_secbf,12,1.020011,true,osqp,optimal,125,6.118118,0,1.266207,geometric,false,0.750000,-0.000000,0.735603,0.000000,,,0.735603,0.000000,0.723194,3.750367
head_on,context_ext,Standard MPC-CBF,10,1.000,-1.476806,0.000000,0.735603,0.000000,0.000000,1.500000,0.080000,-0.500000,0.000000,unknown,walking,unknown,1.925166,1.000000,0.625000,2.977881,2.377881,0.000000,0.000000,0.000000,0.000000,0.000000,0.000000,0.000000,2.377881,2.377881,2.377881,2.377881,0.000000,horizon_mpc_secbf,12,0.897184,true,osqp,optimal,125,6.148960,0,1.142725,geometric,false,0.750000,-0.000000,0.735602,0.000000,,,0.735602,0.000000,0.796754,3.676806
head_on,context_ext,Standard MPC-CBF,11,1.100,-1.403246,0.000000,0.735602,0.000000,0.000000,1.450000,0.080000,-0.500000,0.000000,child,approaching,distracted,1.825226,1.000000,0.625000,2.854367,2.254367,0.000000,0.000000,0.000000,0.000000,0.000000,0.000000,0.000000,2.254367,2.254367,2.254367,2.254367,0.000000,horizon_mpc_secbf,12,0.774801,true,osqp,optimal,125,5.053087,0,1.019251,geometric,false,0.750000,-0.000000,0.735602,0.000000,,,0.735602,0.000000,0.870314,3.603246
head_on,context_ext,Standard MPC-CBF,12,1.200,-1.329686,0.000000,0.735602,0.000000,0.000000,1.400000,0.080000,-0.500000,0.000000,child,approaching,distracted,1.725291,1.000000,0.625000,2.730858,2.130858,0.000000,0.000000,0.000000,0.000000,0.000000,0.000000,0.000000,2.130858,2.130858,2.130858,2.130858,0.000000,horizon_mpc_secbf,12,0.653210,true,osqp,optimal,125,5.788480,0,0.895788,geometric,false,0.750000,-0.000000,0.735601,-0.000000,,,0.735601,0.000001,0.943874,3.529686
head_on,context_ext,Standard MPC-CBF,13,1.300,-1.256126,0.000000,0.735601,-0.000000,-0.000000,1.350000,0.080000,-0.500000,0.000000,child,approaching,distracted,1.625363,1.000000,0.625000,2.607353,2.007353,0.000000,0.000000,0.000000,0.000000,0.000000,0.000000,0.000000,2.007353,2.007353,2.007353,2.007353,0.000000,horizon_mpc_secbf,12,0.533912,true,osqp,optimal,125,4.443656,0,0.772349,geometric,false,0.750000,-0.000000,0.735586,-0.000000,,,0.735586,0.000014,1.017433,3.456126
head_on,context_ext,Standard MPC-CBF,14,1.400,-1.182567,-0.000000,0.735586,-0.000000,-0.000000,1.300000,0.080000,-0.500000,0.000000,child,approaching,distracted,1.525457,1.000000,0.625000,2.483856,1.883856,0.000000,0.000000,0.000000,0.000000,0.000000,0.000000,0.000000,1.883856,1.883856,1.883856,1.883856,0.000000,horizon_mpc_secbf,12,0.417272,true,osqp,optimal,125,3.951833,0,0.648910,geometric,false,0.750000,0.000000,0.735587,-0.000003,,,0.735587,0.000003,1.090992,3.382567
head_on,context_ext,Standard MPC-CBF,15,1.500,-1.109008,-0.000000,0.735587,-0.000003,-0.000004,1.250000,0.080000,-0.500000,0.000000,child,approaching,distracted,1.425538,1.000000,0.625000,2.360365,1.760365,0.000000,0.000000,0.000000,0.000000,0.000000,0.000000,0.000000,1.760365,1.760365,1.760365,1.760365,0.000000,horizon_mpc_secbf,12,0.303957,true,osqp,optimal,125,3.776552,0,0.525487,geometric,false,0.750000,0.000000,0.735588,-0.000018,,,0.735588,0.000015,1.164550,3.309008
head_on,context_ext,Standard MPC-CBF,16,1.600,-1.035450,-0.000002,0.735588,-0.000018,-0.000025,1.200000,0.080000,-0.500000,0.000000,child,approaching,distracted,1.325627,1.000000,0.625000,2.236881,1.636881,0.000000,0.000000,0.000000,0.000000,0.000000,0.000000,0.000000,1.636881,1.636881,1.636881,1.636881,0.000000,horizon_mpc_secbf,12,0.195057,true,osqp,optimal,125,3.956892,0,0.402086,geometric,false,0.750000,0.000000,0.735589,-0.000105,,,0.735589,0.000087,1.238109,3.235450
head_on,context_ext,Standard MPC-CBF,17,1.700,-0.961891,-0.000013,0.735589,-0.000105,-0.000143,1.150000,0.080000,-0.500000,0.000000,child,approaching,distracted,1.225729,1.000000,0.625000,2.113406,1.513406,0.000000,0.000000,0.000000,0.000000,0.000000,0.000000,0.000000,1.513406,1.513406,1.513406,1.513406,0.000000,horizon_mpc_secbf,12,0.092334,true,osqp,optimal,100,3.661037,0,0.278740,geometric,false,0.750000,0.000003,0.735575,-0.000606,,,0.735575,0.000501,1.311667,3.161891
head_on,context_ext,Standard MPC-CBF,18,1.800,-0.888333,-0.000073,0.735575,-0.000606,-0.000824,1.100000,0.080000,-0.500000,0.000000,child,approaching,distracted,1.125872,1.000000,0.625000,1.989945,1.389945,0.000000,0.000000,0.000000,0.000000,0.000000,0.000000,0.000000,1.389945,1.389945,1.389945,1.389945,0.000003,horizon_mpc_secbf,12,0.000037,true,osqp,optimal,75,4.106830,0,0.155526,geometric,false,0.750000,0.000018,0.735604,-0.004521,,,0.735618,0.003915,1.385229,3.088333
head_on,context_ext,Standard MPC-CBF,19,1.900,-0.814773,-0.000525,0.735604,-0.004521,-0.006146,1.050000,0.080000,-0.500000,0.000000,child,approaching,distracted,1.026131,1.000000,0.625000,1.866511,1.266511,0.000000,0.000000,0.000000,0.000000,0.000000,0.000000,0.000000,1.266511,1.266511,1.266511,1.266511,0.000075,horizon_mpc_secbf,12,-0.000075,true,osqp,optimal,50,3.777696,0,0.072522,geometric,false,0.750000,0.000131,0.697683,-0.058048,,,0.700094,0.065598,1.455238,3.014773
head_on,context_ext,Standard MPC-CBF,20,2.000,-0.745004,-0.006330,0.697683,-0.058048,-0.083010,1.000000,0.080000,-0.500000,0.000000,child,approaching,distracted,0.961274,1.000000,0.625000,1.747139,1.147139,0.000000,0.000000,0.000000,0.000000,0.000000,0.000000,0.000000,1.147139,1.147139,1.147139,1.147139,0.000120,horizon_mpc_secbf,12,-0.000120,true,osqp,optimal,50,4.472999,0,-0.019889,geometric,false,0.749998,0.001612,0.675087,-0.131614,,,0.687797,0.076958,1.524018,2.945011
head_on,context_ext,Standard MPC-CBF,21,2.100,-0.677496,-0.019492,0.675087,-0.131614,-0.192543,0.950000,0.080000,-0.500000,0.000000,child,approaching,distracted,0.884680,1.000000,0.625000,1.630534,1.030534,0.000000,0.000000,0.000000,0.000000,0.000000,0.000000,0.000000,1.030534,1.030534,1.030534,1.030534,0.000144,horizon_mpc_secbf,12,0.000021,true,osqp,optimal,75,3.911509,0,-0.137128,geometric,false,0.749983,0.005080,0.682163,-0.199188,,,0.710649,0.067944,1.595083,2.877562
head_on,context_ext,Standard MPC-CBF,22,2.200,-0.609280,-0.039410,0.682163,-0.199188,-0.284096,0.900000,0.080000,-0.500000,0.000000,child,approaching,distracted,0.786050,1.000000,0.625000,1.513996,0.913996,0.000000,0.000000,0.000000,0.000000,0.000000,0.000000,0.000000,0.913996,0.913996,0.913996,0.913996,0.000088,horizon_mpc_secbf,12,-0.000020,true,osqp,optimal,225,4.519163,0,-0.252054,geometric,false,0.749926,0.010520,0.689299,-0.246687,,,0.732112,0.048033,1.668294,2.809556
head_on,context_ext,Standard MPC-CBF,23,2.300,-0.540350,-0.064079,0.689299,-0.246687,-0.343679,0.850000,0.080000,-0.500000,0.000000,child,approaching,distracted,0.689218,1.000000,0.625000,1.397795,0.797795,0.000000,0.000000,0.000000,0.000000,0.000000,0.000000,0.000000,0.797795,0.797795,0.797795,0.797795,0.000099,horizon_mpc_secbf,12,0.000005,true,osqp,optimal,175,4.385958,0,-0.346548,geometric,false,0.749795,0.017533,0.679712,-0.281217,,,0.735589,0.035837,1.741853,2.741099
head_on,context_ext,Standard MPC-CBF,24,2.400,-0.472378,-0.092201,0.679712,-0.281217,-0.392287,0.800000,0.080000,-0.500000,0.000000,child,approaching,distracted,0.604574,1.000000,0.625000,1.283978,0.683978,0.000000,0.000000,0.000000,0.000000,0.000000,0.000000,0.000000,0.683978,0.683978,0.683978,0.683978,0.000114,horizon_mpc_secbf,12,0.000016,true,osqp,optimal,175,5.583670,0,-0.430195,geometric,false,0.749554,0.025861,0.666743,-0.312526,,,0.736355,0.033889,1.815488,2.673969
head_on,context_ext,Standard MPC-CBF,25,2.500,-0.405704,-0.123453,0.666743,-0.312526,-0.438325,0.750000,0.080000,-0.500000,0.000000,child,approaching,distracted,0.523775,1.000000,0.625000,1.173476,0.573476,0.000000,0.000000,0.000000,0.000000,0.000000,0.000000,0.000000,0.573476,0.573476,0.573476,0.573476,0.000131,horizon_mpc_secbf,12,0.000019,true,osqp,optimal,100,4.382569,0,-0.503433,geometric,false,0.749160,0.035494,0.654028,-0.343247,,,0.738628,0.033248,1.889351,2.608627
head_on,context_ext,Standard MPC-CBF,26,2.600,-0.340301,-0.157778,0.654028,-0.343247,-0.483306,0.700000,0.080000,-0.500000,0.000000,child,approaching,distracted,0.445508,1.000000,0.625000,1.067130,0.467130,0.000000,0.000000,0.000000,0.000000,0.000000,0.000000,0.000000,0.467130,0.467130,0.467130,0.467130,0.000149,horizon_mpc_secbf,12,0.000011,true,osqp,optimal,125,3.960169,0,-0.562447,geometric,false,0.748558,0.046493,0.641593,-0.373245,,,0.742262,0.032473,1.963577,2.545196
head_on,context_ext,Standard MPC-CBF,27,2.700,-0.276142,-0.195103,0.641593,-0.373245,-0.526890,0.650000,0.080000,-0.500000,0.000000,child,approaching,distracted,0.370563,1.000000,0.625000,0.966137,0.366137,0.000000,0.000000,0.000000,0.000000,0.000000,0.000000,0.000000,0.366137,0.366137,0.366137,0.366137,0.000170,horizon_mpc_secbf,12,0.000001,true,osqp,optimal,225,5.650359,0,-0.602826,geometric,false,0.747683,0.058912,0.630097,-0.400997,,,0.746875,0.030039,2.038265,2.483817
head_on,context_ext,Standard MPC-CBF,28,2.800,-0.213132,-0.235202,0.630097,-0.400997,-0.566759,0.600000,0.080000,-0.500000,0.000000,child,approaching,distracted,0.299403,1.000000,0.625000,0.872088,0.272088,0.000000,0.000000,0.000000,0.000000,0.000000,0.000000,0.000000,0.272088,0.272088,0.272088,0.272088,0.000193,horizon_mpc_secbf,12,-0.000008,true,osqp,optimal,125,4.438650,0,-0.624164,geometric,false,0.746463,0.072756,0.623141,-0.417142,,,0.749874,0.017579,2.113252,2.424568
head_on,context_ext,Standard MPC-CBF,29,2.900,-0.150818,-0.276916,0.623141,-0.417142,-0.589905,0.550000,0.080000,-0.500000,0.000000,child,approaching,distracted,0.229780,1.000000,0.625000,0.786470,0.186470,0.000000,0.000000,0.000000,0.000000,0.000000,0.000000,0.000000,0.186470,0.186470,0.186470,0.186470,0.000218,horizon_mpc_secbf,12,-0.000017,true,osqp,optimal,125,4.671419,0,-0.602581,geometric,false,0.744850,0.087740,0.606601,-0.433684,,,0.745685,0.023393,2.187821,2.367072
head_on,context_ext,Standard MPC-CBF,30,3.000,-0.090158,-0.320285,0.606601,-0.433684,-0.620683,0.500000,0.080000,-0.500000,0.000000,child,approaching,distracted,0.168213,1.000000,0.625000,0.713102,0.113102,0.000000,0.000000,0.000000,0.000000,0.000000,0.000000,0.000000,0.113102,0.113102,0.113102,0.113102,0.000244,horizon_mpc_secbf,12,-0.000036,true,osqp,optimal,150,5.308572,0,-0.537055,geometric,false,0.742771,0.103879,0.590780,-0.449505,,,0.742345,0.022375,2.262055,2.312446
head_on,context_ext,Standard MPC-CBF,31,3.100,-0.031080,-0.365235,0.590780,-0.449505,-0.650420,0.450000,0.080000,-0.500000,0.000000,child,approaching,distracted,0.112059,1.000000,0.625000,0.655494,0.055494,0.000000,0.000000,0.000000,0.000000,0.000000,0.000000,0.000000,0.055494,0.055494,0.055494,0.055494,0.000272,horizon_mpc_secbf,12,-0.000056,true,osqp,optimal,175,4.490453,0,-0.421638,geometric,false,0.740148,0.121165,0.578165,-0.462111,,,0.740150,0.017834,2.336070,2.260778
head_on,context_ext,Standard MPC-CBF,32,3.200,0.026736,-0.411447,0.578165,-0.462111,-0.674297,0.400000,0.080000,-0.500000,0.000000,child,approaching,distracted,0.060281,1.000000,0.625000,0.617127,0.017127,0.000000,0.000000,0.000000,0.000000,0.000000,0.000000,0.000000,0.017127,0.017127,0.017127,0.017127,0.000303,horizon_mpc_secbf,12,-0.000164,true,osqp,optimal,200,4.077726,0,-0.263339,geometric,false,0.736910,0.139513,0.575773,-0.464501,,,0.739781,0.003381,2.410048,2.211869
head_on,context_ext,Standard MPC-CBF,33,3.300,0.084314,-0.457897,0.575773,-0.464501,-0.678839,0.350000,0.080000,-0.500000,0.000000,child,approaching,distracted,0.000000,1.000000,0.625000,0.599935,-0.000065,0.000000,0.000000,0.000000,0.000000,0.000000,0.000000,0.000000,-0.000065,-0.000065,-0.000065,-0.000065,0.000337,horizon_mpc_secbf,12,-0.000322,true,osqp,optimal,225,4.544848,1,-0.121812,geometric,false,0.733028,0.158649,0.622163,-0.418111,,,0.749603,0.065605,2.485008,2.164670
head_on,context_ext,Standard MPC-CBF,34,3.400,0.146530,-0.499708,0.622163,-0.418111,-0.591705,0.300000,0.080000,-0.500000,0.000000,child,approaching,distracted,,0.000000,0.625000,0.599678,-0.000322,0.000000,0.000000,0.000000,0.000000,0.000000,0.000000,0.000000,-0.000322,-0.000322,-0.000322,-0.000322,0.000007,horizon_mpc_secbf,12,-0.000004,true,osqp,optimal,100,5.019463,0,-0.123510,geometric,false,0.728733,0.177336,0.715679,-0.194396,,,0.741611,0.242474,2.559169,2.113397
head_on,context_ext,Standard MPC-CBF,35,3.500,0.218098,-0.519147,0.715679,-0.194396,-0.265225,0.250000,0.080000,-0.500000,0.000000,child,approaching,distracted,,0.000000,0.625000,0.599996,-0.000004,0.000000,0.000000,0.000000,0.000000,0.000000,0.000000,0.000000,-0.000004,-0.000004,-0.000004,-0.000004,0.000000,horizon_mpc_secbf,12,0.019488,true,osqp,optimal,100,3.925777,1,0.069448,geometric,false,0.725522,0.190046,0.735009,-0.135310,,,0.747360,0.062168,2.633905,2.048768
head_on,context_ext,Standard MPC-CBF,36,3.600,0.291599,-0.532678,0.735009,-0.135310,-0.182054,0.200000,0.080000,-0.500000,0.000000,child,approaching,distracted,,0.000000,0.625000,0.619488,0.019488,0.000000,0.000000,0.000000,0.000000,0.000000,0.000000,0.000000,0.019488,0.019488,0.019488,0.019488,0.000000,horizon_mpc_secbf,12,0.059407,true,osqp,optimal,125,3.856766,0,0.307405,geometric,false,0.722387,0.201635,0.735580,-0.106391,,,0.743234,0.028924,2.708229,1.981348
head_on,context_ext,Standard MPC-CBF,37,3.700,0.365157,-0.543317,0.735580,-0.106391,-0.143640,0.150000,0.080000,-0.500000,0.000000,child,approaching,distracted,,0.000000,0.625000,0.659407,0.059407,0.000000,0.000000,0.000000,0.000000,0.000000,0.000000,0.000000,0.059407,0.059407,0.059407,0.059407,0.000000,horizon_mpc_secbf,12,0.116393,true,osqp,optimal,125,4.635164,0,0.537652,geometric,false,0.719135,0.212944,0.735591,-0.079434,,,0.739867,0.026957,2.782216,1.913594
head_on,context_ext,Standard MPC-CBF,38,3.800,0.438716,-0.551261,0.735591,-0.079434,-0.107570,0.100000,0.080000,-0.500000,0.000000,child,approaching,distracted,,0.000000,0.625000,0.716393,0.116393,0.000000,0.000000,0.000000,0.000000,0.000000,0.000000,0.000000,0.116393,0.116393,0.116393,0.116393,0.000000,horizon_mpc_secbf,12,0.186479,true,osqp,optimal,125,4.135089,0,0.744806,geometric,false,0.715760,0.224024,0.735591,-0.050179,,,0.737301,0.029255,2.855946,1.845538
head_on,context_ext,Standard MPC-CBF,39,3.900,0.512275,-0.556279,0.735591,-0.050179,-0.068111,0.050000,0.080000,-0.500000,0.000000,child,approaching,distracted,,0.000000,0.625000,0.786479,0.186479,0.000000,0.000000,0.000000,0.000000,0.000000,0.000000,0.000000,0.186479,0.186479,0.186479,0.186479,0.000000,horizon_mpc_secbf,12,0.266268,true,osqp,optimal,175,4.384567,0,0.927761,geometric,false,0.712306,0.234778,0.735583,-0.018583,,,0.735817,0.031596,2.929527,1.777037
head_on,context_ext,Standard MPC-CBF,40,4.000,0.585833,-0.558137,0.735583,-0.018583,-0.025258,0.000000,0.080000,-0.500000,0.000000,child,approaching,distracted,,0.000000,0.625000,0.866268,0.266268,0.000000,0.000000,0.000000,0.000000,0.000000,0.000000,0.000000,0.266268,0.266268,0.266268,0.266268,0.000000,horizon_mpc_secbf,12,0.353190,true,osqp,optimal,100,4.207480,0,1.090972,geometric,false,0.708823,0.245093,0.735580,0.014776,,,0.735728,0.033359,3.003100,1.707938
head_on,context_ext,Standard MPC-CBF,41,4.100,0.659391,-0.556659,0.735580,0.014776,0.020085,-0.050000,0.080000,-0.500000,0.000000,child,approaching,distracted,,0.000000,0.625000,0.953190,0.353190,0.000000,0.000000,0.000000,0.000000,0.000000,0.000000,0.000000,0.353190,0.353190,0.353190,0.353190,0.000000,horizon_mpc_secbf,12,0.445411,true,osqp,optimal,100,4.902059,0,1.239799,geometric,false,0.705367,0.254866,0.735584,0.049330,,,0.737236,0.034553,3.076824,1.638092
head_on,context_ext,Standard MPC-CBF,42,4.200,0.732950,-0.551726,0.735584,0.049330,0.066961,-0.100000,0.080000,-0.500000,0.000000,child,approaching,distracted,,0.000000,0.625000,1.045411,0.445411,0.000000,0.000000,0.000000,0.000000,0.000000,0.000000,0.000000,0.445411,0.445411,0.445411,0.445411,0.000000,horizon_mpc_secbf,12,0.541653,true,osqp,optimal,100,3.870743,0,1.378771,geometric,false,0.701998,0.264006,0.735585,0.084586,,,0.740432,0.035256,3.150867,1.567367
head_on,context_ext,Standard MPC-CBF,43,4.300,0.806508,-0.543268,0.735585,0.084586,0.114488,-0.150000,0.080000,-0.500000,0.000000,child,approaching,distracted,,0.000000,0.625000,1.141653,0.541653,0.000000,0.000000,0.000000,0.000000,0.000000,0.000000,0.000000,0.541653,0.541653,0.541653,0.541653,0.000000,horizon_mpc_secbf,12,0.641041,true,osqp,optimal,100,3.795312,0,1.511301,geometric,false,0.698774,0.272425,0.735588,0.120091,,,0.745327,0.035505,3.225400,1.495647
head_on,context_ext,Standard MPC-CBF,44,4.400,0.880067,-0.531259,0.735588,0.120091,0.161830,-0.200000,0.080000,-0.500000,0.000000,child,approaching,distracted,,0.000000,0.625000,1.241041,0.641041,0.000000,0.000000,0.000000,0.000000,0.000000,0.000000,0.000000,0.641041,0.641041,0.641041,0.641041,0.000000,horizon_mpc_secbf,12,0.742635,true,osqp,optimal,100,4.500045,0,1.636480,geometric,false,0.695759,0.280035,0.731648,0.155223,,,0.747933,0.035352,3.300193,1.422835
head_on,context_ext,Standard MPC-CBF,45,4.500,0.953232,-0.515737,0.731648,0.155223,0.209055,-0.250000,0.080000,-0.500000,0.000000,child,approaching,distracted,,0.000000,0.625000,1.342635,0.742635,0.000000,0.000000,0.000000,0.000000,0.000000,0.000000,0.000000,0.742635,0.742635,0.742635,0.742635,0.000000,horizon_mpc_secbf,12,0.845229,true,osqp,optimal,100,4.918049,0,1.751172,geometric,false,0.693046,0.286684,0.718388,0.187845,,,0.742541,0.035214,3.374447,1.349228
head_on,context_ext,Standard MPC-CBF,46,4.600,1.025071,-0.496952,0.718388,0.187845,0.255755,-0.300000,0.080000,-0.500000,0.000000,child,approaching,distracted,,0.000000,0.625000,1.445229,0.845229,0.000000,0.000000,0.000000,0.000000,0.000000,0.000000,0.000000,0.845229,0.845229,0.845229,0.845229,0.000000,horizon_mpc_secbf,12,0.948438,true,osqp,optimal,100,3.770094,0,1.862258,geometric,false,0.690754,0.292163,0.705057,0.220029,,,0.738592,0.034836,3.448306,1.275704
head_on,context_ext,Standard MPC-CBF,47,4.700,1.095576,-0.474949,0.705057,0.220029,0.302495,-0.350000,0.080000,-0.500000,0.000000,child,approaching,distracted,,0.000000,0.625000,1.548438,0.948438,0.000000,0.000000,0.000000,0.000000,0.000000,0.000000,0.000000,0.948438,0.948438,0.948438,0.948438,0.000000,horizon_mpc_secbf,12,1.052072,true,osqp,optimal,100,3.911750,0,1.971533,geometric,false,0.688991,0.296296,0.692241,0.250970,,,0.736331,0.033490,3.521939,1.202218
head_on,context_ext,Standard MPC-CBF,48,4.800,1.164800,-0.449852,0.692241,0.250970,0.347809,-0.400000,0.080000,-0.500000,0.000000,child,approaching,distracted,,0.000000,0.625000,1.652072,1.052072,0.000000,0.000000,0.000000,0.000000,0.000000,0.000000,0.000000,1.052072,1.052072,1.052072,1.052072,0.000000,horizon_mpc_secbf,12,1.156165,true,osqp,optimal,100,4.739874,0,2.081246,geometric,false,0.687860,0.298913,0.680858,0.278452,,,0.735597,0.029746,3.595499,1.128718
head_on,context_ext,Standard MPC-CBF,49,4.900,1.232886,-0.422007,0.680858,0.278452,0.388217,-0.450000,0.080000,-0.500000,0.000000,child,approaching,distracted,,0.000000,0.625000,1.756165,1.156165,0.000000,0.000000,0.000000,0.000000,0.000000,0.000000,0.000000,1.156165,1.156165,1.156165,1.156165,0.000000,horizon_mpc_secbf,12,1.261475,true,osqp,optimal,100,4.068306,0,2.199081,geometric,false,0.687406,0.299955,0.675354,0.291741,,,0.735674,0.014383,3.669067,1.055177
head_on,context_ext,Standard MPC-CBF,50,5.000,1.300422,-0.392833,0.675354,0.291741,0.407769,-0.500000,0.080000,-0.500000,0.000000,child,approaching,distracted,,0.000000,0.625000,1.861475,1.261475,0.000000,0.000000,0.000000,0.000000,0.000000,0.000000,0.000000,1.261475,1.261475,1.261475,1.261475,0.000000,horizon_mpc_secbf,12,1.368448,true,osqp,optimal,100,3.896850,0,2.322579,geometric,false,0.687323,0.300144,0.674345,0.294179,,,0.735719,0.002639,3.742638,0.981610
head_on,context_ext,Standard MPC-CBF,51,5.100,1.367856,-0.363415,0.674345,0.294179,0.411356,-0.550000,0.080000,-0.500000,0.000000,child,approaching,distracted,,0.000000,0.625000,1.968448,1.368448,0.000000,0.000000,0.000000,0.000000,0.000000,0.000000,0.000000,1.368448,1.368448,1.368448,1.368448,0.000000,horizon_mpc_secbf,12,1.476943,true,osqp,optimal,100,3.732945,0,2.446070,geometric,false,0.687314,0.300165,0.674165,0.294615,,,0.735728,0.000472,3.816211,0.908038
head_on,context_ext,Standard MPC-CBF,52,5.200,1.435273,-0.333953,0.674165,0.294615,0.411997,-0.600000,0.080000,-0.500000,0.000000,child,approaching,distracted,,0.000000,0.625000,2.076943,1.476943,0.000000,0.000000,0.000000,0.000000,0.000000,0.000000,0.000000,1.476943,1.476943,1.476943,1.476943,0.000000,horizon_mpc_secbf,12,1.586753,true,osqp,optimal,100,5.164455,0,2.568793,geometric,false,0.687321,0.300150,0.674139,0.294678,,,0.735730,0.000068,3.889784,0.834466
head_on,context_ext,Standard MPC-CBF,53,5.300,1.502687,-0.304486,0.674139,0.294678,0.412089,-0.650000,0.080000,-0.500000,0.000000,child,approaching,distracted,,0.000000,0.625000,2.186753,1.586753,0.000000,0.000000,0.000000,0.000000,0.000000,0.000000,0.000000,1.586753,1.586753,1.586753,1.586753,0.000000,horizon_mpc_secbf,12,1.697694,true,osqp,optimal,100,4.082297,0,2.690795,geometric,false,0.687331,0.300127,0.674143,0.294669,,,0.735730,0.000010,3.963357,0.760893
head_on,context_ext,Standard MPC-CBF,54,5.400,1.570101,-0.275019,0.674143,0.294669,0.412076,-0.700000,0.080000,-0.500000,0.000000,child,approaching,distracted,,0.000000,0.625000,2.297694,1.697694,0.000000,0.000000,0.000000,0.000000,0.000000,0.000000,0.000000,1.697694,1.697694,1.697694,1.697694,0.000000,horizon_mpc_secbf,12,1.809610,true,osqp,optimal,100,3.714667,0,2.812221,geometric,false,0.687343,0.300099,0.674154,0.294645,,,0.735730,0.000026,4.036930,0.687320
head_on,context_ext,Standard MPC-CBF,55,5.500,1.637516,-0.245554,0.674154,0.294645,0.412040,-0.750000,0.080000,-0.500000,0.000000,child,approaching,distracted,,0.000000,0.625000,2.409610,1.809610,0.000000,0.000000,0.000000,0.000000,0.000000,0.000000,0.000000,1.809610,1.809610,1.809610,1.809610,0.000000,horizon_mpc_secbf,12,1.922372,true,osqp,optimal,100,4.264132,0,2.933206,geometric,false,0.687357,0.300068,0.674167,0.294615,,,0.735730,0.000033,4.110503,0.613747
head_on,context_ext,Standard MPC-CBF,56,5.600,1.704933,-0.216093,0.674167,0.294615,0.411995,-0.800000,0.080000,-0.500000,0.000000,child,approaching,distracted,,0.000000,0.625000,2.522372,1.922372,0.000000,0.000000,0.000000,0.000000,0.000000,0.000000,0.000000,1.922372,1.922372,1.922372,1.922372,0.000000,horizon_mpc_secbf,12,2.035872,true,osqp,optimal,100,5.320886,0,3.053855,geometric,false,0.687372,0.300033,0.674181,0.294580,,,0.735729,0.000038,4.184076,0.540174
head_on,context_ext,Standard MPC-CBF,57,5.700,1.772351,-0.186635,0.674181,0.294580,0.411944,-0.850000,0.080000,-0.500000,0.000000,child,approaching,distracted,,0.000000,0.625000,2.635872,2.035872,0.000000,0.000000,0.000000,0.000000,0.000000,0.000000,0.000000,2.035872,2.035872,2.035872,2.035872,0.000000,horizon_mpc_secbf,12,2.150018,true,osqp,optimal,100,3.816524,0,3.174252,geometric,false,0.687390,0.299991,0.674198,0.294540,,,0.735729,0.000044,4.257649,0.466601
head_on,context_ext,Standard MPC-CBF,58,5.800,1.839771,-0.157181,0.674198,0.294540,0.411885,-0.900000,0.080000,-0.500000,0.000000,child,approaching,distracted,,0.000000,0.625000,2.750018,2.150018,0.000000,0.000000,0.000000,0.000000,0.000000,0.000000,0.000000,2.150018,2.150018,2.150018,2.150018,0.000000,horizon_mpc_secbf,12,2.264734,true,osqp,optimal,100,4.138022,0,3.294462,geometric,false,0.687411,0.299942,0.674219,0.294492,,,0.735728,0.000052,4.331222,0.393028
head_on,context_ext,Standard MPC-CBF,59,5.900,1.907193,-0.127732,0.674219,0.294492,0.411815,-0.950000,0.080000,-0.500000,0.000000,child,approaching,distracted,,0.000000,0.625000,2.864734,2.264734,0.000000,0.000000,0.000000,0.000000,0.000000,0.000000,0.000000,2.264734,2.264734,2.264734,2.264734,0.000000,horizon_mpc_secbf,12,2.379955,true,osqp,optimal,100,5.046002,0,3.414536,geometric,false,0.687438,0.299882,0.674243,0.294434,,,0.735727,0.000063,4.404795,0.319455
head_on,context_ext,Standard MPC-CBF,60,6.000,1.974617,-0.098288,0.674243,0.294434,0.411728,-1.000000,0.080000,-0.500000,0.000000,child,approaching,distracted,,0.000000,0.625000,2.979955,2.379955,0.000000,0.000000,0.000000,0.000000,0.000000,0.000000,0.000000,2.379955,2.379955,2.379955,2.379955,0.000000,horizon_mpc_secbf,12,2.495625,true,osqp,optimal,100,3.905910,0,3.534515,geometric,false,0.687472,0.299803,0.674275,0.294358,,,0.735726,0.000082,4.478367,0.245882
head_on,context_ext,Standard MPC-CBF,61,6.100,2.042044,-0.068853,0.674275,0.294358,0.411617,-1.050000,0.080000,-0.500000,0.000000,child,approaching,distracted,,0.000000,0.625000,3.095625,2.495625,0.000000,0.000000,0.000000,0.000000,0.000000,0.000000,0.000000,2.495625,2.495625,2.495625,2.495625,0.000000,horizon_mpc_secbf,12,2.611698,true,osqp,optimal,100,4.160132,0,3.654438,geometric,false,0.687522,0.299690,0.674320,0.294250,,,0.735724,0.000117,4.551940,0.172310
head_on,context_ext,Standard MPC-CBF,62,6.200,2.109476,-0.039428,0.674320,0.294250,0.411458,-1.100000,0.080000,-0.500000,0.000000,child,approaching,distracted,,0.000000,0.625000,3.211698,2.611698,0.000000,0.000000,0.000000,0.000000,0.000000,0.000000,0.000000,2.611698,2.611698,2.611698,2.611698,0.000000,horizon_mpc_secbf,12,2.728134,true,osqp,optimal,100,4.157053,0,3.774348,geometric,false,0.687609,0.299488,0.674397,0.294064,,,0.735721,0.000202,4.625512,0.098737
head_on,context_ext,Standard MPC-CBF,63,6.300,2.176916,-0.010021,0.674397,0.294064,0.411184,-1.150000,0.080000,-0.500000,0.000000,child,approaching,distracted,,0.000000,0.625000,3.328134,2.728134,0.000000,0.000000,0.000000,0.000000,0.000000,0.000000,0.000000,2.728134,2.728134,2.728134,2.728134,0.000000,horizon_mpc_secbf,12,2.808473,true,osqp,optimal,75,4.757271,0,3.531169,geometric,false,0.230838,0.100211,0.306941,0.133471,,,0.334705,0.401017,4.658982,0.025165
head_on,context_ext,Standard MPC-CBF,64,6.400,2.207610,0.003326,0.306941,0.133471,0.410179,-1.200000,0.080000,-0.500000,0.000000,child,approaching,distracted,,0.000000,0.625000,3.408473,2.808473,0.000000,0.000000,0.000000,0.000000,0.000000,0.000000,0.000000,2.808473,2.808473,2.808473,2.808473,0.000000,horizon_mpc_secbf,12,2.857433,true,osqp,optimal,75,3.675988,0,3.298071,geometric,false,-0.076103,-0.033260,-0.010383,-0.004653,,,0.011378,0.346082,4.660120,0.008305
head_on,context_ext,Standard MPC-CBF,65,6.500,2.206572,0.002861,-0.010383,-0.004653,-2.720258,-1.250000,0.080000,-0.500000,0.000000,child,approaching,distracted,,0.000000,0.625000,3.457433,2.857433,0.000000,0.000000,0.000000,0.000000,0.000000,0.000000,0.000000,2.857433,2.857433,2.857433,2.857433,0.000000,horizon_mpc_secbf,12,2.901854,true,osqp,optimal,75,3.855429,0,3.301643,geometric,false,-0.065720,-0.028607,-0.056226,-0.024497,,,0.061330,0.049953,4.666253,0.007168
head_on,context_ext,Standard MPC-CBF,66,6.600,2.200949,0.000411,-0.056226,-0.024497,-2.730704,-1.300000,0.080000,-0.500000,0.000000,child,approaching,distracted,,0.000000,0.625000,3.501854,2.901854,0.000000,0.000000,0.000000,0.000000,0.000000,0.000000,0.000000,2.901854,2.901854,2.901854,2.901854,0.000000,horizon_mpc_secbf,12,2.950108,true,osqp,optimal,50,3.844539,0,3.384397,geometric,false,-0.009494,-0.004110,-0.017506,-0.007608,,,0.019087,0.042243,4.668162,0.001035
head_on,context_ext,Standard MPC-CBF,67,6.700,2.199199,-0.000350,-0.017506,-0.007608,-2.731633,-1.350000,0.080000,-0.500000,0.000000,child,approaching,distracted,,0.000000,0.625000,3.550108,2.950108,0.000000,0.000000,0.000000,0.000000,0.000000,0.000000,0.000000,2.950108,2.950108,2.950108,2.950108,0.000000,horizon_mpc_secbf,12,3.000455,true,osqp,optimal,50,4.931479,0,3.453572,geometric,false,0.008011,0.003498,0.003629,0.001593,,,0.003963,0.023050,4.668558,0.000874
head_on,context_ext,Standard MPC-CBF,68,6.800,2.199562,-0.000191,0.003629,0.001593,0.413553,-1.400000,0.080000,-0.500000,0.000000,child,approaching,distracted,,0.000000,0.625000,3.600455,3.000455,0.000000,0.000000,0.000000,0.000000,0.000000,0.000000,0.000000,3.000455,3.000455,3.000455,3.000455,0.000000,horizon_mpc_secbf,12,3.050864,true,osqp,optimal,50,3.702366,0,3.504539,geometric,false,0.004382,0.001905,0.004251,0.001852,,,0.004636,0.000673,4.669022,0.000478
head_on,context_ext,Standard MPC-CBF,69,6.900,2.199987,-0.000005,0.004251,0.001852,0.410855,-1.450000,0.080000,-0.500000,0.000000,child,approaching,distracted,,0.000000,0.625000,3.650864,3.050864,0.000000,0.000000,0.000000,0.000000,0.000000,0.000000,0.000000,3.050864,3.050864,3.050864,3.050864,0.000000,horizon_mpc_secbf,12,3.100934,true,osqp,optimal,25,3.516904,0,3.551568,geometric,false,0.000132,0.000054,0.000833,0.000362,,,0.000908,0.003728,4.669113,0.000014
head_on,context_ext,Standard MPC-CBF,70,7.000,2.200070,0.000031,0.000833,0.000362,0.410309,-1.500000,0.080000,-0.500000,0.000000,child,approaching,distracted,,0.000000,0.625000,3.700934,3.100934,0.000000,0.000000,0.000000,0.000000,0.000000,0.000000,0.000000,3.100934,3.100934,3.100934,3.100934,0.000000,horizon_mpc_secbf,12,3.150879,true,osqp,optimal,50,3.699036,0,3.600384,geometric,false,-0.000701,-0.000309,-0.000437,-0.000194,,,0.000478,0.001386,4.669160,0.000077
head_on,context_ext,Standard MPC-CBF,71,7.100,2.200026,0.000012,-0.000437,-0.000194,-2.724984,-1.550000,0.080000,-0.500000,0.000000,child,approaching,distracted,,0.000000,0.625000,3.750879,3.150879,0.000000,0.000000,0.000000,0.000000,0.000000,0.000000,0.000000,3.150879,3.150879,3.150879,3.150879,0.000000,horizon_mpc_secbf,12,3.200840,true,osqp,optimal,25,4.373318,0,3.650482,geometric,false,-0.000263,-0.000115,-0.000287,-0.000129,,,0.000314,0.000164,4.669192,0.000029
head_on,context_ext,Standard MPC-CBF,72,7.200,2.199998,-0.000001,-0.000287,-0.000129,-2.719696,-1.600000,0.080000,-0.500000,0.000000,child,approaching,distracted,,0.000000,0.625000,3.800840,3.200840,0.000000,0.000000,0.000000,0.000000,0.000000,0.000000,0.000000,3.200840,3.200840,3.200840,3.200840,0.000000,horizon_mpc_secbf,12,3.250829,true,osqp,optimal,25,3.998762,0,3.700726,geometric,false,0.000023,0.000014,-0.000003,0.000006,,,0.000006,0.000314,4.669192,0.000003
head_on,context_ext,Standard MPC-CBF,73,7.300,2.199997,-0.000001,-0.000003,0.000006,1.997994,-1.650000,0.080000,-0.500000,0.000000,child,approaching,distracted,,0.000000,0.625000,3.850829,3.250829,0.000000,0.000000,0.000000,0.000000,0.000000,0.000000,0.000000,3.250829,3.250829,3.250829,3.250829,0.000000,horizon_mpc_secbf,12,3.300820,true,osqp,optimal,25,3.494437,0,3.750741,geometric,false,0.000026,0.000008,0.000020,0.000008,,,0.000022,0.000023,4.669195,0.000003
head_on,context_ext,Standard MPC-CBF,74,7.400,2.199999,-0.000000,0.000020,0.000008,0.359675,-1.700000,0.080000,-0.500000,0.000000,child,approaching,distracted,,0.000000,0.625000,3.900820,3.300820,0.000000,0.000000,0.000000,0.000000,0.000000,0.000000,0.000000,3.300820,3.300820,3.300820,3.300820,0.000000,horizon_mpc_secbf,12,3.350810,true,osqp,optimal,25,3.958834,0,3.800723,geometric,false,0.000005,0.000000,0.000008,0.000002,,,0.000008,0.000014,4.669195,0.000001
head_on,context_ext,Standard MPC-CBF,75,7.500,2.200000,0.000000,0.000008,0.000002,0.206541,-1.750000,0.080000,-0.500000,0.000000,child,approaching,distracted,,0.000000,0.625000,3.950810,3.350810,0.000000,0.000000,0.000000,0.000000,0.000000,0.000000,0.000000,3.350810,3.350810,3.350810,3.350810,0.000000,horizon_mpc_secbf,12,3.400800,true,osqp,optimal,25,4.555177,0,3.850707,geometric,false,-0.000002,-0.000001,-0.000001,-0.000001,,,0.000001,0.000009,4.669195,0.000000
head_on,context_ext,Standard MPC-CBF,76,7.600,2.200000,0.000000,-0.000001,-0.000001,-2.227988,-1.800000,0.080000,-0.500000,0.000000,child,approaching,distracted,,0.000000,0.625000,4.000800,3.400800,0.000000,0.000000,0.000000,0.000000,0.000000,0.000000,0.000000,3.400800,3.400800,3.400800,3.400800,0.000000,horizon_mpc_secbf,12,3.450790,true,osqp,optimal,25,3.551632,0,3.900699,geometric,false,-0.000002,-0.000000,-0.000002,-0.000001,,,0.000002,0.000001,4.669196,0.000000
head_on,context_ext,Standard MPC-CBF,77,7.700,2.200000,-0.000000,-0.000002,-0.000001,-2.808361,-1.850000,0.080000,-0.500000,0.000000,child,approaching,distracted,,0.000000,0.625000,4.050790,3.450790,0.000000,0.000000,0.000000,0.000000,0.000000,0.000000,0.000000,3.450790,3.450790,3.450790,3.450790,0.000000,horizon_mpc_secbf,12,3.500780,true,osqp,optimal,25,3.650028,0,3.950692,geometric,false,-0.000000,0.000000,-0.000000,-0.000000,,,0.000000,0.000001,4.669196,0.000000
head_on,context_ext,Standard MPC-CBF,78,7.800,2.200000,-0.000000,-0.000000,-0.000000,-3.022517,-1.900000,0.080000,-0.500000,0.000000,child,approaching,distracted,,0.000000,0.625000,4.100780,3.500780,0.000000,0.000000,0.000000,0.000000,0.000000,0.000000,0.000000,3.500780,3.500780,3.500780,3.500780,0.000000,horizon_mpc_secbf,12,3.550771,true,osqp,optimal,25,3.851972,0,4.000685,geometric,false,0.000000,0.000000,0.000000,0.000000,,,0.000000,0.000001,4.669196,0.000000
head_on,context_ext,Standard MPC-CBF,79,7.900,2.200000,-0.000000,0.000000,0.000000,0.670245,-1.950000,0.080000,-0.500000,0.000000,child,approaching,distracted,,0.000000,0.625000,4.150771,3.550771,0.000000,0.000000,0.000000,0.000000,0.000000,0.000000,0.000000,3.550771,3.550771,3.550771,3.550771,0.000000,horizon_mpc_secbf,12,3.600762,true,osqp,optimal,25,4.480973,0,4.050678,geometric,false,0.000000,0.000000,0.000000,0.000000,,,0.000000,0.000000,4.669196,0.000000
head_on,context_ext,Standard MPC-CBF,80,8.000,2.200000,0.000000,0.000000,0.000000,0.294628,-2.000000,0.080000,-0.500000,0.000000,child,approaching,distracted,,0.000000,0.625000,4.200762,3.600762,0.000000,0.000000,0.000000,0.000000,0.000000,0.000000,0.000000,3.600762,3.600762,3.600762,3.600762,0.000000,horizon_mpc_secbf,12,3.650753,true,osqp,optimal,25,3.279518,0,4.100671,geometric,false,0.000000,-0.000000,0.000000,-0.000000,,,0.000000,0.000000,4.669196,0.000000
head_on,context_ext,Standard MPC-CBF,81,8.100,2.200000,0.000000,0.000000,-0.000000,-0.024604,-2.050000,0.080000,-0.500000,0.000000,child,approaching,distracted,,0.000000,0.625000,4.250753,3.650753,0.000000,0.000000,0.000000,0.000000,0.000000,0.000000,0.000000,3.650753,3.650753,3.650753,3.650753,0.000000,horizon_mpc_secbf,12,3.700744,true,osqp,optimal,25,3.612894,0,4.150664,geometric,false,-0.000000,-0.000000,-0.000000,-0.000000,,,0.000000,0.000000,4.669196,0.000000
head_on,context_ext,Standard MPC-CBF,82,8.200,2.200000,0.000000,-0.000000,-0.000000,-2.583315,-2.100000,0.080000,-0.500000,0.000000,child,approaching,distracted,,0.000000,0.625000,4.300744,3.700744,0.000000,0.000000,0.000000,0.000000,0.000000,0.000000,0.000000,3.700744,3.700744,3.700744,3.700744,0.000000,horizon_mpc_secbf,12,3.750736,true,osqp,optimal,25,3.742751,0,4.200658,geometric,false,0.000000,0.000000,-0.000000,-0.000000,,,0.000000,0.000000,4.669196,0.000000
head_on,context_ext,Standard MPC-CBF,83,8.300,2.200000,0.000000,-0.000000,-0.000000,-1.572402,-2.150000,0.080000,-0.500000,0.000000,child,approaching,distracted,,0.000000,0.625000,4.350736,3.750736,0.000000,0.000000,0.000000,0.000000,0.000000,0.000000,0.000000,3.750736,3.750736,3.750736,3.750736,0.000000,horizon_mpc_secbf,12,3.800727,true,osqp,optimal,25,4.328952,0,4.250651,geometric,false,0.000000,0.000000,0.000000,-0.000000,,,0.000000,0.000000,4.669196,0.000000
head_on,context_ext,Standard MPC-CBF,84,8.400,2.200000,-0.000000,0.000000,-0.000000,-1.572402,-2.200000,0.080000,-0.500000,0.000000,child,approaching,distracted,,0.000000,0.625000,4.400727,3.800727,0.000000,0.000000,0.000000,0.000000,0.000000,0.000000,0.000000,3.800727,3.800727,3.800727,3.800727,0.000000,horizon_mpc_secbf,12,3.850719,true,osqp,optimal,25,3.549288,0,4.300645,geometric,false,0.000000,0.000000,0.000000,-0.000000,,,0.000000,0.000000,4.669196,0.000000
head_on,context_ext,Standard MPC-CBF,85,8.500,2.200000,-0.000000,0.000000,-0.000000,-1.572402,-2.250000,0.080000,-0.500000,0.000000,child,approaching,distracted,,0.000000,0.625000,4.450719,3.850719,0.000000,0.000000,0.000000,0.000000,0.000000,0.000000,0.000000,3.850719,3.850719,3.850719,3.850719,0.000000,horizon_mpc_secbf,12,3.900711,true,osqp,optimal,25,3.356904,0,4.350638,geometric,false,0.000000,0.000000,0.000000,-0.000000,,,0.000000,0.000000,4.669196,0.000000
head_on,context_ext,Standard MPC-CBF,86,8.600,2.200000,-0.000000,0.000000,-0.000000,-1.572402,-2.300000,0.080000,-0.500000,0.000000,child,approaching,distracted,,0.000000,0.625000,4.500711,3.900711,0.000000,0.000000,0.000000,0.000000,0.000000,0.000000,0.000000,3.900711,3.900711,3.900711,3.900711,0.000000,horizon_mpc_secbf,12,3.950703,true,osqp,optimal,25,5.173229,0,4.400632,geometric,false,0.000000,0.000000,0.000000,-0.000000,,,0.000000,0.000000,4.669196,0.000000
head_on,context_ext,Standard MPC-CBF,87,8.700,2.200000,-0.000000,0.000000,-0.000000,-1.572402,-2.350000,0.080000,-0.500000,0.000000,child,approaching,distracted,,0.000000,0.625000,4.550703,3.950703,0.000000,0.000000,0.000000,0.000000,0.000000,0.000000,0.000000,3.950703,3.950703,3.950703,3.950703,0.000000,horizon_mpc_secbf,12,4.000696,true,osqp,optimal,25,3.934455,0,4.450626,geometric,false,0.000000,0.000000,0.000000,-0.000000,,,0.000000,0.000000,4.669196,0.000000
head_on,context_ext,Standard MPC-CBF,88,8.800,2.200000,-0.000000,0.000000,-0.000000,-1.572402,-2.400000,0.080000,-0.500000,0.000000,child,approaching,distracted,,0.000000,0.625000,4.600696,4.000696,0.000000,0.000000,0.000000,0.000000,0.000000,0.000000,0.000000,4.000696,4.000696,4.000696,4.000696,0.000000,horizon_mpc_secbf,12,4.050688,true,osqp,optimal,25,3.530296,0,4.500620,geometric,false,0.000000,0.000000,0.000000,-0.000000,,,0.000000,0.000000,4.669196,0.000000
head_on,context_ext,Standard MPC-CBF,89,8.900,2.200000,-0.000000,0.000000,-0.000000,-1.572402,-2.450000,0.080000,-0.500000,0.000000,child,approaching,distracted,,0.000000,0.625000,4.650688,4.050688,0.000000,0.000000,0.000000,0.000000,0.000000,0.000000,0.000000,4.050688,4.050688,4.050688,4.050688,0.000000,horizon_mpc_secbf,12,4.100681,true,osqp,optimal,25,3.663741,0,4.550614,geometric,false,0.000000,0.000000,0.000000,-0.000000,,,0.000000,0.000000,4.669196,0.000000
head_on,context_ext,Standard MPC-CBF,90,9.000,2.200000,-0.000000,0.000000,-0.000000,-1.572402,-2.500000,0.080000,-0.500000,0.000000,child,approaching,distracted,,0.000000,0.625000,4.700681,4.100681,0.000000,0.000000,0.000000,0.000000,0.000000,0.000000,0.000000,4.100681,4.100681,4.100681,4.100681,0.000000,horizon_mpc_secbf,12,4.150674,true,osqp,optimal,25,4.695867,0,4.600608,geometric,false,0.000000,0.000000,0.000000,-0.000000,,,0.000000,0.000000,4.669196,0.000000
head_on,context_ext,Standard MPC-CBF,91,9.100,2.200000,-0.000000,0.000000,-0.000000,-1.572402,-2.550000,0.080000,-0.500000,0.000000,child,approaching,distracted,,0.000000,0.625000,4.750674,4.150674,0.000000,0.000000,0.000000,0.000000,0.000000,0.000000,0.000000,4.150674,4.150674,4.150674,4.150674,0.000000,horizon_mpc_secbf,12,4.200667,true,osqp,optimal,25,3.825854,0,4.650603,geometric,false,0.000000,0.000000,0.000000,-0.000000,,,0.000000,0.000000,4.669196,0.000000
head_on,context_ext,Standard MPC-CBF,92,9.200,2.200000,-0.000000,0.000000,-0.000000,-1.572402,-2.600000,0.080000,-0.500000,0.000000,child,approaching,distracted,,0.000000,0.625000,4.800667,4.200667,0.000000,0.000000,0.000000,0.000000,0.000000,0.000000,0.000000,4.200667,4.200667,4.200667,4.200667,0.000000,horizon_mpc_secbf,12,4.250660,true,osqp,optimal,25,3.781433,0,4.700597,geometric,false,0.000000,0.000000,0.000000,-0.000000,,,0.000000,0.000000,4.669196,0.000000
head_on,context_ext,Standard MPC-CBF,93,9.300,2.200000,-0.000000,0.000000,-0.000000,-1.572402,-2.650000,0.080000,-0.500000,0.000000,child,approaching,distracted,,0.000000,0.625000,4.850660,4.250660,0.000000,0.000000,0.000000,0.000000,0.000000,0.000000,0.000000,4.250660,4.250660,4.250660,4.250660,0.000000,horizon_mpc_secbf,12,4.300653,true,osqp,optimal,25,3.526063,0,4.750592,geometric,false,0.000000,0.000000,0.000000,-0.000000,,,0.000000,0.000000,4.669196,0.000000
head_on,context_ext,Standard MPC-CBF,94,9.400,2.200000,-0.000000,0.000000,-0.000000,-1.572402,-2.700000,0.080000,-0.500000,0.000000,child,approaching,distracted,,0.000000,0.625000,4.900653,4.300653,0.000000,0.000000,0.000000,0.000000,0.000000,0.000000,0.000000,4.300653,4.300653,4.300653,4.300653,0.000000,horizon_mpc_secbf,12,4.350646,true,osqp,optimal,25,3.922721,0,4.800586,geometric,false,0.000000,0.000000,0.000000,-0.000000,,,0.000000,0.000000,4.669196,0.000000
head_on,context_ext,Standard MPC-CBF,95,9.500,2.200000,-0.000000,0.000000,-0.000000,-1.572402,-2.750000,0.080000,-0.500000,0.000000,child,approaching,distracted,,0.000000,0.625000,4.950646,4.350646,0.000000,0.000000,0.000000,0.000000,0.000000,0.000000,0.000000,4.350646,4.350646,4.350646,4.350646,0.000000,horizon_mpc_secbf,12,4.400640,true,osqp,optimal,25,4.102858,0,4.850581,geometric,false,0.000000,0.000000,0.000000,-0.000000,,,0.000000,0.000000,4.669196,0.000000
head_on,context_ext,Standard MPC-CBF,96,9.600,2.200000,-0.000000,0.000000,-0.000000,-1.572402,-2.800000,0.080000,-0.500000,0.000000,child,approaching,distracted,,0.000000,0.625000,5.000640,4.400640,0.000000,0.000000,0.000000,0.000000,0.000000,0.000000,0.000000,4.400640,4.400640,4.400640,4.400640,0.000000,horizon_mpc_secbf,12,4.450634,true,osqp,optimal,25,3.259122,0,4.900576,geometric,false,0.000000,0.000000,0.000000,-0.000000,,,0.000000,0.000000,4.669196,0.000000
head_on,context_ext,Standard MPC-CBF,97,9.700,2.200000,-0.000000,0.000000,-0.000000,-1.572402,-2.850000,0.080000,-0.500000,0.000000,child,approaching,distracted,,0.000000,0.625000,5.050634,4.450634,0.000000,0.000000,0.000000,0.000000,0.000000,0.000000,0.000000,4.450634,4.450634,4.450634,4.450634,0.000000,horizon_mpc_secbf,12,4.500627,true,osqp,optimal,25,3.446728,0,4.950571,geometric,false,0.000000,0.000000,0.000000,-0.000000,,,0.000000,0.000000,4.669196,0.000000
head_on,context_ext,Standard MPC-CBF,98,9.800,2.200000,-0.000000,0.000000,-0.000000,-1.572402,-2.900000,0.080000,-0.500000,0.000000,child,approaching,distracted,,0.000000,0.625000,5.100627,4.500627,0.000000,0.000000,0.000000,0.000000,0.000000,0.000000,0.000000,4.500627,4.500627,4.500627,4.500627,0.000000,horizon_mpc_secbf,12,4.550621,true,osqp,optimal,25,3.506920,0,5.000566,geometric,false,0.000000,0.000000,0.000000,-0.000000,,,0.000000,0.000000,4.669196,0.000000
head_on,context_ext,Standard MPC-CBF,99,9.900,2.200000,-0.000000,0.000000,-0.000000,-1.572402,-2.950000,0.080000,-0.500000,0.000000,child,approaching,distracted,,0.000000,0.625000,5.150621,4.550621,0.000000,0.000000,0.000000,0.000000,0.000000,0.000000,0.000000,4.550621,4.550621,4.550621,4.550621,0.000000,horizon_mpc_secbf,12,4.600615,true,osqp,optimal,25,4.033951,0,5.050561,geometric,false,0.000000,0.000000,0.000000,-0.000000,,,0.000000,0.000000,4.669196,0.000000
head_on,context_ext,Standard MPC-CBF,100,10.000,2.200000,-0.000000,0.000000,-0.000000,-1.572402,-3.000000,0.080000,-0.500000,0.000000,child,approaching,distracted,,0.000000,0.625000,5.200615,4.600615,0.000000,0.000000,0.000000,0.000000,0.000000,0.000000,0.000000,4.600615,4.600615,4.600615,4.600615,0.000000,horizon_mpc_secbf,12,4.650609,true,osqp,optimal,25,3.854893,0,5.100556,geometric,false,0.000000,0.000000,0.000000,-0.000000,,,0.000000,0.000000,4.669196,0.000000
head_on,context_ext,Standard MPC-CBF,101,10.100,2.200000,-0.000000,0.000000,-0.000000,-1.572402,-3.050000,0.080000,-0.500000,0.000000,child,approaching,distracted,,0.000000,0.625000,5.250609,4.650609,0.000000,0.000000,0.000000,0.000000,0.000000,0.000000,0.000000,4.650609,4.650609,4.650609,4.650609,0.000000,horizon_mpc_secbf,12,4.700604,true,osqp,optimal,25,3.358009,0,5.150551,geometric,false,0.000000,0.000000,0.000000,-0.000000,,,0.000000,0.000000,4.669196,0.000000
head_on,context_ext,Standard MPC-CBF,102,10.200,2.200000,-0.000000,0.000000,-0.000000,-1.572402,-3.100000,0.080000,-0.500000,0.000000,child,approaching,distracted,,0.000000,0.625000,5.300604,4.700604,0.000000,0.000000,0.000000,0.000000,0.000000,0.000000,0.000000,4.700604,4.700604,4.700604,4.700604,0.000000,horizon_mpc_secbf,12,4.750598,true,osqp,optimal,25,3.423569,0,5.200547,geometric,false,0.000000,0.000000,0.000000,-0.000000,,,0.000000,0.000000,4.669196,0.000000
head_on,context_ext,Standard MPC-CBF,103,10.300,2.200000,-0.000000,0.000000,-0.000000,-1.572402,-3.150000,0.080000,-0.500000,0.000000,child,approaching,distracted,,0.000000,0.625000,5.350598,4.750598,0.000000,0.000000,0.000000,0.000000,0.000000,0.000000,0.000000,4.750598,4.750598,4.750598,4.750598,0.000000,horizon_mpc_secbf,12,4.800593,true,osqp,optimal,25,4.791068,0,5.250542,geometric,false,0.000000,0.000000,0.000000,-0.000000,,,0.000000,0.000000,4.669196,0.000000
head_on,context_ext,Standard MPC-CBF,104,10.400,2.200000,-0.000000,0.000000,-0.000000,-1.572402,-3.200000,0.080000,-0.500000,0.000000,child,approaching,distracted,,0.000000,0.625000,5.400593,4.800593,0.000000,0.000000,0.000000,0.000000,0.000000,0.000000,0.000000,4.800593,4.800593,4.800593,4.800593,0.000000,horizon_mpc_secbf,12,4.850587,true,osqp,optimal,25,3.813223,0,5.300538,geometric,false,0.000000,0.000000,0.000000,-0.000000,,,0.000000,0.000000,4.669196,0.000000
head_on,context_ext,Standard MPC-CBF,105,10.500,2.200000,-0.000000,0.000000,-0.000000,-1.572402,-3.250000,0.080000,-0.500000,0.000000,child,approaching,distracted,,0.000000,0.625000,5.450587,4.850587,0.000000,0.000000,0.000000,0.000000,0.000000,0.000000,0.000000,4.850587,4.850587,4.850587,4.850587,0.000000,horizon_mpc_secbf,12,4.900582,true,osqp,optimal,25,3.955768,0,5.350533,geometric,false,0.000000,0.000000,0.000000,-0.000000,,,0.000000,0.000000,4.669196,0.000000
head_on,context_ext,Standard MPC-CBF,106,10.600,2.200000,-0.000000,0.000000,-0.000000,-1.572402,-3.300000,0.080000,-0.500000,0.000000,child,approaching,distracted,,0.000000,0.625000,5.500582,4.900582,0.000000,0.000000,0.000000,0.000000,0.000000,0.000000,0.000000,4.900582,4.900582,4.900582,4.900582,0.000000,horizon_mpc_secbf,12,4.950577,true,osqp,optimal,25,3.339087,0,5.400529,geometric,false,0.000000,0.000000,0.000000,-0.000000,,,0.000000,0.000000,4.669196,0.000000
head_on,context_ext,Standard MPC-CBF,107,10.700,2.200000,-0.000000,0.000000,-0.000000,-1.572402,-3.350000,0.080000,-0.500000,0.000000,child,approaching,distracted,,0.000000,0.625000,5.550577,4.950577,0.000000,0.000000,0.000000,0.000000,0.000000,0.000000,0.000000,4.950577,4.950577,4.950577,4.950577,0.000000,horizon_mpc_secbf,12,5.000571,true,osqp,optimal,25,4.537000,0,5.450525,geometric,false,0.000000,0.000000,0.000000,-0.000000,,,0.000000,0.000000,4.669196,0.000000
head_on,context_ext,Standard MPC-CBF,108,10.800,2.200000,-0.000000,0.000000,-0.000000,-1.572402,-3.400000,0.080000,-0.500000,0.000000,child,approaching,distracted,,0.000000,0.625000,5.600571,5.000571,0.000000,0.000000,0.000000,0.000000,0.000000,0.000000,0.000000,5.000571,5.000571,5.000571,5.000571,0.000000,horizon_mpc_secbf,12,5.050566,true,osqp,optimal,25,3.314845,0,5.500520,geometric,false,0.000000,0.000000,0.000000,-0.000000,,,0.000000,0.000000,4.669196,0.000000
head_on,context_ext,Standard MPC-CBF,109,10.900,2.200000,-0.000000,0.000000,-0.000000,-1.572402,-3.450000,0.080000,-0.500000,0.000000,child,approaching,distracted,,0.000000,0.625000,5.650566,5.050566,0.000000,0.000000,0.000000,0.000000,0.000000,0.000000,0.000000,5.050566,5.050566,5.050566,5.050566,0.000000,horizon_mpc_secbf,12,5.100561,true,osqp,optimal,25,4.145641,0,5.550516,geometric,false,0.000000,0.000000,0.000000,-0.000000,,,0.000000,0.000000,4.669196,0.000000
head_on,context_ext,Standard MPC-CBF,110,11.000,2.200000,-0.000000,0.000000,-0.000000,-1.572402,-3.500000,0.080000,-0.500000,0.000000,child,approaching,distracted,,0.000000,0.625000,5.700561,5.100561,0.000000,0.000000,0.000000,0.000000,0.000000,0.000000,0.000000,5.100561,5.100561,5.100561,5.100561,0.000000,horizon_mpc_secbf,12,5.150556,true,osqp,optimal,25,6.305043,0,5.600512,geometric,false,0.000000,0.000000,0.000000,-0.000000,,,0.000000,0.000000,4.669196,0.000000
head_on,context_ext,Standard MPC-CBF,111,11.100,2.200000,-0.000000,0.000000,-0.000000,-1.572402,-3.550000,0.080000,-0.500000,0.000000,child,approaching,distracted,,0.000000,0.625000,5.750556,5.150556,0.000000,0.000000,0.000000,0.000000,0.000000,0.000000,0.000000,5.150556,5.150556,5.150556,5.150556,0.000000,horizon_mpc_secbf,12,5.200552,true,osqp,optimal,25,4.183138,0,5.650508,geometric,false,0.000000,0.000000,0.000000,-0.000000,,,0.000000,0.000000,4.669196,0.000000
head_on,context_ext,Standard MPC-CBF,112,11.200,2.200000,-0.000000,0.000000,-0.000000,-1.572402,-3.600000,0.080000,-0.500000,0.000000,child,approaching,distracted,,0.000000,0.625000,5.800552,5.200552,0.000000,0.000000,0.000000,0.000000,0.000000,0.000000,0.000000,5.200552,5.200552,5.200552,5.200552,0.000000,horizon_mpc_secbf,12,5.250547,true,osqp,optimal,25,5.662827,0,5.700504,geometric,false,0.000000,0.000000,0.000000,-0.000000,,,0.000000,0.000000,4.669196,0.000000
head_on,context_ext,Standard MPC-CBF,113,11.300,2.200000,-0.000000,0.000000,-0.000000,-1.572402,-3.650000,0.080000,-0.500000,0.000000,child,approaching,distracted,,0.000000,0.625000,5.850547,5.250547,0.000000,0.000000,0.000000,0.000000,0.000000,0.000000,0.000000,5.250547,5.250547,5.250547,5.250547,0.000000,horizon_mpc_secbf,12,5.300542,true,osqp,optimal,25,3.876672,0,5.750500,geometric,false,0.000000,0.000000,0.000000,-0.000000,,,0.000000,0.000000,4.669196,0.000000
head_on,context_ext,Standard MPC-CBF,114,11.400,2.200000,-0.000000,0.000000,-0.000000,-1.572402,-3.700000,0.080000,-0.500000,0.000000,child,approaching,distracted,,0.000000,0.625000,5.900542,5.300542,0.000000,0.000000,0.000000,0.000000,0.000000,0.000000,0.000000,5.300542,5.300542,5.300542,5.300542,0.000000,horizon_mpc_secbf,12,5.350538,true,osqp,optimal,25,4.562940,0,5.800496,geometric,false,0.000000,0.000000,0.000000,-0.000000,,,0.000000,0.000000,4.669196,0.000000
head_on,context_ext,Standard MPC-CBF,115,11.500,2.200000,-0.000000,0.000000,-0.000000,-1.572402,-3.750000,0.080000,-0.500000,0.000000,child,approaching,distracted,,0.000000,0.625000,5.950538,5.350538,0.000000,0.000000,0.000000,0.000000,0.000000,0.000000,0.000000,5.350538,5.350538,5.350538,5.350538,0.000000,horizon_mpc_secbf,12,5.400533,true,osqp,optimal,25,3.579412,0,5.850493,geometric,false,0.000000,0.000000,0.000000,-0.000000,,,0.000000,0.000000,4.669196,0.000000
head_on,context_ext,Standard MPC-CBF,116,11.600,2.200000,-0.000000,0.000000,-0.000000,-1.572402,-3.800000,0.080000,-0.500000,0.000000,child,approaching,distracted,,0.000000,0.625000,6.000533,5.400533,0.000000,0.000000,0.000000,0.000000,0.000000,0.000000,0.000000,5.400533,5.400533,5.400533,5.400533,0.000000,horizon_mpc_secbf,12,5.450529,true,osqp,optimal,25,3.510297,0,5.900489,geometric,false,0.000000,0.000000,0.000000,-0.000000,,,0.000000,0.000000,4.669196,0.000000
head_on,context_ext,Standard MPC-CBF,117,11.700,2.200000,-0.000000,0.000000,-0.000000,-1.572402,-3.850000,0.080000,-0.500000,0.000000,child,approaching,distracted,,0.000000,0.625000,6.050529,5.450529,0.000000,0.000000,0.000000,0.000000,0.000000,0.000000,0.000000,5.450529,5.450529,5.450529,5.450529,0.000000,horizon_mpc_secbf,12,5.500525,true,osqp,optimal,25,3.629075,0,5.950485,geometric,false,0.000000,0.000000,0.000000,-0.000000,,,0.000000,0.000000,4.669196,0.000000
head_on,context_ext,Standard MPC-CBF,118,11.800,2.200000,-0.000000,0.000000,-0.000000,-1.572402,-3.900000,0.080000,-0.500000,0.000000,child,approaching,distracted,,0.000000,0.625000,6.100525,5.500525,0.000000,0.000000,0.000000,0.000000,0.000000,0.000000,0.000000,5.500525,5.500525,5.500525,5.500525,0.000000,horizon_mpc_secbf,12,5.550520,true,osqp,optimal,25,4.659559,0,6.000482,geometric,false,0.000000,0.000000,0.000000,-0.000000,,,0.000000,0.000000,4.669196,0.000000
head_on,context_ext,Standard MPC-CBF,119,11.900,2.200000,-0.000000,0.000000,-0.000000,-1.572402,-3.950000,0.080000,-0.500000,0.000000,child,approaching,distracted,,0.000000,0.625000,6.150520,5.550520,0.000000,0.000000,0.000000,0.000000,0.000000,0.000000,0.000000,5.550520,5.550520,5.550520,5.550520,0.000000,horizon_mpc_secbf,12,5.600516,true,osqp,optimal,25,3.366899,0,6.050478,geometric,false,0.000000,0.000000,0.000000,-0.000000,,,0.000000,0.000000,4.669196,0.000000
head_on,context_ext,EESM-MPC-ECBF,0,0.000,-2.200000,0.000000,0.000000,0.000000,0.000000,2.000000,0.080000,-0.500000,0.000000,unknown,walking,unknown,7.202830,1.000000,0.625000,4.200762,3.600762,0.000000,0.000000,0.000000,0.000000,0.499897,0.499897,0.000000,3.600762,3.100865,3.100865,3.100865,0.000000,horizon_mpc_secbf,12,1.630977,true,osqp,optimal,100,3.750589,0,1.980054,geometric,false,0.750000,0.000000,0.621014,-0.000000,,,0.621014,0.621014,0.062101,4.400000
head_on,context_ext,EESM-MPC-ECBF,1,0.100,-2.137899,-0.000000,0.621014,-0.000000,-0.000000,1.950000,0.080000,-0.500000,0.000000,unknown,walking,unknown,3.112671,1.000000,0.625000,4.088681,3.488681,0.000000,0.000000,0.000000,0.000000,1.120719,1.120719,0.000000,3.488681,2.367962,2.367962,2.367962,0.000000,horizon_mpc_secbf,12,0.886650,true,osqp,optimal,125,4.953481,0,1.142096,geometric,false,0.750000,0.000000,0.726102,0.000000,,,0.726102,0.105087,0.134712,4.337899
head_on,context_ext,EESM-MPC-ECBF,2,0.200,-2.065288,-0.000000,0.726102,0.000000,0.000000,1.900000,0.080000,-0.500000,0.000000,unknown,walking,unknown,2.745923,1.000000,0.625000,3.966095,3.366095,0.000000,0.000000,0.000000,0.000000,1.225741,1.225741,0.000000,3.366095,2.140355,2.140355,2.140355,0.000000,horizon_mpc_secbf,12,0.658117,true,osqp,optimal,125,5.543262,0,0.905004,geometric,false,0.750000,0.000000,0.735602,0.000000,,,0.735602,0.009501,0.208272,4.265288
head_on,context_ext,EESM-MPC-ECBF,3,0.300,-1.991728,-0.000000,0.735602,0.000000,0.000000,1.850000,0.080000,-0.500000,0.000000,unknown,walking,unknown,2.624845,1.000000,0.625000,3.842561,3.242561,0.000000,0.000000,0.000000,0.000000,1.235207,1.235207,0.000000,3.242561,2.007354,2.007354,2.007354,0.000000,horizon_mpc_secbf,12,0.525156,true,osqp,optimal,125,4.919148,0,0.772019,geometric,false,0.750000,0.000000,0.735603,0.000000,,,0.735603,0.000001,0.281832,4.191728
head_on,context_ext,EESM-MPC-ECBF,4,0.400,-1.918168,0.000000,0.735603,0.000000,0.000000,1.800000,0.080000,-0.500000,0.000000,unknown,walking,unknown,2.524881,1.000000,0.625000,3.719028,3.119028,0.000000,0.000000,0.000000,0.000000,1.235175,1.235175,0.000000,3.119028,1.883854,1.883854,1.883854,0.000000,horizon_mpc_secbf,12,0.401704,true,osqp,optimal,125,6.573131,0,0.648537,geometric,false,0.750000,-0.000000,0.735603,0.000000,,,0.735603,0.000000,0.355392,4.118168
head_on,context_ext,EESM-MPC-ECBF,5,0.500,-1.844608,0.000000,0.735603,0.000000,0.000000,1.750000,0.080000,-0.500000,0.000000,unknown,walking,unknown,2.424921,1.000000,0.625000,3.595498,2.995498,0.000000,0.000000,0.000000,0.000000,1.235137,1.235137,0.000000,2.995498,1.760361,1.760361,1.760361,0.000000,horizon_mpc_secbf,12,0.278265,true,osqp,optimal,125,5.518291,0,0.525064,geometric,false,0.750000,-0.000000,0.735603,0.000000,,,0.735603,0.000000,0.428953,4.044608
head_on,context_ext,EESM-MPC-ECBF,6,0.600,-1.771047,0.000000,0.735603,0.000000,0.000000,1.700000,0.080000,-0.500000,0.000000,unknown,walking,unknown,2.324964,1.000000,0.625000,3.471969,2.871969,0.000000,0.000000,0.000000,0.000000,1.235094,1.235094,0.000000,2.871969,1.636876,1.636876,1.636876,0.000000,horizon_mpc_secbf,12,0.154842,true,osqp,optimal,125,4.041214,0,0.401601,geometric,false,0.750000,-0.000000,0.735603,0.000000,,,0.735603,0.000000,0.502513,3.971047
head_on,context_ext,EESM-MPC-ECBF,7,0.700,-1.697487,0.000000,0.735603,0.000000,0.000000,1.650000,0.080000,-0.500000,0.000000,unknown,walking,unknown,2.225009,1.000000,0.625000,3.348443,2.748443,0.000000,0.000000,0.000000,0.000000,1.235044,1.235044,0.000000,2.748443,1.513399,1.513399,1.513399,0.000000,horizon_mpc_secbf,12,0.031438,true,osqp,optimal,125,3.729511,0,0.278149,geometric,false,0.750000,-0.000000,0.735603,0.000000,,,0.735603,0.000000,0.576073,3.897487
head_on,context_ext,EESM-MPC-ECBF,8,0.800,-1.623927,0.000000,0.735603,0.000000,0.000000,1.600000,0.080000,-0.500000,0.000000,unknown,walking,unknown,2.125058,1.000000,0.625000,3.224919,2.624919,0.000000,0.000000,0.000000,0.000000,1.234986,1.234986,0.000000,2.624919,1.389933,1.389933,1.389933,0.000092,horizon_mpc_secbf,12,-0.000092,true,osqp,optimal,50,3.956075,0,0.219212,geometric,false,0.750000,-0.000000,0.671264,-0.003630,,,0.671273,0.064441,0.643201,3.823927
head_on,context_ext,EESM-MPC-ECBF,9,0.900,-1.556800,-0.000363,0.671264,-0.003630,-0.005408,1.550000,0.080000,-0.500000,0.000000,unknown,walking,unknown,2.142028,1.000000,0.625000,3.107840,2.507840,0.000000,0.000000,0.000000,0.000000,1.170481,1.170481,0.000000,2.507840,1.337358,1.337358,1.337358,0.000135,horizon_mpc_secbf,12,-0.000136,true,osqp,optimal,50,3.373623,0,0.213310,geometric,false,0.750000,0.000072,0.624732,-0.006642,,,0.624767,0.046629,0.705677,3.756800
head_on,context_ext,EESM-MPC-ECBF,10,1.000,-1.494327,-0.001027,0.624732,-0.006642,-0.010632,1.500000,0.080000,-0.500000,0.000000,unknown,walking,unknown,2.130893,1.000000,0.625000,2.995423,2.395423,0.000000,0.000000,0.000000,0.000000,1.123773,1.123773,0.000000,2.395423,1.271650,1.271650,1.271650,0.000189,horizon_mpc_secbf,12,-0.000189,true,osqp,optimal,50,3.376356,0,0.200327,geometric,false,0.750000,0.000209,0.572201,-0.010962,,,0.572306,0.052708,0.762908,3.694327
head_on,context_ext,EESM-MPC-ECBF,11,1.100,-1.437107,-0.002123,0.572201,-0.010962,-0.019156,1.450000,0.080000,-0.500000,0.000000,child,approaching,distracted,2.135669,1.000000,0.625000,2.888275,2.288275,0.000000,0.000000,0.000000,0.000000,1.070983,1.070983,0.000000,2.288275,1.217292,1.217292,1.217292,0.000233,horizon_mpc_secbf,12,-0.000232,true,osqp,optimal,50,3.458957,0,0.191178,geometric,false,0.750000,0.000438,0.527224,-0.016227,,,0.527473,0.045284,0.815655,3.637108
head_on,context_ext,EESM-MPC-ECBF,12,1.200,-1.384385,-0.003746,0.527224,-0.016227,-0.030769,1.400000,0.080000,-0.500000,0.000000,child,approaching,distracted,2.129694,1.000000,0.625000,2.785644,2.185644,0.000000,0.000000,0.000000,0.000000,1.025641,1.025641,0.000000,2.185644,1.160003,1.160003,1.160003,0.000278,horizon_mpc_secbf,12,-0.000278,true,osqp,optimal,50,3.973997,0,0.179341,geometric,false,0.750000,0.000784,0.482087,-0.023372,,,0.482653,0.045698,0.863920,3.584387
head_on,context_ext,EESM-MPC-ECBF,13,1.300,-1.336176,-0.006083,0.482087,-0.023372,-0.048443,1.350000,0.080000,-0.500000,0.000000,child,approaching,distracted,2.128345,1.000000,0.625000,2.687555,2.087555,0.000000,0.000000,0.000000,0.000000,0.979955,0.979955,0.000000,2.087555,1.107600,1.107600,1.107600,0.000319,horizon_mpc_secbf,12,-0.000319,true,osqp,optimal,50,3.709229,0,0.168171,geometric,false,0.749999,0.001290,0.441273,-0.032520,,,0.442470,0.041827,0.908167,3.536181
head_on,context_ext,EESM-MPC-ECBF,14,1.400,-1.292049,-0.009335,0.441273,-0.032520,-0.073562,1.300000,0.080000,-0.500000,0.000000,child,approaching,distracted,2.121753,1.000000,0.625000,2.593588,1.993588,0.000000,0.000000,0.000000,0.000000,0.938321,0.938321,0.000000,1.993588,1.055267,1.055267,1.055267,0.000359,horizon_mpc_secbf,12,-0.000359,true,osqp,optimal,50,3.626881,0,0.155278,geometric,false,0.749997,0.002005,0.402415,-0.044478,,,0.404866,0.040656,0.948654,3.492061
head_on,context_ext,EESM-MPC-ECBF,15,1.500,-1.251807,-0.013783,0.402415,-0.044478,-0.110080,1.250000,0.080000,-0.500000,0.000000,child,approaching,distracted,2.114800,1.000000,0.625000,2.503564,1.903564,0.000000,0.000000,0.000000,0.000000,0.898208,0.898208,0.000000,1.903564,1.005357,1.005357,1.005357,0.000396,horizon_mpc_secbf,12,-0.000396,true,osqp,optimal,50,3.673952,0,0.141475,geometric,false,0.749994,0.002995,0.367117,-0.059563,,,0.371918,0.038387,0.985846,3.451835
head_on,context_ext,EESM-MPC-ECBF,16,1.600,-1.215096,-0.019739,0.367117,-0.059563,-0.160844,1.200000,0.080000,-0.500000,0.000000,child,approaching,distracted,2.103381,1.000000,0.625000,2.417154,1.817154,0.000000,0.000000,0.000000,0.000000,0.861000,0.861000,0.000000,1.817154,0.956154,0.956154,0.956154,0.000431,horizon_mpc_secbf,12,-0.000431,true,osqp,optimal,50,5.264171,0,0.125576,geometric,false,0.749987,0.004335,0.334959,-0.078511,,,0.344037,0.037325,1.020249,3.415153
head_on,context_ext,EESM-MPC-ECBF,17,1.700,-1.181600,-0.027590,0.334959,-0.078511,-0.230233,1.150000,0.080000,-0.500000,0.000000,child,approaching,distracted,2.088116,1.000000,0.625000,2.334081,1.734081,0.000000,0.000000,0.000000,0.000000,0.825914,0.825914,0.000000,1.734081,0.908167,0.908167,0.908167,0.000463,horizon_mpc_secbf,12,-0.000463,true,osqp,optimal,50,3.623414,0,0.106982,geometric,false,0.749975,0.006119,0.307223,-0.102326,,,0.323815,0.036558,1.052631,3.381712
head_on,context_ext,EESM-MPC-ECBF,18,1.800,-1.150877,-0.037823,0.307223,-0.102326,-0.321511,1.100000,0.080000,-0.500000,0.000000,child,approaching,distracted,2.065461,1.000000,0.625000,2.253959,1.653959,0.000000,0.000000,0.000000,0.000000,0.793615,0.793615,0.000000,1.653959,0.860344,0.860344,0.860344,0.000492,horizon_mpc_secbf,12,-0.000492,true,osqp,optimal,50,3.575964,0,0.084343,geometric,false,0.749952,0.008465,0.284459,-0.131848,,,0.313529,0.037279,1.083984,3.351091
head_on,context_ext,EESM-MPC-ECBF,19,1.900,-1.122432,-0.051008,0.284459,-0.131848,-0.434028,1.050000,0.080000,-0.500000,0.000000,child,approaching,distracted,2.033775,1.000000,0.625000,2.176378,1.576378,0.000000,0.000000,0.000000,0.000000,0.763735,0.763735,0.000000,1.576378,0.812644,0.812644,0.812644,0.000519,horizon_mpc_secbf,12,-0.000519,true,osqp,optimal,50,3.550498,0,0.056265,geometric,false,0.749912,0.011513,0.268392,-0.167795,,,0.316527,0.039375,1.115637,3.322823
head_on,context_ext,EESM-MPC-ECBF,20,2.000,-1.095592,-0.067787,0.268392,-0.167795,-0.558735,1.000000,0.080000,-0.500000,0.000000,child,approaching,distracted,1.988643,1.000000,0.625000,2.100797,1.500797,0.000000,0.000000,0.000000,0.000000,0.736593,0.736593,0.000000,1.500797,0.764204,0.764204,0.764204,0.000543,horizon_mpc_secbf,12,-0.000543,true,osqp,optimal,50,4.793987,0,0.019709,geometric,false,0.749841,0.015424,0.261827,-0.211821,,,0.336782,0.044513,1.149315,3.296289
head_on,context_ext,EESM-MPC-ECBF,21,2.100,-1.069410,-0.088970,0.261827,-0.211821,-0.680212,0.950000,0.080000,-0.500000,0.000000,child,approaching,distracted,1.923726,1.000000,0.625000,2.026466,1.426466,0.000000,0.000000,0.000000,0.000000,0.712497,0.712497,0.000000,1.426466,0.713969,0.713969,0.713969,0.000563,horizon_mpc_secbf,12,-0.000563,true,osqp,optimal,50,3.680449,0,-0.028445,geometric,false,0.749722,0.020402,0.267671,-0.264103,,,0.376030,0.052608,1.186918,3.270620
head_on,context_ext,EESM-MPC-ECBF,22,2.200,-1.042643,-0.115380,0.267671,-0.264103,-0.778689,0.900000,0.080000,-0.500000,0.000000,child,approaching,distracted,1.834096,1.000000,0.625000,1.952443,1.352443,0.000000,0.000000,0.000000,0.000000,0.690824,0.690824,0.000000,1.352443,0.661619,0.661619,0.661619,0.000577,horizon_mpc_secbf,12,-0.000576,true,osqp,optimal,50,3.434965,0,-0.092739,geometric,false,0.749526,0.026670,0.291344,-0.324142,,,0.435832,0.064537,1.230501,3.244695
head_on,context_ext,EESM-MPC-ECBF,23,2.300,-1.013508,-0.147794,0.291344,-0.324142,-0.838635,0.850000,0.080000,-0.500000,0.000000,child,approaching,distracted,1.711921,1.000000,0.625000,1.877379,1.277379,0.000000,0.000000,0.000000,0.000000,0.671490,0.671490,0.000000,1.277379,0.605889,0.605889,0.605889,0.000587,horizon_mpc_secbf,12,-0.000536,true,osqp,optimal,50,3.667288,0,-0.175527,geometric,false,0.749208,0.034457,0.336342,-0.396906,,,0.520250,0.085554,1.282526,3.216905
head_on,context_ext,EESM-MPC-ECBF,24,2.400,-0.979874,-0.187485,0.336342,-0.396906,-0.867808,0.800000,0.080000,-0.500000,0.000000,child,approaching,distracted,1.562179,1.000000,0.625000,1.799861,1.199861,0.000000,0.000000,0.000000,0.000000,0.645882,0.645882,0.000000,1.199861,0.553979,0.553979,0.553979,0.000544,horizon_mpc_secbf,12,0.000957,true,osqp,optimal,125,4.660368,0,-0.256041,geometric,false,0.748700,0.044143,0.391079,-0.475190,,,0.615426,0.095522,1.344069,3.185396
head_on,context_ext,EESM-MPC-ECBF,25,2.500,-0.940766,-0.235004,0.391079,-0.475190,-0.882190,0.750000,0.080000,-0.500000,0.000000,child,approaching,distracted,1.419392,1.000000,0.625000,1.719860,1.119860,0.000000,0.000000,0.000000,0.000000,0.595624,0.595624,0.000000,1.119860,0.524235,0.524235,0.524235,0.000530,horizon_mpc_secbf,12,0.000394,true,osqp,optimal,300,4.944923,0,-0.326578,geometric,false,0.747909,0.055961,0.466068,-0.537150,,,0.711161,0.097274,1.415185,3.149546
head_on,context_ext,EESM-MPC-ECBF,26,2.600,-0.894159,-0.288719,0.466068,-0.537150,-0.856133,0.700000,0.080000,-0.500000,0.000000,child,approaching,distracted,1.263441,1.000000,0.625000,1.636245,1.036245,0.000000,0.000000,0.000000,0.000000,0.533931,0.533931,0.000000,1.036245,0.502314,0.502314,0.502314,0.000460,horizon_mpc_secbf,12,0.000307,true,osqp,optimal,250,4.425766,0,-0.383125,geometric,false,0.746756,0.069680,0.527817,-0.512463,,,0.735669,0.066500,1.488752,3.107600
head_on,context_ext,EESM-MPC-ECBF,27,2.700,-0.841377,-0.339965,0.527817,-0.512463,-0.770640,0.650000,0.080000,-0.500000,0.000000,child,approaching,distracted,1.116346,1.000000,0.625000,1.549380,0.949380,0.000000,0.000000,0.000000,0.000000,0.508078,0.508078,0.000000,0.949380,0.441302,0.441302,0.441302,0.000487,horizon_mpc_secbf,12,0.000307,true,osqp,optimal,200,5.702310,0,-0.424645,geometric,false,0.745358,0.083316,0.540787,-0.499496,,,0.736170,0.018340,1.562369,3.060319
head_on,context_ext,EESM-MPC-ECBF,28,2.800,-0.787299,-0.389915,0.540787,-0.499496,-0.745727,0.600000,0.080000,-0.500000,0.000000,child,approaching,distracted,1.047489,1.000000,0.625000,1.464724,0.864724,0.000000,0.000000,0.000000,0.000000,0.435245,0.435245,0.000000,0.864724,0.429479,0.429479,0.429479,0.000198,horizon_mpc_secbf,12,0.000214,true,osqp,optimal,175,5.672757,0,-0.450654,geometric,false,0.743692,0.097070,0.584012,-0.456269,,,0.741115,0.061131,1.636480,3.012638
head_on,context_ext,EESM-MPC-ECBF,29,2.900,-0.728898,-0.435541,0.584012,-0.456269,-0.663213,0.550000,0.080000,-0.500000,0.000000,child,approaching,distracted,0.933028,1.000000,0.625000,1.378899,0.778899,0.000000,0.000000,0.000000,0.000000,0.387740,0.387740,0.000000,0.778899,0.391158,0.391158,0.391158,0.000163,horizon_mpc_secbf,12,-0.000077,true,osqp,optimal,125,5.774906,0,-0.483641,geometric,false,0.741843,0.110316,0.614868,-0.425410,,,0.747687,0.043639,1.711249,2.961104
head_on,context_ext,EESM-MPC-ECBF,30,3.000,-0.667411,-0.478082,0.614868,-0.425410,-0.605250,0.500000,0.080000,-0.500000,0.000000,child,approaching,distracted,0.843848,1.000000,0.625000,1.293949,0.693949,0.000000,0.000000,0.000000,0.000000,0.309054,0.309054,0.000000,0.693949,0.384895,0.384895,0.384895,0.000222,horizon_mpc_secbf,12,0.000152,true,osqp,optimal,225,6.397534,0,-0.509298,geometric,false,0.739788,0.123345,0.654684,-0.341641,,,0.738464,0.092750,1.785095,2.906993
head_on,context_ext,EESM-MPC-ECBF,31,3.100,-0.601942,-0.512246,0.654684,-0.341641,-0.480967,0.450000,0.080000,-0.500000,0.000000,child,approaching,distracted,0.724092,1.000000,0.625000,1.207203,0.607203,0.000000,0.000000,0.000000,0.000000,0.267681,0.267681,0.000000,0.607203,0.339522,0.339522,0.339522,0.000164,horizon_mpc_secbf,12,0.000000,true,osqp,optimal,75,4.948917,0,-0.540101,geometric,false,0.737772,0.134878,0.674728,-0.293232,,,0.735692,0.052395,1.858664,2.848382
head_on,context_ext,EESM-MPC-ECBF,32,3.200,-0.534470,-0.541570,0.674728,-0.293232,-0.409967,0.400000,0.080000,-0.500000,0.000000,child,approaching,distracted,0.640312,1.000000,0.625000,1.122311,0.522311,0.000000,0.000000,0.000000,0.000000,0.176486,0.176486,0.000000,0.522311,0.345825,0.345825,0.345825,0.000073,horizon_mpc_secbf,12,-0.000006,true,osqp,optimal,75,5.362423,0,-0.570310,geometric,false,0.735710,0.145709,0.721055,-0.181425,,,0.743529,0.121025,1.933017,2.787584
head_on,context_ext,EESM-MPC-ECBF,33,3.300,-0.462364,-0.559712,0.721055,-0.181425,-0.246494,0.350000,0.080000,-0.500000,0.000000,child,approaching,distracted,0.512357,1.000000,0.625000,1.034005,0.434005,0.000000,0.000000,0.000000,0.000000,0.116784,0.116784,0.000000,0.434005,0.317221,0.317221,0.317221,0.000000,horizon_mpc_secbf,12,0.005941,true,osqp,optimal,50,5.561951,0,-0.591587,geometric,false,0.733956,0.154300,0.735582,-0.100092,,,0.742360,0.082620,2.007253,2.720563
head_on,context_ext,EESM-MPC-ECBF,34,3.400,-0.388806,-0.569721,0.735582,-0.100092,-0.135241,0.300000,0.080000,-0.500000,0.000000,child,approaching,distracted,0.417865,1.000000,0.625000,0.946885,0.346885,0.000000,0.000000,0.000000,0.000000,0.018886,0.018886,0.000000,0.346885,0.328000,0.328000,0.328000,0.000000,horizon_mpc_secbf,12,0.098342,true,osqp,optimal,75,5.422020,0,-0.504697,geometric,false,0.732472,0.161196,0.735586,-0.096366,,,0.741871,0.003726,2.081440,2.650754
head_on,context_ext,EESM-MPC-ECBF,35,3.500,-0.315247,-0.579358,0.735586,-0.096366,-0.130264,0.250000,0.080000,-0.500000,0.000000,child,approaching,distracted,0.367270,1.000000,0.625000,0.868480,0.268480,0.000000,0.000000,0.000000,0.000000,0.000000,0.000000,0.000000,0.268480,0.410184,0.410184,0.268480,0.000000,horizon_mpc_secbf,12,0.112624,true,osqp,optimal,100,4.873391,0,-0.457441,geometric,false,0.730862,0.168346,0.735589,-0.103078,,,0.742776,0.006712,2.155718,2.581109
head_on,context_ext,EESM-MPC-ECBF,36,3.600,-0.241688,-0.589666,0.735589,-0.103078,-0.139223,0.200000,0.080000,-0.500000,0.000000,child,approaching,distracted,0.340274,1.000000,0.625000,0.802210,0.202210,0.000000,0.000000,0.000000,0.000000,0.000000,0.000000,0.000000,0.202210,0.507886,0.507886,0.202210,0.000000,horizon_mpc_secbf,12,0.108895,true,osqp,optimal,100,5.127474,0,-0.388148,geometric,false,0.729042,0.176063,0.735589,-0.107748,,,0.743439,0.004670,2.230062,2.511881
head_on,context_ext,EESM-MPC-ECBF,37,3.700,-0.168130,-0.600440,0.735589,-0.107748,-0.145444,0.150000,0.080000,-0.500000,0.000000,child,approaching,distracted,0.355027,1.000000,0.625000,0.751136,0.151136,0.000000,0.000000,0.000000,0.000000,0.000000,0.000000,0.000000,0.151136,0.609534,0.609534,0.151136,0.000000,horizon_mpc_secbf,12,0.106297,true,osqp,optimal,100,3.893701,0,-0.274593,geometric,false,0.726995,0.184330,0.735592,-0.107721,,,0.743437,0.000027,2.304406,2.443065
head_on,context_ext,EESM-MPC-ECBF,38,3.800,-0.094570,-0.611213,0.735592,-0.107721,-0.145408,0.100000,0.080000,-0.500000,0.000000,child,approaching,distracted,0.510916,1.000000,0.625000,0.718075,0.118075,0.000000,0.000000,0.000000,0.000000,0.000000,0.000000,0.000000,0.118075,0.712258,0.712258,0.118075,0.000000,horizon_mpc_secbf,12,0.105026,true,osqp,optimal,100,3.880833,0,-0.118263,geometric,false,0.724729,0.193049,0.735595,-0.102286,,,0.742673,0.005436,2.378673,2.374581
head_on,context_ext,EESM-MPC-ECBF,39,3.900,-0.021011,-0.621441,0.735595,-0.102286,-0.138165,0.050000,0.080000,-0.500000,0.000000,child,approaching,distracted,4.629805,1.000000,0.625000,0.705026,0.105026,0.000000,0.000000,0.000000,0.000000,0.000000,0.000000,0.000000,0.105026,0.815003,0.815003,0.105026,0.000000,horizon_mpc_secbf,12,0.112518,true,osqp,optimal,100,4.873728,0,0.071477,geometric,false,0.722260,0.202089,0.735598,-0.091365,,,0.741250,0.010920,2.452798,2.306313
head_on,context_ext,EESM-MPC-ECBF,40,4.000,0.052549,-0.630578,0.735598,-0.091365,-0.123573,0.000000,0.080000,-0.500000,0.000000,child,approaching,distracted,,0.000000,0.625000,0.712518,0.112518,0.000000,0.000000,0.000000,0.000000,0.000000,0.000000,0.000000,0.112518,0.112518,0.112518,0.112518,0.000000,horizon_mpc_secbf,12,0.139387,true,osqp,optimal,125,4.439022,0,0.278743,geometric,false,0.719617,0.211308,0.735585,-0.075304,,,0.739430,0.016061,2.526741,2.238118
head_on,context_ext,EESM-MPC-ECBF,41,4.100,0.126107,-0.638108,0.735585,-0.075304,-0.102018,-0.050000,0.080000,-0.500000,0.000000,child,approaching,distracted,,0.000000,0.625000,0.739387,0.139387,0.000000,0.000000,0.000000,0.000000,0.000000,0.000000,0.000000,0.139387,0.139387,0.139387,0.139387,0.000000,horizon_mpc_secbf,12,0.183183,true,osqp,optimal,125,3.843120,0,0.486878,geometric,false,0.716835,0.220560,0.735580,-0.054777,,,0.737617,0.020528,2.600503,2.169842
head_on,context_ext,EESM-MPC-ECBF,42,4.200,0.199665,-0.643586,0.735580,-0.054777,-0.074330,-0.100000,0.080000,-0.500000,0.000000,child,approaching,distracted,,0.000000,0.625000,0.783183,0.183183,0.000000,0.000000,0.000000,0.000000,0.000000,0.000000,0.000000,0.183183,0.183183,0.183183,0.183183,0.000000,horizon_mpc_secbf,12,0.240910,true,osqp,optimal,125,3.786504,0,0.684202,geometric,false,0.713957,0.229708,0.735590,-0.030578,,,0.736225,0.024199,2.674125,2.101319
head_on,context_ext,EESM-MPC-ECBF,43,4.300,0.273224,-0.646643,0.735590,-0.030578,-0.041545,-0.150000,0.080000,-0.500000,0.000000,child,approaching,distracted,,0.000000,0.625000,0.840910,0.240910,0.000000,0.000000,0.000000,0.000000,0.000000,0.000000,0.000000,0.240910,0.240910,0.240910,0.240910,0.000000,horizon_mpc_secbf,12,0.309666,true,osqp,optimal,100,4.527515,0,0.865799,geometric,false,0.711026,0.238627,0.735580,-0.003507,,,0.735588,0.027071,2.747684,2.032391
head_on,context_ext,EESM-MPC-ECBF,44,4.400,0.346782,-0.646994,0.735580,-0.003507,-0.004767,-0.200000,0.080000,-0.500000,0.000000,child,approaching,distracted,,0.000000,0.625000,0.909666,0.309666,0.000000,0.000000,0.000000,0.000000,0.000000,0.000000,0.000000,0.309666,0.309666,0.309666,0.309666,0.000000,horizon_mpc_secbf,12,0.386986,true,osqp,optimal,100,3.884228,0,1.031777,geometric,false,0.708088,0.247207,0.735584,0.025744,,,0.736035,0.029251,2.821287,1.962910
head_on,context_ext,EESM-MPC-ECBF,45,4.500,0.420341,-0.644420,0.735584,0.025744,0.034984,-0.250000,0.080000,-0.500000,0.000000,child,approaching,distracted,,0.000000,0.625000,0.986986,0.386986,0.000000,0.000000,0.000000,0.000000,0.000000,0.000000,0.000000,0.386986,0.386986,0.386986,0.386986,0.000000,horizon_mpc_secbf,12,0.470933,true,osqp,optimal,100,3.715213,0,1.184656,geometric,false,0.705192,0.255352,0.735587,0.056562,,,0.737758,0.030818,2.895063,1.892740
head_on,context_ext,EESM-MPC-ECBF,46,4.600,0.493900,-0.638764,0.735587,0.056562,0.076743,-0.300000,0.080000,-0.500000,0.000000,child,approaching,distracted,,0.000000,0.625000,1.070933,0.470933,0.000000,0.000000,0.000000,0.000000,0.000000,0.000000,0.000000,0.470933,0.470933,0.470933,0.470933,0.000000,horizon_mpc_secbf,12,0.560050,true,osqp,optimal,100,3.627809,0,1.327538,geometric,false,0.702385,0.262973,0.735586,0.088436,,,0.740883,0.031874,2.969151,1.821757
head_on,context_ext,EESM-MPC-ECBF,47,4.700,0.567458,-0.629920,0.735586,0.088436,0.119650,-0.350000,0.080000,-0.500000,0.000000,child,approaching,distracted,,0.000000,0.625000,1.160050,0.560050,0.000000,0.000000,0.000000,0.000000,0.000000,0.000000,0.000000,0.560050,0.560050,0.560050,0.560050,0.000000,horizon_mpc_secbf,12,0.653269,true,osqp,optimal,100,4.883784,0,1.463264,geometric,false,0.699719,0.269988,0.735589,0.120898,,,0.745458,0.032462,3.043697,1.749855
head_on,context_ext,EESM-MPC-ECBF,48,4.800,0.641017,-0.617830,0.735589,0.120898,0.162899,-0.400000,0.080000,-0.500000,0.000000,child,approaching,distracted,,0.000000,0.625000,1.253269,0.653269,0.000000,0.000000,0.000000,0.000000,0.000000,0.000000,0.000000,0.653269,0.653269,0.653269,0.653269,0.000000,horizon_mpc_secbf,12,0.749535,true,osqp,optimal,75,3.829894,0,1.591393,geometric,false,0.697243,0.276320,0.732186,0.153339,,,0.748070,0.032620,3.118504,1.676944
head_on,context_ext,EESM-MPC-ECBF,49,4.900,0.714236,-0.602496,0.732186,0.153339,0.206443,-0.450000,0.080000,-0.500000,0.000000,child,approaching,distracted,,0.000000,0.625000,1.349535,0.749535,0.000000,0.000000,0.000000,0.000000,0.000000,0.000000,0.000000,0.749535,0.749535,0.749535,0.749535,0.000000,horizon_mpc_secbf,12,0.847575,true,osqp,optimal,100,4.064041,0,1.709145,geometric,false,0.695028,0.281843,0.720073,0.183774,,,0.743154,0.032756,3.192820,1.603277
head_on,context_ext,EESM-MPC-ECBF,50,5.000,0.786243,-0.584119,0.720073,0.183774,0.249882,-0.500000,0.080000,-0.500000,0.000000,child,approaching,distracted,,0.000000,0.625000,1.447575,0.847575,0.000000,0.000000,0.000000,0.000000,0.000000,0.000000,0.000000,0.847575,0.847575,0.847575,0.847575,0.000000,horizon_mpc_secbf,12,0.946846,true,osqp,optimal,100,4.665323,0,1.822373,geometric,false,0.693166,0.286394,0.707556,0.213994,,,0.739208,0.032710,3.266741,1.529674
head_on,context_ext,EESM-MPC-ECBF,51,5.100,0.856999,-0.562719,0.707556,0.213994,0.293695,-0.550000,0.080000,-0.500000,0.000000,child,approaching,distracted,,0.000000,0.625000,1.546846,0.946846,0.000000,0.000000,0.000000,0.000000,0.000000,0.000000,0.000000,0.946846,0.946846,0.946846,0.946846,0.000000,horizon_mpc_secbf,12,1.047032,true,osqp,optimal,100,5.034159,0,1.933043,geometric,false,0.691733,0.289837,0.695390,0.243367,,,0.736746,0.031792,3.340415,1.456127
head_on,context_ext,EESM-MPC-ECBF,52,5.200,0.926538,-0.538383,0.695390,0.243367,0.336650,-0.600000,0.080000,-0.500000,0.000000,child,approaching,distracted,,0.000000,0.625000,1.647032,1.047032,0.000000,0.000000,0.000000,0.000000,0.000000,0.000000,0.000000,1.047032,1.047032,1.047032,1.047032,0.000000,horizon_mpc_secbf,12,1.148050,true,osqp,optimal,100,4.247306,0,2.043400,geometric,false,0.690801,0.292051,0.684373,0.269964,,,0.735695,0.028788,3.413985,1.382593
head_on,context_ext,EESM-MPC-ECBF,53,5.300,0.994975,-0.511386,0.684373,0.269964,0.375729,-0.650000,0.080000,-0.500000,0.000000,child,approaching,distracted,,0.000000,0.625000,1.748050,1.148050,0.000000,0.000000,0.000000,0.000000,0.000000,0.000000,0.000000,1.148050,1.148050,1.148050,1.148050,0.000000,horizon_mpc_secbf,12,1.250514,true,osqp,optimal,100,5.431875,0,2.160683,geometric,false,0.690403,0.292992,0.678360,0.284483,,,0.735597,0.015715,3.487544,1.309046
head_on,context_ext,EESM-MPC-ECBF,54,5.400,1.062811,-0.482938,0.678360,0.284483,0.397091,-0.700000,0.080000,-0.500000,0.000000,child,approaching,distracted,,0.000000,0.625000,1.850514,1.250514,0.000000,0.000000,0.000000,0.000000,0.000000,0.000000,0.000000,1.250514,1.250514,1.250514,1.250514,0.000000,horizon_mpc_secbf,12,1.354947,true,osqp,optimal,100,5.507804,0,2.284643,geometric,false,0.690328,0.293167,0.677268,0.287119,,,0.735615,0.002854,3.561106,1.235487
head_on,context_ext,EESM-MPC-ECBF,55,5.500,1.130538,-0.454226,0.677268,0.287119,0.400970,-0.750000,0.080000,-0.500000,0.000000,child,approaching,distracted,,0.000000,0.625000,1.954947,1.354947,0.000000,0.000000,0.000000,0.000000,0.000000,0.000000,0.000000,1.354947,1.354947,1.354947,1.354947,0.000000,horizon_mpc_secbf,12,1.461184,true,osqp,optimal,100,5.130607,0,2.408626,geometric,false,0.690317,0.293194,0.677072,0.287595,,,0.735620,0.000514,3.634668,1.161926
head_on,context_ext,EESM-MPC-ECBF,56,5.600,1.198245,-0.425467,0.677072,0.287595,0.401669,-0.800000,0.080000,-0.500000,0.000000,child,approaching,distracted,,0.000000,0.625000,2.061184,1.461184,0.000000,0.000000,0.000000,0.000000,0.000000,0.000000,0.000000,1.461184,1.461184,1.461184,1.461184,0.000000,horizon_mpc_secbf,12,1.568982,true,osqp,optimal,100,5.452198,0,2.531734,geometric,false,0.690317,0.293192,0.677039,0.287675,,,0.735621,0.000087,3.708230,1.088364
head_on,context_ext,EESM-MPC-ECBF,57,5.700,1.265949,-0.396699,0.677039,0.287675,0.401788,-0.850000,0.080000,-0.500000,0.000000,child,approaching,distracted,,0.000000,0.625000,2.168982,1.568982,0.000000,0.000000,0.000000,0.000000,0.000000,0.000000,0.000000,1.568982,1.568982,1.568982,1.568982,0.000000,horizon_mpc_secbf,12,1.678123,true,osqp,optimal,100,5.677722,0,2.654011,geometric,false,0.690321,0.293185,0.677036,0.287683,,,0.735621,0.000008,3.781792,1.014801
head_on,context_ext,EESM-MPC-ECBF,58,5.800,1.333652,-0.367931,0.677036,0.287683,0.401799,-0.900000,0.080000,-0.500000,0.000000,child,approaching,distracted,,0.000000,0.625000,2.278123,1.678123,0.000000,0.000000,0.000000,0.000000,0.000000,0.000000,0.000000,1.678123,1.678123,1.678123,1.678123,0.000000,horizon_mpc_secbf,12,1.788425,true,osqp,optimal,100,5.412538,0,2.775622,geometric,false,0.690325,0.293175,0.677039,0.287676,,,0.735622,0.000007,3.855354,0.941239
head_on,context_ext,EESM-MPC-ECBF,59,5.900,1.401356,-0.339163,0.677039,0.287676,0.401789,-0.950000,0.080000,-0.500000,0.000000,child,approaching,distracted,,0.000000,0.625000,2.388425,1.788425,0.000000,0.000000,0.000000,0.000000,0.000000,0.000000,0.000000,1.788425,1.788425,1.788425,1.788425,0.000000,horizon_mpc_secbf,12,1.899734,true,osqp,optimal,100,5.685448,0,2.896716,geometric,false,0.690329,0.293165,0.677043,0.287667,,,0.735622,0.000011,3.928916,0.867677
head_on,context_ext,EESM-MPC-ECBF,60,6.000,1.469061,-0.310397,0.677043,0.287667,0.401775,-1.000000,0.080000,-0.500000,0.000000,child,approaching,distracted,,0.000000,0.625000,2.499734,1.899734,0.000000,0.000000,0.000000,0.000000,0.000000,0.000000,0.000000,1.899734,1.899734,1.899734,1.899734,0.000000,horizon_mpc_secbf,12,2.011921,true,osqp,optimal,100,5.648840,0,3.017414,geometric,false,0.690334,0.293153,0.677048,0.287656,,,0.735622,0.000012,4.002479,0.794115
head_on,context_ext,EESM-MPC-ECBF,61,6.100,1.536765,-0.281631,0.677048,0.287656,0.401758,-1.050000,0.080000,-0.500000,0.000000,child,approaching,distracted,,0.000000,0.625000,2.611921,2.011921,0.000000,0.000000,0.000000,0.000000,0.000000,0.000000,0.000000,2.011921,2.011921,2.011921,2.011921,0.000000,horizon_mpc_secbf,12,2.124878,true,osqp,optimal,100,5.396826,0,3.137813,geometric,false,0.690339,0.293141,0.677054,0.287643,,,0.735623,0.000013,4.076041,0.720553
head_on,context_ext,EESM-MPC-ECBF,62,6.200,1.604471,-0.252867,0.677054,0.287643,0.401740,-1.100000,0.080000,-0.500000,0.000000,child,approaching,distracted,,0.000000,0.625000,2.724878,2.124878,0.000000,0.000000,0.000000,0.000000,0.000000,0.000000,0.000000,2.124878,2.124878,2.124878,2.124878,0.000000,horizon_mpc_secbf,12,2.238514,true,osqp,optimal,100,5.913900,0,3.257987,geometric,false,0.690345,0.293127,0.677060,0.287629,,,0.735623,0.000015,4.149603,0.646990
head_on,context_ext,EESM-MPC-ECBF,63,6.300,1.672177,-0.224104,0.677060,0.287629,0.401719,-1.150000,0.080000,-0.500000,0.000000,child,approaching,distracted,,0.000000,0.625000,2.838514,2.238514,0.000000,0.000000,0.000000,0.000000,0.000000,0.000000,0.000000,2.238514,2.238514,2.238514,2.238514,0.000000,horizon_mpc_secbf,12,2.352749,true,osqp,optimal,100,5.539820,0,3.377992,geometric,false,0.690352,0.293111,0.677067,0.287614,,,0.735623,0.000017,4.223166,0.573428
head_on,context_ext,EESM-MPC-ECBF,64,6.400,1.739883,-0.195342,0.677067,0.287614,0.401696,-1.200000,0.080000,-0.500000,0.000000,child,approaching,distracted,,0.000000,0.625000,2.952749,2.352749,0.000000,0.000000,0.000000,0.000000,0.000000,0.000000,0.000000,2.352749,2.352749,2.352749,2.352749,0.000000,horizon_mpc_secbf,12,2.467518,true,osqp,optimal,100,3.806908,0,3.497877,geometric,false,0.690360,0.293092,0.677074,0.287596,,,0.735623,0.000019,4.296728,0.499866
head_on,context_ext,EESM-MPC-ECBF,65,6.500,1.807591,-0.166583,0.677074,0.287596,0.401670,-1.250000,0.080000,-0.500000,0.000000,child,approaching,distracted,,0.000000,0.625000,3.067518,2.467518,0.000000,0.000000,0.000000,0.000000,0.000000,0.000000,0.000000,2.467518,2.467518,2.467518,2.467518,0.000000,horizon_mpc_secbf,12,2.582762,true,osqp,optimal,100,3.893974,0,3.617675,geometric,false,0.690369,0.293071,0.677083,0.287575,,,0.735623,0.000023,4.370290,0.426304
head_on,context_ext,EESM-MPC-ECBF,66,6.600,1.875299,-0.137825,0.677083,0.287575,0.401639,-1.300000,0.080000,-0.500000,0.000000,child,approaching,distracted,,0.000000,0.625000,3.182762,2.582762,0.000000,0.000000,0.000000,0.000000,0.000000,0.000000,0.000000,2.582762,2.582762,2.582762,2.582762,0.000000,horizon_mpc_secbf,12,2.698432,true,osqp,optimal,100,4.572944,0,3.737416,geometric,false,0.690380,0.293045,0.677094,0.287550,,,0.735623,0.000027,4.443852,0.352741
head_on,context_ext,EESM-MPC-ECBF,67,6.700,1.943009,-0.109070,0.677094,0.287550,0.401602,-1.350000,0.080000,-0.500000,0.000000,child,approaching,distracted,,0.000000,0.625000,3.298432,2.698432,0.000000,0.000000,0.000000,0.000000,0.000000,0.000000,0.000000,2.698432,2.698432,2.698432,2.698432,0.000000,horizon_mpc_secbf,12,2.814485,true,osqp,optimal,100,3.737301,0,3.857123,geometric,false,0.690394,0.293012,0.677108,0.287519,,,0.735623,0.000034,4.517415,0.279179
head_on,context_ext,EESM-MPC-ECBF,68,6.800,2.010719,-0.080318,0.677108,0.287519,0.401555,-1.400000,0.080000,-0.500000,0.000000,child,approaching,distracted,,0.000000,0.625000,3.414485,2.814485,0.000000,0.000000,0.000000,0.000000,0.000000,0.000000,0.000000,2.814485,2.814485,2.814485,2.814485,0.000000,horizon_mpc_secbf,12,2.930884,true,osqp,optimal,100,3.999397,0,3.976815,geometric,false,0.690413,0.292966,0.677126,0.287476,,,0.735623,0.000046,4.590977,0.205617
head_on,context_ext,EESM-MPC-ECBF,69,6.900,2.078432,-0.051571,0.677126,0.287476,0.401492,-1.450000,0.080000,-0.500000,0.000000,child,approaching,distracted,,0.000000,0.625000,3.530884,2.930884,0.000000,0.000000,0.000000,0.000000,0.000000,0.000000,0.000000,2.930884,2.930884,2.930884,2.930884,0.000000,horizon_mpc_secbf,12,3.047597,true,osqp,optimal,100,3.827843,0,4.096510,geometric,false,0.690444,0.292895,0.677153,0.287409,,,0.735623,0.000072,4.664539,0.132054
head_on,context_ext,EESM-MPC-ECBF,70,7.000,2.146147,-0.022830,0.677153,0.287409,0.401394,-1.500000,0.080000,-0.500000,0.000000,child,approaching,distracted,,0.000000,0.625000,3.647597,3.047597,0.000000,0.000000,0.000000,0.000000,0.000000,0.000000,0.000000,3.047597,3.047597,3.047597,3.047597,0.000000,horizon_mpc_secbf,12,3.153210,true,osqp,optimal,75,3.772745,0,4.102765,geometric,false,0.538527,0.228298,0.562312,0.238440,,,0.610777,0.124846,4.725617,0.058492
head_on,context_ext,EESM-MPC-ECBF,71,7.100,2.202378,0.001014,0.562312,0.238440,0.401054,-1.550000,0.080000,-0.500000,0.000000,child,approaching,distracted,,0.000000,0.625000,3.753210,3.153210,0.000000,0.000000,0.000000,0.000000,0.000000,0.000000,0.000000,3.153210,3.153210,3.153210,3.153210,0.000000,horizon_mpc_secbf,12,3.203207,true,osqp,optimal,75,3.706318,0,3.653186,geometric,false,-0.023784,-0.010142,0.000083,-0.000193,,,0.000210,0.610776,4.725638,0.002586
head_on,context_ext,EESM-MPC-ECBF,72,7.200,2.202387,0.000995,0.000083,-0.000193,-1.167218,-1.600000,0.080000,-0.500000,0.000000,child,approaching,distracted,,0.000000,0.625000,3.803207,3.203207,0.000000,0.000000,0.000000,0.000000,0.000000,0.000000,0.000000,3.203207,3.203207,3.203207,3.203207,0.000000,horizon_mpc_secbf,12,3.251238,true,osqp,optimal,75,3.679909,0,3.683518,geometric,false,-0.023867,-0.009948,-0.019758,-0.008275,,,0.021421,0.021423,4.727780,0.002586
head_on,context_ext,EESM-MPC-ECBF,73,7.300,2.200411,0.000167,-0.019758,-0.008275,-2.744981,-1.650000,0.080000,-0.500000,0.000000,child,approaching,distracted,,0.000000,0.625000,3.851238,3.251238,0.000000,0.000000,0.000000,0.000000,0.000000,0.000000,0.000000,3.251238,3.251238,3.251238,3.251238,0.000000,horizon_mpc_secbf,12,3.300555,true,osqp,optimal,50,3.855778,0,3.744399,geometric,false,-0.004109,-0.001674,-0.006791,-0.002806,,,0.007348,0.014073,4.728515,0.000444
head_on,context_ext,EESM-MPC-ECBF,74,7.400,2.199732,-0.000113,-0.006791,-0.002806,-2.749745,-1.700000,0.080000,-0.500000,0.000000,child,approaching,distracted,,0.000000,0.625000,3.900555,3.300555,0.000000,0.000000,0.000000,0.000000,0.000000,0.000000,0.000000,3.300555,3.300555,3.300555,3.300555,0.000000,horizon_mpc_secbf,12,3.350649,true,osqp,optimal,50,4.272343,0,3.801495,geometric,false,0.002682,0.001133,0.001055,0.000457,,,0.001150,0.008498,4.728630,0.000291
head_on,context_ext,EESM-MPC-ECBF,75,7.500,2.199837,-0.000068,0.001055,0.000457,0.408500,-1.750000,0.080000,-0.500000,0.000000,child,approaching,distracted,,0.000000,0.625000,3.950649,3.350649,0.000000,0.000000,0.000000,0.000000,0.000000,0.000000,0.000000,3.350649,3.350649,3.350649,3.350649,0.000000,horizon_mpc_secbf,12,3.400790,true,osqp,optimal,50,3.608230,0,3.852061,geometric,false,0.001627,0.000676,0.001528,0.000638,,,0.001656,0.000506,4.728796,0.000176
head_on,context_ext,EESM-MPC-ECBF,76,7.600,2.199990,-0.000004,0.001528,0.000638,0.395701,-1.800000,0.080000,-0.500000,0.000000,child,approaching,distracted,,0.000000,0.625000,4.000790,3.400790,0.000000,0.000000,0.000000,0.000000,0.000000,0.000000,0.000000,3.400790,3.400790,3.400790,3.400790,0.000000,horizon_mpc_secbf,12,3.450814,true,osqp,optimal,25,3.462176,0,3.901028,geometric,false,0.000099,0.000038,0.000341,0.000141,,,0.000369,0.001287,4.728832,0.000011
head_on,context_ext,EESM-MPC-ECBF,77,7.700,2.200024,0.000010,0.000341,0.000141,0.391475,-1.850000,0.080000,-0.500000,0.000000,child,approaching,distracted,,0.000000,0.625000,4.050814,3.450814,0.000000,0.000000,0.000000,0.000000,0.000000,0.000000,0.000000,3.450814,3.450814,3.450814,3.450814,0.000000,horizon_mpc_secbf,12,3.500791,true,osqp,optimal,25,3.449027,0,3.950582,geometric,false,-0.000242,-0.000103,-0.000136,-0.000061,,,0.000149,0.000518,4.728847,0.000026
head_on,context_ext,EESM-MPC-ECBF,78,7.800,2.200011,0.000004,-0.000136,-0.000061,-2.718075,-1.900000,0.080000,-0.500000,0.000000,child,approaching,distracted,,0.000000,0.625000,4.100791,3.500791,0.000000,0.000000,0.000000,0.000000,0.000000,0.000000,0.000000,3.500791,3.500791,3.500791,3.500791,0.000000,horizon_mpc_secbf,12,3.550771,true,osqp,optimal,25,5.286532,0,4.000588,geometric,false,-0.000106,-0.000042,-0.000108,-0.000045,,,0.000117,0.000032,4.728859,0.000011
head_on,context_ext,EESM-MPC-ECBF,79,7.900,2.200000,-0.000000,-0.000108,-0.000045,-2.746274,-1.950000,0.080000,-0.500000,0.000000,child,approaching,distracted,,0.000000,0.625000,4.150771,3.550771,0.000000,0.000000,0.000000,0.000000,0.000000,0.000000,0.000000,3.550771,3.550771,3.550771,3.550771,0.000000,horizon_mpc_secbf,12,3.600761,true,osqp,optimal,25,5.253203,0,4.050670,geometric,false,0.000003,0.000003,-0.000008,0.000006,,,0.000010,0.000112,4.728860,0.000000
head_on,context_ext,EESM-MPC-ECBF,80,8.000,2.199999,0.000000,-0.000008,0.000006,2.496650,-2.000000,0.080000,-0.500000,0.000000,child,approaching,distracted,,0.000000,0.625000,4.200761,3.600761,0.000000,0.000000,0.000000,0.000000,0.000000,0.000000,0.000000,3.600761,3.600761,3.600761,3.600761,0.000000,horizon_mpc_secbf,12,3.650753,true,osqp,optimal,25,4.415344,0,4.100677,geometric,false,0.000011,-0.000003,0.000007,-0.000001,,,0.000007,0.000017,4.728861,0.000001
head_on,context_ext,EESM-MPC-ECBF,81,8.100,2.200000,0.000000,0.000007,-0.000001,-0.169237,-2.050000,0.080000,-0.500000,0.000000,child,approaching,distracted,,0.000000,0.625000,4.250753,3.650753,0.000000,0.000000,0.000000,0.000000,0.000000,0.000000,0.000000,3.650753,3.650753,3.650753,3.650753,0.000000,horizon_mpc_secbf,12,3.700744,true,osqp,optimal,25,5.646852,0,4.150668,geometric,false,0.000004,-0.000002,0.000004,-0.000001,,,0.000004,0.000003,4.728861,0.000000
head_on,context_ext,EESM-MPC-ECBF,82,8.200,2.200000,0.000000,0.000004,-0.000001,-0.351052,-2.100000,0.080000,-0.500000,0.000000,child,approaching,distracted,,0.000000,0.625000,4.300744,3.700744,0.000000,0.000000,0.000000,0.000000,0.000000,0.000000,0.000000,3.700744,3.700744,3.700744,3.700744,0.000000,horizon_mpc_secbf,12,3.750736,true,osqp,optimal,25,3.964509,0,4.200658,geometric,false,-0.000001,-0.000000,0.000000,-0.000000,,,0.000000,0.000004,4.728861,0.000000
head_on,context_ext,EESM-MPC-ECBF,83,8.300,2.200000,-0.000000,0.000000,-0.000000,-1.550310,-2.150000,0.080000,-0.500000,0.000000,child,approaching,distracted,,0.000000,0.625000,4.350736,3.750736,0.000000,0.000000,0.000000,0.000000,0.000000,0.000000,0.000000,3.750736,3.750736,3.750736,3.750736,0.000000,horizon_mpc_secbf,12,3.800727,true,osqp,optimal,25,5.389708,0,4.250651,geometric,false,-0.000001,0.000000,-0.000000,0.000000,,,0.000000,0.000001,4.728861,0.000000
head_on,context_ext,EESM-MPC-ECBF,84,8.400,2.200000,-0.000000,-0.000000,0.000000,2.779535,-2.200000,0.080000,-0.500000,0.000000,child,approaching,distracted,,0.000000,0.625000,4.400727,3.800727,0.000000,0.000000,0.000000,0.000000,0.000000,0.000000,0.000000,3.800727,3.800727,3.800727,3.800727,0.000000,horizon_mpc_secbf,12,3.850719,true,osqp,optimal,25,3.582201,0,4.300644,geometric,false,-0.000000,0.000000,-0.000000,0.000000,,,0.000000,0.000000,4.728861,0.000000
head_on,context_ext,EESM-MPC-ECBF,85,8.500,2.200000,0.000000,-0.000000,0.000000,2.535834,-2.250000,0.080000,-0.500000,0.000000,child,approaching,distracted,,0.000000,0.625000,4.450719,3.850719,0.000000,0.000000,0.000000,0.000000,0.000000,0.000000,0.000000,3.850719,3.850719,3.850719,3.850719,0.000000,horizon_mpc_secbf,12,3.900711,true,osqp,optimal,25,4.833972,0,4.350638,geometric,false,0.000000,-0.000000,0.000000,0.000000,,,0.000000,0.000000,4.728861,0.000000
head_on,context_ext,EESM-MPC-ECBF,86,8.600,2.200000,0.000000,0.000000,0.000000,0.583686,-2.300000,0.080000,-0.500000,0.000000,child,approaching,distracted,,0.000000,0.625000,4.500711,3.900711,0.000000,0.000000,0.000000,0.000000,0.000000,0.000000,0.000000,3.900711,3.900711,3.900711,3.900711,0.000000,horizon_mpc_secbf,12,3.950703,true,osqp,optimal,25,3.355753,0,4.400632,geometric,false,0.000000,-0.000000,0.000000,-0.000000,,,0.000000,0.000000,4.728861,0.000000
head_on,context_ext,EESM-MPC-ECBF,87,8.700,2.200000,0.000000,0.000000,-0.000000,-0.442894,-2.350000,0.080000,-0.500000,0.000000,child,approaching,distracted,,0.000000,0.625000,4.550703,3.950703,0.000000,0.000000,0.000000,0.000000,0.000000,0.000000,0.000000,3.950703,3.950703,3.950703,3.950703,0.000000,horizon_mpc_secbf,12,4.000696,true,osqp,optimal,25,3.324799,0,4.450626,geometric,false,0.000000,0.000000,0.000000,-0.000000,,,0.000000,0.000000,4.728861,0.000000
head_on,context_ext,EESM-MPC-ECBF,88,8.800,2.200000,0.000000,0.000000,-0.000000,-0.440816,-2.400000,0.080000,-0.500000,0.000000,child,approaching,distracted,,0.000000,0.625000,4.600696,4.000696,0.000000,0.000000,0.000000,0.000000,0.000000,0.000000,0.000000,4.000696,4.000696,4.000696,4.000696,0.000000,horizon_mpc_secbf,12,4.050688,true,osqp,optimal,25,3.528408,0,4.500620,geometric,false,0.000000,0.000000,0.000000,-0.000000,,,0.000000,0.000000,4.728861,0.000000
head_on,context_ext,EESM-MPC-ECBF,89,8.900,2.200000,0.000000,0.000000,-0.000000,-0.438746,-2.450000,0.080000,-0.500000,0.000000,child,approaching,distracted,,0.000000,0.625000,4.650688,4.050688,0.000000,0.000000,0.000000,0.000000,0.000000,0.000000,0.000000,4.050688,4.050688,4.050688,4.050688,0.000000,horizon_mpc_secbf,12,4.100681,true,osqp,optimal,25,5.103582,0,4.550614,geometric,false,0.000000,0.000000,0.000000,-0.000000,,,0.000000,0.000000,4.728861,0.000000
head_on,context_ext,EESM-MPC-ECBF,90,9.000,2.200000,0.000000,0.000000,-0.000000,-0.438746,-2.500000,0.080000,-0.500000,0.000000,child,approaching,distracted,,0.000000,0.625000,4.700681,4.100681,0.000000,0.000000,0.000000,0.000000,0.000000,0.000000,0.000000,4.100681,4.100681,4.100681,4.100681,0.000000,horizon_mpc_secbf,12,4.150674,true,osqp,optimal,25,3.744071,0,4.600608,geometric,false,0.000000,0.000000,0.000000,-0.000000,,,0.000000,0.000000,4.728861,0.000000
head_on,context_ext,EESM-MPC-ECBF,91,9.100,2.200000,0.000000,0.000000,-0.000000,-0.438746,-2.550000,0.080000,-0.500000,0.000000,child,approaching,distracted,,0.000000,0.625000,4.750674,4.150674,0.000000,0.000000,0.000000,0.000000,0.000000,0.000000,0.000000,4.150674,4.150674,4.150674,4.150674,0.000000,horizon_mpc_secbf,12,4.200667,true,osqp,optimal,25,3.350744,0,4.650603,geometric,false,0.000000,0.000000,0.000000,-0.000000,,,0.000000,0.000000,4.728861,0.000000
head_on,context_ext,EESM-MPC-ECBF,92,9.200,2.200000,0.000000,0.000000,-0.000000,-0.438746,-2.600000,0.080000,-0.500000,0.000000,child,approaching,distracted,,0.000000,0.625000,4.800667,4.200667,0.000000,0.000000,0.000000,0.000000,0.000000,0.000000,0.000000,4.200667,4.200667,4.200667,4.200667,0.000000,horizon_mpc_secbf,12,4.250660,true,osqp,optimal,25,3.806582,0,4.700597,geometric,false,0.000000,0.000000,0.000000,-0.000000,,,0.000000,0.000000,4.728861,0.000000
head_on,context_ext,EESM-MPC-ECBF,93,9.300,2.200000,0.000000,0.000000,-0.000000,-0.438746,-2.650000,0.080000,-0.500000,0.000000,child,approaching,distracted,,0.000000,0.625000,4.850660,4.250660,0.000000,0.000000,0.000000,0.000000,0.000000,0.000000,0.000000,4.250660,4.250660,4.250660,4.250660,0.000000,horizon_mpc_secbf,12,4.300653,true,osqp,optimal,25,3.567223,0,4.750592,geometric,false,0.000000,0.000000,0.000000,-0.000000,,,0.000000,0.000000,4.728861,0.000000
head_on,context_ext,EESM-MPC-ECBF,94,9.400,2.200000,0.000000,0.000000,-0.000000,-0.438746,-2.700000,0.080000,-0.500000,0.000000,child,approaching,distracted,,0.000000,0.625000,4.900653,4.300653,0.000000,0.000000,0.000000,0.000000,0.000000,0.000000,0.000000,4.300653,4.300653,4.300653,4.300653,0.000000,horizon_mpc_secbf,12,4.350646,true,osqp,optimal,25,3.552781,0,4.800586,geometric,false,0.000000,0.000000,0.000000,-0.000000,,,0.000000,0.000000,4.728861,0.000000
head_on,context_ext,EESM-MPC-ECBF,95,9.500,2.200000,0.000000,0.000000,-0.000000,-0.438746,-2.750000,0.080000,-0.500000,0.000000,child,approaching,distracted,,0.000000,0.625000,4.950646,4.350646,0.000000,0.000000,0.000000,0.000000,0.000000,0.000000,0.000000,4.350646,4.350646,4.350646,4.350646,0.000000,horizon_mpc_secbf,12,4.400640,true,osqp,optimal,25,3.748226,0,4.850581,geometric,false,0.000000,0.000000,0.000000,-0.000000,,,0.000000,0.000000,4.728861,0.000000
head_on,context_ext,EESM-MPC-ECBF,96,9.600,2.200000,0.000000,0.000000,-0.000000,-0.438746,-2.800000,0.080000,-0.500000,0.000000,child,approaching,distracted,,0.000000,0.625000,5.000640,4.400640,0.000000,0.000000,0.000000,0.000000,0.000000,0.000000,0.000000,4.400640,4.400640,4.400640,4.400640,0.000000,horizon_mpc_secbf,12,4.450634,true,osqp,optimal,25,3.792050,0,4.900576,geometric,false,0.000000,0.000000,0.000000,-0.000000,,,0.000000,0.000000,4.728861,0.000000
head_on,context_ext,EESM-MPC-ECBF,97,9.700,2.200000,0.000000,0.000000,-0.000000,-0.438746,-2.850000,0.080000,-0.500000,0.000000,child,approaching,distracted,,0.000000,0.625000,5.050634,4.450634,0.000000,0.000000,0.000000,0.000000,0.000000,0.000000,0.000000,4.450634,4.450634,4.450634,4.450634,0.000000,horizon_mpc_secbf,12,4.500627,true,osqp,optimal,25,4.350029,0,4.950571,geometric,false,0.000000,0.000000,0.000000,-0.000000,,,0.000000,0.000000,4.728861,0.000000
head_on,context_ext,EESM-MPC-ECBF,98,9.800,2.200000,0.000000,0.000000,-0.000000,-0.438746,-2.900000,0.080000,-0.500000,0.000000,child,approaching,distracted,,0.000000,0.625000,5.100627,4.500627,0.000000,0.000000,0.000000,0.000000,0.000000,0.000000,0.000000,4.500627,4.500627,4.500627,4.500627,0.000000,horizon_mpc_secbf,12,4.550621,true,osqp,optimal,25,3.282172,0,5.000566,geometric,false,0.000000,0.000000,0.000000,-0.000000,,,0.000000,0.000000,4.728861,0.000000
head_on,context_ext,EESM-MPC-ECBF,99,9.900,2.200000,0.000000,0.000000,-0.000000,-0.438746,-2.950000,0.080000,-0.500000,0.000000,child,approaching,distracted,,0.000000,0.625000,5.150621,4.550621,0.000000,0.000000,0.000000,0.000000,0.000000,0.000000,0.000000,4.550621,4.550621,4.550621,4.550621,0.000000,horizon_mpc_secbf,12,4.600615,true,osqp,optimal,25,3.504015,0,5.050561,geometric,false,0.000000,0.000000,0.000000,-0.000000,,,0.000000,0.000000,4.728861,0.000000
head_on,context_ext,EESM-MPC-ECBF,100,10.000,2.200000,0.000000,0.000000,-0.000000,-0.438746,-3.000000,0.080000,-0.500000,0.000000,child,approaching,distracted,,0.000000,0.625000,5.200615,4.600615,0.000000,0.000000,0.000000,0.000000,0.000000,0.000000,0.000000,4.600615,4.600615,4.600615,4.600615,0.000000,horizon_mpc_secbf,12,4.650609,true,osqp,optimal,25,4.087341,0,5.100556,geometric,false,0.000000,0.000000,0.000000,-0.000000,,,0.000000,0.000000,4.728861,0.000000
head_on,context_ext,EESM-MPC-ECBF,101,10.100,2.200000,0.000000,0.000000,-0.000000,-0.438746,-3.050000,0.080000,-0.500000,0.000000,child,approaching,distracted,,0.000000,0.625000,5.250609,4.650609,0.000000,0.000000,0.000000,0.000000,0.000000,0.000000,0.000000,4.650609,4.650609,4.650609,4.650609,0.000000,horizon_mpc_secbf,12,4.700604,true,osqp,optimal,25,5.082806,0,5.150551,geometric,false,0.000000,0.000000,0.000000,-0.000000,,,0.000000,0.000000,4.728861,0.000000
head_on,context_ext,EESM-MPC-ECBF,102,10.200,2.200000,0.000000,0.000000,-0.000000,-0.438746,-3.100000,0.080000,-0.500000,0.000000,child,approaching,distracted,,0.000000,0.625000,5.300604,4.700604,0.000000,0.000000,0.000000,0.000000,0.000000,0.000000,0.000000,4.700604,4.700604,4.700604,4.700604,0.000000,horizon_mpc_secbf,12,4.750598,true,osqp,optimal,25,3.487497,0,5.200547,geometric,false,0.000000,0.000000,0.000000,-0.000000,,,0.000000,0.000000,4.728861,0.000000
head_on,context_ext,EESM-MPC-ECBF,103,10.300,2.200000,0.000000,0.000000,-0.000000,-0.438746,-3.150000,0.080000,-0.500000,0.000000,child,approaching,distracted,,0.000000,0.625000,5.350598,4.750598,0.000000,0.000000,0.000000,0.000000,0.000000,0.000000,0.000000,4.750598,4.750598,4.750598,4.750598,0.000000,horizon_mpc_secbf,12,4.800593,true,osqp,optimal,25,3.352344,0,5.250542,geometric,false,0.000000,0.000000,0.000000,-0.000000,,,0.000000,0.000000,4.728861,0.000000
head_on,context_ext,EESM-MPC-ECBF,104,10.400,2.200000,0.000000,0.000000,-0.000000,-0.438746,-3.200000,0.080000,-0.500000,0.000000,child,approaching,distracted,,0.000000,0.625000,5.400593,4.800593,0.000000,0.000000,0.000000,0.000000,0.000000,0.000000,0.000000,4.800593,4.800593,4.800593,4.800593,0.000000,horizon_mpc_secbf,12,4.850587,true,osqp,optimal,25,3.700183,0,5.300538,geometric,false,0.000000,0.000000,0.000000,-0.000000,,,0.000000,0.000000,4.728861,0.000000
head_on,context_ext,EESM-MPC-ECBF,105,10.500,2.200000,0.000000,0.000000,-0.000000,-0.438746,-3.250000,0.080000,-0.500000,0.000000,child,approaching,distracted,,0.000000,0.625000,5.450587,4.850587,0.000000,0.000000,0.000000,0.000000,0.000000,0.000000,0.000000,4.850587,4.850587,4.850587,4.850587,0.000000,horizon_mpc_secbf,12,4.900582,true,osqp,optimal,25,4.741257,0,5.350533,geometric,false,0.000000,0.000000,0.000000,-0.000000,,,0.000000,0.000000,4.728861,0.000000
head_on,context_ext,EESM-MPC-ECBF,106,10.600,2.200000,0.000000,0.000000,-0.000000,-0.438746,-3.300000,0.080000,-0.500000,0.000000,child,approaching,distracted,,0.000000,0.625000,5.500582,4.900582,0.000000,0.000000,0.000000,0.000000,0.000000,0.000000,0.000000,4.900582,4.900582,4.900582,4.900582,0.000000,horizon_mpc_secbf,12,4.950577,true,osqp,optimal,25,3.443549,0,5.400529,geometric,false,0.000000,0.000000,0.000000,-0.000000,,,0.000000,0.000000,4.728861,0.000000
head_on,context_ext,EESM-MPC-ECBF,107,10.700,2.200000,0.000000,0.000000,-0.000000,-0.438746,-3.350000,0.080000,-0.500000,0.000000,child,approaching,distracted,,0.000000,0.625000,5.550577,4.950577,0.000000,0.000000,0.000000,0.000000,0.000000,0.000000,0.000000,4.950577,4.950577,4.950577,4.950577,0.000000,horizon_mpc_secbf,12,5.000571,true,osqp,optimal,25,3.389744,0,5.450525,geometric,false,0.000000,0.000000,0.000000,-0.000000,,,0.000000,0.000000,4.728861,0.000000
head_on,context_ext,EESM-MPC-ECBF,108,10.800,2.200000,0.000000,0.000000,-0.000000,-0.438746,-3.400000,0.080000,-0.500000,0.000000,child,approaching,distracted,,0.000000,0.625000,5.600571,5.000571,0.000000,0.000000,0.000000,0.000000,0.000000,0.000000,0.000000,5.000571,5.000571,5.000571,5.000571,0.000000,horizon_mpc_secbf,12,5.050566,true,osqp,optimal,25,3.557047,0,5.500520,geometric,false,0.000000,0.000000,0.000000,-0.000000,,,0.000000,0.000000,4.728861,0.000000
head_on,context_ext,EESM-MPC-ECBF,109,10.900,2.200000,0.000000,0.000000,-0.000000,-0.438746,-3.450000,0.080000,-0.500000,0.000000,child,approaching,distracted,,0.000000,0.625000,5.650566,5.050566,0.000000,0.000000,0.000000,0.000000,0.000000,0.000000,0.000000,5.050566,5.050566,5.050566,5.050566,0.000000,horizon_mpc_secbf,12,5.100561,true,osqp,optimal,25,4.994107,0,5.550516,geometric,false,0.000000,0.000000,0.000000,-0.000000,,,0.000000,0.000000,4.728861,0.000000
head_on,context_ext,EESM-MPC-ECBF,110,11.000,2.200000,0.000000,0.000000,-0.000000,-0.438746,-3.500000,0.080000,-0.500000,0.000000,child,approaching,distracted,,0.000000,0.625000,5.700561,5.100561,0.000000,0.000000,0.000000,0.000000,0.000000,0.000000,0.000000,5.100561,5.100561,5.100561,5.100561,0.000000,horizon_mpc_secbf,12,5.150556,true,osqp,optimal,25,3.647732,0,5.600512,geometric,false,0.000000,0.000000,0.000000,-0.000000,,,0.000000,0.000000,4.728861,0.000000
head_on,context_ext,EESM-MPC-ECBF,111,11.100,2.200000,0.000000,0.000000,-0.000000,-0.438746,-3.550000,0.080000,-0.500000,0.000000,child,approaching,distracted,,0.000000,0.625000,5.750556,5.150556,0.000000,0.000000,0.000000,0.000000,0.000000,0.000000,0.000000,5.150556,5.150556,5.150556,5.150556,0.000000,horizon_mpc_secbf,12,5.200552,true,osqp,optimal,25,3.760533,0,5.650508,geometric,false,0.000000,0.000000,0.000000,-0.000000,,,0.000000,0.000000,4.728861,0.000000
head_on,context_ext,EESM-MPC-ECBF,112,11.200,2.200000,0.000000,0.000000,-0.000000,-0.438746,-3.600000,0.080000,-0.500000,0.000000,child,approaching,distracted,,0.000000,0.625000,5.800552,5.200552,0.000000,0.000000,0.000000,0.000000,0.000000,0.000000,0.000000,5.200552,5.200552,5.200552,5.200552,0.000000,horizon_mpc_secbf,12,5.250547,true,osqp,optimal,25,4.018291,0,5.700504,geometric,false,0.000000,0.000000,0.000000,-0.000000,,,0.000000,0.000000,4.728861,0.000000
head_on,context_ext,EESM-MPC-ECBF,113,11.300,2.200000,0.000000,0.000000,-0.000000,-0.438746,-3.650000,0.080000,-0.500000,0.000000,child,approaching,distracted,,0.000000,0.625000,5.850547,5.250547,0.000000,0.000000,0.000000,0.000000,0.000000,0.000000,0.000000,5.250547,5.250547,5.250547,5.250547,0.000000,horizon_mpc_secbf,12,5.300542,true,osqp,optimal,25,4.251024,0,5.750500,geometric,false,0.000000,0.000000,0.000000,-0.000000,,,0.000000,0.000000,4.728861,0.000000
head_on,context_ext,EESM-MPC-ECBF,114,11.400,2.200000,0.000000,0.000000,-0.000000,-0.438746,-3.700000,0.080000,-0.500000,0.000000,child,approaching,distracted,,0.000000,0.625000,5.900542,5.300542,0.000000,0.000000,0.000000,0.000000,0.000000,0.000000,0.000000,5.300542,5.300542,5.300542,5.300542,0.000000,horizon_mpc_secbf,12,5.350538,true,osqp,optimal,25,3.299014,0,5.800496,geometric,false,0.000000,0.000000,0.000000,-0.000000,,,0.000000,0.000000,4.728861,0.000000
head_on,context_ext,EESM-MPC-ECBF,115,11.500,2.200000,0.000000,0.000000,-0.000000,-0.438746,-3.750000,0.080000,-0.500000,0.000000,child,approaching,distracted,,0.000000,0.625000,5.950538,5.350538,0.000000,0.000000,0.000000,0.000000,0.000000,0.000000,0.000000,5.350538,5.350538,5.350538,5.350538,0.000000,horizon_mpc_secbf,12,5.400533,true,osqp,optimal,25,3.424881,0,5.850493,geometric,false,0.000000,0.000000,0.000000,-0.000000,,,0.000000,0.000000,4.728861,0.000000
head_on,context_ext,EESM-MPC-ECBF,116,11.600,2.200000,0.000000,0.000000,-0.000000,-0.438746,-3.800000,0.080000,-0.500000,0.000000,child,approaching,distracted,,0.000000,0.625000,6.000533,5.400533,0.000000,0.000000,0.000000,0.000000,0.000000,0.000000,0.000000,5.400533,5.400533,5.400533,5.400533,0.000000,horizon_mpc_secbf,12,5.450529,true,osqp,optimal,25,3.385408,0,5.900489,geometric,false,0.000000,0.000000,0.000000,-0.000000,,,0.000000,0.000000,4.728861,0.000000
head_on,context_ext,EESM-MPC-ECBF,117,11.700,2.200000,0.000000,0.000000,-0.000000,-0.438746,-3.850000,0.080000,-0.500000,0.000000,child,approaching,distracted,,0.000000,0.625000,6.050529,5.450529,0.000000,0.000000,0.000000,0.000000,0.000000,0.000000,0.000000,5.450529,5.450529,5.450529,5.450529,0.000000,horizon_mpc_secbf,12,5.500525,true,osqp,optimal,25,4.063821,0,5.950485,geometric,false,0.000000,0.000000,0.000000,-0.000000,,,0.000000,0.000000,4.728861,0.000000
head_on,context_ext,EESM-MPC-ECBF,118,11.800,2.200000,0.000000,0.000000,-0.000000,-0.438746,-3.900000,0.080000,-0.500000,0.000000,child,approaching,distracted,,0.000000,0.625000,6.100525,5.500525,0.000000,0.000000,0.000000,0.000000,0.000000,0.000000,0.000000,5.500525,5.500525,5.500525,5.500525,0.000000,horizon_mpc_secbf,12,5.550520,true,osqp,optimal,25,3.738830,0,6.000482,geometric,false,0.000000,0.000000,0.000000,-0.000000,,,0.000000,0.000000,4.728861,0.000000
head_on,context_ext,EESM-MPC-ECBF,119,11.900,2.200000,0.000000,0.000000,-0.000000,-0.438746,-3.950000,0.080000,-0.500000,0.000000,child,approaching,distracted,,0.000000,0.625000,6.150520,5.550520,0.000000,0.000000,0.000000,0.000000,0.000000,0.000000,0.000000,5.550520,5.550520,5.550520,5.550520,0.000000,horizon_mpc_secbf,12,5.600516,true,osqp,optimal,25,3.538428,0,6.050478,geometric,false,0.000000,0.000000,0.000000,-0.000000,,,0.000000,0.000000,4.728861,0.000000
head_on,context_ext,SEESM w/o Feasibility-Preserving Update,0,0.000,-2.200000,0.000000,0.000000,0.000000,0.000000,2.000000,0.080000,-0.500000,0.000000,unknown,walking,unknown,7.202830,1.000000,0.625000,4.200762,3.600762,0.307125,0.307125,0.307125,0.307125,0.499897,0.807022,0.307125,3.600762,3.100865,2.793740,2.793740,0.000000,horizon_mpc_secbf,12,1.323852,true,osqp,optimal,100,4.069473,0,1.672929,accept,false,0.750000,0.000000,0.621014,-0.000000,,,0.621014,0.621014,0.062101,4.400000
head_on,context_ext,SEESM w/o Feasibility-Preserving Update,1,0.100,-2.137899,-0.000000,0.621014,-0.000000,-0.000000,1.950000,0.080000,-0.500000,0.000000,unknown,walking,unknown,3.112671,1.000000,0.625000,4.088681,3.488681,0.332414,0.332414,0.332414,0.332414,1.120719,1.453133,0.025289,3.488681,2.367962,2.035549,2.035549,0.000000,horizon_mpc_secbf,12,0.554236,true,osqp,optimal,125,5.231981,0,0.809682,accept,false,0.750000,0.000000,0.726102,0.000000,,,0.726102,0.105087,0.134712,4.337899
head_on,context_ext,SEESM w/o Feasibility-Preserving Update,2,0.200,-2.065288,-0.000000,0.726102,0.000000,0.000000,1.900000,0.080000,-0.500000,0.000000,unknown,walking,unknown,2.745923,1.000000,0.625000,3.966095,3.366095,0.342866,0.342866,0.342866,0.342866,1.225741,1.568607,0.010452,3.366095,2.140355,1.797489,1.797489,0.000000,horizon_mpc_secbf,12,0.315250,true,osqp,optimal,125,3.988789,0,0.562138,accept,false,0.750000,0.000000,0.735602,0.000000,,,0.735602,0.009501,0.208272,4.265288
head_on,context_ext,SEESM w/o Feasibility-Preserving Update,3,0.300,-1.991728,-0.000000,0.735602,0.000000,0.000000,1.850000,0.080000,-0.500000,0.000000,unknown,walking,unknown,2.624845,1.000000,0.625000,3.842561,3.242561,0.346317,0.346317,0.346317,0.346317,1.235207,1.581524,0.003451,3.242561,2.007354,1.661037,1.661037,0.000000,horizon_mpc_secbf,12,0.178839,true,osqp,optimal,125,4.109629,0,0.425702,accept,false,0.750000,0.000000,0.735603,0.000000,,,0.735603,0.000001,0.281832,4.191728
head_on,context_ext,SEESM w/o Feasibility-Preserving Update,4,0.400,-1.918168,0.000000,0.735603,0.000000,0.000000,1.800000,0.080000,-0.500000,0.000000,unknown,walking,unknown,2.524881,1.000000,0.625000,3.719028,3.119028,0.349166,0.349166,0.349166,0.349166,1.235175,1.584341,0.002849,3.119028,1.883854,1.534688,1.534688,0.000000,horizon_mpc_secbf,12,0.052538,true,osqp,optimal,125,4.891908,0,0.299371,accept,false,0.750000,-0.000000,0.735603,0.000000,,,0.735603,0.000000,0.355392,4.118168
head_on,context_ext,SEESM w/o Feasibility-Preserving Update,5,0.500,-1.844608,0.000000,0.735603,0.000000,0.000000,1.750000,0.080000,-0.500000,0.000000,unknown,walking,unknown,2.424921,1.000000,0.625000,3.595498,2.995498,0.352015,0.352015,0.352015,0.352015,1.235137,1.587152,0.002849,2.995498,1.760361,1.408346,1.408346,0.000077,horizon_mpc_secbf,12,-0.000075,true,osqp,optimal,50,4.028448,0,0.224869,accept,false,0.750000,-0.000000,0.683901,-0.002430,,,0.683906,0.051758,0.423783,4.044608
head_on,context_ext,SEESM w/o Feasibility-Preserving Update,6,0.600,-1.776217,-0.000243,0.683901,-0.002430,-0.003553,1.700000,0.080000,-0.500000,0.000000,unknown,walking,unknown,2.430985,1.000000,0.625000,3.477143,2.877143,0.351842,0.351842,0.351842,0.351842,1.183337,1.535179,0.000000,2.877143,1.693806,1.341964,1.341964,0.000132,horizon_mpc_secbf,12,-0.000133,true,osqp,optimal,50,3.674907,0,0.213229,accept,false,0.750000,0.000046,0.629280,-0.004817,,,0.629298,0.054674,0.486713,3.976217
head_on,context_ext,SEESM w/o Feasibility-Preserving Update,7,0.700,-1.713290,-0.000725,0.629280,-0.004817,-0.007655,1.650000,0.080000,-0.500000,0.000000,unknown,walking,unknown,2.448762,1.000000,0.625000,3.364258,2.764258,0.351335,0.351335,0.351335,0.351335,1.128611,1.479947,0.000000,2.764258,1.635647,1.284312,1.284312,0.000180,horizon_mpc_secbf,12,-0.000180,true,osqp,optimal,50,3.580462,0,0.204637,accept,false,0.750000,0.000139,0.580337,-0.007151,,,0.580381,0.048999,0.544751,3.913290
head_on,context_ext,SEESM w/o Feasibility-Preserving Update,8,0.800,-1.655256,-0.001440,0.580337,-0.007151,-0.012322,1.600000,0.080000,-0.500000,0.000000,unknown,walking,unknown,2.459923,1.000000,0.625000,3.256274,2.656274,0.351017,0.351017,0.351017,0.351017,1.079552,1.430569,0.000000,2.656274,1.576722,1.225705,1.225705,0.000229,horizon_mpc_secbf,12,-0.000228,true,osqp,optimal,50,4.798580,0,0.194815,accept,false,0.750000,0.000280,0.531688,-0.009866,,,0.531780,0.048724,0.597929,3.855256
head_on,context_ext,SEESM w/o Feasibility-Preserving Update,9,0.900,-1.602087,-0.002426,0.531688,-0.009866,-0.018553,1.550000,0.080000,-0.500000,0.000000,unknown,walking,unknown,2.476209,1.000000,0.625000,3.153165,2.553165,0.350553,0.350553,0.350553,0.350553,1.030758,1.381311,0.000000,2.553165,1.522406,1.171853,1.171853,0.000273,horizon_mpc_secbf,12,-0.000272,true,osqp,optimal,50,4.693710,0,0.186191,accept,false,0.750000,0.000479,0.486616,-0.013122,,,0.486793,0.045190,0.646608,3.802088
head_on,context_ext,SEESM w/o Feasibility-Preserving Update,10,1.000,-1.553425,-0.003739,0.486616,-0.013122,-0.026960,1.500000,0.080000,-0.500000,0.000000,unknown,walking,unknown,2.489715,1.000000,0.625000,3.054573,2.454573,0.350168,0.350168,0.350168,0.350168,0.985496,1.335664,0.000000,2.454573,1.469078,1.118910,1.118910,0.000317,horizon_mpc_secbf,12,-0.000316,true,osqp,optimal,50,3.565764,0,0.177023,accept,false,0.750000,0.000747,0.443032,-0.017287,,,0.443369,0.043783,0.690945,3.753427
head_on,context_ext,SEESM w/o Feasibility-Preserving Update,11,1.100,-1.509122,-0.005467,0.443032,-0.017287,-0.039001,1.450000,0.080000,-0.500000,0.000000,child,approaching,distracted,2.505315,1.000000,0.625000,2.960356,2.360356,0.646889,0.646889,0.646889,0.646889,0.941649,1.588537,0.296720,2.360356,1.418707,0.771819,0.771819,0.000609,horizon_mpc_secbf,12,-0.000609,true,osqp,optimal,50,3.409768,0,0.079656,accept,false,0.749999,0.001106,0.194134,-0.037155,,,0.197657,0.249689,0.710711,3.709126
head_on,context_ext,SEESM w/o Feasibility-Preserving Update,12,1.200,-1.489709,-0.009183,0.194134,-0.037155,-0.189102,1.400000,0.080000,-0.500000,0.000000,child,approaching,distracted,3.307674,1.000000,0.625000,2.891085,2.291085,0.601756,0.601756,0.601756,0.601756,0.691878,1.293634,0.000000,2.291085,1.599207,0.997451,0.997451,0.000412,horizon_mpc_secbf,12,-0.000413,true,osqp,optimal,50,4.687860,0,0.185076,accept,false,0.749998,0.001867,0.314163,-0.032058,,,0.315795,0.120138,0.742290,3.689720
head_on,context_ext,SEESM w/o Feasibility-Preserving Update,13,1.300,-1.458292,-0.012389,0.314163,-0.032058,-0.101692,1.350000,0.080000,-0.500000,0.000000,child,approaching,distracted,2.719203,1.000000,0.625000,2.809812,2.209812,0.634857,0.634857,0.634857,0.634857,0.811803,1.446661,0.033102,2.209812,1.398009,0.763151,0.763151,0.000611,horizon_mpc_secbf,12,-0.000611,true,osqp,optimal,50,3.867442,0,0.094763,accept,false,0.749996,0.002540,0.171024,-0.050534,,,0.178334,0.144327,0.760124,3.658313
head_on,context_ext,SEESM w/o Feasibility-Preserving Update,14,1.400,-1.441190,-0.017442,0.171024,-0.050534,-0.287302,1.300000,0.080000,-0.500000,0.000000,child,approaching,distracted,3.204104,1.000000,0.625000,2.742921,2.142921,0.607582,0.607582,0.607582,0.607582,0.667473,1.275055,0.000000,2.142921,1.475448,0.867866,0.867866,0.000518,horizon_mpc_secbf,12,-0.000519,true,osqp,optimal,50,3.350647,0,0.146775,accept,false,0.749991,0.003593,0.223915,-0.052030,,,0.229881,0.052912,0.783112,3.641232
head_on,context_ext,SEESM w/o Feasibility-Preserving Update,15,1.500,-1.418799,-0.022645,0.223915,-0.052030,-0.228312,1.250000,0.080000,-0.500000,0.000000,child,approaching,distracted,2.870567,1.000000,0.625000,2.670772,2.070772,0.626343,0.626343,0.626343,0.626343,0.719747,1.346091,0.018761,2.070772,1.351024,0.724681,0.724681,0.000638,horizon_mpc_secbf,12,-0.000638,true,osqp,optimal,50,3.606608,0,0.093057,accept,false,0.749985,0.004693,0.135481,-0.071541,,,0.153210,0.090561,0.798433,3.618869
head_on,context_ext,SEESM w/o Feasibility-Preserving Update,16,1.600,-1.405251,-0.029799,0.135481,-0.071541,-0.485840,1.200000,0.080000,-0.500000,0.000000,child,approaching,distracted,3.177003,1.000000,0.625000,2.607563,2.007563,0.609106,0.609106,0.609106,0.609106,0.629464,1.238570,0.000000,2.007563,1.378099,0.768993,0.768993,0.000596,horizon_mpc_secbf,12,-0.000596,true,osqp,optimal,50,4.608967,0,0.117261,accept,false,0.749974,0.006199,0.156253,-0.079389,,,0.175265,0.022205,0.815959,3.605374
head_on,context_ext,SEESM w/o Feasibility-Preserving Update,17,1.700,-1.389625,-0.037738,0.156253,-0.079389,-0.470092,1.150000,0.080000,-0.500000,0.000000,child,approaching,distracted,2.979652,1.000000,0.625000,2.542353,1.942353,0.620207,0.620207,0.620207,0.620207,0.648693,1.268900,0.011101,1.942353,1.293660,0.673453,0.673453,0.000673,horizon_mpc_secbf,12,-0.000673,true,osqp,optimal,50,3.934645,0,0.081165,accept,false,0.749959,0.007884,0.098332,-0.102108,,,0.141758,0.062217,0.830135,3.589824
head_on,context_ext,SEESM w/o Feasibility-Preserving Update,18,1.800,-1.379792,-0.047949,0.098332,-0.102108,-0.804235,1.100000,0.080000,-0.500000,0.000000,child,approaching,distracted,3.179416,1.000000,0.625000,2.483091,1.883091,0.608970,0.608970,0.608970,0.608970,0.587618,1.196588,0.000000,1.883091,1.295473,0.686503,0.686503,0.000657,horizon_mpc_secbf,12,-0.000657,true,osqp,optimal,50,3.843440,0,0.089342,accept,false,0.749933,0.010045,0.104646,-0.116920,,,0.156911,0.016102,0.845826,3.580113
head_on,context_ext,SEESM w/o Feasibility-Preserving Update,19,1.900,-1.369327,-0.059641,0.104646,-0.116920,-0.840740,1.050000,0.080000,-0.500000,0.000000,child,approaching,distracted,3.054686,1.000000,0.625000,2.423354,1.823354,0.615986,0.615986,0.615986,0.615986,0.590626,1.206612,0.007016,1.823354,1.232728,0.616742,0.616742,0.000711,horizon_mpc_secbf,12,-0.000711,true,osqp,optimal,50,3.643846,0,0.060683,accept,false,0.749895,0.012530,0.066060,-0.144916,,,0.159263,0.047672,0.861752,3.569826
head_on,context_ext,SEESM w/o Feasibility-Preserving Update,20,2.000,-1.362721,-0.074133,0.066060,-0.144916,-1.143087,1.000000,0.080000,-0.500000,0.000000,child,approaching,distracted,3.182680,1.000000,0.625000,2.367743,1.767743,0.608787,0.608787,0.608787,0.608787,0.546365,1.155151,0.000000,1.767743,1.221379,0.612592,0.612592,0.000707,horizon_mpc_secbf,12,-0.000707,true,osqp,optimal,50,4.604189,0,0.057506,accept,false,0.749838,0.015603,0.067940,-0.168091,,,0.181302,0.023251,0.879883,3.563493
head_on,context_ext,SEESM w/o Feasibility-Preserving Update,21,2.100,-1.355927,-0.090942,0.067940,-0.168091,-1.186689,0.950000,0.080000,-0.500000,0.000000,child,approaching,distracted,3.090942,1.000000,0.625000,2.312255,1.712255,0.613947,0.613947,0.613947,0.613947,0.541508,1.155455,0.005160,1.712255,1.170747,0.556800,0.556800,0.000747,horizon_mpc_secbf,12,-0.000747,true,osqp,optimal,50,3.381725,0,0.030195,accept,false,0.749755,0.019175,0.043931,-0.204118,,,0.208792,0.043294,0.900762,3.557090
head_on,context_ext,SEESM w/o Feasibility-Preserving Update,22,2.200,-1.351534,-0.111354,0.043931,-0.204118,-1.358809,0.900000,0.080000,-0.500000,0.000000,child,approaching,distracted,3.163099,1.000000,0.625000,2.259651,1.659651,0.609888,0.609888,0.609888,0.609888,0.506851,1.116739,0.000000,1.659651,1.152800,0.542912,0.542912,0.000748,horizon_mpc_secbf,12,-0.000748,true,osqp,optimal,50,3.750992,0,0.016091,accept,false,0.749632,0.023504,0.049617,-0.237038,,,0.242176,0.033408,0.924979,3.553280
head_on,context_ext,SEESM w/o Feasibility-Preserving Update,23,2.300,-1.346573,-0.135057,0.049617,-0.237038,-1.364455,0.850000,0.080000,-0.500000,0.000000,child,approaching,distracted,3.067496,1.000000,0.625000,2.207075,1.607075,0.615266,0.615266,0.615266,0.615266,0.499195,1.114461,0.005378,1.607075,1.107880,0.492614,0.492614,0.000782,horizon_mpc_secbf,12,-0.000782,true,osqp,optimal,50,3.921401,0,-0.015401,accept,false,0.749457,0.028540,0.039092,-0.284580,,,0.287252,0.048692,0.953705,3.549143
head_on,context_ext,SEESM w/o Feasibility-Preserving Update,24,2.400,-1.342663,-0.163515,0.039092,-0.284580,-1.434284,0.800000,0.080000,-0.500000,0.000000,child,approaching,distracted,3.091228,1.000000,0.625000,2.156457,1.556457,0.613931,0.613931,0.613931,0.613931,0.468166,1.082097,0.000000,1.556457,1.088291,0.474360,0.474360,0.000779,horizon_mpc_secbf,12,-0.000778,true,osqp,optimal,50,4.680595,0,-0.044090,accept,false,0.749202,0.034580,0.059706,-0.326749,,,0.332159,0.046938,0.986920,3.546435
head_on,context_ext,SEESM w/o Feasibility-Preserving Update,25,2.500,-1.336693,-0.196190,0.059706,-0.326749,-1.390062,0.750000,0.080000,-0.500000,0.000000,child,approaching,distracted,2.939281,1.000000,0.625000,2.104891,1.504891,0.622478,0.622478,0.622478,0.622478,0.463178,1.085656,0.008547,1.504891,1.041714,0.419236,0.419236,0.000806,horizon_mpc_secbf,12,-0.000806,true,osqp,optimal,50,3.604673,0,-0.095275,accept,false,0.748849,0.041541,0.070926,-0.386187,,,0.392646,0.060488,1.026185,3.542130
head_on,context_ext,SEESM w/o Feasibility-Preserving Update,26,2.600,-1.329600,-0.234809,0.070926,-0.386187,-1.389164,0.700000,0.080000,-0.500000,0.000000,child,approaching,distracted,2.879029,1.000000,0.625000,2.053870,1.453870,0.625867,0.625867,0.625867,0.625867,0.435498,1.061366,0.003389,1.453870,1.018372,0.392504,0.392504,0.000774,horizon_mpc_secbf,12,-0.000763,true,osqp,optimal,100,3.811779,0,-0.139385,accept,false,0.748346,0.049784,0.106961,-0.437939,,,0.450811,0.063062,1.071266,3.537402
head_on,context_ext,SEESM w/o Feasibility-Preserving Update,27,2.700,-1.318904,-0.278603,0.106961,-0.437939,-1.331248,0.650000,0.080000,-0.500000,0.000000,child,approaching,distracted,2.701729,1.000000,0.625000,2.001294,1.401294,0.635840,0.635840,0.635840,0.635840,0.423522,1.059362,0.009973,1.401294,0.977772,0.341932,0.341932,0.000712,horizon_mpc_secbf,12,-0.000265,true,osqp,optimal,100,4.484212,0,-0.186332,accept,false,0.747660,0.059195,0.128663,-0.499552,,,0.515855,0.065324,1.122852,3.529916
head_on,context_ext,SEESM w/o Feasibility-Preserving Update,28,2.800,-1.306038,-0.328558,0.128663,-0.499552,-1.318718,0.600000,0.080000,-0.500000,0.000000,child,approaching,distracted,2.645753,1.000000,0.625000,1.949333,1.349333,0.638989,0.638989,0.638989,0.638989,0.382058,1.021047,0.003149,1.349333,0.967275,0.328286,0.328286,0.000686,horizon_mpc_secbf,12,0.001150,true,osqp,optimal,100,5.441122,0,-0.223207,accept,false,0.746728,0.069977,0.181792,-0.546163,,,0.575624,0.070677,1.180414,3.521399
head_on,context_ext,SEESM w/o Feasibility-Preserving Update,29,2.900,-1.287859,-0.383174,0.181792,-0.546163,-1.249479,0.550000,0.080000,-0.500000,0.000000,child,approaching,distracted,2.454893,1.000000,0.625000,1.895324,1.295324,0.649725,0.649725,0.649725,0.649725,0.360641,1.010366,0.010736,1.295324,0.934683,0.284959,0.284959,0.000701,horizon_mpc_secbf,12,0.001687,true,osqp,optimal,100,3.847151,0,-0.265253,accept,false,0.745515,0.081902,0.225042,-0.622586,,,0.662010,0.087812,1.246615,3.508843
head_on,context_ext,SEESM w/o Feasibility-Preserving Update,30,3.000,-1.265354,-0.445433,0.225042,-0.622586,-1.223946,0.500000,0.080000,-0.500000,0.000000,child,approaching,distracted,2.400664,1.000000,0.625000,1.841889,1.241889,0.652775,0.652775,0.652775,0.652775,0.292632,0.945407,0.003050,1.241889,0.949257,0.296482,0.296482,0.000712,horizon_mpc_secbf,12,0.001290,true,osqp,optimal,175,4.332040,0,-0.293949,accept,false,0.743880,0.095618,0.314923,-0.665752,,,0.736480,0.099709,1.320263,3.493865
head_on,context_ext,SEESM w/o Feasibility-Preserving Update,31,3.100,-1.233862,-0.512008,0.314923,-0.665752,-1.128954,0.450000,0.080000,-0.500000,0.000000,child,approaching,distracted,2.162309,1.000000,0.625000,1.784899,1.184899,0.666183,0.666183,0.666183,0.666183,0.256169,0.922351,0.013407,1.184899,0.928731,0.262548,0.262548,0.000806,horizon_mpc_secbf,12,0.001862,true,osqp,optimal,250,6.009452,0,-0.314797,accept,false,0.741799,0.110606,0.342842,-0.654192,,,0.738585,0.030218,1.394122,3.471824
head_on,context_ext,SEESM w/o Feasibility-Preserving Update,32,3.200,-1.199578,-0.577427,0.342842,-0.654192,-1.088080,0.400000,0.080000,-0.500000,0.000000,child,approaching,distracted,2.127436,1.000000,0.625000,1.729410,1.129410,0.668144,0.668144,0.668144,0.668144,0.215146,0.883290,0.001962,1.129410,0.914264,0.246120,0.246120,0.000622,horizon_mpc_secbf,12,0.000028,true,osqp,optimal,1200,8.503846,0,-0.331513,accept,false,0.739410,0.125591,0.386610,-0.636058,,,0.744336,0.047377,1.468555,3.448268
head_on,context_ext,SEESM w/o Feasibility-Preserving Update,33,3.300,-1.160917,-0.641033,0.386610,-0.636058,-1.024645,0.350000,0.080000,-0.500000,0.000000,child,approaching,distracted,2.041228,1.000000,0.625000,1.674144,1.074144,0.672993,0.672993,0.672993,0.672993,0.180339,0.853332,0.004849,1.074144,0.893805,0.220812,0.220812,0.000585,horizon_mpc_secbf,12,0.000219,true,osqp,optimal,550,6.549913,0,-0.337273,accept,false,0.736719,0.140516,0.416631,-0.623633,,,0.750000,0.032491,1.543555,3.421504
head_on,context_ext,SEESM w/o Feasibility-Preserving Update,34,3.400,-1.119254,-0.703396,0.416631,-0.623633,-0.981822,0.300000,0.080000,-0.500000,0.000000,child,approaching,distracted,2.037624,1.000000,0.625000,1.621108,1.021108,0.673196,0.673196,0.673196,0.673196,0.126999,0.800195,0.000203,1.021108,0.894109,0.220913,0.220913,0.000281,horizon_mpc_secbf,12,-0.000076,true,osqp,optimal,175,4.394716,0,-0.378106,accept,false,0.733706,0.155483,0.488890,-0.551390,,,0.736916,0.102178,1.617247,3.392965
head_on,context_ext,SEESM w/o Feasibility-Preserving Update,35,3.500,-1.070365,-0.758536,0.488890,-0.551390,-0.845406,0.250000,0.080000,-0.500000,0.000000,child,approaching,distracted,1.788169,1.000000,0.625000,1.564131,0.964131,0.687228,0.687228,0.687228,0.687228,0.135226,0.822454,0.014032,0.964131,0.828905,0.141677,0.141677,0.000227,horizon_mpc_secbf,12,-0.000088,true,osqp,optimal,425,5.265266,0,-0.359382,accept,false,0.730605,0.169458,0.461441,-0.578838,,,0.740258,0.038818,1.691273,3.357181
head_on,context_ext,SEESM w/o Feasibility-Preserving Update,36,3.600,-1.024221,-0.816419,0.461441,-0.578838,-0.897774,0.200000,0.080000,-0.500000,0.000000,child,approaching,distracted,2.114898,1.000000,0.625000,1.517328,0.917328,0.668849,0.668849,0.668849,0.668849,0.018849,0.687699,0.000000,0.917328,0.898479,0.229629,0.229629,0.000176,horizon_mpc_secbf,12,-0.000094,true,osqp,optimal,100,4.446969,0,-0.407556,accept,false,0.727054,0.184101,0.607130,-0.433152,,,0.745807,0.206034,1.765853,3.325979
head_on,context_ext,SEESM w/o Feasibility-Preserving Update,37,3.700,-0.963508,-0.859735,0.607130,-0.433152,-0.619690,0.150000,0.080000,-0.500000,0.000000,child,approaching,distracted,1.512284,1.000000,0.625000,1.457052,0.857052,0.702746,0.702746,0.702746,0.702746,0.084151,0.786897,0.033897,0.857052,0.772901,0.070155,0.070155,0.000144,horizon_mpc_secbf,12,-0.000062,true,osqp,optimal,125,4.428806,0,-0.315092,accept,false,0.723749,0.196691,0.478447,-0.561834,,,0.737949,0.181984,1.839648,3.278250
head_on,context_ext,SEESM w/o Feasibility-Preserving Update,38,3.800,-0.915663,-0.915918,0.478447,-0.561834,-0.865385,0.100000,0.080000,-0.500000,0.000000,child,approaching,distracted,2.694274,1.000000,0.625000,1.422471,0.822471,0.636260,0.636260,0.636260,0.636260,0.000000,0.636260,0.000000,0.822471,0.958196,0.321937,0.186211,0.000145,horizon_mpc_secbf,12,-0.000113,true,osqp,optimal,100,4.045546,0,-0.404699,accept,false,0.719552,0.211528,0.652286,-0.330927,,,0.731430,0.289029,1.912791,3.247501
head_on,context_ext,SEESM w/o Feasibility-Preserving Update,39,3.900,-0.850434,-0.949011,0.652286,-0.330927,-0.469497,0.050000,0.080000,-0.500000,0.000000,child,approaching,distracted,1.505292,1.000000,0.625000,1.367350,0.767350,0.703140,0.703140,0.703140,0.703140,0.000000,0.703140,0.066880,0.767350,0.783061,0.079922,0.064210,0.000181,horizon_mpc_secbf,12,-0.000141,true,osqp,optimal,100,3.733657,0,-0.320223,accept,false,0.716143,0.222797,0.594027,-0.446253,,,0.742974,0.129206,1.987088,3.194647
head_on,context_ext,SEESM w/o Feasibility-Preserving Update,40,4.000,-0.791032,-0.993636,0.594027,-0.446253,-0.644290,0.000000,0.080000,-0.500000,0.000000,child,approaching,distracted,2.532454,1.000000,0.625000,1.333576,0.733576,0.645362,0.645362,0.645362,0.645362,0.000000,0.645362,0.000000,0.733576,0.949796,0.304434,0.088214,0.000149,horizon_mpc_secbf,12,-0.000092,true,osqp,optimal,75,4.618941,0,-0.341689,accept,false,0.711753,0.236448,0.662637,-0.322432,,,0.736919,0.141559,2.060780,3.151759
head_on,context_ext,SEESM w/o Feasibility-Preserving Update,41,4.100,-0.724768,-1.025879,0.662637,-0.322432,-0.452862,-0.050000,0.080000,-0.500000,0.000000,child,approaching,distracted,2.105414,1.000000,0.625000,1.295485,0.695485,0.669383,0.669383,0.669383,0.669383,0.000000,0.669383,0.024021,0.695485,0.909334,0.239951,0.026102,0.000142,horizon_mpc_secbf,12,-0.000135,true,osqp,optimal,175,4.317393,0,-0.222234,accept,false,0.707727,0.248239,0.630931,-0.398974,,,0.746495,0.082849,2.135430,3.099467
head_on,context_ext,SEESM w/o Feasibility-Preserving Update,42,4.200,-0.661675,-1.065776,0.630931,-0.398974,-0.563873,-0.100000,0.080000,-0.500000,0.000000,child,approaching,distracted,4.844198,1.000000,0.625000,1.276042,0.676042,0.562812,0.562812,0.562812,0.562812,0.000000,0.562812,0.000000,0.676042,1.046301,0.483489,0.113229,0.000069,horizon_mpc_secbf,12,-0.000032,true,osqp,optimal,75,3.986067,0,-0.364598,accept,false,0.702839,0.261759,0.724281,-0.067929,,,0.727459,0.343955,2.208176,3.053696
head_on,context_ext,SEESM w/o Feasibility-Preserving Update,43,4.300,-0.589247,-1.072569,0.724281,-0.067929,-0.093515,-0.150000,0.080000,-0.500000,0.000000,child,approaching,distracted,1.700434,1.000000,0.625000,1.233432,0.633432,0.692163,0.692163,0.692163,0.692163,0.000000,0.692163,0.129351,0.633432,0.851170,0.159007,-0.058731,0.018401,horizon_mpc_secbf,12,-0.018153,true,osqp,optimal,1525,11.322973,0,0.329339,accept,false,0.700028,0.269187,0.264100,-0.686804,,,0.735832,0.771215,2.281759,2.988361
head_on,context_ext,SEESM w/o Feasibility-Preserving Update,44,4.400,-0.562837,-1.141250,0.264100,-0.686804,-1.203693,-0.200000,0.080000,-0.500000,0.000000,child,approaching,distracted,,0.000000,0.625000,1.274010,0.674010,0.337812,0.337812,0.337812,0.337812,0.000000,0.337812,0.000000,0.674010,0.674010,0.336198,0.336198,0.000000,horizon_mpc_secbf,12,0.259321,true,osqp,optimal,75,3.875116,0,0.015435,accept,false,0.693189,0.286337,0.656933,-0.009108,,,0.656996,0.783320,2.347459,2.989267
head_on,context_ext,SEESM w/o Feasibility-Preserving Update,45,4.500,-0.497143,-1.142161,0.656933,-0.009108,-0.013863,-0.250000,0.080000,-0.500000,0.000000,child,approaching,distracted,2.935315,1.000000,0.625000,1.246899,0.646899,0.622701,0.622701,0.622701,0.622701,0.000000,0.622701,0.284889,0.646899,0.930927,0.308226,0.024198,0.000085,horizon_mpc_secbf,12,-0.000087,true,osqp,optimal,100,4.238155,0,-0.214537,accept,false,0.690628,0.292461,0.727732,-0.004616,,,0.727747,0.070941,2.420233,2.929012
head_on,context_ext,SEESM w/o Feasibility-Preserving Update,46,4.600,-0.424370,-1.142622,0.727732,-0.004616,-0.006343,-0.300000,0.080000,-0.500000,0.000000,child,approaching,distracted,5.256145,1.000000,0.625000,1.228932,0.628932,0.562812,0.562812,0.562812,0.562812,0.000000,0.562812,0.000000,0.628932,1.050309,0.487497,0.066119,0.000000,horizon_mpc_secbf,12,0.041448,true,osqp,optimal,100,5.470845,0,-0.173474,accept,false,0.687650,0.299395,0.734947,0.115206,,,0.743921,0.120039,2.494625,2.862325
head_on,context_ext,SEESM w/o Feasibility-Preserving Update,47,4.700,-0.350876,-1.131102,0.734947,0.115206,0.155489,-0.350000,0.080000,-0.500000,0.000000,child,approaching,distracted,5.263652,1.000000,0.625000,1.211102,0.611102,0.562812,0.562812,0.562812,0.562812,0.000000,0.562812,0.000000,0.611102,1.050430,0.487617,0.048289,0.000000,horizon_mpc_secbf,12,0.040650,true,osqp,optimal,100,4.760961,0,-0.091695,accept,false,0.685620,0.304016,0.735589,0.139092,,,0.748624,0.023895,2.569488,2.790404
head_on,context_ext,SEESM w/o Feasibility-Preserving Update,48,4.800,-0.277317,-1.117192,0.735589,0.139092,0.186882,-0.400000,0.080000,-0.500000,0.000000,child,approaching,distracted,48.632958,1.000000,0.625000,1.203462,0.603462,0.562812,0.562812,0.562812,0.562812,0.000000,0.562812,0.000000,0.603462,1.121767,0.558955,0.040650,0.000000,horizon_mpc_secbf,12,0.044887,true,osqp,optimal,100,4.298125,0,0.018841,accept,false,0.683693,0.308324,0.734707,0.148450,,,0.749554,0.009400,2.644443,2.717576
head_on,context_ext,SEESM w/o Feasibility-Preserving Update,49,4.900,-0.203846,-1.102347,0.734707,0.148450,0.199369,-0.450000,0.080000,-0.500000,0.000000,child,approaching,distracted,,0.000000,0.625000,1.207699,0.607699,0.337812,0.337812,0.337812,0.337812,0.000000,0.337812,0.000000,0.607699,0.607699,0.269887,0.269887,0.000000,horizon_mpc_secbf,12,0.285862,true,osqp,optimal,100,4.918376,0,0.366931,accept,false,0.681736,0.312628,0.731091,0.157177,,,0.747796,0.009446,2.719223,2.644550
head_on,context_ext,SEESM w/o Feasibility-Preserving Update,50,5.000,-0.130737,-1.086630,0.731091,0.157177,0.211766,-0.500000,0.080000,-0.500000,0.000000,child,approaching,distracted,,0.000000,0.625000,1.223675,0.623675,0.337812,0.337812,0.337812,0.337812,0.000000,0.337812,0.000000,0.623675,0.623675,0.285862,0.285862,0.000000,horizon_mpc_secbf,12,0.312798,true,osqp,optimal,75,3.889367,0,0.495563,accept,false,0.679754,0.316913,0.726505,0.168261,,,0.745736,0.011995,2.793796,2.571595
head_on,context_ext,SEESM w/o Feasibility-Preserving Update,51,5.100,-0.058086,-1.069804,0.726505,0.168261,0.227590,-0.550000,0.080000,-0.500000,0.000000,child,approaching,distracted,,0.000000,0.625000,1.250611,0.650611,0.337812,0.337812,0.337812,0.337812,0.000000,0.337812,0.000000,0.650611,0.650611,0.312798,0.312798,0.000000,horizon_mpc_secbf,12,0.349656,true,osqp,optimal,75,3.570100,0,0.625890,accept,false,0.677782,0.321110,0.720895,0.181787,,,0.743462,0.014644,2.868143,2.498686
head_on,context_ext,SEESM w/o Feasibility-Preserving Update,52,5.200,0.014003,-1.051625,0.720895,0.181787,0.247019,-0.600000,0.080000,-0.500000,0.000000,child,approaching,distracted,,0.000000,0.625000,1.287468,0.687468,0.337812,0.337812,0.337812,0.337812,0.000000,0.337812,0.000000,0.687468,0.687468,0.349656,0.349656,0.000000,horizon_mpc_secbf,12,0.395281,true,osqp,optimal,75,3.564076,0,0.755201,accept,false,0.675859,0.325138,0.714379,0.197510,,,0.741180,0.017019,2.942261,2.425798
head_on,context_ext,SEESM w/o Feasibility-Preserving Update,53,5.300,0.085441,-1.031874,0.714379,0.197510,0.269739,-0.650000,0.080000,-0.500000,0.000000,child,approaching,distracted,,0.000000,0.625000,1.333093,0.733093,0.337812,0.337812,0.337812,0.337812,0.000000,0.337812,0.000000,0.733093,0.733093,0.395281,0.395281,0.000000,horizon_mpc_secbf,12,0.448510,true,osqp,optimal,75,4.234056,0,0.881818,accept,false,0.674028,0.328916,0.707100,0.215088,,,0.739089,0.019026,3.016169,2.352897
head_on,context_ext,SEESM w/o Feasibility-Preserving Update,54,5.400,0.156151,-1.010365,0.707100,0.215088,0.295290,-0.700000,0.080000,-0.500000,0.000000,child,approaching,distracted,,0.000000,0.625000,1.386323,0.786323,0.337812,0.337812,0.337812,0.337812,0.000000,0.337812,0.000000,0.786323,0.786323,0.448510,0.448510,0.000000,horizon_mpc_secbf,12,0.508249,true,osqp,optimal,125,4.756672,0,1.004928,accept,false,0.672334,0.332365,0.699196,0.234159,,,0.737364,0.020644,3.089906,2.279947
head_on,context_ext,SEESM w/o Feasibility-Preserving Update,55,5.500,0.226071,-0.986949,0.699196,0.234159,0.323158,-0.750000,0.080000,-0.500000,0.000000,child,approaching,distracted,,0.000000,0.625000,1.446062,0.846062,0.337812,0.337812,0.337812,0.337812,0.000000,0.337812,0.000000,0.846062,0.846062,0.508249,0.508249,0.000000,horizon_mpc_secbf,12,0.573511,true,osqp,optimal,125,4.240287,0,1.124327,accept,false,0.670822,0.335406,0.690811,0.254397,,,0.736164,0.021906,3.163522,2.206913
head_on,context_ext,SEESM w/o Feasibility-Preserving Update,56,5.600,0.295152,-0.961510,0.690811,0.254397,0.352848,-0.800000,0.080000,-0.500000,0.000000,child,approaching,distracted,,0.000000,0.625000,1.511324,0.911324,0.337812,0.337812,0.337812,0.337812,0.000000,0.337812,0.000000,0.911324,0.911324,0.573511,0.573511,0.000000,horizon_mpc_secbf,12,0.643442,true,osqp,optimal,75,4.421827,0,1.240260,accept,false,0.669538,0.337963,0.682102,0.275473,,,0.735628,0.022804,3.237085,2.133764
head_on,context_ext,SEESM w/o Feasibility-Preserving Update,57,5.700,0.363362,-0.933962,0.682102,0.275473,0.383828,-0.850000,0.080000,-0.500000,0.000000,child,approaching,distracted,,0.000000,0.625000,1.581255,0.981255,0.337812,0.337812,0.337812,0.337812,0.000000,0.337812,0.000000,0.981255,0.981255,0.643442,0.643442,0.000000,horizon_mpc_secbf,12,0.717332,true,osqp,optimal,75,5.072129,0,1.353288,accept,false,0.668527,0.339958,0.673214,0.296941,,,0.735793,0.023235,3.310664,2.060467
head_on,context_ext,SEESM w/o Feasibility-Preserving Update,58,5.800,0.430683,-0.904268,0.673214,0.296941,0.415411,-0.900000,0.080000,-0.500000,0.000000,child,approaching,distracted,,0.000000,0.625000,1.655144,1.055144,0.337812,0.337812,0.337812,0.337812,0.000000,0.337812,0.000000,1.055144,1.055144,0.717332,0.717332,0.000000,horizon_mpc_secbf,12,0.794651,true,osqp,optimal,100,4.193230,0,1.464568,accept,false,0.667834,0.341319,0.664538,0.317848,,,0.736640,0.022636,3.384328,1.987003
head_on,context_ext,SEESM w/o Feasibility-Preserving Update,59,5.900,0.497137,-0.872483,0.664538,0.317848,0.446137,-0.950000,0.080000,-0.500000,0.000000,child,approaching,distracted,,0.000000,0.625000,1.732464,1.132464,0.337812,0.337812,0.337812,0.337812,0.000000,0.337812,0.000000,1.132464,1.132464,0.794651,0.794651,0.000000,horizon_mpc_secbf,12,0.875312,true,osqp,optimal,100,4.016609,0,1.578127,accept,false,0.667487,0.341996,0.657823,0.334060,,,0.737785,0.017547,3.458107,1.913366
head_on,context_ext,SEESM w/o Feasibility-Preserving Update,60,6.000,0.562919,-0.839077,0.657823,0.334060,0.469889,-1.000000,0.080000,-0.500000,0.000000,child,approaching,distracted,,0.000000,0.625000,1.813125,1.213125,0.337812,0.337812,0.337812,0.337812,0.000000,0.337812,0.000000,1.213125,1.213125,0.875312,0.875312,0.000000,horizon_mpc_secbf,12,0.959962,true,osqp,optimal,100,4.559172,0,1.701549,accept,false,0.667438,0.342092,0.656637,0.336924,,,0.738031,0.003100,3.531910,1.839588
head_on,context_ext,SEESM w/o Feasibility-Preserving Update,61,6.100,0.628583,-0.805385,0.656637,0.336924,0.474077,-1.050000,0.080000,-0.500000,0.000000,child,approaching,distracted,,0.000000,0.625000,1.897775,1.297775,0.337812,0.337812,0.337812,0.337812,0.000000,0.337812,0.000000,1.297775,1.297775,0.959962,0.959962,0.000000,horizon_mpc_secbf,12,1.048276,true,osqp,optimal,100,4.040022,0,1.825420,accept,false,0.667444,0.342080,0.656437,0.337405,,,0.738073,0.000521,3.605717,1.765785
head_on,context_ext,SEESM w/o Feasibility-Preserving Update,62,6.200,0.694227,-0.771645,0.656437,0.337405,0.474780,-1.100000,0.080000,-0.500000,0.000000,child,approaching,distracted,,0.000000,0.625000,1.986089,1.386089,0.337812,0.337812,0.337812,0.337812,0.000000,0.337812,0.000000,1.386089,1.386089,1.048276,1.048276,0.000000,horizon_mpc_secbf,12,1.139820,true,osqp,optimal,100,4.051739,0,1.948275,accept,false,0.667461,0.342046,0.656415,0.337458,,,0.738078,0.000058,3.679525,1.691978
head_on,context_ext,SEESM w/o Feasibility-Preserving Update,63,6.300,0.759868,-0.737899,0.656415,0.337458,0.474858,-1.150000,0.080000,-0.500000,0.000000,child,approaching,distracted,,0.000000,0.625000,2.077632,1.477632,0.337812,0.337812,0.337812,0.337812,0.000000,0.337812,0.000000,1.477632,1.477632,1.139820,1.139820,0.000000,horizon_mpc_secbf,12,1.234190,true,osqp,optimal,100,4.345925,0,2.070030,accept,false,0.667482,0.342006,0.656426,0.337434,,,0.738076,0.000026,3.753333,1.618170
head_on,context_ext,SEESM w/o Feasibility-Preserving Update,64,6.400,0.825511,-0.704155,0.656426,0.337434,0.474822,-1.200000,0.080000,-0.500000,0.000000,child,approaching,distracted,,0.000000,0.625000,2.172002,1.572002,0.337812,0.337812,0.337812,0.337812,0.000000,0.337812,0.000000,1.572002,1.572002,1.234190,1.234190,0.000000,horizon_mpc_secbf,12,1.331035,true,osqp,optimal,100,4.811944,0,2.190827,accept,false,0.667503,0.341964,0.656442,0.337394,,,0.738073,0.000043,3.827140,1.544362
head_on,context_ext,SEESM w/o Feasibility-Preserving Update,65,6.500,0.891155,-0.670416,0.656442,0.337394,0.474764,-1.250000,0.080000,-0.500000,0.000000,child,approaching,distracted,,0.000000,0.625000,2.268848,1.668848,0.337812,0.337812,0.337812,0.337812,0.000000,0.337812,0.000000,1.668848,1.668848,1.331035,1.331035,0.000000,horizon_mpc_secbf,12,1.430052,true,osqp,optimal,100,3.740771,0,2.310832,accept,false,0.667526,0.341920,0.656461,0.337349,,,0.738069,0.000048,3.900947,1.470555
head_on,context_ext,SEESM w/o Feasibility-Preserving Update,66,6.600,0.956801,-0.636681,0.656461,0.337349,0.474698,-1.300000,0.080000,-0.500000,0.000000,child,approaching,distracted,,0.000000,0.625000,2.367865,1.767865,0.337812,0.337812,0.337812,0.337812,0.000000,0.337812,0.000000,1.767865,1.767865,1.430052,1.430052,0.000000,horizon_mpc_secbf,12,1.530980,true,osqp,optimal,100,4.093945,0,2.430198,accept,false,0.667550,0.341873,0.656481,0.337302,,,0.738065,0.000051,3.974753,1.396748
head_on,context_ext,SEESM w/o Feasibility-Preserving Update,67,6.700,1.022449,-0.602951,0.656481,0.337302,0.474629,-1.350000,0.080000,-0.500000,0.000000,child,approaching,distracted,,0.000000,0.625000,2.468793,1.868793,0.337812,0.337812,0.337812,0.337812,0.000000,0.337812,0.000000,1.868793,1.868793,1.530980,1.530980,0.000000,horizon_mpc_secbf,12,1.633594,true,osqp,optimal,100,4.734354,0,2.549055,accept,false,0.667575,0.341824,0.656502,0.337252,,,0.738061,0.000054,4.048559,1.322942
head_on,context_ext,SEESM w/o Feasibility-Preserving Update,68,6.800,1.088100,-0.569226,0.656502,0.337252,0.474555,-1.400000,0.080000,-0.500000,0.000000,child,approaching,distracted,,0.000000,0.625000,2.571407,1.971407,0.337812,0.337812,0.337812,0.337812,0.000000,0.337812,0.000000,1.971407,1.971407,1.633594,1.633594,0.000000,horizon_mpc_secbf,12,1.737701,true,osqp,optimal,100,5.530734,0,2.667515,accept,false,0.667602,0.341772,0.656524,0.337198,,,0.738056,0.000058,4.122365,1.249136
head_on,context_ext,SEESM w/o Feasibility-Preserving Update,69,6.900,1.153752,-0.535506,0.656524,0.337198,0.474477,-1.450000,0.080000,-0.500000,0.000000,child,approaching,distracted,,0.000000,0.625000,2.675513,2.075513,0.337812,0.337812,0.337812,0.337812,0.000000,0.337812,0.000000,2.075513,2.075513,1.737701,1.737701,0.000000,horizon_mpc_secbf,12,1.843133,true,osqp,optimal,100,3.949959,0,2.785669,accept,false,0.667630,0.341716,0.656548,0.337142,,,0.738051,0.000061,4.196170,1.175330
head_on,context_ext,SEESM w/o Feasibility-Preserving Update,70,7.000,1.219407,-0.501792,0.656548,0.337142,0.474395,-1.500000,0.080000,-0.500000,0.000000,child,approaching,distracted,,0.000000,0.625000,2.780945,2.180945,0.337812,0.337812,0.337812,0.337812,0.000000,0.337812,0.000000,2.180945,2.180945,1.843133,1.843133,0.000000,horizon_mpc_secbf,12,1.949744,true,osqp,optimal,100,4.308994,0,2.903593,accept,false,0.667660,0.341657,0.656573,0.337082,,,0.738046,0.000065,4.269975,1.101525
head_on,context_ext,SEESM w/o Feasibility-Preserving Update,71,7.100,1.285064,-0.468084,0.656573,0.337082,0.474306,-1.550000,0.080000,-0.500000,0.000000,child,approaching,distracted,,0.000000,0.625000,2.887557,2.287557,0.337812,0.337812,0.337812,0.337812,0.000000,0.337812,0.000000,2.287557,2.287557,1.949744,1.949744,0.000000,horizon_mpc_secbf,12,2.057411,true,osqp,optimal,100,5.043937,0,3.021350,accept,false,0.667693,0.341593,0.656600,0.337017,,,0.738041,0.000070,4.343779,1.027721
head_on,context_ext,SEESM w/o Feasibility-Preserving Update,72,7.200,1.350724,-0.434382,0.656600,0.337017,0.474212,-1.600000,0.080000,-0.500000,0.000000,child,approaching,distracted,,0.000000,0.625000,2.995223,2.395223,0.337812,0.337812,0.337812,0.337812,0.000000,0.337812,0.000000,2.395223,2.395223,2.057411,2.057411,0.000000,horizon_mpc_secbf,12,2.166022,true,osqp,optimal,100,3.888140,0,3.138991,accept,false,0.667728,0.341525,0.656629,0.336947,,,0.738035,0.000075,4.417582,0.953917
head_on,context_ext,SEESM w/o Feasibility-Preserving Update,73,7.300,1.416387,-0.400687,0.656629,0.336947,0.474110,-1.650000,0.080000,-0.500000,0.000000,child,approaching,distracted,,0.000000,0.625000,3.103835,2.503835,0.337812,0.337812,0.337812,0.337812,0.000000,0.337812,0.000000,2.503835,2.503835,2.166022,2.166022,0.000000,horizon_mpc_secbf,12,2.275484,true,osqp,optimal,100,3.735455,0,3.256557,accept,false,0.667766,0.341451,0.656661,0.336872,,,0.738029,0.000082,4.491385,0.880113
head_on,context_ext,SEESM w/o Feasibility-Preserving Update,74,7.400,1.482053,-0.367000,0.656661,0.336872,0.473999,-1.700000,0.080000,-0.500000,0.000000,child,approaching,distracted,,0.000000,0.625000,3.213296,2.613296,0.337812,0.337812,0.337812,0.337812,0.000000,0.337812,0.000000,2.613296,2.613296,2.275484,2.275484,0.000000,horizon_mpc_secbf,12,2.385711,true,osqp,optimal,100,4.009707,0,3.374082,accept,false,0.667807,0.341370,0.656695,0.336790,,,0.738022,0.000089,4.565188,0.806310
head_on,context_ext,SEESM w/o Feasibility-Preserving Update,75,7.500,1.547723,-0.333321,0.656695,0.336790,0.473879,-1.750000,0.080000,-0.500000,0.000000,child,approaching,distracted,,0.000000,0.625000,3.323524,2.723524,0.337812,0.337812,0.337812,0.337812,0.000000,0.337812,0.000000,2.723524,2.723524,2.385711,2.385711,0.000000,horizon_mpc_secbf,12,2.496632,true,osqp,optimal,100,4.710480,0,3.491592,accept,false,0.667853,0.341280,0.656733,0.336699,,,0.738014,0.000098,4.638989,0.732508
head_on,context_ext,SEESM w/o Feasibility-Preserving Update,76,7.600,1.613396,-0.299651,0.656733,0.336699,0.473746,-1.800000,0.080000,-0.500000,0.000000,child,approaching,distracted,,0.000000,0.625000,3.434444,2.834444,0.337812,0.337812,0.337812,0.337812,0.000000,0.337812,0.000000,2.834444,2.834444,2.496632,2.496632,0.000000,horizon_mpc_secbf,12,2.608181,true,osqp,optimal,100,5.318511,0,3.609109,accept,false,0.667904,0.341181,0.656775,0.336599,,,0.738005,0.000109,4.712789,0.658707
head_on,context_ext,SEESM w/o Feasibility-Preserving Update,77,7.700,1.679074,-0.265991,0.656775,0.336599,0.473599,-1.850000,0.080000,-0.500000,0.000000,child,approaching,distracted,,0.000000,0.625000,3.545994,2.945994,0.337812,0.337812,0.337812,0.337812,0.000000,0.337812,0.000000,2.945994,2.945994,2.608181,2.608181,0.000000,horizon_mpc_secbf,12,2.720302,true,osqp,optimal,100,3.813724,0,3.726652,accept,false,0.667961,0.341069,0.656822,0.336485,,,0.737996,0.000123,4.786589,0.584906
head_on,context_ext,SEESM w/o Feasibility-Preserving Update,78,7.800,1.744756,-0.232343,0.656822,0.336485,0.473434,-1.900000,0.080000,-0.500000,0.000000,child,approaching,distracted,,0.000000,0.625000,3.658115,3.058115,0.337812,0.337812,0.337812,0.337812,0.000000,0.337812,0.000000,3.058115,3.058115,2.720302,2.720302,0.000000,horizon_mpc_secbf,12,2.832945,true,osqp,optimal,100,5.137991,0,3.844234,accept,false,0.668027,0.340940,0.656876,0.336356,,,0.737985,0.000140,4.860388,0.511107
head_on,context_ext,SEESM w/o Feasibility-Preserving Update,79,7.900,1.810443,-0.198707,0.656876,0.336356,0.473244,-1.950000,0.080000,-0.500000,0.000000,child,approaching,distracted,,0.000000,0.625000,3.770758,3.170758,0.337812,0.337812,0.337812,0.337812,0.000000,0.337812,0.000000,3.170758,3.170758,2.832945,2.832945,0.000000,horizon_mpc_secbf,12,2.946065,true,osqp,optimal,100,3.798880,0,3.961870,accept,false,0.668104,0.340790,0.656939,0.336205,,,0.737972,0.000164,4.934185,0.437309
head_on,context_ext,SEESM w/o Feasibility-Preserving Update,80,8.000,1.876137,-0.165087,0.656939,0.336205,0.473023,-2.000000,0.080000,-0.500000,0.000000,child,approaching,distracted,,0.000000,0.625000,3.883878,3.283878,0.337812,0.337812,0.337812,0.337812,0.000000,0.337812,0.000000,3.283878,3.283878,2.946065,2.946065,0.000000,horizon_mpc_secbf,12,3.059624,true,osqp,optimal,100,4.438017,0,4.079570,accept,false,0.668196,0.340608,0.657014,0.336023,,,0.737956,0.000197,5.007980,0.363511
head_on,context_ext,SEESM w/o Feasibility-Preserving Update,81,8.100,1.941839,-0.131484,0.657014,0.336023,0.472758,-2.050000,0.080000,-0.500000,0.000000,child,approaching,distracted,,0.000000,0.625000,3.997437,3.397437,0.337812,0.337812,0.337812,0.337812,0.000000,0.337812,0.000000,3.397437,3.397437,3.059624,3.059624,0.000000,horizon_mpc_secbf,12,3.173588,true,osqp,optimal,100,3.947354,0,4.197347,accept,false,0.668313,0.340379,0.657109,0.335796,,,0.737937,0.000246,5.081774,0.289716
head_on,context_ext,SEESM w/o Feasibility-Preserving Update,82,8.200,2.007550,-0.097905,0.657109,0.335796,0.472425,-2.100000,0.080000,-0.500000,0.000000,child,approaching,distracted,,0.000000,0.625000,4.111401,3.511401,0.337812,0.337812,0.337812,0.337812,0.000000,0.337812,0.000000,3.511401,3.511401,3.173588,3.173588,0.000000,horizon_mpc_secbf,12,3.287927,true,osqp,optimal,100,4.592581,0,4.315222,accept,false,0.668471,0.340069,0.657235,0.335492,,,0.737911,0.000329,5.155565,0.215922
head_on,context_ext,SEESM w/o Feasibility-Preserving Update,83,8.300,2.073273,-0.064355,0.657235,0.335492,0.471980,-2.150000,0.080000,-0.500000,0.000000,child,approaching,distracted,,0.000000,0.625000,4.225740,3.625740,0.337812,0.337812,0.337812,0.337812,0.000000,0.337812,0.000000,3.625740,3.625740,3.287927,3.287927,0.000000,horizon_mpc_secbf,12,3.402619,true,osqp,optimal,100,4.130293,0,4.433233,accept,false,0.668714,0.339591,0.657426,0.335031,,,0.737872,0.000499,5.229352,0.142131
head_on,context_ext,SEESM w/o Feasibility-Preserving Update,84,8.400,2.139016,-0.030852,0.657426,0.335031,0.471306,-2.200000,0.080000,-0.500000,0.000000,child,approaching,distracted,,0.000000,0.625000,4.340432,3.740432,0.337812,0.337812,0.337812,0.337812,0.000000,0.337812,0.000000,3.740432,3.740432,3.402619,3.402619,0.000000,horizon_mpc_secbf,12,3.513715,true,osqp,optimal,75,5.330851,0,4.512265,accept,false,0.609842,0.308523,0.618006,0.313071,,,0.692781,0.045124,5.298630,0.068344
head_on,context_ext,SEESM w/o Feasibility-Preserving Update,85,8.500,2.200816,0.000455,0.618006,0.313071,0.468899,-2.250000,0.080000,-0.500000,0.000000,child,approaching,distracted,,0.000000,0.625000,4.451527,3.851527,0.337812,0.337812,0.337812,0.337812,0.000000,0.337812,0.000000,3.851527,3.851527,3.513715,3.513715,0.000000,horizon_mpc_secbf,12,3.563942,true,osqp,optimal,75,4.266519,0,4.015984,accept,false,-0.008164,-0.004548,0.002277,-0.004087,,,0.004678,0.692612,5.299098,0.000935
head_on,context_ext,SEESM w/o Feasibility-Preserving Update,86,8.600,2.201044,0.000046,0.002277,-0.004087,-1.062537,-2.300000,0.080000,-0.500000,0.000000,child,approaching,distracted,,0.000000,0.625000,4.501754,3.901754,0.337812,0.337812,0.337812,0.337812,0.000000,0.337812,0.000000,3.901754,3.901754,3.563942,3.563942,0.000000,horizon_mpc_secbf,12,3.613111,true,osqp,optimal,50,3.816519,0,4.055631,accept,false,-0.010441,-0.000461,-0.008253,-0.001084,,,0.008323,0.010949,5.299931,0.001045
head_on,context_ext,SEESM w/o Feasibility-Preserving Update,87,8.700,2.200219,-0.000062,-0.008253,-0.001084,-3.011041,-2.350000,0.080000,-0.500000,0.000000,child,approaching,distracted,,0.000000,0.625000,4.550923,3.950923,0.337812,0.337812,0.337812,0.337812,0.000000,0.337812,0.000000,3.950923,3.950923,3.613111,3.613111,0.000000,horizon_mpc_secbf,12,3.662780,true,osqp,optimal,50,3.506351,0,4.109801,accept,false,-0.002188,0.000622,-0.003227,0.000329,,,0.003244,0.005220,5.300255,0.000227
head_on,context_ext,SEESM w/o Feasibility-Preserving Update,88,8.800,2.199896,-0.000029,-0.003227,0.000329,3.039874,-2.400000,0.080000,-0.500000,0.000000,child,approaching,distracted,,0.000000,0.625000,4.600592,4.000592,0.337812,0.337812,0.337812,0.337812,0.000000,0.337812,0.000000,4.000592,4.000592,3.662780,3.662780,0.000000,horizon_mpc_secbf,12,3.712802,true,osqp,optimal,50,3.840290,0,4.163005,accept,false,0.001039,0.000293,0.000307,0.000299,,,0.000428,0.003534,5.300298,0.000108
head_on,context_ext,SEESM w/o Feasibility-Preserving Update,89,8.900,2.199927,0.000001,0.000307,0.000299,0.772852,-2.450000,0.080000,-0.500000,0.000000,child,approaching,distracted,,0.000000,0.625000,4.650615,4.050615,0.337812,0.337812,0.337812,0.337812,0.000000,0.337812,0.000000,4.050615,4.050615,3.712802,3.712802,0.000000,horizon_mpc_secbf,12,3.762861,true,osqp,optimal,50,4.998482,0,4.213386,accept,false,0.000733,-0.000006,0.000659,0.000046,,,0.000661,0.000434,5.300364,0.000073
head_on,context_ext,SEESM w/o Feasibility-Preserving Update,90,9.000,2.199993,0.000005,0.000659,0.000046,0.069806,-2.500000,0.080000,-0.500000,0.000000,child,approaching,distracted,,0.000000,0.625000,4.700673,4.100673,0.337812,0.337812,0.337812,0.337812,0.000000,0.337812,0.000000,4.100673,4.100673,3.762861,3.762861,0.000000,horizon_mpc_secbf,12,3.812871,true,osqp,optimal,25,3.697669,0,4.262961,accept,false,0.000074,-0.000052,0.000172,-0.000035,,,0.000175,0.000494,5.300381,0.000009
head_on,context_ext,SEESM w/o Feasibility-Preserving Update,91,9.100,2.200010,0.000002,0.000172,-0.000035,-0.203516,-2.550000,0.080000,-0.500000,0.000000,child,approaching,distracted,,0.000000,0.625000,4.750683,4.150683,0.337812,0.337812,0.337812,0.337812,0.000000,0.337812,0.000000,4.150683,4.150683,3.812871,3.812871,0.000000,horizon_mpc_secbf,12,3.862859,true,osqp,optimal,25,3.697060,0,4.312751,accept,false,-0.000098,-0.000017,-0.000050,-0.000020,,,0.000054,0.000222,5.300387,0.000010
head_on,context_ext,SEESM w/o Feasibility-Preserving Update,92,9.200,2.200005,-0.000000,-0.000050,-0.000020,-2.755507,-2.600000,0.080000,-0.500000,0.000000,child,approaching,distracted,,0.000000,0.625000,4.800671,4.200671,0.337812,0.337812,0.337812,0.337812,0.000000,0.337812,0.000000,4.200671,4.200671,3.862859,3.862859,0.000000,horizon_mpc_secbf,12,3.912847,true,osqp,optimal,25,3.443917,0,4.362742,accept,false,-0.000049,0.000003,-0.000048,-0.000001,,,0.000048,0.000019,5.300391,0.000005
head_on,context_ext,SEESM w/o Feasibility-Preserving Update,93,9.300,2.200000,-0.000000,-0.000048,-0.000001,-3.124222,-2.650000,0.080000,-0.500000,0.000000,child,approaching,distracted,,0.000000,0.625000,4.850660,4.250660,0.337812,0.337812,0.337812,0.337812,0.000000,0.337812,0.000000,4.250660,4.250660,3.912847,3.912847,0.000000,horizon_mpc_secbf,12,3.962840,true,osqp,optimal,25,4.999494,0,4.412770,accept,false,-0.000001,0.000004,-0.000009,0.000003,,,0.000010,0.000039,5.300392,0.000000
head_on,context_ext,SEESM w/o Feasibility-Preserving Update,94,9.400,2.199999,-0.000000,-0.000009,0.000003,2.800045,-2.700000,0.080000,-0.500000,0.000000,child,approaching,distracted,,0.000000,0.625000,4.900652,4.300652,0.337812,0.337812,0.337812,0.337812,0.000000,0.337812,0.000000,4.300652,4.300652,3.962840,3.962840,0.000000,horizon_mpc_secbf,12,4.012834,true,osqp,optimal,25,4.769410,0,4.462778,accept,false,0.000008,0.000001,0.000005,0.000001,,,0.000005,0.000014,5.300393,0.000001
head_on,context_ext,SEESM w/o Feasibility-Preserving Update,95,9.500,2.200000,0.000000,0.000005,0.000001,0.251540,-2.750000,0.080000,-0.500000,0.000000,child,approaching,distracted,,0.000000,0.625000,4.950646,4.350646,0.337812,0.337812,0.337812,0.337812,0.000000,0.337812,0.000000,4.350646,4.350646,4.012834,4.012834,0.000000,horizon_mpc_secbf,12,4.062827,true,osqp,optimal,25,3.989915,0,4.512772,accept,false,0.000003,-0.000000,0.000003,-0.000000,,,0.000003,0.000002,5.300393,0.000000
head_on,context_ext,SEESM w/o Feasibility-Preserving Update,96,9.600,2.200000,0.000000,0.000003,-0.000000,-0.037232,-2.800000,0.080000,-0.500000,0.000000,child,approaching,distracted,,0.000000,0.625000,5.000640,4.400640,0.337812,0.337812,0.337812,0.337812,0.000000,0.337812,0.000000,4.400640,4.400640,4.062827,4.062827,0.000000,horizon_mpc_secbf,12,4.112821,true,osqp,optimal,25,4.213392,0,4.562764,accept,false,-0.000000,-0.000000,0.000000,-0.000000,,,0.000000,0.000003,5.300393,0.000000
head_on,context_ext,SEESM w/o Feasibility-Preserving Update,97,9.700,2.200000,-0.000000,0.000000,-0.000000,-0.661499,-2.850000,0.080000,-0.500000,0.000000,child,approaching,distracted,,0.000000,0.625000,5.050634,4.450634,0.337812,0.337812,0.337812,0.337812,0.000000,0.337812,0.000000,4.450634,4.450634,4.112821,4.112821,0.000000,horizon_mpc_secbf,12,4.162815,true,osqp,optimal,25,6.093292,0,4.612758,accept,false,-0.000001,0.000000,-0.000000,-0.000000,,,0.000000,0.000001,5.300393,0.000000
head_on,context_ext,SEESM w/o Feasibility-Preserving Update,98,9.800,2.200000,-0.000000,-0.000000,-0.000000,-3.024072,-2.900000,0.080000,-0.500000,0.000000,child,approaching,distracted,,0.000000,0.625000,5.100627,4.500627,0.337812,0.337812,0.337812,0.337812,0.000000,0.337812,0.000000,4.500627,4.500627,4.162815,4.162815,0.000000,horizon_mpc_secbf,12,4.212809,true,osqp,optimal,25,4.118584,0,4.662753,accept,false,-0.000000,0.000000,-0.000000,0.000000,,,0.000000,0.000000,5.300393,0.000000
head_on,context_ext,SEESM w/o Feasibility-Preserving Update,99,9.900,2.200000,-0.000000,-0.000000,0.000000,2.989631,-2.950000,0.080000,-0.500000,0.000000,child,approaching,distracted,,0.000000,0.625000,5.150621,4.550621,0.337812,0.337812,0.337812,0.337812,0.000000,0.337812,0.000000,4.550621,4.550621,4.212809,4.212809,0.000000,horizon_mpc_secbf,12,4.262803,true,osqp,optimal,25,3.931711,0,4.712748,accept,false,0.000000,0.000000,-0.000000,0.000000,,,0.000000,0.000000,5.300393,0.000000
head_on,context_ext,SEESM w/o Feasibility-Preserving Update,100,10.000,2.200000,0.000000,-0.000000,0.000000,1.957262,-3.000000,0.080000,-0.500000,0.000000,child,approaching,distracted,,0.000000,0.625000,5.200615,4.600615,0.337812,0.337812,0.337812,0.337812,0.000000,0.337812,0.000000,4.600615,4.600615,4.262803,4.262803,0.000000,horizon_mpc_secbf,12,4.312797,true,osqp,optimal,25,4.700603,0,4.762744,accept,false,0.000000,-0.000000,0.000000,0.000000,,,0.000000,0.000000,5.300393,0.000000
head_on,context_ext,SEESM w/o Feasibility-Preserving Update,101,10.100,2.200000,0.000000,0.000000,0.000000,0.033664,-3.050000,0.080000,-0.500000,0.000000,child,approaching,distracted,,0.000000,0.625000,5.250609,4.650609,0.337812,0.337812,0.337812,0.337812,0.000000,0.337812,0.000000,4.650609,4.650609,4.312797,4.312797,0.000000,horizon_mpc_secbf,12,4.362791,true,osqp,optimal,25,4.866421,0,4.812739,accept,false,0.000000,-0.000000,0.000000,-0.000000,,,0.000000,0.000000,5.300393,0.000000
head_on,context_ext,SEESM w/o Feasibility-Preserving Update,102,10.200,2.200000,0.000000,0.000000,-0.000000,-0.217315,-3.100000,0.080000,-0.500000,0.000000,child,approaching,distracted,,0.000000,0.625000,5.300604,4.700604,0.337812,0.337812,0.337812,0.337812,0.000000,0.337812,0.000000,4.700604,4.700604,4.362791,4.362791,0.000000,horizon_mpc_secbf,12,4.412786,true,osqp,optimal,25,4.978146,0,4.862734,accept,false,0.000000,0.000000,0.000000,-0.000000,,,0.000000,0.000000,5.300393,0.000000
head_on,context_ext,SEESM w/o Feasibility-Preserving Update,103,10.300,2.200000,0.000000,0.000000,-0.000000,-0.216226,-3.150000,0.080000,-0.500000,0.000000,child,approaching,distracted,,0.000000,0.625000,5.350598,4.750598,0.337812,0.337812,0.337812,0.337812,0.000000,0.337812,0.000000,4.750598,4.750598,4.412786,4.412786,0.000000,horizon_mpc_secbf,12,4.462780,true,osqp,optimal,25,4.242474,0,4.912730,accept,false,0.000000,0.000000,0.000000,-0.000000,,,0.000000,0.000000,5.300393,0.000000
head_on,context_ext,SEESM w/o Feasibility-Preserving Update,104,10.400,2.200000,0.000000,0.000000,-0.000000,-0.216226,-3.200000,0.080000,-0.500000,0.000000,child,approaching,distracted,,0.000000,0.625000,5.400593,4.800593,0.337812,0.337812,0.337812,0.337812,0.000000,0.337812,0.000000,4.800593,4.800593,4.462780,4.462780,0.000000,horizon_mpc_secbf,12,4.512775,true,osqp,optimal,25,3.386443,0,4.962725,accept,false,0.000000,0.000000,0.000000,-0.000000,,,0.000000,0.000000,5.300393,0.000000
head_on,context_ext,SEESM w/o Feasibility-Preserving Update,105,10.500,2.200000,0.000000,0.000000,-0.000000,-0.216226,-3.250000,0.080000,-0.500000,0.000000,child,approaching,distracted,,0.000000,0.625000,5.450587,4.850587,0.337812,0.337812,0.337812,0.337812,0.000000,0.337812,0.000000,4.850587,4.850587,4.512775,4.512775,0.000000,horizon_mpc_secbf,12,4.562769,true,osqp,optimal,25,3.185956,0,5.012721,accept,false,0.000000,0.000000,0.000000,-0.000000,,,0.000000,0.000000,5.300393,0.000000
head_on,context_ext,SEESM w/o Feasibility-Preserving Update,106,10.600,2.200000,0.000000,0.000000,-0.000000,-0.216226,-3.300000,0.080000,-0.500000,0.000000,child,approaching,distracted,,0.000000,0.625000,5.500582,4.900582,0.337812,0.337812,0.337812,0.337812,0.000000,0.337812,0.000000,4.900582,4.900582,4.562769,4.562769,0.000000,horizon_mpc_secbf,12,4.612764,true,osqp,optimal,25,3.325084,0,5.062716,accept,false,0.000000,0.000000,0.000000,-0.000000,,,0.000000,0.000000,5.300393,0.000000
head_on,context_ext,SEESM w/o Feasibility-Preserving Update,107,10.700,2.200000,0.000000,0.000000,-0.000000,-0.216226,-3.350000,0.080000,-0.500000,0.000000,child,approaching,distracted,,0.000000,0.625000,5.550577,4.950577,0.337812,0.337812,0.337812,0.337812,0.000000,0.337812,0.000000,4.950577,4.950577,4.612764,4.612764,0.000000,horizon_mpc_secbf,12,4.662759,true,osqp,optimal,25,3.590264,0,5.112712,accept,false,0.000000,0.000000,0.000000,-0.000000,,,0.000000,0.000000,5.300393,0.000000
head_on,context_ext,SEESM w/o Feasibility-Preserving Update,108,10.800,2.200000,0.000000,0.000000,-0.000000,-0.216226,-3.400000,0.080000,-0.500000,0.000000,child,approaching,distracted,,0.000000,0.625000,5.600571,5.000571,0.337812,0.337812,0.337812,0.337812,0.000000,0.337812,0.000000,5.000571,5.000571,4.662759,4.662759,0.000000,horizon_mpc_secbf,12,4.712754,true,osqp,optimal,25,3.791441,0,5.162708,accept,false,0.000000,0.000000,0.000000,-0.000000,,,0.000000,0.000000,5.300393,0.000000
head_on,context_ext,SEESM w/o Feasibility-Preserving Update,109,10.900,2.200000,0.000000,0.000000,-0.000000,-0.216226,-3.450000,0.080000,-0.500000,0.000000,child,approaching,distracted,,0.000000,0.625000,5.650566,5.050566,0.337812,0.337812,0.337812,0.337812,0.000000,0.337812,0.000000,5.050566,5.050566,4.712754,4.712754,0.000000,horizon_mpc_secbf,12,4.762749,true,osqp,optimal,25,3.419166,0,5.212704,accept,false,0.000000,0.000000,0.000000,-0.000000,,,0.000000,0.000000,5.300393,0.000000
head_on,context_ext,SEESM w/o Feasibility-Preserving Update,110,11.000,2.200000,0.000000,0.000000,-0.000000,-0.216226,-3.500000,0.080000,-0.500000,0.000000,child,approaching,distracted,,0.000000,0.625000,5.700561,5.100561,0.337812,0.337812,0.337812,0.337812,0.000000,0.337812,0.000000,5.100561,5.100561,4.762749,4.762749,0.000000,horizon_mpc_secbf,12,4.812744,true,osqp,optimal,25,3.289912,0,5.262700,accept,false,0.000000,0.000000,0.000000,-0.000000,,,0.000000,0.000000,5.300393,0.000000
head_on,context_ext,SEESM w/o Feasibility-Preserving Update,111,11.100,2.200000,0.000000,0.000000,-0.000000,-0.216226,-3.550000,0.080000,-0.500000,0.000000,child,approaching,distracted,,0.000000,0.625000,5.750556,5.150556,0.337812,0.337812,0.337812,0.337812,0.000000,0.337812,0.000000,5.150556,5.150556,4.812744,4.812744,0.000000,horizon_mpc_secbf,12,4.862739,true,osqp,optimal,25,3.433610,0,5.312696,accept,false,0.000000,0.000000,0.000000,-0.000000,,,0.000000,0.000000,5.300393,0.000000
head_on,context_ext,SEESM w/o Feasibility-Preserving Update,112,11.200,2.200000,0.000000,0.000000,-0.000000,-0.216226,-3.600000,0.080000,-0.500000,0.000000,child,approaching,distracted,,0.000000,0.625000,5.800552,5.200552,0.337812,0.337812,0.337812,0.337812,0.000000,0.337812,0.000000,5.200552,5.200552,4.862739,4.862739,0.000000,horizon_mpc_secbf,12,4.912734,true,osqp,optimal,25,4.820715,0,5.362692,accept,false,0.000000,0.000000,0.000000,-0.000000,,,0.000000,0.000000,5.300393,0.000000
head_on,context_ext,SEESM w/o Feasibility-Preserving Update,113,11.300,2.200000,0.000000,0.000000,-0.000000,-0.216226,-3.650000,0.080000,-0.500000,0.000000,child,approaching,distracted,,0.000000,0.625000,5.850547,5.250547,0.337812,0.337812,0.337812,0.337812,0.000000,0.337812,0.000000,5.250547,5.250547,4.912734,4.912734,0.000000,horizon_mpc_secbf,12,4.962730,true,osqp,optimal,25,3.868579,0,5.412688,accept,false,0.000000,0.000000,0.000000,-0.000000,,,0.000000,0.000000,5.300393,0.000000
head_on,context_ext,SEESM w/o Feasibility-Preserving Update,114,11.400,2.200000,0.000000,0.000000,-0.000000,-0.216226,-3.700000,0.080000,-0.500000,0.000000,child,approaching,distracted,,0.000000,0.625000,5.900542,5.300542,0.337812,0.337812,0.337812,0.337812,0.000000,0.337812,0.000000,5.300542,5.300542,4.962730,4.962730,0.000000,horizon_mpc_secbf,12,5.012725,true,osqp,optimal,25,3.672821,0,5.462684,accept,false,0.000000,0.000000,0.000000,-0.000000,,,0.000000,0.000000,5.300393,0.000000
head_on,context_ext,SEESM w/o Feasibility-Preserving Update,115,11.500,2.200000,0.000000,0.000000,-0.000000,-0.216226,-3.750000,0.080000,-0.500000,0.000000,child,approaching,distracted,,0.000000,0.625000,5.950538,5.350538,0.337812,0.337812,0.337812,0.337812,0.000000,0.337812,0.000000,5.350538,5.350538,5.012725,5.012725,0.000000,horizon_mpc_secbf,12,5.062721,true,osqp,optimal,25,3.425164,0,5.512680,accept,false,0.000000,0.000000,0.000000,-0.000000,,,0.000000,0.000000,5.300393,0.000000
head_on,context_ext,SEESM w/o Feasibility-Preserving Update,116,11.600,2.200000,0.000000,0.000000,-0.000000,-0.216226,-3.800000,0.080000,-0.500000,0.000000,child,approaching,distracted,,0.000000,0.625000,6.000533,5.400533,0.337812,0.337812,0.337812,0.337812,0.000000,0.337812,0.000000,5.400533,5.400533,5.062721,5.062721,0.000000,horizon_mpc_secbf,12,5.112716,true,osqp,optimal,25,5.141102,0,5.562676,accept,false,0.000000,0.000000,0.000000,-0.000000,,,0.000000,0.000000,5.300393,0.000000
head_on,context_ext,SEESM w/o Feasibility-Preserving Update,117,11.700,2.200000,0.000000,0.000000,-0.000000,-0.216226,-3.850000,0.080000,-0.500000,0.000000,child,approaching,distracted,,0.000000,0.625000,6.050529,5.450529,0.337812,0.337812,0.337812,0.337812,0.000000,0.337812,0.000000,5.450529,5.450529,5.112716,5.112716,0.000000,horizon_mpc_secbf,12,5.162712,true,osqp,optimal,25,3.294523,0,5.612673,accept,false,0.000000,0.000000,0.000000,-0.000000,,,0.000000,0.000000,5.300393,0.000000
head_on,context_ext,SEESM w/o Feasibility-Preserving Update,118,11.800,2.200000,0.000000,0.000000,-0.000000,-0.216226,-3.900000,0.080000,-0.500000,0.000000,child,approaching,distracted,,0.000000,0.625000,6.100525,5.500525,0.337812,0.337812,0.337812,0.337812,0.000000,0.337812,0.000000,5.500525,5.500525,5.162712,5.162712,0.000000,horizon_mpc_secbf,12,5.212708,true,osqp,optimal,25,3.599742,0,5.662669,accept,false,0.000000,0.000000,0.000000,-0.000000,,,0.000000,0.000000,5.300393,0.000000
head_on,context_ext,SEESM w/o Feasibility-Preserving Update,119,11.900,2.200000,0.000000,0.000000,-0.000000,-0.216226,-3.950000,0.080000,-0.500000,0.000000,child,approaching,distracted,,0.000000,0.625000,6.150520,5.550520,0.337812,0.337812,0.337812,0.337812,0.000000,0.337812,0.000000,5.550520,5.550520,5.212708,5.212708,0.000000,horizon_mpc_secbf,12,5.262704,true,osqp,optimal,25,3.286084,0,5.712666,accept,false,0.000000,0.000000,0.000000,-0.000000,,,0.000000,0.000000,5.300393,0.000000
head_on,context_ext,Proposed MPC-SECBF,0,0.000,-2.200000,0.000000,0.000000,0.000000,0.000000,2.000000,0.080000,-0.500000,0.000000,unknown,walking,unknown,7.202830,1.000000,0.625000,4.200762,3.600762,0.307125,0.050000,0.307125,0.050000,0.499897,0.549897,0.050000,3.600762,3.100865,3.050865,3.050865,0.000000,horizon_mpc_secbf,12,1.580977,true,osqp,optimal,100,4.617974,0,1.930054,accept,false,0.750000,0.000000,0.621014,-0.000000,,,0.621014,0.621014,0.062101,4.400000
head_on,context_ext,Proposed MPC-SECBF,1,0.100,-2.137899,-0.000000,0.621014,-0.000000,-0.000000,1.950000,0.080000,-0.500000,0.000000,unknown,walking,unknown,3.112671,1.000000,0.625000,4.088681,3.488681,0.332414,0.100000,0.332414,0.100000,1.120719,1.220719,0.050000,3.488681,2.367962,2.267962,2.267962,0.000000,horizon_mpc_secbf,12,0.786650,true,osqp,optimal,125,4.085153,0,1.042096,accept,false,0.750000,0.000000,0.726102,0.000000,,,0.726102,0.105087,0.134712,4.337899
head_on,context_ext,Proposed MPC-SECBF,2,0.200,-2.065288,-0.000000,0.726102,0.000000,0.000000,1.900000,0.080000,-0.500000,0.000000,unknown,walking,unknown,2.745923,1.000000,0.625000,3.966095,3.366095,0.342866,0.150000,0.342866,0.150000,1.225741,1.375741,0.050000,3.366095,2.140355,1.990355,1.990355,0.000000,horizon_mpc_secbf,12,0.508117,true,osqp,optimal,125,3.836169,0,0.755004,accept,false,0.750000,0.000000,0.735602,0.000000,,,0.735602,0.009501,0.208272,4.265288
head_on,context_ext,Proposed MPC-SECBF,3,0.300,-1.991728,-0.000000,0.735602,0.000000,0.000000,1.850000,0.080000,-0.500000,0.000000,unknown,walking,unknown,2.624845,1.000000,0.625000,3.842561,3.242561,0.346317,0.200000,0.346317,0.200000,1.235207,1.435207,0.050000,3.242561,2.007354,1.807354,1.807354,0.000000,horizon_mpc_secbf,12,0.325156,true,osqp,optimal,125,3.878624,0,0.572019,accept,false,0.750000,0.000000,0.735603,0.000000,,,0.735603,0.000001,0.281832,4.191728
head_on,context_ext,Proposed MPC-SECBF,4,0.400,-1.918168,0.000000,0.735603,0.000000,0.000000,1.800000,0.080000,-0.500000,0.000000,unknown,walking,unknown,2.524881,1.000000,0.625000,3.719028,3.119028,0.349166,0.250000,0.349166,0.250000,1.235175,1.485175,0.050000,3.119028,1.883854,1.633854,1.633854,0.000000,horizon_mpc_secbf,12,0.151704,true,osqp,optimal,125,5.123403,0,0.398537,accept,false,0.750000,-0.000000,0.735603,0.000000,,,0.735603,0.000000,0.355392,4.118168
head_on,context_ext,Proposed MPC-SECBF,5,0.500,-1.844608,0.000000,0.735603,0.000000,0.000000,1.750000,0.080000,-0.500000,0.000000,unknown,walking,unknown,2.424921,1.000000,0.625000,3.595498,2.995498,0.352015,0.300000,0.352015,0.300000,1.235137,1.535137,0.050000,2.995498,1.760361,1.460361,1.460361,0.000033,horizon_mpc_secbf,12,-0.000037,true,osqp,optimal,50,3.829153,0,0.240335,accept,false,0.750000,-0.000000,0.720384,-0.001037,,,0.720385,0.015254,0.427431,4.044608
head_on,context_ext,Proposed MPC-SECBF,6,0.600,-1.772569,-0.000104,0.720384,-0.001037,-0.001439,1.700000,0.080000,-0.500000,0.000000,unknown,walking,unknown,2.355253,1.000000,0.625000,3.473493,2.873493,0.354000,0.300000,0.354000,0.300000,1.219847,1.519847,0.000000,2.873493,1.653646,1.353646,1.353646,0.000123,horizon_mpc_secbf,12,-0.000124,true,osqp,optimal,50,3.710287,0,0.210970,fallback,true,0.750000,0.000020,0.643202,-0.004291,,,0.643216,0.077251,0.491753,3.972569
head_on,context_ext,Proposed MPC-SECBF,7,0.700,-1.708249,-0.000533,0.643202,-0.004291,-0.006671,1.650000,0.080000,-0.500000,0.000000,unknown,walking,unknown,2.414496,1.000000,0.625000,3.359214,2.759214,0.352312,0.300000,0.352312,0.300000,1.142544,1.442544,0.000000,2.759214,1.616671,1.316671,1.316671,0.000153,horizon_mpc_secbf,12,-0.000154,true,osqp,optimal,50,3.852651,0,0.212072,fallback,true,0.750000,0.000102,0.605216,-0.006124,,,0.605247,0.038030,0.552277,3.908249
head_on,context_ext,Proposed MPC-SECBF,8,0.800,-1.647727,-0.001145,0.605216,-0.006124,-0.010118,1.600000,0.080000,-0.500000,0.000000,unknown,walking,unknown,2.397663,1.000000,0.625000,3.248741,2.648741,0.352792,0.300000,0.352792,0.300000,1.104453,1.404453,0.000000,2.648741,1.544288,1.244288,1.244288,0.000213,horizon_mpc_secbf,12,-0.000213,true,osqp,optimal,50,3.768372,0,0.196421,fallback,true,0.750000,0.000223,0.548637,-0.009176,,,0.548714,0.056661,0.607149,3.847728
head_on,context_ext,Proposed MPC-SECBF,9,0.900,-1.592864,-0.002063,0.548637,-0.009176,-0.016723,1.550000,0.080000,-0.500000,0.000000,unknown,walking,unknown,2.427325,1.000000,0.625000,3.143935,2.543935,0.351946,0.300000,0.351946,0.300000,1.047722,1.347722,0.000000,2.543935,1.496213,1.196213,1.196213,0.000253,horizon_mpc_secbf,12,-0.000252,true,osqp,optimal,50,3.431185,0,0.190738,fallback,true,0.750000,0.000408,0.506391,-0.012270,,,0.506539,0.042360,0.657802,3.792864
head_on,context_ext,Proposed MPC-SECBF,10,1.000,-1.542225,-0.003290,0.506391,-0.012270,-0.024226,1.500000,0.080000,-0.500000,0.000000,unknown,walking,unknown,2.429570,1.000000,0.625000,3.043365,2.443365,0.351882,0.300000,0.351882,0.300000,1.005289,1.305289,0.000000,2.443365,1.438076,1.138076,1.138076,0.000301,horizon_mpc_secbf,12,-0.000300,true,osqp,optimal,50,3.679023,0,0.179545,fallback,true,0.750000,0.000659,0.459645,-0.016601,,,0.459944,0.046946,0.703797,3.742226
head_on,context_ext,Proposed MPC-SECBF,11,1.100,-1.496260,-0.004950,0.459645,-0.016601,-0.036102,1.450000,0.080000,-0.500000,0.000000,child,approaching,distracted,2.448440,1.000000,0.625000,2.947485,2.347485,0.650088,0.300000,0.650088,0.300000,0.958275,1.258275,0.000000,2.347485,1.389209,1.089209,1.089209,0.000340,horizon_mpc_secbf,12,-0.000340,true,osqp,optimal,50,3.982771,0,0.171446,fallback,true,0.749999,0.001004,0.419117,-0.021926,,,0.419691,0.040876,0.745766,3.696264
head_on,context_ext,Proposed MPC-SECBF,12,1.200,-1.454348,-0.007143,0.419117,-0.021926,-0.052268,1.400000,0.080000,-0.500000,0.000000,child,approaching,distracted,2.457112,1.000000,0.625000,2.855678,2.255678,0.649600,0.300000,0.649600,0.300000,0.917376,1.217376,0.000000,2.255678,1.338302,1.038302,1.038302,0.000381,horizon_mpc_secbf,12,-0.000381,true,osqp,optimal,50,4.379173,0,0.161313,fallback,true,0.749999,0.001466,0.378661,-0.028893,,,0.379762,0.041052,0.783742,3.654355
head_on,context_ext,Proposed MPC-SECBF,13,1.300,-1.416482,-0.010032,0.378661,-0.028893,-0.076155,1.350000,0.080000,-0.500000,0.000000,child,approaching,distracted,2.471281,1.000000,0.625000,2.767947,2.167947,0.648803,0.300000,0.648803,0.300000,0.876383,1.176383,0.000000,2.167947,1.291563,0.991563,0.991563,0.000418,horizon_mpc_secbf,12,-0.000418,true,osqp,optimal,50,3.716879,0,0.151878,fallback,true,0.749997,0.002080,0.341767,-0.037467,,,0.343815,0.037877,0.818124,3.616496
head_on,context_ext,Proposed MPC-SECBF,14,1.400,-1.382306,-0.013779,0.341767,-0.037467,-0.109192,1.300000,0.080000,-0.500000,0.000000,child,approaching,distracted,2.481052,1.000000,0.625000,2.683944,2.083944,0.648253,0.300000,0.648253,0.300000,0.838732,1.138732,0.000000,2.083944,1.245212,0.945212,0.945212,0.000454,horizon_mpc_secbf,12,-0.000454,true,osqp,optimal,50,3.441006,0,0.141321,fallback,true,0.749994,0.002885,0.306521,-0.048184,,,0.310285,0.036840,0.849152,3.582332
head_on,context_ext,Proposed MPC-SECBF,15,1.500,-1.351654,-0.018597,0.306521,-0.048184,-0.155921,1.250000,0.080000,-0.500000,0.000000,child,approaching,distracted,2.491578,1.000000,0.625000,2.603521,2.003521,0.647661,0.300000,0.647661,0.300000,0.802398,1.102398,0.000000,2.003521,1.201124,0.901124,0.901124,0.000487,horizon_mpc_secbf,12,-0.000488,true,osqp,optimal,50,4.035655,0,0.130265,fallback,true,0.749990,0.003927,0.274231,-0.061510,,,0.281044,0.034932,0.877257,3.551702
head_on,context_ext,Proposed MPC-SECBF,16,1.600,-1.324230,-0.024748,0.274231,-0.061510,-0.220648,1.200000,0.080000,-0.500000,0.000000,child,approaching,distracted,2.498529,1.000000,0.625000,2.526403,1.926403,0.647270,0.300000,0.647270,0.300000,0.768523,1.068523,0.000000,1.926403,1.157880,0.857880,0.857880,0.000519,horizon_mpc_secbf,12,-0.000519,true,osqp,optimal,50,4.698164,0,0.117953,fallback,true,0.749982,0.005267,0.244308,-0.077714,,,0.256370,0.034028,0.902894,3.524317
head_on,context_ext,Proposed MPC-SECBF,17,1.700,-1.299800,-0.032519,0.244308,-0.077714,-0.307976,1.150000,0.080000,-0.500000,0.000000,child,approaching,distracted,2.503360,1.000000,0.625000,2.452382,1.852382,0.646999,0.300000,0.646999,0.300000,0.736314,1.036314,0.000000,1.852382,1.116068,0.816068,0.816068,0.000549,horizon_mpc_secbf,12,-0.000549,true,osqp,optimal,50,3.832630,0,0.104238,fallback,true,0.749968,0.006969,0.217605,-0.097433,,,0.238422,0.033195,0.926736,3.499951
head_on,context_ext,Proposed MPC-SECBF,18,1.800,-1.278039,-0.042263,0.217605,-0.097433,-0.420981,1.100000,0.080000,-0.500000,0.000000,child,approaching,distracted,2.502867,1.000000,0.625000,2.381180,1.781180,0.647026,0.300000,0.647026,0.300000,0.706275,1.006275,0.000000,1.781180,1.074905,0.774905,0.774905,0.000577,horizon_mpc_secbf,12,-0.000577,true,osqp,optimal,50,3.945538,0,0.088314,fallback,true,0.749945,0.009113,0.194313,-0.121321,,,0.229077,0.033364,0.949644,3.478296
head_on,context_ext,Proposed MPC-SECBF,19,1.900,-1.258608,-0.054395,0.194313,-0.121321,-0.558137,1.050000,0.080000,-0.500000,0.000000,child,approaching,distracted,2.496056,1.000000,0.625000,2.312516,1.712516,0.647409,0.300000,0.647409,0.300000,0.678094,0.978094,0.000000,1.712516,1.034423,0.734423,0.734423,0.000602,horizon_mpc_secbf,12,-0.000602,true,osqp,optimal,50,4.223210,0,0.069616,fallback,true,0.749907,0.011794,0.175259,-0.149845,,,0.230585,0.034303,0.972702,3.459036
head_on,context_ext,Proposed MPC-SECBF,20,2.000,-1.241082,-0.069379,0.175259,-0.149845,-0.707384,1.000000,0.080000,-0.500000,0.000000,child,approaching,distracted,2.479752,1.000000,0.625000,2.246055,1.646055,0.648326,0.300000,0.648326,0.300000,0.651898,0.951898,0.000000,1.646055,0.994157,0.694157,0.694157,0.000626,horizon_mpc_secbf,12,-0.000626,true,osqp,optimal,50,4.510686,0,0.046744,fallback,true,0.749848,0.015118,0.161751,-0.184135,,,0.245090,0.036855,0.997211,3.441781
head_on,context_ext,Proposed MPC-SECBF,21,2.100,-1.224907,-0.087793,0.161751,-0.184135,-0.850025,0.950000,0.080000,-0.500000,0.000000,child,approaching,distracted,2.449358,1.000000,0.625000,2.181370,1.581370,0.650036,0.300000,0.650036,0.300000,0.627827,0.927827,0.000000,1.581370,0.953543,0.653543,0.653543,0.000647,horizon_mpc_secbf,12,-0.000647,true,osqp,optimal,50,3.459189,0,0.018423,fallback,true,0.749754,0.019219,0.154968,-0.224395,,,0.272706,0.040827,1.024482,3.426032
head_on,context_ext,Proposed MPC-SECBF,22,2.200,-1.209410,-0.110232,0.154968,-0.224395,-0.966405,0.900000,0.080000,-0.500000,0.000000,child,approaching,distracted,2.401222,1.000000,0.625000,2.117971,1.517971,0.652744,0.300000,0.652744,0.300000,0.605582,0.905582,0.000000,1.517971,0.912388,0.612388,0.612388,0.000665,horizon_mpc_secbf,12,-0.000665,true,osqp,optimal,50,3.504490,0,-0.017812,fallback,true,0.749608,0.024236,0.157934,-0.271768,,,0.314326,0.047465,1.055914,3.411192
head_on,context_ext,Proposed MPC-SECBF,23,2.300,-1.193617,-0.137409,0.157934,-0.271768,-1.044363,0.850000,0.080000,-0.500000,0.000000,child,approaching,distracted,2.326404,1.000000,0.625000,2.055149,1.455149,0.656952,0.300000,0.656952,0.300000,0.585655,0.885655,0.000000,1.455149,0.869493,0.569493,0.569493,0.000680,horizon_mpc_secbf,12,-0.000680,true,osqp,optimal,50,4.524052,0,-0.064480,fallback,true,0.749386,0.030343,0.172848,-0.325358,,,0.368421,0.055627,1.092756,3.396397
head_on,context_ext,Proposed MPC-SECBF,24,2.400,-1.176332,-0.169945,0.172848,-0.325358,-1.082460,0.800000,0.080000,-0.500000,0.000000,child,approaching,distracted,2.221250,1.000000,0.625000,1.992074,1.392074,0.662867,0.300000,0.662867,0.300000,0.567278,0.867278,0.000000,1.392074,0.824796,0.524796,0.524796,0.000690,horizon_mpc_secbf,12,-0.000689,true,osqp,optimal,50,3.798964,0,-0.125353,fallback,true,0.749052,0.037703,0.204784,-0.385551,,,0.436562,0.068141,1.136412,3.380606
head_on,context_ext,Proposed MPC-SECBF,25,2.500,-1.155854,-0.208500,0.204784,-0.385551,-1.082544,0.750000,0.080000,-0.500000,0.000000,child,approaching,distracted,2.077115,1.000000,0.625000,1.927566,1.327566,0.670975,0.300000,0.670975,0.300000,0.550281,0.850281,0.000000,1.327566,0.777285,0.477285,0.477285,0.000650,horizon_mpc_secbf,12,-0.000455,true,osqp,optimal,75,3.772456,0,-0.193475,fallback,true,0.748557,0.046508,0.246788,-0.447425,,,0.510973,0.074785,1.187510,3.362324
head_on,context_ext,Proposed MPC-SECBF,26,2.600,-1.131175,-0.253242,0.246788,-0.447425,-1.066746,0.700000,0.080000,-0.500000,0.000000,child,approaching,distracted,1.926711,1.000000,0.625000,1.861250,1.261250,0.679435,0.300000,0.679435,0.300000,0.525085,0.825085,0.000000,1.261250,0.736165,0.436165,0.436165,0.000628,horizon_mpc_secbf,12,0.001283,true,osqp,optimal,125,3.779273,0,-0.252365,fallback,true,0.747842,0.056852,0.295226,-0.520652,,,0.598529,0.087797,1.247363,3.340787
head_on,context_ext,Proposed MPC-SECBF,27,2.700,-1.101652,-0.305308,0.295226,-0.520652,-1.054971,0.650000,0.080000,-0.500000,0.000000,child,approaching,distracted,1.795305,1.000000,0.625000,1.793529,1.193529,0.686827,0.300000,0.686827,0.300000,0.476141,0.776141,0.000000,1.193529,0.717389,0.417389,0.417389,0.000617,horizon_mpc_secbf,12,0.001417,true,osqp,optimal,125,4.760295,0,-0.303283,fallback,true,0.746814,0.069059,0.368049,-0.588794,,,0.694362,0.099732,1.316799,3.315738
head_on,context_ext,Proposed MPC-SECBF,28,2.800,-1.064847,-0.364187,0.368049,-0.588794,-1.012133,0.600000,0.080000,-0.500000,0.000000,child,approaching,distracted,1.634938,1.000000,0.625000,1.723084,1.123084,0.695847,0.300000,0.695847,0.300000,0.418501,0.718501,0.000000,1.123084,0.704583,0.404583,0.404583,0.000629,horizon_mpc_secbf,12,0.000863,true,osqp,optimal,1650,11.733534,0,-0.331928,fallback,true,0.745377,0.083145,0.426645,-0.613636,,,0.747379,0.063645,1.391537,3.285097
head_on,context_ext,Proposed MPC-SECBF,29,2.900,-1.022183,-0.425551,0.426645,-0.613636,-0.963249,0.550000,0.080000,-0.500000,0.000000,child,approaching,distracted,1.514401,1.000000,0.625000,1.651466,1.051466,0.702627,0.300000,0.702627,0.300000,0.359453,0.659453,0.000000,1.051466,0.692013,0.392013,0.392013,0.000504,horizon_mpc_secbf,12,0.000201,true,osqp,optimal,375,5.586173,0,-0.386574,fallback,true,0.743544,0.098199,0.494031,-0.546249,,,0.736515,0.095299,1.465188,3.250162
head_on,context_ext,Proposed MPC-SECBF,30,3.000,-0.972780,-0.480176,0.494031,-0.546249,-0.835553,0.500000,0.080000,-0.500000,0.000000,child,approaching,distracted,1.327683,1.000000,0.625000,1.575715,0.975715,0.713130,0.300000,0.713130,0.300000,0.370154,0.670154,0.000000,0.975715,0.605561,0.305561,0.305561,0.000578,horizon_mpc_secbf,12,0.000116,true,osqp,optimal,500,5.786710,0,-0.407504,fallback,true,0.741556,0.112229,0.477554,-0.562725,,,0.738050,0.023301,1.538993,3.208909
head_on,context_ext,Proposed MPC-SECBF,31,3.100,-0.925024,-0.536448,0.477554,-0.562725,-0.867089,0.450000,0.080000,-0.500000,0.000000,child,approaching,distracted,1.370311,1.000000,0.625000,1.506884,0.906884,0.710733,0.300000,0.710733,0.300000,0.262524,0.562524,0.000000,0.906884,0.644360,0.344360,0.344360,0.000138,horizon_mpc_secbf,12,0.000022,true,osqp,optimal,100,4.195163,0,-0.432682,fallback,true,0.739188,0.126891,0.564852,-0.475427,,,0.738302,0.123458,1.612823,3.170734
head_on,context_ext,Proposed MPC-SECBF,32,3.200,-0.868539,-0.583991,0.564852,-0.475427,-0.699646,0.400000,0.080000,-0.500000,0.000000,child,approaching,distracted,1.150573,1.000000,0.625000,1.431808,0.831808,0.723093,0.300000,0.723093,0.300000,0.274328,0.574328,0.000000,0.831808,0.557481,0.257481,0.257481,0.000145,horizon_mpc_secbf,12,-0.000047,true,osqp,optimal,150,4.476466,0,-0.451789,fallback,true,0.736776,0.140220,0.554823,-0.485458,,,0.737224,0.014185,1.686546,3.123616
head_on,context_ext,Proposed MPC-SECBF,33,3.300,-0.813057,-0.632537,0.554823,-0.485458,-0.718818,0.350000,0.080000,-0.500000,0.000000,child,approaching,distracted,1.182896,1.000000,0.625000,1.363968,0.763968,0.721275,0.300000,0.721275,0.300000,0.161094,0.461094,0.000000,0.763968,0.602874,0.302874,0.302874,0.000154,horizon_mpc_secbf,12,-0.000099,true,osqp,optimal,150,4.100705,0,-0.476655,fallback,true,0.734000,0.154090,0.642174,-0.371841,,,0.742060,0.143315,1.760752,3.078736
head_on,context_ext,Proposed MPC-SECBF,34,3.400,-0.748839,-0.669721,0.642174,-0.371841,-0.524860,0.300000,0.080000,-0.500000,0.000000,child,approaching,distracted,0.966730,1.000000,0.625000,1.289242,0.689242,0.733434,0.300000,0.733434,0.300000,0.163804,0.463804,0.000000,0.689242,0.525438,0.225438,0.225438,0.000155,horizon_mpc_secbf,12,-0.000105,true,osqp,optimal,125,4.487478,0,-0.484227,fallback,true,0.731375,0.166105,0.640760,-0.375265,,,0.742561,0.003705,1.835008,3.023934
head_on,context_ext,Proposed MPC-SECBF,35,3.500,-0.684763,-0.707247,0.640760,-0.375265,-0.529806,0.250000,0.080000,-0.500000,0.000000,child,approaching,distracted,0.986203,1.000000,0.625000,1.222105,0.622105,0.732339,0.300000,0.732339,0.300000,0.041482,0.341482,0.000000,0.622105,0.580623,0.280623,0.280623,0.000095,horizon_mpc_secbf,12,-0.000059,true,osqp,optimal,75,3.895547,0,-0.515627,fallback,true,0.728428,0.178586,0.712025,-0.202909,,,0.740372,0.186508,1.909045,2.970195
head_on,context_ext,Proposed MPC-SECBF,36,3.600,-0.613561,-0.727538,0.712025,-0.202909,-0.277616,0.200000,0.080000,-0.500000,0.000000,child,approaching,distracted,0.761641,1.000000,0.625000,1.146298,0.546298,0.744970,0.300000,0.744970,0.300000,0.060122,0.360122,0.000000,0.546298,0.486175,0.186175,0.186175,0.000117,horizon_mpc_secbf,12,-0.000084,true,osqp,optimal,100,5.081656,0,-0.510964,fallback,true,0.726117,0.187761,0.703812,-0.223037,,,0.738307,0.021738,1.982876,2.906103
head_on,context_ext,Proposed MPC-SECBF,37,3.700,-0.543180,-0.749842,0.703812,-0.223037,-0.306886,0.150000,0.080000,-0.500000,0.000000,child,approaching,distracted,0.801352,1.000000,0.625000,1.081266,0.481266,0.742736,0.300000,0.742736,0.300000,0.000000,0.300000,0.000000,0.481266,0.570170,0.270170,0.181266,0.000078,horizon_mpc_secbf,12,-0.000074,true,osqp,optimal,225,4.467158,0,-0.517493,fallback,true,0.723459,0.197756,0.735540,-0.121497,,,0.745507,0.106381,2.057427,2.843817
head_on,context_ext,Proposed MPC-SECBF,38,3.800,-0.469625,-0.761992,0.735540,-0.121497,-0.163703,0.100000,0.080000,-0.500000,0.000000,child,approaching,distracted,0.704042,1.000000,0.625000,1.016574,0.416574,0.748210,0.300000,0.748210,0.300000,0.000000,0.300000,0.000000,0.416574,0.571219,0.271219,0.116574,0.000094,horizon_mpc_secbf,12,-0.000091,true,osqp,optimal,225,4.438432,0,-0.475260,fallback,true,0.721197,0.205851,0.735589,-0.121241,,,0.745514,0.000260,2.131978,2.776244
head_on,context_ext,Proposed MPC-SECBF,39,3.900,-0.396067,-0.774116,0.735589,-0.121241,-0.163353,0.050000,0.080000,-0.500000,0.000000,child,approaching,distracted,0.782707,1.000000,0.625000,0.963581,0.363581,0.743785,0.300000,0.743785,0.300000,0.000000,0.300000,0.000000,0.363581,0.654857,0.354857,0.063581,0.000112,horizon_mpc_secbf,12,-0.000111,true,osqp,optimal,125,5.088204,0,-0.387887,fallback,true,0.718727,0.214316,0.735589,-0.135837,,,0.748026,0.014596,2.206781,2.709025
head_on,context_ext,Proposed MPC-SECBF,40,4.000,-0.322508,-0.787699,0.735589,-0.135837,-0.182608,0.000000,0.080000,-0.500000,0.000000,child,approaching,distracted,1.074388,1.000000,0.625000,0.925696,0.325696,0.727378,0.300000,0.727378,0.300000,0.000000,0.300000,0.000000,0.325696,0.756762,0.456762,0.025696,0.000131,horizon_mpc_secbf,12,-0.000131,true,osqp,optimal,100,4.544467,0,-0.266477,fallback,true,0.715907,0.223555,0.735199,-0.147258,,,0.749801,0.011427,2.281761,2.642634
head_on,context_ext,Proposed MPC-SECBF,41,4.100,-0.248988,-0.802425,0.735199,-0.147258,-0.197681,-0.050000,0.080000,-0.500000,0.000000,child,approaching,distracted,2.378348,1.000000,0.625000,0.904583,0.304583,0.654030,0.300000,0.654030,0.300000,0.000000,0.300000,0.000000,0.304583,0.860815,0.560815,0.004583,0.000154,horizon_mpc_secbf,12,-0.000154,true,osqp,optimal,100,3.811840,0,-0.128017,fallback,true,0.712717,0.233526,0.735590,-0.142539,,,0.749273,0.004735,2.356688,2.577097
head_on,context_ext,Proposed MPC-SECBF,42,4.200,-0.175429,-0.816679,0.735590,-0.142539,-0.191404,-0.100000,0.080000,-0.500000,0.000000,child,approaching,distracted,,0.000000,0.625000,0.899846,0.299846,0.337812,0.249846,0.337812,0.249846,0.000000,0.249846,0.000000,0.299846,0.299846,0.050000,0.050000,0.000000,horizon_mpc_secbf,12,0.050555,true,osqp,optimal,100,3.851067,0,-0.029314,project,true,0.709253,0.243843,0.735596,-0.024344,,,0.735998,0.118195,2.430288,2.511897
head_on,context_ext,Proposed MPC-SECBF,43,4.300,-0.101869,-0.819114,0.735596,-0.024344,-0.033082,-0.150000,0.080000,-0.500000,0.000000,child,approaching,distracted,,0.000000,0.625000,0.900401,0.300401,0.337812,0.250401,0.337812,0.250401,0.000000,0.250401,0.000555,0.300401,0.300401,0.050000,0.050000,0.000000,horizon_mpc_secbf,12,0.064299,true,osqp,optimal,100,4.506800,0,0.109347,project,true,0.706596,0.251440,0.735598,0.006711,,,0.735629,0.031055,2.503851,2.443266
head_on,context_ext,Proposed MPC-SECBF,44,4.400,-0.028309,-0.818442,0.735598,0.006711,0.009124,-0.200000,0.080000,-0.500000,0.000000,child,approaching,distracted,,0.000000,0.625000,0.914700,0.314700,0.337812,0.264700,0.337812,0.264700,0.000000,0.264700,0.014299,0.314700,0.314700,0.050000,0.050000,0.000000,horizon_mpc_secbf,12,0.078619,true,osqp,optimal,100,4.632474,0,0.257180,project,true,0.704015,0.258580,0.735598,0.025191,,,0.736029,0.018480,2.577454,2.373860
head_on,context_ext,Proposed MPC-SECBF,45,4.500,0.045250,-0.815923,0.735598,0.025191,0.034232,-0.250000,0.080000,-0.500000,0.000000,child,approaching,distracted,,0.000000,0.625000,0.943319,0.343319,0.337812,0.293319,0.337812,0.293319,0.000000,0.293319,0.028619,0.343319,0.343319,0.050000,0.050000,0.000000,horizon_mpc_secbf,12,0.091660,true,osqp,optimal,100,3.647665,0,0.394771,project,true,0.701399,0.265594,0.735597,0.044179,,,0.736922,0.018988,2.651146,2.304057
head_on,context_ext,Proposed MPC-SECBF,46,4.600,0.118810,-0.811505,0.735597,0.044179,0.059987,-0.300000,0.080000,-0.500000,0.000000,child,approaching,distracted,,0.000000,0.625000,0.984979,0.384979,0.337812,0.293319,0.337812,0.293319,0.000000,0.293319,0.000000,0.384979,0.384979,0.091660,0.091660,0.000000,horizon_mpc_secbf,12,0.144609,true,osqp,optimal,100,4.856751,0,0.557672,fallback,true,0.698759,0.272463,0.735594,0.065582,,,0.738511,0.021403,2.724997,2.233807
head_on,context_ext,Proposed MPC-SECBF,47,4.700,0.192369,-0.804947,0.735594,0.065582,0.088920,-0.350000,0.080000,-0.500000,0.000000,child,approaching,distracted,,0.000000,0.625000,1.037929,0.437929,0.337812,0.293319,0.337812,0.293319,0.000000,0.293319,0.000000,0.437929,0.437929,0.144609,0.144609,0.000000,horizon_mpc_secbf,12,0.207075,true,osqp,optimal,100,4.147682,0,0.714132,fallback,true,0.696131,0.279109,0.735592,0.089297,,,0.740992,0.023715,2.799096,2.162989
head_on,context_ext,Proposed MPC-SECBF,48,4.800,0.265929,-0.796018,0.735592,0.089297,0.120803,-0.400000,0.080000,-0.500000,0.000000,child,approaching,distracted,,0.000000,0.625000,1.100394,0.500394,0.337812,0.293319,0.337812,0.293319,0.000000,0.293319,0.000000,0.500394,0.500394,0.207075,0.207075,0.000000,horizon_mpc_secbf,12,0.277451,true,osqp,optimal,100,3.886958,0,0.863370,fallback,true,0.693555,0.285450,0.735590,0.114873,,,0.744505,0.025577,2.873547,2.091477
head_on,context_ext,Proposed MPC-SECBF,49,4.900,0.339488,-0.784530,0.735590,0.114873,0.154914,-0.450000,0.080000,-0.500000,0.000000,child,approaching,distracted,,0.000000,0.625000,1.170770,0.570770,0.337812,0.293319,0.337812,0.293319,0.000000,0.293319,0.000000,0.570770,0.570770,0.277451,0.277451,0.000000,horizon_mpc_secbf,12,0.354335,true,osqp,optimal,75,3.551122,0,1.005550,fallback,true,0.691073,0.291408,0.734912,0.141709,,,0.748450,0.026844,2.948392,2.019157
head_on,context_ext,Proposed MPC-SECBF,50,5.000,0.412979,-0.770359,0.734912,0.141709,0.190486,-0.500000,0.080000,-0.500000,0.000000,child,approaching,distracted,,0.000000,0.625000,1.247654,0.647654,0.337812,0.293319,0.337812,0.293319,0.000000,0.293319,0.000000,0.647654,0.647654,0.354335,0.354335,0.000000,horizon_mpc_secbf,12,0.436073,true,osqp,optimal,150,4.561430,0,1.137071,fallback,true,0.688730,0.296902,0.726460,0.168338,,,0.745709,0.027938,3.022963,1.945995
head_on,context_ext,Proposed MPC-SECBF,51,5.100,0.485625,-0.753526,0.726460,0.168338,0.227704,-0.550000,0.080000,-0.500000,0.000000,child,approaching,distracted,,0.000000,0.625000,1.329392,0.729392,0.337812,0.293319,0.337812,0.293319,0.000000,0.293319,0.000000,0.729392,0.729392,0.436073,0.436073,0.000000,horizon_mpc_secbf,12,0.521479,true,osqp,optimal,100,3.802881,0,1.260584,fallback,true,0.686604,0.301786,0.715395,0.195068,,,0.741513,0.028930,3.097114,1.872667
head_on,context_ext,Proposed MPC-SECBF,52,5.200,0.557164,-0.734019,0.715395,0.195068,0.266200,-0.600000,0.080000,-0.500000,0.000000,child,approaching,distracted,,0.000000,0.625000,1.414799,0.814799,0.337812,0.293319,0.337812,0.293319,0.000000,0.293319,0.000000,0.814799,0.814799,0.521479,0.521479,0.000000,horizon_mpc_secbf,12,0.609731,true,osqp,optimal,100,3.861471,0,1.378527,fallback,true,0.684759,0.305950,0.704162,0.222187,,,0.738384,0.029353,3.170952,1.799359
head_on,context_ext,Proposed MPC-SECBF,53,5.300,0.627580,-0.711800,0.704162,0.222187,0.305646,-0.650000,0.080000,-0.500000,0.000000,child,approaching,distracted,,0.000000,0.625000,1.503050,0.903050,0.337812,0.293319,0.337812,0.293319,0.000000,0.293319,0.000000,0.903050,0.903050,0.609731,0.609731,0.000000,horizon_mpc_secbf,12,0.700217,true,osqp,optimal,100,3.966261,0,1.492426,fallback,true,0.683255,0.309294,0.692952,0.249251,,,0.736416,0.029294,3.244594,1.726025
head_on,context_ext,Proposed MPC-SECBF,54,5.400,0.696876,-0.686875,0.692952,0.249251,0.345285,-0.700000,0.080000,-0.500000,0.000000,child,approaching,distracted,,0.000000,0.625000,1.593537,0.993537,0.337812,0.293319,0.337812,0.293319,0.000000,0.293319,0.000000,0.993537,0.993537,0.700217,0.700217,0.000000,horizon_mpc_secbf,12,0.792521,true,osqp,optimal,100,4.556637,0,1.603766,fallback,true,0.682152,0.311719,0.682047,0.275579,,,0.735616,0.028497,3.318156,1.652628
head_on,context_ext,Proposed MPC-SECBF,55,5.500,0.765080,-0.659317,0.682047,0.275579,0.383990,-0.750000,0.080000,-0.500000,0.000000,child,approaching,distracted,,0.000000,0.625000,1.685840,1.085840,0.337812,0.293319,0.337812,0.293319,0.000000,0.293319,0.000000,1.085840,1.085840,0.792521,0.792521,0.000000,horizon_mpc_secbf,12,0.886507,true,osqp,optimal,100,3.868980,0,1.715163,fallback,true,0.681502,0.313137,0.672432,0.298792,,,0.735827,0.025125,3.391738,1.579143
head_on,context_ext,Proposed MPC-SECBF,56,5.600,0.832324,-0.629438,0.672432,0.298792,0.418142,-0.800000,0.080000,-0.500000,0.000000,child,approaching,distracted,,0.000000,0.625000,1.779826,1.179826,0.337812,0.293319,0.337812,0.293319,0.000000,0.293319,0.000000,1.179826,1.179826,0.886507,0.886507,0.000000,horizon_mpc_secbf,12,0.983002,true,osqp,optimal,100,3.828305,0,1.836572,fallback,true,0.681310,0.313555,0.669185,0.306632,,,0.736092,0.008486,3.465348,1.505567
head_on,context_ext,Proposed MPC-SECBF,57,5.700,0.899242,-0.598775,0.669185,0.306632,0.429667,-0.850000,0.080000,-0.500000,0.000000,child,approaching,distracted,,0.000000,0.625000,1.876322,1.276322,0.337812,0.293319,0.337812,0.293319,0.000000,0.293319,0.000000,1.276322,1.276322,0.983002,0.983002,0.000000,horizon_mpc_secbf,12,1.082081,true,osqp,optimal,100,4.351081,0,1.961031,fallback,true,0.681283,0.313613,0.668607,0.308026,,,0.736149,0.001509,3.538962,1.431958
head_on,context_ext,Proposed MPC-SECBF,58,5.800,0.966103,-0.567972,0.668607,0.308026,0.431715,-0.900000,0.080000,-0.500000,0.000000,child,approaching,distracted,,0.000000,0.625000,1.975401,1.375401,0.337812,0.293319,0.337812,0.293319,0.000000,0.293319,0.000000,1.375401,1.375401,1.082081,1.082081,0.000000,horizon_mpc_secbf,12,1.183451,true,osqp,optimal,100,4.840851,0,2.084826,fallback,true,0.681288,0.313602,0.668512,0.308256,,,0.736159,0.000249,3.612578,1.358343
head_on,context_ext,Proposed MPC-SECBF,59,5.900,1.032954,-0.537146,0.668512,0.308256,0.432053,-0.950000,0.080000,-0.500000,0.000000,child,approaching,distracted,,0.000000,0.625000,2.076771,1.476771,0.337812,0.293319,0.337812,0.293319,0.000000,0.293319,0.000000,1.476771,1.476771,1.183451,1.183451,0.000000,horizon_mpc_secbf,12,1.286807,true,osqp,optimal,100,3.807486,0,2.207562,fallback,true,0.681300,0.313576,0.668505,0.308274,,,0.736161,0.000019,3.686194,1.284727
head_on,context_ext,Proposed MPC-SECBF,60,6.000,1.099805,-0.506319,0.668505,0.308274,0.432079,-1.000000,0.080000,-0.500000,0.000000,child,approaching,distracted,,0.000000,0.625000,2.180126,1.580126,0.337812,0.293319,0.337812,0.293319,0.000000,0.293319,0.000000,1.580126,1.580126,1.286807,1.286807,0.000000,horizon_mpc_secbf,12,1.391880,true,osqp,optimal,100,3.874399,0,2.329370,fallback,true,0.681314,0.313546,0.668515,0.308252,,,0.736160,0.000024,3.759810,1.211111
head_on,context_ext,Proposed MPC-SECBF,61,6.100,1.166656,-0.475494,0.668515,0.308252,0.432046,-1.050000,0.080000,-0.500000,0.000000,child,approaching,distracted,,0.000000,0.625000,2.285200,1.685200,0.337812,0.293319,0.337812,0.293319,0.000000,0.293319,0.000000,1.685200,1.685200,1.391880,1.391880,0.000000,horizon_mpc_secbf,12,1.498446,true,osqp,optimal,100,4.431033,0,2.450435,fallback,true,0.681329,0.313514,0.668528,0.308221,,,0.736159,0.000034,3.833426,1.137495
head_on,context_ext,Proposed MPC-SECBF,62,6.200,1.233509,-0.444672,0.668528,0.308221,0.432001,-1.100000,0.080000,-0.500000,0.000000,child,approaching,distracted,,0.000000,0.625000,2.391766,1.791766,0.337812,0.293319,0.337812,0.293319,0.000000,0.293319,0.000000,1.791766,1.791766,1.498446,1.498446,0.000000,horizon_mpc_secbf,12,1.606315,true,osqp,optimal,100,4.724272,0,2.570921,fallback,true,0.681345,0.313479,0.668543,0.308187,,,0.736158,0.000037,3.907042,1.063879
head_on,context_ext,Proposed MPC-SECBF,63,6.300,1.300363,-0.413853,0.668543,0.308187,0.431950,-1.150000,0.080000,-0.500000,0.000000,child,approaching,distracted,,0.000000,0.625000,2.499634,1.899634,0.337812,0.293319,0.337812,0.293319,0.000000,0.293319,0.000000,1.899634,1.899634,1.606315,1.606315,0.000000,horizon_mpc_secbf,12,1.715323,true,osqp,optimal,100,3.962094,0,2.690958,fallback,true,0.681362,0.313442,0.668558,0.308150,,,0.736157,0.000040,3.980658,0.990263
head_on,context_ext,Proposed MPC-SECBF,64,6.400,1.367219,-0.383038,0.668558,0.308150,0.431895,-1.200000,0.080000,-0.500000,0.000000,child,approaching,distracted,,0.000000,0.625000,2.608643,2.008643,0.337812,0.293319,0.337812,0.293319,0.000000,0.293319,0.000000,2.008643,2.008643,1.715323,1.715323,0.000000,horizon_mpc_secbf,12,1.825336,true,osqp,optimal,100,3.857417,0,2.810653,fallback,true,0.681381,0.313401,0.668575,0.308109,,,0.736155,0.000044,4.054273,0.916647
head_on,context_ext,Proposed MPC-SECBF,65,6.500,1.434076,-0.352227,0.668575,0.308109,0.431836,-1.250000,0.080000,-0.500000,0.000000,child,approaching,distracted,,0.000000,0.625000,2.718655,2.118655,0.337812,0.293319,0.337812,0.293319,0.000000,0.293319,0.000000,2.118655,2.118655,1.825336,1.825336,0.000000,horizon_mpc_secbf,12,1.936235,true,osqp,optimal,100,4.609827,0,2.930088,fallback,true,0.681401,0.313357,0.668594,0.308066,,,0.736154,0.000047,4.127889,0.843032
head_on,context_ext,Proposed MPC-SECBF,66,6.600,1.500936,-0.321420,0.668594,0.308066,0.431771,-1.300000,0.080000,-0.500000,0.000000,child,approaching,distracted,,0.000000,0.625000,2.829555,2.229555,0.337812,0.293319,0.337812,0.293319,0.000000,0.293319,0.000000,2.229555,2.229555,1.936235,1.936235,0.000000,horizon_mpc_secbf,12,2.047922,true,osqp,optimal,100,3.988248,0,3.049332,fallback,true,0.681423,0.313309,0.668614,0.308018,,,0.736152,0.000052,4.201504,0.769417
head_on,context_ext,Proposed MPC-SECBF,67,6.700,1.567797,-0.290619,0.668614,0.308018,0.431701,-1.350000,0.080000,-0.500000,0.000000,child,approaching,distracted,,0.000000,0.625000,2.941241,2.341241,0.337812,0.293319,0.337812,0.293319,0.000000,0.293319,0.000000,2.341241,2.341241,2.047922,2.047922,0.000000,horizon_mpc_secbf,12,2.160309,true,osqp,optimal,100,3.984053,0,3.168437,fallback,true,0.681447,0.313256,0.668636,0.307965,,,0.736150,0.000057,4.275119,0.695801
head_on,context_ext,Proposed MPC-SECBF,68,6.800,1.634661,-0.259822,0.668636,0.307965,0.431623,-1.400000,0.080000,-0.500000,0.000000,child,approaching,distracted,,0.000000,0.625000,3.053628,2.453628,0.337812,0.293319,0.337812,0.293319,0.000000,0.293319,0.000000,2.453628,2.453628,2.160309,2.160309,0.000000,horizon_mpc_secbf,12,2.273323,true,osqp,optimal,100,3.927476,0,3.287446,fallback,true,0.681475,0.313197,0.668661,0.307906,,,0.736148,0.000064,4.348734,0.622186
head_on,context_ext,Proposed MPC-SECBF,69,6.900,1.701527,-0.229032,0.668661,0.307906,0.431536,-1.450000,0.080000,-0.500000,0.000000,child,approaching,distracted,,0.000000,0.625000,3.166642,2.566642,0.337812,0.293319,0.337812,0.293319,0.000000,0.293319,0.000000,2.566642,2.566642,2.273323,2.273323,0.000000,horizon_mpc_secbf,12,2.386899,true,osqp,optimal,100,5.000218,0,3.406392,fallback,true,0.681506,0.313129,0.668689,0.307839,,,0.736145,0.000072,4.422348,0.548572
head_on,context_ext,Proposed MPC-SECBF,70,7.000,1.768396,-0.198248,0.668689,0.307839,0.431438,-1.500000,0.080000,-0.500000,0.000000,child,approaching,distracted,,0.000000,0.625000,3.280218,2.680218,0.337812,0.293319,0.337812,0.293319,0.000000,0.293319,0.000000,2.680218,2.680218,2.386899,2.386899,0.000000,horizon_mpc_secbf,12,2.500982,true,osqp,optimal,100,3.993884,0,3.525302,fallback,true,0.681542,0.313051,0.668721,0.307762,,,0.736142,0.000084,4.495962,0.474957
head_on,context_ext,Proposed MPC-SECBF,71,7.100,1.835268,-0.167471,0.668721,0.307762,0.431324,-1.550000,0.080000,-0.500000,0.000000,child,approaching,distracted,,0.000000,0.625000,3.394301,2.794301,0.337812,0.293319,0.337812,0.293319,0.000000,0.293319,0.000000,2.794301,2.794301,2.500982,2.500982,0.000000,horizon_mpc_secbf,12,2.615523,true,osqp,optimal,100,4.331588,0,3.644199,fallback,true,0.681584,0.312958,0.668759,0.307671,,,0.736139,0.000099,4.569576,0.401343
head_on,context_ext,Proposed MPC-SECBF,72,7.200,1.902144,-0.136704,0.668759,0.307671,0.431190,-1.600000,0.080000,-0.500000,0.000000,child,approaching,distracted,,0.000000,0.625000,3.508842,2.908842,0.337812,0.293319,0.337812,0.293319,0.000000,0.293319,0.000000,2.908842,2.908842,2.615523,2.615523,0.000000,horizon_mpc_secbf,12,2.730479,true,osqp,optimal,100,4.472917,0,3.763103,fallback,true,0.681636,0.312845,0.668806,0.307560,,,0.736135,0.000120,4.643190,0.327729
head_on,context_ext,Proposed MPC-SECBF,73,7.300,1.969025,-0.105948,0.668806,0.307560,0.431027,-1.650000,0.080000,-0.500000,0.000000,child,approaching,distracted,,0.000000,0.625000,3.623798,3.023798,0.337812,0.293319,0.337812,0.293319,0.000000,0.293319,0.000000,3.023798,3.023798,2.730479,2.730479,0.000000,horizon_mpc_secbf,12,2.845814,true,osqp,optimal,100,5.943062,0,3.882030,fallback,true,0.681704,0.312697,0.668865,0.307417,,,0.736129,0.000155,4.716803,0.254116
head_on,context_ext,Proposed MPC-SECBF,74,7.400,2.035911,-0.075207,0.668865,0.307417,0.430817,-1.700000,0.080000,-0.500000,0.000000,child,approaching,distracted,,0.000000,0.625000,3.739134,3.139134,0.337812,0.293319,0.337812,0.293319,0.000000,0.293319,0.000000,3.139134,3.139134,2.845814,2.845814,0.000000,horizon_mpc_secbf,12,2.961497,true,osqp,optimal,100,3.644499,0,4.001003,fallback,true,0.681800,0.312488,0.668949,0.307217,,,0.736121,0.000217,4.790415,0.180503
head_on,context_ext,Proposed MPC-SECBF,75,7.500,2.102806,-0.044485,0.668949,0.307217,0.430522,-1.750000,0.080000,-0.500000,0.000000,child,approaching,distracted,,0.000000,0.625000,3.854816,3.254816,0.337812,0.293319,0.337812,0.293319,0.000000,0.293319,0.000000,3.254816,3.254816,2.961497,2.961497,0.000000,horizon_mpc_secbf,12,3.077503,true,osqp,optimal,100,4.228016,0,4.120065,fallback,true,0.681964,0.312130,0.669088,0.306881,,,0.736108,0.000364,4.864026,0.106891
head_on,context_ext,Proposed MPC-SECBF,76,7.600,2.169715,-0.013797,0.669088,0.306881,0.430028,-1.800000,0.080000,-0.500000,0.000000,child,approaching,distracted,,0.000000,0.625000,3.970823,3.370823,0.337812,0.293319,0.337812,0.293319,0.000000,0.293319,0.000000,3.370823,3.370823,3.077503,3.077503,0.000000,horizon_mpc_secbf,12,3.163697,true,osqp,optimal,75,5.047030,0,3.939007,fallback,true,0.302853,0.137969,0.365689,0.166950,,,0.401996,0.334113,4.904225,0.033280
head_on,context_ext,Proposed MPC-SECBF,77,7.700,2.206284,0.002898,0.365689,0.166950,0.428275,-1.850000,0.080000,-0.500000,0.000000,child,approaching,distracted,,0.000000,0.625000,4.057016,3.457016,0.337812,0.293319,0.337812,0.293319,0.000000,0.293319,0.000000,3.457016,3.457016,3.163697,3.163697,0.000000,horizon_mpc_secbf,12,3.213700,true,osqp,optimal,75,3.636632,0,3.663723,fallback,true,-0.062836,-0.028981,0.000112,-0.000242,,,0.000266,0.401995,4.904252,0.006920
head_on,context_ext,Proposed MPC-SECBF,78,7.800,2.206295,0.002874,0.000112,-0.000242,-1.137794,-1.900000,0.080000,-0.500000,0.000000,child,approaching,distracted,,0.000000,0.625000,4.107019,3.507019,0.337812,0.293319,0.337812,0.293319,0.000000,0.293319,0.000000,3.507019,3.507019,3.213700,3.213700,0.000000,horizon_mpc_secbf,12,3.258524,true,osqp,optimal,75,3.596247,0,3.661940,fallback,true,-0.062948,-0.028739,-0.052128,-0.023850,,,0.057325,0.057327,4.909984,0.006920
head_on,context_ext,Proposed MPC-SECBF,79,7.900,2.201082,0.000489,-0.052128,-0.023850,-2.712507,-1.950000,0.080000,-0.500000,0.000000,child,approaching,distracted,,0.000000,0.625000,4.151843,3.551843,0.337812,0.293319,0.337812,0.293319,0.000000,0.293319,0.000000,3.551843,3.551843,3.258524,3.258524,0.000000,horizon_mpc_secbf,12,3.306741,true,osqp,optimal,50,5.374799,0,3.740692,fallback,true,-0.010819,-0.004889,-0.017900,-0.008142,,,0.019665,0.037661,4.911951,0.001187
head_on,context_ext,Proposed MPC-SECBF,80,8.000,2.199292,-0.000325,-0.017900,-0.008142,-2.714677,-2.000000,0.080000,-0.500000,0.000000,child,approaching,distracted,,0.000000,0.625000,4.200060,3.600060,0.337812,0.293319,0.337812,0.293319,0.000000,0.293319,0.000000,3.600060,3.600060,3.306741,3.306741,0.000000,horizon_mpc_secbf,12,3.357008,true,osqp,optimal,50,4.514738,0,3.809415,fallback,true,0.007080,0.003253,0.002791,0.001298,,,0.003078,0.022742,4.912259,0.000779
head_on,context_ext,Proposed MPC-SECBF,81,8.100,2.199571,-0.000196,0.002791,0.001298,0.435365,-2.050000,0.080000,-0.500000,0.000000,child,approaching,distracted,,0.000000,0.625000,4.250328,3.650328,0.337812,0.293319,0.337812,0.293319,0.000000,0.293319,0.000000,3.650328,3.650328,3.357008,3.357008,0.000000,horizon_mpc_secbf,12,3.407399,true,osqp,optimal,50,4.755778,0,3.860914,fallback,true,0.004290,0.001955,0.004030,0.001842,,,0.004431,0.001354,4.912702,0.000471
head_on,context_ext,Proposed MPC-SECBF,82,8.200,2.199974,-0.000011,0.004030,0.001842,0.428806,-2.100000,0.080000,-0.500000,0.000000,child,approaching,distracted,,0.000000,0.625000,4.300718,3.700718,0.337812,0.293319,0.337812,0.293319,0.000000,0.293319,0.000000,3.700718,3.700718,3.407399,3.407399,0.000000,horizon_mpc_secbf,12,3.457480,true,osqp,optimal,50,5.578469,0,3.908211,fallback,true,0.000260,0.000113,0.000906,0.000409,,,0.000995,0.003437,4.912801,0.000028
head_on,context_ext,Proposed MPC-SECBF,83,8.300,2.200065,0.000030,0.000906,0.000409,0.424323,-2.150000,0.080000,-0.500000,0.000000,child,approaching,distracted,,0.000000,0.625000,4.350800,3.750800,0.337812,0.293319,0.337812,0.293319,0.000000,0.293319,0.000000,3.750800,3.750800,3.457480,3.457480,0.000000,horizon_mpc_secbf,12,3.507434,true,osqp,optimal,50,4.549196,0,3.957019,fallback,true,-0.000647,-0.000297,-0.000380,-0.000176,,,0.000418,0.001413,4.912843,0.000071
head_on,context_ext,Proposed MPC-SECBF,84,8.400,2.200027,0.000012,-0.000380,-0.000176,-2.708541,-2.200000,0.080000,-0.500000,0.000000,child,approaching,distracted,,0.000000,0.625000,4.400754,3.800754,0.337812,0.293319,0.337812,0.293319,0.000000,0.293319,0.000000,3.800754,3.800754,3.507434,3.507434,0.000000,horizon_mpc_secbf,12,3.557398,true,osqp,optimal,25,5.487224,0,4.007075,fallback,true,-0.000267,-0.000121,-0.000279,-0.000131,,,0.000308,0.000110,4.912874,0.000029
head_on,context_ext,Proposed MPC-SECBF,85,8.500,2.199999,-0.000001,-0.000279,-0.000131,-2.704432,-2.250000,0.080000,-0.500000,0.000000,child,approaching,distracted,,0.000000,0.625000,4.450718,3.850718,0.337812,0.293319,0.337812,0.293319,0.000000,0.293319,0.000000,3.850718,3.850718,3.557398,3.557398,0.000000,horizon_mpc_secbf,12,3.607390,true,osqp,optimal,25,4.489036,0,4.057311,fallback,true,0.000013,0.000009,-0.000006,0.000009,,,0.000011,0.000307,4.912875,0.000002
head_on,context_ext,Proposed MPC-SECBF,86,8.600,2.199998,-0.000000,-0.000006,0.000009,2.186794,-2.300000,0.080000,-0.500000,0.000000,child,approaching,distracted,,0.000000,0.625000,4.500709,3.900709,0.337812,0.293319,0.337812,0.293319,0.000000,0.293319,0.000000,3.900709,3.900709,3.607390,3.607390,0.000000,horizon_mpc_secbf,12,3.657383,true,osqp,optimal,25,4.789723,0,4.107325,fallback,true,0.000019,0.000000,0.000014,0.000002,,,0.000014,0.000022,4.912876,0.000002
head_on,context_ext,Proposed MPC-SECBF,87,8.700,2.200000,0.000000,0.000014,0.000002,0.137176,-2.350000,0.080000,-0.500000,0.000000,child,approaching,distracted,,0.000000,0.625000,4.550703,3.950703,0.337812,0.293319,0.337812,0.293319,0.000000,0.293319,0.000000,3.950703,3.950703,3.657383,3.657383,0.000000,horizon_mpc_secbf,12,3.707376,true,osqp,optimal,25,3.609745,0,4.157312,fallback,true,0.000005,-0.000001,0.000006,-0.000001,,,0.000006,0.000008,4.912877,0.000001
head_on,context_ext,Proposed MPC-SECBF,88,8.800,2.200000,0.000000,0.000006,-0.000001,-0.137310,-2.400000,0.080000,-0.500000,0.000000,child,approaching,distracted,,0.000000,0.625000,4.600696,4.000696,0.337812,0.293319,0.337812,0.293319,0.000000,0.293319,0.000000,4.000696,4.000696,3.707376,3.707376,0.000000,horizon_mpc_secbf,12,3.757369,true,osqp,optimal,25,3.326576,0,4.207301,fallback,true,-0.000001,-0.000001,-0.000000,-0.000001,,,0.000001,0.000006,4.912877,0.000000
head_on,context_ext,Proposed MPC-SECBF,89,8.900,2.200000,-0.000000,-0.000000,-0.000001,-1.751127,-2.450000,0.080000,-0.500000,0.000000,child,approaching,distracted,,0.000000,0.625000,4.650688,4.050688,0.337812,0.293319,0.337812,0.293319,0.000000,0.293319,0.000000,4.050688,4.050688,3.757369,3.757369,0.000000,horizon_mpc_secbf,12,3.807362,true,osqp,optimal,25,3.477257,0,4.257294,fallback,true,-0.000001,0.000000,-0.000001,-0.000000,,,0.000001,0.000001,4.912877,0.000000
head_on,context_ext,Proposed MPC-SECBF,90,9.000,2.200000,-0.000000,-0.000001,-0.000000,-3.079186,-2.500000,0.080000,-0.500000,0.000000,child,approaching,distracted,,0.000000,0.625000,4.700681,4.100681,0.337812,0.293319,0.337812,0.293319,0.000000,0.293319,0.000000,4.100681,4.100681,3.807362,3.807362,0.000000,horizon_mpc_secbf,12,3.857354,true,osqp,optimal,25,4.660800,0,4.307289,fallback,true,-0.000000,0.000000,-0.000000,0.000000,,,0.000000,0.000001,4.912877,0.000000
head_on,context_ext,Proposed MPC-SECBF,91,9.100,2.200000,-0.000000,-0.000000,0.000000,2.925008,-2.550000,0.080000,-0.500000,0.000000,child,approaching,distracted,,0.000000,0.625000,4.750674,4.150674,0.337812,0.293319,0.337812,0.293319,0.000000,0.293319,0.000000,4.150674,4.150674,3.857354,3.857354,0.000000,horizon_mpc_secbf,12,3.907347,true,osqp,optimal,25,4.010566,0,4.357283,fallback,true,0.000000,0.000000,0.000000,0.000000,,,0.000000,0.000000,4.912877,0.000000
head_on,context_ext,Proposed MPC-SECBF,92,9.200,2.200000,0.000000,0.000000,0.000000,0.718045,-2.600000,0.080000,-0.500000,0.000000,child,approaching,distracted,,0.000000,0.625000,4.800667,4.200667,0.337812,0.293319,0.337812,0.293319,0.000000,0.293319,0.000000,4.200667,4.200667,3.907347,3.907347,0.000000,horizon_mpc_secbf,12,3.957340,true,osqp,optimal,25,3.601296,0,4.407278,fallback,true,0.000000,-0.000000,0.000000,-0.000000,,,0.000000,0.000000,4.912877,0.000000
head_on,context_ext,Proposed MPC-SECBF,93,9.300,2.200000,0.000000,0.000000,-0.000000,-0.005294,-2.650000,0.080000,-0.500000,0.000000,child,approaching,distracted,,0.000000,0.625000,4.850660,4.250660,0.337812,0.293319,0.337812,0.293319,0.000000,0.293319,0.000000,4.250660,4.250660,3.957340,3.957340,0.000000,horizon_mpc_secbf,12,4.007334,true,osqp,optimal,25,3.710937,0,4.457272,fallback,true,0.000000,-0.000000,0.000000,-0.000000,,,0.000000,0.000000,4.912877,0.000000
head_on,context_ext,Proposed MPC-SECBF,94,9.400,2.200000,0.000000,0.000000,-0.000000,-0.311643,-2.700000,0.080000,-0.500000,0.000000,child,approaching,distracted,,0.000000,0.625000,4.900653,4.300653,0.337812,0.293319,0.337812,0.293319,0.000000,0.293319,0.000000,4.300653,4.300653,4.007334,4.007334,0.000000,horizon_mpc_secbf,12,4.057327,true,osqp,optimal,25,4.265398,0,4.507267,fallback,true,-0.000000,-0.000000,-0.000000,-0.000000,,,0.000000,0.000000,4.912877,0.000000
head_on,context_ext,Proposed MPC-SECBF,95,9.500,2.200000,-0.000000,-0.000000,-0.000000,-2.755464,-2.750000,0.080000,-0.500000,0.000000,child,approaching,distracted,,0.000000,0.625000,4.950646,4.350646,0.337812,0.293319,0.337812,0.293319,0.000000,0.293319,0.000000,4.350646,4.350646,4.057327,4.057327,0.000000,horizon_mpc_secbf,12,4.107321,true,osqp,optimal,25,3.566768,0,4.557262,fallback,true,0.000000,0.000000,-0.000000,-0.000000,,,0.000000,0.000000,4.912877,0.000000
head_on,context_ext,Proposed MPC-SECBF,96,9.600,2.200000,-0.000000,-0.000000,-0.000000,-2.755464,-2.800000,0.080000,-0.500000,0.000000,child,approaching,distracted,,0.000000,0.625000,5.000640,4.400640,0.337812,0.293319,0.337812,0.293319,0.000000,0.293319,0.000000,4.400640,4.400640,4.107321,4.107321,0.000000,horizon_mpc_secbf,12,4.157314,true,osqp,optimal,25,3.579068,0,4.607257,fallback,true,0.000000,0.000000,0.000000,-0.000000,,,0.000000,0.000000,4.912877,0.000000
head_on,context_ext,Proposed MPC-SECBF,97,9.700,2.200000,-0.000000,0.000000,-0.000000,-2.755464,-2.850000,0.080000,-0.500000,0.000000,child,approaching,distracted,,0.000000,0.625000,5.050634,4.450634,0.337812,0.293319,0.337812,0.293319,0.000000,0.293319,0.000000,4.450634,4.450634,4.157314,4.157314,0.000000,horizon_mpc_secbf,12,4.207308,true,osqp,optimal,25,3.800491,0,4.657252,fallback,true,0.000000,0.000000,0.000000,-0.000000,,,0.000000,0.000000,4.912877,0.000000
head_on,context_ext,Proposed MPC-SECBF,98,9.800,2.200000,-0.000000,0.000000,-0.000000,-2.755464,-2.900000,0.080000,-0.500000,0.000000,child,approaching,distracted,,0.000000,0.625000,5.100627,4.500627,0.337812,0.293319,0.337812,0.293319,0.000000,0.293319,0.000000,4.500627,4.500627,4.207308,4.207308,0.000000,horizon_mpc_secbf,12,4.257302,true,osqp,optimal,25,4.436511,0,4.707247,fallback,true,0.000000,0.000000,0.000000,-0.000000,,,0.000000,0.000000,4.912877,0.000000
head_on,context_ext,Proposed MPC-SECBF,99,9.900,2.200000,-0.000000,0.000000,-0.000000,-2.755464,-2.950000,0.080000,-0.500000,0.000000,child,approaching,distracted,,0.000000,0.625000,5.150621,4.550621,0.337812,0.293319,0.337812,0.293319,0.000000,0.293319,0.000000,4.550621,4.550621,4.257302,4.257302,0.000000,horizon_mpc_secbf,12,4.307296,true,osqp,optimal,25,3.795194,0,4.757242,fallback,true,0.000000,0.000000,0.000000,-0.000000,,,0.000000,0.000000,4.912877,0.000000
head_on,context_ext,Proposed MPC-SECBF,100,10.000,2.200000,-0.000000,0.000000,-0.000000,-2.755464,-3.000000,0.080000,-0.500000,0.000000,child,approaching,distracted,,0.000000,0.625000,5.200615,4.600615,0.337812,0.293319,0.337812,0.293319,0.000000,0.293319,0.000000,4.600615,4.600615,4.307296,4.307296,0.000000,horizon_mpc_secbf,12,4.357290,true,osqp,optimal,25,3.842371,0,4.807237,fallback,true,0.000000,0.000000,0.000000,-0.000000,,,0.000000,0.000000,4.912877,0.000000
head_on,context_ext,Proposed MPC-SECBF,101,10.100,2.200000,-0.000000,0.000000,-0.000000,-2.755464,-3.050000,0.080000,-0.500000,0.000000,child,approaching,distracted,,0.000000,0.625000,5.250609,4.650609,0.337812,0.293319,0.337812,0.293319,0.000000,0.293319,0.000000,4.650609,4.650609,4.357290,4.357290,0.000000,horizon_mpc_secbf,12,4.407284,true,osqp,optimal,25,3.695453,0,4.857232,fallback,true,0.000000,0.000000,0.000000,-0.000000,,,0.000000,0.000000,4.912877,0.000000
head_on,context_ext,Proposed MPC-SECBF,102,10.200,2.200000,-0.000000,0.000000,-0.000000,-2.755464,-3.100000,0.080000,-0.500000,0.000000,child,approaching,distracted,,0.000000,0.625000,5.300604,4.700604,0.337812,0.293319,0.337812,0.293319,0.000000,0.293319,0.000000,4.700604,4.700604,4.407284,4.407284,0.000000,horizon_mpc_secbf,12,4.457279,true,osqp,optimal,25,4.551381,0,4.907227,fallback,true,0.000000,0.000000,0.000000,-0.000000,,,0.000000,0.000000,4.912877,0.000000
head_on,context_ext,Proposed MPC-SECBF,103,10.300,2.200000,-0.000000,0.000000,-0.000000,-2.755464,-3.150000,0.080000,-0.500000,0.000000,child,approaching,distracted,,0.000000,0.625000,5.350598,4.750598,0.337812,0.293319,0.337812,0.293319,0.000000,0.293319,0.000000,4.750598,4.750598,4.457279,4.457279,0.000000,horizon_mpc_secbf,12,4.507273,true,osqp,optimal,25,3.394894,0,4.957223,fallback,true,0.000000,0.000000,0.000000,-0.000000,,,0.000000,0.000000,4.912877,0.000000
head_on,context_ext,Proposed MPC-SECBF,104,10.400,2.200000,-0.000000,0.000000,-0.000000,-2.755464,-3.200000,0.080000,-0.500000,0.000000,child,approaching,distracted,,0.000000,0.625000,5.400593,4.800593,0.337812,0.293319,0.337812,0.293319,0.000000,0.293319,0.000000,4.800593,4.800593,4.507273,4.507273,0.000000,horizon_mpc_secbf,12,4.557268,true,osqp,optimal,25,3.525862,0,5.007218,fallback,true,0.000000,0.000000,0.000000,-0.000000,,,0.000000,0.000000,4.912877,0.000000
head_on,context_ext,Proposed MPC-SECBF,105,10.500,2.200000,-0.000000,0.000000,-0.000000,-2.755464,-3.250000,0.080000,-0.500000,0.000000,child,approaching,distracted,,0.000000,0.625000,5.450587,4.850587,0.337812,0.293319,0.337812,0.293319,0.000000,0.293319,0.000000,4.850587,4.850587,4.557268,4.557268,0.000000,horizon_mpc_secbf,12,4.607262,true,osqp,optimal,25,3.522950,0,5.057214,fallback,true,0.000000,0.000000,0.000000,-0.000000,,,0.000000,0.000000,4.912877,0.000000
head_on,context_ext,Proposed MPC-SECBF,106,10.600,2.200000,-0.000000,0.000000,-0.000000,-2.755464,-3.300000,0.080000,-0.500000,0.000000,child,approaching,distracted,,0.000000,0.625000,5.500582,4.900582,0.337812,0.293319,0.337812,0.293319,0.000000,0.293319,0.000000,4.900582,4.900582,4.607262,4.607262,0.000000,horizon_mpc_secbf,12,4.657257,true,osqp,optimal,25,4.837892,0,5.107210,fallback,true,0.000000,0.000000,0.000000,-0.000000,,,0.000000,0.000000,4.912877,0.000000
head_on,context_ext,Proposed MPC-SECBF,107,10.700,2.200000,-0.000000,0.000000,-0.000000,-2.755464,-3.350000,0.080000,-0.500000,0.000000,child,approaching,distracted,,0.000000,0.625000,5.550577,4.950577,0.337812,0.293319,0.337812,0.293319,0.000000,0.293319,0.000000,4.950577,4.950577,4.657257,4.657257,0.000000,horizon_mpc_secbf,12,4.707252,true,osqp,optimal,25,3.565349,0,5.157205,fallback,true,0.000000,0.000000,0.000000,-0.000000,,,0.000000,0.000000,4.912877,0.000000
head_on,context_ext,Proposed MPC-SECBF,108,10.800,2.200000,-0.000000,0.000000,-0.000000,-2.755464,-3.400000,0.080000,-0.500000,0.000000,child,approaching,distracted,,0.000000,0.625000,5.600571,5.000571,0.337812,0.293319,0.337812,0.293319,0.000000,0.293319,0.000000,5.000571,5.000571,4.707252,4.707252,0.000000,horizon_mpc_secbf,12,4.757247,true,osqp,optimal,25,3.548894,0,5.207201,fallback,true,0.000000,0.000000,0.000000,-0.000000,,,0.000000,0.000000,4.912877,0.000000
head_on,context_ext,Proposed MPC-SECBF,109,10.900,2.200000,-0.000000,0.000000,-0.000000,-2.755464,-3.450000,0.080000,-0.500000,0.000000,child,approaching,distracted,,0.000000,0.625000,5.650566,5.050566,0.337812,0.293319,0.337812,0.293319,0.000000,0.293319,0.000000,5.050566,5.050566,4.757247,4.757247,0.000000,horizon_mpc_secbf,12,4.807242,true,osqp,optimal,25,3.845619,0,5.257197,fallback,true,0.000000,0.000000,0.000000,-0.000000,,,0.000000,0.000000,4.912877,0.000000
head_on,context_ext,Proposed MPC-SECBF,110,11.000,2.200000,-0.000000,0.000000,-0.000000,-2.755464,-3.500000,0.080000,-0.500000,0.000000,child,approaching,distracted,,0.000000,0.625000,5.700561,5.100561,0.337812,0.293319,0.337812,0.293319,0.000000,0.293319,0.000000,5.100561,5.100561,4.807242,4.807242,0.000000,horizon_mpc_secbf,12,4.857237,true,osqp,optimal,25,3.973032,0,5.307193,fallback,true,0.000000,0.000000,0.000000,-0.000000,,,0.000000,0.000000,4.912877,0.000000
head_on,context_ext,Proposed MPC-SECBF,111,11.100,2.200000,-0.000000,0.000000,-0.000000,-2.755464,-3.550000,0.080000,-0.500000,0.000000,child,approaching,distracted,,0.000000,0.625000,5.750556,5.150556,0.337812,0.293319,0.337812,0.293319,0.000000,0.293319,0.000000,5.150556,5.150556,4.857237,4.857237,0.000000,horizon_mpc_secbf,12,4.907232,true,osqp,optimal,25,3.646449,0,5.357189,fallback,true,0.000000,0.000000,0.000000,-0.000000,,,0.000000,0.000000,4.912877,0.000000
head_on,context_ext,Proposed MPC-SECBF,112,11.200,2.200000,-0.000000,0.000000,-0.000000,-2.755464,-3.600000,0.080000,-0.500000,0.000000,child,approaching,distracted,,0.000000,0.625000,5.800552,5.200552,0.337812,0.293319,0.337812,0.293319,0.000000,0.293319,0.000000,5.200552,5.200552,4.907232,4.907232,0.000000,horizon_mpc_secbf,12,4.957228,true,osqp,optimal,25,3.382592,0,5.407185,fallback,true,0.000000,0.000000,0.000000,-0.000000,,,0.000000,0.000000,4.912877,0.000000
head_on,context_ext,Proposed MPC-SECBF,113,11.300,2.200000,-0.000000,0.000000,-0.000000,-2.755464,-3.650000,0.080000,-0.500000,0.000000,child,approaching,distracted,,0.000000,0.625000,5.850547,5.250547,0.337812,0.293319,0.337812,0.293319,0.000000,0.293319,0.000000,5.250547,5.250547,4.957228,4.957228,0.000000,horizon_mpc_secbf,12,5.007223,true,osqp,optimal,25,3.509331,0,5.457181,fallback,true,0.000000,0.000000,0.000000,-0.000000,,,0.000000,0.000000,4.912877,0.000000
head_on,context_ext,Proposed MPC-SECBF,114,11.400,2.200000,-0.000000,0.000000,-0.000000,-2.755464,-3.700000,0.080000,-0.500000,0.000000,child,approaching,distracted,,0.000000,0.625000,5.900542,5.300542,0.337812,0.293319,0.337812,0.293319,0.000000,0.293319,0.000000,5.300542,5.300542,5.007223,5.007223,0.000000,horizon_mpc_secbf,12,5.057218,true,osqp,optimal,25,4.289202,0,5.507177,fallback,true,0.000000,0.000000,0.000000,-0.000000,,,0.000000,0.000000,4.912877,0.000000
head_on,context_ext,Proposed MPC-SECBF,115,11.500,2.200000,-0.000000,0.000000,-0.000000,-2.755464,-3.750000,0.080000,-0.500000,0.000000,child,approaching,distracted,,0.000000,0.625000,5.950538,5.350538,0.337812,0.293319,0.337812,0.293319,0.000000,0.293319,0.000000,5.350538,5.350538,5.057218,5.057218,0.000000,horizon_mpc_secbf,12,5.107214,true,osqp,optimal,25,3.818375,0,5.557173,fallback,true,0.000000,0.000000,0.000000,-0.000000,,,0.000000,0.000000,4.912877,0.000000
head_on,context_ext,Proposed MPC-SECBF,116,11.600,2.200000,-0.000000,0.000000,-0.000000,-2.755464,-3.800000,0.080000,-0.500000,0.000000,child,approaching,distracted,,0.000000,0.625000,6.000533,5.400533,0.337812,0.293319,0.337812,0.293319,0.000000,0.293319,0.000000,5.400533,5.400533,5.107214,5.107214,0.000000,horizon_mpc_secbf,12,5.157210,true,osqp,optimal,25,4.029121,0,5.607170,fallback,true,0.000000,0.000000,0.000000,-0.000000,,,0.000000,0.000000,4.912877,0.000000
head_on,context_ext,Proposed MPC-SECBF,117,11.700,2.200000,-0.000000,0.000000,-0.000000,-2.755464,-3.850000,0.080000,-0.500000,0.000000,child,approaching,distracted,,0.000000,0.625000,6.050529,5.450529,0.337812,0.293319,0.337812,0.293319,0.000000,0.293319,0.000000,5.450529,5.450529,5.157210,5.157210,0.000000,horizon_mpc_secbf,12,5.207205,true,osqp,optimal,25,3.235267,0,5.657166,fallback,true,0.000000,0.000000,0.000000,-0.000000,,,0.000000,0.000000,4.912877,0.000000
head_on,context_ext,Proposed MPC-SECBF,118,11.800,2.200000,-0.000000,0.000000,-0.000000,-2.755464,-3.900000,0.080000,-0.500000,0.000000,child,approaching,distracted,,0.000000,0.625000,6.100525,5.500525,0.337812,0.293319,0.337812,0.293319,0.000000,0.293319,0.000000,5.500525,5.500525,5.207205,5.207205,0.000000,horizon_mpc_secbf,12,5.257201,true,osqp,optimal,25,4.431592,0,5.707162,fallback,true,0.000000,0.000000,0.000000,-0.000000,,,0.000000,0.000000,4.912877,0.000000
head_on,context_ext,Proposed MPC-SECBF,119,11.900,2.200000,-0.000000,0.000000,-0.000000,-2.755464,-3.950000,0.080000,-0.500000,0.000000,child,approaching,distracted,,0.000000,0.625000,6.150520,5.550520,0.337812,0.293319,0.337812,0.293319,0.000000,0.293319,0.000000,5.550520,5.550520,5.257201,5.257201,0.000000,horizon_mpc_secbf,12,5.307197,true,osqp,optimal,25,3.327101,0,5.757159,fallback,true,0.000000,0.000000,0.000000,-0.000000,,,0.000000,0.000000,4.912877,0.000000
