scenario,context_level,method,step,time,robot_x,robot_y,robot_vx,robot_vy,robot_theta,human_x,human_y,human_vx,human_vy,human_type,motion_state,attention_state,ttc,head_on_factor,crowding_factor,distance,clearance,beta_candidate,beta_final,beta_requested,beta_applied,beta_dynamic,beta_cbf,delta_beta,h_standard,h_ee,h_see,h_cbf,slack,controller_type,horizon_steps,predicted_min_h,solver_success,solver_backend,solver_status,solver_iterations,solve_time_ms,active_constraints,min_cbf_value,guard_status,guard_active,u_ref_x,u_ref_y,cmd_vx,cmd_vy,cmd_v,cmd_omega,speed,command_step,path_length,goal_error
head_on,context_bl,Standard MPC-CBF,0,0.000,-2.200000,0.000000,0.000000,0.000000,0.000000,2.000000,0.080000,-0.500000,0.000000,unknown,walking,unknown,7.202830,1.000000,0.000000,4.200762,3.600762,0.000000,0.000000,0.000000,0.000000,0.000000,0.000000,0.000000,3.600762,3.600762,3.600762,3.600762,0.000000,horizon_mpc_secbf,12,2.130875,true,osqp,optimal,100,69.410401,0,2.479951,geometric,false,0.750000,0.000000,0.621014,-0.000000,,,0.621014,0.621014,0.062101,4.400000
head_on,context_bl,Standard MPC-CBF,1,0.100,-2.137899,-0.000000,0.621014,-0.000000,-0.000000,1.950000,0.080000,-0.500000,0.000000,unknown,walking,unknown,3.112671,1.000000,0.000000,4.088681,3.488681,0.000000,0.000000,0.000000,0.000000,0.000000,0.000000,0.000000,3.488681,3.488681,3.488681,3.488681,0.000000,horizon_mpc_secbf,12,2.007369,true,osqp,optimal,125,5.749015,0,2.262814,geometric,false,0.750000,0.000000,0.726102,0.000000,,,0.726102,0.105087,0.134712,4.337899
head_on,context_bl,Standard MPC-CBF,2,0.200,-2.065288,-0.000000,0.726102,0.000000,0.000000,1.900000,0.080000,-0.500000,0.000000,unknown,walking,unknown,2.745923,1.000000,0.000000,3.966095,3.366095,0.000000,0.000000,0.000000,0.000000,0.000000,0.000000,0.000000,3.366095,3.366095,3.366095,3.366095,0.000000,horizon_mpc_secbf,12,1.883857,true,osqp,optimal,125,6.992256,0,2.130745,geometric,false,0.750000,0.000000,0.735602,0.000000,,,0.735602,0.009501,0.208272,4.265288
head_on,context_bl,Standard MPC-CBF,3,0.300,-1.991728,-0.000000,0.735602,0.000000,0.000000,1.850000,0.080000,-0.500000,0.000000,unknown,walking,unknown,2.624845,1.000000,0.000000,3.842561,3.242561,0.000000,0.000000,0.000000,0.000000,0.000000,0.000000,0.000000,3.242561,3.242561,3.242561,3.242561,0.000000,horizon_mpc_secbf,12,1.760364,true,osqp,optimal,125,5.882209,0,2.007226,geometric,false,0.750000,0.000000,0.735603,0.000000,,,0.735603,0.000001,0.281832,4.191728
head_on,context_bl,Standard MPC-CBF,4,0.400,-1.918168,0.000000,0.735603,0.000000,0.000000,1.800000,0.080000,-0.500000,0.000000,unknown,walking,unknown,2.524881,1.000000,0.000000,3.719028,3.119028,0.000000,0.000000,0.000000,0.000000,0.000000,0.000000,0.000000,3.119028,3.119028,3.119028,3.119028,0.000000,horizon_mpc_secbf,12,1.636878,true,osqp,optimal,125,6.726527,0,1.883712,geometric,false,0.750000,-0.000000,0.735603,0.000000,,,0.735603,0.000000,0.355392,4.118168
head_on,context_bl,Standard MPC-CBF,5,0.500,-1.844608,0.000000,0.735603,0.000000,0.000000,1.750000,0.080000,-0.500000,0.000000,unknown,walking,unknown,2.424921,1.000000,0.000000,3.595498,2.995498,0.000000,0.000000,0.000000,0.000000,0.000000,0.000000,0.000000,2.995498,2.995498,2.995498,2.995498,0.000000,horizon_mpc_secbf,12,1.513402,true,osqp,optimal,125,12.053868,0,1.760201,geometric,false,0.750000,-0.000000,0.735603,0.000000,,,0.735603,0.000000,0.428953,4.044608
head_on,context_bl,Standard MPC-CBF,6,0.600,-1.771047,0.000000,0.735603,0.000000,0.000000,1.700000,0.080000,-0.500000,0.000000,unknown,walking,unknown,2.324964,1.000000,0.000000,3.471969,2.871969,0.000000,0.000000,0.000000,0.000000,0.000000,0.000000,0.000000,2.871969,2.871969,2.871969,2.871969,0.000000,horizon_mpc_secbf,12,1.389936,true,osqp,optimal,125,17.871246,0,1.636694,geometric,false,0.750000,-0.000000,0.735603,0.000000,,,0.735603,0.000000,0.502513,3.971047
head_on,context_bl,Standard MPC-CBF,7,0.700,-1.697487,0.000000,0.735603,0.000000,0.000000,1.650000,0.080000,-0.500000,0.000000,unknown,walking,unknown,2.225009,1.000000,0.000000,3.348443,2.748443,0.000000,0.000000,0.000000,0.000000,0.000000,0.000000,0.000000,2.748443,2.748443,2.748443,2.748443,0.000000,horizon_mpc_secbf,12,1.266482,true,osqp,optimal,125,19.483345,0,1.513193,geometric,false,0.750000,-0.000000,0.735603,0.000000,,,0.735603,0.000000,0.576073,3.897487
head_on,context_bl,Standard MPC-CBF,8,0.800,-1.623927,0.000000,0.735603,0.000000,0.000000,1.600000,0.080000,-0.500000,0.000000,unknown,walking,unknown,2.125058,1.000000,0.000000,3.224919,2.624919,0.000000,0.000000,0.000000,0.000000,0.000000,0.000000,0.000000,2.624919,2.624919,2.624919,2.624919,0.000000,horizon_mpc_secbf,12,1.143139,true,osqp,optimal,125,6.983681,0,1.389697,geometric,false,0.750000,-0.000000,0.735603,0.000000,,,0.735603,0.000000,0.649633,3.823927
head_on,context_bl,Standard MPC-CBF,9,0.900,-1.550367,0.000000,0.735603,0.000000,0.000000,1.550000,0.080000,-0.500000,0.000000,unknown,walking,unknown,2.025110,1.000000,0.000000,3.101399,2.501399,0.000000,0.000000,0.000000,0.000000,0.000000,0.000000,0.000000,2.501399,2.501399,2.501399,2.501399,0.000000,horizon_mpc_secbf,12,1.020011,true,osqp,optimal,125,15.242527,0,1.266207,geometric,false,0.750000,-0.000000,0.735603,0.000000,,,0.735603,0.000000,0.723194,3.750367
head_on,context_bl,Standard MPC-CBF,10,1.000,-1.476806,0.000000,0.735603,0.000000,0.000000,1.500000,0.080000,-0.500000,0.000000,unknown,walking,unknown,1.925166,1.000000,0.000000,2.977881,2.377881,0.000000,0.000000,0.000000,0.000000,0.000000,0.000000,0.000000,2.377881,2.377881,2.377881,2.377881,0.000000,horizon_mpc_secbf,12,0.897184,true,osqp,optimal,125,9.337769,0,1.142725,geometric,false,0.750000,-0.000000,0.735602,0.000000,,,0.735602,0.000000,0.796754,3.676806
head_on,context_bl,Standard MPC-CBF,11,1.100,-1.403246,0.000000,0.735602,0.000000,0.000000,1.450000,0.080000,-0.500000,0.000000,adult,walking,attentive,1.825226,1.000000,0.000000,2.854367,2.254367,0.000000,0.000000,0.000000,0.000000,0.000000,0.000000,0.000000,2.254367,2.254367,2.254367,2.254367,0.000000,horizon_mpc_secbf,12,0.774801,true,osqp,optimal,125,9.411130,0,1.019251,geometric,false,0.750000,-0.000000,0.735602,0.000000,,,0.735602,0.000000,0.870314,3.603246
head_on,context_bl,Standard MPC-CBF,12,1.200,-1.329686,0.000000,0.735602,0.000000,0.000000,1.400000,0.080000,-0.500000,0.000000,adult,walking,attentive,1.725291,1.000000,0.000000,2.730858,2.130858,0.000000,0.000000,0.000000,0.000000,0.000000,0.000000,0.000000,2.130858,2.130858,2.130858,2.130858,0.000000,horizon_mpc_secbf,12,0.653210,true,osqp,optimal,125,6.254352,0,0.895788,geometric,false,0.750000,-0.000000,0.735601,-0.000000,,,0.735601,0.000001,0.943874,3.529686
head_on,context_bl,Standard MPC-CBF,13,1.300,-1.256126,0.000000,0.735601,-0.000000,-0.000000,1.350000,0.080000,-0.500000,0.000000,adult,walking,attentive,1.625363,1.000000,0.000000,2.607353,2.007353,0.000000,0.000000,0.000000,0.000000,0.000000,0.000000,0.000000,2.007353,2.007353,2.007353,2.007353,0.000000,horizon_mpc_secbf,12,0.533912,true,osqp,optimal,125,6.322878,0,0.772349,geometric,false,0.750000,-0.000000,0.735586,-0.000000,,,0.735586,0.000014,1.017433,3.456126
head_on,context_bl,Standard MPC-CBF,14,1.400,-1.182567,-0.000000,0.735586,-0.000000,-0.000000,1.300000,0.080000,-0.500000,0.000000,adult,walking,attentive,1.525457,1.000000,0.000000,2.483856,1.883856,0.000000,0.000000,0.000000,0.000000,0.000000,0.000000,0.000000,1.883856,1.883856,1.883856,1.883856,0.000000,horizon_mpc_secbf,12,0.417272,true,osqp,optimal,125,6.384837,0,0.648910,geometric,false,0.750000,0.000000,0.735587,-0.000003,,,0.735587,0.000003,1.090992,3.382567
head_on,context_bl,Standard MPC-CBF,15,1.500,-1.109008,-0.000000,0.735587,-0.000003,-0.000004,1.250000,0.080000,-0.500000,0.000000,adult,walking,attentive,1.425538,1.000000,0.000000,2.360365,1.760365,0.000000,0.000000,0.000000,0.000000,0.000000,0.000000,0.000000,1.760365,1.760365,1.760365,1.760365,0.000000,horizon_mpc_secbf,12,0.303957,true,osqp,optimal,125,6.453421,0,0.525487,geometric,false,0.750000,0.000000,0.735588,-0.000018,,,0.735588,0.000015,1.164550,3.309008
head_on,context_bl,Standard MPC-CBF,16,1.600,-1.035450,-0.000002,0.735588,-0.000018,-0.000025,1.200000,0.080000,-0.500000,0.000000,adult,walking,attentive,1.325627,1.000000,0.000000,2.236881,1.636881,0.000000,0.000000,0.000000,0.000000,0.000000,0.000000,0.000000,1.636881,1.636881,1.636881,1.636881,0.000000,horizon_mpc_secbf,12,0.195057,true,osqp,optimal,125,6.410417,0,0.402086,geometric,false,0.750000,0.000000,0.735589,-0.000105,,,0.735589,0.000087,1.238109,3.235450
head_on,context_bl,Standard MPC-CBF,17,1.700,-0.961891,-0.000013,0.735589,-0.000105,-0.000143,1.150000,0.080000,-0.500000,0.000000,adult,walking,attentive,1.225729,1.000000,0.000000,2.113406,1.513406,0.000000,0.000000,0.000000,0.000000,0.000000,0.000000,0.000000,1.513406,1.513406,1.513406,1.513406,0.000000,horizon_mpc_secbf,12,0.092334,true,osqp,optimal,100,6.368966,0,0.278740,geometric,false,0.750000,0.000003,0.735575,-0.000606,,,0.735575,0.000501,1.311667,3.161891
head_on,context_bl,Standard MPC-CBF,18,1.800,-0.888333,-0.000073,0.735575,-0.000606,-0.000824,1.100000,0.080000,-0.500000,0.000000,adult,walking,attentive,1.125872,1.000000,0.000000,1.989945,1.389945,0.000000,0.000000,0.000000,0.000000,0.000000,0.000000,0.000000,1.389945,1.389945,1.389945,1.389945,0.000003,horizon_mpc_secbf,12,0.000037,true,osqp,optimal,75,6.605838,0,0.155526,geometric,false,0.750000,0.000018,0.735604,-0.004521,,,0.735618,0.003915,1.385229,3.088333
head_on,context_bl,Standard MPC-CBF,19,1.900,-0.814773,-0.000525,0.735604,-0.004521,-0.006146,1.050000,0.080000,-0.500000,0.000000,adult,walking,attentive,1.026131,1.000000,0.000000,1.866511,1.266511,0.000000,0.000000,0.000000,0.000000,0.000000,0.000000,0.000000,1.266511,1.266511,1.266511,1.266511,0.000075,horizon_mpc_secbf,12,-0.000075,true,osqp,optimal,50,6.250154,0,0.072522,geometric,false,0.750000,0.000131,0.697683,-0.058048,,,0.700094,0.065598,1.455238,3.014773
head_on,context_bl,Standard MPC-CBF,20,2.000,-0.745004,-0.006330,0.697683,-0.058048,-0.083010,1.000000,0.080000,-0.500000,0.000000,adult,walking,attentive,0.961274,1.000000,0.000000,1.747139,1.147139,0.000000,0.000000,0.000000,0.000000,0.000000,0.000000,0.000000,1.147139,1.147139,1.147139,1.147139,0.000120,horizon_mpc_secbf,12,-0.000120,true,osqp,optimal,50,6.204659,0,-0.019889,geometric,false,0.749998,0.001612,0.675087,-0.131614,,,0.687797,0.076958,1.524018,2.945011
head_on,context_bl,Standard MPC-CBF,21,2.100,-0.677496,-0.019492,0.675087,-0.131614,-0.192543,0.950000,0.080000,-0.500000,0.000000,adult,walking,attentive,0.884680,1.000000,0.000000,1.630534,1.030534,0.000000,0.000000,0.000000,0.000000,0.000000,0.000000,0.000000,1.030534,1.030534,1.030534,1.030534,0.000144,horizon_mpc_secbf,12,0.000021,true,osqp,optimal,75,5.964081,0,-0.137128,geometric,false,0.749983,0.005080,0.682163,-0.199188,,,0.710649,0.067944,1.595083,2.877562
head_on,context_bl,Standard MPC-CBF,22,2.200,-0.609280,-0.039410,0.682163,-0.199188,-0.284096,0.900000,0.080000,-0.500000,0.000000,adult,walking,attentive,0.786050,1.000000,0.000000,1.513996,0.913996,0.000000,0.000000,0.000000,0.000000,0.000000,0.000000,0.000000,0.913996,0.913996,0.913996,0.913996,0.000088,horizon_mpc_secbf,12,-0.000020,true,osqp,optimal,225,7.178154,0,-0.252054,geometric,false,0.749926,0.010520,0.689299,-0.246687,,,0.732112,0.048033,1.668294,2.809556
head_on,context_bl,Standard MPC-CBF,23,2.300,-0.540350,-0.064079,0.689299,-0.246687,-0.343679,0.850000,0.080000,-0.500000,0.000000,adult,walking,attentive,0.689218,1.000000,0.000000,1.397795,0.797795,0.000000,0.000000,0.000000,0.000000,0.000000,0.000000,0.000000,0.797795,0.797795,0.797795,0.797795,0.000099,horizon_mpc_secbf,12,0.000005,true,osqp,optimal,175,6.838765,0,-0.346548,geometric,false,0.749795,0.017533,0.679712,-0.281217,,,0.735589,0.035837,1.741853,2.741099
head_on,context_bl,Standard MPC-CBF,24,2.400,-0.472378,-0.092201,0.679712,-0.281217,-0.392287,0.800000,0.080000,-0.500000,0.000000,adult,walking,attentive,0.604574,1.000000,0.000000,1.283978,0.683978,0.000000,0.000000,0.000000,0.000000,0.000000,0.000000,0.000000,0.683978,0.683978,0.683978,0.683978,0.000114,horizon_mpc_secbf,12,0.000016,true,osqp,optimal,175,6.900828,0,-0.430195,geometric,false,0.749554,0.025861,0.666743,-0.312526,,,0.736355,0.033889,1.815488,2.673969
head_on,context_bl,Standard MPC-CBF,25,2.500,-0.405704,-0.123453,0.666743,-0.312526,-0.438325,0.750000,0.080000,-0.500000,0.000000,adult,walking,attentive,0.523775,1.000000,0.000000,1.173476,0.573476,0.000000,0.000000,0.000000,0.000000,0.000000,0.000000,0.000000,0.573476,0.573476,0.573476,0.573476,0.000131,horizon_mpc_secbf,12,0.000019,true,osqp,optimal,100,6.051174,0,-0.503433,geometric,false,0.749160,0.035494,0.654028,-0.343247,,,0.738628,0.033248,1.889351,2.608627
head_on,context_bl,Standard MPC-CBF,26,2.600,-0.340301,-0.157778,0.654028,-0.343247,-0.483306,0.700000,0.080000,-0.500000,0.000000,adult,walking,attentive,0.445508,1.000000,0.000000,1.067130,0.467130,0.000000,0.000000,0.000000,0.000000,0.000000,0.000000,0.000000,0.467130,0.467130,0.467130,0.467130,0.000149,horizon_mpc_secbf,12,0.000011,true,osqp,optimal,125,6.299004,0,-0.562447,geometric,false,0.748558,0.046493,0.641593,-0.373245,,,0.742262,0.032473,1.963577,2.545196
head_on,context_bl,Standard MPC-CBF,27,2.700,-0.276142,-0.195103,0.641593,-0.373245,-0.526890,0.650000,0.080000,-0.500000,0.000000,adult,walking,attentive,0.370563,1.000000,0.000000,0.966137,0.366137,0.000000,0.000000,0.000000,0.000000,0.000000,0.000000,0.000000,0.366137,0.366137,0.366137,0.366137,0.000170,horizon_mpc_secbf,12,0.000001,true,osqp,optimal,225,6.960460,0,-0.602826,geometric,false,0.747683,0.058912,0.630097,-0.400997,,,0.746875,0.030039,2.038265,2.483817
head_on,context_bl,Standard MPC-CBF,28,2.800,-0.213132,-0.235202,0.630097,-0.400997,-0.566759,0.600000,0.080000,-0.500000,0.000000,adult,walking,attentive,0.299403,1.000000,0.000000,0.872088,0.272088,0.000000,0.000000,0.000000,0.000000,0.000000,0.000000,0.000000,0.272088,0.272088,0.272088,0.272088,0.000193,horizon_mpc_secbf,12,-0.000008,true,osqp,optimal,125,5.992439,0,-0.624164,geometric,false,0.746463,0.072756,0.623141,-0.417142,,,0.749874,0.017579,2.113252,2.424568
head_on,context_bl,Standard MPC-CBF,29,2.900,-0.150818,-0.276916,0.623141,-0.417142,-0.589905,0.550000,0.080000,-0.500000,0.000000,adult,walking,attentive,0.229780,1.000000,0.000000,0.786470,0.186470,0.000000,0.000000,0.000000,0.000000,0.000000,0.000000,0.000000,0.186470,0.186470,0.186470,0.186470,0.000218,horizon_mpc_secbf,12,-0.000017,true,osqp,optimal,125,5.964839,0,-0.602581,geometric,false,0.744850,0.087740,0.606601,-0.433684,,,0.745685,0.023393,2.187821,2.367072
head_on,context_bl,Standard MPC-CBF,30,3.000,-0.090158,-0.320285,0.606601,-0.433684,-0.620683,0.500000,0.080000,-0.500000,0.000000,adult,walking,attentive,0.168213,1.000000,0.000000,0.713102,0.113102,0.000000,0.000000,0.000000,0.000000,0.000000,0.000000,0.000000,0.113102,0.113102,0.113102,0.113102,0.000244,horizon_mpc_secbf,12,-0.000036,true,osqp,optimal,150,7.011715,0,-0.537055,geometric,false,0.742771,0.103879,0.590780,-0.449505,,,0.742345,0.022375,2.262055,2.312446
head_on,context_bl,Standard MPC-CBF,31,3.100,-0.031080,-0.365235,0.590780,-0.449505,-0.650420,0.450000,0.080000,-0.500000,0.000000,adult,walking,attentive,0.112059,1.000000,0.000000,0.655494,0.055494,0.000000,0.000000,0.000000,0.000000,0.000000,0.000000,0.000000,0.055494,0.055494,0.055494,0.055494,0.000272,horizon_mpc_secbf,12,-0.000056,true,osqp,optimal,175,6.616186,0,-0.421638,geometric,false,0.740148,0.121165,0.578165,-0.462111,,,0.740150,0.017834,2.336070,2.260778
head_on,context_bl,Standard MPC-CBF,32,3.200,0.026736,-0.411447,0.578165,-0.462111,-0.674297,0.400000,0.080000,-0.500000,0.000000,adult,walking,attentive,0.060281,1.000000,0.000000,0.617127,0.017127,0.000000,0.000000,0.000000,0.000000,0.000000,0.000000,0.000000,0.017127,0.017127,0.017127,0.017127,0.000303,horizon_mpc_secbf,12,-0.000164,true,osqp,optimal,200,6.356710,0,-0.263339,geometric,false,0.736910,0.139513,0.575773,-0.464501,,,0.739781,0.003381,2.410048,2.211869
head_on,context_bl,Standard MPC-CBF,33,3.300,0.084314,-0.457897,0.575773,-0.464501,-0.678839,0.350000,0.080000,-0.500000,0.000000,adult,walking,attentive,0.000000,1.000000,0.000000,0.599935,-0.000065,0.000000,0.000000,0.000000,0.000000,0.000000,0.000000,0.000000,-0.000065,-0.000065,-0.000065,-0.000065,0.000337,horizon_mpc_secbf,12,-0.000322,true,osqp,optimal,225,6.685461,1,-0.121812,geometric,false,0.733028,0.158649,0.622163,-0.418111,,,0.749603,0.065605,2.485008,2.164670
head_on,context_bl,Standard MPC-CBF,34,3.400,0.146530,-0.499708,0.622163,-0.418111,-0.591705,0.300000,0.080000,-0.500000,0.000000,adult,walking,attentive,,0.000000,0.000000,0.599678,-0.000322,0.000000,0.000000,0.000000,0.000000,0.000000,0.000000,0.000000,-0.000322,-0.000322,-0.000322,-0.000322,0.000007,horizon_mpc_secbf,12,-0.000004,true,osqp,optimal,100,6.455119,0,-0.123510,geometric,false,0.728733,0.177336,0.715679,-0.194396,,,0.741611,0.242474,2.559169,2.113397
head_on,context_bl,Standard MPC-CBF,35,3.500,0.218098,-0.519147,0.715679,-0.194396,-0.265225,0.250000,0.080000,-0.500000,0.000000,adult,walking,attentive,,0.000000,0.000000,0.599996,-0.000004,0.000000,0.000000,0.000000,0.000000,0.000000,0.000000,0.000000,-0.000004,-0.000004,-0.000004,-0.000004,0.000000,horizon_mpc_secbf,12,0.019488,true,osqp,optimal,100,5.755725,1,0.069448,geometric,false,0.725522,0.190046,0.735009,-0.135310,,,0.747360,0.062168,2.633905,2.048768
head_on,context_bl,Standard MPC-CBF,36,3.600,0.291599,-0.532678,0.735009,-0.135310,-0.182054,0.200000,0.080000,-0.500000,0.000000,adult,walking,attentive,,0.000000,0.000000,0.619488,0.019488,0.000000,0.000000,0.000000,0.000000,0.000000,0.000000,0.000000,0.019488,0.019488,0.019488,0.019488,0.000000,horizon_mpc_secbf,12,0.059407,true,osqp,optimal,125,6.142015,0,0.307405,geometric,false,0.722387,0.201635,0.735580,-0.106391,,,0.743234,0.028924,2.708229,1.981348
head_on,context_bl,Standard MPC-CBF,37,3.700,0.365157,-0.543317,0.735580,-0.106391,-0.143640,0.150000,0.080000,-0.500000,0.000000,adult,walking,attentive,,0.000000,0.000000,0.659407,0.059407,0.000000,0.000000,0.000000,0.000000,0.000000,0.000000,0.000000,0.059407,0.059407,0.059407,0.059407,0.000000,horizon_mpc_secbf,12,0.116393,true,osqp,optimal,125,5.998172,0,0.537652,geometric,false,0.719135,0.212944,0.735591,-0.079434,,,0.739867,0.026957,2.782216,1.913594
head_on,context_bl,Standard MPC-CBF,38,3.800,0.438716,-0.551261,0.735591,-0.079434,-0.107570,0.100000,0.080000,-0.500000,0.000000,adult,walking,attentive,,0.000000,0.000000,0.716393,0.116393,0.000000,0.000000,0.000000,0.000000,0.000000,0.000000,0.000000,0.116393,0.116393,0.116393,0.116393,0.000000,horizon_mpc_secbf,12,0.186479,true,osqp,optimal,125,6.594507,0,0.744806,geometric,false,0.715760,0.224024,0.735591,-0.050179,,,0.737301,0.029255,2.855946,1.845538
head_on,context_bl,Standard MPC-CBF,39,3.900,0.512275,-0.556279,0.735591,-0.050179,-0.068111,0.050000,0.080000,-0.500000,0.000000,adult,walking,attentive,,0.000000,0.000000,0.786479,0.186479,0.000000,0.000000,0.000000,0.000000,0.000000,0.000000,0.000000,0.186479,0.186479,0.186479,0.186479,0.000000,horizon_mpc_secbf,12,0.266268,true,osqp,optimal,175,7.270018,0,0.927761,geometric,false,0.712306,0.234778,0.735583,-0.018583,,,0.735817,0.031596,2.929527,1.777037
head_on,context_bl,Standard MPC-CBF,40,4.000,0.585833,-0.558137,0.735583,-0.018583,-0.025258,0.000000,0.080000,-0.500000,0.000000,adult,walking,attentive,,0.000000,0.000000,0.866268,0.266268,0.000000,0.000000,0.000000,0.000000,0.000000,0.000000,0.000000,0.266268,0.266268,0.266268,0.266268,0.000000,horizon_mpc_secbf,12,0.353190,true,osqp,optimal,100,6.338447,0,1.090972,geometric,false,0.708823,0.245093,0.735580,0.014776,,,0.735728,0.033359,3.003100,1.707938
head_on,context_bl,Standard MPC-CBF,41,4.100,0.659391,-0.556659,0.735580,0.014776,0.020085,-0.050000,0.080000,-0.500000,0.000000,adult,walking,attentive,,0.000000,0.000000,0.953190,0.353190,0.000000,0.000000,0.000000,0.000000,0.000000,0.000000,0.000000,0.353190,0.353190,0.353190,0.353190,0.000000,horizon_mpc_secbf,12,0.445411,true,osqp,optimal,100,6.467230,0,1.239799,geometric,false,0.705367,0.254866,0.735584,0.049330,,,0.737236,0.034553,3.076824,1.638092
head_on,context_bl,Standard MPC-CBF,42,4.200,0.732950,-0.551726,0.735584,0.049330,0.066961,-0.100000,0.080000,-0.500000,0.000000,adult,walking,attentive,,0.000000,0.000000,1.045411,0.445411,0.000000,0.000000,0.000000,0.000000,0.000000,0.000000,0.000000,0.445411,0.445411,0.445411,0.445411,0.000000,horizon_mpc_secbf,12,0.541653,true,osqp,optimal,100,6.335868,0,1.378771,geometric,false,0.701998,0.264006,0.735585,0.084586,,,0.740432,0.035256,3.150867,1.567367
head_on,context_bl,Standard MPC-CBF,43,4.300,0.806508,-0.543268,0.735585,0.084586,0.114488,-0.150000,0.080000,-0.500000,0.000000,adult,walking,attentive,,0.000000,0.000000,1.141653,0.541653,0.000000,0.000000,0.000000,0.000000,0.000000,0.000000,0.000000,0.541653,0.541653,0.541653,0.541653,0.000000,horizon_mpc_secbf,12,0.641041,true,osqp,optimal,100,6.541417,0,1.511301,geometric,false,0.698774,0.272425,0.735588,0.120091,,,0.745327,0.035505,3.225400,1.495647
head_on,context_bl,Standard MPC-CBF,44,4.400,0.880067,-0.531259,0.735588,0.120091,0.161830,-0.200000,0.080000,-0.500000,0.000000,adult,walking,attentive,,0.000000,0.000000,1.241041,0.641041,0.000000,0.000000,0.000000,0.000000,0.000000,0.000000,0.000000,0.641041,0.641041,0.641041,0.641041,0.000000,horizon_mpc_secbf,12,0.742635,true,osqp,optimal,100,8.220018,0,1.636480,geometric,false,0.695759,0.280035,0.731648,0.155223,,,0.747933,0.035352,3.300193,1.422835
head_on,context_bl,Standard MPC-CBF,45,4.500,0.953232,-0.515737,0.731648,0.155223,0.209055,-0.250000,0.080000,-0.500000,0.000000,adult,walking,attentive,,0.000000,0.000000,1.342635,0.742635,0.000000,0.000000,0.000000,0.000000,0.000000,0.000000,0.000000,0.742635,0.742635,0.742635,0.742635,0.000000,horizon_mpc_secbf,12,0.845229,true,osqp,optimal,100,6.211000,0,1.751172,geometric,false,0.693046,0.286684,0.718388,0.187845,,,0.742541,0.035214,3.374447,1.349228
head_on,context_bl,Standard MPC-CBF,46,4.600,1.025071,-0.496952,0.718388,0.187845,0.255755,-0.300000,0.080000,-0.500000,0.000000,adult,walking,attentive,,0.000000,0.000000,1.445229,0.845229,0.000000,0.000000,0.000000,0.000000,0.000000,0.000000,0.000000,0.845229,0.845229,0.845229,0.845229,0.000000,horizon_mpc_secbf,12,0.948438,true,osqp,optimal,100,6.050882,0,1.862258,geometric,false,0.690754,0.292163,0.705057,0.220029,,,0.738592,0.034836,3.448306,1.275704
head_on,context_bl,Standard MPC-CBF,47,4.700,1.095576,-0.474949,0.705057,0.220029,0.302495,-0.350000,0.080000,-0.500000,0.000000,adult,walking,attentive,,0.000000,0.000000,1.548438,0.948438,0.000000,0.000000,0.000000,0.000000,0.000000,0.000000,0.000000,0.948438,0.948438,0.948438,0.948438,0.000000,horizon_mpc_secbf,12,1.052072,true,osqp,optimal,100,5.853460,0,1.971533,geometric,false,0.688991,0.296296,0.692241,0.250970,,,0.736331,0.033490,3.521939,1.202218
head_on,context_bl,Standard MPC-CBF,48,4.800,1.164800,-0.449852,0.692241,0.250970,0.347809,-0.400000,0.080000,-0.500000,0.000000,adult,walking,attentive,,0.000000,0.000000,1.652072,1.052072,0.000000,0.000000,0.000000,0.000000,0.000000,0.000000,0.000000,1.052072,1.052072,1.052072,1.052072,0.000000,horizon_mpc_secbf,12,1.156165,true,osqp,optimal,100,6.934540,0,2.081246,geometric,false,0.687860,0.298913,0.680858,0.278452,,,0.735597,0.029746,3.595499,1.128718
head_on,context_bl,Standard MPC-CBF,49,4.900,1.232886,-0.422007,0.680858,0.278452,0.388217,-0.450000,0.080000,-0.500000,0.000000,adult,walking,attentive,,0.000000,0.000000,1.756165,1.156165,0.000000,0.000000,0.000000,0.000000,0.000000,0.000000,0.000000,1.156165,1.156165,1.156165,1.156165,0.000000,horizon_mpc_secbf,12,1.261475,true,osqp,optimal,100,6.471658,0,2.199081,geometric,false,0.687406,0.299955,0.675354,0.291741,,,0.735674,0.014383,3.669067,1.055177
head_on,context_bl,Standard MPC-CBF,50,5.000,1.300422,-0.392833,0.675354,0.291741,0.407769,-0.500000,0.080000,-0.500000,0.000000,adult,walking,attentive,,0.000000,0.000000,1.861475,1.261475,0.000000,0.000000,0.000000,0.000000,0.000000,0.000000,0.000000,1.261475,1.261475,1.261475,1.261475,0.000000,horizon_mpc_secbf,12,1.368448,true,osqp,optimal,100,6.172996,0,2.322579,geometric,false,0.687323,0.300144,0.674345,0.294179,,,0.735719,0.002639,3.742638,0.981610
head_on,context_bl,Standard MPC-CBF,51,5.100,1.367856,-0.363415,0.674345,0.294179,0.411356,-0.550000,0.080000,-0.500000,0.000000,adult,walking,attentive,,0.000000,0.000000,1.968448,1.368448,0.000000,0.000000,0.000000,0.000000,0.000000,0.000000,0.000000,1.368448,1.368448,1.368448,1.368448,0.000000,horizon_mpc_secbf,12,1.476943,true,osqp,optimal,100,6.443369,0,2.446070,geometric,false,0.687314,0.300165,0.674165,0.294615,,,0.735728,0.000472,3.816211,0.908038
head_on,context_bl,Standard MPC-CBF,52,5.200,1.435273,-0.333953,0.674165,0.294615,0.411997,-0.600000,0.080000,-0.500000,0.000000,adult,walking,attentive,,0.000000,0.000000,2.076943,1.476943,0.000000,0.000000,0.000000,0.000000,0.000000,0.000000,0.000000,1.476943,1.476943,1.476943,1.476943,0.000000,horizon_mpc_secbf,12,1.586753,true,osqp,optimal,100,6.176983,0,2.568793,geometric,false,0.687321,0.300150,0.674139,0.294678,,,0.735730,0.000068,3.889784,0.834466
head_on,context_bl,Standard MPC-CBF,53,5.300,1.502687,-0.304486,0.674139,0.294678,0.412089,-0.650000,0.080000,-0.500000,0.000000,adult,walking,attentive,,0.000000,0.000000,2.186753,1.586753,0.000000,0.000000,0.000000,0.000000,0.000000,0.000000,0.000000,1.586753,1.586753,1.586753,1.586753,0.000000,horizon_mpc_secbf,12,1.697694,true,osqp,optimal,100,6.640896,0,2.690795,geometric,false,0.687331,0.300127,0.674143,0.294669,,,0.735730,0.000010,3.963357,0.760893
head_on,context_bl,Standard MPC-CBF,54,5.400,1.570101,-0.275019,0.674143,0.294669,0.412076,-0.700000,0.080000,-0.500000,0.000000,adult,walking,attentive,,0.000000,0.000000,2.297694,1.697694,0.000000,0.000000,0.000000,0.000000,0.000000,0.000000,0.000000,1.697694,1.697694,1.697694,1.697694,0.000000,horizon_mpc_secbf,12,1.809610,true,osqp,optimal,100,6.370326,0,2.812221,geometric,false,0.687343,0.300099,0.674154,0.294645,,,0.735730,0.000026,4.036930,0.687320
head_on,context_bl,Standard MPC-CBF,55,5.500,1.637516,-0.245554,0.674154,0.294645,0.412040,-0.750000,0.080000,-0.500000,0.000000,adult,walking,attentive,,0.000000,0.000000,2.409610,1.809610,0.000000,0.000000,0.000000,0.000000,0.000000,0.000000,0.000000,1.809610,1.809610,1.809610,1.809610,0.000000,horizon_mpc_secbf,12,1.922372,true,osqp,optimal,100,6.536655,0,2.933206,geometric,false,0.687357,0.300068,0.674167,0.294615,,,0.735730,0.000033,4.110503,0.613747
head_on,context_bl,Standard MPC-CBF,56,5.600,1.704933,-0.216093,0.674167,0.294615,0.411995,-0.800000,0.080000,-0.500000,0.000000,adult,walking,attentive,,0.000000,0.000000,2.522372,1.922372,0.000000,0.000000,0.000000,0.000000,0.000000,0.000000,0.000000,1.922372,1.922372,1.922372,1.922372,0.000000,horizon_mpc_secbf,12,2.035872,true,osqp,optimal,100,5.719246,0,3.053855,geometric,false,0.687372,0.300033,0.674181,0.294580,,,0.735729,0.000038,4.184076,0.540174
head_on,context_bl,Standard MPC-CBF,57,5.700,1.772351,-0.186635,0.674181,0.294580,0.411944,-0.850000,0.080000,-0.500000,0.000000,adult,walking,attentive,,0.000000,0.000000,2.635872,2.035872,0.000000,0.000000,0.000000,0.000000,0.000000,0.000000,0.000000,2.035872,2.035872,2.035872,2.035872,0.000000,horizon_mpc_secbf,12,2.150018,true,osqp,optimal,100,6.090391,0,3.174252,geometric,false,0.687390,0.299991,0.674198,0.294540,,,0.735729,0.000044,4.257649,0.466601
head_on,context_bl,Standard MPC-CBF,58,5.800,1.839771,-0.157181,0.674198,0.294540,0.411885,-0.900000,0.080000,-0.500000,0.000000,adult,walking,attentive,,0.000000,0.000000,2.750018,2.150018,0.000000,0.000000,0.000000,0.000000,0.000000,0.000000,0.000000,2.150018,2.150018,2.150018,2.150018,0.000000,horizon_mpc_secbf,12,2.264734,true,osqp,optimal,100,6.125633,0,3.294462,geometric,false,0.687411,0.299942,0.674219,0.294492,,,0.735728,0.000052,4.331222,0.393028
head_on,context_bl,Standard MPC-CBF,59,5.900,1.907193,-0.127732,0.674219,0.294492,0.411815,-0.950000,0.080000,-0.500000,0.000000,adult,walking,attentive,,0.000000,0.000000,2.864734,2.264734,0.000000,0.000000,0.000000,0.000000,0.000000,0.000000,0.000000,2.264734,2.264734,2.264734,2.264734,0.000000,horizon_mpc_secbf,12,2.379955,true,osqp,optimal,100,5.246398,0,3.414536,geometric,false,0.687438,0.299882,0.674243,0.294434,,,0.735727,0.000063,4.404795,0.319455
head_on,context_bl,Standard MPC-CBF,60,6.000,1.974617,-0.098288,0.674243,0.294434,0.411728,-1.000000,0.080000,-0.500000,0.000000,adult,walking,attentive,,0.000000,0.000000,2.979955,2.379955,0.000000,0.000000,0.000000,0.000000,0.000000,0.000000,0.000000,2.379955,2.379955,2.379955,2.379955,0.000000,horizon_mpc_secbf,12,2.495625,true,osqp,optimal,100,5.644130,0,3.534515,geometric,false,0.687472,0.299803,0.674275,0.294358,,,0.735726,0.000082,4.478367,0.245882
head_on,context_bl,Standard MPC-CBF,61,6.100,2.042044,-0.068853,0.674275,0.294358,0.411617,-1.050000,0.080000,-0.500000,0.000000,adult,walking,attentive,,0.000000,0.000000,3.095625,2.495625,0.000000,0.000000,0.000000,0.000000,0.000000,0.000000,0.000000,2.495625,2.495625,2.495625,2.495625,0.000000,horizon_mpc_secbf,12,2.611698,true,osqp,optimal,100,4.214945,0,3.654438,geometric,false,0.687522,0.299690,0.674320,0.294250,,,0.735724,0.000117,4.551940,0.172310
head_on,context_bl,Standard MPC-CBF,62,6.200,2.109476,-0.039428,0.674320,0.294250,0.411458,-1.100000,0.080000,-0.500000,0.000000,adult,walking,attentive,,0.000000,0.000000,3.211698,2.611698,0.000000,0.000000,0.000000,0.000000,0.000000,0.000000,0.000000,2.611698,2.611698,2.611698,2.611698,0.000000,horizon_mpc_secbf,12,2.728134,true,osqp,optimal,100,6.012755,0,3.774348,geometric,false,0.687609,0.299488,0.674397,0.294064,,,0.735721,0.000202,4.625512,0.098737
head_on,context_bl,Standard MPC-CBF,63,6.300,2.176916,-0.010021,0.674397,0.294064,0.411184,-1.150000,0.080000,-0.500000,0.000000,adult,walking,attentive,,0.000000,0.000000,3.328134,2.728134,0.000000,0.000000,0.000000,0.000000,0.000000,0.000000,0.000000,2.728134,2.728134,2.728134,2.728134,0.000000,horizon_mpc_secbf,12,2.808473,true,osqp,optimal,75,4.163511,0,3.531169,geometric,false,0.230838,0.100211,0.306941,0.133471,,,0.334705,0.401017,4.658982,0.025165
head_on,context_bl,Standard MPC-CBF,64,6.400,2.207610,0.003326,0.306941,0.133471,0.410179,-1.200000,0.080000,-0.500000,0.000000,adult,walking,attentive,,0.000000,0.000000,3.408473,2.808473,0.000000,0.000000,0.000000,0.000000,0.000000,0.000000,0.000000,2.808473,2.808473,2.808473,2.808473,0.000000,horizon_mpc_secbf,12,2.857433,true,osqp,optimal,75,4.449086,0,3.298071,geometric,false,-0.076103,-0.033260,-0.010383,-0.004653,,,0.011378,0.346082,4.660120,0.008305
head_on,context_bl,Standard MPC-CBF,65,6.500,2.206572,0.002861,-0.010383,-0.004653,-2.720258,-1.250000,0.080000,-0.500000,0.000000,adult,walking,attentive,,0.000000,0.000000,3.457433,2.857433,0.000000,0.000000,0.000000,0.000000,0.000000,0.000000,0.000000,2.857433,2.857433,2.857433,2.857433,0.000000,horizon_mpc_secbf,12,2.901854,true,osqp,optimal,75,5.624498,0,3.301643,geometric,false,-0.065720,-0.028607,-0.056226,-0.024497,,,0.061330,0.049953,4.666253,0.007168
head_on,context_bl,Standard MPC-CBF,66,6.600,2.200949,0.000411,-0.056226,-0.024497,-2.730704,-1.300000,0.080000,-0.500000,0.000000,adult,walking,attentive,,0.000000,0.000000,3.501854,2.901854,0.000000,0.000000,0.000000,0.000000,0.000000,0.000000,0.000000,2.901854,2.901854,2.901854,2.901854,0.000000,horizon_mpc_secbf,12,2.950108,true,osqp,optimal,50,3.813302,0,3.384397,geometric,false,-0.009494,-0.004110,-0.017506,-0.007608,,,0.019087,0.042243,4.668162,0.001035
head_on,context_bl,Standard MPC-CBF,67,6.700,2.199199,-0.000350,-0.017506,-0.007608,-2.731633,-1.350000,0.080000,-0.500000,0.000000,adult,walking,attentive,,0.000000,0.000000,3.550108,2.950108,0.000000,0.000000,0.000000,0.000000,0.000000,0.000000,0.000000,2.950108,2.950108,2.950108,2.950108,0.000000,horizon_mpc_secbf,12,3.000455,true,osqp,optimal,50,4.309821,0,3.453572,geometric,false,0.008011,0.003498,0.003629,0.001593,,,0.003963,0.023050,4.668558,0.000874
head_on,context_bl,Standard MPC-CBF,68,6.800,2.199562,-0.000191,0.003629,0.001593,0.413553,-1.400000,0.080000,-0.500000,0.000000,adult,walking,attentive,,0.000000,0.000000,3.600455,3.000455,0.000000,0.000000,0.000000,0.000000,0.000000,0.000000,0.000000,3.000455,3.000455,3.000455,3.000455,0.000000,horizon_mpc_secbf,12,3.050864,true,osqp,optimal,50,4.361381,0,3.504539,geometric,false,0.004382,0.001905,0.004251,0.001852,,,0.004636,0.000673,4.669022,0.000478
head_on,context_bl,Standard MPC-CBF,69,6.900,2.199987,-0.000005,0.004251,0.001852,0.410855,-1.450000,0.080000,-0.500000,0.000000,adult,walking,attentive,,0.000000,0.000000,3.650864,3.050864,0.000000,0.000000,0.000000,0.000000,0.000000,0.000000,0.000000,3.050864,3.050864,3.050864,3.050864,0.000000,horizon_mpc_secbf,12,3.100934,true,osqp,optimal,25,3.546769,0,3.551568,geometric,false,0.000132,0.000054,0.000833,0.000362,,,0.000908,0.003728,4.669113,0.000014
head_on,context_bl,Standard MPC-CBF,70,7.000,2.200070,0.000031,0.000833,0.000362,0.410309,-1.500000,0.080000,-0.500000,0.000000,adult,walking,attentive,,0.000000,0.000000,3.700934,3.100934,0.000000,0.000000,0.000000,0.000000,0.000000,0.000000,0.000000,3.100934,3.100934,3.100934,3.100934,0.000000,horizon_mpc_secbf,12,3.150879,true,osqp,optimal,50,4.202834,0,3.600384,geometric,false,-0.000701,-0.000309,-0.000437,-0.000194,,,0.000478,0.001386,4.669160,0.000077
head_on,context_bl,Standard MPC-CBF,71,7.100,2.200026,0.000012,-0.000437,-0.000194,-2.724984,-1.550000,0.080000,-0.500000,0.000000,adult,walking,attentive,,0.000000,0.000000,3.750879,3.150879,0.000000,0.000000,0.000000,0.000000,0.000000,0.000000,0.000000,3.150879,3.150879,3.150879,3.150879,0.000000,horizon_mpc_secbf,12,3.200840,true,osqp,optimal,25,4.367757,0,3.650482,geometric,false,-0.000263,-0.000115,-0.000287,-0.000129,,,0.000314,0.000164,4.669192,0.000029
head_on,context_bl,Standard MPC-CBF,72,7.200,2.199998,-0.000001,-0.000287,-0.000129,-2.719696,-1.600000,0.080000,-0.500000,0.000000,adult,walking,attentive,,0.000000,0.000000,3.800840,3.200840,0.000000,0.000000,0.000000,0.000000,0.000000,0.000000,0.000000,3.200840,3.200840,3.200840,3.200840,0.000000,horizon_mpc_secbf,12,3.250829,true,osqp,optimal,25,5.894860,0,3.700726,geometric,false,0.000023,0.000014,-0.000003,0.000006,,,0.000006,0.000314,4.669192,0.000003
head_on,context_bl,Standard MPC-CBF,73,7.300,2.199997,-0.000001,-0.000003,0.000006,1.997994,-1.650000,0.080000,-0.500000,0.000000,adult,walking,attentive,,0.000000,0.000000,3.850829,3.250829,0.000000,0.000000,0.000000,0.000000,0.000000,0.000000,0.000000,3.250829,3.250829,3.250829,3.250829,0.000000,horizon_mpc_secbf,12,3.300820,true,osqp,optimal,25,5.105085,0,3.750741,geometric,false,0.000026,0.000008,0.000020,0.000008,,,0.000022,0.000023,4.669195,0.000003
head_on,context_bl,Standard MPC-CBF,74,7.400,2.199999,-0.000000,0.000020,0.000008,0.359675,-1.700000,0.080000,-0.500000,0.000000,adult,walking,attentive,,0.000000,0.000000,3.900820,3.300820,0.000000,0.000000,0.000000,0.000000,0.000000,0.000000,0.000000,3.300820,3.300820,3.300820,3.300820,0.000000,horizon_mpc_secbf,12,3.350810,true,osqp,optimal,25,5.271631,0,3.800723,geometric,false,0.000005,0.000000,0.000008,0.000002,,,0.000008,0.000014,4.669195,0.000001
head_on,context_bl,Standard MPC-CBF,75,7.500,2.200000,0.000000,0.000008,0.000002,0.206541,-1.750000,0.080000,-0.500000,0.000000,adult,walking,attentive,,0.000000,0.000000,3.950810,3.350810,0.000000,0.000000,0.000000,0.000000,0.000000,0.000000,0.000000,3.350810,3.350810,3.350810,3.350810,0.000000,horizon_mpc_secbf,12,3.400800,true,osqp,optimal,25,3.666326,0,3.850707,geometric,false,-0.000002,-0.000001,-0.000001,-0.000001,,,0.000001,0.000009,4.669195,0.000000
head_on,context_bl,Standard MPC-CBF,76,7.600,2.200000,0.000000,-0.000001,-0.000001,-2.227988,-1.800000,0.080000,-0.500000,0.000000,adult,walking,attentive,,0.000000,0.000000,4.000800,3.400800,0.000000,0.000000,0.000000,0.000000,0.000000,0.000000,0.000000,3.400800,3.400800,3.400800,3.400800,0.000000,horizon_mpc_secbf,12,3.450790,true,osqp,optimal,25,4.597824,0,3.900699,geometric,false,-0.000002,-0.000000,-0.000002,-0.000001,,,0.000002,0.000001,4.669196,0.000000
head_on,context_bl,Standard MPC-CBF,77,7.700,2.200000,-0.000000,-0.000002,-0.000001,-2.808361,-1.850000,0.080000,-0.500000,0.000000,adult,walking,attentive,,0.000000,0.000000,4.050790,3.450790,0.000000,0.000000,0.000000,0.000000,0.000000,0.000000,0.000000,3.450790,3.450790,3.450790,3.450790,0.000000,horizon_mpc_secbf,12,3.500780,true,osqp,optimal,25,5.789991,0,3.950692,geometric,false,-0.000000,0.000000,-0.000000,-0.000000,,,0.000000,0.000001,4.669196,0.000000
head_on,context_bl,Standard MPC-CBF,78,7.800,2.200000,-0.000000,-0.000000,-0.000000,-3.022517,-1.900000,0.080000,-0.500000,0.000000,adult,walking,attentive,,0.000000,0.000000,4.100780,3.500780,0.000000,0.000000,0.000000,0.000000,0.000000,0.000000,0.000000,3.500780,3.500780,3.500780,3.500780,0.000000,horizon_mpc_secbf,12,3.550771,true,osqp,optimal,25,4.328035,0,4.000685,geometric,false,0.000000,0.000000,0.000000,0.000000,,,0.000000,0.000001,4.669196,0.000000
head_on,context_bl,Standard MPC-CBF,79,7.900,2.200000,-0.000000,0.000000,0.000000,0.670245,-1.950000,0.080000,-0.500000,0.000000,adult,walking,attentive,,0.000000,0.000000,4.150771,3.550771,0.000000,0.000000,0.000000,0.000000,0.000000,0.000000,0.000000,3.550771,3.550771,3.550771,3.550771,0.000000,horizon_mpc_secbf,12,3.600762,true,osqp,optimal,25,4.033903,0,4.050678,geometric,false,0.000000,0.000000,0.000000,0.000000,,,0.000000,0.000000,4.669196,0.000000
head_on,context_bl,Standard MPC-CBF,80,8.000,2.200000,0.000000,0.000000,0.000000,0.294628,-2.000000,0.080000,-0.500000,0.000000,adult,walking,attentive,,0.000000,0.000000,4.200762,3.600762,0.000000,0.000000,0.000000,0.000000,0.000000,0.000000,0.000000,3.600762,3.600762,3.600762,3.600762,0.000000,horizon_mpc_secbf,12,3.650753,true,osqp,optimal,25,5.583584,0,4.100671,geometric,false,0.000000,-0.000000,0.000000,-0.000000,,,0.000000,0.000000,4.669196,0.000000
head_on,context_bl,Standard MPC-CBF,81,8.100,2.200000,0.000000,0.000000,-0.000000,-0.024604,-2.050000,0.080000,-0.500000,0.000000,adult,walking,attentive,,0.000000,0.000000,4.250753,3.650753,0.000000,0.000000,0.000000,0.000000,0.000000,0.000000,0.000000,3.650753,3.650753,3.650753,3.650753,0.000000,horizon_mpc_secbf,12,3.700744,true,osqp,optimal,25,3.640693,0,4.150664,geometric,false,-0.000000,-0.000000,-0.000000,-0.000000,,,0.000000,0.000000,4.669196,0.000000
head_on,context_bl,Standard MPC-CBF,82,8.200,2.200000,0.000000,-0.000000,-0.000000,-2.583315,-2.100000,0.080000,-0.500000,0.000000,adult,walking,attentive,,0.000000,0.000000,4.300744,3.700744,0.000000,0.000000,0.000000,0.000000,0.000000,0.000000,0.000000,3.700744,3.700744,3.700744,3.700744,0.000000,horizon_mpc_secbf,12,3.750736,true,osqp,optimal,25,4.000068,0,4.200658,geometric,false,0.000000,0.000000,-0.000000,-0.000000,,,0.000000,0.000000,4.669196,0.000000
head_on,context_bl,Standard MPC-CBF,83,8.300,2.200000,0.000000,-0.000000,-0.000000,-1.572402,-2.150000,0.080000,-0.500000,0.000000,adult,walking,attentive,,0.000000,0.000000,4.350736,3.750736,0.000000,0.000000,0.000000,0.000000,0.000000,0.000000,0.000000,3.750736,3.750736,3.750736,3.750736,0.000000,horizon_mpc_secbf,12,3.800727,true,osqp,optimal,25,4.007550,0,4.250651,geometric,false,0.000000,0.000000,0.000000,-0.000000,,,0.000000,0.000000,4.669196,0.000000
head_on,context_bl,Standard MPC-CBF,84,8.400,2.200000,-0.000000,0.000000,-0.000000,-1.572402,-2.200000,0.080000,-0.500000,0.000000,adult,walking,attentive,,0.000000,0.000000,4.400727,3.800727,0.000000,0.000000,0.000000,0.000000,0.000000,0.000000,0.000000,3.800727,3.800727,3.800727,3.800727,0.000000,horizon_mpc_secbf,12,3.850719,true,osqp,optimal,25,5.814134,0,4.300645,geometric,false,0.000000,0.000000,0.000000,-0.000000,,,0.000000,0.000000,4.669196,0.000000
head_on,context_bl,Standard MPC-CBF,85,8.500,2.200000,-0.000000,0.000000,-0.000000,-1.572402,-2.250000,0.080000,-0.500000,0.000000,adult,walking,attentive,,0.000000,0.000000,4.450719,3.850719,0.000000,0.000000,0.000000,0.000000,0.000000,0.000000,0.000000,3.850719,3.850719,3.850719,3.850719,0.000000,horizon_mpc_secbf,12,3.900711,true,osqp,optimal,25,6.089860,0,4.350638,geometric,false,0.000000,0.000000,0.000000,-0.000000,,,0.000000,0.000000,4.669196,0.000000
head_on,context_bl,Standard MPC-CBF,86,8.600,2.200000,-0.000000,0.000000,-0.000000,-1.572402,-2.300000,0.080000,-0.500000,0.000000,adult,walking,attentive,,0.000000,0.000000,4.500711,3.900711,0.000000,0.000000,0.000000,0.000000,0.000000,0.000000,0.000000,3.900711,3.900711,3.900711,3.900711,0.000000,horizon_mpc_secbf,12,3.950703,true,osqp,optimal,25,5.381298,0,4.400632,geometric,false,0.000000,0.000000,0.000000,-0.000000,,,0.000000,0.000000,4.669196,0.000000
head_on,context_bl,Standard MPC-CBF,87,8.700,2.200000,-0.000000,0.000000,-0.000000,-1.572402,-2.350000,0.080000,-0.500000,0.000000,adult,walking,attentive,,0.000000,0.000000,4.550703,3.950703,0.000000,0.000000,0.000000,0.000000,0.000000,0.000000,0.000000,3.950703,3.950703,3.950703,3.950703,0.000000,horizon_mpc_secbf,12,4.000696,true,osqp,optimal,25,5.755442,0,4.450626,geometric,false,0.000000,0.000000,0.000000,-0.000000,,,0.000000,0.000000,4.669196,0.000000
head_on,context_bl,Standard MPC-CBF,88,8.800,2.200000,-0.000000,0.000000,-0.000000,-1.572402,-2.400000,0.080000,-0.500000,0.000000,adult,walking,attentive,,0.000000,0.000000,4.600696,4.000696,0.000000,0.000000,0.000000,0.000000,0.000000,0.000000,0.000000,4.000696,4.000696,4.000696,4.000696,0.000000,horizon_mpc_secbf,12,4.050688,true,osqp,optimal,25,4.272849,0,4.500620,geometric,false,0.000000,0.000000,0.000000,-0.000000,,,0.000000,0.000000,4.669196,0.000000
head_on,context_bl,Standard MPC-CBF,89,8.900,2.200000,-0.000000,0.000000,-0.000000,-1.572402,-2.450000,0.080000,-0.500000,0.000000,adult,walking,attentive,,0.000000,0.000000,4.650688,4.050688,0.000000,0.000000,0.000000,0.000000,0.000000,0.000000,0.000000,4.050688,4.050688,4.050688,4.050688,0.000000,horizon_mpc_secbf,12,4.100681,true,osqp,optimal,25,3.672198,0,4.550614,geometric,false,0.000000,0.000000,0.000000,-0.000000,,,0.000000,0.000000,4.669196,0.000000
head_on,context_bl,Standard MPC-CBF,90,9.000,2.200000,-0.000000,0.000000,-0.000000,-1.572402,-2.500000,0.080000,-0.500000,0.000000,adult,walking,attentive,,0.000000,0.000000,4.700681,4.100681,0.000000,0.000000,0.000000,0.000000,0.000000,0.000000,0.000000,4.100681,4.100681,4.100681,4.100681,0.000000,horizon_mpc_secbf,12,4.150674,true,osqp,optimal,25,4.174246,0,4.600608,geometric,false,0.000000,0.000000,0.000000,-0.000000,,,0.000000,0.000000,4.669196,0.000000
head_on,context_bl,Standard MPC-CBF,91,9.100,2.200000,-0.000000,0.000000,-0.000000,-1.572402,-2.550000,0.080000,-0.500000,0.000000,adult,walking,attentive,,0.000000,0.000000,4.750674,4.150674,0.000000,0.000000,0.000000,0.000000,0.000000,0.000000,0.000000,4.150674,4.150674,4.150674,4.150674,0.000000,horizon_mpc_secbf,12,4.200667,true,osqp,optimal,25,5.103654,0,4.650603,geometric,false,0.000000,0.000000,0.000000,-0.000000,,,0.000000,0.000000,4.669196,0.000000
head_on,context_bl,Standard MPC-CBF,92,9.200,2.200000,-0.000000,0.000000,-0.000000,-1.572402,-2.600000,0.080000,-0.500000,0.000000,adult,walking,attentive,,0.000000,0.000000,4.800667,4.200667,0.000000,0.000000,0.000000,0.000000,0.000000,0.000000,0.000000,4.200667,4.200667,4.200667,4.200667,0.000000,horizon_mpc_secbf,12,4.250660,true,osqp,optimal,25,5.059926,0,4.700597,geometric,false,0.000000,0.000000,0.000000,-0.000000,,,0.000000,0.000000,4.669196,0.000000
head_on,context_bl,Standard MPC-CBF,93,9.300,2.200000,-0.000000,0.000000,-0.000000,-1.572402,-2.650000,0.080000,-0.500000,0.000000,adult,walking,attentive,,0.000000,0.000000,4.850660,4.250660,0.000000,0.000000,0.000000,0.000000,0.000000,0.000000,0.000000,4.250660,4.250660,4.250660,4.250660,0.000000,horizon_mpc_secbf,12,4.300653,true,osqp,optimal,25,4.851878,0,4.750592,geometric,false,0.000000,0.000000,0.000000,-0.000000,,,0.000000,0.000000,4.669196,0.000000
head_on,context_bl,Standard MPC-CBF,94,9.400,2.200000,-0.000000,0.000000,-0.000000,-1.572402,-2.700000,0.080000,-0.500000,0.000000,adult,walking,attentive,,0.000000,0.000000,4.900653,4.300653,0.000000,0.000000,0.000000,0.000000,0.000000,0.000000,0.000000,4.300653,4.300653,4.300653,4.300653,0.000000,horizon_mpc_secbf,12,4.350646,true,osqp,optimal,25,5.206546,0,4.800586,geometric,false,0.000000,0.000000,0.000000,-0.000000,,,0.000000,0.000000,4.669196,0.000000
head_on,context_bl,Standard MPC-CBF,95,9.500,2.200000,-0.000000,0.000000,-0.000000,-1.572402,-2.750000,0.080000,-0.500000,0.000000,adult,walking,attentive,,0.000000,0.000000,4.950646,4.350646,0.000000,0.000000,0.000000,0.000000,0.000000,0.000000,0.000000,4.350646,4.350646,4.350646,4.350646,0.000000,horizon_mpc_secbf,12,4.400640,true,osqp,optimal,25,4.810691,0,4.850581,geometric,false,0.000000,0.000000,0.000000,-0.000000,,,0.000000,0.000000,4.669196,0.000000
head_on,context_bl,Standard MPC-CBF,96,9.600,2.200000,-0.000000,0.000000,-0.000000,-1.572402,-2.800000,0.080000,-0.500000,0.000000,adult,walking,attentive,,0.000000,0.000000,5.000640,4.400640,0.000000,0.000000,0.000000,0.000000,0.000000,0.000000,0.000000,4.400640,4.400640,4.400640,4.400640,0.000000,horizon_mpc_secbf,12,4.450634,true,osqp,optimal,25,5.327889,0,4.900576,geometric,false,0.000000,0.000000,0.000000,-0.000000,,,0.000000,0.000000,4.669196,0.000000
head_on,context_bl,Standard MPC-CBF,97,9.700,2.200000,-0.000000,0.000000,-0.000000,-1.572402,-2.850000,0.080000,-0.500000,0.000000,adult,walking,attentive,,0.000000,0.000000,5.050634,4.450634,0.000000,0.000000,0.000000,0.000000,0.000000,0.000000,0.000000,4.450634,4.450634,4.450634,4.450634,0.000000,horizon_mpc_secbf,12,4.500627,true,osqp,optimal,25,5.070907,0,4.950571,geometric,false,0.000000,0.000000,0.000000,-0.000000,,,0.000000,0.000000,4.669196,0.000000
head_on,context_bl,Standard MPC-CBF,98,9.800,2.200000,-0.000000,0.000000,-0.000000,-1.572402,-2.900000,0.080000,-0.500000,0.000000,adult,walking,attentive,,0.000000,0.000000,5.100627,4.500627,0.000000,0.000000,0.000000,0.000000,0.000000,0.000000,0.000000,4.500627,4.500627,4.500627,4.500627,0.000000,horizon_mpc_secbf,12,4.550621,true,osqp,optimal,25,4.900167,0,5.000566,geometric,false,0.000000,0.000000,0.000000,-0.000000,,,0.000000,0.000000,4.669196,0.000000
head_on,context_bl,Standard MPC-CBF,99,9.900,2.200000,-0.000000,0.000000,-0.000000,-1.572402,-2.950000,0.080000,-0.500000,0.000000,adult,walking,attentive,,0.000000,0.000000,5.150621,4.550621,0.000000,0.000000,0.000000,0.000000,0.000000,0.000000,0.000000,4.550621,4.550621,4.550621,4.550621,0.000000,horizon_mpc_secbf,12,4.600615,true,osqp,optimal,25,4.966291,0,5.050561,geometric,false,0.000000,0.000000,0.000000,-0.000000,,,0.000000,0.000000,4.669196,0.000000
head_on,context_bl,Standard MPC-CBF,100,10.000,2.200000,-0.000000,0.000000,-0.000000,-1.572402,-3.000000,0.080000,-0.500000,0.000000,adult,walking,attentive,,0.000000,0.000000,5.200615,4.600615,0.000000,0.000000,0.000000,0.000000,0.000000,0.000000,0.000000,4.600615,4.600615,4.600615,4.600615,0.000000,horizon_mpc_secbf,12,4.650609,true,osqp,optimal,25,5.143116,0,5.100556,geometric,false,0.000000,0.000000,0.000000,-0.000000,,,0.000000,0.000000,4.669196,0.000000
head_on,context_bl,Standard MPC-CBF,101,10.100,2.200000,-0.000000,0.000000,-0.000000,-1.572402,-3.050000,0.080000,-0.500000,0.000000,adult,walking,attentive,,0.000000,0.000000,5.250609,4.650609,0.000000,0.000000,0.000000,0.000000,0.000000,0.000000,0.000000,4.650609,4.650609,4.650609,4.650609,0.000000,horizon_mpc_secbf,12,4.700604,true,osqp,optimal,25,5.141464,0,5.150551,geometric,false,0.000000,0.000000,0.000000,-0.000000,,,0.000000,0.000000,4.669196,0.000000
head_on,context_bl,Standard MPC-CBF,102,10.200,2.200000,-0.000000,0.000000,-0.000000,-1.572402,-3.100000,0.080000,-0.500000,0.000000,adult,walking,attentive,,0.000000,0.000000,5.300604,4.700604,0.000000,0.000000,0.000000,0.000000,0.000000,0.000000,0.000000,4.700604,4.700604,4.700604,4.700604,0.000000,horizon_mpc_secbf,12,4.750598,true,osqp,optimal,25,5.141728,0,5.200547,geometric,false,0.000000,0.000000,0.000000,-0.000000,,,0.000000,0.000000,4.669196,0.000000
head_on,context_bl,Standard MPC-CBF,103,10.300,2.200000,-0.000000,0.000000,-0.000000,-1.572402,-3.150000,0.080000,-0.500000,0.000000,adult,walking,attentive,,0.000000,0.000000,5.350598,4.750598,0.000000,0.000000,0.000000,0.000000,0.000000,0.000000,0.000000,4.750598,4.750598,4.750598,4.750598,0.000000,horizon_mpc_secbf,12,4.800593,true,osqp,optimal,25,5.167647,0,5.250542,geometric,false,0.000000,0.000000,0.000000,-0.000000,,,0.000000,0.000000,4.669196,0.000000
head_on,context_bl,Standard MPC-CBF,104,10.400,2.200000,-0.000000,0.000000,-0.000000,-1.572402,-3.200000,0.080000,-0.500000,0.000000,adult,walking,attentive,,0.000000,0.000000,5.400593,4.800593,0.000000,0.000000,0.000000,0.000000,0.000000,0.000000,0.000000,4.800593,4.800593,4.800593,4.800593,0.000000,horizon_mpc_secbf,12,4.850587,true,osqp,optimal,25,4.960838,0,5.300538,geometric,false,0.000000,0.000000,0.000000,-0.000000,,,0.000000,0.000000,4.669196,0.000000
head_on,context_bl,Standard MPC-CBF,105,10.500,2.200000,-0.000000,0.000000,-0.000000,-1.572402,-3.250000,0.080000,-0.500000,0.000000,adult,walking,attentive,,0.000000,0.000000,5.450587,4.850587,0.000000,0.000000,0.000000,0.000000,0.000000,0.000000,0.000000,4.850587,4.850587,4.850587,4.850587,0.000000,horizon_mpc_secbf,12,4.900582,true,osqp,optimal,25,4.954298,0,5.350533,geometric,false,0.000000,0.000000,0.000000,-0.000000,,,0.000000,0.000000,4.669196,0.000000
head_on,context_bl,Standard MPC-CBF,106,10.600,2.200000,-0.000000,0.000000,-0.000000,-1.572402,-3.300000,0.080000,-0.500000,0.000000,adult,walking,attentive,,0.000000,0.000000,5.500582,4.900582,0.000000,0.000000,0.000000,0.000000,0.000000,0.000000,0.000000,4.900582,4.900582,4.900582,4.900582,0.000000,horizon_mpc_secbf,12,4.950577,true,osqp,optimal,25,4.974211,0,5.400529,geometric,false,0.000000,0.000000,0.000000,-0.000000,,,0.000000,0.000000,4.669196,0.000000
head_on,context_bl,Standard MPC-CBF,107,10.700,2.200000,-0.000000,0.000000,-0.000000,-1.572402,-3.350000,0.080000,-0.500000,0.000000,adult,walking,attentive,,0.000000,0.000000,5.550577,4.950577,0.000000,0.000000,0.000000,0.000000,0.000000,0.000000,0.000000,4.950577,4.950577,4.950577,4.950577,0.000000,horizon_mpc_secbf,12,5.000571,true,osqp,optimal,25,5.011344,0,5.450525,geometric,false,0.000000,0.000000,0.000000,-0.000000,,,0.000000,0.000000,4.669196,0.000000
head_on,context_bl,Standard MPC-CBF,108,10.800,2.200000,-0.000000,0.000000,-0.000000,-1.572402,-3.400000,0.080000,-0.500000,0.000000,adult,walking,attentive,,0.000000,0.000000,5.600571,5.000571,0.000000,0.000000,0.000000,0.000000,0.000000,0.000000,0.000000,5.000571,5.000571,5.000571,5.000571,0.000000,horizon_mpc_secbf,12,5.050566,true,osqp,optimal,25,4.868734,0,5.500520,geometric,false,0.000000,0.000000,0.000000,-0.000000,,,0.000000,0.000000,4.669196,0.000000
head_on,context_bl,Standard MPC-CBF,109,10.900,2.200000,-0.000000,0.000000,-0.000000,-1.572402,-3.450000,0.080000,-0.500000,0.000000,adult,walking,attentive,,0.000000,0.000000,5.650566,5.050566,0.000000,0.000000,0.000000,0.000000,0.000000,0.000000,0.000000,5.050566,5.050566,5.050566,5.050566,0.000000,horizon_mpc_secbf,12,5.100561,true,osqp,optimal,25,4.917518,0,5.550516,geometric,false,0.000000,0.000000,0.000000,-0.000000,,,0.000000,0.000000,4.669196,0.000000
head_on,context_bl,Standard MPC-CBF,110,11.000,2.200000,-0.000000,0.000000,-0.000000,-1.572402,-3.500000,0.080000,-0.500000,0.000000,adult,walking,attentive,,0.000000,0.000000,5.700561,5.100561,0.000000,0.000000,0.000000,0.000000,0.000000,0.000000,0.000000,5.100561,5.100561,5.100561,5.100561,0.000000,horizon_mpc_secbf,12,5.150556,true,osqp,optimal,25,4.986179,0,5.600512,geometric,false,0.000000,0.000000,0.000000,-0.000000,,,0.000000,0.000000,4.669196,0.000000
head_on,context_bl,Standard MPC-CBF,111,11.100,2.200000,-0.000000,0.000000,-0.000000,-1.572402,-3.550000,0.080000,-0.500000,0.000000,adult,walking,attentive,,0.000000,0.000000,5.750556,5.150556,0.000000,0.000000,0.000000,0.000000,0.000000,0.000000,0.000000,5.150556,5.150556,5.150556,5.150556,0.000000,horizon_mpc_secbf,12,5.200552,true,osqp,optimal,25,4.967583,0,5.650508,geometric,false,0.000000,0.000000,0.000000,-0.000000,,,0.000000,0.000000,4.669196,0.000000
head_on,context_bl,Standard MPC-CBF,112,11.200,2.200000,-0.000000,0.000000,-0.000000,-1.572402,-3.600000,0.080000,-0.500000,0.000000,adult,walking,attentive,,0.000000,0.000000,5.800552,5.200552,0.000000,0.000000,0.000000,0.000000,0.000000,0.000000,0.000000,5.200552,5.200552,5.200552,5.200552,0.000000,horizon_mpc_secbf,12,5.250547,true,osqp,optimal,25,4.974625,0,5.700504,geometric,false,0.000000,0.000000,0.000000,-0.000000,,,0.000000,0.000000,4.669196,0.000000
head_on,context_bl,Standard MPC-CBF,113,11.300,2.200000,-0.000000,0.000000,-0.000000,-1.572402,-3.650000,0.080000,-0.500000,0.000000,adult,walking,attentive,,0.000000,0.000000,5.850547,5.250547,0.000000,0.000000,0.000000,0.000000,0.000000,0.000000,0.000000,5.250547,5.250547,5.250547,5.250547,0.000000,horizon_mpc_secbf,12,5.300542,true,osqp,optimal,25,5.122083,0,5.750500,geometric,false,0.000000,0.000000,0.000000,-0.000000,,,0.000000,0.000000,4.669196,0.000000
head_on,context_bl,Standard MPC-CBF,114,11.400,2.200000,-0.000000,0.000000,-0.000000,-1.572402,-3.700000,0.080000,-0.500000,0.000000,adult,walking,attentive,,0.000000,0.000000,5.900542,5.300542,0.000000,0.000000,0.000000,0.000000,0.000000,0.000000,0.000000,5.300542,5.300542,5.300542,5.300542,0.000000,horizon_mpc_secbf,12,5.350538,true,osqp,optimal,25,5.025710,0,5.800496,geometric,false,0.000000,0.000000,0.000000,-0.000000,,,0.000000,0.000000,4.669196,0.000000
head_on,context_bl,Standard MPC-CBF,115,11.500,2.200000,-0.000000,0.000000,-0.000000,-1.572402,-3.750000,0.080000,-0.500000,0.000000,adult,walking,attentive,,0.000000,0.000000,5.950538,5.350538,0.000000,0.000000,0.000000,0.000000,0.000000,0.000000,0.000000,5.350538,5.350538,5.350538,5.350538,0.000000,horizon_mpc_secbf,12,5.400533,true,osqp,optimal,25,5.058034,0,5.850493,geometric,false,0.000000,0.000000,0.000000,-0.000000,,,0.000000,0.000000,4.669196,0.000000
head_on,context_bl,Standard MPC-CBF,116,11.600,2.200000,-0.000000,0.000000,-0.000000,-1.572402,-3.800000,0.080000,-0.500000,0.000000,adult,walking,attentive,,0.000000,0.000000,6.000533,5.400533,0.000000,0.000000,0.000000,0.000000,0.000000,0.000000,0.000000,5.400533,5.400533,5.400533,5.400533,0.000000,horizon_mpc_secbf,12,5.450529,true,osqp,optimal,25,5.099352,0,5.900489,geometric,false,0.000000,0.000000,0.000000,-0.000000,,,0.000000,0.000000,4.669196,0.000000
head_on,context_bl,Standard MPC-CBF,117,11.700,2.200000,-0.000000,0.000000,-0.000000,-1.572402,-3.850000,0.080000,-0.500000,0.000000,adult,walking,attentive,,0.000000,0.000000,6.050529,5.450529,0.000000,0.000000,0.000000,0.000000,0.000000,0.000000,0.000000,5.450529,5.450529,5.450529,5.450529,0.000000,horizon_mpc_secbf,12,5.500525,true,osqp,optimal,25,4.799489,0,5.950485,geometric,false,0.000000,0.000000,0.000000,-0.000000,,,0.000000,0.000000,4.669196,0.000000
head_on,context_bl,Standard MPC-CBF,118,11.800,2.200000,-0.000000,0.000000,-0.000000,-1.572402,-3.900000,0.080000,-0.500000,0.000000,adult,walking,attentive,,0.000000,0.000000,6.100525,5.500525,0.000000,0.000000,0.000000,0.000000,0.000000,0.000000,0.000000,5.500525,5.500525,5.500525,5.500525,0.000000,horizon_mpc_secbf,12,5.550520,true,osqp,optimal,25,4.850843,0,6.000482,geometric,false,0.000000,0.000000,0.000000,-0.000000,,,0.000000,0.000000,4.669196,0.000000
head_on,context_bl,Standard MPC-CBF,119,11.900,2.200000,-0.000000,0.000000,-0.000000,-1.572402,-3.950000,0.080000,-0.500000,0.000000,adult,walking,attentive,,0.000000,0.000000,6.150520,5.550520,0.000000,0.000000,0.000000,0.000000,0.000000,0.000000,0.000000,5.550520,5.550520,5.550520,5.550520,0.000000,horizon_mpc_secbf,12,5.600516,true,osqp,optimal,25,4.895085,0,6.050478,geometric,false,0.000000,0.000000,0.000000,-0.000000,,,0.000000,0.000000,4.669196,0.000000
head_on,context_bl,EESM-MPC-ECBF,0,0.000,-2.200000,0.000000,0.000000,0.000000,0.000000,2.000000,0.080000,-0.500000,0.000000,unknown,walking,unknown,7.202830,1.000000,0.000000,4.200762,3.600762,0.000000,0.000000,0.000000,0.000000,0.499897,0.499897,0.000000,3.600762,3.100865,3.100865,3.100865,0.000000,horizon_mpc_secbf,12,1.630977,true,osqp,optimal,100,5.125255,0,1.980054,geometric,false,0.750000,0.000000,0.621014,-0.000000,,,0.621014,0.621014,0.062101,4.400000
head_on,context_bl,EESM-MPC-ECBF,1,0.100,-2.137899,-0.000000,0.621014,-0.000000,-0.000000,1.950000,0.080000,-0.500000,0.000000,unknown,walking,unknown,3.112671,1.000000,0.000000,4.088681,3.488681,0.000000,0.000000,0.000000,0.000000,1.120719,1.120719,0.000000,3.488681,2.367962,2.367962,2.367962,0.000000,horizon_mpc_secbf,12,0.886650,true,osqp,optimal,125,5.350210,0,1.142096,geometric,false,0.750000,0.000000,0.726102,0.000000,,,0.726102,0.105087,0.134712,4.337899
head_on,context_bl,EESM-MPC-ECBF,2,0.200,-2.065288,-0.000000,0.726102,0.000000,0.000000,1.900000,0.080000,-0.500000,0.000000,unknown,walking,unknown,2.745923,1.000000,0.000000,3.966095,3.366095,0.000000,0.000000,0.000000,0.000000,1.225741,1.225741,0.000000,3.366095,2.140355,2.140355,2.140355,0.000000,horizon_mpc_secbf,12,0.658117,true,osqp,optimal,125,5.593173,0,0.905004,geometric,false,0.750000,0.000000,0.735602,0.000000,,,0.735602,0.009501,0.208272,4.265288
head_on,context_bl,EESM-MPC-ECBF,3,0.300,-1.991728,-0.000000,0.735602,0.000000,0.000000,1.850000,0.080000,-0.500000,0.000000,unknown,walking,unknown,2.624845,1.000000,0.000000,3.842561,3.242561,0.000000,0.000000,0.000000,0.000000,1.235207,1.235207,0.000000,3.242561,2.007354,2.007354,2.007354,0.000000,horizon_mpc_secbf,12,0.525156,true,osqp,optimal,125,5.550226,0,0.772019,geometric,false,0.750000,0.000000,0.735603,0.000000,,,0.735603,0.000001,0.281832,4.191728
head_on,context_bl,EESM-MPC-ECBF,4,0.400,-1.918168,0.000000,0.735603,0.000000,0.000000,1.800000,0.080000,-0.500000,0.000000,unknown,walking,unknown,2.524881,1.000000,0.000000,3.719028,3.119028,0.000000,0.000000,0.000000,0.000000,1.235175,1.235175,0.000000,3.119028,1.883854,1.883854,1.883854,0.000000,horizon_mpc_secbf,12,0.401704,true,osqp,optimal,125,5.349646,0,0.648537,geometric,false,0.750000,-0.000000,0.735603,0.000000,,,0.735603,0.000000,0.355392,4.118168
head_on,context_bl,EESM-MPC-ECBF,5,0.500,-1.844608,0.000000,0.735603,0.000000,0.000000,1.750000,0.080000,-0.500000,0.000000,unknown,walking,unknown,2.424921,1.000000,0.000000,3.595498,2.995498,0.000000,0.000000,0.000000,0.000000,1.235137,1.235137,0.000000,2.995498,1.760361,1.760361,1.760361,0.000000,horizon_mpc_secbf,12,0.278265,true,osqp,optimal,125,5.509018,0,0.525064,geometric,false,0.750000,-0.000000,0.735603,0.000000,,,0.735603,0.000000,0.428953,4.044608
head_on,context_bl,EESM-MPC-ECBF,6,0.600,-1.771047,0.000000,0.735603,0.000000,0.000000,1.700000,0.080000,-0.500000,0.000000,unknown,walking,unknown,2.324964,1.000000,0.000000,3.471969,2.871969,0.000000,0.000000,0.000000,0.000000,1.235094,1.235094,0.000000,2.871969,1.636876,1.636876,1.636876,0.000000,horizon_mpc_secbf,12,0.154842,true,osqp,optimal,125,5.678573,0,0.401601,geometric,false,0.750000,-0.000000,0.735603,0.000000,,,0.735603,0.000000,0.502513,3.971047
head_on,context_bl,EESM-MPC-ECBF,7,0.700,-1.697487,0.000000,0.735603,0.000000,0.000000,1.650000,0.080000,-0.500000,0.000000,unknown,walking,unknown,2.225009,1.000000,0.000000,3.348443,2.748443,0.000000,0.000000,0.000000,0.000000,1.235044,1.235044,0.000000,2.748443,1.513399,1.513399,1.513399,0.000000,horizon_mpc_secbf,12,0.031438,true,osqp,optimal,125,5.539906,0,0.278149,geometric,false,0.750000,-0.000000,0.735603,0.000000,,,0.735603,0.000000,0.576073,3.897487
head_on,context_bl,EESM-MPC-ECBF,8,0.800,-1.623927,0.000000,0.735603,0.000000,0.000000,1.600000,0.080000,-0.500000,0.000000,unknown,walking,unknown,2.125058,1.000000,0.000000,3.224919,2.624919,0.000000,0.000000,0.000000,0.000000,1.234986,1.234986,0.000000,2.624919,1.389933,1.389933,1.389933,0.000092,horizon_mpc_secbf,12,-0.000092,true,osqp,optimal,50,5.084891,0,0.219212,geometric,false,0.750000,-0.000000,0.671264,-0.003630,,,0.671273,0.064441,0.643201,3.823927
head_on,context_bl,EESM-MPC-ECBF,9,0.900,-1.556800,-0.000363,0.671264,-0.003630,-0.005408,1.550000,0.080000,-0.500000,0.000000,unknown,walking,unknown,2.142028,1.000000,0.000000,3.107840,2.507840,0.000000,0.000000,0.000000,0.000000,1.170481,1.170481,0.000000,2.507840,1.337358,1.337358,1.337358,0.000135,horizon_mpc_secbf,12,-0.000136,true,osqp,optimal,50,5.023694,0,0.213310,geometric,false,0.750000,0.000072,0.624732,-0.006642,,,0.624767,0.046629,0.705677,3.756800
head_on,context_bl,EESM-MPC-ECBF,10,1.000,-1.494327,-0.001027,0.624732,-0.006642,-0.010632,1.500000,0.080000,-0.500000,0.000000,unknown,walking,unknown,2.130893,1.000000,0.000000,2.995423,2.395423,0.000000,0.000000,0.000000,0.000000,1.123773,1.123773,0.000000,2.395423,1.271650,1.271650,1.271650,0.000189,horizon_mpc_secbf,12,-0.000189,true,osqp,optimal,50,4.969036,0,0.200327,geometric,false,0.750000,0.000209,0.572201,-0.010962,,,0.572306,0.052708,0.762908,3.694327
head_on,context_bl,EESM-MPC-ECBF,11,1.100,-1.437107,-0.002123,0.572201,-0.010962,-0.019156,1.450000,0.080000,-0.500000,0.000000,adult,walking,attentive,2.135669,1.000000,0.000000,2.888275,2.288275,0.000000,0.000000,0.000000,0.000000,1.070983,1.070983,0.000000,2.288275,1.217292,1.217292,1.217292,0.000233,horizon_mpc_secbf,12,-0.000232,true,osqp,optimal,50,5.301012,0,0.191178,geometric,false,0.750000,0.000438,0.527224,-0.016227,,,0.527473,0.045284,0.815655,3.637108
head_on,context_bl,EESM-MPC-ECBF,12,1.200,-1.384385,-0.003746,0.527224,-0.016227,-0.030769,1.400000,0.080000,-0.500000,0.000000,adult,walking,attentive,2.129694,1.000000,0.000000,2.785644,2.185644,0.000000,0.000000,0.000000,0.000000,1.025641,1.025641,0.000000,2.185644,1.160003,1.160003,1.160003,0.000278,horizon_mpc_secbf,12,-0.000278,true,osqp,optimal,50,4.972913,0,0.179341,geometric,false,0.750000,0.000784,0.482087,-0.023372,,,0.482653,0.045698,0.863920,3.584387
head_on,context_bl,EESM-MPC-ECBF,13,1.300,-1.336176,-0.006083,0.482087,-0.023372,-0.048443,1.350000,0.080000,-0.500000,0.000000,adult,walking,attentive,2.128345,1.000000,0.000000,2.687555,2.087555,0.000000,0.000000,0.000000,0.000000,0.979955,0.979955,0.000000,2.087555,1.107600,1.107600,1.107600,0.000319,horizon_mpc_secbf,12,-0.000319,true,osqp,optimal,50,5.183134,0,0.168171,geometric,false,0.749999,0.001290,0.441273,-0.032520,,,0.442470,0.041827,0.908167,3.536181
head_on,context_bl,EESM-MPC-ECBF,14,1.400,-1.292049,-0.009335,0.441273,-0.032520,-0.073562,1.300000,0.080000,-0.500000,0.000000,adult,walking,attentive,2.121753,1.000000,0.000000,2.593588,1.993588,0.000000,0.000000,0.000000,0.000000,0.938321,0.938321,0.000000,1.993588,1.055267,1.055267,1.055267,0.000359,horizon_mpc_secbf,12,-0.000359,true,osqp,optimal,50,5.158312,0,0.155278,geometric,false,0.749997,0.002005,0.402415,-0.044478,,,0.404866,0.040656,0.948654,3.492061
head_on,context_bl,EESM-MPC-ECBF,15,1.500,-1.251807,-0.013783,0.402415,-0.044478,-0.110080,1.250000,0.080000,-0.500000,0.000000,adult,walking,attentive,2.114800,1.000000,0.000000,2.503564,1.903564,0.000000,0.000000,0.000000,0.000000,0.898208,0.898208,0.000000,1.903564,1.005357,1.005357,1.005357,0.000396,horizon_mpc_secbf,12,-0.000396,true,osqp,optimal,50,5.139989,0,0.141475,geometric,false,0.749994,0.002995,0.367117,-0.059563,,,0.371918,0.038387,0.985846,3.451835
head_on,context_bl,EESM-MPC-ECBF,16,1.600,-1.215096,-0.019739,0.367117,-0.059563,-0.160844,1.200000,0.080000,-0.500000,0.000000,adult,walking,attentive,2.103381,1.000000,0.000000,2.417154,1.817154,0.000000,0.000000,0.000000,0.000000,0.861000,0.861000,0.000000,1.817154,0.956154,0.956154,0.956154,0.000431,horizon_mpc_secbf,12,-0.000431,true,osqp,optimal,50,5.013994,0,0.125576,geometric,false,0.749987,0.004335,0.334959,-0.078511,,,0.344037,0.037325,1.020249,3.415153
head_on,context_bl,EESM-MPC-ECBF,17,1.700,-1.181600,-0.027590,0.334959,-0.078511,-0.230233,1.150000,0.080000,-0.500000,0.000000,adult,walking,attentive,2.088116,1.000000,0.000000,2.334081,1.734081,0.000000,0.000000,0.000000,0.000000,0.825914,0.825914,0.000000,1.734081,0.908167,0.908167,0.908167,0.000463,horizon_mpc_secbf,12,-0.000463,true,osqp,optimal,50,5.407080,0,0.106982,geometric,false,0.749975,0.006119,0.307223,-0.102326,,,0.323815,0.036558,1.052631,3.381712
head_on,context_bl,EESM-MPC-ECBF,18,1.800,-1.150877,-0.037823,0.307223,-0.102326,-0.321511,1.100000,0.080000,-0.500000,0.000000,adult,walking,attentive,2.065461,1.000000,0.000000,2.253959,1.653959,0.000000,0.000000,0.000000,0.000000,0.793615,0.793615,0.000000,1.653959,0.860344,0.860344,0.860344,0.000492,horizon_mpc_secbf,12,-0.000492,true,osqp,optimal,50,5.128525,0,0.084343,geometric,false,0.749952,0.008465,0.284459,-0.131848,,,0.313529,0.037279,1.083984,3.351091
head_on,context_bl,EESM-MPC-ECBF,19,1.900,-1.122432,-0.051008,0.284459,-0.131848,-0.434028,1.050000,0.080000,-0.500000,0.000000,adult,walking,attentive,2.033775,1.000000,0.000000,2.176378,1.576378,0.000000,0.000000,0.000000,0.000000,0.763735,0.763735,0.000000,1.576378,0.812644,0.812644,0.812644,0.000519,horizon_mpc_secbf,12,-0.000519,true,osqp,optimal,50,5.116325,0,0.056265,geometric,false,0.749912,0.011513,0.268392,-0.167795,,,0.316527,0.039375,1.115637,3.322823
head_on,context_bl,EESM-MPC-ECBF,20,2.000,-1.095592,-0.067787,0.268392,-0.167795,-0.558735,1.000000,0.080000,-0.500000,0.000000,adult,walking,attentive,1.988643,1.000000,0.000000,2.100797,1.500797,0.000000,0.000000,0.000000,0.000000,0.736593,0.736593,0.000000,1.500797,0.764204,0.764204,0.764204,0.000543,horizon_mpc_secbf,12,-0.000543,true,osqp,optimal,50,5.145128,0,0.019709,geometric,false,0.749841,0.015424,0.261827,-0.211821,,,0.336782,0.044513,1.149315,3.296289
head_on,context_bl,EESM-MPC-ECBF,21,2.100,-1.069410,-0.088970,0.261827,-0.211821,-0.680212,0.950000,0.080000,-0.500000,0.000000,adult,walking,attentive,1.923726,1.000000,0.000000,2.026466,1.426466,0.000000,0.000000,0.000000,0.000000,0.712497,0.712497,0.000000,1.426466,0.713969,0.713969,0.713969,0.000563,horizon_mpc_secbf,12,-0.000563,true,osqp,optimal,50,5.091578,0,-0.028445,geometric,false,0.749722,0.020402,0.267671,-0.264103,,,0.376030,0.052608,1.186918,3.270620
head_on,context_bl,EESM-MPC-ECBF,22,2.200,-1.042643,-0.115380,0.267671,-0.264103,-0.778689,0.900000,0.080000,-0.500000,0.000000,adult,walking,attentive,1.834096,1.000000,0.000000,1.952443,1.352443,0.000000,0.000000,0.000000,0.000000,0.690824,0.690824,0.000000,1.352443,0.661619,0.661619,0.661619,0.000577,horizon_mpc_secbf,12,-0.000576,true,osqp,optimal,50,5.400423,0,-0.092739,geometric,false,0.749526,0.026670,0.291344,-0.324142,,,0.435832,0.064537,1.230501,3.244695
head_on,context_bl,EESM-MPC-ECBF,23,2.300,-1.013508,-0.147794,0.291344,-0.324142,-0.838635,0.850000,0.080000,-0.500000,0.000000,adult,walking,attentive,1.711921,1.000000,0.000000,1.877379,1.277379,0.000000,0.000000,0.000000,0.000000,0.671490,0.671490,0.000000,1.277379,0.605889,0.605889,0.605889,0.000587,horizon_mpc_secbf,12,-0.000536,true,osqp,optimal,50,5.305717,0,-0.175527,geometric,false,0.749208,0.034457,0.336342,-0.396906,,,0.520250,0.085554,1.282526,3.216905
head_on,context_bl,EESM-MPC-ECBF,24,2.400,-0.979874,-0.187485,0.336342,-0.396906,-0.867808,0.800000,0.080000,-0.500000,0.000000,adult,walking,attentive,1.562179,1.000000,0.000000,1.799861,1.199861,0.000000,0.000000,0.000000,0.000000,0.645882,0.645882,0.000000,1.199861,0.553979,0.553979,0.553979,0.000544,horizon_mpc_secbf,12,0.000957,true,osqp,optimal,125,5.603936,0,-0.256041,geometric,false,0.748700,0.044143,0.391079,-0.475190,,,0.615426,0.095522,1.344069,3.185396
head_on,context_bl,EESM-MPC-ECBF,25,2.500,-0.940766,-0.235004,0.391079,-0.475190,-0.882190,0.750000,0.080000,-0.500000,0.000000,adult,walking,attentive,1.419392,1.000000,0.000000,1.719860,1.119860,0.000000,0.000000,0.000000,0.000000,0.595624,0.595624,0.000000,1.119860,0.524235,0.524235,0.524235,0.000530,horizon_mpc_secbf,12,0.000394,true,osqp,optimal,300,6.768764,0,-0.326578,geometric,false,0.747909,0.055961,0.466068,-0.537150,,,0.711161,0.097274,1.415185,3.149546
head_on,context_bl,EESM-MPC-ECBF,26,2.600,-0.894159,-0.288719,0.466068,-0.537150,-0.856133,0.700000,0.080000,-0.500000,0.000000,adult,walking,attentive,1.263441,1.000000,0.000000,1.636245,1.036245,0.000000,0.000000,0.000000,0.000000,0.533931,0.533931,0.000000,1.036245,0.502314,0.502314,0.502314,0.000460,horizon_mpc_secbf,12,0.000307,true,osqp,optimal,250,6.390757,0,-0.383125,geometric,false,0.746756,0.069680,0.527817,-0.512463,,,0.735669,0.066500,1.488752,3.107600
head_on,context_bl,EESM-MPC-ECBF,27,2.700,-0.841377,-0.339965,0.527817,-0.512463,-0.770640,0.650000,0.080000,-0.500000,0.000000,adult,walking,attentive,1.116346,1.000000,0.000000,1.549380,0.949380,0.000000,0.000000,0.000000,0.000000,0.508078,0.508078,0.000000,0.949380,0.441302,0.441302,0.441302,0.000487,horizon_mpc_secbf,12,0.000307,true,osqp,optimal,200,5.847317,0,-0.424645,geometric,false,0.745358,0.083316,0.540787,-0.499496,,,0.736170,0.018340,1.562369,3.060319
head_on,context_bl,EESM-MPC-ECBF,28,2.800,-0.787299,-0.389915,0.540787,-0.499496,-0.745727,0.600000,0.080000,-0.500000,0.000000,adult,walking,attentive,1.047489,1.000000,0.000000,1.464724,0.864724,0.000000,0.000000,0.000000,0.000000,0.435245,0.435245,0.000000,0.864724,0.429479,0.429479,0.429479,0.000198,horizon_mpc_secbf,12,0.000214,true,osqp,optimal,175,5.920396,0,-0.450654,geometric,false,0.743692,0.097070,0.584012,-0.456269,,,0.741115,0.061131,1.636480,3.012638
head_on,context_bl,EESM-MPC-ECBF,29,2.900,-0.728898,-0.435541,0.584012,-0.456269,-0.663213,0.550000,0.080000,-0.500000,0.000000,adult,walking,attentive,0.933028,1.000000,0.000000,1.378899,0.778899,0.000000,0.000000,0.000000,0.000000,0.387740,0.387740,0.000000,0.778899,0.391158,0.391158,0.391158,0.000163,horizon_mpc_secbf,12,-0.000077,true,osqp,optimal,125,5.404133,0,-0.483641,geometric,false,0.741843,0.110316,0.614868,-0.425410,,,0.747687,0.043639,1.711249,2.961104
head_on,context_bl,EESM-MPC-ECBF,30,3.000,-0.667411,-0.478082,0.614868,-0.425410,-0.605250,0.500000,0.080000,-0.500000,0.000000,adult,walking,attentive,0.843848,1.000000,0.000000,1.293949,0.693949,0.000000,0.000000,0.000000,0.000000,0.309054,0.309054,0.000000,0.693949,0.384895,0.384895,0.384895,0.000222,horizon_mpc_secbf,12,0.000152,true,osqp,optimal,225,6.135976,0,-0.509298,geometric,false,0.739788,0.123345,0.654684,-0.341641,,,0.738464,0.092750,1.785095,2.906993
head_on,context_bl,EESM-MPC-ECBF,31,3.100,-0.601942,-0.512246,0.654684,-0.341641,-0.480967,0.450000,0.080000,-0.500000,0.000000,adult,walking,attentive,0.724092,1.000000,0.000000,1.207203,0.607203,0.000000,0.000000,0.000000,0.000000,0.267681,0.267681,0.000000,0.607203,0.339522,0.339522,0.339522,0.000164,horizon_mpc_secbf,12,0.000000,true,osqp,optimal,75,5.243760,0,-0.540101,geometric,false,0.737772,0.134878,0.674728,-0.293232,,,0.735692,0.052395,1.858664,2.848382
head_on,context_bl,EESM-MPC-ECBF,32,3.200,-0.534470,-0.541570,0.674728,-0.293232,-0.409967,0.400000,0.080000,-0.500000,0.000000,adult,walking,attentive,0.640312,1.000000,0.000000,1.122311,0.522311,0.000000,0.000000,0.000000,0.000000,0.176486,0.176486,0.000000,0.522311,0.345825,0.345825,0.345825,0.000073,horizon_mpc_secbf,12,-0.000006,true,osqp,optimal,75,5.237971,0,-0.570310,geometric,false,0.735710,0.145709,0.721055,-0.181425,,,0.743529,0.121025,1.933017,2.787584
head_on,context_bl,EESM-MPC-ECBF,33,3.300,-0.462364,-0.559712,0.721055,-0.181425,-0.246494,0.350000,0.080000,-0.500000,0.000000,adult,walking,attentive,0.512357,1.000000,0.000000,1.034005,0.434005,0.000000,0.000000,0.000000,0.000000,0.116784,0.116784,0.000000,0.434005,0.317221,0.317221,0.317221,0.000000,horizon_mpc_secbf,12,0.005941,true,osqp,optimal,50,5.076473,0,-0.591587,geometric,false,0.733956,0.154300,0.735582,-0.100092,,,0.742360,0.082620,2.007253,2.720563
head_on,context_bl,EESM-MPC-ECBF,34,3.400,-0.388806,-0.569721,0.735582,-0.100092,-0.135241,0.300000,0.080000,-0.500000,0.000000,adult,walking,attentive,0.417865,1.000000,0.000000,0.946885,0.346885,0.000000,0.000000,0.000000,0.000000,0.018886,0.018886,0.000000,0.346885,0.328000,0.328000,0.328000,0.000000,horizon_mpc_secbf,12,0.098342,true,osqp,optimal,75,5.202260,0,-0.504697,geometric,false,0.732472,0.161196,0.735586,-0.096366,,,0.741871,0.003726,2.081440,2.650754
head_on,context_bl,EESM-MPC-ECBF,35,3.500,-0.315247,-0.579358,0.735586,-0.096366,-0.130264,0.250000,0.080000,-0.500000,0.000000,adult,walking,attentive,0.367270,1.000000,0.000000,0.868480,0.268480,0.000000,0.000000,0.000000,0.000000,0.000000,0.000000,0.000000,0.268480,0.410184,0.410184,0.268480,0.000000,horizon_mpc_secbf,12,0.112624,true,osqp,optimal,100,5.205788,0,-0.457441,geometric,false,0.730862,0.168346,0.735589,-0.103078,,,0.742776,0.006712,2.155718,2.581109
head_on,context_bl,EESM-MPC-ECBF,36,3.600,-0.241688,-0.589666,0.735589,-0.103078,-0.139223,0.200000,0.080000,-0.500000,0.000000,adult,walking,attentive,0.340274,1.000000,0.000000,0.802210,0.202210,0.000000,0.000000,0.000000,0.000000,0.000000,0.000000,0.000000,0.202210,0.507886,0.507886,0.202210,0.000000,horizon_mpc_secbf,12,0.108895,true,osqp,optimal,100,5.221799,0,-0.388148,geometric,false,0.729042,0.176063,0.735589,-0.107748,,,0.743439,0.004670,2.230062,2.511881
head_on,context_bl,EESM-MPC-ECBF,37,3.700,-0.168130,-0.600440,0.735589,-0.107748,-0.145444,0.150000,0.080000,-0.500000,0.000000,adult,walking,attentive,0.355027,1.000000,0.000000,0.751136,0.151136,0.000000,0.000000,0.000000,0.000000,0.000000,0.000000,0.000000,0.151136,0.609534,0.609534,0.151136,0.000000,horizon_mpc_secbf,12,0.106297,true,osqp,optimal,100,5.418678,0,-0.274593,geometric,false,0.726995,0.184330,0.735592,-0.107721,,,0.743437,0.000027,2.304406,2.443065
head_on,context_bl,EESM-MPC-ECBF,38,3.800,-0.094570,-0.611213,0.735592,-0.107721,-0.145408,0.100000,0.080000,-0.500000,0.000000,adult,walking,attentive,0.510916,1.000000,0.000000,0.718075,0.118075,0.000000,0.000000,0.000000,0.000000,0.000000,0.000000,0.000000,0.118075,0.712258,0.712258,0.118075,0.000000,horizon_mpc_secbf,12,0.105026,true,osqp,optimal,100,5.322506,0,-0.118263,geometric,false,0.724729,0.193049,0.735595,-0.102286,,,0.742673,0.005436,2.378673,2.374581
head_on,context_bl,EESM-MPC-ECBF,39,3.900,-0.021011,-0.621441,0.735595,-0.102286,-0.138165,0.050000,0.080000,-0.500000,0.000000,adult,walking,attentive,4.629805,1.000000,0.000000,0.705026,0.105026,0.000000,0.000000,0.000000,0.000000,0.000000,0.000000,0.000000,0.105026,0.815003,0.815003,0.105026,0.000000,horizon_mpc_secbf,12,0.112518,true,osqp,optimal,100,5.332268,0,0.071477,geometric,false,0.722260,0.202089,0.735598,-0.091365,,,0.741250,0.010920,2.452798,2.306313
head_on,context_bl,EESM-MPC-ECBF,40,4.000,0.052549,-0.630578,0.735598,-0.091365,-0.123573,0.000000,0.080000,-0.500000,0.000000,adult,walking,attentive,,0.000000,0.000000,0.712518,0.112518,0.000000,0.000000,0.000000,0.000000,0.000000,0.000000,0.000000,0.112518,0.112518,0.112518,0.112518,0.000000,horizon_mpc_secbf,12,0.139387,true,osqp,optimal,125,5.599264,0,0.278743,geometric,false,0.719617,0.211308,0.735585,-0.075304,,,0.739430,0.016061,2.526741,2.238118
head_on,context_bl,EESM-MPC-ECBF,41,4.100,0.126107,-0.638108,0.735585,-0.075304,-0.102018,-0.050000,0.080000,-0.500000,0.000000,adult,walking,attentive,,0.000000,0.000000,0.739387,0.139387,0.000000,0.000000,0.000000,0.000000,0.000000,0.000000,0.000000,0.139387,0.139387,0.139387,0.139387,0.000000,horizon_mpc_secbf,12,0.183183,true,osqp,optimal,125,5.715768,0,0.486878,geometric,false,0.716835,0.220560,0.735580,-0.054777,,,0.737617,0.020528,2.600503,2.169842
head_on,context_bl,EESM-MPC-ECBF,42,4.200,0.199665,-0.643586,0.735580,-0.054777,-0.074330,-0.100000,0.080000,-0.500000,0.000000,adult,walking,attentive,,0.000000,0.000000,0.783183,0.183183,0.000000,0.000000,0.000000,0.000000,0.000000,0.000000,0.000000,0.183183,0.183183,0.183183,0.183183,0.000000,horizon_mpc_secbf,12,0.240910,true,osqp,optimal,125,5.500914,0,0.684202,geometric,false,0.713957,0.229708,0.735590,-0.030578,,,0.736225,0.024199,2.674125,2.101319
head_on,context_bl,EESM-MPC-ECBF,43,4.300,0.273224,-0.646643,0.735590,-0.030578,-0.041545,-0.150000,0.080000,-0.500000,0.000000,adult,walking,attentive,,0.000000,0.000000,0.840910,0.240910,0.000000,0.000000,0.000000,0.000000,0.000000,0.000000,0.000000,0.240910,0.240910,0.240910,0.240910,0.000000,horizon_mpc_secbf,12,0.309666,true,osqp,optimal,100,5.497989,0,0.865799,geometric,false,0.711026,0.238627,0.735580,-0.003507,,,0.735588,0.027071,2.747684,2.032391
head_on,context_bl,EESM-MPC-ECBF,44,4.400,0.346782,-0.646994,0.735580,-0.003507,-0.004767,-0.200000,0.080000,-0.500000,0.000000,adult,walking,attentive,,0.000000,0.000000,0.909666,0.309666,0.000000,0.000000,0.000000,0.000000,0.000000,0.000000,0.000000,0.309666,0.309666,0.309666,0.309666,0.000000,horizon_mpc_secbf,12,0.386986,true,osqp,optimal,100,5.240554,0,1.031777,geometric,false,0.708088,0.247207,0.735584,0.025744,,,0.736035,0.029251,2.821287,1.962910
head_on,context_bl,EESM-MPC-ECBF,45,4.500,0.420341,-0.644420,0.735584,0.025744,0.034984,-0.250000,0.080000,-0.500000,0.000000,adult,walking,attentive,,0.000000,0.000000,0.986986,0.386986,0.000000,0.000000,0.000000,0.000000,0.000000,0.000000,0.000000,0.386986,0.386986,0.386986,0.386986,0.000000,horizon_mpc_secbf,12,0.470933,true,osqp,optimal,100,5.442574,0,1.184656,geometric,false,0.705192,0.255352,0.735587,0.056562,,,0.737758,0.030818,2.895063,1.892740
head_on,context_bl,EESM-MPC-ECBF,46,4.600,0.493900,-0.638764,0.735587,0.056562,0.076743,-0.300000,0.080000,-0.500000,0.000000,adult,walking,attentive,,0.000000,0.000000,1.070933,0.470933,0.000000,0.000000,0.000000,0.000000,0.000000,0.000000,0.000000,0.470933,0.470933,0.470933,0.470933,0.000000,horizon_mpc_secbf,12,0.560050,true,osqp,optimal,100,5.425217,0,1.327538,geometric,false,0.702385,0.262973,0.735586,0.088436,,,0.740883,0.031874,2.969151,1.821757
head_on,context_bl,EESM-MPC-ECBF,47,4.700,0.567458,-0.629920,0.735586,0.088436,0.119650,-0.350000,0.080000,-0.500000,0.000000,adult,walking,attentive,,0.000000,0.000000,1.160050,0.560050,0.000000,0.000000,0.000000,0.000000,0.000000,0.000000,0.000000,0.560050,0.560050,0.560050,0.560050,0.000000,horizon_mpc_secbf,12,0.653269,true,osqp,optimal,100,5.238137,0,1.463264,geometric,false,0.699719,0.269988,0.735589,0.120898,,,0.745458,0.032462,3.043697,1.749855
head_on,context_bl,EESM-MPC-ECBF,48,4.800,0.641017,-0.617830,0.735589,0.120898,0.162899,-0.400000,0.080000,-0.500000,0.000000,adult,walking,attentive,,0.000000,0.000000,1.253269,0.653269,0.000000,0.000000,0.000000,0.000000,0.000000,0.000000,0.000000,0.653269,0.653269,0.653269,0.653269,0.000000,horizon_mpc_secbf,12,0.749535,true,osqp,optimal,75,5.329566,0,1.591393,geometric,false,0.697243,0.276320,0.732186,0.153339,,,0.748070,0.032620,3.118504,1.676944
head_on,context_bl,EESM-MPC-ECBF,49,4.900,0.714236,-0.602496,0.732186,0.153339,0.206443,-0.450000,0.080000,-0.500000,0.000000,adult,walking,attentive,,0.000000,0.000000,1.349535,0.749535,0.000000,0.000000,0.000000,0.000000,0.000000,0.000000,0.000000,0.749535,0.749535,0.749535,0.749535,0.000000,horizon_mpc_secbf,12,0.847575,true,osqp,optimal,100,5.520750,0,1.709145,geometric,false,0.695028,0.281843,0.720073,0.183774,,,0.743154,0.032756,3.192820,1.603277
head_on,context_bl,EESM-MPC-ECBF,50,5.000,0.786243,-0.584119,0.720073,0.183774,0.249882,-0.500000,0.080000,-0.500000,0.000000,adult,walking,attentive,,0.000000,0.000000,1.447575,0.847575,0.000000,0.000000,0.000000,0.000000,0.000000,0.000000,0.000000,0.847575,0.847575,0.847575,0.847575,0.000000,horizon_mpc_secbf,12,0.946846,true,osqp,optimal,100,5.415497,0,1.822373,geometric,false,0.693166,0.286394,0.707556,0.213994,,,0.739208,0.032710,3.266741,1.529674
head_on,context_bl,EESM-MPC-ECBF,51,5.100,0.856999,-0.562719,0.707556,0.213994,0.293695,-0.550000,0.080000,-0.500000,0.000000,adult,walking,attentive,,0.000000,0.000000,1.546846,0.946846,0.000000,0.000000,0.000000,0.000000,0.000000,0.000000,0.000000,0.946846,0.946846,0.946846,0.946846,0.000000,horizon_mpc_secbf,12,1.047032,true,osqp,optimal,100,5.326264,0,1.933043,geometric,false,0.691733,0.289837,0.695390,0.243367,,,0.736746,0.031792,3.340415,1.456127
head_on,context_bl,EESM-MPC-ECBF,52,5.200,0.926538,-0.538383,0.695390,0.243367,0.336650,-0.600000,0.080000,-0.500000,0.000000,adult,walking,attentive,,0.000000,0.000000,1.647032,1.047032,0.000000,0.000000,0.000000,0.000000,0.000000,0.000000,0.000000,1.047032,1.047032,1.047032,1.047032,0.000000,horizon_mpc_secbf,12,1.148050,true,osqp,optimal,100,5.283451,0,2.043400,geometric,false,0.690801,0.292051,0.684373,0.269964,,,0.735695,0.028788,3.413985,1.382593
head_on,context_bl,EESM-MPC-ECBF,53,5.300,0.994975,-0.511386,0.684373,0.269964,0.375729,-0.650000,0.080000,-0.500000,0.000000,adult,walking,attentive,,0.000000,0.000000,1.748050,1.148050,0.000000,0.000000,0.000000,0.000000,0.000000,0.000000,0.000000,1.148050,1.148050,1.148050,1.148050,0.000000,horizon_mpc_secbf,12,1.250514,true,osqp,optimal,100,5.225526,0,2.160683,geometric,false,0.690403,0.292992,0.678360,0.284483,,,0.735597,0.015715,3.487544,1.309046
head_on,context_bl,EESM-MPC-ECBF,54,5.400,1.062811,-0.482938,0.678360,0.284483,0.397091,-0.700000,0.080000,-0.500000,0.000000,adult,walking,attentive,,0.000000,0.000000,1.850514,1.250514,0.000000,0.000000,0.000000,0.000000,0.000000,0.000000,0.000000,1.250514,1.250514,1.250514,1.250514,0.000000,horizon_mpc_secbf,12,1.354947,true,osqp,optimal,100,5.175756,0,2.284643,geometric,false,0.690328,0.293167,0.677268,0.287119,,,0.735615,0.002854,3.561106,1.235487
head_on,context_bl,EESM-MPC-ECBF,55,5.500,1.130538,-0.454226,0.677268,0.287119,0.400970,-0.750000,0.080000,-0.500000,0.000000,adult,walking,attentive,,0.000000,0.000000,1.954947,1.354947,0.000000,0.000000,0.000000,0.000000,0.000000,0.000000,0.000000,1.354947,1.354947,1.354947,1.354947,0.000000,horizon_mpc_secbf,12,1.461184,true,osqp,optimal,100,13.825153,0,2.408626,geometric,false,0.690317,0.293194,0.677072,0.287595,,,0.735620,0.000514,3.634668,1.161926
head_on,context_bl,EESM-MPC-ECBF,56,5.600,1.198245,-0.425467,0.677072,0.287595,0.401669,-0.800000,0.080000,-0.500000,0.000000,adult,walking,attentive,,0.000000,0.000000,2.061184,1.461184,0.000000,0.000000,0.000000,0.000000,0.000000,0.000000,0.000000,1.461184,1.461184,1.461184,1.461184,0.000000,horizon_mpc_secbf,12,1.568982,true,osqp,optimal,100,5.112526,0,2.531734,geometric,false,0.690317,0.293192,0.677039,0.287675,,,0.735621,0.000087,3.708230,1.088364
head_on,context_bl,EESM-MPC-ECBF,57,5.700,1.265949,-0.396699,0.677039,0.287675,0.401788,-0.850000,0.080000,-0.500000,0.000000,adult,walking,attentive,,0.000000,0.000000,2.168982,1.568982,0.000000,0.000000,0.000000,0.000000,0.000000,0.000000,0.000000,1.568982,1.568982,1.568982,1.568982,0.000000,horizon_mpc_secbf,12,1.678123,true,osqp,optimal,100,16.804660,0,2.654011,geometric,false,0.690321,0.293185,0.677036,0.287683,,,0.735621,0.000008,3.781792,1.014801
head_on,context_bl,EESM-MPC-ECBF,58,5.800,1.333652,-0.367931,0.677036,0.287683,0.401799,-0.900000,0.080000,-0.500000,0.000000,adult,walking,attentive,,0.000000,0.000000,2.278123,1.678123,0.000000,0.000000,0.000000,0.000000,0.000000,0.000000,0.000000,1.678123,1.678123,1.678123,1.678123,0.000000,horizon_mpc_secbf,12,1.788425,true,osqp,optimal,100,14.923978,0,2.775622,geometric,false,0.690325,0.293175,0.677039,0.287676,,,0.735622,0.000007,3.855354,0.941239
head_on,context_bl,EESM-MPC-ECBF,59,5.900,1.401356,-0.339163,0.677039,0.287676,0.401789,-0.950000,0.080000,-0.500000,0.000000,adult,walking,attentive,,0.000000,0.000000,2.388425,1.788425,0.000000,0.000000,0.000000,0.000000,0.000000,0.000000,0.000000,1.788425,1.788425,1.788425,1.788425,0.000000,horizon_mpc_secbf,12,1.899734,true,osqp,optimal,100,5.077170,0,2.896716,geometric,false,0.690329,0.293165,0.677043,0.287667,,,0.735622,0.000011,3.928916,0.867677
head_on,context_bl,EESM-MPC-ECBF,60,6.000,1.469061,-0.310397,0.677043,0.287667,0.401775,-1.000000,0.080000,-0.500000,0.000000,adult,walking,attentive,,0.000000,0.000000,2.499734,1.899734,0.000000,0.000000,0.000000,0.000000,0.000000,0.000000,0.000000,1.899734,1.899734,1.899734,1.899734,0.000000,horizon_mpc_secbf,12,2.011921,true,osqp,optimal,100,11.971291,0,3.017414,geometric,false,0.690334,0.293153,0.677048,0.287656,,,0.735622,0.000012,4.002479,0.794115
head_on,context_bl,EESM-MPC-ECBF,61,6.100,1.536765,-0.281631,0.677048,0.287656,0.401758,-1.050000,0.080000,-0.500000,0.000000,adult,walking,attentive,,0.000000,0.000000,2.611921,2.011921,0.000000,0.000000,0.000000,0.000000,0.000000,0.000000,0.000000,2.011921,2.011921,2.011921,2.011921,0.000000,horizon_mpc_secbf,12,2.124878,true,osqp,optimal,100,5.256374,0,3.137813,geometric,false,0.690339,0.293141,0.677054,0.287643,,,0.735623,0.000013,4.076041,0.720553
head_on,context_bl,EESM-MPC-ECBF,62,6.200,1.604471,-0.252867,0.677054,0.287643,0.401740,-1.100000,0.080000,-0.500000,0.000000,adult,walking,attentive,,0.000000,0.000000,2.724878,2.124878,0.000000,0.000000,0.000000,0.000000,0.000000,0.000000,0.000000,2.124878,2.124878,2.124878,2.124878,0.000000,horizon_mpc_secbf,12,2.238514,true,osqp,optimal,100,5.469646,0,3.257987,geometric,false,0.690345,0.293127,0.677060,0.287629,,,0.735623,0.000015,4.149603,0.646990
head_on,context_bl,EESM-MPC-ECBF,63,6.300,1.672177,-0.224104,0.677060,0.287629,0.401719,-1.150000,0.080000,-0.500000,0.000000,adult,walking,attentive,,0.000000,0.000000,2.838514,2.238514,0.000000,0.000000,0.000000,0.000000,0.000000,0.000000,0.000000,2.238514,2.238514,2.238514,2.238514,0.000000,horizon_mpc_secbf,12,2.352749,true,osqp,optimal,100,5.380696,0,3.377992,geometric,false,0.690352,0.293111,0.677067,0.287614,,,0.735623,0.000017,4.223166,0.573428
head_on,context_bl,EESM-MPC-ECBF,64,6.400,1.739883,-0.195342,0.677067,0.287614,0.401696,-1.200000,0.080000,-0.500000,0.000000,adult,walking,attentive,,0.000000,0.000000,2.952749,2.352749,0.000000,0.000000,0.000000,0.000000,0.000000,0.000000,0.000000,2.352749,2.352749,2.352749,2.352749,0.000000,horizon_mpc_secbf,12,2.467518,true,osqp,optimal,100,5.322830,0,3.497877,geometric,false,0.690360,0.293092,0.677074,0.287596,,,0.735623,0.000019,4.296728,0.499866
head_on,context_bl,EESM-MPC-ECBF,65,6.500,1.807591,-0.166583,0.677074,0.287596,0.401670,-1.250000,0.080000,-0.500000,0.000000,adult,walking,attentive,,0.000000,0.000000,3.067518,2.467518,0.000000,0.000000,0.000000,0.000000,0.000000,0.000000,0.000000,2.467518,2.467518,2.467518,2.467518,0.000000,horizon_mpc_secbf,12,2.582762,true,osqp,optimal,100,5.335140,0,3.617675,geometric,false,0.690369,0.293071,0.677083,0.287575,,,0.735623,0.000023,4.370290,0.426304
head_on,context_bl,EESM-MPC-ECBF,66,6.600,1.875299,-0.137825,0.677083,0.287575,0.401639,-1.300000,0.080000,-0.500000,0.000000,adult,walking,attentive,,0.000000,0.000000,3.182762,2.582762,0.000000,0.000000,0.000000,0.000000,0.000000,0.000000,0.000000,2.582762,2.582762,2.582762,2.582762,0.000000,horizon_mpc_secbf,12,2.698432,true,osqp,optimal,100,5.396682,0,3.737416,geometric,false,0.690380,0.293045,0.677094,0.287550,,,0.735623,0.000027,4.443852,0.352741
head_on,context_bl,EESM-MPC-ECBF,67,6.700,1.943009,-0.109070,0.677094,0.287550,0.401602,-1.350000,0.080000,-0.500000,0.000000,adult,walking,attentive,,0.000000,0.000000,3.298432,2.698432,0.000000,0.000000,0.000000,0.000000,0.000000,0.000000,0.000000,2.698432,2.698432,2.698432,2.698432,0.000000,horizon_mpc_secbf,12,2.814485,true,osqp,optimal,100,5.305163,0,3.857123,geometric,false,0.690394,0.293012,0.677108,0.287519,,,0.735623,0.000034,4.517415,0.279179
head_on,context_bl,EESM-MPC-ECBF,68,6.800,2.010719,-0.080318,0.677108,0.287519,0.401555,-1.400000,0.080000,-0.500000,0.000000,adult,walking,attentive,,0.000000,0.000000,3.414485,2.814485,0.000000,0.000000,0.000000,0.000000,0.000000,0.000000,0.000000,2.814485,2.814485,2.814485,2.814485,0.000000,horizon_mpc_secbf,12,2.930884,true,osqp,optimal,100,5.274384,0,3.976815,geometric,false,0.690413,0.292966,0.677126,0.287476,,,0.735623,0.000046,4.590977,0.205617
head_on,context_bl,EESM-MPC-ECBF,69,6.900,2.078432,-0.051571,0.677126,0.287476,0.401492,-1.450000,0.080000,-0.500000,0.000000,adult,walking,attentive,,0.000000,0.000000,3.530884,2.930884,0.000000,0.000000,0.000000,0.000000,0.000000,0.000000,0.000000,2.930884,2.930884,2.930884,2.930884,0.000000,horizon_mpc_secbf,12,3.047597,true,osqp,optimal,100,5.882345,0,4.096510,geometric,false,0.690444,0.292895,0.677153,0.287409,,,0.735623,0.000072,4.664539,0.132054
head_on,context_bl,EESM-MPC-ECBF,70,7.000,2.146147,-0.022830,0.677153,0.287409,0.401394,-1.500000,0.080000,-0.500000,0.000000,adult,walking,attentive,,0.000000,0.000000,3.647597,3.047597,0.000000,0.000000,0.000000,0.000000,0.000000,0.000000,0.000000,3.047597,3.047597,3.047597,3.047597,0.000000,horizon_mpc_secbf,12,3.153210,true,osqp,optimal,75,5.062508,0,4.102765,geometric,false,0.538527,0.228298,0.562312,0.238440,,,0.610777,0.124846,4.725617,0.058492
head_on,context_bl,EESM-MPC-ECBF,71,7.100,2.202378,0.001014,0.562312,0.238440,0.401054,-1.550000,0.080000,-0.500000,0.000000,adult,walking,attentive,,0.000000,0.000000,3.753210,3.153210,0.000000,0.000000,0.000000,0.000000,0.000000,0.000000,0.000000,3.153210,3.153210,3.153210,3.153210,0.000000,horizon_mpc_secbf,12,3.203207,true,osqp,optimal,75,17.704342,0,3.653186,geometric,false,-0.023784,-0.010142,0.000083,-0.000193,,,0.000210,0.610776,4.725638,0.002586
head_on,context_bl,EESM-MPC-ECBF,72,7.200,2.202387,0.000995,0.000083,-0.000193,-1.167218,-1.600000,0.080000,-0.500000,0.000000,adult,walking,attentive,,0.000000,0.000000,3.803207,3.203207,0.000000,0.000000,0.000000,0.000000,0.000000,0.000000,0.000000,3.203207,3.203207,3.203207,3.203207,0.000000,horizon_mpc_secbf,12,3.251238,true,osqp,optimal,75,14.518868,0,3.683518,geometric,false,-0.023867,-0.009948,-0.019758,-0.008275,,,0.021421,0.021423,4.727780,0.002586
head_on,context_bl,EESM-MPC-ECBF,73,7.300,2.200411,0.000167,-0.019758,-0.008275,-2.744981,-1.650000,0.080000,-0.500000,0.000000,adult,walking,attentive,,0.000000,0.000000,3.851238,3.251238,0.000000,0.000000,0.000000,0.000000,0.000000,0.000000,0.000000,3.251238,3.251238,3.251238,3.251238,0.000000,horizon_mpc_secbf,12,3.300555,true,osqp,optimal,50,5.587565,0,3.744399,geometric,false,-0.004109,-0.001674,-0.006791,-0.002806,,,0.007348,0.014073,4.728515,0.000444
head_on,context_bl,EESM-MPC-ECBF,74,7.400,2.199732,-0.000113,-0.006791,-0.002806,-2.749745,-1.700000,0.080000,-0.500000,0.000000,adult,walking,attentive,,0.000000,0.000000,3.900555,3.300555,0.000000,0.000000,0.000000,0.000000,0.000000,0.000000,0.000000,3.300555,3.300555,3.300555,3.300555,0.000000,horizon_mpc_secbf,12,3.350649,true,osqp,optimal,50,14.903438,0,3.801495,geometric,false,0.002682,0.001133,0.001055,0.000457,,,0.001150,0.008498,4.728630,0.000291
head_on,context_bl,EESM-MPC-ECBF,75,7.500,2.199837,-0.000068,0.001055,0.000457,0.408500,-1.750000,0.080000,-0.500000,0.000000,adult,walking,attentive,,0.000000,0.000000,3.950649,3.350649,0.000000,0.000000,0.000000,0.000000,0.000000,0.000000,0.000000,3.350649,3.350649,3.350649,3.350649,0.000000,horizon_mpc_secbf,12,3.400790,true,osqp,optimal,50,9.208952,0,3.852061,geometric,false,0.001627,0.000676,0.001528,0.000638,,,0.001656,0.000506,4.728796,0.000176
head_on,context_bl,EESM-MPC-ECBF,76,7.600,2.199990,-0.000004,0.001528,0.000638,0.395701,-1.800000,0.080000,-0.500000,0.000000,adult,walking,attentive,,0.000000,0.000000,4.000790,3.400790,0.000000,0.000000,0.000000,0.000000,0.000000,0.000000,0.000000,3.400790,3.400790,3.400790,3.400790,0.000000,horizon_mpc_secbf,12,3.450814,true,osqp,optimal,25,6.299684,0,3.901028,geometric,false,0.000099,0.000038,0.000341,0.000141,,,0.000369,0.001287,4.728832,0.000011
head_on,context_bl,EESM-MPC-ECBF,77,7.700,2.200024,0.000010,0.000341,0.000141,0.391475,-1.850000,0.080000,-0.500000,0.000000,adult,walking,attentive,,0.000000,0.000000,4.050814,3.450814,0.000000,0.000000,0.000000,0.000000,0.000000,0.000000,0.000000,3.450814,3.450814,3.450814,3.450814,0.000000,horizon_mpc_secbf,12,3.500791,true,osqp,optimal,25,5.953193,0,3.950582,geometric,false,-0.000242,-0.000103,-0.000136,-0.000061,,,0.000149,0.000518,4.728847,0.000026
head_on,context_bl,EESM-MPC-ECBF,78,7.800,2.200011,0.000004,-0.000136,-0.000061,-2.718075,-1.900000,0.080000,-0.500000,0.000000,adult,walking,attentive,,0.000000,0.000000,4.100791,3.500791,0.000000,0.000000,0.000000,0.000000,0.000000,0.000000,0.000000,3.500791,3.500791,3.500791,3.500791,0.000000,horizon_mpc_secbf,12,3.550771,true,osqp,optimal,25,5.798483,0,4.000588,geometric,false,-0.000106,-0.000042,-0.000108,-0.000045,,,0.000117,0.000032,4.728859,0.000011
head_on,context_bl,EESM-MPC-ECBF,79,7.900,2.200000,-0.000000,-0.000108,-0.000045,-2.746274,-1.950000,0.080000,-0.500000,0.000000,adult,walking,attentive,,0.000000,0.000000,4.150771,3.550771,0.000000,0.000000,0.000000,0.000000,0.000000,0.000000,0.000000,3.550771,3.550771,3.550771,3.550771,0.000000,horizon_mpc_secbf,12,3.600761,true,osqp,optimal,25,5.955387,0,4.050670,geometric,false,0.000003,0.000003,-0.000008,0.000006,,,0.000010,0.000112,4.728860,0.000000
head_on,context_bl,EESM-MPC-ECBF,80,8.000,2.199999,0.000000,-0.000008,0.000006,2.496650,-2.000000,0.080000,-0.500000,0.000000,adult,walking,attentive,,0.000000,0.000000,4.200761,3.600761,0.000000,0.000000,0.000000,0.000000,0.000000,0.000000,0.000000,3.600761,3.600761,3.600761,3.600761,0.000000,horizon_mpc_secbf,12,3.650753,true,osqp,optimal,25,6.236495,0,4.100677,geometric,false,0.000011,-0.000003,0.000007,-0.000001,,,0.000007,0.000017,4.728861,0.000001
head_on,context_bl,EESM-MPC-ECBF,81,8.100,2.200000,0.000000,0.000007,-0.000001,-0.169237,-2.050000,0.080000,-0.500000,0.000000,adult,walking,attentive,,0.000000,0.000000,4.250753,3.650753,0.000000,0.000000,0.000000,0.000000,0.000000,0.000000,0.000000,3.650753,3.650753,3.650753,3.650753,0.000000,horizon_mpc_secbf,12,3.700744,true,osqp,optimal,25,5.677702,0,4.150668,geometric,false,0.000004,-0.000002,0.000004,-0.000001,,,0.000004,0.000003,4.728861,0.000000
head_on,context_bl,EESM-MPC-ECBF,82,8.200,2.200000,0.000000,0.000004,-0.000001,-0.351052,-2.100000,0.080000,-0.500000,0.000000,adult,walking,attentive,,0.000000,0.000000,4.300744,3.700744,0.000000,0.000000,0.000000,0.000000,0.000000,0.000000,0.000000,3.700744,3.700744,3.700744,3.700744,0.000000,horizon_mpc_secbf,12,3.750736,true,osqp,optimal,25,5.621381,0,4.200658,geometric,false,-0.000001,-0.000000,0.000000,-0.000000,,,0.000000,0.000004,4.728861,0.000000
head_on,context_bl,EESM-MPC-ECBF,83,8.300,2.200000,-0.000000,0.000000,-0.000000,-1.550310,-2.150000,0.080000,-0.500000,0.000000,adult,walking,attentive,,0.000000,0.000000,4.350736,3.750736,0.000000,0.000000,0.000000,0.000000,0.000000,0.000000,0.000000,3.750736,3.750736,3.750736,3.750736,0.000000,horizon_mpc_secbf,12,3.800727,true,osqp,optimal,25,6.056111,0,4.250651,geometric,false,-0.000001,0.000000,-0.000000,0.000000,,,0.000000,0.000001,4.728861,0.000000
head_on,context_bl,EESM-MPC-ECBF,84,8.400,2.200000,-0.000000,-0.000000,0.000000,2.779535,-2.200000,0.080000,-0.500000,0.000000,adult,walking,attentive,,0.000000,0.000000,4.400727,3.800727,0.000000,0.000000,0.000000,0.000000,0.000000,0.000000,0.000000,3.800727,3.800727,3.800727,3.800727,0.000000,horizon_mpc_secbf,12,3.850719,true,osqp,optimal,25,5.360298,0,4.300644,geometric,false,-0.000000,0.000000,-0.000000,0.000000,,,0.000000,0.000000,4.728861,0.000000
head_on,context_bl,EESM-MPC-ECBF,85,8.500,2.200000,0.000000,-0.000000,0.000000,2.535834,-2.250000,0.080000,-0.500000,0.000000,adult,walking,attentive,,0.000000,0.000000,4.450719,3.850719,0.000000,0.000000,0.000000,0.000000,0.000000,0.000000,0.000000,3.850719,3.850719,3.850719,3.850719,0.000000,horizon_mpc_secbf,12,3.900711,true,osqp,optimal,25,5.783914,0,4.350638,geometric,false,0.000000,-0.000000,0.000000,0.000000,,,0.000000,0.000000,4.728861,0.000000
head_on,context_bl,EESM-MPC-ECBF,86,8.600,2.200000,0.000000,0.000000,0.000000,0.583686,-2.300000,0.080000,-0.500000,0.000000,adult,walking,attentive,,0.000000,0.000000,4.500711,3.900711,0.000000,0.000000,0.000000,0.000000,0.000000,0.000000,0.000000,3.900711,3.900711,3.900711,3.900711,0.000000,horizon_mpc_secbf,12,3.950703,true,osqp,optimal,25,5.424743,0,4.400632,geometric,false,0.000000,-0.000000,0.000000,-0.000000,,,0.000000,0.000000,4.728861,0.000000
head_on,context_bl,EESM-MPC-ECBF,87,8.700,2.200000,0.000000,0.000000,-0.000000,-0.442894,-2.350000,0.080000,-0.500000,0.000000,adult,walking,attentive,,0.000000,0.000000,4.550703,3.950703,0.000000,0.000000,0.000000,0.000000,0.000000,0.000000,0.000000,3.950703,3.950703,3.950703,3.950703,0.000000,horizon_mpc_secbf,12,4.000696,true,osqp,optimal,25,5.343527,0,4.450626,geometric,false,0.000000,0.000000,0.000000,-0.000000,,,0.000000,0.000000,4.728861,0.000000
head_on,context_bl,EESM-MPC-ECBF,88,8.800,2.200000,0.000000,0.000000,-0.000000,-0.440816,-2.400000,0.080000,-0.500000,0.000000,adult,walking,attentive,,0.000000,0.000000,4.600696,4.000696,0.000000,0.000000,0.000000,0.000000,0.000000,0.000000,0.000000,4.000696,4.000696,4.000696,4.000696,0.000000,horizon_mpc_secbf,12,4.050688,true,osqp,optimal,25,5.617418,0,4.500620,geometric,false,0.000000,0.000000,0.000000,-0.000000,,,0.000000,0.000000,4.728861,0.000000
head_on,context_bl,EESM-MPC-ECBF,89,8.900,2.200000,0.000000,0.000000,-0.000000,-0.438746,-2.450000,0.080000,-0.500000,0.000000,adult,walking,attentive,,0.000000,0.000000,4.650688,4.050688,0.000000,0.000000,0.000000,0.000000,0.000000,0.000000,0.000000,4.050688,4.050688,4.050688,4.050688,0.000000,horizon_mpc_secbf,12,4.100681,true,osqp,optimal,25,5.359789,0,4.550614,geometric,false,0.000000,0.000000,0.000000,-0.000000,,,0.000000,0.000000,4.728861,0.000000
head_on,context_bl,EESM-MPC-ECBF,90,9.000,2.200000,0.000000,0.000000,-0.000000,-0.438746,-2.500000,0.080000,-0.500000,0.000000,adult,walking,attentive,,0.000000,0.000000,4.700681,4.100681,0.000000,0.000000,0.000000,0.000000,0.000000,0.000000,0.000000,4.100681,4.100681,4.100681,4.100681,0.000000,horizon_mpc_secbf,12,4.150674,true,osqp,optimal,25,5.413967,0,4.600608,geometric,false,0.000000,0.000000,0.000000,-0.000000,,,0.000000,0.000000,4.728861,0.000000
head_on,context_bl,EESM-MPC-ECBF,91,9.100,2.200000,0.000000,0.000000,-0.000000,-0.438746,-2.550000,0.080000,-0.500000,0.000000,adult,walking,attentive,,0.000000,0.000000,4.750674,4.150674,0.000000,0.000000,0.000000,0.000000,0.000000,0.000000,0.000000,4.150674,4.150674,4.150674,4.150674,0.000000,horizon_mpc_secbf,12,4.200667,true,osqp,optimal,25,7.067742,0,4.650603,geometric,false,0.000000,0.000000,0.000000,-0.000000,,,0.000000,0.000000,4.728861,0.000000
head_on,context_bl,EESM-MPC-ECBF,92,9.200,2.200000,0.000000,0.000000,-0.000000,-0.438746,-2.600000,0.080000,-0.500000,0.000000,adult,walking,attentive,,0.000000,0.000000,4.800667,4.200667,0.000000,0.000000,0.000000,0.000000,0.000000,0.000000,0.000000,4.200667,4.200667,4.200667,4.200667,0.000000,horizon_mpc_secbf,12,4.250660,true,osqp,optimal,25,7.209539,0,4.700597,geometric,false,0.000000,0.000000,0.000000,-0.000000,,,0.000000,0.000000,4.728861,0.000000
head_on,context_bl,EESM-MPC-ECBF,93,9.300,2.200000,0.000000,0.000000,-0.000000,-0.438746,-2.650000,0.080000,-0.500000,0.000000,adult,walking,attentive,,0.000000,0.000000,4.850660,4.250660,0.000000,0.000000,0.000000,0.000000,0.000000,0.000000,0.000000,4.250660,4.250660,4.250660,4.250660,0.000000,horizon_mpc_secbf,12,4.300653,true,osqp,optimal,25,6.758741,0,4.750592,geometric,false,0.000000,0.000000,0.000000,-0.000000,,,0.000000,0.000000,4.728861,0.000000
head_on,context_bl,EESM-MPC-ECBF,94,9.400,2.200000,0.000000,0.000000,-0.000000,-0.438746,-2.700000,0.080000,-0.500000,0.000000,adult,walking,attentive,,0.000000,0.000000,4.900653,4.300653,0.000000,0.000000,0.000000,0.000000,0.000000,0.000000,0.000000,4.300653,4.300653,4.300653,4.300653,0.000000,horizon_mpc_secbf,12,4.350646,true,osqp,optimal,25,6.259595,0,4.800586,geometric,false,0.000000,0.000000,0.000000,-0.000000,,,0.000000,0.000000,4.728861,0.000000
head_on,context_bl,EESM-MPC-ECBF,95,9.500,2.200000,0.000000,0.000000,-0.000000,-0.438746,-2.750000,0.080000,-0.500000,0.000000,adult,walking,attentive,,0.000000,0.000000,4.950646,4.350646,0.000000,0.000000,0.000000,0.000000,0.000000,0.000000,0.000000,4.350646,4.350646,4.350646,4.350646,0.000000,horizon_mpc_secbf,12,4.400640,true,osqp,optimal,25,6.717052,0,4.850581,geometric,false,0.000000,0.000000,0.000000,-0.000000,,,0.000000,0.000000,4.728861,0.000000
head_on,context_bl,EESM-MPC-ECBF,96,9.600,2.200000,0.000000,0.000000,-0.000000,-0.438746,-2.800000,0.080000,-0.500000,0.000000,adult,walking,attentive,,0.000000,0.000000,5.000640,4.400640,0.000000,0.000000,0.000000,0.000000,0.000000,0.000000,0.000000,4.400640,4.400640,4.400640,4.400640,0.000000,horizon_mpc_secbf,12,4.450634,true,osqp,optimal,25,6.776523,0,4.900576,geometric,false,0.000000,0.000000,0.000000,-0.000000,,,0.000000,0.000000,4.728861,0.000000
head_on,context_bl,EESM-MPC-ECBF,97,9.700,2.200000,0.000000,0.000000,-0.000000,-0.438746,-2.850000,0.080000,-0.500000,0.000000,adult,walking,attentive,,0.000000,0.000000,5.050634,4.450634,0.000000,0.000000,0.000000,0.000000,0.000000,0.000000,0.000000,4.450634,4.450634,4.450634,4.450634,0.000000,horizon_mpc_secbf,12,4.500627,true,osqp,optimal,25,6.496700,0,4.950571,geometric,false,0.000000,0.000000,0.000000,-0.000000,,,0.000000,0.000000,4.728861,0.000000
head_on,context_bl,EESM-MPC-ECBF,98,9.800,2.200000,0.000000,0.000000,-0.000000,-0.438746,-2.900000,0.080000,-0.500000,0.000000,adult,walking,attentive,,0.000000,0.000000,5.100627,4.500627,0.000000,0.000000,0.000000,0.000000,0.000000,0.000000,0.000000,4.500627,4.500627,4.500627,4.500627,0.000000,horizon_mpc_secbf,12,4.550621,true,osqp,optimal,25,6.380463,0,5.000566,geometric,false,0.000000,0.000000,0.000000,-0.000000,,,0.000000,0.000000,4.728861,0.000000
head_on,context_bl,EESM-MPC-ECBF,99,9.900,2.200000,0.000000,0.000000,-0.000000,-0.438746,-2.950000,0.080000,-0.500000,0.000000,adult,walking,attentive,,0.000000,0.000000,5.150621,4.550621,0.000000,0.000000,0.000000,0.000000,0.000000,0.000000,0.000000,4.550621,4.550621,4.550621,4.550621,0.000000,horizon_mpc_secbf,12,4.600615,true,osqp,optimal,25,6.405323,0,5.050561,geometric,false,0.000000,0.000000,0.000000,-0.000000,,,0.000000,0.000000,4.728861,0.000000
head_on,context_bl,EESM-MPC-ECBF,100,10.000,2.200000,0.000000,0.000000,-0.000000,-0.438746,-3.000000,0.080000,-0.500000,0.000000,adult,walking,attentive,,0.000000,0.000000,5.200615,4.600615,0.000000,0.000000,0.000000,0.000000,0.000000,0.000000,0.000000,4.600615,4.600615,4.600615,4.600615,0.000000,horizon_mpc_secbf,12,4.650609,true,osqp,optimal,25,6.494548,0,5.100556,geometric,false,0.000000,0.000000,0.000000,-0.000000,,,0.000000,0.000000,4.728861,0.000000
head_on,context_bl,EESM-MPC-ECBF,101,10.100,2.200000,0.000000,0.000000,-0.000000,-0.438746,-3.050000,0.080000,-0.500000,0.000000,adult,walking,attentive,,0.000000,0.000000,5.250609,4.650609,0.000000,0.000000,0.000000,0.000000,0.000000,0.000000,0.000000,4.650609,4.650609,4.650609,4.650609,0.000000,horizon_mpc_secbf,12,4.700604,true,osqp,optimal,25,6.747249,0,5.150551,geometric,false,0.000000,0.000000,0.000000,-0.000000,,,0.000000,0.000000,4.728861,0.000000
head_on,context_bl,EESM-MPC-ECBF,102,10.200,2.200000,0.000000,0.000000,-0.000000,-0.438746,-3.100000,0.080000,-0.500000,0.000000,adult,walking,attentive,,0.000000,0.000000,5.300604,4.700604,0.000000,0.000000,0.000000,0.000000,0.000000,0.000000,0.000000,4.700604,4.700604,4.700604,4.700604,0.000000,horizon_mpc_secbf,12,4.750598,true,osqp,optimal,25,7.456423,0,5.200547,geometric,false,0.000000,0.000000,0.000000,-0.000000,,,0.000000,0.000000,4.728861,0.000000
head_on,context_bl,EESM-MPC-ECBF,103,10.300,2.200000,0.000000,0.000000,-0.000000,-0.438746,-3.150000,0.080000,-0.500000,0.000000,adult,walking,attentive,,0.000000,0.000000,5.350598,4.750598,0.000000,0.000000,0.000000,0.000000,0.000000,0.000000,0.000000,4.750598,4.750598,4.750598,4.750598,0.000000,horizon_mpc_secbf,12,4.800593,true,osqp,optimal,25,5.642779,0,5.250542,geometric,false,0.000000,0.000000,0.000000,-0.000000,,,0.000000,0.000000,4.728861,0.000000
head_on,context_bl,EESM-MPC-ECBF,104,10.400,2.200000,0.000000,0.000000,-0.000000,-0.438746,-3.200000,0.080000,-0.500000,0.000000,adult,walking,attentive,,0.000000,0.000000,5.400593,4.800593,0.000000,0.000000,0.000000,0.000000,0.000000,0.000000,0.000000,4.800593,4.800593,4.800593,4.800593,0.000000,horizon_mpc_secbf,12,4.850587,true,osqp,optimal,25,6.036360,0,5.300538,geometric,false,0.000000,0.000000,0.000000,-0.000000,,,0.000000,0.000000,4.728861,0.000000
head_on,context_bl,EESM-MPC-ECBF,105,10.500,2.200000,0.000000,0.000000,-0.000000,-0.438746,-3.250000,0.080000,-0.500000,0.000000,adult,walking,attentive,,0.000000,0.000000,5.450587,4.850587,0.000000,0.000000,0.000000,0.000000,0.000000,0.000000,0.000000,4.850587,4.850587,4.850587,4.850587,0.000000,horizon_mpc_secbf,12,4.900582,true,osqp,optimal,25,5.480438,0,5.350533,geometric,false,0.000000,0.000000,0.000000,-0.000000,,,0.000000,0.000000,4.728861,0.000000
head_on,context_bl,EESM-MPC-ECBF,106,10.600,2.200000,0.000000,0.000000,-0.000000,-0.438746,-3.300000,0.080000,-0.500000,0.000000,adult,walking,attentive,,0.000000,0.000000,5.500582,4.900582,0.000000,0.000000,0.000000,0.000000,0.000000,0.000000,0.000000,4.900582,4.900582,4.900582,4.900582,0.000000,horizon_mpc_secbf,12,4.950577,true,osqp,optimal,25,5.450744,0,5.400529,geometric,false,0.000000,0.000000,0.000000,-0.000000,,,0.000000,0.000000,4.728861,0.000000
head_on,context_bl,EESM-MPC-ECBF,107,10.700,2.200000,0.000000,0.000000,-0.000000,-0.438746,-3.350000,0.080000,-0.500000,0.000000,adult,walking,attentive,,0.000000,0.000000,5.550577,4.950577,0.000000,0.000000,0.000000,0.000000,0.000000,0.000000,0.000000,4.950577,4.950577,4.950577,4.950577,0.000000,horizon_mpc_secbf,12,5.000571,true,osqp,optimal,25,5.921811,0,5.450525,geometric,false,0.000000,0.000000,0.000000,-0.000000,,,0.000000,0.000000,4.728861,0.000000
head_on,context_bl,EESM-MPC-ECBF,108,10.800,2.200000,0.000000,0.000000,-0.000000,-0.438746,-3.400000,0.080000,-0.500000,0.000000,adult,walking,attentive,,0.000000,0.000000,5.600571,5.000571,0.000000,0.000000,0.000000,0.000000,0.000000,0.000000,0.000000,5.000571,5.000571,5.000571,5.000571,0.000000,horizon_mpc_secbf,12,5.050566,true,osqp,optimal,25,3.943699,0,5.500520,geometric,false,0.000000,0.000000,0.000000,-0.000000,,,0.000000,0.000000,4.728861,0.000000
head_on,context_bl,EESM-MPC-ECBF,109,10.900,2.200000,0.000000,0.000000,-0.000000,-0.438746,-3.450000,0.080000,-0.500000,0.000000,adult,walking,attentive,,0.000000,0.000000,5.650566,5.050566,0.000000,0.000000,0.000000,0.000000,0.000000,0.000000,0.000000,5.050566,5.050566,5.050566,5.050566,0.000000,horizon_mpc_secbf,12,5.100561,true,osqp,optimal,25,4.813525,0,5.550516,geometric,false,0.000000,0.000000,0.000000,-0.000000,,,0.000000,0.000000,4.728861,0.000000
head_on,context_bl,EESM-MPC-ECBF,110,11.000,2.200000,0.000000,0.000000,-0.000000,-0.438746,-3.500000,0.080000,-0.500000,0.000000,adult,walking,attentive,,0.000000,0.000000,5.700561,5.100561,0.000000,0.000000,0.000000,0.000000,0.000000,0.000000,0.000000,5.100561,5.100561,5.100561,5.100561,0.000000,horizon_mpc_secbf,12,5.150556,true,osqp,optimal,25,5.854368,0,5.600512,geometric,false,0.000000,0.000000,0.000000,-0.000000,,,0.000000,0.000000,4.728861,0.000000
head_on,context_bl,EESM-MPC-ECBF,111,11.100,2.200000,0.000000,0.000000,-0.000000,-0.438746,-3.550000,0.080000,-0.500000,0.000000,adult,walking,attentive,,0.000000,0.000000,5.750556,5.150556,0.000000,0.000000,0.000000,0.000000,0.000000,0.000000,0.000000,5.150556,5.150556,5.150556,5.150556,0.000000,horizon_mpc_secbf,12,5.200552,true,osqp,optimal,25,5.732103,0,5.650508,geometric,false,0.000000,0.000000,0.000000,-0.000000,,,0.000000,0.000000,4.728861,0.000000
head_on,context_bl,EESM-MPC-ECBF,112,11.200,2.200000,0.000000,0.000000,-0.000000,-0.438746,-3.600000,0.080000,-0.500000,0.000000,adult,walking,attentive,,0.000000,0.000000,5.800552,5.200552,0.000000,0.000000,0.000000,0.000000,0.000000,0.000000,0.000000,5.200552,5.200552,5.200552,5.200552,0.000000,horizon_mpc_secbf,12,5.250547,true,osqp,optimal,25,5.711149,0,5.700504,geometric,false,0.000000,0.000000,0.000000,-0.000000,,,0.000000,0.000000,4.728861,0.000000
head_on,context_bl,EESM-MPC-ECBF,113,11.300,2.200000,0.000000,0.000000,-0.000000,-0.438746,-3.650000,0.080000,-0.500000,0.000000,adult,walking,attentive,,0.000000,0.000000,5.850547,5.250547,0.000000,0.000000,0.000000,0.000000,0.000000,0.000000,0.000000,5.250547,5.250547,5.250547,5.250547,0.000000,horizon_mpc_secbf,12,5.300542,true,osqp,optimal,25,5.449473,0,5.750500,geometric,false,0.000000,0.000000,0.000000,-0.000000,,,0.000000,0.000000,4.728861,0.000000
head_on,context_bl,EESM-MPC-ECBF,114,11.400,2.200000,0.000000,0.000000,-0.000000,-0.438746,-3.700000,0.080000,-0.500000,0.000000,adult,walking,attentive,,0.000000,0.000000,5.900542,5.300542,0.000000,0.000000,0.000000,0.000000,0.000000,0.000000,0.000000,5.300542,5.300542,5.300542,5.300542,0.000000,horizon_mpc_secbf,12,5.350538,true,osqp,optimal,25,5.499338,0,5.800496,geometric,false,0.000000,0.000000,0.000000,-0.000000,,,0.000000,0.000000,4.728861,0.000000
head_on,context_bl,EESM-MPC-ECBF,115,11.500,2.200000,0.000000,0.000000,-0.000000,-0.438746,-3.750000,0.080000,-0.500000,0.000000,adult,walking,attentive,,0.000000,0.000000,5.950538,5.350538,0.000000,0.000000,0.000000,0.000000,0.000000,0.000000,0.000000,5.350538,5.350538,5.350538,5.350538,0.000000,horizon_mpc_secbf,12,5.400533,true,osqp,optimal,25,5.497053,0,5.850493,geometric,false,0.000000,0.000000,0.000000,-0.000000,,,0.000000,0.000000,4.728861,0.000000
head_on,context_bl,EESM-MPC-ECBF,116,11.600,2.200000,0.000000,0.000000,-0.000000,-0.438746,-3.800000,0.080000,-0.500000,0.000000,adult,walking,attentive,,0.000000,0.000000,6.000533,5.400533,0.000000,0.000000,0.000000,0.000000,0.000000,0.000000,0.000000,5.400533,5.400533,5.400533,5.400533,0.000000,horizon_mpc_secbf,12,5.450529,true,osqp,optimal,25,5.494118,0,5.900489,geometric,false,0.000000,0.000000,0.000000,-0.000000,,,0.000000,0.000000,4.728861,0.000000
head_on,context_bl,EESM-MPC-ECBF,117,11.700,2.200000,0.000000,0.000000,-0.000000,-0.438746,-3.850000,0.080000,-0.500000,0.000000,adult,walking,attentive,,0.000000,0.000000,6.050529,5.450529,0.000000,0.000000,0.000000,0.000000,0.000000,0.000000,0.000000,5.450529,5.450529,5.450529,5.450529,0.000000,horizon_mpc_secbf,12,5.500525,true,osqp,optimal,25,5.625699,0,5.950485,geometric,false,0.000000,0.000000,0.000000,-0.000000,,,0.000000,0.000000,4.728861,0.000000
head_on,context_bl,EESM-MPC-ECBF,118,11.800,2.200000,0.000000,0.000000,-0.000000,-0.438746,-3.900000,0.080000,-0.500000,0.000000,adult,walking,attentive,,0.000000,0.000000,6.100525,5.500525,0.000000,0.000000,0.000000,0.000000,0.000000,0.000000,0.000000,5.500525,5.500525,5.500525,5.500525,0.000000,horizon_mpc_secbf,12,5.550520,true,osqp,optimal,25,5.736953,0,6.000482,geometric,false,0.000000,0.000000,0.000000,-0.000000,,,0.000000,0.000000,4.728861,0.000000
head_on,context_bl,EESM-MPC-ECBF,119,11.900,2.200000,0.000000,0.000000,-0.000000,-0.438746,-3.950000,0.080000,-0.500000,0.000000,adult,walking,attentive,,0.000000,0.000000,6.150520,5.550520,0.000000,0.000000,0.000000,0.000000,0.000000,0.000000,0.000000,5.550520,5.550520,5.550520,5.550520,0.000000,horizon_mpc_secbf,12,5.600516,true,osqp,optimal,25,5.461750,0,6.050478,geometric,false,0.000000,0.000000,0.000000,-0.000000,,,0.000000,0.000000,4.728861,0.000000
head_on,context_bl,SEESM w/o Feasibility-Preserving Update,0,0.000,-2.200000,0.000000,0.000000,0.000000,0.000000,2.000000,0.080000,-0.500000,0.000000,unknown,walking,unknown,7.202830,1.000000,0.000000,4.200762,3.600762,0.271500,0.271500,0.271500,0.271500,0.499897,0.771397,0.271500,3.600762,3.100865,2.829365,2.829365,0.000000,horizon_mpc_secbf,12,1.359477,true,osqp,optimal,100,5.881292,0,1.708554,accept,false,0.750000,0.000000,0.621014,-0.000000,,,0.621014,0.621014,0.062101,4.400000
head_on,context_bl,SEESM w/o Feasibility-Preserving Update,1,0.100,-2.137899,-0.000000,0.621014,-0.000000,-0.000000,1.950000,0.080000,-0.500000,0.000000,unknown,walking,unknown,3.112671,1.000000,0.000000,4.088681,3.488681,0.296789,0.296789,0.296789,0.296789,1.120719,1.417508,0.025289,3.488681,2.367962,2.071174,2.071174,0.000000,horizon_mpc_secbf,12,0.589861,true,osqp,optimal,125,6.395686,0,0.845307,accept,false,0.750000,0.000000,0.726102,0.000000,,,0.726102,0.105087,0.134712,4.337899
head_on,context_bl,SEESM w/o Feasibility-Preserving Update,2,0.200,-2.065288,-0.000000,0.726102,0.000000,0.000000,1.900000,0.080000,-0.500000,0.000000,unknown,walking,unknown,2.745923,1.000000,0.000000,3.966095,3.366095,0.307241,0.307241,0.307241,0.307241,1.225741,1.532982,0.010452,3.366095,2.140355,1.833114,1.833114,0.000000,horizon_mpc_secbf,12,0.350875,true,osqp,optimal,125,6.205916,0,0.597763,accept,false,0.750000,0.000000,0.735602,0.000000,,,0.735602,0.009501,0.208272,4.265288
head_on,context_bl,SEESM w/o Feasibility-Preserving Update,3,0.300,-1.991728,-0.000000,0.735602,0.000000,0.000000,1.850000,0.080000,-0.500000,0.000000,unknown,walking,unknown,2.624845,1.000000,0.000000,3.842561,3.242561,0.310692,0.310692,0.310692,0.310692,1.235207,1.545899,0.003451,3.242561,2.007354,1.696662,1.696662,0.000000,horizon_mpc_secbf,12,0.214464,true,osqp,optimal,125,6.253691,0,0.461327,accept,false,0.750000,0.000000,0.735603,0.000000,,,0.735603,0.000001,0.281832,4.191728
head_on,context_bl,SEESM w/o Feasibility-Preserving Update,4,0.400,-1.918168,0.000000,0.735603,0.000000,0.000000,1.800000,0.080000,-0.500000,0.000000,unknown,walking,unknown,2.524881,1.000000,0.000000,3.719028,3.119028,0.313541,0.313541,0.313541,0.313541,1.235175,1.548716,0.002849,3.119028,1.883854,1.570313,1.570313,0.000000,horizon_mpc_secbf,12,0.088163,true,osqp,optimal,125,6.241115,0,0.334996,accept,false,0.750000,-0.000000,0.735603,0.000000,,,0.735603,0.000000,0.355392,4.118168
head_on,context_bl,SEESM w/o Feasibility-Preserving Update,5,0.500,-1.844608,0.000000,0.735603,0.000000,0.000000,1.750000,0.080000,-0.500000,0.000000,unknown,walking,unknown,2.424921,1.000000,0.000000,3.595498,2.995498,0.316390,0.316390,0.316390,0.316390,1.235137,1.551527,0.002849,2.995498,1.760361,1.443971,1.443971,0.000047,horizon_mpc_secbf,12,-0.000047,true,osqp,optimal,50,5.258621,0,0.235461,accept,false,0.750000,-0.000000,0.708889,-0.001476,,,0.708891,0.026754,0.426281,4.044608
head_on,context_bl,SEESM w/o Feasibility-Preserving Update,6,0.600,-1.773719,-0.000148,0.708889,-0.001476,-0.002082,1.700000,0.080000,-0.500000,0.000000,unknown,walking,unknown,2.378621,1.000000,0.000000,3.474643,2.874643,0.317709,0.317709,0.317709,0.317709,1.208343,1.526053,0.001320,2.874643,1.666300,1.348590,1.348590,0.000127,horizon_mpc_secbf,12,-0.000128,true,osqp,optimal,50,5.052532,0,0.211273,accept,false,0.750000,0.000028,0.637851,-0.004496,,,0.637867,0.071102,0.490068,3.973719
head_on,context_bl,SEESM w/o Feasibility-Preserving Update,7,0.700,-1.709934,-0.000597,0.637851,-0.004496,-0.007049,1.650000,0.080000,-0.500000,0.000000,unknown,walking,unknown,2.427344,1.000000,0.000000,3.360900,2.760900,0.316321,0.316321,0.316321,0.316321,1.137189,1.453510,0.000000,2.760900,1.623711,1.307390,1.307390,0.000161,horizon_mpc_secbf,12,-0.000161,true,osqp,optimal,50,4.413747,0,0.210153,accept,false,0.750000,0.000115,0.597867,-0.006425,,,0.597902,0.040030,0.549858,3.909934
head_on,context_bl,SEESM w/o Feasibility-Preserving Update,8,0.800,-1.650147,-0.001240,0.597867,-0.006425,-0.010747,1.600000,0.080000,-0.500000,0.000000,unknown,walking,unknown,2.415937,1.000000,0.000000,3.251162,2.651162,0.316646,0.316646,0.316646,0.316646,1.097098,1.413744,0.000325,2.651162,1.554064,1.237418,1.237418,0.000219,horizon_mpc_secbf,12,-0.000218,true,osqp,optimal,50,3.915826,0,0.195536,accept,false,0.750000,0.000241,0.542662,-0.009423,,,0.542744,0.055287,0.604133,3.850147
head_on,context_bl,SEESM w/o Feasibility-Preserving Update,9,0.900,-1.595881,-0.002182,0.542662,-0.009423,-0.017363,1.550000,0.080000,-0.500000,0.000000,unknown,walking,unknown,2.444152,1.000000,0.000000,3.146954,2.546954,0.315842,0.315842,0.315842,0.315842,1.041741,1.357583,0.000000,2.546954,1.505212,1.189371,1.189371,0.000258,horizon_mpc_secbf,12,-0.000258,true,osqp,optimal,50,3.893619,0,0.189654,accept,false,0.750000,0.000431,0.500644,-0.012512,,,0.500800,0.042132,0.654213,3.795881
head_on,context_bl,SEESM w/o Feasibility-Preserving Update,10,1.000,-1.545816,-0.003433,0.500644,-0.012512,-0.024987,1.500000,0.080000,-0.500000,0.000000,unknown,walking,unknown,2.447140,1.000000,0.000000,3.046959,2.446959,0.315756,0.315756,0.315756,0.315756,0.999537,1.315293,0.000000,2.446959,1.447422,1.131665,1.131665,0.000306,horizon_mpc_secbf,12,-0.000305,true,osqp,optimal,50,3.696399,0,0.178567,accept,false,0.750000,0.000687,0.454223,-0.016822,,,0.454534,0.046620,0.699666,3.745818
head_on,context_bl,SEESM w/o Feasibility-Preserving Update,11,1.100,-1.500394,-0.005115,0.454223,-0.016822,-0.037017,1.450000,0.080000,-0.500000,0.000000,adult,walking,attentive,2.466716,1.000000,0.000000,2.951621,2.351621,0.161299,0.161299,0.161299,0.161299,0.952849,1.114148,0.000000,2.351621,1.398772,1.237473,1.237473,0.000214,horizon_mpc_secbf,12,-0.000214,true,osqp,optimal,50,4.776992,0,0.216505,accept,false,0.749999,0.001037,0.522026,-0.014520,,,0.522228,0.067842,0.751889,3.700398
head_on,context_bl,SEESM w/o Feasibility-Preserving Update,12,1.200,-1.448191,-0.006567,0.522026,-0.014520,-0.027808,1.400000,0.080000,-0.500000,0.000000,adult,walking,attentive,2.202995,1.000000,0.000000,2.849507,2.249507,0.165651,0.165651,0.165651,0.165651,1.020545,1.186196,0.004351,2.249507,1.228961,1.063311,1.063311,0.000362,horizon_mpc_secbf,12,-0.000362,true,osqp,optimal,50,3.843917,0,0.152485,accept,false,0.749999,0.001350,0.412414,-0.026535,,,0.413267,0.110268,0.793216,3.648197
head_on,context_bl,SEESM w/o Feasibility-Preserving Update,13,1.300,-1.406950,-0.009221,0.412414,-0.026535,-0.064252,1.350000,0.080000,-0.500000,0.000000,adult,walking,attentive,2.369052,1.000000,0.000000,2.758393,2.158393,0.162911,0.162911,0.162911,0.162911,0.910229,1.073140,0.000000,2.158393,1.248164,1.085253,1.085253,0.000339,horizon_mpc_secbf,12,-0.000339,true,osqp,optimal,50,4.033233,0,0.174341,accept,false,0.749998,0.001917,0.412734,-0.031080,,,0.413903,0.004556,0.834606,3.606962
head_on,context_bl,SEESM w/o Feasibility-Preserving Update,14,1.400,-1.365676,-0.012329,0.412734,-0.031080,-0.075160,1.300000,0.080000,-0.500000,0.000000,adult,walking,attentive,2.268959,1.000000,0.000000,2.667275,2.067275,0.164562,0.164562,0.164562,0.164562,0.909994,1.074556,0.001652,2.067275,1.157281,0.992719,0.992719,0.000414,horizon_mpc_secbf,12,-0.000415,true,osqp,optimal,50,3.937203,0,0.143848,accept,false,0.749996,0.002593,0.351333,-0.044422,,,0.354130,0.062834,0.870019,3.565698
head_on,context_bl,SEESM w/o Feasibility-Preserving Update,15,1.500,-1.330543,-0.016771,0.351333,-0.044422,-0.125771,1.250000,0.080000,-0.500000,0.000000,adult,walking,attentive,2.334738,1.000000,0.000000,2.582357,1.982357,0.163477,0.163477,0.163477,0.163477,0.847392,1.010869,0.000000,1.982357,1.134965,0.971488,0.971488,0.000428,horizon_mpc_secbf,12,-0.000428,true,osqp,optimal,50,4.599425,0,0.143466,accept,false,0.749992,0.003563,0.331124,-0.055797,,,0.335792,0.023190,0.903598,3.530583
head_on,context_bl,SEESM w/o Feasibility-Preserving Update,16,1.600,-1.297431,-0.022351,0.331124,-0.055797,-0.166939,1.200000,0.080000,-0.500000,0.000000,adult,walking,attentive,2.293722,1.000000,0.000000,2.499527,1.899527,0.164154,0.164154,0.164154,0.164154,0.825732,0.989886,0.000677,1.899527,1.073795,0.909641,0.909641,0.000475,horizon_mpc_secbf,12,-0.000475,true,osqp,optimal,50,3.664162,0,0.123031,accept,false,0.749985,0.004793,0.290772,-0.073849,,,0.300004,0.044206,0.933599,3.497502
head_on,context_bl,SEESM w/o Feasibility-Preserving Update,17,1.700,-1.268354,-0.029736,0.290772,-0.073849,-0.248717,1.150000,0.080000,-0.500000,0.000000,adult,walking,attentive,2.314791,1.000000,0.000000,2.420842,1.820842,0.163806,0.163806,0.163806,0.163806,0.782940,0.946745,0.000000,1.820842,1.037902,0.874097,0.874097,0.000498,horizon_mpc_secbf,12,-0.000498,true,osqp,optimal,50,3.466279,0,0.112180,accept,false,0.749972,0.006430,0.267423,-0.093076,,,0.283157,0.030247,0.961914,3.468481
head_on,context_bl,SEESM w/o Feasibility-Preserving Update,18,1.800,-1.241611,-0.039043,0.267423,-0.093076,-0.334935,1.100000,0.080000,-0.500000,0.000000,adult,walking,attentive,2.290427,1.000000,0.000000,2.344635,1.744635,0.164208,0.164208,0.164208,0.164208,0.756220,0.920428,0.000402,1.744635,0.988416,0.824208,0.824208,0.000532,horizon_mpc_secbf,12,-0.000532,true,osqp,optimal,50,4.070086,0,0.091775,accept,false,0.749952,0.008508,0.239957,-0.118929,,,0.267813,0.037719,0.988696,3.441833
head_on,context_bl,SEESM w/o Feasibility-Preserving Update,19,1.900,-1.217616,-0.050936,0.239957,-0.118929,-0.460141,1.050000,0.080000,-0.500000,0.000000,adult,walking,attentive,2.283725,1.000000,0.000000,2.271393,1.671393,0.164319,0.164319,0.164319,0.164319,0.723435,0.887754,0.000111,1.671393,0.947957,0.783639,0.783639,0.000557,horizon_mpc_secbf,12,-0.000557,true,osqp,optimal,50,8.504550,0,0.071930,accept,false,0.749917,0.011177,0.222043,-0.148782,,,0.267281,0.034816,1.015424,3.417995
head_on,context_bl,SEESM w/o Feasibility-Preserving Update,20,2.000,-1.195411,-0.065814,0.222043,-0.148782,-0.590348,1.000000,0.080000,-0.500000,0.000000,adult,walking,attentive,2.251982,1.000000,0.000000,2.200248,1.600248,0.164842,0.164842,0.164842,0.164842,0.697717,0.862559,0.000524,1.600248,0.902532,0.737689,0.737689,0.000583,horizon_mpc_secbf,12,-0.000583,true,osqp,optimal,50,3.644595,0,0.044493,accept,false,0.749859,0.014535,0.207649,-0.185805,,,0.278642,0.039722,1.043288,3.396049
head_on,context_bl,SEESM w/o Feasibility-Preserving Update,21,2.100,-1.174646,-0.084395,0.207649,-0.185805,-0.729936,0.950000,0.080000,-0.500000,0.000000,adult,walking,attentive,2.214964,1.000000,0.000000,2.130997,1.530997,0.165453,0.165453,0.165453,0.165453,0.671366,0.836819,0.000611,1.530997,0.859631,0.694177,0.694177,0.000605,horizon_mpc_secbf,12,-0.000604,true,osqp,optimal,50,3.921214,0,0.011251,accept,false,0.749766,0.018751,0.203326,-0.229419,,,0.306553,0.043828,1.073943,3.375702
head_on,context_bl,SEESM w/o Feasibility-Preserving Update,22,2.200,-1.154314,-0.107337,0.203326,-0.229419,-0.845623,0.900000,0.080000,-0.500000,0.000000,adult,walking,attentive,2.152547,1.000000,0.000000,2.062838,1.462838,0.166483,0.166483,0.166483,0.166483,0.649029,0.815512,0.001030,1.462838,0.813809,0.647326,0.647326,0.000624,horizon_mpc_secbf,12,-0.000623,true,osqp,optimal,50,4.897263,0,-0.032913,accept,false,0.749616,0.023987,0.209283,-0.280678,,,0.350114,0.051604,1.108955,3.356031
head_on,context_bl,SEESM w/o Feasibility-Preserving Update,23,2.300,-1.133385,-0.135405,0.209283,-0.280678,-0.930094,0.850000,0.080000,-0.500000,0.000000,adult,walking,attentive,2.067251,1.000000,0.000000,1.995048,1.395048,0.167890,0.167890,0.167890,0.167890,0.627776,0.795666,0.001407,1.395048,0.767272,0.599382,0.599382,0.000638,horizon_mpc_secbf,12,-0.000637,true,osqp,optimal,50,3.509930,0,-0.090569,accept,false,0.749382,0.030440,0.231546,-0.339727,,,0.411130,0.063106,1.150067,3.336134
head_on,context_bl,SEESM w/o Feasibility-Preserving Update,24,2.400,-1.110231,-0.169377,0.231546,-0.339727,-0.972550,0.800000,0.080000,-0.500000,0.000000,adult,walking,attentive,1.946602,1.000000,0.000000,1.926440,1.326440,0.169881,0.169881,0.169881,0.169881,0.608737,0.778618,0.001991,1.326440,0.717703,0.547822,0.547822,0.000648,horizon_mpc_secbf,12,-0.000629,true,osqp,optimal,50,3.915660,0,-0.165215,accept,false,0.749020,0.038326,0.272404,-0.403397,,,0.486758,0.075653,1.198743,3.314561
head_on,context_bl,SEESM w/o Feasibility-Preserving Update,25,2.500,-1.082990,-0.209717,0.272404,-0.403397,-0.976858,0.750000,0.080000,-0.500000,0.000000,adult,walking,attentive,1.794036,1.000000,0.000000,1.855745,1.255745,0.172398,0.172398,0.172398,0.172398,0.588760,0.761159,0.002517,1.255745,0.666985,0.494586,0.494586,0.000600,horizon_mpc_secbf,12,0.000529,true,osqp,optimal,125,4.733428,0,-0.236968,accept,false,0.748474,0.047812,0.317385,-0.481738,,,0.576892,0.090335,1.256433,3.289682
head_on,context_bl,SEESM w/o Feasibility-Preserving Update,26,2.600,-1.051252,-0.257891,0.317385,-0.481738,-0.988236,0.700000,0.080000,-0.500000,0.000000,adult,walking,attentive,1.663883,1.000000,0.000000,1.783551,1.183551,0.174546,0.174546,0.174546,0.174546,0.541014,0.715560,0.002148,1.183551,0.642537,0.467991,0.467991,0.000582,horizon_mpc_secbf,12,0.001049,true,osqp,optimal,125,5.399602,0,-0.296488,accept,false,0.747652,0.059304,0.385597,-0.551593,,,0.673008,0.097635,1.323733,3.261464
head_on,context_bl,SEESM w/o Feasibility-Preserving Update,27,2.700,-1.012692,-0.313050,0.385597,-0.551593,-0.960702,0.650000,0.080000,-0.500000,0.000000,adult,walking,attentive,1.508296,1.000000,0.000000,1.708518,1.108518,0.177113,0.177113,0.177113,0.177113,0.485314,0.662427,0.002567,1.108518,0.623204,0.446091,0.446091,0.000598,horizon_mpc_secbf,12,0.001620,true,osqp,optimal,850,8.689605,0,-0.341554,accept,false,0.746465,0.072737,0.449601,-0.590680,,,0.742323,0.074995,1.397966,3.227908
head_on,context_bl,SEESM w/o Feasibility-Preserving Update,28,2.800,-0.967732,-0.372118,0.449601,-0.590680,-0.920192,0.600000,0.080000,-0.500000,0.000000,adult,walking,attentive,1.377811,1.000000,0.000000,1.631623,1.031623,0.179266,0.179266,0.179266,0.179266,0.419389,0.598655,0.002153,1.031623,0.612235,0.432969,0.432969,0.000489,horizon_mpc_secbf,12,0.000039,true,osqp,optimal,350,9.480514,0,-0.391596,accept,false,0.744878,0.087502,0.511246,-0.529034,,,0.735696,0.087180,1.471535,3.189514
head_on,context_bl,SEESM w/o Feasibility-Preserving Update,29,2.900,-0.916608,-0.425021,0.511246,-0.529034,-0.802496,0.550000,0.080000,-0.500000,0.000000,adult,walking,attentive,1.213321,1.000000,0.000000,1.551124,0.951124,0.181980,0.181980,0.181980,0.181980,0.421245,0.603225,0.002714,0.951124,0.529878,0.347898,0.347898,0.000558,horizon_mpc_secbf,12,-0.000017,true,osqp,optimal,400,10.405566,0,-0.424401,accept,false,0.743122,0.101342,0.502558,-0.537722,,,0.736009,0.012287,1.545136,3.145455
head_on,context_bl,SEESM w/o Feasibility-Preserving Update,30,3.000,-0.866352,-0.478794,0.502558,-0.537722,-0.819189,0.500000,0.080000,-0.500000,0.000000,adult,walking,attentive,1.209541,1.000000,0.000000,1.476200,0.876200,0.182043,0.182043,0.182043,0.182043,0.320911,0.502954,0.000062,0.876200,0.555289,0.373247,0.373247,0.000144,horizon_mpc_secbf,12,0.000091,true,osqp,optimal,125,7.447402,0,-0.444183,accept,false,0.741021,0.115706,0.573997,-0.466282,,,0.739521,0.101032,1.619088,3.103507
head_on,context_bl,SEESM w/o Feasibility-Preserving Update,31,3.100,-0.808952,-0.525422,0.573997,-0.466282,-0.682221,0.450000,0.080000,-0.500000,0.000000,adult,walking,attentive,1.040667,1.000000,0.000000,1.396960,0.796960,0.184829,0.184829,0.184829,0.184829,0.309413,0.494242,0.002786,0.796960,0.487546,0.302717,0.302717,0.000146,horizon_mpc_secbf,12,0.000108,true,osqp,optimal,75,3.679373,0,-0.470409,accept,false,0.738821,0.129013,0.579584,-0.460694,,,0.740376,0.007901,1.693126,3.054482
head_on,context_bl,SEESM w/o Feasibility-Preserving Update,32,3.200,-0.750994,-0.571491,0.579584,-0.460694,-0.671605,0.400000,0.080000,-0.500000,0.000000,adult,walking,attentive,1.014028,1.000000,0.000000,1.322584,0.722584,0.185269,0.185269,0.185269,0.185269,0.208108,0.393376,0.000440,0.722584,0.514476,0.329207,0.329207,0.000176,horizon_mpc_secbf,12,-0.000082,true,osqp,optimal,325,5.105100,0,-0.494454,accept,false,0.736319,0.142596,0.648492,-0.356588,,,0.740066,0.124846,1.767133,3.005822
head_on,context_bl,SEESM w/o Feasibility-Preserving Update,33,3.300,-0.686144,-0.607150,0.648492,-0.356588,-0.502745,0.350000,0.080000,-0.500000,0.000000,adult,walking,attentive,0.846369,1.000000,0.000000,1.243290,0.643290,0.188035,0.188035,0.188035,0.188035,0.193523,0.381558,0.002766,0.643290,0.449767,0.261732,0.261732,0.000184,horizon_mpc_secbf,12,-0.000051,true,osqp,optimal,325,4.697803,0,-0.516265,accept,false,0.733936,0.154396,0.656852,-0.336405,,,0.737986,0.021846,1.840931,2.949315
head_on,context_bl,SEESM w/o Feasibility-Preserving Update,34,3.400,-0.620459,-0.640791,0.656852,-0.336405,-0.473318,0.300000,0.080000,-0.500000,0.000000,adult,walking,attentive,0.809048,1.000000,0.000000,1.169095,0.569095,0.188651,0.188651,0.188651,0.188651,0.085793,0.274444,0.000616,0.569095,0.483302,0.294651,0.294651,0.000080,horizon_mpc_secbf,12,-0.000067,true,osqp,optimal,75,3.765679,0,-0.538923,accept,false,0.731362,0.166161,0.714077,-0.198236,,,0.741082,0.149550,1.915039,2.892335
head_on,context_bl,SEESM w/o Feasibility-Preserving Update,35,3.500,-0.549052,-0.660614,0.714077,-0.198236,-0.270793,0.250000,0.080000,-0.500000,0.000000,adult,walking,attentive,0.647761,1.000000,0.000000,1.089492,0.489492,0.191312,0.191312,0.191312,0.191312,0.063000,0.254312,0.002661,0.489492,0.426492,0.235180,0.235180,0.000072,horizon_mpc_secbf,12,-0.000036,true,osqp,optimal,75,3.691012,0,-0.558419,accept,false,0.729240,0.175241,0.730084,-0.159600,,,0.747325,0.041820,1.989772,2.827312
head_on,context_bl,SEESM w/o Feasibility-Preserving Update,36,3.600,-0.476043,-0.676574,0.730084,-0.159600,-0.215220,0.200000,0.080000,-0.500000,0.000000,adult,walking,attentive,0.591794,1.000000,0.000000,1.014613,0.414613,0.192235,0.192235,0.192235,0.192235,0.000000,0.192235,0.000923,0.414613,0.470672,0.278436,0.222377,0.000000,horizon_mpc_secbf,12,0.011036,true,osqp,optimal,75,3.869014,0,-0.547089,accept,false,0.727121,0.183835,0.735589,-0.072169,,,0.739121,0.087604,2.063684,2.760246
head_on,context_bl,SEESM w/o Feasibility-Preserving Update,37,3.700,-0.402484,-0.683791,0.735589,-0.072169,-0.097798,0.150000,0.080000,-0.500000,0.000000,adult,walking,attentive,0.514751,1.000000,0.000000,0.942664,0.342664,0.193507,0.193507,0.193507,0.193507,0.000000,0.193507,0.001271,0.342664,0.479566,0.286059,0.149158,0.000000,horizon_mpc_secbf,12,0.005136,true,osqp,optimal,75,3.480172,0,-0.523359,accept,false,0.725379,0.190590,0.735589,-0.063742,,,0.738345,0.008427,2.137519,2.690817
head_on,context_bl,SEESM w/o Feasibility-Preserving Update,38,3.800,-0.328925,-0.690165,0.735589,-0.063742,-0.086439,0.100000,0.080000,-0.500000,0.000000,adult,walking,attentive,0.516136,1.000000,0.000000,0.881551,0.281551,0.193484,0.193484,0.193484,0.193484,0.000000,0.193484,0.000000,0.281551,0.560219,0.366735,0.088067,0.000000,horizon_mpc_secbf,12,0.001660,true,osqp,optimal,150,5.325428,0,-0.455640,accept,false,0.723540,0.197460,0.735584,-0.065789,,,0.738520,0.002047,2.211371,2.621410
head_on,context_bl,SEESM w/o Feasibility-Preserving Update,39,3.900,-0.255367,-0.696744,0.735584,-0.065789,-0.089200,0.050000,0.080000,-0.500000,0.000000,adult,walking,attentive,0.600272,1.000000,0.000000,0.834614,0.234614,0.192096,0.192096,0.192096,0.192096,0.000000,0.192096,0.000000,0.234614,0.655056,0.462960,0.042519,0.000000,horizon_mpc_secbf,12,0.000643,true,osqp,optimal,100,5.341936,0,-0.348409,accept,false,0.721514,0.204739,0.735590,-0.065704,,,0.738518,0.000085,2.285222,2.552309
head_on,context_bl,SEESM w/o Feasibility-Preserving Update,40,4.000,-0.181808,-0.703315,0.735590,-0.065704,-0.089085,0.000000,0.080000,-0.500000,0.000000,adult,walking,attentive,0.947916,1.000000,0.000000,0.804137,0.204137,0.186359,0.186359,0.186359,0.186359,0.000000,0.186359,0.000000,0.204137,0.753251,0.566892,0.017777,0.000000,horizon_mpc_secbf,12,0.005209,true,osqp,optimal,100,3.806358,0,-0.202087,accept,false,0.719296,0.212398,0.735592,-0.061073,,,0.738123,0.004630,2.359035,2.483478
head_on,context_bl,SEESM w/o Feasibility-Preserving Update,41,4.100,-0.108249,-0.709422,0.735592,-0.061073,-0.082836,-0.050000,0.080000,-0.500000,0.000000,adult,walking,attentive,6.382363,1.000000,0.000000,0.791568,0.191568,0.136000,0.136000,0.136000,0.136000,0.000000,0.136000,0.000000,0.191568,0.852405,0.716405,0.055568,0.000000,horizon_mpc_secbf,12,0.061255,true,osqp,optimal,100,4.651151,0,0.016042,accept,false,0.716905,0.220335,0.735597,-0.051537,,,0.737400,0.009537,2.432775,2.414807
head_on,context_bl,SEESM w/o Feasibility-Preserving Update,42,4.200,-0.034689,-0.714576,0.735597,-0.051537,-0.069947,-0.100000,0.080000,-0.500000,0.000000,adult,walking,attentive,,0.000000,0.000000,0.797255,0.197255,0.070000,0.070000,0.070000,0.070000,0.000000,0.070000,0.000000,0.197255,0.197255,0.127255,0.127255,0.000000,horizon_mpc_secbf,12,0.150345,true,osqp,optimal,125,5.979345,0,0.265668,accept,false,0.714367,0.228430,0.735589,-0.037319,,,0.736535,0.014218,2.506428,2.346157
head_on,context_bl,SEESM w/o Feasibility-Preserving Update,43,4.300,0.038870,-0.718307,0.735589,-0.037319,-0.050690,-0.150000,0.080000,-0.500000,0.000000,adult,walking,attentive,,0.000000,0.000000,0.820345,0.220345,0.070000,0.070000,0.070000,0.070000,0.000000,0.070000,0.000000,0.220345,0.220345,0.150345,0.150345,0.000000,horizon_mpc_secbf,12,0.189031,true,osqp,optimal,125,4.953686,0,0.453253,accept,false,0.711717,0.236557,0.735583,-0.018946,,,0.735827,0.018373,2.580011,2.277378
head_on,context_bl,SEESM w/o Feasibility-Preserving Update,44,4.400,0.112428,-0.720202,0.735583,-0.018946,-0.025751,-0.200000,0.080000,-0.500000,0.000000,adult,walking,attentive,,0.000000,0.000000,0.859031,0.259031,0.070000,0.070000,0.070000,0.070000,0.000000,0.070000,0.000000,0.259031,0.259031,0.189031,0.189031,0.000000,horizon_mpc_secbf,12,0.241009,true,osqp,optimal,125,5.650419,0,0.635672,accept,false,0.708993,0.244599,0.735583,0.002940,,,0.735589,0.021886,2.653570,2.208313
head_on,context_bl,SEESM w/o Feasibility-Preserving Update,45,4.500,0.185986,-0.719908,0.735583,0.002940,0.003996,-0.250000,0.080000,-0.500000,0.000000,adult,walking,attentive,,0.000000,0.000000,0.911009,0.311009,0.070000,0.070000,0.070000,0.070000,0.000000,0.070000,0.000000,0.311009,0.311009,0.241009,0.241009,0.000000,horizon_mpc_secbf,12,0.303923,true,osqp,optimal,100,6.079412,0,0.808043,accept,false,0.706238,0.252444,0.735589,0.027661,,,0.736109,0.024722,2.727181,2.138812
head_on,context_bl,SEESM w/o Feasibility-Preserving Update,46,4.600,0.259545,-0.717142,0.735589,0.027661,0.037587,-0.300000,0.080000,-0.500000,0.000000,adult,walking,attentive,,0.000000,0.000000,0.973923,0.373923,0.070000,0.070000,0.070000,0.070000,0.000000,0.070000,0.000000,0.373923,0.373923,0.303923,0.303923,0.000000,horizon_mpc_secbf,12,0.375653,true,osqp,optimal,100,4.691020,0,0.969108,accept,false,0.703494,0.259993,0.735588,0.054605,,,0.737612,0.026944,2.800942,2.068733
head_on,context_bl,SEESM w/o Feasibility-Preserving Update,47,4.700,0.333104,-0.711681,0.735588,0.054605,0.074098,-0.350000,0.080000,-0.500000,0.000000,adult,walking,attentive,,0.000000,0.000000,1.045653,0.445653,0.070000,0.070000,0.070000,0.070000,0.000000,0.070000,0.000000,0.445653,0.445653,0.375653,0.375653,0.000000,horizon_mpc_secbf,12,0.454438,true,osqp,optimal,100,5.435244,0,1.119845,accept,false,0.700805,0.267155,0.735589,0.083203,,,0.740280,0.028598,2.874970,1.997947
head_on,context_bl,SEESM w/o Feasibility-Preserving Update,48,4.800,0.406663,-0.703361,0.735589,0.083203,0.112632,-0.400000,0.080000,-0.500000,0.000000,adult,walking,attentive,,0.000000,0.000000,1.124438,0.524438,0.070000,0.070000,0.070000,0.070000,0.000000,0.070000,0.000000,0.524438,0.524438,0.454438,0.454438,0.000000,horizon_mpc_secbf,12,0.538883,true,osqp,optimal,100,6.249845,0,1.262150,accept,false,0.698218,0.273847,0.735588,0.112950,,,0.744210,0.029747,2.949391,1.926337
head_on,context_bl,SEESM w/o Feasibility-Preserving Update,49,4.900,0.480222,-0.692066,0.735588,0.112950,0.152361,-0.450000,0.080000,-0.500000,0.000000,adult,walking,attentive,,0.000000,0.000000,1.208883,0.608883,0.070000,0.070000,0.070000,0.070000,0.000000,0.070000,0.000000,0.608883,0.608883,0.538883,0.538883,0.000000,horizon_mpc_secbf,12,0.627833,true,osqp,optimal,150,6.589614,0,1.397236,accept,false,0.695776,0.279992,0.734381,0.143252,,,0.748222,0.030326,3.024213,1.853805
head_on,context_bl,SEESM w/o Feasibility-Preserving Update,50,5.000,0.553660,-0.677741,0.734381,0.143252,0.192646,-0.500000,0.080000,-0.500000,0.000000,adult,walking,attentive,,0.000000,0.000000,1.297833,0.697833,0.070000,0.070000,0.070000,0.070000,0.000000,0.070000,0.000000,0.697833,0.697833,0.627833,0.627833,0.000000,horizon_mpc_secbf,12,0.719822,true,osqp,optimal,100,5.507616,0,1.521390,accept,false,0.693533,0.285503,0.724721,0.172554,,,0.744980,0.030854,3.098711,1.780384
head_on,context_bl,SEESM w/o Feasibility-Preserving Update,51,5.100,0.626132,-0.660486,0.724721,0.172554,0.233745,-0.550000,0.080000,-0.500000,0.000000,adult,walking,attentive,,0.000000,0.000000,1.389822,0.789822,0.070000,0.070000,0.070000,0.070000,0.000000,0.070000,0.000000,0.789822,0.789822,0.719822,0.719822,0.000000,horizon_mpc_secbf,12,0.813964,true,osqp,optimal,100,5.455627,0,1.638753,accept,false,0.691571,0.290223,0.712740,0.201479,,,0.740670,0.031308,3.172778,1.706840
head_on,context_bl,SEESM w/o Feasibility-Preserving Update,52,5.200,0.697406,-0.640338,0.712740,0.201479,0.275494,-0.600000,0.080000,-0.500000,0.000000,adult,walking,attentive,,0.000000,0.000000,1.483964,0.883964,0.070000,0.070000,0.070000,0.070000,0.000000,0.070000,0.000000,0.883964,0.883964,0.813964,0.813964,0.000000,horizon_mpc_secbf,12,0.909722,true,osqp,optimal,100,5.543958,0,1.752071,accept,false,0.689961,0.294030,0.700829,0.230234,,,0.737678,0.031124,3.246546,1.633346
head_on,context_bl,SEESM w/o Feasibility-Preserving Update,53,5.300,0.767489,-0.617314,0.700829,0.230234,0.317410,-0.650000,0.080000,-0.500000,0.000000,adult,walking,attentive,,0.000000,0.000000,1.579722,0.979722,0.070000,0.070000,0.070000,0.070000,0.000000,0.070000,0.000000,0.979722,0.979722,0.909722,0.909722,0.000000,horizon_mpc_secbf,12,1.006753,true,osqp,optimal,100,3.758115,0,1.862953,accept,false,0.688769,0.296812,0.689292,0.258088,,,0.736025,0.030149,3.320148,1.559860
head_on,context_bl,SEESM w/o Feasibility-Preserving Update,54,5.400,0.836418,-0.591505,0.689292,0.258088,0.358267,-0.700000,0.080000,-0.500000,0.000000,adult,walking,attentive,,0.000000,0.000000,1.676753,1.076753,0.070000,0.070000,0.070000,0.070000,0.000000,0.070000,0.000000,1.076753,1.076753,1.006753,1.006753,0.000000,horizon_mpc_secbf,12,1.104984,true,osqp,optimal,100,4.329179,0,1.973993,accept,false,0.688053,0.298469,0.679120,0.282646,,,0.735590,0.026581,3.393707,1.486349
head_on,context_bl,SEESM w/o Feasibility-Preserving Update,55,5.500,0.904330,-0.563241,0.679120,0.282646,0.394389,-0.750000,0.080000,-0.500000,0.000000,adult,walking,attentive,,0.000000,0.000000,1.774984,1.174984,0.070000,0.070000,0.070000,0.070000,0.000000,0.070000,0.000000,1.174984,1.174984,1.104984,1.104984,0.000000,horizon_mpc_secbf,12,1.205261,true,osqp,optimal,100,4.009314,0,2.094775,accept,false,0.687821,0.299003,0.675385,0.291665,,,0.735672,0.009762,3.467275,1.412799
head_on,context_bl,SEESM w/o Feasibility-Preserving Update,56,5.600,0.971869,-0.534074,0.675385,0.291665,0.407659,-0.800000,0.080000,-0.500000,0.000000,adult,walking,attentive,,0.000000,0.000000,1.875261,1.275261,0.070000,0.070000,0.070000,0.070000,0.000000,0.070000,0.000000,1.275261,1.275261,1.205261,1.205261,0.000000,horizon_mpc_secbf,12,1.307759,true,osqp,optimal,100,3.656324,0,2.219166,accept,false,0.687781,0.299094,0.674712,0.293288,,,0.735700,0.001757,3.540845,1.339232
head_on,context_bl,SEESM w/o Feasibility-Preserving Update,57,5.700,1.039340,-0.504745,0.674712,0.293288,0.410047,-0.850000,0.080000,-0.500000,0.000000,adult,walking,attentive,,0.000000,0.000000,1.977759,1.377759,0.070000,0.070000,0.070000,0.070000,0.000000,0.070000,0.000000,1.377759,1.377759,1.307759,1.307759,0.000000,horizon_mpc_secbf,12,1.412234,true,osqp,optimal,100,4.492620,0,2.343044,accept,false,0.687779,0.299100,0.674595,0.293572,,,0.735706,0.000307,3.614415,1.265662
head_on,context_bl,SEESM w/o Feasibility-Preserving Update,58,5.800,1.106799,-0.475388,0.674595,0.293572,0.410464,-0.900000,0.080000,-0.500000,0.000000,adult,walking,attentive,,0.000000,0.000000,2.082234,1.482234,0.070000,0.070000,0.070000,0.070000,0.000000,0.070000,0.000000,1.482234,1.482234,1.412234,1.412234,0.000000,horizon_mpc_secbf,12,1.518418,true,osqp,optimal,100,5.807960,0,2.465947,accept,false,0.687783,0.299089,0.674579,0.293612,,,0.735707,0.000043,3.687986,1.192091
head_on,context_bl,SEESM w/o Feasibility-Preserving Update,59,5.900,1.174257,-0.446027,0.674579,0.293612,0.410522,-0.950000,0.080000,-0.500000,0.000000,adult,walking,attentive,,0.000000,0.000000,2.188418,1.588418,0.070000,0.070000,0.070000,0.070000,0.000000,0.070000,0.000000,1.588418,1.588418,1.518418,1.518418,0.000000,horizon_mpc_secbf,12,1.626076,true,osqp,optimal,100,3.913600,0,2.587989,accept,false,0.687790,0.299074,0.674582,0.293607,,,0.735707,0.000006,3.761557,1.118521
head_on,context_bl,SEESM w/o Feasibility-Preserving Update,60,6.000,1.241715,-0.416666,0.674582,0.293607,0.410514,-1.000000,0.080000,-0.500000,0.000000,adult,walking,attentive,,0.000000,0.000000,2.296076,1.696076,0.070000,0.070000,0.070000,0.070000,0.000000,0.070000,0.000000,1.696076,1.696076,1.626076,1.626076,0.000000,horizon_mpc_secbf,12,1.735011,true,osqp,optimal,100,3.770216,0,2.709348,accept,false,0.687797,0.299057,0.674588,0.293592,,,0.735707,0.000016,3.835127,1.044950
head_on,context_bl,SEESM w/o Feasibility-Preserving Update,61,6.100,1.309174,-0.387307,0.674588,0.293592,0.410492,-1.050000,0.080000,-0.500000,0.000000,adult,walking,attentive,,0.000000,0.000000,2.405011,1.805011,0.070000,0.070000,0.070000,0.070000,0.000000,0.070000,0.000000,1.805011,1.805011,1.735011,1.735011,0.000000,horizon_mpc_secbf,12,1.845058,true,osqp,optimal,100,5.094324,0,2.830177,accept,false,0.687805,0.299039,0.674596,0.293574,,,0.735707,0.000019,3.908698,0.971379
head_on,context_bl,SEESM w/o Feasibility-Preserving Update,62,6.200,1.376634,-0.357950,0.674596,0.293574,0.410466,-1.100000,0.080000,-0.500000,0.000000,adult,walking,attentive,,0.000000,0.000000,2.515058,1.915058,0.070000,0.070000,0.070000,0.070000,0.000000,0.070000,0.000000,1.915058,1.915058,1.845058,1.845058,0.000000,horizon_mpc_secbf,12,1.956076,true,osqp,optimal,100,4.491373,0,2.950600,accept,false,0.687813,0.299020,0.674604,0.293555,,,0.735707,0.000021,3.982269,0.897808
head_on,context_bl,SEESM w/o Feasibility-Preserving Update,63,6.300,1.444094,-0.328594,0.674604,0.293555,0.410438,-1.150000,0.080000,-0.500000,0.000000,adult,walking,attentive,,0.000000,0.000000,2.626076,2.026076,0.070000,0.070000,0.070000,0.070000,0.000000,0.070000,0.000000,2.026076,2.026076,1.956076,1.956076,0.000000,horizon_mpc_secbf,12,2.067948,true,osqp,optimal,100,4.092325,0,3.070713,accept,false,0.687823,0.298998,0.674613,0.293534,,,0.735707,0.000023,4.055840,0.824238
head_on,context_bl,SEESM w/o Feasibility-Preserving Update,64,6.400,1.511556,-0.299241,0.674613,0.293534,0.410407,-1.200000,0.080000,-0.500000,0.000000,adult,walking,attentive,,0.000000,0.000000,2.737948,2.137948,0.070000,0.070000,0.070000,0.070000,0.000000,0.070000,0.000000,2.137948,2.137948,2.067948,2.067948,0.000000,horizon_mpc_secbf,12,2.180573,true,osqp,optimal,100,3.964942,0,3.190593,accept,false,0.687833,0.298975,0.674623,0.293511,,,0.735707,0.000025,4.129410,0.750667
head_on,context_bl,SEESM w/o Feasibility-Preserving Update,65,6.500,1.579018,-0.269890,0.674623,0.293511,0.410373,-1.250000,0.080000,-0.500000,0.000000,adult,walking,attentive,,0.000000,0.000000,2.850573,2.250573,0.070000,0.070000,0.070000,0.070000,0.000000,0.070000,0.000000,2.250573,2.250573,2.180573,2.180573,0.000000,horizon_mpc_secbf,12,2.293865,true,osqp,optimal,100,5.349690,0,3.310301,accept,false,0.687844,0.298949,0.674634,0.293486,,,0.735707,0.000028,4.202981,0.677096
head_on,context_bl,SEESM w/o Feasibility-Preserving Update,66,6.600,1.646481,-0.240541,0.674634,0.293486,0.410335,-1.300000,0.080000,-0.500000,0.000000,adult,walking,attentive,,0.000000,0.000000,2.963865,2.363865,0.070000,0.070000,0.070000,0.070000,0.000000,0.070000,0.000000,2.363865,2.363865,2.293865,2.293865,0.000000,horizon_mpc_secbf,12,2.407752,true,osqp,optimal,100,4.124695,0,3.429885,accept,false,0.687857,0.298920,0.674646,0.293457,,,0.735707,0.000031,4.276552,0.603525
head_on,context_bl,SEESM w/o Feasibility-Preserving Update,67,6.700,1.713946,-0.211195,0.674646,0.293457,0.410293,-1.350000,0.080000,-0.500000,0.000000,adult,walking,attentive,,0.000000,0.000000,3.077752,2.477752,0.070000,0.070000,0.070000,0.070000,0.000000,0.070000,0.000000,2.477752,2.477752,2.407752,2.407752,0.000000,horizon_mpc_secbf,12,2.522170,true,osqp,optimal,100,4.430363,0,3.549381,accept,false,0.687871,0.298887,0.674660,0.293425,,,0.735707,0.000035,4.350122,0.529955
head_on,context_bl,SEESM w/o Feasibility-Preserving Update,68,6.800,1.781412,-0.181853,0.674660,0.293425,0.410245,-1.400000,0.080000,-0.500000,0.000000,adult,walking,attentive,,0.000000,0.000000,3.192170,2.592170,0.070000,0.070000,0.070000,0.070000,0.000000,0.070000,0.000000,2.592170,2.592170,2.522170,2.522170,0.000000,horizon_mpc_secbf,12,2.637063,true,osqp,optimal,100,5.223310,0,3.668820,accept,false,0.687888,0.298848,0.674676,0.293387,,,0.735706,0.000041,4.423693,0.456384
head_on,context_bl,SEESM w/o Feasibility-Preserving Update,69,6.900,1.848879,-0.152514,0.674676,0.293387,0.410190,-1.450000,0.080000,-0.500000,0.000000,adult,walking,attentive,,0.000000,0.000000,3.307063,2.707063,0.070000,0.070000,0.070000,0.070000,0.000000,0.070000,0.000000,2.707063,2.707063,2.637063,2.637063,0.000000,horizon_mpc_secbf,12,2.752385,true,osqp,optimal,100,4.186716,0,3.788227,accept,false,0.687908,0.298802,0.674695,0.293343,,,0.735706,0.000049,4.497264,0.382813
head_on,context_bl,SEESM w/o Feasibility-Preserving Update,70,7.000,1.916349,-0.123180,0.674695,0.293343,0.410124,-1.500000,0.080000,-0.500000,0.000000,adult,walking,attentive,,0.000000,0.000000,3.422385,2.822385,0.070000,0.070000,0.070000,0.070000,0.000000,0.070000,0.000000,2.822385,2.822385,2.752385,2.752385,0.000000,horizon_mpc_secbf,12,2.868095,true,osqp,optimal,100,4.456890,0,3.907619,accept,false,0.687933,0.298745,0.674718,0.293288,,,0.735705,0.000060,4.570834,0.309243
head_on,context_bl,SEESM w/o Feasibility-Preserving Update,71,7.100,1.983821,-0.093851,0.674718,0.293288,0.410043,-1.550000,0.080000,-0.500000,0.000000,adult,walking,attentive,,0.000000,0.000000,3.538095,2.938095,0.070000,0.070000,0.070000,0.070000,0.000000,0.070000,0.000000,2.938095,2.938095,2.868095,2.868095,0.000000,horizon_mpc_secbf,12,2.984155,true,osqp,optimal,100,4.915514,0,4.027016,accept,false,0.687965,0.298670,0.674748,0.293215,,,0.735704,0.000078,4.644404,0.235672
head_on,context_bl,SEESM w/o Feasibility-Preserving Update,72,7.200,2.051296,-0.064529,0.674748,0.293215,0.409936,-1.600000,0.080000,-0.500000,0.000000,adult,walking,attentive,,0.000000,0.000000,3.654155,3.054155,0.070000,0.070000,0.070000,0.070000,0.000000,0.070000,0.000000,3.054155,3.054155,2.984155,2.984155,0.000000,horizon_mpc_secbf,12,3.100535,true,osqp,optimal,100,5.140641,0,4.146434,accept,false,0.688013,0.298559,0.674792,0.293111,,,0.735702,0.000113,4.717975,0.162102
head_on,context_bl,SEESM w/o Feasibility-Preserving Update,73,7.300,2.118775,-0.035218,0.674792,0.293111,0.409782,-1.650000,0.080000,-0.500000,0.000000,adult,walking,attentive,,0.000000,0.000000,3.770535,3.170535,0.070000,0.070000,0.070000,0.070000,0.000000,0.070000,0.000000,3.170535,3.170535,3.100535,3.100535,0.000000,horizon_mpc_secbf,12,3.217212,true,osqp,optimal,100,4.788462,0,4.265906,accept,false,0.688103,0.298353,0.674870,0.292921,,,0.735699,0.000206,4.791545,0.088532
head_on,context_bl,SEESM w/o Feasibility-Preserving Update,74,7.400,2.186262,-0.005926,0.674870,0.292921,0.409503,-1.700000,0.080000,-0.500000,0.000000,adult,walking,attentive,,0.000000,0.000000,3.887212,3.287212,0.070000,0.070000,0.070000,0.070000,0.000000,0.070000,0.000000,3.287212,3.287212,3.217212,3.217212,0.000000,horizon_mpc_secbf,12,3.289951,true,osqp,optimal,75,4.080458,0,3.944438,accept,false,0.137383,0.059262,0.229601,0.099352,,,0.250175,0.485525,4.816562,0.014962
head_on,context_bl,SEESM w/o Feasibility-Preserving Update,75,7.500,2.209222,0.004009,0.229601,0.099352,0.408386,-1.750000,0.080000,-0.500000,0.000000,adult,walking,attentive,,0.000000,0.000000,3.959951,3.359951,0.070000,0.070000,0.070000,0.070000,0.000000,0.070000,0.000000,3.359951,3.359951,3.289951,3.289951,0.000000,horizon_mpc_secbf,12,3.336273,true,osqp,optimal,75,4.358709,0,3.753173,accept,false,-0.092218,-0.040090,-0.037003,-0.016165,,,0.040380,0.290554,4.820600,0.010056
head_on,context_bl,SEESM w/o Feasibility-Preserving Update,76,7.600,2.205522,0.002392,-0.037003,-0.016165,-2.729715,-1.800000,0.080000,-0.500000,0.000000,adult,walking,attentive,,0.000000,0.000000,4.006273,3.406273,0.070000,0.070000,0.070000,0.070000,0.000000,0.070000,0.000000,3.406273,3.406273,3.336273,3.336273,0.000000,horizon_mpc_secbf,12,3.381100,true,osqp,optimal,75,3.661263,0,3.784536,accept,false,-0.055215,-0.023924,-0.052091,-0.022593,,,0.056779,0.016400,4.826278,0.006018
head_on,context_bl,SEESM w/o Feasibility-Preserving Update,77,7.700,2.200312,0.000133,-0.052091,-0.022593,-2.732354,-1.850000,0.080000,-0.500000,0.000000,adult,walking,attentive,,0.000000,0.000000,4.051100,3.451100,0.070000,0.070000,0.070000,0.070000,0.000000,0.070000,0.000000,3.451100,3.451100,3.381100,3.381100,0.000000,horizon_mpc_secbf,12,3.429948,true,osqp,optimal,50,3.679974,0,3.869580,accept,false,-0.003125,-0.001331,-0.011523,-0.004979,,,0.012553,0.044226,4.827533,0.000340
head_on,context_bl,SEESM w/o Feasibility-Preserving Update,78,7.800,2.199160,-0.000365,-0.011523,-0.004979,-2.733725,-1.900000,0.080000,-0.500000,0.000000,adult,walking,attentive,,0.000000,0.000000,4.099948,3.499948,0.070000,0.070000,0.070000,0.070000,0.000000,0.070000,0.000000,3.499948,3.499948,3.429948,3.429948,0.000000,horizon_mpc_secbf,12,3.480432,true,osqp,optimal,50,3.938657,0,3.934784,accept,false,0.008399,0.003648,0.004976,0.002168,,,0.005428,0.017981,4.828076,0.000916
head_on,context_bl,SEESM w/o Feasibility-Preserving Update,79,7.900,2.199658,-0.000148,0.004976,0.002168,0.410881,-1.950000,0.080000,-0.500000,0.000000,adult,walking,attentive,,0.000000,0.000000,4.150432,3.550432,0.070000,0.070000,0.070000,0.070000,0.000000,0.070000,0.000000,3.550432,3.550432,3.480432,3.480432,0.000000,horizon_mpc_secbf,12,3.530788,true,osqp,optimal,50,4.317894,0,3.983994,accept,false,0.003423,0.001480,0.003687,0.001598,,,0.004019,0.001409,4.828478,0.000373
head_on,context_bl,SEESM w/o Feasibility-Preserving Update,80,8.000,2.200026,0.000012,0.003687,0.001598,0.408995,-2.000000,0.080000,-0.500000,0.000000,adult,walking,attentive,,0.000000,0.000000,4.200788,3.600788,0.070000,0.070000,0.070000,0.070000,0.000000,0.070000,0.000000,3.600788,3.600788,3.530788,3.530788,0.000000,horizon_mpc_secbf,12,3.580779,true,osqp,optimal,25,4.376402,0,4.030693,accept,false,-0.000264,-0.000118,-0.000004,-0.000013,,,0.000013,0.004028,4.828479,0.000029
head_on,context_bl,SEESM w/o Feasibility-Preserving Update,81,8.100,2.200026,0.000011,-0.000004,-0.000013,-1.892100,-2.050000,0.080000,-0.500000,0.000000,adult,walking,attentive,,0.000000,0.000000,4.250779,3.650779,0.070000,0.070000,0.070000,0.070000,0.000000,0.070000,0.000000,3.650779,3.650779,3.580779,3.580779,0.000000,horizon_mpc_secbf,12,3.630749,true,osqp,optimal,25,3.527313,0,4.080482,accept,false,-0.000260,-0.000105,-0.000210,-0.000089,,,0.000228,0.000219,4.828502,0.000028
head_on,context_bl,SEESM w/o Feasibility-Preserving Update,82,8.200,2.200005,0.000002,-0.000210,-0.000089,-2.738518,-2.100000,0.080000,-0.500000,0.000000,adult,walking,attentive,,0.000000,0.000000,4.300749,3.700749,0.070000,0.070000,0.070000,0.070000,0.000000,0.070000,0.000000,3.700749,3.700749,3.630749,3.630749,0.000000,horizon_mpc_secbf,12,3.680733,true,osqp,optimal,25,3.744232,0,4.130587,accept,false,-0.000050,-0.000016,-0.000076,-0.000028,,,0.000081,0.000147,4.828510,0.000005
head_on,context_bl,SEESM w/o Feasibility-Preserving Update,83,8.300,2.199997,-0.000001,-0.000076,-0.000028,-2.784502,-2.150000,0.080000,-0.500000,0.000000,adult,walking,attentive,,0.000000,0.000000,4.350733,3.750733,0.070000,0.070000,0.070000,0.070000,0.000000,0.070000,0.000000,3.750733,3.750733,3.680733,3.680733,0.000000,horizon_mpc_secbf,12,3.730725,true,osqp,optimal,25,5.049532,0,4.180656,accept,false,0.000026,0.000013,0.000008,0.000006,,,0.000010,0.000091,4.828511,0.000003
head_on,context_bl,SEESM w/o Feasibility-Preserving Update,84,8.400,2.199998,-0.000001,0.000008,0.000006,0.619107,-2.200000,0.080000,-0.500000,0.000000,adult,walking,attentive,,0.000000,0.000000,4.400725,3.800725,0.070000,0.070000,0.070000,0.070000,0.000000,0.070000,0.000000,3.800725,3.800725,3.730725,3.730725,0.000000,horizon_mpc_secbf,12,3.780719,true,osqp,optimal,25,3.862404,0,4.230659,accept,false,0.000018,0.000007,0.000016,0.000007,,,0.000017,0.000008,4.828513,0.000002
head_on,context_bl,SEESM w/o Feasibility-Preserving Update,85,8.500,2.200000,-0.000000,0.000016,0.000007,0.403990,-2.250000,0.080000,-0.500000,0.000000,adult,walking,attentive,,0.000000,0.000000,4.450719,3.850719,0.070000,0.070000,0.070000,0.070000,0.000000,0.070000,0.000000,3.850719,3.850719,3.780719,3.780719,0.000000,horizon_mpc_secbf,12,3.830711,true,osqp,optimal,25,3.708325,0,4.280643,accept,false,0.000002,0.000000,0.000004,0.000001,,,0.000005,0.000013,4.828513,0.000000
head_on,context_bl,SEESM w/o Feasibility-Preserving Update,86,8.600,2.200000,0.000000,0.000004,0.000001,0.295526,-2.300000,0.080000,-0.500000,0.000000,adult,walking,attentive,,0.000000,0.000000,4.500711,3.900711,0.070000,0.070000,0.070000,0.070000,0.000000,0.070000,0.000000,3.900711,3.900711,3.830711,3.830711,0.000000,horizon_mpc_secbf,12,3.880703,true,osqp,optimal,25,3.576696,0,4.330631,accept,false,-0.000002,-0.000001,-0.000001,-0.000001,,,0.000001,0.000006,4.828513,0.000000
head_on,context_bl,SEESM w/o Feasibility-Preserving Update,87,8.700,2.200000,0.000000,-0.000001,-0.000001,-2.562760,-2.350000,0.080000,-0.500000,0.000000,adult,walking,attentive,,0.000000,0.000000,4.550703,3.950703,0.070000,0.070000,0.070000,0.070000,0.000000,0.070000,0.000000,3.950703,3.950703,3.880703,3.880703,0.000000,horizon_mpc_secbf,12,3.930696,true,osqp,optimal,25,5.182661,0,4.380625,accept,false,-0.000001,-0.000000,-0.000001,-0.000000,,,0.000001,0.000000,4.828514,0.000000
head_on,context_bl,SEESM w/o Feasibility-Preserving Update,88,8.800,2.200000,-0.000000,-0.000001,-0.000000,-2.753624,-2.400000,0.080000,-0.500000,0.000000,adult,walking,attentive,,0.000000,0.000000,4.600696,4.000696,0.070000,0.070000,0.070000,0.070000,0.000000,0.070000,0.000000,4.000696,4.000696,3.930696,3.930696,0.000000,horizon_mpc_secbf,12,3.980688,true,osqp,optimal,25,3.798105,0,4.430620,accept,false,-0.000000,0.000000,-0.000000,-0.000000,,,0.000000,0.000001,4.828514,0.000000
head_on,context_bl,SEESM w/o Feasibility-Preserving Update,89,8.900,2.200000,-0.000000,-0.000000,-0.000000,-2.968122,-2.450000,0.080000,-0.500000,0.000000,adult,walking,attentive,,0.000000,0.000000,4.650688,4.050688,0.070000,0.070000,0.070000,0.070000,0.000000,0.070000,0.000000,4.050688,4.050688,3.980688,3.980688,0.000000,horizon_mpc_secbf,12,4.030681,true,osqp,optimal,25,3.566612,0,4.480614,accept,false,0.000000,0.000000,0.000000,0.000000,,,0.000000,0.000000,4.828514,0.000000
head_on,context_bl,SEESM w/o Feasibility-Preserving Update,90,9.000,2.200000,-0.000000,0.000000,0.000000,0.549932,-2.500000,0.080000,-0.500000,0.000000,adult,walking,attentive,,0.000000,0.000000,4.700681,4.100681,0.070000,0.070000,0.070000,0.070000,0.000000,0.070000,0.000000,4.100681,4.100681,4.030681,4.030681,0.000000,horizon_mpc_secbf,12,4.080674,true,osqp,optimal,25,4.844406,0,4.530608,accept,false,0.000000,0.000000,0.000000,0.000000,,,0.000000,0.000000,4.828514,0.000000
head_on,context_bl,SEESM w/o Feasibility-Preserving Update,91,9.100,2.200000,0.000000,0.000000,0.000000,0.354821,-2.550000,0.080000,-0.500000,0.000000,adult,walking,attentive,,0.000000,0.000000,4.750674,4.150674,0.070000,0.070000,0.070000,0.070000,0.000000,0.070000,0.000000,4.150674,4.150674,4.080674,4.080674,0.000000,horizon_mpc_secbf,12,4.130667,true,osqp,optimal,25,3.992627,0,4.580603,accept,false,0.000000,0.000000,0.000000,0.000000,,,0.000000,0.000000,4.828514,0.000000
head_on,context_bl,SEESM w/o Feasibility-Preserving Update,92,9.200,2.200000,0.000000,0.000000,0.000000,0.352969,-2.600000,0.080000,-0.500000,0.000000,adult,walking,attentive,,0.000000,0.000000,4.800667,4.200667,0.070000,0.070000,0.070000,0.070000,0.000000,0.070000,0.000000,4.200667,4.200667,4.130667,4.130667,0.000000,horizon_mpc_secbf,12,4.180660,true,osqp,optimal,25,3.907209,0,4.630597,accept,false,-0.000000,-0.000000,-0.000000,-0.000000,,,0.000000,0.000000,4.828514,0.000000
head_on,context_bl,SEESM w/o Feasibility-Preserving Update,93,9.300,2.200000,0.000000,-0.000000,-0.000000,-2.442099,-2.650000,0.080000,-0.500000,0.000000,adult,walking,attentive,,0.000000,0.000000,4.850660,4.250660,0.070000,0.070000,0.070000,0.070000,0.000000,0.070000,0.000000,4.250660,4.250660,4.180660,4.180660,0.000000,horizon_mpc_secbf,12,4.230653,true,osqp,optimal,25,3.806085,0,4.680592,accept,false,0.000000,0.000000,-0.000000,-0.000000,,,0.000000,0.000000,4.828514,0.000000
head_on,context_bl,SEESM w/o Feasibility-Preserving Update,94,9.400,2.200000,0.000000,-0.000000,-0.000000,-1.571947,-2.700000,0.080000,-0.500000,0.000000,adult,walking,attentive,,0.000000,0.000000,4.900653,4.300653,0.070000,0.070000,0.070000,0.070000,0.000000,0.070000,0.000000,4.300653,4.300653,4.230653,4.230653,0.000000,horizon_mpc_secbf,12,4.280646,true,osqp,optimal,25,4.634495,0,4.730586,accept,false,0.000000,0.000000,0.000000,-0.000000,,,0.000000,0.000000,4.828514,0.000000
head_on,context_bl,SEESM w/o Feasibility-Preserving Update,95,9.500,2.200000,0.000000,0.000000,-0.000000,-1.571947,-2.750000,0.080000,-0.500000,0.000000,adult,walking,attentive,,0.000000,0.000000,4.950646,4.350646,0.070000,0.070000,0.070000,0.070000,0.000000,0.070000,0.000000,4.350646,4.350646,4.280646,4.280646,0.000000,horizon_mpc_secbf,12,4.330640,true,osqp,optimal,25,4.284679,0,4.780581,accept,false,0.000000,0.000000,0.000000,-0.000000,,,0.000000,0.000000,4.828514,0.000000
head_on,context_bl,SEESM w/o Feasibility-Preserving Update,96,9.600,2.200000,0.000000,0.000000,-0.000000,-1.571947,-2.800000,0.080000,-0.500000,0.000000,adult,walking,attentive,,0.000000,0.000000,5.000640,4.400640,0.070000,0.070000,0.070000,0.070000,0.000000,0.070000,0.000000,4.400640,4.400640,4.330640,4.330640,0.000000,horizon_mpc_secbf,12,4.380634,true,osqp,optimal,25,3.526391,0,4.830576,accept,false,0.000000,0.000000,0.000000,-0.000000,,,0.000000,0.000000,4.828514,0.000000
head_on,context_bl,SEESM w/o Feasibility-Preserving Update,97,9.700,2.200000,0.000000,0.000000,-0.000000,-1.571947,-2.850000,0.080000,-0.500000,0.000000,adult,walking,attentive,,0.000000,0.000000,5.050634,4.450634,0.070000,0.070000,0.070000,0.070000,0.000000,0.070000,0.000000,4.450634,4.450634,4.380634,4.380634,0.000000,horizon_mpc_secbf,12,4.430627,true,osqp,optimal,25,4.992419,0,4.880571,accept,false,0.000000,0.000000,0.000000,-0.000000,,,0.000000,0.000000,4.828514,0.000000
head_on,context_bl,SEESM w/o Feasibility-Preserving Update,98,9.800,2.200000,0.000000,0.000000,-0.000000,-1.571947,-2.900000,0.080000,-0.500000,0.000000,adult,walking,attentive,,0.000000,0.000000,5.100627,4.500627,0.070000,0.070000,0.070000,0.070000,0.000000,0.070000,0.000000,4.500627,4.500627,4.430627,4.430627,0.000000,horizon_mpc_secbf,12,4.480621,true,osqp,optimal,25,4.484919,0,4.930566,accept,false,0.000000,0.000000,0.000000,-0.000000,,,0.000000,0.000000,4.828514,0.000000
head_on,context_bl,SEESM w/o Feasibility-Preserving Update,99,9.900,2.200000,0.000000,0.000000,-0.000000,-1.571947,-2.950000,0.080000,-0.500000,0.000000,adult,walking,attentive,,0.000000,0.000000,5.150621,4.550621,0.070000,0.070000,0.070000,0.070000,0.000000,0.070000,0.000000,4.550621,4.550621,4.480621,4.480621,0.000000,horizon_mpc_secbf,12,4.530615,true,osqp,optimal,25,4.530864,0,4.980561,accept,false,0.000000,0.000000,0.000000,-0.000000,,,0.000000,0.000000,4.828514,0.000000
head_on,context_bl,SEESM w/o Feasibility-Preserving Update,100,10.000,2.200000,0.000000,0.000000,-0.000000,-1.571947,-3.000000,0.080000,-0.500000,0.000000,adult,walking,attentive,,0.000000,0.000000,5.200615,4.600615,0.070000,0.070000,0.070000,0.070000,0.000000,0.070000,0.000000,4.600615,4.600615,4.530615,4.530615,0.000000,horizon_mpc_secbf,12,4.580609,true,osqp,optimal,25,5.042100,0,5.030556,accept,false,0.000000,0.000000,0.000000,-0.000000,,,0.000000,0.000000,4.828514,0.000000
head_on,context_bl,SEESM w/o Feasibility-Preserving Update,101,10.100,2.200000,0.000000,0.000000,-0.000000,-1.571947,-3.050000,0.080000,-0.500000,0.000000,adult,walking,attentive,,0.000000,0.000000,5.250609,4.650609,0.070000,0.070000,0.070000,0.070000,0.000000,0.070000,0.000000,4.650609,4.650609,4.580609,4.580609,0.000000,horizon_mpc_secbf,12,4.630604,true,osqp,optimal,25,4.736221,0,5.080551,accept,false,0.000000,0.000000,0.000000,-0.000000,,,0.000000,0.000000,4.828514,0.000000
head_on,context_bl,SEESM w/o Feasibility-Preserving Update,102,10.200,2.200000,0.000000,0.000000,-0.000000,-1.571947,-3.100000,0.080000,-0.500000,0.000000,adult,walking,attentive,,0.000000,0.000000,5.300604,4.700604,0.070000,0.070000,0.070000,0.070000,0.000000,0.070000,0.000000,4.700604,4.700604,4.630604,4.630604,0.000000,horizon_mpc_secbf,12,4.680598,true,osqp,optimal,25,3.869865,0,5.130547,accept,false,0.000000,0.000000,0.000000,-0.000000,,,0.000000,0.000000,4.828514,0.000000
head_on,context_bl,SEESM w/o Feasibility-Preserving Update,103,10.300,2.200000,0.000000,0.000000,-0.000000,-1.571947,-3.150000,0.080000,-0.500000,0.000000,adult,walking,attentive,,0.000000,0.000000,5.350598,4.750598,0.070000,0.070000,0.070000,0.070000,0.000000,0.070000,0.000000,4.750598,4.750598,4.680598,4.680598,0.000000,horizon_mpc_secbf,12,4.730593,true,osqp,optimal,25,3.545708,0,5.180542,accept,false,0.000000,0.000000,0.000000,-0.000000,,,0.000000,0.000000,4.828514,0.000000
head_on,context_bl,SEESM w/o Feasibility-Preserving Update,104,10.400,2.200000,0.000000,0.000000,-0.000000,-1.571947,-3.200000,0.080000,-0.500000,0.000000,adult,walking,attentive,,0.000000,0.000000,5.400593,4.800593,0.070000,0.070000,0.070000,0.070000,0.000000,0.070000,0.000000,4.800593,4.800593,4.730593,4.730593,0.000000,horizon_mpc_secbf,12,4.780587,true,osqp,optimal,25,3.565785,0,5.230538,accept,false,0.000000,0.000000,0.000000,-0.000000,,,0.000000,0.000000,4.828514,0.000000
head_on,context_bl,SEESM w/o Feasibility-Preserving Update,105,10.500,2.200000,0.000000,0.000000,-0.000000,-1.571947,-3.250000,0.080000,-0.500000,0.000000,adult,walking,attentive,,0.000000,0.000000,5.450587,4.850587,0.070000,0.070000,0.070000,0.070000,0.000000,0.070000,0.000000,4.850587,4.850587,4.780587,4.780587,0.000000,horizon_mpc_secbf,12,4.830582,true,osqp,optimal,25,4.537280,0,5.280533,accept,false,0.000000,0.000000,0.000000,-0.000000,,,0.000000,0.000000,4.828514,0.000000
head_on,context_bl,SEESM w/o Feasibility-Preserving Update,106,10.600,2.200000,0.000000,0.000000,-0.000000,-1.571947,-3.300000,0.080000,-0.500000,0.000000,adult,walking,attentive,,0.000000,0.000000,5.500582,4.900582,0.070000,0.070000,0.070000,0.070000,0.000000,0.070000,0.000000,4.900582,4.900582,4.830582,4.830582,0.000000,horizon_mpc_secbf,12,4.880577,true,osqp,optimal,25,3.819632,0,5.330529,accept,false,0.000000,0.000000,0.000000,-0.000000,,,0.000000,0.000000,4.828514,0.000000
head_on,context_bl,SEESM w/o Feasibility-Preserving Update,107,10.700,2.200000,0.000000,0.000000,-0.000000,-1.571947,-3.350000,0.080000,-0.500000,0.000000,adult,walking,attentive,,0.000000,0.000000,5.550577,4.950577,0.070000,0.070000,0.070000,0.070000,0.000000,0.070000,0.000000,4.950577,4.950577,4.880577,4.880577,0.000000,horizon_mpc_secbf,12,4.930571,true,osqp,optimal,25,3.582851,0,5.380525,accept,false,0.000000,0.000000,0.000000,-0.000000,,,0.000000,0.000000,4.828514,0.000000
head_on,context_bl,SEESM w/o Feasibility-Preserving Update,108,10.800,2.200000,0.000000,0.000000,-0.000000,-1.571947,-3.400000,0.080000,-0.500000,0.000000,adult,walking,attentive,,0.000000,0.000000,5.600571,5.000571,0.070000,0.070000,0.070000,0.070000,0.000000,0.070000,0.000000,5.000571,5.000571,4.930571,4.930571,0.000000,horizon_mpc_secbf,12,4.980566,true,osqp,optimal,25,5.028392,0,5.430520,accept,false,0.000000,0.000000,0.000000,-0.000000,,,0.000000,0.000000,4.828514,0.000000
head_on,context_bl,SEESM w/o Feasibility-Preserving Update,109,10.900,2.200000,0.000000,0.000000,-0.000000,-1.571947,-3.450000,0.080000,-0.500000,0.000000,adult,walking,attentive,,0.000000,0.000000,5.650566,5.050566,0.070000,0.070000,0.070000,0.070000,0.000000,0.070000,0.000000,5.050566,5.050566,4.980566,4.980566,0.000000,horizon_mpc_secbf,12,5.030561,true,osqp,optimal,25,6.601268,0,5.480516,accept,false,0.000000,0.000000,0.000000,-0.000000,,,0.000000,0.000000,4.828514,0.000000
head_on,context_bl,SEESM w/o Feasibility-Preserving Update,110,11.000,2.200000,0.000000,0.000000,-0.000000,-1.571947,-3.500000,0.080000,-0.500000,0.000000,adult,walking,attentive,,0.000000,0.000000,5.700561,5.100561,0.070000,0.070000,0.070000,0.070000,0.000000,0.070000,0.000000,5.100561,5.100561,5.030561,5.030561,0.000000,horizon_mpc_secbf,12,5.080556,true,osqp,optimal,25,7.175664,0,5.530512,accept,false,0.000000,0.000000,0.000000,-0.000000,,,0.000000,0.000000,4.828514,0.000000
head_on,context_bl,SEESM w/o Feasibility-Preserving Update,111,11.100,2.200000,0.000000,0.000000,-0.000000,-1.571947,-3.550000,0.080000,-0.500000,0.000000,adult,walking,attentive,,0.000000,0.000000,5.750556,5.150556,0.070000,0.070000,0.070000,0.070000,0.000000,0.070000,0.000000,5.150556,5.150556,5.080556,5.080556,0.000000,horizon_mpc_secbf,12,5.130552,true,osqp,optimal,25,6.318440,0,5.580508,accept,false,0.000000,0.000000,0.000000,-0.000000,,,0.000000,0.000000,4.828514,0.000000
head_on,context_bl,SEESM w/o Feasibility-Preserving Update,112,11.200,2.200000,0.000000,0.000000,-0.000000,-1.571947,-3.600000,0.080000,-0.500000,0.000000,adult,walking,attentive,,0.000000,0.000000,5.800552,5.200552,0.070000,0.070000,0.070000,0.070000,0.000000,0.070000,0.000000,5.200552,5.200552,5.130552,5.130552,0.000000,horizon_mpc_secbf,12,5.180547,true,osqp,optimal,25,7.210241,0,5.630504,accept,false,0.000000,0.000000,0.000000,-0.000000,,,0.000000,0.000000,4.828514,0.000000
head_on,context_bl,SEESM w/o Feasibility-Preserving Update,113,11.300,2.200000,0.000000,0.000000,-0.000000,-1.571947,-3.650000,0.080000,-0.500000,0.000000,adult,walking,attentive,,0.000000,0.000000,5.850547,5.250547,0.070000,0.070000,0.070000,0.070000,0.000000,0.070000,0.000000,5.250547,5.250547,5.180547,5.180547,0.000000,horizon_mpc_secbf,12,5.230542,true,osqp,optimal,25,6.743536,0,5.680500,accept,false,0.000000,0.000000,0.000000,-0.000000,,,0.000000,0.000000,4.828514,0.000000
head_on,context_bl,SEESM w/o Feasibility-Preserving Update,114,11.400,2.200000,0.000000,0.000000,-0.000000,-1.571947,-3.700000,0.080000,-0.500000,0.000000,adult,walking,attentive,,0.000000,0.000000,5.900542,5.300542,0.070000,0.070000,0.070000,0.070000,0.000000,0.070000,0.000000,5.300542,5.300542,5.230542,5.230542,0.000000,horizon_mpc_secbf,12,5.280538,true,osqp,optimal,25,7.138165,0,5.730496,accept,false,0.000000,0.000000,0.000000,-0.000000,,,0.000000,0.000000,4.828514,0.000000
head_on,context_bl,SEESM w/o Feasibility-Preserving Update,115,11.500,2.200000,0.000000,0.000000,-0.000000,-1.571947,-3.750000,0.080000,-0.500000,0.000000,adult,walking,attentive,,0.000000,0.000000,5.950538,5.350538,0.070000,0.070000,0.070000,0.070000,0.000000,0.070000,0.000000,5.350538,5.350538,5.280538,5.280538,0.000000,horizon_mpc_secbf,12,5.330533,true,osqp,optimal,25,7.111139,0,5.780493,accept,false,0.000000,0.000000,0.000000,-0.000000,,,0.000000,0.000000,4.828514,0.000000
head_on,context_bl,SEESM w/o Feasibility-Preserving Update,116,11.600,2.200000,0.000000,0.000000,-0.000000,-1.571947,-3.800000,0.080000,-0.500000,0.000000,adult,walking,attentive,,0.000000,0.000000,6.000533,5.400533,0.070000,0.070000,0.070000,0.070000,0.000000,0.070000,0.000000,5.400533,5.400533,5.330533,5.330533,0.000000,horizon_mpc_secbf,12,5.380529,true,osqp,optimal,25,6.744334,0,5.830489,accept,false,0.000000,0.000000,0.000000,-0.000000,,,0.000000,0.000000,4.828514,0.000000
head_on,context_bl,SEESM w/o Feasibility-Preserving Update,117,11.700,2.200000,0.000000,0.000000,-0.000000,-1.571947,-3.850000,0.080000,-0.500000,0.000000,adult,walking,attentive,,0.000000,0.000000,6.050529,5.450529,0.070000,0.070000,0.070000,0.070000,0.000000,0.070000,0.000000,5.450529,5.450529,5.380529,5.380529,0.000000,horizon_mpc_secbf,12,5.430525,true,osqp,optimal,25,7.111550,0,5.880485,accept,false,0.000000,0.000000,0.000000,-0.000000,,,0.000000,0.000000,4.828514,0.000000
head_on,context_bl,SEESM w/o Feasibility-Preserving Update,118,11.800,2.200000,0.000000,0.000000,-0.000000,-1.571947,-3.900000,0.080000,-0.500000,0.000000,adult,walking,attentive,,0.000000,0.000000,6.100525,5.500525,0.070000,0.070000,0.070000,0.070000,0.000000,0.070000,0.000000,5.500525,5.500525,5.430525,5.430525,0.000000,horizon_mpc_secbf,12,5.480520,true,osqp,optimal,25,5.682584,0,5.930482,accept,false,0.000000,0.000000,0.000000,-0.000000,,,0.000000,0.000000,4.828514,0.000000
head_on,context_bl,SEESM w/o Feasibility-Preserving Update,119,11.900,2.200000,0.000000,0.000000,-0.000000,-1.571947,-3.950000,0.080000,-0.500000,0.000000,adult,walking,attentive,,0.000000,0.000000,6.150520,5.550520,0.070000,0.070000,0.070000,0.070000,0.000000,0.070000,0.000000,5.550520,5.550520,5.480520,5.480520,0.000000,horizon_mpc_secbf,12,5.530516,true,osqp,optimal,25,3.355954,0,5.980478,accept,false,0.000000,0.000000,0.000000,-0.000000,,,0.000000,0.000000,4.828514,0.000000
head_on,context_bl,Proposed MPC-SECBF,0,0.000,-2.200000,0.000000,0.000000,0.000000,0.000000,2.000000,0.080000,-0.500000,0.000000,unknown,walking,unknown,7.202830,1.000000,0.000000,4.200762,3.600762,0.271500,0.050000,0.271500,0.050000,0.499897,0.549897,0.050000,3.600762,3.100865,3.050865,3.050865,0.000000,horizon_mpc_secbf,12,1.580977,true,osqp,optimal,100,3.566665,0,1.930054,accept,false,0.750000,0.000000,0.621014,-0.000000,,,0.621014,0.621014,0.062101,4.400000
head_on,context_bl,Proposed MPC-SECBF,1,0.100,-2.137899,-0.000000,0.621014,-0.000000,-0.000000,1.950000,0.080000,-0.500000,0.000000,unknown,walking,unknown,3.112671,1.000000,0.000000,4.088681,3.488681,0.296789,0.100000,0.296789,0.100000,1.120719,1.220719,0.050000,3.488681,2.367962,2.267962,2.267962,0.000000,horizon_mpc_secbf,12,0.786650,true,osqp,optimal,125,6.366821,0,1.042096,accept,false,0.750000,0.000000,0.726102,0.000000,,,0.726102,0.105087,0.134712,4.337899
head_on,context_bl,Proposed MPC-SECBF,2,0.200,-2.065288,-0.000000,0.726102,0.000000,0.000000,1.900000,0.080000,-0.500000,0.000000,unknown,walking,unknown,2.745923,1.000000,0.000000,3.966095,3.366095,0.307241,0.150000,0.307241,0.150000,1.225741,1.375741,0.050000,3.366095,2.140355,1.990355,1.990355,0.000000,horizon_mpc_secbf,12,0.508117,true,osqp,optimal,125,8.284883,0,0.755004,accept,false,0.750000,0.000000,0.735602,0.000000,,,0.735602,0.009501,0.208272,4.265288
head_on,context_bl,Proposed MPC-SECBF,3,0.300,-1.991728,-0.000000,0.735602,0.000000,0.000000,1.850000,0.080000,-0.500000,0.000000,unknown,walking,unknown,2.624845,1.000000,0.000000,3.842561,3.242561,0.310692,0.200000,0.310692,0.200000,1.235207,1.435207,0.050000,3.242561,2.007354,1.807354,1.807354,0.000000,horizon_mpc_secbf,12,0.325156,true,osqp,optimal,125,7.683832,0,0.572019,accept,false,0.750000,0.000000,0.735603,0.000000,,,0.735603,0.000001,0.281832,4.191728
head_on,context_bl,Proposed MPC-SECBF,4,0.400,-1.918168,0.000000,0.735603,0.000000,0.000000,1.800000,0.080000,-0.500000,0.000000,unknown,walking,unknown,2.524881,1.000000,0.000000,3.719028,3.119028,0.313541,0.250000,0.313541,0.250000,1.235175,1.485175,0.050000,3.119028,1.883854,1.633854,1.633854,0.000000,horizon_mpc_secbf,12,0.151704,true,osqp,optimal,125,8.345031,0,0.398537,accept,false,0.750000,-0.000000,0.735603,0.000000,,,0.735603,0.000000,0.355392,4.118168
head_on,context_bl,Proposed MPC-SECBF,5,0.500,-1.844608,0.000000,0.735603,0.000000,0.000000,1.750000,0.080000,-0.500000,0.000000,unknown,walking,unknown,2.424921,1.000000,0.000000,3.595498,2.995498,0.316390,0.300000,0.316390,0.300000,1.235137,1.535137,0.050000,2.995498,1.760361,1.460361,1.460361,0.000033,horizon_mpc_secbf,12,-0.000037,true,osqp,optimal,50,6.619505,0,0.240335,accept,false,0.750000,-0.000000,0.720384,-0.001037,,,0.720385,0.015254,0.427431,4.044608
head_on,context_bl,Proposed MPC-SECBF,6,0.600,-1.772569,-0.000104,0.720384,-0.001037,-0.001439,1.700000,0.080000,-0.500000,0.000000,unknown,walking,unknown,2.355253,1.000000,0.000000,3.473493,2.873493,0.318375,0.318375,0.318375,0.318375,1.219847,1.538222,0.018375,2.873493,1.653646,1.335271,1.335271,0.000138,horizon_mpc_secbf,12,-0.000140,true,osqp,optimal,50,7.889276,0,0.205505,accept,false,0.750000,0.000020,0.630315,-0.004814,,,0.630334,0.090148,0.490464,3.972569
head_on,context_bl,Proposed MPC-SECBF,7,0.700,-1.709538,-0.000585,0.630315,-0.004814,-0.007638,1.650000,0.080000,-0.500000,0.000000,unknown,walking,unknown,2.443195,1.000000,0.000000,3.360504,2.760504,0.315869,0.315869,0.315869,0.315869,1.129646,1.445515,0.000000,2.760504,1.630858,1.314989,1.314989,0.000154,horizon_mpc_secbf,12,-0.000155,true,osqp,optimal,50,7.315261,0,0.213597,accept,false,0.750000,0.000112,0.602012,-0.006247,,,0.602045,0.028339,0.550669,3.909538
head_on,context_bl,Proposed MPC-SECBF,8,0.800,-1.649336,-0.001210,0.602012,-0.006247,-0.010377,1.600000,0.080000,-0.500000,0.000000,unknown,walking,unknown,2.406103,1.000000,0.000000,3.250351,2.650351,0.316926,0.316926,0.316926,0.316926,1.101247,1.418173,0.001057,2.650351,1.549105,1.232178,1.232178,0.000224,horizon_mpc_secbf,12,-0.000223,true,osqp,optimal,50,7.476381,0,0.193325,accept,false,0.750000,0.000236,0.539641,-0.009577,,,0.539726,0.062460,0.604641,3.849337
head_on,context_bl,Proposed MPC-SECBF,9,0.900,-1.595372,-0.002167,0.539641,-0.009577,-0.017745,1.550000,0.080000,-0.500000,0.000000,unknown,walking,unknown,2.450777,1.000000,0.000000,3.146445,2.546445,0.315653,0.315653,0.315653,0.315653,1.038716,1.354369,0.000000,2.546445,1.507729,1.192076,1.192076,0.000256,horizon_mpc_secbf,12,-0.000255,true,osqp,optimal,50,7.533069,0,0.190931,accept,false,0.750000,0.000428,0.502068,-0.012444,,,0.502222,0.037682,0.654863,3.795373
head_on,context_bl,Proposed MPC-SECBF,10,1.000,-1.545166,-0.003412,0.502068,-0.012444,-0.024781,1.500000,0.080000,-0.500000,0.000000,unknown,walking,unknown,2.443006,1.000000,0.000000,3.046308,2.446308,0.315874,0.315874,0.315874,0.315874,1.000963,1.316837,0.000221,2.446308,1.445345,1.129471,1.129471,0.000308,horizon_mpc_secbf,12,-0.000307,true,osqp,optimal,50,5.764454,0,0.177685,accept,false,0.750000,0.000683,0.452914,-0.016920,,,0.453230,0.049357,0.700187,3.745167
head_on,context_bl,Proposed MPC-SECBF,11,1.100,-1.499874,-0.005104,0.452914,-0.016920,-0.037340,1.450000,0.080000,-0.500000,0.000000,adult,walking,attentive,2.469567,1.000000,0.000000,2.951102,2.351102,0.161252,0.161252,0.161252,0.161252,0.951537,1.112789,0.000000,2.351102,1.399564,1.238312,1.238312,0.000214,horizon_mpc_secbf,12,-0.000213,true,osqp,optimal,50,3.536217,0,0.216956,accept,false,0.749999,0.001035,0.522414,-0.014504,,,0.522615,0.069541,0.752448,3.699878
head_on,context_bl,Proposed MPC-SECBF,12,1.200,-1.447633,-0.006554,0.522414,-0.014504,-0.027756,1.400000,0.080000,-0.500000,0.000000,adult,walking,attentive,2.201611,1.000000,0.000000,2.848948,2.248948,0.165673,0.165673,0.165673,0.165673,1.020933,1.186607,0.004421,2.248948,1.228015,1.062341,1.062341,0.000362,horizon_mpc_secbf,12,-0.000362,true,osqp,optimal,50,3.606965,0,0.152125,accept,false,0.749999,0.001348,0.411808,-0.026613,,,0.412667,0.111267,0.793715,3.647639
head_on,context_bl,Proposed MPC-SECBF,13,1.300,-1.406452,-0.009216,0.411808,-0.026613,-0.064534,1.350000,0.080000,-0.500000,0.000000,adult,walking,attentive,2.370091,1.000000,0.000000,2.757895,2.157895,0.162894,0.162894,0.162894,0.162894,0.909618,1.072512,0.000000,2.157895,1.248277,1.085384,1.085384,0.000339,horizon_mpc_secbf,12,-0.000339,true,osqp,optimal,50,4.412567,0,0.174463,accept,false,0.749998,0.001916,0.412744,-0.031107,,,0.413914,0.004591,0.835106,3.606464
head_on,context_bl,Proposed MPC-SECBF,14,1.400,-1.365178,-0.012326,0.412744,-0.031107,-0.075225,1.300000,0.080000,-0.500000,0.000000,adult,walking,attentive,2.268392,1.000000,0.000000,2.666776,2.066776,0.164572,0.164572,0.164572,0.164572,0.910001,1.074572,0.001678,2.066776,1.156776,0.992204,0.992204,0.000415,horizon_mpc_secbf,12,-0.000415,true,osqp,optimal,50,3.684432,0,0.143674,accept,false,0.749996,0.002593,0.350996,-0.044508,,,0.353807,0.063185,0.870487,3.565199
head_on,context_bl,Proposed MPC-SECBF,15,1.500,-1.330078,-0.016777,0.350996,-0.044508,-0.126131,1.250000,0.080000,-0.500000,0.000000,adult,walking,attentive,2.335128,1.000000,0.000000,2.581892,1.981892,0.163470,0.163470,0.163470,0.163470,0.847048,1.010518,0.000000,1.981892,1.134845,0.971374,0.971374,0.000428,horizon_mpc_secbf,12,-0.000428,true,osqp,optimal,50,3.457733,0,0.143463,accept,false,0.749992,0.003564,0.331017,-0.055864,,,0.335697,0.022981,0.904057,3.530118
head_on,context_bl,Proposed MPC-SECBF,16,1.600,-1.296976,-0.022363,0.331017,-0.055864,-0.167189,1.200000,0.080000,-0.500000,0.000000,adult,walking,attentive,2.293482,1.000000,0.000000,2.499074,1.899074,0.164158,0.164158,0.164158,0.164158,0.825617,0.989774,0.000687,1.899074,1.073457,0.909299,0.909299,0.000475,horizon_mpc_secbf,12,-0.000475,true,osqp,optimal,50,3.548879,0,0.122913,accept,false,0.749985,0.004796,0.290554,-0.073959,,,0.299819,0.044325,0.934038,3.497048
head_on,context_bl,Proposed MPC-SECBF,17,1.700,-1.267921,-0.029759,0.290554,-0.073959,-0.249251,1.150000,0.080000,-0.500000,0.000000,adult,walking,attentive,2.314906,1.000000,0.000000,2.420411,1.820411,0.163804,0.163804,0.163804,0.163804,0.782706,0.946510,0.000000,1.820411,1.037705,0.873901,0.873901,0.000498,horizon_mpc_secbf,12,-0.000499,true,osqp,optimal,50,4.397936,0,0.112114,accept,false,0.749972,0.006436,0.267301,-0.093193,,,0.283081,0.030177,0.962346,3.468049
head_on,context_bl,Proposed MPC-SECBF,18,1.800,-1.241191,-0.039079,0.267301,-0.093193,-0.335468,1.100000,0.080000,-0.500000,0.000000,adult,walking,attentive,2.290272,1.000000,0.000000,2.344217,1.744217,0.164211,0.164211,0.164211,0.164211,0.756077,0.920288,0.000406,1.744217,0.988140,0.823930,0.823930,0.000533,horizon_mpc_secbf,12,-0.000533,true,osqp,optimal,50,4.041242,0,0.091655,accept,false,0.749952,0.008517,0.239811,-0.119082,,,0.267750,0.037761,0.989121,3.441413
head_on,context_bl,Proposed MPC-SECBF,19,1.900,-1.217210,-0.050987,0.239811,-0.119082,-0.460897,1.050000,0.080000,-0.500000,0.000000,adult,walking,attentive,2.283675,1.000000,0.000000,2.270991,1.670991,0.164319,0.164319,0.164319,0.164319,0.723256,0.887576,0.000109,1.670991,0.947734,0.783415,0.783415,0.000557,horizon_mpc_secbf,12,-0.000557,true,osqp,optimal,50,3.620590,0,0.071810,accept,false,0.749917,0.011189,0.221955,-0.148960,,,0.267307,0.034807,1.015852,3.417590
head_on,context_bl,Proposed MPC-SECBF,20,2.000,-1.195014,-0.065883,0.221955,-0.148960,-0.591083,1.000000,0.080000,-0.500000,0.000000,adult,walking,attentive,2.251772,1.000000,0.000000,2.199857,1.599857,0.164846,0.164846,0.164846,0.164846,0.697580,0.862426,0.000526,1.599857,0.902277,0.737431,0.737431,0.000584,horizon_mpc_secbf,12,-0.000583,true,osqp,optimal,50,3.528530,0,0.044328,accept,false,0.749859,0.014552,0.207580,-0.186022,,,0.278736,0.039752,1.043726,3.395653
head_on,context_bl,Proposed MPC-SECBF,21,2.100,-1.174256,-0.084485,0.207580,-0.186022,-0.730681,0.950000,0.080000,-0.500000,0.000000,adult,walking,attentive,2.214727,1.000000,0.000000,2.130615,1.530615,0.165457,0.165457,0.165457,0.165457,0.671223,0.836680,0.000611,1.530615,0.859392,0.693935,0.693935,0.000605,horizon_mpc_secbf,12,-0.000604,true,osqp,optimal,50,4.242956,0,0.011048,accept,false,0.749765,0.018773,0.203322,-0.229674,,,0.306741,0.043859,1.074400,3.375314
head_on,context_bl,Proposed MPC-SECBF,22,2.200,-1.153924,-0.107452,0.203322,-0.229674,-0.846183,0.900000,0.080000,-0.500000,0.000000,adult,walking,attentive,2.152144,1.000000,0.000000,2.062460,1.462460,0.166490,0.166490,0.166490,0.166490,0.648911,0.815401,0.001033,1.462460,0.813549,0.647059,0.647059,0.000624,horizon_mpc_secbf,12,-0.000624,true,osqp,optimal,50,3.899961,0,-0.033184,accept,false,0.749615,0.024016,0.209340,-0.280973,,,0.350384,0.051651,1.109438,3.355645
head_on,context_bl,Proposed MPC-SECBF,23,2.300,-1.132990,-0.135550,0.209340,-0.280973,-0.930467,0.850000,0.080000,-0.500000,0.000000,adult,walking,attentive,2.066719,1.000000,0.000000,1.994671,1.394671,0.167899,0.167899,0.167899,0.167899,0.627660,0.795559,0.001410,1.394671,0.767011,0.599112,0.599112,0.000638,horizon_mpc_secbf,12,-0.000637,true,osqp,optimal,50,3.683265,0,-0.090923,accept,false,0.749381,0.030477,0.231705,-0.340059,,,0.411494,0.063178,1.150588,3.335745
head_on,context_bl,Proposed MPC-SECBF,24,2.400,-1.109820,-0.169556,0.231705,-0.340059,-0.972686,0.800000,0.080000,-0.500000,0.000000,adult,walking,attentive,1.945857,1.000000,0.000000,1.926055,1.326055,0.169893,0.169893,0.169893,0.169893,0.608633,0.778527,0.001994,1.326055,0.717422,0.547528,0.547528,0.000648,horizon_mpc_secbf,12,-0.000629,true,osqp,optimal,50,3.800089,0,-0.165654,accept,false,0.749018,0.038371,0.272658,-0.403757,,,0.487198,0.075727,1.199308,3.314160
head_on,context_bl,Proposed MPC-SECBF,25,2.500,-1.082554,-0.209931,0.272658,-0.403757,-0.976839,0.750000,0.080000,-0.500000,0.000000,adult,walking,attentive,1.793171,1.000000,0.000000,1.855347,1.255347,0.172413,0.172413,0.172413,0.172413,0.588626,0.761039,0.002519,1.255347,0.666721,0.494309,0.494309,0.000600,horizon_mpc_secbf,12,0.000544,true,osqp,optimal,125,4.824431,0,-0.237315,accept,false,0.748471,0.047867,0.317617,-0.482174,,,0.577384,0.090391,1.257046,3.289260
head_on,context_bl,Proposed MPC-SECBF,26,2.600,-1.050792,-0.258149,0.317617,-0.482174,-0.988317,0.700000,0.080000,-0.500000,0.000000,adult,walking,attentive,1.663259,1.000000,0.000000,1.783148,1.183148,0.174556,0.174556,0.174556,0.174556,0.540672,0.715229,0.002144,1.183148,0.642476,0.467920,0.467920,0.000582,horizon_mpc_secbf,12,0.001050,true,osqp,optimal,125,4.056693,0,-0.296786,accept,false,0.747646,0.059371,0.386030,-0.551926,,,0.673529,0.097702,1.324399,3.261026
head_on,context_bl,Proposed MPC-SECBF,27,2.700,-1.012189,-0.313341,0.386030,-0.551926,-0.960458,0.650000,0.080000,-0.500000,0.000000,adult,walking,attentive,1.507368,1.000000,0.000000,1.708095,1.108095,0.177128,0.177128,0.177128,0.177128,0.485003,0.662132,0.002572,1.108095,0.623092,0.445964,0.445964,0.000598,horizon_mpc_secbf,12,0.001600,true,osqp,optimal,875,7.390526,0,-0.341660,accept,false,0.746457,0.072815,0.449737,-0.590544,,,0.742298,0.074498,1.398629,3.227436
head_on,context_bl,Proposed MPC-SECBF,28,2.800,-0.967215,-0.372396,0.449737,-0.590544,-0.919936,0.600000,0.080000,-0.500000,0.000000,adult,walking,attentive,1.377325,1.000000,0.000000,1.631204,1.031204,0.179274,0.179274,0.179274,0.179274,0.419179,0.598453,0.002146,1.031204,0.612025,0.432751,0.432751,0.000489,horizon_mpc_secbf,12,0.000044,true,osqp,optimal,350,5.727589,0,-0.391798,accept,false,0.744869,0.087580,0.511393,-0.528887,,,0.735693,0.087196,1.472198,3.189033
head_on,context_bl,Proposed MPC-SECBF,29,2.900,-0.916076,-0.425285,0.511393,-0.528887,-0.802213,0.550000,0.080000,-0.500000,0.000000,adult,walking,attentive,1.212849,1.000000,0.000000,1.550707,0.950707,0.181988,0.181988,0.181988,0.181988,0.420996,0.602984,0.002714,0.950707,0.529711,0.347723,0.347723,0.000558,horizon_mpc_secbf,12,-0.000013,true,osqp,optimal,400,5.313625,0,-0.424587,accept,false,0.743111,0.101420,0.502744,-0.537535,,,0.736000,0.012231,1.545798,3.144964
head_on,context_bl,Proposed MPC-SECBF,30,3.000,-0.865802,-0.479038,0.502744,-0.537535,-0.818830,0.500000,0.080000,-0.500000,0.000000,adult,walking,attentive,1.208990,1.000000,0.000000,1.475784,0.875784,0.182052,0.182052,0.182052,0.182052,0.320672,0.502723,0.000064,0.875784,0.555112,0.373060,0.373060,0.000144,horizon_mpc_secbf,12,0.000086,true,osqp,optimal,125,4.222674,0,-0.444321,accept,false,0.741009,0.115784,0.574149,-0.466130,,,0.739543,0.100982,1.619752,3.103001
head_on,context_bl,Proposed MPC-SECBF,31,3.100,-0.808387,-0.525651,0.574149,-0.466130,-0.681932,0.450000,0.080000,-0.500000,0.000000,adult,walking,attentive,1.040245,1.000000,0.000000,1.396549,0.796549,0.184836,0.184836,0.184836,0.184836,0.309049,0.493885,0.002784,0.796549,0.487500,0.302664,0.302664,0.000146,horizon_mpc_secbf,12,0.000105,true,osqp,optimal,75,4.490232,0,-0.470527,accept,false,0.738807,0.129091,0.579847,-0.460431,,,0.740418,0.008059,1.693794,3.053965
head_on,context_bl,Proposed MPC-SECBF,32,3.200,-0.750402,-0.571694,0.579847,-0.460431,-0.671106,0.400000,0.080000,-0.500000,0.000000,adult,walking,attentive,1.013405,1.000000,0.000000,1.322169,0.722169,0.185279,0.185279,0.185279,0.185279,0.207808,0.393087,0.000443,0.722169,0.514361,0.329082,0.329082,0.000176,horizon_mpc_secbf,12,-0.000083,true,osqp,optimal,325,4.756709,0,-0.494628,accept,false,0.736305,0.142672,0.648667,-0.356167,,,0.740016,0.124928,1.767796,3.005280
head_on,context_bl,Proposed MPC-SECBF,33,3.300,-0.685535,-0.607311,0.648667,-0.356167,-0.502133,0.350000,0.080000,-0.500000,0.000000,adult,walking,attentive,0.845789,1.000000,0.000000,1.242871,0.642871,0.188044,0.188044,0.188044,0.188044,0.193279,0.381323,0.002766,0.642871,0.449592,0.261548,0.261548,0.000184,horizon_mpc_secbf,12,-0.000052,true,osqp,optimal,325,4.899784,0,-0.516384,accept,false,0.733921,0.154466,0.656983,-0.336090,,,0.737959,0.021731,1.841592,2.948752
head_on,context_bl,Proposed MPC-SECBF,34,3.400,-0.619837,-0.640920,0.656983,-0.336090,-0.472857,0.300000,0.080000,-0.500000,0.000000,adult,walking,attentive,0.808590,1.000000,0.000000,1.168685,0.568685,0.188658,0.188658,0.188658,0.188658,0.085400,0.274058,0.000614,0.568685,0.483285,0.294627,0.294627,0.000080,horizon_mpc_secbf,12,-0.000068,true,osqp,optimal,75,5.210873,0,-0.539051,accept,false,0.731347,0.166228,0.714287,-0.197727,,,0.741149,0.149759,1.915706,2.891757
head_on,context_bl,Proposed MPC-SECBF,35,3.500,-0.548408,-0.660693,0.714287,-0.197727,-0.270055,0.250000,0.080000,-0.500000,0.000000,adult,walking,attentive,0.647157,1.000000,0.000000,1.089074,0.489074,0.191322,0.191322,0.191322,0.191322,0.062630,0.253952,0.002664,0.489074,0.426444,0.235122,0.235122,0.000071,horizon_mpc_secbf,12,-0.000037,true,osqp,optimal,75,4.194436,0,-0.558548,accept,false,0.729226,0.175299,0.730296,-0.159089,,,0.747423,0.041823,1.990449,2.826705
head_on,context_bl,Proposed MPC-SECBF,36,3.600,-0.475379,-0.676601,0.730296,-0.159089,-0.214491,0.200000,0.080000,-0.500000,0.000000,adult,walking,attentive,0.591188,1.000000,0.000000,1.014190,0.414190,0.192245,0.192245,0.192245,0.192245,0.000000,0.192245,0.000923,0.414190,0.470711,0.278466,0.221945,0.000000,horizon_mpc_secbf,12,0.010996,true,osqp,optimal,75,3.560707,0,-0.547071,accept,false,0.727108,0.183885,0.735589,-0.072115,,,0.739116,0.087135,2.064360,2.759609
head_on,context_bl,Proposed MPC-SECBF,37,3.700,-0.401820,-0.683813,0.735589,-0.072115,-0.097725,0.150000,0.080000,-0.500000,0.000000,adult,walking,attentive,0.514631,1.000000,0.000000,0.942293,0.342293,0.193509,0.193509,0.193509,0.193509,0.000000,0.193509,0.001263,0.342293,0.479961,0.286453,0.148784,0.000000,horizon_mpc_secbf,12,0.005103,true,osqp,optimal,75,3.539469,0,-0.523118,accept,false,0.725366,0.190641,0.735589,-0.063751,,,0.738346,0.008364,2.138195,2.690180
head_on,context_bl,Proposed MPC-SECBF,38,3.800,-0.328261,-0.690188,0.735589,-0.063751,-0.086450,0.100000,0.080000,-0.500000,0.000000,adult,walking,attentive,0.516293,1.000000,0.000000,0.881247,0.281247,0.193481,0.193481,0.193481,0.193481,0.000000,0.193481,0.000000,0.281247,0.560703,0.367222,0.087766,0.000000,horizon_mpc_secbf,12,0.001630,true,osqp,optimal,150,4.920194,0,-0.455195,accept,false,0.723525,0.197514,0.735584,-0.065787,,,0.738520,0.002037,2.212047,2.620775
head_on,context_bl,Proposed MPC-SECBF,39,3.900,-0.254703,-0.696767,0.735584,-0.065787,-0.089198,0.050000,0.080000,-0.500000,0.000000,adult,walking,attentive,0.601059,1.000000,0.000000,0.834392,0.234392,0.192083,0.192083,0.192083,0.192083,0.000000,0.192083,0.000000,0.234392,0.655562,0.463480,0.042310,0.000000,horizon_mpc_secbf,12,0.000623,true,osqp,optimal,100,4.323444,0,-0.347760,accept,false,0.721497,0.204797,0.735590,-0.065678,,,0.738516,0.000109,2.285899,2.551676
head_on,context_bl,Proposed MPC-SECBF,40,4.000,-0.181144,-0.703335,0.735590,-0.065678,-0.089050,0.000000,0.080000,-0.500000,0.000000,adult,walking,attentive,0.951564,1.000000,0.000000,0.804006,0.204006,0.186299,0.186299,0.186299,0.186299,0.000000,0.186299,0.000000,0.204006,0.753765,0.567466,0.017707,0.000000,horizon_mpc_secbf,12,0.005235,true,osqp,optimal,100,4.897358,0,-0.201222,accept,false,0.719278,0.212458,0.735592,-0.061021,,,0.738119,0.004658,2.359710,2.482846
head_on,context_bl,Proposed MPC-SECBF,41,4.100,-0.107584,-0.709437,0.735592,-0.061021,-0.082765,-0.050000,0.080000,-0.500000,0.000000,adult,walking,attentive,6.597615,1.000000,0.000000,0.791534,0.191534,0.136000,0.136000,0.136000,0.136000,0.000000,0.136000,0.000000,0.191534,0.852921,0.716921,0.055534,0.000000,horizon_mpc_secbf,12,0.061317,true,osqp,optimal,100,4.211010,0,0.016965,accept,false,0.716886,0.220397,0.735597,-0.051457,,,0.737395,0.009563,2.433450,2.414176
head_on,context_bl,Proposed MPC-SECBF,42,4.200,-0.034025,-0.714582,0.735597,-0.051457,-0.069839,-0.100000,0.080000,-0.500000,0.000000,adult,walking,attentive,,0.000000,0.000000,0.797317,0.197317,0.070000,0.070000,0.070000,0.070000,0.000000,0.070000,0.000000,0.197317,0.197317,0.127317,0.127317,0.000000,horizon_mpc_secbf,12,0.150495,true,osqp,optimal,125,4.562264,0,0.266645,accept,false,0.714346,0.228493,0.735589,-0.037215,,,0.736529,0.014243,2.507103,2.345526
head_on,context_bl,Proposed MPC-SECBF,43,4.300,0.039534,-0.718304,0.735589,-0.037215,-0.050549,-0.150000,0.080000,-0.500000,0.000000,adult,walking,attentive,,0.000000,0.000000,0.820495,0.220495,0.070000,0.070000,0.070000,0.070000,0.000000,0.070000,0.000000,0.220495,0.220495,0.150495,0.150495,0.000000,horizon_mpc_secbf,12,0.189258,true,osqp,optimal,125,4.089972,0,0.454226,accept,false,0.711695,0.236622,0.735583,-0.018820,,,0.735824,0.018394,2.580685,2.276746
head_on,context_bl,Proposed MPC-SECBF,44,4.400,0.113093,-0.720186,0.735583,-0.018820,-0.025580,-0.200000,0.080000,-0.500000,0.000000,adult,walking,attentive,,0.000000,0.000000,0.859258,0.259258,0.070000,0.070000,0.070000,0.070000,0.000000,0.070000,0.000000,0.259258,0.259258,0.189258,0.189258,0.000000,horizon_mpc_secbf,12,0.241300,true,osqp,optimal,125,3.991568,0,0.636603,accept,false,0.708971,0.244664,0.735583,0.003083,,,0.735589,0.021904,2.654244,2.207680
head_on,context_bl,Proposed MPC-SECBF,45,4.500,0.186651,-0.719878,0.735583,0.003083,0.004192,-0.250000,0.080000,-0.500000,0.000000,adult,walking,attentive,,0.000000,0.000000,0.911300,0.311300,0.070000,0.070000,0.070000,0.070000,0.000000,0.070000,0.000000,0.311300,0.311300,0.241300,0.241300,0.000000,horizon_mpc_secbf,12,0.304267,true,osqp,optimal,100,4.532859,0,0.808916,accept,false,0.706215,0.252509,0.735589,0.027820,,,0.736115,0.024736,2.727856,2.138176
head_on,context_bl,Proposed MPC-SECBF,46,4.600,0.260210,-0.717096,0.735589,0.027820,0.037802,-0.300000,0.080000,-0.500000,0.000000,adult,walking,attentive,,0.000000,0.000000,0.974267,0.374267,0.070000,0.070000,0.070000,0.070000,0.000000,0.070000,0.000000,0.374267,0.374267,0.304267,0.304267,0.000000,horizon_mpc_secbf,12,0.376039,true,osqp,optimal,100,4.327561,0,0.969924,accept,false,0.703470,0.260057,0.735588,0.054775,,,0.737625,0.026955,2.801618,2.068094
head_on,context_bl,Proposed MPC-SECBF,47,4.700,0.333769,-0.711618,0.735588,0.054775,0.074327,-0.350000,0.080000,-0.500000,0.000000,adult,walking,attentive,,0.000000,0.000000,1.046039,0.446039,0.070000,0.070000,0.070000,0.070000,0.000000,0.070000,0.000000,0.446039,0.446039,0.376039,0.376039,0.000000,horizon_mpc_secbf,12,0.454858,true,osqp,optimal,100,4.505012,0,1.120611,accept,false,0.700782,0.267217,0.735589,0.083381,,,0.740300,0.028606,2.875648,1.997303
head_on,context_bl,Proposed MPC-SECBF,48,4.800,0.407328,-0.703280,0.735589,0.083381,0.112871,-0.400000,0.080000,-0.500000,0.000000,adult,walking,attentive,,0.000000,0.000000,1.124858,0.524858,0.070000,0.070000,0.070000,0.070000,0.000000,0.070000,0.000000,0.524858,0.524858,0.454858,0.454858,0.000000,horizon_mpc_secbf,12,0.539331,true,osqp,optimal,100,4.163141,0,1.262879,accept,false,0.698194,0.273907,0.735588,0.113134,,,0.744237,0.029753,2.950072,1.925689
head_on,context_bl,Proposed MPC-SECBF,49,4.900,0.480886,-0.691966,0.735588,0.113134,0.152605,-0.450000,0.080000,-0.500000,0.000000,adult,walking,attentive,,0.000000,0.000000,1.209331,0.609331,0.070000,0.070000,0.070000,0.070000,0.000000,0.070000,0.000000,0.609331,0.609331,0.539331,0.539331,0.000000,horizon_mpc_secbf,12,0.628301,true,osqp,optimal,150,5.193987,0,1.397909,accept,false,0.695753,0.280050,0.734344,0.143438,,,0.748221,0.030329,3.024894,1.853151
head_on,context_bl,Proposed MPC-SECBF,50,5.000,0.554321,-0.677623,0.734344,0.143438,0.192899,-0.500000,0.080000,-0.500000,0.000000,adult,walking,attentive,,0.000000,0.000000,1.298301,0.698301,0.070000,0.070000,0.070000,0.070000,0.000000,0.070000,0.000000,0.698301,0.698301,0.628301,0.628301,0.000000,horizon_mpc_secbf,12,0.720303,true,osqp,optimal,100,4.462076,0,1.522012,accept,false,0.693510,0.285559,0.724647,0.172732,,,0.744950,0.030857,3.099389,1.779728
head_on,context_bl,Proposed MPC-SECBF,51,5.100,0.626785,-0.660350,0.724647,0.172732,0.234000,-0.550000,0.080000,-0.500000,0.000000,adult,walking,attentive,,0.000000,0.000000,1.390303,0.790303,0.070000,0.070000,0.070000,0.070000,0.000000,0.070000,0.000000,0.790303,0.790303,0.720303,0.720303,0.000000,horizon_mpc_secbf,12,0.814454,true,osqp,optimal,100,5.233493,0,1.639347,accept,false,0.691549,0.290275,0.712666,0.201658,,,0.740647,0.031309,3.173454,1.706185
head_on,context_bl,Proposed MPC-SECBF,52,5.200,0.698052,-0.640184,0.712666,0.201658,0.275754,-0.600000,0.080000,-0.500000,0.000000,adult,walking,attentive,,0.000000,0.000000,1.484454,0.884454,0.070000,0.070000,0.070000,0.070000,0.000000,0.070000,0.000000,0.884454,0.884454,0.814454,0.814454,0.000000,horizon_mpc_secbf,12,0.910220,true,osqp,optimal,100,4.673383,0,1.752647,accept,false,0.689941,0.294077,0.700756,0.230412,,,0.737664,0.031123,3.247220,1.632692
head_on,context_bl,Proposed MPC-SECBF,53,5.300,0.768128,-0.617143,0.700756,0.230412,0.317669,-0.650000,0.080000,-0.500000,0.000000,adult,walking,attentive,,0.000000,0.000000,1.580220,0.980220,0.070000,0.070000,0.070000,0.070000,0.000000,0.070000,0.000000,0.980220,0.980220,0.910220,0.910220,0.000000,horizon_mpc_secbf,12,1.007256,true,osqp,optimal,100,3.820322,0,1.863519,accept,false,0.688751,0.296854,0.689221,0.258260,,,0.736019,0.030143,3.320822,1.559206
head_on,context_bl,Proposed MPC-SECBF,54,5.400,0.837050,-0.591317,0.689221,0.258260,0.358519,-0.700000,0.080000,-0.500000,0.000000,adult,walking,attentive,,0.000000,0.000000,1.677256,1.077256,0.070000,0.070000,0.070000,0.070000,0.000000,0.070000,0.000000,1.077256,1.077256,1.007256,1.007256,0.000000,horizon_mpc_secbf,12,1.105493,true,osqp,optimal,100,4.301010,0,1.974564,accept,false,0.688037,0.298505,0.679057,0.282797,,,0.735590,0.026559,3.394381,1.485695
head_on,context_bl,Proposed MPC-SECBF,55,5.500,0.904955,-0.563037,0.679057,0.282797,0.394611,-0.750000,0.080000,-0.500000,0.000000,adult,walking,attentive,,0.000000,0.000000,1.775493,1.175493,0.070000,0.070000,0.070000,0.070000,0.000000,0.070000,0.000000,1.175493,1.175493,1.105493,1.105493,0.000000,horizon_mpc_secbf,12,1.205782,true,osqp,optimal,100,6.317852,0,2.095409,accept,false,0.687808,0.299033,0.675363,0.291716,,,0.735672,0.009654,3.467948,1.412144
head_on,context_bl,Proposed MPC-SECBF,56,5.600,0.972492,-0.533865,0.675363,0.291716,0.407734,-0.800000,0.080000,-0.500000,0.000000,adult,walking,attentive,,0.000000,0.000000,1.875782,1.275782,0.070000,0.070000,0.070000,0.070000,0.000000,0.070000,0.000000,1.275782,1.275782,1.205782,1.205782,0.000000,horizon_mpc_secbf,12,1.308291,true,osqp,optimal,100,8.228363,0,2.219804,accept,false,0.687769,0.299123,0.674699,0.293322,,,0.735701,0.001738,3.541518,1.338577
head_on,context_bl,Proposed MPC-SECBF,57,5.700,1.039962,-0.504533,0.674699,0.293322,0.410095,-0.850000,0.080000,-0.500000,0.000000,adult,walking,attentive,,0.000000,0.000000,1.978291,1.378291,0.070000,0.070000,0.070000,0.070000,0.000000,0.070000,0.000000,1.378291,1.378291,1.308291,1.308291,0.000000,horizon_mpc_secbf,12,1.412775,true,osqp,optimal,100,7.862262,0,2.343678,accept,false,0.687766,0.299129,0.674583,0.293602,,,0.735707,0.000303,3.615089,1.265007
head_on,context_bl,Proposed MPC-SECBF,58,5.800,1.107420,-0.475173,0.674583,0.293602,0.410508,-0.900000,0.080000,-0.500000,0.000000,adult,walking,attentive,,0.000000,0.000000,2.082775,1.482775,0.070000,0.070000,0.070000,0.070000,0.000000,0.070000,0.000000,1.482775,1.482775,1.412775,1.412775,0.000000,horizon_mpc_secbf,12,1.518967,true,osqp,optimal,100,8.015493,0,2.466575,accept,false,0.687771,0.299118,0.674567,0.293641,,,0.735708,0.000042,3.688660,1.191436
head_on,context_bl,Proposed MPC-SECBF,59,5.900,1.174877,-0.445809,0.674567,0.293641,0.410565,-0.950000,0.080000,-0.500000,0.000000,adult,walking,attentive,,0.000000,0.000000,2.188967,1.588967,0.070000,0.070000,0.070000,0.070000,0.000000,0.070000,0.000000,1.588967,1.588967,1.518967,1.518967,0.000000,horizon_mpc_secbf,12,1.626632,true,osqp,optimal,100,7.934305,0,2.588613,accept,false,0.687777,0.299103,0.674570,0.293636,,,0.735708,0.000006,3.762231,1.117866
head_on,context_bl,Proposed MPC-SECBF,60,6.000,1.242334,-0.416445,0.674570,0.293636,0.410557,-1.000000,0.080000,-0.500000,0.000000,adult,walking,attentive,,0.000000,0.000000,2.296632,1.696632,0.070000,0.070000,0.070000,0.070000,0.000000,0.070000,0.000000,1.696632,1.696632,1.626632,1.626632,0.000000,horizon_mpc_secbf,12,1.735573,true,osqp,optimal,100,7.915336,0,2.709968,accept,false,0.687785,0.299086,0.674576,0.293621,,,0.735708,0.000016,3.835801,1.044295
head_on,context_bl,Proposed MPC-SECBF,61,6.100,1.309791,-0.387083,0.674576,0.293621,0.410535,-1.050000,0.080000,-0.500000,0.000000,adult,walking,attentive,,0.000000,0.000000,2.405573,1.805573,0.070000,0.070000,0.070000,0.070000,0.000000,0.070000,0.000000,1.805573,1.805573,1.735573,1.735573,0.000000,horizon_mpc_secbf,12,1.845625,true,osqp,optimal,100,7.579374,0,2.830795,accept,false,0.687792,0.299068,0.674584,0.293603,,,0.735708,0.000019,3.909372,0.970724
head_on,context_bl,Proposed MPC-SECBF,62,6.200,1.377250,-0.357723,0.674584,0.293603,0.410509,-1.100000,0.080000,-0.500000,0.000000,adult,walking,attentive,,0.000000,0.000000,2.515625,1.915625,0.070000,0.070000,0.070000,0.070000,0.000000,0.070000,0.000000,1.915625,1.915625,1.845625,1.845625,0.000000,horizon_mpc_secbf,12,1.956647,true,osqp,optimal,100,7.853316,0,2.951215,accept,false,0.687801,0.299048,0.674592,0.293584,,,0.735708,0.000021,3.982943,0.897153
head_on,context_bl,Proposed MPC-SECBF,63,6.300,1.444709,-0.328364,0.674592,0.293584,0.410480,-1.150000,0.080000,-0.500000,0.000000,adult,walking,attentive,,0.000000,0.000000,2.626647,2.026647,0.070000,0.070000,0.070000,0.070000,0.000000,0.070000,0.000000,2.026647,2.026647,1.956647,1.956647,0.000000,horizon_mpc_secbf,12,2.068523,true,osqp,optimal,100,7.921379,0,3.071326,accept,false,0.687810,0.299027,0.674601,0.293563,,,0.735708,0.000023,4.056514,0.823582
head_on,context_bl,Proposed MPC-SECBF,64,6.400,1.512169,-0.299008,0.674601,0.293563,0.410449,-1.200000,0.080000,-0.500000,0.000000,adult,walking,attentive,,0.000000,0.000000,2.738523,2.138523,0.070000,0.070000,0.070000,0.070000,0.000000,0.070000,0.000000,2.138523,2.138523,2.068523,2.068523,0.000000,horizon_mpc_secbf,12,2.181151,true,osqp,optimal,100,7.945872,0,3.191205,accept,false,0.687820,0.299003,0.674611,0.293540,,,0.735708,0.000025,4.130085,0.750012
head_on,context_bl,Proposed MPC-SECBF,65,6.500,1.579630,-0.269654,0.674611,0.293540,0.410415,-1.250000,0.080000,-0.500000,0.000000,adult,walking,attentive,,0.000000,0.000000,2.851151,2.251151,0.070000,0.070000,0.070000,0.070000,0.000000,0.070000,0.000000,2.251151,2.251151,2.181151,2.181151,0.000000,horizon_mpc_secbf,12,2.294447,true,osqp,optimal,100,7.633123,0,3.310912,accept,false,0.687832,0.298977,0.674622,0.293515,,,0.735708,0.000028,4.203655,0.676441
head_on,context_bl,Proposed MPC-SECBF,66,6.600,1.647092,-0.240303,0.674622,0.293515,0.410378,-1.300000,0.080000,-0.500000,0.000000,adult,walking,attentive,,0.000000,0.000000,2.964447,2.364447,0.070000,0.070000,0.070000,0.070000,0.000000,0.070000,0.000000,2.364447,2.364447,2.294447,2.294447,0.000000,horizon_mpc_secbf,12,2.408336,true,osqp,optimal,100,7.903469,0,3.430494,accept,false,0.687844,0.298948,0.674634,0.293486,,,0.735707,0.000031,4.277226,0.602870
head_on,context_bl,Proposed MPC-SECBF,67,6.700,1.714556,-0.210954,0.674634,0.293486,0.410335,-1.350000,0.080000,-0.500000,0.000000,adult,walking,attentive,,0.000000,0.000000,3.078336,2.478336,0.070000,0.070000,0.070000,0.070000,0.000000,0.070000,0.000000,2.478336,2.478336,2.408336,2.408336,0.000000,horizon_mpc_secbf,12,2.522756,true,osqp,optimal,100,7.892234,0,3.549990,accept,false,0.687859,0.298915,0.674648,0.293454,,,0.735707,0.000035,4.350797,0.529299
head_on,context_bl,Proposed MPC-SECBF,68,6.800,1.782020,-0.181609,0.674648,0.293454,0.410287,-1.400000,0.080000,-0.500000,0.000000,adult,walking,attentive,,0.000000,0.000000,3.192756,2.592756,0.070000,0.070000,0.070000,0.070000,0.000000,0.070000,0.000000,2.592756,2.592756,2.522756,2.522756,0.000000,horizon_mpc_secbf,12,2.637652,true,osqp,optimal,100,8.063300,0,3.669429,accept,false,0.687876,0.298876,0.674664,0.293416,,,0.735707,0.000041,4.424367,0.455729
head_on,context_bl,Proposed MPC-SECBF,69,6.900,1.849487,-0.152267,0.674664,0.293416,0.410232,-1.450000,0.080000,-0.500000,0.000000,adult,walking,attentive,,0.000000,0.000000,3.307652,2.707652,0.070000,0.070000,0.070000,0.070000,0.000000,0.070000,0.000000,2.707652,2.707652,2.637652,2.637652,0.000000,horizon_mpc_secbf,12,2.752976,true,osqp,optimal,100,7.916545,0,3.788834,accept,false,0.687896,0.298830,0.674683,0.293371,,,0.735706,0.000049,4.497938,0.382158
head_on,context_bl,Proposed MPC-SECBF,70,7.000,1.916955,-0.122930,0.674683,0.293371,0.410165,-1.500000,0.080000,-0.500000,0.000000,adult,walking,attentive,,0.000000,0.000000,3.422976,2.822976,0.070000,0.070000,0.070000,0.070000,0.000000,0.070000,0.000000,2.822976,2.822976,2.752976,2.752976,0.000000,horizon_mpc_secbf,12,2.868686,true,osqp,optimal,100,7.998673,0,3.908227,accept,false,0.687921,0.298773,0.674706,0.293315,,,0.735705,0.000060,4.571509,0.308587
head_on,context_bl,Proposed MPC-SECBF,71,7.100,1.984426,-0.093598,0.674706,0.293315,0.410084,-1.550000,0.080000,-0.500000,0.000000,adult,walking,attentive,,0.000000,0.000000,3.538686,2.938686,0.070000,0.070000,0.070000,0.070000,0.000000,0.070000,0.000000,2.938686,2.938686,2.868686,2.868686,0.000000,horizon_mpc_secbf,12,2.984748,true,osqp,optimal,100,8.117780,0,4.027623,accept,false,0.687954,0.298697,0.674737,0.293243,,,0.735704,0.000079,4.645079,0.235017
head_on,context_bl,Proposed MPC-SECBF,72,7.200,2.051899,-0.064274,0.674737,0.293243,0.409977,-1.600000,0.080000,-0.500000,0.000000,adult,walking,attentive,,0.000000,0.000000,3.654748,3.054748,0.070000,0.070000,0.070000,0.070000,0.000000,0.070000,0.000000,3.054748,3.054748,2.984748,2.984748,0.000000,horizon_mpc_secbf,12,3.101130,true,osqp,optimal,100,8.099135,0,4.147041,accept,false,0.688002,0.298586,0.674780,0.293138,,,0.735703,0.000114,4.718649,0.161446
head_on,context_bl,Proposed MPC-SECBF,73,7.300,2.119377,-0.034960,0.674780,0.293138,0.409822,-1.650000,0.080000,-0.500000,0.000000,adult,walking,attentive,,0.000000,0.000000,3.771130,3.171130,0.070000,0.070000,0.070000,0.070000,0.000000,0.070000,0.000000,3.171130,3.171130,3.101130,3.101130,0.000000,horizon_mpc_secbf,12,3.217807,true,osqp,optimal,100,3.837899,0,4.266514,accept,false,0.688092,0.298378,0.674860,0.292946,,,0.735699,0.000208,4.792219,0.087876
head_on,context_bl,Proposed MPC-SECBF,74,7.400,2.186864,-0.005666,0.674860,0.292946,0.409540,-1.700000,0.080000,-0.500000,0.000000,adult,walking,attentive,,0.000000,0.000000,3.887807,3.287807,0.070000,0.070000,0.070000,0.070000,0.000000,0.070000,0.000000,3.287807,3.287807,3.217807,3.217807,0.000000,horizon_mpc_secbf,12,3.290053,true,osqp,optimal,75,4.131629,0,3.940104,accept,false,0.131365,0.056657,0.224614,0.097198,,,0.244742,0.490957,4.816694,0.014306
head_on,context_bl,Proposed MPC-SECBF,75,7.500,2.209325,0.004054,0.224614,0.097198,0.408403,-1.750000,0.080000,-0.500000,0.000000,adult,walking,attentive,,0.000000,0.000000,3.960053,3.360053,0.070000,0.070000,0.070000,0.070000,0.000000,0.070000,0.000000,3.360053,3.360053,3.290053,3.290053,0.000000,horizon_mpc_secbf,12,3.336206,true,osqp,optimal,75,3.744325,0,3.751580,accept,false,-0.093249,-0.040541,-0.038712,-0.016909,,,0.042244,0.286986,4.820918,0.010168
head_on,context_bl,Proposed MPC-SECBF,76,7.600,2.205454,0.002363,-0.038712,-0.016909,-2.729793,-1.800000,0.080000,-0.500000,0.000000,adult,walking,attentive,,0.000000,0.000000,4.006206,3.406206,0.070000,0.070000,0.070000,0.070000,0.000000,0.070000,0.000000,3.406206,3.406206,3.336206,3.336206,0.000000,horizon_mpc_secbf,12,3.381059,true,osqp,optimal,75,3.639917,0,3.784736,accept,false,-0.054537,-0.023632,-0.051822,-0.022479,,,0.056487,0.014244,4.826567,0.005944
head_on,context_bl,Proposed MPC-SECBF,77,7.700,2.200272,0.000115,-0.051822,-0.022479,-2.732318,-1.850000,0.080000,-0.500000,0.000000,adult,walking,attentive,,0.000000,0.000000,4.051059,3.451059,0.070000,0.070000,0.070000,0.070000,0.000000,0.070000,0.000000,3.451059,3.451059,3.381059,3.381059,0.000000,horizon_mpc_secbf,12,3.429945,true,osqp,optimal,50,3.490244,0,3.869921,accept,false,-0.002715,-0.001154,-0.011138,-0.004812,,,0.012133,0.044354,4.827780,0.000295
head_on,context_bl,Proposed MPC-SECBF,78,7.800,2.199158,-0.000366,-0.011138,-0.004812,-2.733746,-1.900000,0.080000,-0.500000,0.000000,adult,walking,attentive,,0.000000,0.000000,4.099945,3.499945,0.070000,0.070000,0.070000,0.070000,0.000000,0.070000,0.000000,3.499945,3.499945,3.429945,3.429945,0.000000,horizon_mpc_secbf,12,3.480438,true,osqp,optimal,50,4.776286,0,3.934867,accept,false,0.008423,0.003659,0.005062,0.002205,,,0.005522,0.017655,4.828332,0.000918
head_on,context_bl,Proposed MPC-SECBF,79,7.900,2.199664,-0.000145,0.005062,0.002205,0.410880,-1.950000,0.080000,-0.500000,0.000000,adult,walking,attentive,,0.000000,0.000000,4.150438,3.550438,0.070000,0.070000,0.070000,0.070000,0.000000,0.070000,0.000000,3.550438,3.550438,3.480438,3.480438,0.000000,horizon_mpc_secbf,12,3.530791,true,osqp,optimal,50,3.528029,0,3.983964,accept,false,0.003361,0.001453,0.003651,0.001582,,,0.003979,0.001543,4.828730,0.000366
head_on,context_bl,Proposed MPC-SECBF,80,8.000,2.200029,0.000013,0.003651,0.001582,0.409014,-2.000000,0.080000,-0.500000,0.000000,adult,walking,attentive,,0.000000,0.000000,4.200791,3.600791,0.070000,0.070000,0.070000,0.070000,0.000000,0.070000,0.000000,3.600791,3.600791,3.530791,3.530791,0.000000,horizon_mpc_secbf,12,3.580781,true,osqp,optimal,25,3.372720,0,4.030695,accept,false,-0.000290,-0.000129,-0.000005,-0.000012,,,0.000014,0.003989,4.828731,0.000032
head_on,context_bl,Proposed MPC-SECBF,81,8.100,2.200028,0.000012,-0.000005,-0.000012,-1.973947,-2.050000,0.080000,-0.500000,0.000000,adult,walking,attentive,,0.000000,0.000000,4.250781,3.650781,0.070000,0.070000,0.070000,0.070000,0.000000,0.070000,0.000000,3.650781,3.650781,3.580781,3.580781,0.000000,horizon_mpc_secbf,12,3.630750,true,osqp,optimal,25,3.518310,0,4.080465,accept,false,-0.000285,-0.000117,-0.000230,-0.000099,,,0.000250,0.000240,4.828756,0.000031
head_on,context_bl,Proposed MPC-SECBF,82,8.200,2.200005,0.000002,-0.000230,-0.000099,-2.735216,-2.100000,0.080000,-0.500000,0.000000,adult,walking,attentive,,0.000000,0.000000,4.300750,3.700750,0.070000,0.070000,0.070000,0.070000,0.000000,0.070000,0.000000,3.700750,3.700750,3.630750,3.630750,0.000000,horizon_mpc_secbf,12,3.680733,true,osqp,optimal,25,4.094337,0,4.130580,accept,false,-0.000055,-0.000018,-0.000083,-0.000032,,,0.000089,0.000161,4.828765,0.000006
head_on,context_bl,Proposed MPC-SECBF,83,8.300,2.199997,-0.000001,-0.000083,-0.000032,-2.778146,-2.150000,0.080000,-0.500000,0.000000,adult,walking,attentive,,0.000000,0.000000,4.350733,3.750733,0.070000,0.070000,0.070000,0.070000,0.000000,0.070000,0.000000,3.750733,3.750733,3.680733,3.680733,0.000000,horizon_mpc_secbf,12,3.730725,true,osqp,optimal,25,3.430708,0,4.180657,accept,false,0.000028,0.000014,0.000009,0.000006,,,0.000011,0.000099,4.828766,0.000003
head_on,context_bl,Proposed MPC-SECBF,84,8.400,2.199998,-0.000001,0.000009,0.000006,0.613771,-2.200000,0.080000,-0.500000,0.000000,adult,walking,attentive,,0.000000,0.000000,4.400725,3.800725,0.070000,0.070000,0.070000,0.070000,0.000000,0.070000,0.000000,3.800725,3.800725,3.730725,3.730725,0.000000,horizon_mpc_secbf,12,3.780719,true,osqp,optimal,25,3.333360,0,4.230660,accept,false,0.000020,0.000008,0.000017,0.000008,,,0.000019,0.000009,4.828768,0.000002
head_on,context_bl,Proposed MPC-SECBF,85,8.500,2.200000,-0.000000,0.000017,0.000008,0.408095,-2.250000,0.080000,-0.500000,0.000000,adult,walking,attentive,,0.000000,0.000000,4.450719,3.850719,0.070000,0.070000,0.070000,0.070000,0.000000,0.070000,0.000000,3.850719,3.850719,3.780719,3.780719,0.000000,horizon_mpc_secbf,12,3.830711,true,osqp,optimal,25,3.511353,0,4.280643,accept,false,0.000002,0.000000,0.000005,0.000002,,,0.000005,0.000014,4.828769,0.000000
head_on,context_bl,Proposed MPC-SECBF,86,8.600,2.200000,0.000000,0.000005,0.000002,0.302565,-2.300000,0.080000,-0.500000,0.000000,adult,walking,attentive,,0.000000,0.000000,4.500711,3.900711,0.070000,0.070000,0.070000,0.070000,0.000000,0.070000,0.000000,3.900711,3.900711,3.830711,3.830711,0.000000,horizon_mpc_secbf,12,3.880703,true,osqp,optimal,25,4.599431,0,4.330631,accept,false,-0.000003,-0.000001,-0.000001,-0.000001,,,0.000001,0.000007,4.828769,0.000000
head_on,context_bl,Proposed MPC-SECBF,87,8.700,2.200000,0.000000,-0.000001,-0.000001,-2.562470,-2.350000,0.080000,-0.500000,0.000000,adult,walking,attentive,,0.000000,0.000000,4.550703,3.950703,0.070000,0.070000,0.070000,0.070000,0.000000,0.070000,0.000000,3.950703,3.950703,3.880703,3.880703,0.000000,horizon_mpc_secbf,12,3.930696,true,osqp,optimal,25,3.940973,0,4.380625,accept,false,-0.000001,-0.000000,-0.000001,-0.000001,,,0.000001,0.000000,4.828769,0.000000
head_on,context_bl,Proposed MPC-SECBF,88,8.800,2.200000,-0.000000,-0.000001,-0.000001,-2.748910,-2.400000,0.080000,-0.500000,0.000000,adult,walking,attentive,,0.000000,0.000000,4.600696,4.000696,0.070000,0.070000,0.070000,0.070000,0.000000,0.070000,0.000000,4.000696,4.000696,3.930696,3.930696,0.000000,horizon_mpc_secbf,12,3.980688,true,osqp,optimal,25,3.543300,0,4.430620,accept,false,-0.000000,0.000000,-0.000000,-0.000000,,,0.000000,0.000001,4.828769,0.000000
head_on,context_bl,Proposed MPC-SECBF,89,8.900,2.200000,-0.000000,-0.000000,-0.000000,-2.960565,-2.450000,0.080000,-0.500000,0.000000,adult,walking,attentive,,0.000000,0.000000,4.650688,4.050688,0.070000,0.070000,0.070000,0.070000,0.000000,0.070000,0.000000,4.050688,4.050688,3.980688,3.980688,0.000000,horizon_mpc_secbf,12,4.030681,true,osqp,optimal,25,3.384031,0,4.480614,accept,false,0.000000,0.000000,0.000000,0.000000,,,0.000000,0.000000,4.828769,0.000000
head_on,context_bl,Proposed MPC-SECBF,90,9.000,2.200000,-0.000000,0.000000,0.000000,0.552380,-2.500000,0.080000,-0.500000,0.000000,adult,walking,attentive,,0.000000,0.000000,4.700681,4.100681,0.070000,0.070000,0.070000,0.070000,0.000000,0.070000,0.000000,4.100681,4.100681,4.030681,4.030681,0.000000,horizon_mpc_secbf,12,4.080674,true,osqp,optimal,25,4.181149,0,4.530608,accept,false,0.000000,0.000000,0.000000,0.000000,,,0.000000,0.000000,4.828769,0.000000
head_on,context_bl,Proposed MPC-SECBF,91,9.100,2.200000,0.000000,0.000000,0.000000,0.359985,-2.550000,0.080000,-0.500000,0.000000,adult,walking,attentive,,0.000000,0.000000,4.750674,4.150674,0.070000,0.070000,0.070000,0.070000,0.000000,0.070000,0.000000,4.150674,4.150674,4.080674,4.080674,0.000000,horizon_mpc_secbf,12,4.130667,true,osqp,optimal,25,3.875757,0,4.580603,accept,false,0.000000,0.000000,0.000000,0.000000,,,0.000000,0.000000,4.828769,0.000000
head_on,context_bl,Proposed MPC-SECBF,92,9.200,2.200000,0.000000,0.000000,0.000000,0.358112,-2.600000,0.080000,-0.500000,0.000000,adult,walking,attentive,,0.000000,0.000000,4.800667,4.200667,0.070000,0.070000,0.070000,0.070000,0.000000,0.070000,0.000000,4.200667,4.200667,4.130667,4.130667,0.000000,horizon_mpc_secbf,12,4.180660,true,osqp,optimal,25,3.328695,0,4.630597,accept,false,-0.000000,-0.000000,-0.000000,-0.000000,,,0.000000,0.000000,4.828769,0.000000
head_on,context_bl,Proposed MPC-SECBF,93,9.300,2.200000,0.000000,-0.000000,-0.000000,-2.440731,-2.650000,0.080000,-0.500000,0.000000,adult,walking,attentive,,0.000000,0.000000,4.850660,4.250660,0.070000,0.070000,0.070000,0.070000,0.000000,0.070000,0.000000,4.250660,4.250660,4.180660,4.180660,0.000000,horizon_mpc_secbf,12,4.230653,true,osqp,optimal,25,3.348589,0,4.680592,accept,false,0.000000,0.000000,-0.000000,-0.000000,,,0.000000,0.000000,4.828769,0.000000
head_on,context_bl,Proposed MPC-SECBF,94,9.400,2.200000,0.000000,-0.000000,-0.000000,-1.571943,-2.700000,0.080000,-0.500000,0.000000,adult,walking,attentive,,0.000000,0.000000,4.900653,4.300653,0.070000,0.070000,0.070000,0.070000,0.000000,0.070000,0.000000,4.300653,4.300653,4.230653,4.230653,0.000000,horizon_mpc_secbf,12,4.280646,true,osqp,optimal,25,4.287404,0,4.730586,accept,false,0.000000,0.000000,0.000000,-0.000000,,,0.000000,0.000000,4.828769,0.000000
head_on,context_bl,Proposed MPC-SECBF,95,9.500,2.200000,0.000000,0.000000,-0.000000,-1.571943,-2.750000,0.080000,-0.500000,0.000000,adult,walking,attentive,,0.000000,0.000000,4.950646,4.350646,0.070000,0.070000,0.070000,0.070000,0.000000,0.070000,0.000000,4.350646,4.350646,4.280646,4.280646,0.000000,horizon_mpc_secbf,12,4.330640,true,osqp,optimal,25,3.814979,0,4.780581,accept,false,0.000000,0.000000,0.000000,-0.000000,,,0.000000,0.000000,4.828769,0.000000
head_on,context_bl,Proposed MPC-SECBF,96,9.600,2.200000,0.000000,0.000000,-0.000000,-1.571943,-2.800000,0.080000,-0.500000,0.000000,adult,walking,attentive,,0.000000,0.000000,5.000640,4.400640,0.070000,0.070000,0.070000,0.070000,0.000000,0.070000,0.000000,4.400640,4.400640,4.330640,4.330640,0.000000,horizon_mpc_secbf,12,4.380634,true,osqp,optimal,25,3.389087,0,4.830576,accept,false,0.000000,0.000000,0.000000,-0.000000,,,0.000000,0.000000,4.828769,0.000000
head_on,context_bl,Proposed MPC-SECBF,97,9.700,2.200000,0.000000,0.000000,-0.000000,-1.571943,-2.850000,0.080000,-0.500000,0.000000,adult,walking,attentive,,0.000000,0.000000,5.050634,4.450634,0.070000,0.070000,0.070000,0.070000,0.000000,0.070000,0.000000,4.450634,4.450634,4.380634,4.380634,0.000000,horizon_mpc_secbf,12,4.430627,true,osqp,optimal,25,3.537215,0,4.880571,accept,false,0.000000,0.000000,0.000000,-0.000000,,,0.000000,0.000000,4.828769,0.000000
head_on,context_bl,Proposed MPC-SECBF,98,9.800,2.200000,0.000000,0.000000,-0.000000,-1.571943,-2.900000,0.080000,-0.500000,0.000000,adult,walking,attentive,,0.000000,0.000000,5.100627,4.500627,0.070000,0.070000,0.070000,0.070000,0.000000,0.070000,0.000000,4.500627,4.500627,4.430627,4.430627,0.000000,horizon_mpc_secbf,12,4.480621,true,osqp,optimal,25,3.901134,0,4.930566,accept,false,0.000000,0.000000,0.000000,-0.000000,,,0.000000,0.000000,4.828769,0.000000
head_on,context_bl,Proposed MPC-SECBF,99,9.900,2.200000,0.000000,0.000000,-0.000000,-1.571943,-2.950000,0.080000,-0.500000,0.000000,adult,walking,attentive,,0.000000,0.000000,5.150621,4.550621,0.070000,0.070000,0.070000,0.070000,0.000000,0.070000,0.000000,4.550621,4.550621,4.480621,4.480621,0.000000,horizon_mpc_secbf,12,4.530615,true,osqp,optimal,25,4.297843,0,4.980561,accept,false,0.000000,0.000000,0.000000,-0.000000,,,0.000000,0.000000,4.828769,0.000000
head_on,context_bl,Proposed MPC-SECBF,100,10.000,2.200000,0.000000,0.000000,-0.000000,-1.571943,-3.000000,0.080000,-0.500000,0.000000,adult,walking,attentive,,0.000000,0.000000,5.200615,4.600615,0.070000,0.070000,0.070000,0.070000,0.000000,0.070000,0.000000,4.600615,4.600615,4.530615,4.530615,0.000000,horizon_mpc_secbf,12,4.580609,true,osqp,optimal,25,3.392152,0,5.030556,accept,false,0.000000,0.000000,0.000000,-0.000000,,,0.000000,0.000000,4.828769,0.000000
head_on,context_bl,Proposed MPC-SECBF,101,10.100,2.200000,0.000000,0.000000,-0.000000,-1.571943,-3.050000,0.080000,-0.500000,0.000000,adult,walking,attentive,,0.000000,0.000000,5.250609,4.650609,0.070000,0.070000,0.070000,0.070000,0.000000,0.070000,0.000000,4.650609,4.650609,4.580609,4.580609,0.000000,horizon_mpc_secbf,12,4.630604,true,osqp,optimal,25,3.575203,0,5.080551,accept,false,0.000000,0.000000,0.000000,-0.000000,,,0.000000,0.000000,4.828769,0.000000
head_on,context_bl,Proposed MPC-SECBF,102,10.200,2.200000,0.000000,0.000000,-0.000000,-1.571943,-3.100000,0.080000,-0.500000,0.000000,adult,walking,attentive,,0.000000,0.000000,5.300604,4.700604,0.070000,0.070000,0.070000,0.070000,0.000000,0.070000,0.000000,4.700604,4.700604,4.630604,4.630604,0.000000,horizon_mpc_secbf,12,4.680598,true,osqp,optimal,25,3.890778,0,5.130547,accept,false,0.000000,0.000000,0.000000,-0.000000,,,0.000000,0.000000,4.828769,0.000000
head_on,context_bl,Proposed MPC-SECBF,103,10.300,2.200000,0.000000,0.000000,-0.000000,-1.571943,-3.150000,0.080000,-0.500000,0.000000,adult,walking,attentive,,0.000000,0.000000,5.350598,4.750598,0.070000,0.070000,0.070000,0.070000,0.000000,0.070000,0.000000,4.750598,4.750598,4.680598,4.680598,0.000000,horizon_mpc_secbf,12,4.730593,true,osqp,optimal,25,3.828895,0,5.180542,accept,false,0.000000,0.000000,0.000000,-0.000000,,,0.000000,0.000000,4.828769,0.000000
head_on,context_bl,Proposed MPC-SECBF,104,10.400,2.200000,0.000000,0.000000,-0.000000,-1.571943,-3.200000,0.080000,-0.500000,0.000000,adult,walking,attentive,,0.000000,0.000000,5.400593,4.800593,0.070000,0.070000,0.070000,0.070000,0.000000,0.070000,0.000000,4.800593,4.800593,4.730593,4.730593,0.000000,horizon_mpc_secbf,12,4.780587,true,osqp,optimal,25,3.500680,0,5.230538,accept,false,0.000000,0.000000,0.000000,-0.000000,,,0.000000,0.000000,4.828769,0.000000
head_on,context_bl,Proposed MPC-SECBF,105,10.500,2.200000,0.000000,0.000000,-0.000000,-1.571943,-3.250000,0.080000,-0.500000,0.000000,adult,walking,attentive,,0.000000,0.000000,5.450587,4.850587,0.070000,0.070000,0.070000,0.070000,0.000000,0.070000,0.000000,4.850587,4.850587,4.780587,4.780587,0.000000,horizon_mpc_secbf,12,4.830582,true,osqp,optimal,25,3.342217,0,5.280533,accept,false,0.000000,0.000000,0.000000,-0.000000,,,0.000000,0.000000,4.828769,0.000000
head_on,context_bl,Proposed MPC-SECBF,106,10.600,2.200000,0.000000,0.000000,-0.000000,-1.571943,-3.300000,0.080000,-0.500000,0.000000,adult,walking,attentive,,0.000000,0.000000,5.500582,4.900582,0.070000,0.070000,0.070000,0.070000,0.000000,0.070000,0.000000,4.900582,4.900582,4.830582,4.830582,0.000000,horizon_mpc_secbf,12,4.880577,true,osqp,optimal,25,3.632138,0,5.330529,accept,false,0.000000,0.000000,0.000000,-0.000000,,,0.000000,0.000000,4.828769,0.000000
head_on,context_bl,Proposed MPC-SECBF,107,10.700,2.200000,0.000000,0.000000,-0.000000,-1.571943,-3.350000,0.080000,-0.500000,0.000000,adult,walking,attentive,,0.000000,0.000000,5.550577,4.950577,0.070000,0.070000,0.070000,0.070000,0.000000,0.070000,0.000000,4.950577,4.950577,4.880577,4.880577,0.000000,horizon_mpc_secbf,12,4.930571,true,osqp,optimal,25,4.374708,0,5.380525,accept,false,0.000000,0.000000,0.000000,-0.000000,,,0.000000,0.000000,4.828769,0.000000
head_on,context_bl,Proposed MPC-SECBF,108,10.800,2.200000,0.000000,0.000000,-0.000000,-1.571943,-3.400000,0.080000,-0.500000,0.000000,adult,walking,attentive,,0.000000,0.000000,5.600571,5.000571,0.070000,0.070000,0.070000,0.070000,0.000000,0.070000,0.000000,5.000571,5.000571,4.930571,4.930571,0.000000,horizon_mpc_secbf,12,4.980566,true,osqp,optimal,25,3.310379,0,5.430520,accept,false,0.000000,0.000000,0.000000,-0.000000,,,0.000000,0.000000,4.828769,0.000000
head_on,context_bl,Proposed MPC-SECBF,109,10.900,2.200000,0.000000,0.000000,-0.000000,-1.571943,-3.450000,0.080000,-0.500000,0.000000,adult,walking,attentive,,0.000000,0.000000,5.650566,5.050566,0.070000,0.070000,0.070000,0.070000,0.000000,0.070000,0.000000,5.050566,5.050566,4.980566,4.980566,0.000000,horizon_mpc_secbf,12,5.030561,true,osqp,optimal,25,3.497865,0,5.480516,accept,false,0.000000,0.000000,0.000000,-0.000000,,,0.000000,0.000000,4.828769,0.000000
head_on,context_bl,Proposed MPC-SECBF,110,11.000,2.200000,0.000000,0.000000,-0.000000,-1.571943,-3.500000,0.080000,-0.500000,0.000000,adult,walking,attentive,,0.000000,0.000000,5.700561,5.100561,0.070000,0.070000,0.070000,0.070000,0.000000,0.070000,0.000000,5.100561,5.100561,5.030561,5.030561,0.000000,horizon_mpc_secbf,12,5.080556,true,osqp,optimal,25,3.419512,0,5.530512,accept,false,0.000000,0.000000,0.000000,-0.000000,,,0.000000,0.000000,4.828769,0.000000
head_on,context_bl,Proposed MPC-SECBF,111,11.100,2.200000,0.000000,0.000000,-0.000000,-1.571943,-3.550000,0.080000,-0.500000,0.000000,adult,walking,attentive,,0.000000,0.000000,5.750556,5.150556,0.070000,0.070000,0.070000,0.070000,0.000000,0.070000,0.000000,5.150556,5.150556,5.080556,5.080556,0.000000,horizon_mpc_secbf,12,5.130552,true,osqp,optimal,25,4.667340,0,5.580508,accept,false,0.000000,0.000000,0.000000,-0.000000,,,0.000000,0.000000,4.828769,0.000000
head_on,context_bl,Proposed MPC-SECBF,112,11.200,2.200000,0.000000,0.000000,-0.000000,-1.571943,-3.600000,0.080000,-0.500000,0.000000,adult,walking,attentive,,0.000000,0.000000,5.800552,5.200552,0.070000,0.070000,0.070000,0.070000,0.000000,0.070000,0.000000,5.200552,5.200552,5.130552,5.130552,0.000000,horizon_mpc_secbf,12,5.180547,true,osqp,optimal,25,5.829871,0,5.630504,accept,false,0.000000,0.000000,0.000000,-0.000000,,,0.000000,0.000000,4.828769,0.000000
head_on,context_bl,Proposed MPC-SECBF,113,11.300,2.200000,0.000000,0.000000,-0.000000,-1.571943,-3.650000,0.080000,-0.500000,0.000000,adult,walking,attentive,,0.000000,0.000000,5.850547,5.250547,0.070000,0.070000,0.070000,0.070000,0.000000,0.070000,0.000000,5.250547,5.250547,5.180547,5.180547,0.000000,horizon_mpc_secbf,12,5.230542,true,osqp,optimal,25,4.024757,0,5.680500,accept,false,0.000000,0.000000,0.000000,-0.000000,,,0.000000,0.000000,4.828769,0.000000
head_on,context_bl,Proposed MPC-SECBF,114,11.400,2.200000,0.000000,0.000000,-0.000000,-1.571943,-3.700000,0.080000,-0.500000,0.000000,adult,walking,attentive,,0.000000,0.000000,5.900542,5.300542,0.070000,0.070000,0.070000,0.070000,0.000000,0.070000,0.000000,5.300542,5.300542,5.230542,5.230542,0.000000,horizon_mpc_secbf,12,5.280538,true,osqp,optimal,25,5.226478,0,5.730496,accept,false,0.000000,0.000000,0.000000,-0.000000,,,0.000000,0.000000,4.828769,0.000000
head_on,context_bl,Proposed MPC-SECBF,115,11.500,2.200000,0.000000,0.000000,-0.000000,-1.571943,-3.750000,0.080000,-0.500000,0.000000,adult,walking,attentive,,0.000000,0.000000,5.950538,5.350538,0.070000,0.070000,0.070000,0.070000,0.000000,0.070000,0.000000,5.350538,5.350538,5.280538,5.280538,0.000000,horizon_mpc_secbf,12,5.330533,true,osqp,optimal,25,4.963936,0,5.780493,accept,false,0.000000,0.000000,0.000000,-0.000000,,,0.000000,0.000000,4.828769,0.000000
head_on,context_bl,Proposed MPC-SECBF,116,11.600,2.200000,0.000000,0.000000,-0.000000,-1.571943,-3.800000,0.080000,-0.500000,0.000000,adult,walking,attentive,,0.000000,0.000000,6.000533,5.400533,0.070000,0.070000,0.070000,0.070000,0.000000,0.070000,0.000000,5.400533,5.400533,5.330533,5.330533,0.000000,horizon_mpc_secbf,12,5.380529,true,osqp,optimal,25,4.947611,0,5.830489,accept,false,0.000000,0.000000,0.000000,-0.000000,,,0.000000,0.000000,4.828769,0.000000
head_on,context_bl,Proposed MPC-SECBF,117,11.700,2.200000,0.000000,0.000000,-0.000000,-1.571943,-3.850000,0.080000,-0.500000,0.000000,adult,walking,attentive,,0.000000,0.000000,6.050529,5.450529,0.070000,0.070000,0.070000,0.070000,0.000000,0.070000,0.000000,5.450529,5.450529,5.380529,5.380529,0.000000,horizon_mpc_secbf,12,5.430525,true,osqp,optimal,25,4.652962,0,5.880485,accept,false,0.000000,0.000000,0.000000,-0.000000,,,0.000000,0.000000,4.828769,0.000000
head_on,context_bl,Proposed MPC-SECBF,118,11.800,2.200000,0.000000,0.000000,-0.000000,-1.571943,-3.900000,0.080000,-0.500000,0.000000,adult,walking,attentive,,0.000000,0.000000,6.100525,5.500525,0.070000,0.070000,0.070000,0.070000,0.000000,0.070000,0.000000,5.500525,5.500525,5.430525,5.430525,0.000000,horizon_mpc_secbf,12,5.480520,true,osqp,optimal,25,4.153255,0,5.930482,accept,false,0.000000,0.000000,0.000000,-0.000000,,,0.000000,0.000000,4.828769,0.000000
head_on,context_bl,Proposed MPC-SECBF,119,11.900,2.200000,0.000000,0.000000,-0.000000,-1.571943,-3.950000,0.080000,-0.500000,0.000000,adult,walking,attentive,,0.000000,0.000000,6.150520,5.550520,0.070000,0.070000,0.070000,0.070000,0.000000,0.070000,0.000000,5.550520,5.550520,5.480520,5.480520,0.000000,horizon_mpc_secbf,12,5.530516,true,osqp,optimal,25,5.217457,0,5.980478,accept,false,0.000000,0.000000,0.000000,-0.000000,,,0.000000,0.000000,4.828769,0.000000
