scenario,context_level,method,step,time,robot_x,robot_y,robot_vx,robot_vy,robot_theta,human_x,human_y,human_vx,human_vy,human_type,motion_state,attention_state,ttc,head_on_factor,crowding_factor,distance,clearance,beta_candidate,beta_final,beta_requested,beta_applied,beta_dynamic,beta_cbf,delta_beta,h_standard,h_ee,h_see,h_cbf,slack,controller_type,horizon_steps,predicted_min_h,solver_success,solver_backend,solver_status,solver_iterations,solve_time_ms,active_constraints,min_cbf_value,guard_status,guard_active,u_ref_x,u_ref_y,cmd_vx,cmd_vy,cmd_v,cmd_omega,speed,command_step,path_length,goal_error
local_crowding,context_bl,Standard MPC-CBF,0,0.000,-2.200000,-0.350000,0.000000,0.000000,0.000000,0.150000,-1.100000,-0.060000,0.420000,pedestrian,walking,unknown,10.098536,1.000000,0.375000,2.466779,1.866779,0.000000,0.000000,0.000000,0.000000,0.000000,0.000000,0.000000,1.866779,1.866779,1.866779,1.866779,0.000000,horizon_mpc_secbf,12,0.834700,true,osqp,optimal,175,4.785325,0,1.090306,geometric,false,0.750000,0.000000,0.621016,0.000000,,,0.621016,0.621016,0.062102,4.400000
local_crowding,context_bl,Standard MPC-CBF,1,0.100,-2.137898,-0.350000,0.621016,0.000000,0.000000,0.144000,-1.058000,-0.060000,0.420000,pedestrian,walking,unknown,2.308992,1.000000,0.375000,2.389210,1.789210,0.000000,0.000000,0.000000,0.000000,0.000000,0.000000,0.000000,1.789210,1.789210,1.789210,1.789210,0.000000,horizon_mpc_secbf,12,0.750775,true,osqp,optimal,125,5.435721,0,0.913956,geometric,false,0.750000,-0.000000,0.726102,0.000000,,,0.726102,0.105086,0.134712,4.337898
local_crowding,context_bl,Standard MPC-CBF,2,0.200,-2.065288,-0.350000,0.726102,0.000000,0.000000,0.138000,-1.016000,-0.060000,0.420000,pedestrian,walking,unknown,1.947074,1.000000,0.375000,2.301746,1.701746,0.000000,0.000000,0.000000,0.000000,0.000000,0.000000,0.000000,1.701746,1.701746,1.701746,1.701746,0.000000,horizon_mpc_secbf,12,0.667739,true,osqp,optimal,125,6.651827,0,0.818664,geometric,false,0.750000,-0.000000,0.735588,0.000001,,,0.735588,0.009486,0.208271,4.265288
local_crowding,context_bl,Standard MPC-CBF,3,0.300,-1.991729,-0.350000,0.735588,0.000001,0.000001,0.132000,-0.974000,-0.060000,0.420000,pedestrian,walking,unknown,1.829949,1.000000,0.375000,2.213505,1.613505,0.000000,0.000000,0.000000,0.000000,0.000000,0.000000,0.000000,1.613505,1.613505,1.613505,1.613505,0.000000,horizon_mpc_secbf,12,0.586075,true,osqp,optimal,125,4.793301,0,0.731786,geometric,false,0.750000,-0.000000,0.735588,0.000009,,,0.735588,0.000008,0.281830,4.191729
local_crowding,context_bl,Standard MPC-CBF,4,0.400,-1.918170,-0.349999,0.735588,0.000009,0.000013,0.126000,-0.932000,-0.060000,0.420000,pedestrian,walking,unknown,1.733052,1.000000,0.375000,2.125408,1.525408,0.000000,0.000000,0.000000,0.000000,0.000000,0.000000,0.000000,1.525408,1.525408,1.525408,1.525408,0.000000,horizon_mpc_secbf,12,0.505661,true,osqp,optimal,125,4.855266,0,0.645235,geometric,false,0.750000,-0.000000,0.735589,0.000058,,,0.735589,0.000048,0.355388,4.118170
local_crowding,context_bl,Standard MPC-CBF,5,0.500,-1.844612,-0.349993,0.735589,0.000058,0.000078,0.120000,-0.890000,-0.060000,0.420000,pedestrian,walking,unknown,1.636400,1.000000,0.375000,2.037475,1.437475,0.000000,0.000000,0.000000,0.000000,0.000000,0.000000,0.000000,1.437475,1.437475,1.437475,1.437475,0.000000,horizon_mpc_secbf,12,0.426411,true,osqp,optimal,125,3.927833,0,0.559110,geometric,false,0.750000,-0.000001,0.735589,0.000331,,,0.735589,0.000273,0.428947,4.044612
local_crowding,context_bl,Standard MPC-CBF,6,0.600,-1.771053,-0.349960,0.735589,0.000331,0.000449,0.114000,-0.848000,-0.060000,0.420000,pedestrian,walking,unknown,1.540098,1.000000,0.375000,1.949735,1.349735,0.000000,0.000000,0.000000,0.000000,0.000000,0.000000,0.000000,1.349735,1.349735,1.349735,1.349735,0.000000,horizon_mpc_secbf,12,0.348264,true,osqp,optimal,175,4.489975,0,0.473749,geometric,false,0.750000,-0.000008,0.735573,0.001873,,,0.735575,0.001543,0.502505,3.971053
local_crowding,context_bl,Standard MPC-CBF,7,0.700,-1.697495,-0.349773,0.735573,0.001873,0.002546,0.108000,-0.806000,-0.060000,0.420000,pedestrian,walking,unknown,1.444606,1.000000,0.375000,1.862245,1.262245,0.000000,0.000000,0.000000,0.000000,0.000000,0.000000,0.000000,1.262245,1.262245,1.262245,1.262245,0.000000,horizon_mpc_secbf,12,0.271128,true,osqp,optimal,175,5.134164,0,0.390609,geometric,false,0.750000,-0.000044,0.735576,0.010575,,,0.735652,0.008702,0.576070,3.897495
local_crowding,context_bl,Standard MPC-CBF,8,0.800,-1.623938,-0.348715,0.735576,0.010575,0.014375,0.102000,-0.764000,-0.060000,0.420000,pedestrian,walking,unknown,1.351919,1.000000,0.375000,1.775196,1.175196,0.000000,0.000000,0.000000,0.000000,0.000000,0.000000,0.000000,1.175196,1.175196,1.175196,1.175196,0.000000,horizon_mpc_secbf,12,0.194883,true,osqp,optimal,175,4.486890,0,0.310881,geometric,false,0.750000,-0.000252,0.735580,0.031810,,,0.736267,0.021236,0.649697,3.823938
local_crowding,context_bl,Standard MPC-CBF,9,0.900,-1.550380,-0.345534,0.735580,0.031810,0.043218,0.096000,-0.722000,-0.060000,0.420000,adult,walking,attentive,1.263057,1.000000,0.375000,1.688873,1.088873,0.000000,0.000000,0.000000,0.000000,0.000000,0.000000,0.000000,1.088873,1.088873,1.088873,1.088873,0.000000,horizon_mpc_secbf,12,0.119331,true,osqp,optimal,175,4.322634,0,0.231854,geometric,false,0.749999,-0.000893,0.735581,0.054580,,,0.737603,0.022770,0.723457,3.750382
local_crowding,context_bl,Standard MPC-CBF,10,1.000,-1.476822,-0.340076,0.735581,0.054580,0.074065,0.090000,-0.680000,-0.060000,0.420000,adult,walking,attentive,1.173458,1.000000,0.375000,1.603271,1.003271,0.000000,0.000000,0.000000,0.000000,0.000000,0.000000,0.000000,1.003271,1.003271,1.003271,1.003271,0.000000,horizon_mpc_secbf,12,0.044334,true,osqp,optimal,150,4.896147,0,0.153032,geometric,false,0.749997,-0.002024,0.735582,0.076899,,,0.739591,0.022319,0.797416,3.676835
local_crowding,context_bl,Standard MPC-CBF,11,1.100,-1.403263,-0.332386,0.735582,0.076899,0.104164,0.084000,-0.638000,-0.060000,0.420000,adult,walking,attentive,1.082488,1.000000,0.375000,1.518339,0.918339,0.000000,0.000000,0.000000,0.000000,0.000000,0.000000,0.000000,0.918339,0.918339,0.918339,0.918339,0.000034,horizon_mpc_secbf,12,-0.000037,true,osqp,optimal,50,5.142200,0,0.096618,geometric,false,0.749991,-0.003666,0.713435,0.101295,,,0.720590,0.032949,0.869475,3.603307
local_crowding,context_bl,Standard MPC-CBF,12,1.200,-1.331920,-0.322257,0.713435,0.101295,0.141040,0.078000,-0.596000,-0.060000,0.420000,adult,walking,attentive,1.019814,1.000000,0.375000,1.436248,0.836248,0.000000,0.000000,0.000000,0.000000,0.000000,0.000000,0.000000,0.836248,0.836248,0.836248,0.836248,0.000095,horizon_mpc_secbf,12,-0.000096,true,osqp,optimal,50,3.801747,0,0.076864,geometric,false,0.749977,-0.005891,0.656608,0.126141,,,0.668614,0.062022,0.936337,3.532029
local_crowding,context_bl,Standard MPC-CBF,13,1.300,-1.266259,-0.309643,0.656608,0.126141,0.189798,0.072000,-0.554000,-0.060000,0.420000,adult,walking,attentive,1.003496,1.000000,0.375000,1.360385,0.760385,0.000000,0.000000,0.000000,0.000000,0.000000,0.000000,0.000000,0.760385,0.760385,0.760385,0.760385,0.000152,horizon_mpc_secbf,12,-0.000152,true,osqp,optimal,50,4.141489,0,0.064497,geometric,false,0.749949,-0.008732,0.597638,0.146658,,,0.615369,0.062437,0.997874,3.466494
local_crowding,context_bl,Standard MPC-CBF,14,1.400,-1.206495,-0.294977,0.597638,0.146658,0.240641,0.066000,-0.512000,-0.060000,0.420000,adult,walking,attentive,0.995157,1.000000,0.375000,1.290869,0.690869,0.000000,0.000000,0.000000,0.000000,0.000000,0.000000,0.000000,0.690869,0.690869,0.690869,0.690869,0.000204,horizon_mpc_secbf,12,-0.000203,true,osqp,optimal,50,5.184617,0,0.054170,geometric,false,0.749902,-0.012113,0.541878,0.160709,,,0.565207,0.057503,1.054394,3.406940
local_crowding,context_bl,Standard MPC-CBF,15,1.500,-1.152308,-0.278906,0.541878,0.160709,0.288314,0.060000,-0.470000,-0.060000,0.420000,adult,walking,attentive,0.987977,1.000000,0.375000,1.227276,0.627276,0.000000,0.000000,0.000000,0.000000,0.000000,0.000000,0.000000,0.627276,0.627276,0.627276,0.627276,0.000251,horizon_mpc_secbf,12,-0.000251,true,osqp,optimal,50,3.801899,0,0.044294,geometric,false,0.749831,-0.015902,0.490360,0.165759,,,0.517618,0.051765,1.106156,3.353061
local_crowding,context_bl,Standard MPC-CBF,16,1.600,-1.103272,-0.262330,0.490360,0.165759,0.325977,0.054000,-0.428000,-0.060000,0.420000,adult,walking,attentive,0.979746,1.000000,0.375000,1.169070,0.569070,0.000000,0.000000,0.000000,0.000000,0.000000,0.000000,0.000000,0.569070,0.569070,0.569070,0.569070,0.000295,horizon_mpc_secbf,12,-0.000294,true,osqp,optimal,50,4.062927,0,0.032951,geometric,false,0.749736,-0.019898,0.444292,0.157420,,,0.471356,0.046816,1.153292,3.304435
local_crowding,context_bl,Standard MPC-CBF,17,1.700,-1.058842,-0.246588,0.444292,0.157420,0.340514,0.048000,-0.386000,-0.060000,0.420000,adult,walking,attentive,0.967054,1.000000,0.375000,1.115588,0.515588,0.000000,0.000000,0.000000,0.000000,0.000000,0.000000,0.000000,0.515588,0.515588,0.515588,0.515588,0.000333,horizon_mpc_secbf,12,-0.000333,true,osqp,optimal,50,3.713606,0,0.015369,geometric,false,0.749623,-0.023788,0.407717,0.127920,,,0.427313,0.046989,1.196023,3.260483
local_crowding,context_bl,Standard MPC-CBF,18,1.800,-1.018071,-0.233796,0.407717,0.127920,0.304021,0.042000,-0.344000,-0.060000,0.420000,adult,walking,attentive,0.940196,1.000000,0.375000,1.065784,0.465784,0.000000,0.000000,0.000000,0.000000,0.000000,0.000000,0.000000,0.465784,0.465784,0.465784,0.465784,0.000363,horizon_mpc_secbf,12,-0.000361,true,osqp,optimal,50,4.272849,0,-0.021377,geometric,false,0.749512,-0.027065,0.393358,0.066087,,,0.398871,0.063478,1.235910,3.220168
local_crowding,context_bl,Standard MPC-CBF,19,1.900,-0.978735,-0.227187,0.393358,0.066087,0.166454,0.036000,-0.302000,-0.060000,0.420000,adult,walking,attentive,0.873129,1.000000,0.375000,1.017489,0.417489,0.000000,0.000000,0.000000,0.000000,0.000000,0.000000,0.000000,0.417489,0.417489,0.417489,0.417489,0.000380,horizon_mpc_secbf,12,-0.000375,true,osqp,optimal,50,4.241405,0,-0.105114,geometric,false,0.749441,-0.028955,0.431292,-0.029102,,,0.432273,0.102469,1.279137,3.181107
local_crowding,context_bl,Standard MPC-CBF,20,2.000,-0.935606,-0.230098,0.431292,-0.029102,-0.067373,0.030000,-0.260000,-0.060000,0.420000,adult,walking,attentive,0.724950,1.000000,0.375000,0.966069,0.366069,0.000000,0.000000,0.000000,0.000000,0.000000,0.000000,0.000000,0.366069,0.366069,0.366069,0.366069,0.000000,horizon_mpc_secbf,12,0.062188,true,osqp,optimal,75,3.911810,0,-0.366181,geometric,false,0.749452,-0.028658,0.652485,-0.229578,,,0.691695,0.298525,1.348307,3.137897
local_crowding,context_bl,Standard MPC-CBF,21,2.100,-0.870357,-0.253055,0.652485,-0.229578,-0.338323,0.024000,-0.218000,-0.060000,0.420000,adult,walking,attentive,0.429782,1.000000,0.375000,0.895044,0.295044,0.000000,0.000000,0.000000,0.000000,0.000000,0.000000,0.000000,0.295044,0.295044,0.295044,0.295044,0.000000,horizon_mpc_secbf,12,0.057661,true,osqp,optimal,75,5.313273,0,-0.421069,geometric,false,0.749626,-0.023669,0.683764,-0.271434,,,0.735669,0.052252,1.421874,3.071887
local_crowding,context_bl,Standard MPC-CBF,22,2.200,-0.801981,-0.280199,0.683764,-0.271434,-0.377891,0.018000,-0.176000,-0.060000,0.420000,adult,walking,attentive,0.348219,1.000000,0.375000,0.826575,0.226575,0.000000,0.000000,0.000000,0.000000,0.000000,0.000000,0.000000,0.226575,0.226575,0.226575,0.226575,0.000000,horizon_mpc_secbf,12,0.053369,true,osqp,optimal,75,4.986166,0,-0.418175,geometric,false,0.749797,-0.017434,0.679198,-0.282452,,,0.735588,0.011927,1.495433,3.002792
local_crowding,context_bl,Standard MPC-CBF,23,2.300,-0.734061,-0.308444,0.679198,-0.282452,-0.394104,0.012000,-0.134000,-0.060000,0.420000,adult,walking,attentive,0.296836,1.000000,0.375000,0.766184,0.166184,0.000000,0.000000,0.000000,0.000000,0.000000,0.000000,0.000000,0.166184,0.166184,0.166184,0.166184,0.000000,horizon_mpc_secbf,12,0.049537,true,osqp,optimal,75,4.321496,0,-0.389743,geometric,false,0.749925,-0.010621,0.676625,-0.288679,,,0.735634,0.006738,1.568996,2.934355
local_crowding,context_bl,Standard MPC-CBF,24,2.400,-0.666399,-0.337312,0.676625,-0.288679,-0.403264,0.006000,-0.092000,-0.060000,0.420000,adult,walking,attentive,0.257725,1.000000,0.375000,0.715750,0.115750,0.000000,0.000000,0.000000,0.000000,0.000000,0.000000,0.000000,0.115750,0.115750,0.115750,0.115750,0.000000,horizon_mpc_secbf,12,0.046425,true,osqp,optimal,75,4.227356,0,-0.331398,geometric,false,0.749993,-0.003320,0.675506,-0.291371,,,0.735667,0.002915,1.642563,2.866427
local_crowding,context_bl,Standard MPC-CBF,25,2.500,-0.598848,-0.366449,0.675506,-0.291371,-0.407226,0.000000,-0.050000,-0.060000,0.420000,adult,walking,attentive,0.243185,1.000000,0.375000,0.677317,0.077317,0.000000,0.000000,0.000000,0.000000,0.000000,0.000000,0.000000,0.077317,0.077317,0.077317,0.077317,0.000000,horizon_mpc_secbf,12,0.044249,true,osqp,optimal,75,5.072928,0,-0.241354,geometric,false,0.749987,0.004408,0.675872,-0.290488,,,0.735654,0.000955,1.716128,2.798896
local_crowding,context_bl,Standard MPC-CBF,26,2.600,-0.531261,-0.395498,0.675872,-0.290488,-0.405928,-0.006000,-0.008000,-0.060000,0.420000,adult,walking,attentive,0.309471,1.000000,0.375000,0.652728,0.052728,0.000000,0.000000,0.000000,0.000000,0.000000,0.000000,0.000000,0.052728,0.052728,0.052728,0.052728,0.000000,horizon_mpc_secbf,12,0.043178,true,osqp,optimal,75,5.412036,0,-0.121935,geometric,false,0.749896,0.012492,0.677785,-0.285869,,,0.735604,0.005000,1.789689,2.731640
local_crowding,context_bl,Standard MPC-CBF,27,2.700,-0.463482,-0.424085,0.677785,-0.285869,-0.399131,-0.012000,0.034000,-0.060000,0.420000,adult,walking,attentive,2.848540,1.000000,0.375000,0.643178,0.043178,0.000000,0.000000,0.000000,0.000000,0.000000,0.000000,0.000000,0.043178,0.043178,0.043178,0.043178,0.000000,horizon_mpc_secbf,12,0.048852,true,osqp,optimal,75,4.471229,0,0.019638,geometric,false,0.749710,0.020853,0.681247,-0.277512,,,0.735602,0.009045,1.863249,2.664512
local_crowding,context_bl,Standard MPC-CBF,28,2.800,-0.395358,-0.451836,0.681247,-0.277512,-0.386834,-0.018000,0.076000,-0.060000,0.420000,adult,walking,attentive,,0.000000,0.375000,0.648852,0.048852,0.000000,0.000000,0.000000,0.000000,0.000000,0.000000,0.000000,0.048852,0.048852,0.048852,0.048852,0.000000,horizon_mpc_secbf,12,0.068839,true,osqp,optimal,75,4.770115,0,0.172668,geometric,false,0.749423,0.029406,0.686162,-0.265646,,,0.735790,0.012844,1.936828,2.597355
local_crowding,context_bl,Standard MPC-CBF,29,2.900,-0.326741,-0.478400,0.686162,-0.265646,-0.369377,-0.024000,0.118000,-0.060000,0.420000,adult,walking,attentive,,0.000000,0.375000,0.668839,0.068839,0.000000,0.000000,0.000000,0.000000,0.000000,0.000000,0.000000,0.068839,0.068839,0.068839,0.068839,0.000000,horizon_mpc_secbf,12,0.101392,true,osqp,optimal,75,5.131130,0,0.326343,geometric,false,0.749033,0.038063,0.692358,-0.250688,,,0.736345,0.016190,2.010462,2.530002
local_crowding,context_bl,Standard MPC-CBF,30,3.000,-0.257505,-0.503469,0.692358,-0.250688,-0.347394,-0.030000,0.160000,-0.060000,0.420000,adult,walking,attentive,,0.000000,0.375000,0.701392,0.101392,0.000000,0.000000,0.000000,0.000000,0.000000,0.000000,0.000000,0.101392,0.101392,0.101392,0.101392,0.000000,horizon_mpc_secbf,12,0.144374,true,osqp,optimal,75,3.770328,0,0.472842,geometric,false,0.748542,0.046746,0.699619,-0.233158,,,0.737447,0.018974,2.084207,2.462293
local_crowding,context_bl,Standard MPC-CBF,31,3.100,-0.187544,-0.526785,0.699619,-0.233158,-0.321688,-0.036000,0.202000,-0.060000,0.420000,adult,walking,attentive,,0.000000,0.375000,0.744374,0.144374,0.000000,0.000000,0.000000,0.000000,0.000000,0.000000,0.000000,0.144374,0.144374,0.144374,0.144374,0.000000,horizon_mpc_secbf,12,0.195665,true,osqp,optimal,75,4.804674,0,0.608397,geometric,false,0.747952,0.055382,0.707719,-0.213588,,,0.739247,0.021180,2.158132,2.394080
local_crowding,context_bl,Standard MPC-CBF,32,3.200,-0.116772,-0.548144,0.707719,-0.213588,-0.293106,-0.042000,0.244000,-0.060000,0.420000,adult,walking,attentive,,0.000000,0.375000,0.795665,0.195665,0.000000,0.000000,0.000000,0.000000,0.000000,0.000000,0.000000,0.195665,0.195665,0.195665,0.195665,0.000000,horizon_mpc_secbf,12,0.253396,true,osqp,optimal,75,5.296936,0,0.732457,geometric,false,0.747272,0.063911,0.716463,-0.192469,,,0.741865,0.022858,2.232318,2.325229
local_crowding,context_bl,Standard MPC-CBF,33,3.300,-0.045125,-0.567391,0.716463,-0.192469,-0.262442,-0.048000,0.286000,-0.060000,0.420000,adult,walking,attentive,,0.000000,0.375000,0.853396,0.253396,0.000000,0.000000,0.000000,0.000000,0.000000,0.000000,0.000000,0.253396,0.253396,0.253396,0.253396,0.000000,horizon_mpc_secbf,12,0.316040,true,osqp,optimal,75,4.490275,0,0.846255,geometric,false,0.746509,0.072283,0.725685,-0.170216,,,0.745381,0.024089,2.306856,2.255626
local_crowding,context_bl,Standard MPC-CBF,34,3.400,0.027443,-0.584412,0.725685,-0.170216,-0.230394,-0.054000,0.328000,-0.060000,0.420000,adult,walking,attentive,,0.000000,0.375000,0.916040,0.316040,0.000000,0.000000,0.000000,0.000000,0.000000,0.000000,0.000000,0.316040,0.316040,0.316040,0.316040,0.000000,horizon_mpc_secbf,12,0.382358,true,osqp,optimal,75,4.278306,0,0.951264,geometric,false,0.745672,0.080456,0.734160,-0.146862,,,0.748705,0.024844,2.381727,2.185166
local_crowding,context_bl,Standard MPC-CBF,35,3.500,0.100859,-0.599098,0.734160,-0.146862,-0.197435,-0.060000,0.370000,-0.060000,0.420000,adult,walking,attentive,,0.000000,0.375000,0.982358,0.382358,0.000000,0.000000,0.000000,0.000000,0.000000,0.000000,0.000000,0.382358,0.382358,0.382358,0.382358,0.000000,horizon_mpc_secbf,12,0.451107,true,osqp,optimal,75,4.998027,0,1.046762,geometric,false,0.744774,0.088380,0.735587,-0.121436,,,0.745543,0.025465,2.456281,2.113869
local_crowding,context_bl,Standard MPC-CBF,36,3.600,0.174418,-0.611242,0.735587,-0.121436,-0.163612,-0.066000,0.412000,-0.060000,0.420000,adult,walking,attentive,,0.000000,0.375000,1.051107,0.451107,0.000000,0.000000,0.000000,0.000000,0.000000,0.000000,0.000000,0.451107,0.451107,0.451107,0.451107,0.000000,horizon_mpc_secbf,12,0.521391,true,osqp,optimal,100,3.955129,0,1.134709,geometric,false,0.743839,0.095934,0.735589,-0.095289,,,0.741735,0.026147,2.530455,2.042359
local_crowding,context_bl,Standard MPC-CBF,37,3.700,0.247977,-0.620771,0.735589,-0.095289,-0.128824,-0.072000,0.454000,-0.060000,0.420000,adult,walking,attentive,,0.000000,0.375000,1.121391,0.521391,0.000000,0.000000,0.000000,0.000000,0.000000,0.000000,0.000000,0.521391,0.521391,0.521391,0.521391,0.000000,horizon_mpc_secbf,12,0.592580,true,osqp,optimal,100,4.292325,0,1.216992,geometric,false,0.742887,0.103048,0.735589,-0.068914,,,0.738810,0.026375,2.604336,1.970713
local_crowding,context_bl,Standard MPC-CBF,38,3.800,0.321536,-0.627662,0.735589,-0.068914,-0.093413,-0.078000,0.496000,-0.060000,0.420000,adult,walking,attentive,,0.000000,0.375000,1.192580,0.592580,0.000000,0.000000,0.000000,0.000000,0.000000,0.000000,0.000000,0.592580,0.592580,0.592580,0.592580,0.000000,horizon_mpc_secbf,12,0.664217,true,osqp,optimal,100,4.886958,0,1.294958,geometric,false,0.741939,0.109669,0.735589,-0.042573,,,0.736820,0.026341,2.678018,1.898875
local_crowding,context_bl,Standard MPC-CBF,39,3.900,0.395095,-0.631920,0.735589,-0.042573,-0.057811,-0.084000,0.538000,-0.060000,0.420000,adult,walking,attentive,,0.000000,0.375000,1.264217,0.664217,0.000000,0.000000,0.000000,0.000000,0.000000,0.000000,0.000000,0.664217,0.664217,0.664217,0.664217,0.000000,horizon_mpc_secbf,12,0.735978,true,osqp,optimal,100,5.036757,0,1.369634,geometric,false,0.741015,0.115744,0.735589,-0.016472,,,0.735773,0.026100,2.751595,1.826790
local_crowding,context_bl,Standard MPC-CBF,40,4.000,0.468653,-0.633567,0.735589,-0.016472,-0.022390,-0.090000,0.580000,-0.060000,0.420000,adult,walking,attentive,,0.000000,0.375000,1.335978,0.735978,0.000000,0.000000,0.000000,0.000000,0.000000,0.000000,0.000000,0.735978,0.735978,0.735978,0.735978,0.000000,horizon_mpc_secbf,12,0.807640,true,osqp,optimal,100,3.930339,0,1.441813,geometric,false,0.740139,0.121223,0.735588,0.009209,,,0.735646,0.025682,2.825160,1.754415
local_crowding,context_bl,Standard MPC-CBF,41,4.100,0.542212,-0.632646,0.735588,0.009209,0.012519,-0.096000,0.622000,-0.060000,0.420000,adult,walking,attentive,,0.000000,0.375000,1.407640,0.807640,0.000000,0.000000,0.000000,0.000000,0.000000,0.000000,0.000000,0.807640,0.807640,0.807640,0.807640,0.000000,horizon_mpc_secbf,12,0.879053,true,osqp,optimal,100,4.022510,0,1.512119,geometric,false,0.739331,0.126053,0.735586,0.034314,,,0.736386,0.025105,2.898798,1.681710
local_crowding,context_bl,Standard MPC-CBF,42,4.200,0.615771,-0.629215,0.735586,0.034314,0.046615,-0.102000,0.664000,-0.060000,0.420000,adult,walking,attentive,,0.000000,0.375000,1.479053,0.879053,0.000000,0.000000,0.000000,0.000000,0.000000,0.000000,0.000000,0.879053,0.879053,0.879053,0.879053,0.000000,horizon_mpc_secbf,12,0.950126,true,osqp,optimal,100,5.688037,0,1.581050,geometric,false,0.738616,0.130178,0.735582,0.058695,,,0.737920,0.024381,2.972590,1.608646
local_crowding,context_bl,Standard MPC-CBF,43,4.300,0.689329,-0.623345,0.735582,0.058695,0.079626,-0.108000,0.706000,-0.060000,0.420000,adult,walking,attentive,,0.000000,0.375000,1.550126,0.950126,0.000000,0.000000,0.000000,0.000000,0.000000,0.000000,0.000000,0.950126,0.950126,0.950126,0.950126,0.000000,horizon_mpc_secbf,12,1.020815,true,osqp,optimal,100,4.959317,0,1.649034,geometric,false,0.738016,0.133539,0.735577,0.082195,,,0.740155,0.023500,3.046606,1.535202
local_crowding,context_bl,Standard MPC-CBF,44,4.400,0.762887,-0.615126,0.735577,0.082195,0.111281,-0.114000,0.748000,-0.060000,0.420000,adult,walking,attentive,,0.000000,0.375000,1.620815,1.020815,0.000000,0.000000,0.000000,0.000000,0.000000,0.000000,0.000000,1.020815,1.020815,1.020815,1.020815,0.000000,horizon_mpc_secbf,12,1.091124,true,osqp,optimal,250,5.498670,0,1.716561,geometric,false,0.737554,0.136067,0.735599,0.104530,,,0.742988,0.022334,3.120904,1.461364
local_crowding,context_bl,Standard MPC-CBF,45,4.500,0.836447,-0.604673,0.735599,0.104530,0.141156,-0.120000,0.790000,-0.060000,0.420000,adult,walking,attentive,,0.000000,0.375000,1.691124,1.091124,0.000000,0.000000,0.000000,0.000000,0.000000,0.000000,0.000000,1.091124,1.091124,1.091124,1.091124,0.000000,horizon_mpc_secbf,12,1.161166,true,osqp,optimal,325,6.657574,0,1.784753,geometric,false,0.737251,0.137697,0.735592,0.124539,,,0.746060,0.020009,3.195510,1.387132
local_crowding,context_bl,Standard MPC-CBF,46,4.600,0.910006,-0.592219,0.735592,0.124539,0.167714,-0.126000,0.832000,-0.060000,0.420000,adult,walking,attentive,,0.000000,0.375000,1.761166,1.161166,0.000000,0.000000,0.000000,0.000000,0.000000,0.000000,0.000000,1.161166,1.161166,1.161166,1.161166,0.000000,horizon_mpc_secbf,12,1.231552,true,osqp,optimal,275,4.591781,0,1.858824,geometric,false,0.737118,0.138407,0.735605,0.136027,,,0.748076,0.011489,3.270318,1.312538
local_crowding,context_bl,Standard MPC-CBF,47,4.700,0.983566,-0.578616,0.735605,0.136027,0.182853,-0.132000,0.874000,-0.060000,0.420000,adult,walking,attentive,,0.000000,0.375000,1.831552,1.231552,0.000000,0.000000,0.000000,0.000000,0.000000,0.000000,0.000000,1.231552,1.231552,1.231552,1.231552,0.000000,horizon_mpc_secbf,12,1.302923,true,osqp,optimal,275,5.158547,0,1.939718,geometric,false,0.737095,0.138529,0.735605,0.138100,,,0.748456,0.002073,3.345164,1.237730
local_crowding,context_bl,Standard MPC-CBF,48,4.800,1.057127,-0.564806,0.735605,0.138100,0.185576,-0.138000,0.916000,-0.060000,0.420000,adult,walking,attentive,,0.000000,0.375000,1.902923,1.302923,0.000000,0.000000,0.000000,0.000000,0.000000,0.000000,0.000000,1.302923,1.302923,1.302923,1.302923,0.000000,horizon_mpc_secbf,12,1.375294,true,osqp,optimal,275,6.015499,0,2.021685,geometric,false,0.737094,0.138539,0.735605,0.138463,,,0.748523,0.000363,3.420016,1.162885
local_crowding,context_bl,Standard MPC-CBF,49,4.900,1.130687,-0.550960,0.735605,0.138463,0.186054,-0.144000,0.958000,-0.060000,0.420000,adult,walking,attentive,,0.000000,0.375000,1.975294,1.375294,0.000000,0.000000,0.000000,0.000000,0.000000,0.000000,0.000000,1.375294,1.375294,1.375294,1.375294,0.000000,horizon_mpc_secbf,12,1.448582,true,osqp,optimal,275,4.438923,0,2.103741,geometric,false,0.737096,0.138525,0.735604,0.138514,,,0.748532,0.000051,3.494869,1.088032
local_crowding,context_bl,Standard MPC-CBF,50,5.000,1.204248,-0.537108,0.735604,0.138514,0.186121,-0.150000,1.000000,-0.060000,0.420000,adult,walking,attentive,,0.000000,0.375000,2.048582,1.448582,0.000000,0.000000,0.000000,0.000000,0.000000,0.000000,0.000000,1.448582,1.448582,1.448582,1.448582,0.000000,horizon_mpc_secbf,12,1.522696,true,osqp,optimal,275,4.740553,0,2.185740,geometric,false,0.737100,0.138506,0.735603,0.138507,,,0.748529,0.000007,3.569722,1.013179
local_crowding,context_bl,Standard MPC-CBF,51,5.100,1.277808,-0.523258,0.735603,0.138507,0.186112,-0.156000,1.042000,-0.060000,0.420000,adult,walking,attentive,,0.000000,0.375000,2.122696,1.522696,0.000000,0.000000,0.000000,0.000000,0.000000,0.000000,0.000000,1.522696,1.522696,1.522696,1.522696,0.000000,horizon_mpc_secbf,12,1.597552,true,osqp,optimal,275,6.312447,0,2.267682,geometric,false,0.737104,0.138484,0.735602,0.138488,,,0.748525,0.000019,3.644575,0.938326
local_crowding,context_bl,Standard MPC-CBF,52,5.200,1.351368,-0.509409,0.735602,0.138488,0.186086,-0.162000,1.084000,-0.060000,0.420000,adult,walking,attentive,,0.000000,0.375000,2.197552,1.597552,0.000000,0.000000,0.000000,0.000000,0.000000,0.000000,0.000000,1.597552,1.597552,1.597552,1.597552,0.000000,horizon_mpc_secbf,12,1.673078,true,osqp,optimal,275,4.543174,0,2.349588,geometric,false,0.737108,0.138460,0.735601,0.138465,,,0.748520,0.000023,3.719427,0.863474
local_crowding,context_bl,Standard MPC-CBF,53,5.300,1.424928,-0.495562,0.735601,0.138465,0.186056,-0.168000,1.126000,-0.060000,0.420000,adult,walking,attentive,,0.000000,0.375000,2.273078,1.673078,0.000000,0.000000,0.000000,0.000000,0.000000,0.000000,0.000000,1.673078,1.673078,1.673078,1.673078,0.000000,horizon_mpc_secbf,12,1.749210,true,osqp,optimal,275,4.974409,0,2.431478,geometric,false,0.737113,0.138434,0.735600,0.138439,,,0.748513,0.000026,3.794278,0.788622
local_crowding,context_bl,Standard MPC-CBF,54,5.400,1.498488,-0.481718,0.735600,0.138439,0.186023,-0.174000,1.168000,-0.060000,0.420000,adult,walking,attentive,,0.000000,0.375000,2.349210,1.749210,0.000000,0.000000,0.000000,0.000000,0.000000,0.000000,0.000000,1.749210,1.749210,1.749210,1.749210,0.000000,horizon_mpc_secbf,12,1.825891,true,osqp,optimal,250,6.183228,0,2.513374,geometric,false,0.737119,0.138404,0.735604,0.138410,,,0.748512,0.000029,3.869129,0.713771
local_crowding,context_bl,Standard MPC-CBF,55,5.500,1.572049,-0.467877,0.735604,0.138410,0.185984,-0.180000,1.210000,-0.060000,0.420000,adult,walking,attentive,,0.000000,0.375000,2.425891,1.825891,0.000000,0.000000,0.000000,0.000000,0.000000,0.000000,0.000000,1.825891,1.825891,1.825891,1.825891,0.000000,horizon_mpc_secbf,12,1.903071,true,osqp,optimal,250,4.401828,0,2.595283,geometric,false,0.737125,0.138371,0.735602,0.138378,,,0.748504,0.000032,3.943979,0.638919
local_crowding,context_bl,Standard MPC-CBF,56,5.600,1.645609,-0.454040,0.735602,0.138378,0.185942,-0.186000,1.252000,-0.060000,0.420000,adult,walking,attentive,,0.000000,0.375000,2.503071,1.903071,0.000000,0.000000,0.000000,0.000000,0.000000,0.000000,0.000000,1.903071,1.903071,1.903071,1.903071,0.000000,horizon_mpc_secbf,12,1.980704,true,osqp,optimal,250,4.835641,0,2.677220,geometric,false,0.737132,0.138334,0.735600,0.138341,,,0.748496,0.000037,4.018829,0.564069
local_crowding,context_bl,Standard MPC-CBF,57,5.700,1.719169,-0.440205,0.735600,0.138341,0.185894,-0.192000,1.294000,-0.060000,0.420000,adult,walking,attentive,,0.000000,0.375000,2.580704,1.980704,0.000000,0.000000,0.000000,0.000000,0.000000,0.000000,0.000000,1.980704,1.980704,1.980704,1.980704,0.000000,horizon_mpc_secbf,12,2.058753,true,osqp,optimal,250,6.132710,0,2.759194,geometric,false,0.737140,0.138290,0.735599,0.138299,,,0.748487,0.000042,4.093678,0.489219
local_crowding,context_bl,Standard MPC-CBF,58,5.800,1.792729,-0.426376,0.735599,0.138299,0.185839,-0.198000,1.336000,-0.060000,0.420000,adult,walking,attentive,,0.000000,0.375000,2.658753,2.058753,0.000000,0.000000,0.000000,0.000000,0.000000,0.000000,0.000000,2.058753,2.058753,2.058753,2.058753,0.000000,horizon_mpc_secbf,12,2.137183,true,osqp,optimal,225,4.276917,0,2.841220,geometric,false,0.737150,0.138238,0.735605,0.138248,,,0.748484,0.000051,4.168526,0.414371
local_crowding,context_bl,Standard MPC-CBF,59,5.900,1.866289,-0.412551,0.735605,0.138248,0.185771,-0.204000,1.378000,-0.060000,0.420000,adult,walking,attentive,,0.000000,0.375000,2.737183,2.137183,0.000000,0.000000,0.000000,0.000000,0.000000,0.000000,0.000000,2.137183,2.137183,2.137183,2.137183,0.000000,horizon_mpc_secbf,12,2.215962,true,osqp,optimal,225,4.349306,0,2.923295,geometric,false,0.737162,0.138174,0.735604,0.138187,,,0.748471,0.000062,4.243373,0.339522
local_crowding,context_bl,Standard MPC-CBF,60,6.000,1.939850,-0.398732,0.735604,0.138187,0.185690,-0.210000,1.420000,-0.060000,0.420000,adult,walking,attentive,,0.000000,0.375000,2.815962,2.215962,0.000000,0.000000,0.000000,0.000000,0.000000,0.000000,0.000000,2.215962,2.215962,2.215962,2.215962,0.000000,horizon_mpc_secbf,12,2.295063,true,osqp,optimal,225,5.665928,0,3.005431,geometric,false,0.737178,0.138090,0.735603,0.138107,,,0.748455,0.000080,4.318219,0.264675
local_crowding,context_bl,Standard MPC-CBF,61,6.100,2.013410,-0.384921,0.735603,0.138107,0.185586,-0.216000,1.462000,-0.060000,0.420000,adult,walking,attentive,,0.000000,0.375000,2.895063,2.295063,0.000000,0.000000,0.000000,0.000000,0.000000,0.000000,0.000000,2.295063,2.295063,2.295063,2.295063,0.000000,horizon_mpc_secbf,12,2.374462,true,osqp,optimal,225,4.470406,0,3.087641,geometric,false,0.737200,0.137972,0.735602,0.137995,,,0.748434,0.000112,4.393062,0.189830
local_crowding,context_bl,Standard MPC-CBF,62,6.200,2.086970,-0.371122,0.735602,0.137995,0.185439,-0.222000,1.504000,-0.060000,0.420000,adult,walking,attentive,,0.000000,0.375000,2.974462,2.374462,0.000000,0.000000,0.000000,0.000000,0.000000,0.000000,0.000000,2.374462,2.374462,2.374462,2.374462,0.000000,horizon_mpc_secbf,12,2.454142,true,osqp,optimal,225,4.384769,0,3.169955,geometric,false,0.737238,0.137769,0.735601,0.137807,,,0.748398,0.000187,4.467902,0.114986
local_crowding,context_bl,Standard MPC-CBF,63,6.300,2.160530,-0.357341,0.735601,0.137807,0.185193,-0.228000,1.546000,-0.060000,0.420000,adult,walking,attentive,,0.000000,0.375000,3.054142,2.454142,0.000000,0.000000,0.000000,0.000000,0.000000,0.000000,0.000000,2.454142,2.454142,2.454142,2.454142,0.000001,horizon_mpc_secbf,12,2.515193,true,osqp,optimal,75,4.913339,0,3.064594,geometric,false,0.394696,0.073413,0.453186,0.084461,,,0.460990,0.287409,4.514001,0.040147
local_crowding,context_bl,Standard MPC-CBF,64,6.400,2.205849,-0.348895,0.453186,0.084461,0.184258,-0.234000,1.588000,-0.060000,0.420000,adult,walking,attentive,,0.000000,0.375000,3.115193,2.515193,0.000000,0.000000,0.000000,0.000000,0.000000,0.000000,0.000000,2.515193,2.515193,2.515193,2.515193,0.000000,horizon_mpc_secbf,12,2.546156,true,osqp,optimal,100,3.902087,0,2.823470,geometric,false,-0.058490,-0.011048,0.000034,-0.000192,,,0.000195,0.460991,4.514020,0.005952
local_crowding,context_bl,Standard MPC-CBF,65,6.500,2.205852,-0.348914,0.000034,-0.000192,-1.393691,-0.240000,1.630000,-0.060000,0.420000,adult,walking,attentive,,0.000000,0.375000,3.146156,2.546156,0.000000,0.000000,0.000000,0.000000,0.000000,0.000000,0.000000,2.546156,2.546156,2.546156,2.546156,0.000000,horizon_mpc_secbf,12,2.574205,true,osqp,optimal,75,3.657568,0,2.824969,geometric,false,-0.058524,-0.010856,-0.048477,-0.009027,,,0.049310,0.049309,4.518951,0.005952
local_crowding,context_bl,Standard MPC-CBF,66,6.600,2.201005,-0.349817,-0.048477,-0.009027,-2.957495,-0.246000,1.672000,-0.060000,0.420000,adult,walking,attentive,,0.000000,0.375000,3.174205,2.574205,0.000000,0.000000,0.000000,0.000000,0.000000,0.000000,0.000000,2.574205,2.574205,2.574205,2.574205,0.000000,horizon_mpc_secbf,12,2.604634,true,osqp,optimal,75,4.371391,0,2.877103,geometric,false,-0.010047,-0.001830,-0.016641,-0.003065,,,0.016920,0.032390,4.520643,0.001021
local_crowding,context_bl,Standard MPC-CBF,67,6.700,2.199341,-0.350123,-0.016641,-0.003065,-2.959472,-0.252000,1.714000,-0.060000,0.420000,adult,walking,attentive,,0.000000,0.375000,3.204634,2.604634,0.000000,0.000000,0.000000,0.000000,0.000000,0.000000,0.000000,2.604634,2.604634,2.604634,2.604634,0.000000,horizon_mpc_secbf,12,2.636565,true,osqp,optimal,75,4.594356,0,2.922728,geometric,false,0.006594,0.001235,0.002607,0.000497,,,0.002654,0.019575,4.520909,0.000671
local_crowding,context_bl,Standard MPC-CBF,68,6.800,2.199601,-0.350074,0.002607,0.000497,0.188421,-0.258000,1.756000,-0.060000,0.420000,adult,walking,attentive,,0.000000,0.375000,3.236565,2.636565,0.000000,0.000000,0.000000,0.000000,0.000000,0.000000,0.000000,2.636565,2.636565,2.636565,2.636565,0.000000,horizon_mpc_secbf,12,2.668807,true,osqp,optimal,75,3.581627,0,2.957818,geometric,false,0.003986,0.000738,0.003750,0.000696,,,0.003814,0.001160,4.521290,0.000405
local_crowding,context_bl,Standard MPC-CBF,69,6.900,2.199976,-0.350004,0.003750,0.000696,0.183625,-0.264000,1.798000,-0.060000,0.420000,adult,walking,attentive,,0.000000,0.375000,3.268807,2.668807,0.000000,0.000000,0.000000,0.000000,0.000000,0.000000,0.000000,2.668807,2.668807,2.668807,2.668807,0.000000,horizon_mpc_secbf,12,2.701098,true,osqp,optimal,50,3.512792,0,2.990554,geometric,false,0.000237,0.000041,0.000837,0.000156,,,0.000852,0.002962,4.521375,0.000024
local_crowding,context_bl,Standard MPC-CBF,70,7.000,2.200060,-0.349989,0.000837,0.000156,0.183917,-0.270000,1.840000,-0.060000,0.420000,adult,walking,attentive,,0.000000,0.375000,3.301098,2.701098,0.000000,0.000000,0.000000,0.000000,0.000000,0.000000,0.000000,2.701098,2.701098,2.701098,2.701098,0.000000,horizon_mpc_secbf,12,2.733542,true,osqp,optimal,50,3.754842,0,3.024411,geometric,false,-0.000601,-0.000114,-0.000350,-0.000072,,,0.000358,0.001209,4.521411,0.000061
local_crowding,context_bl,Standard MPC-CBF,71,7.100,2.200025,-0.349996,-0.000350,-0.000072,-2.940042,-0.276000,1.882000,-0.060000,0.420000,adult,walking,attentive,,0.000000,0.375000,3.333542,2.733542,0.000000,0.000000,0.000000,0.000000,0.000000,0.000000,0.000000,2.733542,2.733542,2.733542,2.733542,0.000000,horizon_mpc_secbf,12,2.766214,true,osqp,optimal,50,5.161884,0,3.059157,geometric,false,-0.000250,-0.000043,-0.000266,-0.000049,,,0.000270,0.000087,4.521438,0.000025
local_crowding,context_bl,Standard MPC-CBF,72,7.200,2.199998,-0.350001,-0.000266,-0.000049,-2.957962,-0.282000,1.924000,-0.060000,0.420000,adult,walking,attentive,,0.000000,0.375000,3.366214,2.766214,0.000000,0.000000,0.000000,0.000000,0.000000,0.000000,0.000000,2.766214,2.766214,2.766214,2.766214,0.000000,horizon_mpc_secbf,12,2.799116,true,osqp,optimal,25,3.964908,0,3.094169,geometric,false,0.000016,0.000006,-0.000004,0.000009,,,0.000010,0.000268,4.521439,0.000002
local_crowding,context_bl,Standard MPC-CBF,73,7.300,2.199998,-0.350000,-0.000004,0.000009,1.966851,-0.288000,1.966000,-0.060000,0.420000,adult,walking,attentive,,0.000000,0.375000,3.399116,2.799116,0.000000,0.000000,0.000000,0.000000,0.000000,0.000000,0.000000,2.799116,2.799116,2.799116,2.799116,0.000000,horizon_mpc_secbf,12,2.832229,true,osqp,optimal,25,3.585460,0,3.129212,geometric,false,0.000020,-0.000003,0.000014,0.000001,,,0.000014,0.000020,4.521441,0.000002
local_crowding,context_bl,Standard MPC-CBF,74,7.400,2.199999,-0.350000,0.000014,0.000001,0.035663,-0.294000,2.008000,-0.060000,0.420000,adult,walking,attentive,,0.000000,0.375000,3.432229,2.832229,0.000000,0.000000,0.000000,0.000000,0.000000,0.000000,0.000000,2.832229,2.832229,2.832229,2.832229,0.000000,horizon_mpc_secbf,12,2.865545,true,osqp,optimal,25,3.607163,0,3.164381,geometric,false,0.000005,-0.000003,0.000006,-0.000002,,,0.000007,0.000008,4.521441,0.000001
local_crowding,context_bl,Standard MPC-CBF,75,7.500,2.200000,-0.350000,0.000006,-0.000002,-0.338296,-0.300000,2.050000,-0.060000,0.420000,adult,walking,attentive,,0.000000,0.375000,3.465545,2.865545,0.000000,0.000000,0.000000,0.000000,0.000000,0.000000,0.000000,2.865545,2.865545,2.865545,2.865545,0.000000,horizon_mpc_secbf,12,2.899057,true,osqp,optimal,25,5.027176,0,3.199692,geometric,false,-0.000001,-0.000001,0.000000,-0.000001,,,0.000001,0.000006,4.521442,0.000000
local_crowding,context_bl,Standard MPC-CBF,76,7.600,2.200000,-0.350000,0.000000,-0.000001,-1.406912,-0.306000,2.092000,-0.060000,0.420000,adult,walking,attentive,,0.000000,0.375000,3.499057,2.899057,0.000000,0.000000,0.000000,0.000000,0.000000,0.000000,0.000000,2.899057,2.899057,2.899057,2.899057,0.000000,horizon_mpc_secbf,12,2.932761,true,osqp,optimal,25,4.844239,0,3.235147,geometric,false,-0.000001,0.000000,-0.000001,-0.000000,,,0.000001,0.000002,4.521442,0.000000
local_crowding,context_bl,Standard MPC-CBF,77,7.700,2.200000,-0.350000,-0.000001,-0.000000,-2.925924,-0.312000,2.134000,-0.060000,0.420000,adult,walking,attentive,,0.000000,0.375000,3.532761,2.932761,0.000000,0.000000,0.000000,0.000000,0.000000,0.000000,0.000000,2.932761,2.932761,2.932761,2.932761,0.000000,horizon_mpc_secbf,12,2.966651,true,osqp,optimal,25,3.352645,0,3.270740,geometric,false,-0.000000,0.000000,-0.000000,0.000000,,,0.000000,0.000001,4.521442,0.000000
local_crowding,context_bl,Standard MPC-CBF,78,7.800,2.200000,-0.350000,-0.000000,0.000000,2.654914,-0.318000,2.176000,-0.060000,0.420000,adult,walking,attentive,,0.000000,0.375000,3.566651,2.966651,0.000000,0.000000,0.000000,0.000000,0.000000,0.000000,0.000000,2.966651,2.966651,2.966651,2.966651,0.000000,horizon_mpc_secbf,12,3.000722,true,osqp,optimal,25,4.616106,0,3.306466,geometric,false,0.000000,0.000000,-0.000000,0.000000,,,0.000000,0.000000,4.521442,0.000000
local_crowding,context_bl,Standard MPC-CBF,79,7.900,2.200000,-0.350000,-0.000000,0.000000,1.624331,-0.324000,2.218000,-0.060000,0.420000,adult,walking,attentive,,0.000000,0.375000,3.600722,3.000722,0.000000,0.000000,0.000000,0.000000,0.000000,0.000000,0.000000,3.000722,3.000722,3.000722,3.000722,0.000000,horizon_mpc_secbf,12,3.034969,true,osqp,optimal,25,3.582772,0,3.342320,geometric,false,0.000000,-0.000000,0.000000,0.000000,,,0.000000,0.000000,4.521442,0.000000
local_crowding,context_bl,Standard MPC-CBF,80,8.000,2.200000,-0.350000,0.000000,0.000000,0.379546,-0.330000,2.260000,-0.060000,0.420000,adult,walking,attentive,,0.000000,0.375000,3.634969,3.034969,0.000000,0.000000,0.000000,0.000000,0.000000,0.000000,0.000000,3.034969,3.034969,3.034969,3.034969,0.000000,horizon_mpc_secbf,12,3.069387,true,osqp,optimal,25,3.679735,0,3.378301,geometric,false,0.000000,-0.000000,0.000000,-0.000000,,,0.000000,0.000000,4.521442,0.000000
local_crowding,context_bl,Standard MPC-CBF,81,8.100,2.200000,-0.350000,0.000000,-0.000000,-0.686423,-0.336000,2.302000,-0.060000,0.420000,adult,walking,attentive,,0.000000,0.375000,3.669387,3.069387,0.000000,0.000000,0.000000,0.000000,0.000000,0.000000,0.000000,3.069387,3.069387,3.069387,3.069387,0.000000,horizon_mpc_secbf,12,3.103971,true,osqp,optimal,25,3.524832,0,3.414404,geometric,false,-0.000000,-0.000000,-0.000000,-0.000000,,,0.000000,0.000000,4.521442,0.000000
local_crowding,context_bl,Standard MPC-CBF,82,8.200,2.200000,-0.350000,-0.000000,-0.000000,-1.589122,-0.342000,2.344000,-0.060000,0.420000,adult,walking,attentive,,0.000000,0.375000,3.703971,3.103971,0.000000,0.000000,0.000000,0.000000,0.000000,0.000000,0.000000,3.103971,3.103971,3.103971,3.103971,0.000000,horizon_mpc_secbf,12,3.138716,true,osqp,optimal,25,4.263788,0,3.450626,geometric,false,0.000000,0.000000,0.000000,-0.000000,,,0.000000,0.000000,4.521442,0.000000
local_crowding,context_bl,Standard MPC-CBF,83,8.300,2.200000,-0.350000,0.000000,-0.000000,-1.562163,-0.348000,2.386000,-0.060000,0.420000,adult,walking,attentive,,0.000000,0.375000,3.738716,3.138716,0.000000,0.000000,0.000000,0.000000,0.000000,0.000000,0.000000,3.138716,3.138716,3.138716,3.138716,0.000000,horizon_mpc_secbf,12,3.173619,true,osqp,optimal,25,4.232663,0,3.486964,geometric,false,0.000000,0.000000,0.000000,-0.000000,,,0.000000,0.000000,4.521442,0.000000
local_crowding,context_bl,Standard MPC-CBF,84,8.400,2.200000,-0.350000,0.000000,-0.000000,-1.562163,-0.354000,2.428000,-0.060000,0.420000,adult,walking,attentive,,0.000000,0.375000,3.773619,3.173619,0.000000,0.000000,0.000000,0.000000,0.000000,0.000000,0.000000,3.173619,3.173619,3.173619,3.173619,0.000000,horizon_mpc_secbf,12,3.208674,true,osqp,optimal,25,4.207550,0,3.523416,geometric,false,0.000000,0.000000,0.000000,-0.000000,,,0.000000,0.000000,4.521442,0.000000
local_crowding,context_bl,Standard MPC-CBF,85,8.500,2.200000,-0.350000,0.000000,-0.000000,-1.562163,-0.360000,2.470000,-0.060000,0.420000,adult,walking,attentive,,0.000000,0.375000,3.808674,3.208674,0.000000,0.000000,0.000000,0.000000,0.000000,0.000000,0.000000,3.208674,3.208674,3.208674,3.208674,0.000000,horizon_mpc_secbf,12,3.243878,true,osqp,optimal,25,4.384815,0,3.559978,geometric,false,0.000000,0.000000,0.000000,-0.000000,,,0.000000,0.000000,4.521442,0.000000
local_crowding,context_bl,Standard MPC-CBF,86,8.600,2.200000,-0.350000,0.000000,-0.000000,-1.562163,-0.366000,2.512000,-0.060000,0.420000,adult,walking,attentive,,0.000000,0.375000,3.843878,3.243878,0.000000,0.000000,0.000000,0.000000,0.000000,0.000000,0.000000,3.243878,3.243878,3.243878,3.243878,0.000000,horizon_mpc_secbf,12,3.279227,true,osqp,optimal,25,5.199859,0,3.596647,geometric,false,0.000000,0.000000,0.000000,-0.000000,,,0.000000,0.000000,4.521442,0.000000
local_crowding,context_bl,Standard MPC-CBF,87,8.700,2.200000,-0.350000,0.000000,-0.000000,-1.562163,-0.372000,2.554000,-0.060000,0.420000,adult,walking,attentive,,0.000000,0.375000,3.879227,3.279227,0.000000,0.000000,0.000000,0.000000,0.000000,0.000000,0.000000,3.279227,3.279227,3.279227,3.279227,0.000000,horizon_mpc_secbf,12,3.314716,true,osqp,optimal,25,4.986647,0,3.633421,geometric,false,0.000000,0.000000,0.000000,-0.000000,,,0.000000,0.000000,4.521442,0.000000
local_crowding,context_bl,Standard MPC-CBF,88,8.800,2.200000,-0.350000,0.000000,-0.000000,-1.562163,-0.378000,2.596000,-0.060000,0.420000,adult,walking,attentive,,0.000000,0.375000,3.914716,3.314716,0.000000,0.000000,0.000000,0.000000,0.000000,0.000000,0.000000,3.314716,3.314716,3.314716,3.314716,0.000000,horizon_mpc_secbf,12,3.350342,true,osqp,optimal,25,3.894257,0,3.670297,geometric,false,0.000000,0.000000,0.000000,-0.000000,,,0.000000,0.000000,4.521442,0.000000
local_crowding,context_bl,Standard MPC-CBF,89,8.900,2.200000,-0.350000,0.000000,-0.000000,-1.562163,-0.384000,2.638000,-0.060000,0.420000,adult,walking,attentive,,0.000000,0.375000,3.950342,3.350342,0.000000,0.000000,0.000000,0.000000,0.000000,0.000000,0.000000,3.350342,3.350342,3.350342,3.350342,0.000000,horizon_mpc_secbf,12,3.386101,true,osqp,optimal,25,4.602078,0,3.707273,geometric,false,0.000000,0.000000,0.000000,-0.000000,,,0.000000,0.000000,4.521442,0.000000
local_crowding,context_bl,Standard MPC-CBF,90,9.000,2.200000,-0.350000,0.000000,-0.000000,-1.562163,-0.390000,2.680000,-0.060000,0.420000,adult,walking,attentive,,0.000000,0.375000,3.986101,3.386101,0.000000,0.000000,0.000000,0.000000,0.000000,0.000000,0.000000,3.386101,3.386101,3.386101,3.386101,0.000000,horizon_mpc_secbf,12,3.421990,true,osqp,optimal,25,4.323080,0,3.744346,geometric,false,0.000000,0.000000,0.000000,-0.000000,,,0.000000,0.000000,4.521442,0.000000
local_crowding,context_bl,Standard MPC-CBF,91,9.100,2.200000,-0.350000,0.000000,-0.000000,-1.562163,-0.396000,2.722000,-0.060000,0.420000,adult,walking,attentive,,0.000000,0.375000,4.021990,3.421990,0.000000,0.000000,0.000000,0.000000,0.000000,0.000000,0.000000,3.421990,3.421990,3.421990,3.421990,0.000000,horizon_mpc_secbf,12,3.458004,true,osqp,optimal,25,3.529217,0,3.781513,geometric,false,0.000000,0.000000,0.000000,-0.000000,,,0.000000,0.000000,4.521442,0.000000
local_crowding,context_bl,Standard MPC-CBF,92,9.200,2.200000,-0.350000,0.000000,-0.000000,-1.562163,-0.402000,2.764000,-0.060000,0.420000,adult,walking,attentive,,0.000000,0.375000,4.058004,3.458004,0.000000,0.000000,0.000000,0.000000,0.000000,0.000000,0.000000,3.458004,3.458004,3.458004,3.458004,0.000000,horizon_mpc_secbf,12,3.494142,true,osqp,optimal,25,3.591260,0,3.818773,geometric,false,0.000000,0.000000,0.000000,-0.000000,,,0.000000,0.000000,4.521442,0.000000
local_crowding,context_bl,Standard MPC-CBF,93,9.300,2.200000,-0.350000,0.000000,-0.000000,-1.562163,-0.408000,2.806000,-0.060000,0.420000,adult,walking,attentive,,0.000000,0.375000,4.094142,3.494142,0.000000,0.000000,0.000000,0.000000,0.000000,0.000000,0.000000,3.494142,3.494142,3.494142,3.494142,0.000000,horizon_mpc_secbf,12,3.530399,true,osqp,optimal,25,5.045997,0,3.856123,geometric,false,0.000000,0.000000,0.000000,-0.000000,,,0.000000,0.000000,4.521442,0.000000
local_crowding,context_bl,Standard MPC-CBF,94,9.400,2.200000,-0.350000,0.000000,-0.000000,-1.562163,-0.414000,2.848000,-0.060000,0.420000,adult,walking,attentive,,0.000000,0.375000,4.130399,3.530399,0.000000,0.000000,0.000000,0.000000,0.000000,0.000000,0.000000,3.530399,3.530399,3.530399,3.530399,0.000000,horizon_mpc_secbf,12,3.566773,true,osqp,optimal,25,4.668264,0,3.893560,geometric,false,0.000000,0.000000,0.000000,-0.000000,,,0.000000,0.000000,4.521442,0.000000
local_crowding,context_bl,Standard MPC-CBF,95,9.500,2.200000,-0.350000,0.000000,-0.000000,-1.562163,-0.420000,2.890000,-0.060000,0.420000,adult,walking,attentive,,0.000000,0.375000,4.166773,3.566773,0.000000,0.000000,0.000000,0.000000,0.000000,0.000000,0.000000,3.566773,3.566773,3.566773,3.566773,0.000000,horizon_mpc_secbf,12,3.603261,true,osqp,optimal,25,3.532855,0,3.931084,geometric,false,0.000000,0.000000,0.000000,-0.000000,,,0.000000,0.000000,4.521442,0.000000
local_crowding,context_bl,Standard MPC-CBF,96,9.600,2.200000,-0.350000,0.000000,-0.000000,-1.562163,-0.426000,2.932000,-0.060000,0.420000,adult,walking,attentive,,0.000000,0.375000,4.203261,3.603261,0.000000,0.000000,0.000000,0.000000,0.000000,0.000000,0.000000,3.603261,3.603261,3.603261,3.603261,0.000000,horizon_mpc_secbf,12,3.639858,true,osqp,optimal,25,3.612111,0,3.968691,geometric,false,0.000000,0.000000,0.000000,-0.000000,,,0.000000,0.000000,4.521442,0.000000
local_crowding,context_bl,Standard MPC-CBF,97,9.700,2.200000,-0.350000,0.000000,-0.000000,-1.562163,-0.432000,2.974000,-0.060000,0.420000,adult,walking,attentive,,0.000000,0.375000,4.239858,3.639858,0.000000,0.000000,0.000000,0.000000,0.000000,0.000000,0.000000,3.639858,3.639858,3.639858,3.639858,0.000000,horizon_mpc_secbf,12,3.676564,true,osqp,optimal,25,4.888905,0,4.006380,geometric,false,0.000000,0.000000,0.000000,-0.000000,,,0.000000,0.000000,4.521442,0.000000
local_crowding,context_bl,Standard MPC-CBF,98,9.800,2.200000,-0.350000,0.000000,-0.000000,-1.562163,-0.438000,3.016000,-0.060000,0.420000,adult,walking,attentive,,0.000000,0.375000,4.276564,3.676564,0.000000,0.000000,0.000000,0.000000,0.000000,0.000000,0.000000,3.676564,3.676564,3.676564,3.676564,0.000000,horizon_mpc_secbf,12,3.713375,true,osqp,optimal,25,3.977623,0,4.044149,geometric,false,0.000000,0.000000,0.000000,-0.000000,,,0.000000,0.000000,4.521442,0.000000
local_crowding,context_bl,Standard MPC-CBF,99,9.900,2.200000,-0.350000,0.000000,-0.000000,-1.562163,-0.444000,3.058000,-0.060000,0.420000,adult,walking,attentive,,0.000000,0.375000,4.313375,3.713375,0.000000,0.000000,0.000000,0.000000,0.000000,0.000000,0.000000,3.713375,3.713375,3.713375,3.713375,0.000000,horizon_mpc_secbf,12,3.750287,true,osqp,optimal,25,3.471577,0,4.081995,geometric,false,0.000000,0.000000,0.000000,-0.000000,,,0.000000,0.000000,4.521442,0.000000
local_crowding,context_bl,Standard MPC-CBF,100,10.000,2.200000,-0.350000,0.000000,-0.000000,-1.562163,-0.450000,3.100000,-0.060000,0.420000,adult,walking,attentive,,0.000000,0.375000,4.350287,3.750287,0.000000,0.000000,0.000000,0.000000,0.000000,0.000000,0.000000,3.750287,3.750287,3.750287,3.750287,0.000000,horizon_mpc_secbf,12,3.787300,true,osqp,optimal,25,3.879215,0,4.119918,geometric,false,0.000000,0.000000,0.000000,-0.000000,,,0.000000,0.000000,4.521442,0.000000
local_crowding,context_bl,Standard MPC-CBF,101,10.100,2.200000,-0.350000,0.000000,-0.000000,-1.562163,-0.456000,3.142000,-0.060000,0.420000,adult,walking,attentive,,0.000000,0.375000,4.387300,3.787300,0.000000,0.000000,0.000000,0.000000,0.000000,0.000000,0.000000,3.787300,3.787300,3.787300,3.787300,0.000000,horizon_mpc_secbf,12,3.824410,true,osqp,optimal,25,4.350881,0,4.157915,geometric,false,0.000000,0.000000,0.000000,-0.000000,,,0.000000,0.000000,4.521442,0.000000
local_crowding,context_bl,Standard MPC-CBF,102,10.200,2.200000,-0.350000,0.000000,-0.000000,-1.562163,-0.462000,3.184000,-0.060000,0.420000,adult,walking,attentive,,0.000000,0.375000,4.424410,3.824410,0.000000,0.000000,0.000000,0.000000,0.000000,0.000000,0.000000,3.824410,3.824410,3.824410,3.824410,0.000000,horizon_mpc_secbf,12,3.861614,true,osqp,optimal,25,3.747769,0,4.195985,geometric,false,0.000000,0.000000,0.000000,-0.000000,,,0.000000,0.000000,4.521442,0.000000
local_crowding,context_bl,Standard MPC-CBF,103,10.300,2.200000,-0.350000,0.000000,-0.000000,-1.562163,-0.468000,3.226000,-0.060000,0.420000,adult,walking,attentive,,0.000000,0.375000,4.461614,3.861614,0.000000,0.000000,0.000000,0.000000,0.000000,0.000000,0.000000,3.861614,3.861614,3.861614,3.861614,0.000000,horizon_mpc_secbf,12,3.898911,true,osqp,optimal,25,6.401205,0,4.234125,geometric,false,0.000000,0.000000,0.000000,-0.000000,,,0.000000,0.000000,4.521442,0.000000
local_crowding,context_bl,Standard MPC-CBF,104,10.400,2.200000,-0.350000,0.000000,-0.000000,-1.562163,-0.474000,3.268000,-0.060000,0.420000,adult,walking,attentive,,0.000000,0.375000,4.498911,3.898911,0.000000,0.000000,0.000000,0.000000,0.000000,0.000000,0.000000,3.898911,3.898911,3.898911,3.898911,0.000000,horizon_mpc_secbf,12,3.936298,true,osqp,optimal,25,5.275327,0,4.272335,geometric,false,0.000000,0.000000,0.000000,-0.000000,,,0.000000,0.000000,4.521442,0.000000
local_crowding,context_bl,Standard MPC-CBF,105,10.500,2.200000,-0.350000,0.000000,-0.000000,-1.562163,-0.480000,3.310000,-0.060000,0.420000,adult,walking,attentive,,0.000000,0.375000,4.536298,3.936298,0.000000,0.000000,0.000000,0.000000,0.000000,0.000000,0.000000,3.936298,3.936298,3.936298,3.936298,0.000000,horizon_mpc_secbf,12,3.973773,true,osqp,optimal,25,3.432847,0,4.310612,geometric,false,0.000000,0.000000,0.000000,-0.000000,,,0.000000,0.000000,4.521442,0.000000
local_crowding,context_bl,Standard MPC-CBF,106,10.600,2.200000,-0.350000,0.000000,-0.000000,-1.562163,-0.486000,3.352000,-0.060000,0.420000,adult,walking,attentive,,0.000000,0.375000,4.573773,3.973773,0.000000,0.000000,0.000000,0.000000,0.000000,0.000000,0.000000,3.973773,3.973773,3.973773,3.973773,0.000000,horizon_mpc_secbf,12,4.011334,true,osqp,optimal,25,3.925539,0,4.348956,geometric,false,0.000000,0.000000,0.000000,-0.000000,,,0.000000,0.000000,4.521442,0.000000
local_crowding,context_bl,Standard MPC-CBF,107,10.700,2.200000,-0.350000,0.000000,-0.000000,-1.562163,-0.492000,3.394000,-0.060000,0.420000,adult,walking,attentive,,0.000000,0.375000,4.611334,4.011334,0.000000,0.000000,0.000000,0.000000,0.000000,0.000000,0.000000,4.011334,4.011334,4.011334,4.011334,0.000000,horizon_mpc_secbf,12,4.048978,true,osqp,optimal,25,6.700021,0,4.387364,geometric,false,0.000000,0.000000,0.000000,-0.000000,,,0.000000,0.000000,4.521442,0.000000
local_crowding,context_bl,Standard MPC-CBF,108,10.800,2.200000,-0.350000,0.000000,-0.000000,-1.562163,-0.498000,3.436000,-0.060000,0.420000,adult,walking,attentive,,0.000000,0.375000,4.648978,4.048978,0.000000,0.000000,0.000000,0.000000,0.000000,0.000000,0.000000,4.048978,4.048978,4.048978,4.048978,0.000000,horizon_mpc_secbf,12,4.086705,true,osqp,optimal,25,7.226915,0,4.425835,geometric,false,0.000000,0.000000,0.000000,-0.000000,,,0.000000,0.000000,4.521442,0.000000
local_crowding,context_bl,Standard MPC-CBF,109,10.900,2.200000,-0.350000,0.000000,-0.000000,-1.562163,-0.504000,3.478000,-0.060000,0.420000,adult,walking,attentive,,0.000000,0.375000,4.686705,4.086705,0.000000,0.000000,0.000000,0.000000,0.000000,0.000000,0.000000,4.086705,4.086705,4.086705,4.086705,0.000000,horizon_mpc_secbf,12,4.124511,true,osqp,optimal,25,6.935878,0,4.464369,geometric,false,0.000000,0.000000,0.000000,-0.000000,,,0.000000,0.000000,4.521442,0.000000
local_crowding,context_bl,Standard MPC-CBF,110,11.000,2.200000,-0.350000,0.000000,-0.000000,-1.562163,-0.510000,3.520000,-0.060000,0.420000,adult,walking,attentive,,0.000000,0.375000,4.724511,4.124511,0.000000,0.000000,0.000000,0.000000,0.000000,0.000000,0.000000,4.124511,4.124511,4.124511,4.124511,0.000000,horizon_mpc_secbf,12,4.162394,true,osqp,optimal,25,7.430737,0,4.502962,geometric,false,0.000000,0.000000,0.000000,-0.000000,,,0.000000,0.000000,4.521442,0.000000
local_crowding,context_bl,Standard MPC-CBF,111,11.100,2.200000,-0.350000,0.000000,-0.000000,-1.562163,-0.516000,3.562000,-0.060000,0.420000,adult,walking,attentive,,0.000000,0.375000,4.762394,4.162394,0.000000,0.000000,0.000000,0.000000,0.000000,0.000000,0.000000,4.162394,4.162394,4.162394,4.162394,0.000000,horizon_mpc_secbf,12,4.200354,true,osqp,optimal,25,6.963392,0,4.541615,geometric,false,0.000000,0.000000,0.000000,-0.000000,,,0.000000,0.000000,4.521442,0.000000
local_crowding,context_bl,Standard MPC-CBF,112,11.200,2.200000,-0.350000,0.000000,-0.000000,-1.562163,-0.522000,3.604000,-0.060000,0.420000,adult,walking,attentive,,0.000000,0.375000,4.800354,4.200354,0.000000,0.000000,0.000000,0.000000,0.000000,0.000000,0.000000,4.200354,4.200354,4.200354,4.200354,0.000000,horizon_mpc_secbf,12,4.238388,true,osqp,optimal,25,6.915259,0,4.580326,geometric,false,0.000000,0.000000,0.000000,-0.000000,,,0.000000,0.000000,4.521442,0.000000
local_crowding,context_bl,Standard MPC-CBF,113,11.300,2.200000,-0.350000,0.000000,-0.000000,-1.562163,-0.528000,3.646000,-0.060000,0.420000,adult,walking,attentive,,0.000000,0.375000,4.838388,4.238388,0.000000,0.000000,0.000000,0.000000,0.000000,0.000000,0.000000,4.238388,4.238388,4.238388,4.238388,0.000000,horizon_mpc_secbf,12,4.276495,true,osqp,optimal,25,7.167352,0,4.619093,geometric,false,0.000000,0.000000,0.000000,-0.000000,,,0.000000,0.000000,4.521442,0.000000
local_crowding,context_bl,Standard MPC-CBF,114,11.400,2.200000,-0.350000,0.000000,-0.000000,-1.562163,-0.534000,3.688000,-0.060000,0.420000,adult,walking,attentive,,0.000000,0.375000,4.876495,4.276495,0.000000,0.000000,0.000000,0.000000,0.000000,0.000000,0.000000,4.276495,4.276495,4.276495,4.276495,0.000000,horizon_mpc_secbf,12,4.314672,true,osqp,optimal,25,7.270379,0,4.657916,geometric,false,0.000000,0.000000,0.000000,-0.000000,,,0.000000,0.000000,4.521442,0.000000
local_crowding,context_bl,Standard MPC-CBF,115,11.500,2.200000,-0.350000,0.000000,-0.000000,-1.562163,-0.540000,3.730000,-0.060000,0.420000,adult,walking,attentive,,0.000000,0.375000,4.914672,4.314672,0.000000,0.000000,0.000000,0.000000,0.000000,0.000000,0.000000,4.314672,4.314672,4.314672,4.314672,0.000000,horizon_mpc_secbf,12,4.352918,true,osqp,optimal,25,5.264996,0,4.696793,geometric,false,0.000000,0.000000,0.000000,-0.000000,,,0.000000,0.000000,4.521442,0.000000
local_crowding,context_bl,Standard MPC-CBF,116,11.600,2.200000,-0.350000,0.000000,-0.000000,-1.562163,-0.546000,3.772000,-0.060000,0.420000,adult,walking,attentive,,0.000000,0.375000,4.952918,4.352918,0.000000,0.000000,0.000000,0.000000,0.000000,0.000000,0.000000,4.352918,4.352918,4.352918,4.352918,0.000000,horizon_mpc_secbf,12,4.391232,true,osqp,optimal,25,4.620356,0,4.735723,geometric,false,0.000000,0.000000,0.000000,-0.000000,,,0.000000,0.000000,4.521442,0.000000
local_crowding,context_bl,Standard MPC-CBF,117,11.700,2.200000,-0.350000,0.000000,-0.000000,-1.562163,-0.552000,3.814000,-0.060000,0.420000,adult,walking,attentive,,0.000000,0.375000,4.991232,4.391232,0.000000,0.000000,0.000000,0.000000,0.000000,0.000000,0.000000,4.391232,4.391232,4.391232,4.391232,0.000000,horizon_mpc_secbf,12,4.429612,true,osqp,optimal,25,5.049873,0,4.774705,geometric,false,0.000000,0.000000,0.000000,-0.000000,,,0.000000,0.000000,4.521442,0.000000
local_crowding,context_bl,Standard MPC-CBF,118,11.800,2.200000,-0.350000,0.000000,-0.000000,-1.562163,-0.558000,3.856000,-0.060000,0.420000,adult,walking,attentive,,0.000000,0.375000,5.029612,4.429612,0.000000,0.000000,0.000000,0.000000,0.000000,0.000000,0.000000,4.429612,4.429612,4.429612,4.429612,0.000000,horizon_mpc_secbf,12,4.468057,true,osqp,optimal,25,4.811468,0,4.813737,geometric,false,0.000000,0.000000,0.000000,-0.000000,,,0.000000,0.000000,4.521442,0.000000
local_crowding,context_bl,Standard MPC-CBF,119,11.900,2.200000,-0.350000,0.000000,-0.000000,-1.562163,-0.564000,3.898000,-0.060000,0.420000,adult,walking,attentive,,0.000000,0.375000,5.068057,4.468057,0.000000,0.000000,0.000000,0.000000,0.000000,0.000000,0.000000,4.468057,4.468057,4.468057,4.468057,0.000000,horizon_mpc_secbf,12,4.506564,true,osqp,optimal,25,4.577328,0,4.852820,geometric,false,0.000000,0.000000,0.000000,-0.000000,,,0.000000,0.000000,4.521442,0.000000
local_crowding,context_bl,EESM-MPC-ECBF,0,0.000,-2.200000,-0.350000,0.000000,0.000000,0.000000,0.150000,-1.100000,-0.060000,0.420000,pedestrian,walking,unknown,10.098536,1.000000,0.375000,2.466779,1.866779,0.000000,0.000000,0.000000,0.000000,0.153124,0.153124,0.000000,1.866779,1.713655,1.713655,1.713655,0.000000,horizon_mpc_secbf,12,0.681575,true,osqp,optimal,175,5.795270,0,0.937182,geometric,false,0.750000,0.000000,0.621016,0.000000,,,0.621016,0.621016,0.062102,4.400000
local_crowding,context_bl,EESM-MPC-ECBF,1,0.100,-2.137898,-0.350000,0.621016,0.000000,0.000000,0.144000,-1.058000,-0.060000,0.420000,pedestrian,walking,unknown,2.308992,1.000000,0.375000,2.389210,1.789210,0.000000,0.000000,0.000000,0.000000,0.762628,0.762628,0.000000,1.789210,1.026582,1.026582,1.026582,0.000021,horizon_mpc_secbf,12,-0.000021,true,osqp,optimal,75,5.077118,0,0.166768,geometric,false,0.750000,-0.000000,0.710943,0.003176,,,0.710950,0.089983,0.133197,4.337898
local_crowding,context_bl,EESM-MPC-ECBF,2,0.200,-2.066804,-0.349682,0.710943,0.003176,0.004467,0.138000,-1.016000,-0.060000,0.420000,pedestrian,walking,unknown,1.983887,1.000000,0.375000,2.303289,1.703289,0.000000,0.000000,0.000000,0.000000,0.847884,0.847884,0.000000,1.703289,0.855405,0.855405,0.855405,0.000162,horizon_mpc_secbf,12,-0.000162,true,osqp,optimal,50,5.133123,0,0.098302,geometric,false,0.750000,-0.000056,0.611372,0.023858,,,0.611837,0.101696,0.194380,4.266804
local_crowding,context_bl,EESM-MPC-ECBF,3,0.300,-2.005667,-0.347297,0.611372,0.023858,0.039004,0.132000,-0.974000,-0.060000,0.420000,pedestrian,walking,unknown,2.153809,1.000000,0.375000,2.227639,1.627639,0.000000,0.000000,0.000000,0.000000,0.743328,0.743328,0.000000,1.627639,0.884311,0.884311,0.884311,0.000130,horizon_mpc_secbf,12,-0.000131,true,osqp,optimal,50,5.833105,0,0.119556,geometric,false,0.750000,-0.000482,0.620159,0.021194,,,0.620521,0.009182,0.256432,4.205668
local_crowding,context_bl,EESM-MPC-ECBF,4,0.400,-1.943651,-0.345177,0.620159,0.021194,0.034161,0.126000,-0.932000,-0.060000,0.420000,pedestrian,walking,unknown,2.032669,1.000000,0.375000,2.151236,1.551236,0.000000,0.000000,0.000000,0.000000,0.749081,0.749081,0.000000,1.551236,0.802155,0.802155,0.802155,0.000193,horizon_mpc_secbf,12,-0.000193,true,osqp,optimal,50,4.199965,0,0.089585,geometric,false,0.749999,-0.000873,0.569461,0.027112,,,0.570106,0.051042,0.313443,4.143654
local_crowding,context_bl,EESM-MPC-ECBF,5,0.500,-1.886705,-0.342466,0.569461,0.027112,0.047574,0.120000,-0.890000,-0.060000,0.420000,pedestrian,walking,unknown,2.082594,1.000000,0.375000,2.080062,1.480062,0.000000,0.000000,0.000000,0.000000,0.694163,0.694163,0.000000,1.480062,0.785899,0.785899,0.785899,0.000200,horizon_mpc_secbf,12,-0.000199,true,osqp,optimal,50,5.620681,0,0.088973,geometric,false,0.749999,-0.001383,0.555217,0.026405,,,0.555844,0.014262,0.369028,4.086712
local_crowding,context_bl,EESM-MPC-ECBF,6,0.600,-1.831183,-0.339825,0.555217,0.026405,0.047523,0.114000,-0.848000,-0.060000,0.420000,pedestrian,walking,unknown,2.030250,1.000000,0.375000,2.010467,1.410467,0.000000,0.000000,0.000000,0.000000,0.675574,0.675574,0.000000,1.410467,0.734893,0.734893,0.734893,0.000236,horizon_mpc_secbf,12,-0.000235,true,osqp,optimal,50,5.593337,0,0.072103,geometric,false,0.749998,-0.001893,0.522760,0.027581,,,0.523487,0.032478,0.421376,4.031196
local_crowding,context_bl,EESM-MPC-ECBF,7,0.700,-1.778907,-0.337067,0.522760,0.027581,0.052712,0.108000,-0.806000,-0.060000,0.420000,pedestrian,walking,unknown,2.036203,1.000000,0.375000,1.944304,1.344304,0.000000,0.000000,0.000000,0.000000,0.637914,0.637914,0.000000,1.344304,0.706390,0.706390,0.706390,0.000252,horizon_mpc_secbf,12,-0.000252,true,osqp,optimal,50,4.942571,0,0.065348,geometric,false,0.749996,-0.002438,0.503157,0.027092,,,0.503885,0.019609,0.471765,3.978928
local_crowding,context_bl,EESM-MPC-ECBF,8,0.800,-1.728592,-0.334358,0.503157,0.027092,0.053791,0.102000,-0.764000,-0.060000,0.420000,pedestrian,walking,unknown,2.006683,1.000000,0.375000,1.880334,1.280334,0.000000,0.000000,0.000000,0.000000,0.612367,0.612367,0.000000,1.280334,0.667967,0.667967,0.667967,0.000277,horizon_mpc_secbf,12,-0.000277,true,osqp,optimal,50,4.981249,0,0.054316,geometric,false,0.749994,-0.002986,0.478720,0.028474,,,0.479566,0.024476,0.519721,3.928623
local_crowding,context_bl,EESM-MPC-ECBF,9,0.900,-1.680720,-0.331511,0.478720,0.028474,0.059410,0.096000,-0.722000,-0.060000,0.420000,adult,walking,attentive,1.997891,1.000000,0.375000,1.819125,1.219125,0.000000,0.000000,0.000000,0.000000,0.581124,0.581124,0.000000,1.219125,0.638000,0.638000,0.638000,0.000295,horizon_mpc_secbf,12,-0.000294,true,osqp,optimal,50,5.214215,0,0.049109,geometric,false,0.749991,-0.003573,0.459364,0.038329,,,0.460960,0.021720,0.565817,3.880764
local_crowding,context_bl,EESM-MPC-ECBF,10,1.000,-1.634783,-0.327678,0.459364,0.038329,0.083247,0.090000,-0.680000,-0.060000,0.420000,adult,walking,attentive,1.982767,1.000000,0.375000,1.760400,1.160400,0.000000,0.000000,0.000000,0.000000,0.554624,0.554624,0.000000,1.160400,0.605776,0.605776,0.605776,0.000315,horizon_mpc_secbf,12,-0.000314,true,osqp,optimal,50,5.015800,0,0.042688,geometric,false,0.749987,-0.004366,0.438929,0.047412,,,0.441482,0.022363,0.609966,3.834848
local_crowding,context_bl,EESM-MPC-ECBF,11,1.100,-1.590890,-0.322937,0.438929,0.047412,0.107600,0.084000,-0.638000,-0.060000,0.420000,adult,walking,attentive,1.974694,1.000000,0.375000,1.704266,1.104266,0.000000,0.000000,0.000000,0.000000,0.526899,0.526899,0.000000,1.104266,0.577367,0.577367,0.577367,0.000331,horizon_mpc_secbf,12,-0.000331,true,osqp,optimal,50,5.116551,0,0.037389,geometric,false,0.749981,-0.005354,0.420857,0.053571,,,0.424253,0.019092,0.652391,3.790987
local_crowding,context_bl,EESM-MPC-ECBF,12,1.200,-1.548805,-0.317580,0.420857,0.053571,0.126609,0.078000,-0.596000,-0.060000,0.420000,adult,walking,attentive,1.960614,1.000000,0.375000,1.650458,1.050458,0.000000,0.000000,0.000000,0.000000,0.501136,0.501136,0.000000,1.050458,0.549322,0.549322,0.549322,0.000347,horizon_mpc_secbf,12,-0.000347,true,osqp,optimal,50,5.076498,0,0.031411,geometric,false,0.749972,-0.006486,0.403551,0.056316,,,0.407461,0.017523,0.693137,3.748945
local_crowding,context_bl,EESM-MPC-ECBF,13,1.300,-1.508449,-0.311948,0.403551,0.056316,0.138655,0.072000,-0.554000,-0.060000,0.420000,adult,walking,attentive,1.946123,1.000000,0.375000,1.598878,0.998878,0.000000,0.000000,0.000000,0.000000,0.475375,0.475375,0.000000,0.998878,0.523502,0.523502,0.523502,0.000361,horizon_mpc_secbf,12,-0.000361,true,osqp,optimal,50,5.260760,0,0.025356,geometric,false,0.749961,-0.007695,0.388455,0.055234,,,0.392362,0.015134,0.732373,3.708645
local_crowding,context_bl,EESM-MPC-ECBF,14,1.400,-1.469604,-0.306425,0.388455,0.055234,0.141241,0.066000,-0.512000,-0.060000,0.420000,adult,walking,attentive,1.925993,1.000000,0.375000,1.549303,0.949303,0.000000,0.000000,0.000000,0.000000,0.450561,0.450561,0.000000,0.949303,0.498742,0.498742,0.498742,0.000374,horizon_mpc_secbf,12,-0.000374,true,osqp,optimal,50,5.352510,0,0.018330,geometric,false,0.749947,-0.008905,0.375533,0.049931,,,0.378838,0.013968,0.770257,3.669863
local_crowding,context_bl,EESM-MPC-ECBF,15,1.500,-1.432051,-0.301432,0.375533,0.049931,0.132185,0.060000,-0.470000,-0.060000,0.420000,adult,walking,attentive,1.900684,1.000000,0.375000,1.501543,0.901543,0.000000,0.000000,0.000000,0.000000,0.425982,0.425982,0.000000,0.901543,0.475561,0.475561,0.475561,0.000384,horizon_mpc_secbf,12,-0.000384,true,osqp,optimal,50,5.372181,0,0.010067,geometric,false,0.749933,-0.010028,0.365918,0.040069,,,0.368106,0.013774,0.807068,3.632375
local_crowding,context_bl,EESM-MPC-ECBF,16,1.600,-1.395459,-0.297425,0.365918,0.040069,0.109067,0.054000,-0.428000,-0.060000,0.420000,adult,walking,attentive,1.866352,1.000000,0.375000,1.455328,0.855328,0.000000,0.000000,0.000000,0.000000,0.401852,0.401852,0.000000,0.855328,0.453477,0.453477,0.453477,0.000392,horizon_mpc_secbf,12,-0.000393,true,osqp,optimal,50,5.251870,0,-0.000363,geometric,false,0.749920,-0.010966,0.360523,0.025382,,,0.361415,0.015646,0.843209,3.595843
local_crowding,context_bl,EESM-MPC-ECBF,17,1.700,-1.359407,-0.294886,0.360523,0.025382,0.070288,0.048000,-0.386000,-0.060000,0.420000,adult,walking,attentive,1.820454,1.000000,0.375000,1.410353,0.810353,0.000000,0.000000,0.000000,0.000000,0.377853,0.377853,0.000000,0.810353,0.432499,0.432499,0.432499,0.000398,horizon_mpc_secbf,12,-0.000398,true,osqp,optimal,50,5.175481,0,-0.013895,geometric,false,0.749910,-0.011612,0.360921,0.005941,,,0.360970,0.019445,0.879306,3.559833
local_crowding,context_bl,EESM-MPC-ECBF,18,1.800,-1.323314,-0.294292,0.360921,0.005941,0.016459,0.042000,-0.344000,-0.060000,0.420000,adult,walking,attentive,1.758564,1.000000,0.375000,1.366219,0.766219,0.000000,0.000000,0.000000,0.000000,0.353979,0.353979,0.000000,0.766219,0.412240,0.412240,0.412240,0.000399,horizon_mpc_secbf,12,-0.000399,true,osqp,optimal,50,5.321725,0,-0.031873,geometric,false,0.749906,-0.011857,0.368874,-0.017635,,,0.369296,0.024881,0.916236,3.523755
local_crowding,context_bl,EESM-MPC-ECBF,19,1.900,-1.286427,-0.296056,0.368874,-0.017635,-0.047772,0.036000,-0.302000,-0.060000,0.420000,adult,walking,attentive,1.676830,1.000000,0.375000,1.322440,0.722440,0.000000,0.000000,0.000000,0.000000,0.330073,0.330073,0.000000,0.722440,0.392368,0.392368,0.392368,0.000081,horizon_mpc_secbf,12,-0.000051,true,osqp,optimal,75,5.328078,0,-0.290239,geometric,false,0.749910,-0.011603,0.619965,-0.186991,,,0.647551,0.302866,0.980991,3.486844
local_crowding,context_bl,EESM-MPC-ECBF,20,2.000,-1.224430,-0.314755,0.619965,-0.186991,-0.292938,0.030000,-0.260000,-0.060000,0.420000,adult,walking,attentive,1.004252,1.000000,0.375000,1.255625,0.655625,0.000000,0.000000,0.000000,0.000000,0.379316,0.379316,0.000000,0.655625,0.276309,0.276309,0.276309,0.000149,horizon_mpc_secbf,12,-0.000149,true,osqp,optimal,75,5.338961,0,-0.369267,geometric,false,0.749960,-0.007719,0.616292,-0.266195,,,0.671323,0.079289,1.048123,3.424612
local_crowding,context_bl,EESM-MPC-ECBF,21,2.100,-1.162801,-0.341374,0.616292,-0.266195,-0.407725,0.024000,-0.218000,-0.060000,0.420000,adult,walking,attentive,0.985842,1.000000,0.375000,1.193197,0.593197,0.000000,0.000000,0.000000,0.000000,0.236106,0.236106,0.000000,0.593197,0.357090,0.357090,0.357090,0.000000,horizon_mpc_secbf,12,0.035519,true,osqp,optimal,100,5.463872,0,-0.340316,geometric,false,0.749998,-0.001924,0.705822,-0.201974,,,0.734151,0.110181,1.121538,3.362812
local_crowding,context_bl,EESM-MPC-ECBF,22,2.200,-1.092219,-0.361572,0.705822,-0.201974,-0.278706,0.018000,-0.176000,-0.060000,0.420000,adult,walking,attentive,0.805176,1.000000,0.375000,1.125621,0.525621,0.000000,0.000000,0.000000,0.000000,0.247704,0.247704,0.000000,0.525621,0.277918,0.277918,0.277918,0.000000,horizon_mpc_secbf,12,0.019204,true,osqp,optimal,75,4.729868,0,-0.383512,geometric,false,0.749995,0.002636,0.713984,-0.198482,,,0.741059,0.008878,1.195644,3.292239
local_crowding,context_bl,EESM-MPC-ECBF,23,2.300,-1.020821,-0.381420,0.713984,-0.198482,-0.271146,0.012000,-0.134000,-0.060000,0.420000,adult,walking,attentive,0.759187,1.000000,0.375000,1.062043,0.462043,0.000000,0.000000,0.000000,0.000000,0.158282,0.158282,0.000000,0.462043,0.303761,0.303761,0.303761,0.000000,horizon_mpc_secbf,12,0.104498,true,osqp,optimal,75,5.188368,0,-0.300531,geometric,false,0.749964,0.007316,0.711175,-0.205260,,,0.740204,0.007336,1.269664,3.220974
local_crowding,context_bl,EESM-MPC-ECBF,24,2.400,-0.949703,-0.401946,0.711175,-0.205260,-0.280984,0.006000,-0.092000,-0.060000,0.420000,adult,walking,attentive,0.748523,1.000000,0.375000,1.004706,0.404706,0.000000,0.000000,0.000000,0.000000,0.051470,0.051470,0.000000,0.404706,0.353237,0.353237,0.353237,0.000000,horizon_mpc_secbf,12,0.207544,true,osqp,optimal,50,5.065033,0,-0.182419,geometric,false,0.749898,0.012368,0.708217,-0.212405,,,0.739383,0.007733,1.343603,3.150132
local_crowding,context_bl,EESM-MPC-ECBF,25,2.500,-0.878882,-0.423186,0.708217,-0.212405,-0.291379,0.000000,-0.050000,-0.060000,0.420000,adult,walking,attentive,0.771467,1.000000,0.375000,0.954830,0.354830,0.000000,0.000000,0.000000,0.000000,0.000000,0.000000,0.000000,0.354830,0.411662,0.411662,0.354830,0.000000,horizon_mpc_secbf,12,0.255709,true,osqp,optimal,75,5.104947,0,-0.101157,geometric,false,0.749788,0.017823,0.706094,-0.217524,,,0.738841,0.005542,1.417487,3.079751
local_crowding,context_bl,EESM-MPC-ECBF,26,2.600,-0.808272,-0.444939,0.706094,-0.217524,-0.298841,-0.006000,-0.008000,-0.060000,0.420000,adult,walking,attentive,0.852331,1.000000,0.375000,0.913540,0.313540,0.000000,0.000000,0.000000,0.000000,0.000000,0.000000,0.000000,0.313540,0.475072,0.475072,0.313540,0.000000,horizon_mpc_secbf,12,0.253058,true,osqp,optimal,75,4.955888,0,-0.052165,geometric,false,0.749627,0.023658,0.705034,-0.220086,,,0.738586,0.002772,1.491346,3.009770
local_crowding,context_bl,EESM-MPC-ECBF,27,2.700,-0.737769,-0.466947,0.705034,-0.220086,-0.302578,-0.012000,0.034000,-0.060000,0.420000,adult,walking,attentive,1.059596,1.000000,0.375000,0.881867,0.281867,0.000000,0.000000,0.000000,0.000000,0.000000,0.000000,0.000000,0.281867,0.541708,0.541708,0.281867,0.000000,horizon_mpc_secbf,12,0.251221,true,osqp,optimal,75,5.224897,0,0.015660,geometric,false,0.749406,0.029833,0.705122,-0.219873,,,0.738607,0.000230,1.565206,2.940096
local_crowding,context_bl,EESM-MPC-ECBF,28,2.800,-0.667257,-0.488935,0.705122,-0.219873,-0.302268,-0.018000,0.076000,-0.060000,0.420000,adult,walking,attentive,1.658173,1.000000,0.375000,0.860631,0.260631,0.000000,0.000000,0.000000,0.000000,0.000000,0.000000,0.000000,0.260631,0.610367,0.610367,0.260631,0.000000,horizon_mpc_secbf,12,0.250323,true,osqp,optimal,75,4.974075,0,0.100482,geometric,false,0.749121,0.036299,0.706391,-0.216809,,,0.738914,0.003317,1.639098,2.870621
local_crowding,context_bl,EESM-MPC-ECBF,29,2.900,-0.596617,-0.510616,0.706391,-0.216809,-0.297798,-0.024000,0.118000,-0.060000,0.420000,adult,walking,attentive,5.522840,1.000000,0.375000,0.850323,0.250323,0.000000,0.000000,0.000000,0.000000,0.000000,0.000000,0.000000,0.250323,0.680175,0.680175,0.250323,0.000000,horizon_mpc_secbf,12,0.251006,true,osqp,optimal,75,5.117809,0,0.198999,geometric,false,0.748766,0.043003,0.708831,-0.210918,,,0.739546,0.006376,1.713052,2.801226
local_crowding,context_bl,EESM-MPC-ECBF,30,3.000,-0.525734,-0.531707,0.708831,-0.210918,-0.289214,-0.030000,0.160000,-0.060000,0.420000,adult,walking,attentive,,0.000000,0.375000,0.851006,0.251006,0.000000,0.000000,0.000000,0.000000,0.000000,0.000000,0.000000,0.251006,0.251006,0.251006,0.251006,0.000000,horizon_mpc_secbf,12,0.262302,true,osqp,optimal,75,5.268728,0,0.306903,geometric,false,0.748339,0.049887,0.712389,-0.202327,,,0.740564,0.009298,1.787109,2.731784
local_crowding,context_bl,EESM-MPC-ECBF,31,3.100,-0.454495,-0.551940,0.712389,-0.202327,-0.276725,-0.036000,0.202000,-0.060000,0.420000,adult,walking,attentive,,0.000000,0.375000,0.862302,0.262302,0.000000,0.000000,0.000000,0.000000,0.000000,0.000000,0.000000,0.262302,0.262302,0.262302,0.262302,0.000000,horizon_mpc_secbf,12,0.283445,true,osqp,optimal,75,5.224105,0,0.419657,geometric,false,0.747839,0.056892,0.716976,-0.191253,,,0.742046,0.011986,1.861313,2.662166
local_crowding,context_bl,EESM-MPC-ECBF,32,3.200,-0.382798,-0.571065,0.716976,-0.191253,-0.260680,-0.042000,0.244000,-0.060000,0.420000,adult,walking,attentive,,0.000000,0.375000,0.883445,0.283445,0.000000,0.000000,0.000000,0.000000,0.000000,0.000000,0.000000,0.283445,0.283445,0.283445,0.283445,0.000000,horizon_mpc_secbf,12,0.313410,true,osqp,optimal,75,5.160024,0,0.533289,geometric,false,0.747268,0.063960,0.722475,-0.177976,,,0.744074,0.014371,1.935721,2.592241
local_crowding,context_bl,EESM-MPC-ECBF,33,3.300,-0.310550,-0.588863,0.722475,-0.177976,-0.241533,-0.048000,0.286000,-0.060000,0.420000,adult,walking,attentive,,0.000000,0.375000,0.913410,0.313410,0.000000,0.000000,0.000000,0.000000,0.000000,0.000000,0.000000,0.313410,0.313410,0.313410,0.313410,0.000000,horizon_mpc_secbf,12,0.351049,true,osqp,optimal,75,5.572759,0,0.644903,geometric,false,0.746628,0.071037,0.728759,-0.162809,,,0.746724,0.016417,2.010393,2.521888
local_crowding,context_bl,EESM-MPC-ECBF,34,3.400,-0.237674,-0.605144,0.728759,-0.162809,-0.219796,-0.054000,0.328000,-0.060000,0.420000,adult,walking,attentive,,0.000000,0.375000,0.951049,0.351049,0.000000,0.000000,0.000000,0.000000,0.000000,0.000000,0.000000,0.351049,0.351049,0.351049,0.351049,0.000000,horizon_mpc_secbf,12,0.395194,true,osqp,optimal,75,5.275758,0,0.752702,geometric,false,0.745925,0.078074,0.734775,-0.145799,,,0.749100,0.018043,2.085303,2.450991
local_crowding,context_bl,EESM-MPC-ECBF,35,3.500,-0.164197,-0.619724,0.734775,-0.145799,-0.195882,-0.060000,0.370000,-0.060000,0.420000,adult,walking,attentive,,0.000000,0.375000,0.995194,0.395194,0.000000,0.000000,0.000000,0.000000,0.000000,0.000000,0.000000,0.395194,0.395194,0.395194,0.395194,0.000000,horizon_mpc_secbf,12,0.444652,true,osqp,optimal,75,5.500904,0,0.855273,geometric,false,0.745166,0.085014,0.735591,-0.126381,,,0.746369,0.019435,2.159940,2.379533
local_crowding,context_bl,EESM-MPC-ECBF,36,3.600,-0.090638,-0.632362,0.735591,-0.126381,-0.170147,-0.066000,0.412000,-0.060000,0.420000,adult,walking,attentive,,0.000000,0.375000,1.044652,0.444652,0.000000,0.000000,0.000000,0.000000,0.000000,0.000000,0.000000,0.444652,0.444652,0.444652,0.444652,0.000000,horizon_mpc_secbf,12,0.498297,true,osqp,optimal,75,5.477112,0,0.951352,geometric,false,0.744366,0.091756,0.735591,-0.105610,,,0.743134,0.020771,2.234253,2.307975
local_crowding,context_bl,EESM-MPC-ECBF,37,3.700,-0.017079,-0.642923,0.735591,-0.105610,-0.142597,-0.072000,0.454000,-0.060000,0.420000,adult,walking,attentive,,0.000000,0.375000,1.098297,0.498297,0.000000,0.000000,0.000000,0.000000,0.000000,0.000000,0.000000,0.498297,0.498297,0.498297,0.498297,0.000000,horizon_mpc_secbf,12,0.555170,true,osqp,optimal,75,5.354368,0,1.041373,geometric,false,0.743538,0.098237,0.735590,-0.083923,,,0.740362,0.021687,2.308289,2.236346
local_crowding,context_bl,EESM-MPC-ECBF,38,3.800,0.056480,-0.651315,0.735590,-0.083923,-0.113598,-0.078000,0.496000,-0.060000,0.420000,adult,walking,attentive,,0.000000,0.375000,1.155170,0.555170,0.000000,0.000000,0.000000,0.000000,0.000000,0.000000,0.000000,0.555170,0.555170,0.555170,0.555170,0.000000,horizon_mpc_secbf,12,0.614487,true,osqp,optimal,75,5.067349,0,1.126131,geometric,false,0.742698,0.104401,0.735589,-0.061617,,,0.738165,0.022306,2.382106,2.164594
local_crowding,context_bl,EESM-MPC-ECBF,39,3.900,0.130039,-0.657477,0.735589,-0.061617,-0.083570,-0.084000,0.538000,-0.060000,0.420000,adult,walking,attentive,,0.000000,0.375000,1.214487,0.614487,0.000000,0.000000,0.000000,0.000000,0.000000,0.000000,0.000000,0.614487,0.614487,0.614487,0.614487,0.000000,horizon_mpc_secbf,12,0.675618,true,osqp,optimal,75,3.964059,0,1.206458,geometric,false,0.741860,0.110198,0.735588,-0.038942,,,0.736618,0.022675,2.455768,2.092673
local_crowding,context_bl,EESM-MPC-ECBF,40,4.000,0.203598,-0.661371,0.735588,-0.038942,-0.052890,-0.090000,0.580000,-0.060000,0.420000,adult,walking,attentive,,0.000000,0.375000,1.275618,0.675618,0.000000,0.000000,0.000000,0.000000,0.000000,0.000000,0.000000,0.675618,0.675618,0.675618,0.675618,0.000000,horizon_mpc_secbf,12,0.738068,true,osqp,optimal,75,3.876437,0,1.283138,geometric,false,0.741041,0.115577,0.735585,-0.016115,,,0.735762,0.022827,2.529344,2.020538
local_crowding,context_bl,EESM-MPC-ECBF,41,4.100,0.277157,-0.662982,0.735585,-0.016115,-0.021904,-0.096000,0.622000,-0.060000,0.420000,adult,walking,attentive,,0.000000,0.375000,1.338068,0.738068,0.000000,0.000000,0.000000,0.000000,0.000000,0.000000,0.000000,0.738068,0.738068,0.738068,0.738068,0.000000,horizon_mpc_secbf,12,0.801449,true,osqp,optimal,100,5.269157,0,1.356859,geometric,false,0.740258,0.120492,0.735589,0.006683,,,0.735619,0.022798,2.602906,1.948149
local_crowding,context_bl,EESM-MPC-ECBF,42,4.200,0.350715,-0.662314,0.735589,0.006683,0.009085,-0.102000,0.664000,-0.060000,0.420000,adult,walking,attentive,,0.000000,0.375000,1.401449,0.801449,0.000000,0.000000,0.000000,0.000000,0.000000,0.000000,0.000000,0.801449,0.801449,0.801449,0.801449,0.000000,horizon_mpc_secbf,12,0.865469,true,osqp,optimal,100,5.442594,0,1.428239,geometric,false,0.739528,0.124894,0.735589,0.029264,,,0.736171,0.022581,2.676523,1.875472
local_crowding,context_bl,EESM-MPC-ECBF,43,4.300,0.424274,-0.659388,0.735589,0.029264,0.039762,-0.108000,0.706000,-0.060000,0.420000,adult,walking,attentive,,0.000000,0.375000,1.465469,0.865469,0.000000,0.000000,0.000000,0.000000,0.000000,0.000000,0.000000,0.865469,0.865469,0.865469,0.865469,0.000000,horizon_mpc_secbf,12,0.929907,true,osqp,optimal,100,5.465947,0,1.497789,geometric,false,0.738869,0.128734,0.735589,0.051479,,,0.737388,0.022215,2.750262,1.802477
local_crowding,context_bl,EESM-MPC-ECBF,44,4.400,0.497833,-0.654240,0.735589,0.051479,0.069870,-0.114000,0.748000,-0.060000,0.420000,adult,walking,attentive,,0.000000,0.375000,1.529907,0.929907,0.000000,0.000000,0.000000,0.000000,0.000000,0.000000,0.000000,0.929907,0.929907,0.929907,0.929907,0.000000,horizon_mpc_secbf,12,0.994605,true,osqp,optimal,100,5.687202,0,1.565949,geometric,false,0.738300,0.131961,0.735588,0.073185,,,0.739219,0.021705,2.824184,1.729143
local_crowding,context_bl,EESM-MPC-ECBF,45,4.500,0.571392,-0.646921,0.735588,0.073185,0.099165,-0.120000,0.790000,-0.060000,0.420000,adult,walking,attentive,,0.000000,0.375000,1.594605,0.994605,0.000000,0.000000,0.000000,0.000000,0.000000,0.000000,0.000000,0.994605,0.994605,0.994605,0.994605,0.000000,horizon_mpc_secbf,12,1.059457,true,osqp,optimal,100,5.320767,0,1.633131,geometric,false,0.737838,0.134520,0.735586,0.094210,,,0.741594,0.021025,2.898343,1.655454
local_crowding,context_bl,EESM-MPC-ECBF,46,4.600,0.644950,-0.637500,0.735586,0.094210,0.127381,-0.126000,0.832000,-0.060000,0.420000,adult,walking,attentive,,0.000000,0.375000,1.659457,1.059457,0.000000,0.000000,0.000000,0.000000,0.000000,0.000000,0.000000,1.059457,1.059457,1.059457,1.059457,0.000000,horizon_mpc_secbf,12,1.124417,true,osqp,optimal,100,5.437296,0,1.699890,geometric,false,0.737502,0.136351,0.735584,0.114171,,,0.744391,0.019961,2.972782,1.581403
local_crowding,context_bl,EESM-MPC-ECBF,47,4.700,0.718509,-0.626083,0.735584,0.114171,0.153983,-0.132000,0.874000,-0.060000,0.420000,adult,walking,attentive,,0.000000,0.375000,1.724417,1.124417,0.000000,0.000000,0.000000,0.000000,0.000000,0.000000,0.000000,1.124417,1.124417,1.124417,1.124417,0.000000,horizon_mpc_secbf,12,1.189609,true,osqp,optimal,275,6.634674,0,1.767886,geometric,false,0.737307,0.137401,0.735601,0.131387,,,0.747243,0.017216,3.047507,1.506996
local_crowding,context_bl,EESM-MPC-ECBF,48,4.800,0.792069,-0.612945,0.735601,0.131387,0.176748,-0.138000,0.916000,-0.060000,0.420000,adult,walking,attentive,,0.000000,0.375000,1.789609,1.189609,0.000000,0.000000,0.000000,0.000000,0.000000,0.000000,0.000000,1.189609,1.189609,1.189609,1.189609,0.000000,horizon_mpc_secbf,12,1.255932,true,osqp,optimal,275,8.776617,0,1.845202,geometric,false,0.737253,0.137689,0.735601,0.136608,,,0.748178,0.005220,3.122324,1.432274
local_crowding,context_bl,EESM-MPC-ECBF,49,4.900,0.865629,-0.599284,0.735601,0.136608,0.183617,-0.144000,0.958000,-0.060000,0.420000,adult,walking,attentive,,0.000000,0.375000,1.855932,1.255932,0.000000,0.000000,0.000000,0.000000,0.000000,0.000000,0.000000,1.255932,1.255932,1.255932,1.255932,0.000000,horizon_mpc_secbf,12,1.323601,true,osqp,optimal,275,6.389402,0,1.925751,geometric,false,0.737245,0.137730,0.735603,0.137538,,,0.748350,0.000930,3.197159,1.357456
local_crowding,context_bl,EESM-MPC-ECBF,50,5.000,0.939189,-0.585530,0.735603,0.137538,0.184838,-0.150000,1.000000,-0.060000,0.420000,adult,walking,attentive,,0.000000,0.375000,1.923601,1.323601,0.000000,0.000000,0.000000,0.000000,0.000000,0.000000,0.000000,1.323601,1.323601,1.323601,1.323601,0.000000,horizon_mpc_secbf,12,1.392536,true,osqp,optimal,275,6.458121,0,2.006784,geometric,false,0.737246,0.137724,0.735604,0.137692,,,0.748380,0.000154,3.271997,1.282621
local_crowding,context_bl,EESM-MPC-ECBF,51,5.100,1.012750,-0.571761,0.735604,0.137692,0.185041,-0.156000,1.042000,-0.060000,0.420000,adult,walking,attentive,,0.000000,0.375000,1.992536,1.392536,0.000000,0.000000,0.000000,0.000000,0.000000,0.000000,0.000000,1.392536,1.392536,1.392536,1.392536,0.000000,horizon_mpc_secbf,12,1.462622,true,osqp,optimal,275,6.403305,0,2.087841,geometric,false,0.737249,0.137707,0.735605,0.137705,,,0.748383,0.000013,3.346836,1.207783
local_crowding,context_bl,EESM-MPC-ECBF,52,5.200,1.086310,-0.557990,0.735605,0.137705,0.185057,-0.162000,1.084000,-0.060000,0.420000,adult,walking,attentive,,0.000000,0.375000,2.062622,1.462622,0.000000,0.000000,0.000000,0.000000,0.000000,0.000000,0.000000,1.462622,1.462622,1.462622,1.462622,0.000000,horizon_mpc_secbf,12,1.533748,true,osqp,optimal,275,6.402612,0,2.168865,geometric,false,0.737253,0.137688,0.735605,0.137691,,,0.748381,0.000014,3.421674,1.132945
local_crowding,context_bl,EESM-MPC-ECBF,53,5.300,1.159871,-0.544221,0.735605,0.137691,0.185039,-0.168000,1.126000,-0.060000,0.420000,adult,walking,attentive,,0.000000,0.375000,2.133748,1.533748,0.000000,0.000000,0.000000,0.000000,0.000000,0.000000,0.000000,1.533748,1.533748,1.533748,1.533748,0.000000,horizon_mpc_secbf,12,1.605813,true,osqp,optimal,275,6.582437,0,2.249865,geometric,false,0.737257,0.137667,0.735606,0.137671,,,0.748377,0.000020,3.496511,1.058107
local_crowding,context_bl,EESM-MPC-ECBF,54,5.400,1.233431,-0.530454,0.735606,0.137671,0.185012,-0.174000,1.168000,-0.060000,0.420000,adult,walking,attentive,,0.000000,0.375000,2.205813,1.605813,0.000000,0.000000,0.000000,0.000000,0.000000,0.000000,0.000000,1.605813,1.605813,1.605813,1.605813,0.000000,horizon_mpc_secbf,12,1.678728,true,osqp,optimal,275,6.496778,0,2.330861,geometric,false,0.737261,0.137644,0.735605,0.137648,,,0.748373,0.000023,3.571349,0.983269
local_crowding,context_bl,EESM-MPC-ECBF,55,5.500,1.306992,-0.516689,0.735605,0.137648,0.184983,-0.180000,1.210000,-0.060000,0.420000,adult,walking,attentive,,0.000000,0.375000,2.278728,1.678728,0.000000,0.000000,0.000000,0.000000,0.000000,0.000000,0.000000,1.678728,1.678728,1.678728,1.678728,0.000000,horizon_mpc_secbf,12,1.752415,true,osqp,optimal,275,6.213636,0,2.411871,geometric,false,0.737266,0.137619,0.735605,0.137624,,,0.748368,0.000025,3.646186,0.908432
local_crowding,context_bl,EESM-MPC-ECBF,56,5.600,1.380552,-0.502927,0.735605,0.137624,0.184951,-0.186000,1.252000,-0.060000,0.420000,adult,walking,attentive,,0.000000,0.375000,2.352415,1.752415,0.000000,0.000000,0.000000,0.000000,0.000000,0.000000,0.000000,1.752415,1.752415,1.752415,1.752415,0.000000,horizon_mpc_secbf,12,1.826803,true,osqp,optimal,275,5.791751,0,2.492910,geometric,false,0.737271,0.137591,0.735604,0.137597,,,0.748362,0.000027,3.721022,0.833595
local_crowding,context_bl,EESM-MPC-ECBF,57,5.700,1.454113,-0.489167,0.735604,0.137597,0.184916,-0.192000,1.294000,-0.060000,0.420000,adult,walking,attentive,,0.000000,0.375000,2.426803,1.826803,0.000000,0.000000,0.000000,0.000000,0.000000,0.000000,0.000000,1.826803,1.826803,1.826803,1.826803,0.000000,horizon_mpc_secbf,12,1.901831,true,osqp,optimal,275,6.379590,0,2.573991,geometric,false,0.737277,0.137561,0.735603,0.137567,,,0.748356,0.000030,3.795857,0.758759
local_crowding,context_bl,EESM-MPC-ECBF,58,5.800,1.527673,-0.475411,0.735603,0.137567,0.184877,-0.198000,1.336000,-0.060000,0.420000,adult,walking,attentive,,0.000000,0.375000,2.501831,1.901831,0.000000,0.000000,0.000000,0.000000,0.000000,0.000000,0.000000,1.901831,1.901831,1.901831,1.901831,0.000000,horizon_mpc_secbf,12,1.977442,true,osqp,optimal,275,6.229639,0,2.655123,geometric,false,0.737283,0.137527,0.735601,0.137534,,,0.748348,0.000033,3.870692,0.683923
local_crowding,context_bl,EESM-MPC-ECBF,59,5.900,1.601233,-0.461657,0.735601,0.137534,0.184834,-0.204000,1.378000,-0.060000,0.420000,adult,walking,attentive,,0.000000,0.375000,2.577442,1.977442,0.000000,0.000000,0.000000,0.000000,0.000000,0.000000,0.000000,1.977442,1.977442,1.977442,1.977442,0.000000,horizon_mpc_secbf,12,2.053588,true,osqp,optimal,250,6.044598,0,2.736320,geometric,false,0.737290,0.137489,0.735606,0.137497,,,0.748346,0.000038,3.945527,0.609089
local_crowding,context_bl,EESM-MPC-ECBF,60,6.000,1.674794,-0.447908,0.735606,0.137497,0.184784,-0.210000,1.420000,-0.060000,0.420000,adult,walking,attentive,,0.000000,0.375000,2.653588,2.053588,0.000000,0.000000,0.000000,0.000000,0.000000,0.000000,0.000000,2.053588,2.053588,2.053588,2.053588,0.000000,horizon_mpc_secbf,12,2.130223,true,osqp,optimal,250,6.438525,0,2.817579,geometric,false,0.737298,0.137445,0.735604,0.137454,,,0.748336,0.000043,4.020360,0.534254
local_crowding,context_bl,EESM-MPC-ECBF,61,6.100,1.748354,-0.434162,0.735604,0.137454,0.184729,-0.216000,1.462000,-0.060000,0.420000,adult,walking,attentive,,0.000000,0.375000,2.730223,2.130223,0.000000,0.000000,0.000000,0.000000,0.000000,0.000000,0.000000,2.130223,2.130223,2.130223,2.130223,0.000000,horizon_mpc_secbf,12,2.207309,true,osqp,optimal,250,5.928972,0,2.898912,geometric,false,0.737308,0.137394,0.735602,0.137404,,,0.748325,0.000050,4.095193,0.459421
local_crowding,context_bl,EESM-MPC-ECBF,62,6.200,1.821914,-0.420422,0.735602,0.137404,0.184664,-0.222000,1.504000,-0.060000,0.420000,adult,walking,attentive,,0.000000,0.375000,2.807309,2.207309,0.000000,0.000000,0.000000,0.000000,0.000000,0.000000,0.000000,2.207309,2.207309,2.207309,2.207309,0.000000,horizon_mpc_secbf,12,2.284810,true,osqp,optimal,250,5.949569,0,2.980323,geometric,false,0.737319,0.137332,0.735601,0.137345,,,0.748313,0.000060,4.170024,0.384588
local_crowding,context_bl,EESM-MPC-ECBF,63,6.300,1.895474,-0.406687,0.735601,0.137345,0.184586,-0.228000,1.546000,-0.060000,0.420000,adult,walking,attentive,,0.000000,0.375000,2.884810,2.284810,0.000000,0.000000,0.000000,0.000000,0.000000,0.000000,0.000000,2.284810,2.284810,2.284810,2.284810,0.000000,horizon_mpc_secbf,12,2.362695,true,osqp,optimal,250,6.349818,0,3.061818,geometric,false,0.737334,0.137255,0.735599,0.137270,,,0.748298,0.000075,4.244854,0.309757
local_crowding,context_bl,EESM-MPC-ECBF,64,6.400,1.969034,-0.392960,0.735599,0.137270,0.184488,-0.234000,1.588000,-0.060000,0.420000,adult,walking,attentive,,0.000000,0.375000,2.962695,2.362695,0.000000,0.000000,0.000000,0.000000,0.000000,0.000000,0.000000,2.362695,2.362695,2.362695,2.362695,0.000000,horizon_mpc_secbf,12,2.440937,true,osqp,optimal,225,5.951320,0,3.143411,geometric,false,0.737353,0.137150,0.735606,0.137171,,,0.748286,0.000100,4.319682,0.234927
local_crowding,context_bl,EESM-MPC-ECBF,65,6.500,2.042595,-0.379243,0.735606,0.137171,0.184356,-0.240000,1.630000,-0.060000,0.420000,adult,walking,attentive,,0.000000,0.375000,3.040937,2.440937,0.000000,0.000000,0.000000,0.000000,0.000000,0.000000,0.000000,2.440937,2.440937,2.440937,2.440937,0.000000,horizon_mpc_secbf,12,2.519511,true,osqp,optimal,225,6.298898,0,3.225107,geometric,false,0.737382,0.136994,0.735605,0.137024,,,0.748258,0.000147,4.394508,0.160098
local_crowding,context_bl,EESM-MPC-ECBF,66,6.600,2.116155,-0.365541,0.735605,0.137024,0.184163,-0.246000,1.672000,-0.060000,0.420000,adult,walking,attentive,,0.000000,0.375000,3.119511,2.519511,0.000000,0.000000,0.000000,0.000000,0.000000,0.000000,0.000000,2.519511,2.519511,2.519511,2.519511,0.000000,horizon_mpc_secbf,12,2.598403,true,osqp,optimal,225,5.490544,0,3.306969,geometric,false,0.737439,0.136687,0.735603,0.136745,,,0.748205,0.000279,4.469329,0.085273
local_crowding,context_bl,EESM-MPC-ECBF,67,6.700,2.189716,-0.351866,0.735603,0.136745,0.183797,-0.252000,1.714000,-0.060000,0.420000,adult,walking,attentive,,0.000000,0.375000,3.198403,2.598403,0.000000,0.000000,0.000000,0.000000,0.000000,0.000000,0.000000,2.598403,2.598403,2.598403,2.598403,0.000000,horizon_mpc_secbf,12,2.643757,true,osqp,optimal,75,5.443087,0,3.051739,geometric,false,0.102842,0.018664,0.211407,0.038924,,,0.214960,0.533245,4.490825,0.010452
local_crowding,context_bl,EESM-MPC-ECBF,68,6.800,2.210856,-0.347974,0.211407,0.038924,0.182078,-0.258000,1.756000,-0.060000,0.420000,adult,walking,attentive,,0.000000,0.375000,3.243757,2.643757,0.000000,0.000000,0.000000,0.000000,0.000000,0.000000,0.000000,2.643757,2.643757,2.643757,2.643757,0.000000,horizon_mpc_secbf,12,2.672296,true,osqp,optimal,75,6.564939,0,2.927554,geometric,false,-0.108565,-0.020259,-0.053666,-0.010105,,,0.054609,0.269569,4.496286,0.011044
local_crowding,context_bl,EESM-MPC-ECBF,69,6.900,2.205490,-0.348985,-0.053666,-0.010105,-2.955474,-0.264000,1.798000,-0.060000,0.420000,adult,walking,attentive,,0.000000,0.375000,3.272296,2.672296,0.000000,0.000000,0.000000,0.000000,0.000000,0.000000,0.000000,2.672296,2.672296,2.672296,2.672296,0.000000,horizon_mpc_secbf,12,2.701076,true,osqp,optimal,75,7.297450,0,2.958529,geometric,false,-0.054898,-0.010154,-0.054687,-0.010146,,,0.055620,0.001022,4.501848,0.005583
local_crowding,context_bl,EESM-MPC-ECBF,70,7.000,2.200021,-0.349999,-0.054687,-0.010146,-2.958153,-0.270000,1.840000,-0.060000,0.420000,adult,walking,attentive,,0.000000,0.375000,3.301076,2.701076,0.000000,0.000000,0.000000,0.000000,0.000000,0.000000,0.000000,2.701076,2.701076,2.701076,2.701076,0.000000,horizon_mpc_secbf,12,2.732949,true,osqp,optimal,75,5.898722,0,3.018615,geometric,false,-0.000211,-0.000008,-0.009558,-0.001748,,,0.009716,0.045904,4.502819,0.000021
local_crowding,context_bl,EESM-MPC-ECBF,71,7.100,2.199065,-0.350174,-0.009558,-0.001748,-2.960736,-0.276000,1.882000,-0.060000,0.420000,adult,walking,attentive,,0.000000,0.375000,3.332949,2.732949,0.000000,0.000000,0.000000,0.000000,0.000000,0.000000,0.000000,2.732949,2.732949,2.732949,2.732949,0.000000,horizon_mpc_secbf,12,2.766016,true,osqp,optimal,75,3.522756,0,3.062560,geometric,false,0.009347,0.001739,0.006103,0.001141,,,0.006209,0.015925,4.503440,0.000951
local_crowding,context_bl,EESM-MPC-ECBF,72,7.200,2.199676,-0.350060,0.006103,0.001141,0.184827,-0.282000,1.924000,-0.060000,0.420000,adult,walking,attentive,,0.000000,0.375000,3.366016,2.766016,0.000000,0.000000,0.000000,0.000000,0.000000,0.000000,0.000000,2.766016,2.766016,2.766016,2.766016,0.000000,horizon_mpc_secbf,12,2.799147,true,osqp,optimal,75,4.607305,0,3.096288,geometric,false,0.003243,0.000598,0.003734,0.000691,,,0.003798,0.002411,4.503820,0.000330
local_crowding,context_bl,EESM-MPC-ECBF,73,7.300,2.200049,-0.349991,0.003734,0.000691,0.183084,-0.288000,1.966000,-0.060000,0.420000,adult,walking,attentive,,0.000000,0.375000,3.399147,2.799147,0.000000,0.000000,0.000000,0.000000,0.000000,0.000000,0.000000,2.799147,2.799147,2.799147,2.799147,0.000000,horizon_mpc_secbf,12,2.832259,true,osqp,optimal,50,5.086788,0,3.129233,geometric,false,-0.000491,-0.000093,-0.000001,-0.000005,,,0.000005,0.003799,4.503821,0.000050
local_crowding,context_bl,EESM-MPC-ECBF,74,7.400,2.200049,-0.349991,-0.000001,-0.000005,-1.678017,-0.294000,2.008000,-0.060000,0.420000,adult,walking,attentive,,0.000000,0.375000,3.432259,2.832259,0.000000,0.000000,0.000000,0.000000,0.000000,0.000000,0.000000,2.832259,2.832259,2.832259,2.832259,0.000000,horizon_mpc_secbf,12,2.865550,true,osqp,optimal,50,5.018416,0,3.164161,geometric,false,-0.000490,-0.000088,-0.000404,-0.000076,,,0.000411,0.000409,4.503862,0.000050
local_crowding,context_bl,EESM-MPC-ECBF,75,7.500,2.200009,-0.349999,-0.000404,-0.000076,-2.955009,-0.300000,2.050000,-0.060000,0.420000,adult,walking,attentive,,0.000000,0.375000,3.465550,2.865550,0.000000,0.000000,0.000000,0.000000,0.000000,0.000000,0.000000,2.865550,2.865550,2.865550,2.865550,0.000000,horizon_mpc_secbf,12,2.899055,true,osqp,optimal,25,4.693108,0,3.199617,geometric,false,-0.000086,-0.000011,-0.000136,-0.000027,,,0.000139,0.000272,4.503876,0.000009
local_crowding,context_bl,EESM-MPC-ECBF,76,7.600,2.199995,-0.350002,-0.000136,-0.000027,-2.943813,-0.306000,2.092000,-0.060000,0.420000,adult,walking,attentive,,0.000000,0.375000,3.499055,2.899055,0.000000,0.000000,0.000000,0.000000,0.000000,0.000000,0.000000,2.899055,2.899055,2.899055,2.899055,0.000000,horizon_mpc_secbf,12,2.932759,true,osqp,optimal,25,4.815596,0,3.235150,geometric,false,0.000050,0.000016,0.000016,0.000010,,,0.000019,0.000157,4.503878,0.000005
local_crowding,context_bl,EESM-MPC-ECBF,77,7.700,2.199997,-0.350001,0.000016,0.000010,0.551184,-0.312000,2.134000,-0.060000,0.420000,adult,walking,attentive,,0.000000,0.375000,3.532759,2.932759,0.000000,0.000000,0.000000,0.000000,0.000000,0.000000,0.000000,2.932759,2.932759,2.932759,2.932759,0.000000,horizon_mpc_secbf,12,2.966651,true,osqp,optimal,25,5.015854,0,3.270754,geometric,false,0.000034,0.000006,0.000029,0.000008,,,0.000030,0.000013,4.503881,0.000003
local_crowding,context_bl,EESM-MPC-ECBF,78,7.800,2.200000,-0.350000,0.000029,0.000008,0.266817,-0.318000,2.176000,-0.060000,0.420000,adult,walking,attentive,,0.000000,0.375000,3.566651,2.966651,0.000000,0.000000,0.000000,0.000000,0.000000,0.000000,0.000000,2.966651,2.966651,2.966651,2.966651,0.000000,horizon_mpc_secbf,12,3.000722,true,osqp,optimal,25,4.770033,0,3.306471,geometric,false,0.000004,-0.000002,0.000008,-0.000000,,,0.000008,0.000022,4.503881,0.000000
local_crowding,context_bl,EESM-MPC-ECBF,79,7.900,2.200000,-0.350000,0.000008,-0.000000,-0.010534,-0.324000,2.218000,-0.060000,0.420000,adult,walking,attentive,,0.000000,0.375000,3.600722,3.000722,0.000000,0.000000,0.000000,0.000000,0.000000,0.000000,0.000000,3.000722,3.000722,3.000722,3.000722,0.000000,horizon_mpc_secbf,12,3.034969,true,osqp,optimal,25,4.846775,0,3.342320,geometric,false,-0.000004,-0.000002,-0.000002,-0.000002,,,0.000003,0.000010,4.503882,0.000000
local_crowding,context_bl,EESM-MPC-ECBF,80,8.000,2.200000,-0.350000,-0.000002,-0.000002,-2.332287,-0.330000,2.260000,-0.060000,0.420000,adult,walking,attentive,,0.000000,0.375000,3.634969,3.034969,0.000000,0.000000,0.000000,0.000000,0.000000,0.000000,0.000000,3.034969,3.034969,3.034969,3.034969,0.000000,horizon_mpc_secbf,12,3.069387,true,osqp,optimal,25,5.057893,0,3.378300,geometric,false,-0.000002,-0.000000,-0.000002,-0.000001,,,0.000002,0.000001,4.503882,0.000000
local_crowding,context_bl,EESM-MPC-ECBF,81,8.100,2.200000,-0.350000,-0.000002,-0.000001,-2.826144,-0.336000,2.302000,-0.060000,0.420000,adult,walking,attentive,,0.000000,0.375000,3.669387,3.069387,0.000000,0.000000,0.000000,0.000000,0.000000,0.000000,0.000000,3.069387,3.069387,3.069387,3.069387,0.000000,horizon_mpc_secbf,12,3.103971,true,osqp,optimal,25,5.009811,0,3.414403,geometric,false,-0.000000,0.000000,-0.000000,0.000000,,,0.000000,0.000002,4.503882,0.000000
local_crowding,context_bl,EESM-MPC-ECBF,82,8.200,2.200000,-0.350000,-0.000000,0.000000,2.794386,-0.342000,2.344000,-0.060000,0.420000,adult,walking,attentive,,0.000000,0.375000,3.703971,3.103971,0.000000,0.000000,0.000000,0.000000,0.000000,0.000000,0.000000,3.103971,3.103971,3.103971,3.103971,0.000000,horizon_mpc_secbf,12,3.138716,true,osqp,optimal,25,5.005669,0,3.450626,geometric,false,0.000000,0.000000,0.000000,0.000000,,,0.000000,0.000001,4.503882,0.000000
local_crowding,context_bl,EESM-MPC-ECBF,83,8.300,2.200000,-0.350000,0.000000,0.000000,0.873698,-0.348000,2.386000,-0.060000,0.420000,adult,walking,attentive,,0.000000,0.375000,3.738716,3.138716,0.000000,0.000000,0.000000,0.000000,0.000000,0.000000,0.000000,3.138716,3.138716,3.138716,3.138716,0.000000,horizon_mpc_secbf,12,3.173619,true,osqp,optimal,25,5.172878,0,3.486964,geometric,false,0.000000,0.000000,0.000000,0.000000,,,0.000000,0.000000,4.503882,0.000000
local_crowding,context_bl,EESM-MPC-ECBF,84,8.400,2.200000,-0.350000,0.000000,0.000000,0.335992,-0.354000,2.428000,-0.060000,0.420000,adult,walking,attentive,,0.000000,0.375000,3.773619,3.173619,0.000000,0.000000,0.000000,0.000000,0.000000,0.000000,0.000000,3.173619,3.173619,3.173619,3.173619,0.000000,horizon_mpc_secbf,12,3.208674,true,osqp,optimal,25,5.077873,0,3.523416,geometric,false,-0.000000,-0.000000,0.000000,-0.000000,,,0.000000,0.000000,4.503882,0.000000
local_crowding,context_bl,EESM-MPC-ECBF,85,8.500,2.200000,-0.350000,0.000000,-0.000000,-0.870528,-0.360000,2.470000,-0.060000,0.420000,adult,walking,attentive,,0.000000,0.375000,3.808674,3.208674,0.000000,0.000000,0.000000,0.000000,0.000000,0.000000,0.000000,3.208674,3.208674,3.208674,3.208674,0.000000,horizon_mpc_secbf,12,3.243878,true,osqp,optimal,25,4.859370,0,3.559978,geometric,false,-0.000000,-0.000000,-0.000000,-0.000000,,,0.000000,0.000000,4.503882,0.000000
local_crowding,context_bl,EESM-MPC-ECBF,86,8.600,2.200000,-0.350000,-0.000000,-0.000000,-2.244026,-0.366000,2.512000,-0.060000,0.420000,adult,walking,attentive,,0.000000,0.375000,3.843878,3.243878,0.000000,0.000000,0.000000,0.000000,0.000000,0.000000,0.000000,3.243878,3.243878,3.243878,3.243878,0.000000,horizon_mpc_secbf,12,3.279227,true,osqp,optimal,25,5.224508,0,3.596647,geometric,false,0.000000,0.000000,-0.000000,-0.000000,,,0.000000,0.000000,4.503882,0.000000
local_crowding,context_bl,EESM-MPC-ECBF,87,8.700,2.200000,-0.350000,-0.000000,-0.000000,-1.572507,-0.372000,2.554000,-0.060000,0.420000,adult,walking,attentive,,0.000000,0.375000,3.879227,3.279227,0.000000,0.000000,0.000000,0.000000,0.000000,0.000000,0.000000,3.279227,3.279227,3.279227,3.279227,0.000000,horizon_mpc_secbf,12,3.314716,true,osqp,optimal,25,5.054062,0,3.633421,geometric,false,0.000000,0.000000,0.000000,-0.000000,,,0.000000,0.000000,4.503882,0.000000
local_crowding,context_bl,EESM-MPC-ECBF,88,8.800,2.200000,-0.350000,0.000000,-0.000000,-1.572507,-0.378000,2.596000,-0.060000,0.420000,adult,walking,attentive,,0.000000,0.375000,3.914716,3.314716,0.000000,0.000000,0.000000,0.000000,0.000000,0.000000,0.000000,3.314716,3.314716,3.314716,3.314716,0.000000,horizon_mpc_secbf,12,3.350342,true,osqp,optimal,25,5.042319,0,3.670297,geometric,false,0.000000,0.000000,0.000000,-0.000000,,,0.000000,0.000000,4.503882,0.000000
local_crowding,context_bl,EESM-MPC-ECBF,89,8.900,2.200000,-0.350000,0.000000,-0.000000,-1.572507,-0.384000,2.638000,-0.060000,0.420000,adult,walking,attentive,,0.000000,0.375000,3.950342,3.350342,0.000000,0.000000,0.000000,0.000000,0.000000,0.000000,0.000000,3.350342,3.350342,3.350342,3.350342,0.000000,horizon_mpc_secbf,12,3.386101,true,osqp,optimal,25,4.869158,0,3.707273,geometric,false,0.000000,0.000000,0.000000,-0.000000,,,0.000000,0.000000,4.503882,0.000000
local_crowding,context_bl,EESM-MPC-ECBF,90,9.000,2.200000,-0.350000,0.000000,-0.000000,-1.572507,-0.390000,2.680000,-0.060000,0.420000,adult,walking,attentive,,0.000000,0.375000,3.986101,3.386101,0.000000,0.000000,0.000000,0.000000,0.000000,0.000000,0.000000,3.386101,3.386101,3.386101,3.386101,0.000000,horizon_mpc_secbf,12,3.421990,true,osqp,optimal,25,3.650515,0,3.744346,geometric,false,0.000000,0.000000,0.000000,-0.000000,,,0.000000,0.000000,4.503882,0.000000
local_crowding,context_bl,EESM-MPC-ECBF,91,9.100,2.200000,-0.350000,0.000000,-0.000000,-1.572507,-0.396000,2.722000,-0.060000,0.420000,adult,walking,attentive,,0.000000,0.375000,4.021990,3.421990,0.000000,0.000000,0.000000,0.000000,0.000000,0.000000,0.000000,3.421990,3.421990,3.421990,3.421990,0.000000,horizon_mpc_secbf,12,3.458004,true,osqp,optimal,25,4.116663,0,3.781513,geometric,false,0.000000,0.000000,0.000000,-0.000000,,,0.000000,0.000000,4.503882,0.000000
local_crowding,context_bl,EESM-MPC-ECBF,92,9.200,2.200000,-0.350000,0.000000,-0.000000,-1.572507,-0.402000,2.764000,-0.060000,0.420000,adult,walking,attentive,,0.000000,0.375000,4.058004,3.458004,0.000000,0.000000,0.000000,0.000000,0.000000,0.000000,0.000000,3.458004,3.458004,3.458004,3.458004,0.000000,horizon_mpc_secbf,12,3.494142,true,osqp,optimal,25,5.123021,0,3.818773,geometric,false,0.000000,0.000000,0.000000,-0.000000,,,0.000000,0.000000,4.503882,0.000000
local_crowding,context_bl,EESM-MPC-ECBF,93,9.300,2.200000,-0.350000,0.000000,-0.000000,-1.572507,-0.408000,2.806000,-0.060000,0.420000,adult,walking,attentive,,0.000000,0.375000,4.094142,3.494142,0.000000,0.000000,0.000000,0.000000,0.000000,0.000000,0.000000,3.494142,3.494142,3.494142,3.494142,0.000000,horizon_mpc_secbf,12,3.530399,true,osqp,optimal,25,5.105537,0,3.856123,geometric,false,0.000000,0.000000,0.000000,-0.000000,,,0.000000,0.000000,4.503882,0.000000
local_crowding,context_bl,EESM-MPC-ECBF,94,9.400,2.200000,-0.350000,0.000000,-0.000000,-1.572507,-0.414000,2.848000,-0.060000,0.420000,adult,walking,attentive,,0.000000,0.375000,4.130399,3.530399,0.000000,0.000000,0.000000,0.000000,0.000000,0.000000,0.000000,3.530399,3.530399,3.530399,3.530399,0.000000,horizon_mpc_secbf,12,3.566773,true,osqp,optimal,25,4.689562,0,3.893560,geometric,false,0.000000,0.000000,0.000000,-0.000000,,,0.000000,0.000000,4.503882,0.000000
local_crowding,context_bl,EESM-MPC-ECBF,95,9.500,2.200000,-0.350000,0.000000,-0.000000,-1.572507,-0.420000,2.890000,-0.060000,0.420000,adult,walking,attentive,,0.000000,0.375000,4.166773,3.566773,0.000000,0.000000,0.000000,0.000000,0.000000,0.000000,0.000000,3.566773,3.566773,3.566773,3.566773,0.000000,horizon_mpc_secbf,12,3.603261,true,osqp,optimal,25,4.796880,0,3.931084,geometric,false,0.000000,0.000000,0.000000,-0.000000,,,0.000000,0.000000,4.503882,0.000000
local_crowding,context_bl,EESM-MPC-ECBF,96,9.600,2.200000,-0.350000,0.000000,-0.000000,-1.572507,-0.426000,2.932000,-0.060000,0.420000,adult,walking,attentive,,0.000000,0.375000,4.203261,3.603261,0.000000,0.000000,0.000000,0.000000,0.000000,0.000000,0.000000,3.603261,3.603261,3.603261,3.603261,0.000000,horizon_mpc_secbf,12,3.639858,true,osqp,optimal,25,5.488588,0,3.968691,geometric,false,0.000000,0.000000,0.000000,-0.000000,,,0.000000,0.000000,4.503882,0.000000
local_crowding,context_bl,EESM-MPC-ECBF,97,9.700,2.200000,-0.350000,0.000000,-0.000000,-1.572507,-0.432000,2.974000,-0.060000,0.420000,adult,walking,attentive,,0.000000,0.375000,4.239858,3.639858,0.000000,0.000000,0.000000,0.000000,0.000000,0.000000,0.000000,3.639858,3.639858,3.639858,3.639858,0.000000,horizon_mpc_secbf,12,3.676564,true,osqp,optimal,25,5.162322,0,4.006380,geometric,false,0.000000,0.000000,0.000000,-0.000000,,,0.000000,0.000000,4.503882,0.000000
local_crowding,context_bl,EESM-MPC-ECBF,98,9.800,2.200000,-0.350000,0.000000,-0.000000,-1.572507,-0.438000,3.016000,-0.060000,0.420000,adult,walking,attentive,,0.000000,0.375000,4.276564,3.676564,0.000000,0.000000,0.000000,0.000000,0.000000,0.000000,0.000000,3.676564,3.676564,3.676564,3.676564,0.000000,horizon_mpc_secbf,12,3.713375,true,osqp,optimal,25,5.103344,0,4.044149,geometric,false,0.000000,0.000000,0.000000,-0.000000,,,0.000000,0.000000,4.503882,0.000000
local_crowding,context_bl,EESM-MPC-ECBF,99,9.900,2.200000,-0.350000,0.000000,-0.000000,-1.572507,-0.444000,3.058000,-0.060000,0.420000,adult,walking,attentive,,0.000000,0.375000,4.313375,3.713375,0.000000,0.000000,0.000000,0.000000,0.000000,0.000000,0.000000,3.713375,3.713375,3.713375,3.713375,0.000000,horizon_mpc_secbf,12,3.750287,true,osqp,optimal,25,5.332426,0,4.081995,geometric,false,0.000000,0.000000,0.000000,-0.000000,,,0.000000,0.000000,4.503882,0.000000
local_crowding,context_bl,EESM-MPC-ECBF,100,10.000,2.200000,-0.350000,0.000000,-0.000000,-1.572507,-0.450000,3.100000,-0.060000,0.420000,adult,walking,attentive,,0.000000,0.375000,4.350287,3.750287,0.000000,0.000000,0.000000,0.000000,0.000000,0.000000,0.000000,3.750287,3.750287,3.750287,3.750287,0.000000,horizon_mpc_secbf,12,3.787300,true,osqp,optimal,25,5.059058,0,4.119918,geometric,false,0.000000,0.000000,0.000000,-0.000000,,,0.000000,0.000000,4.503882,0.000000
local_crowding,context_bl,EESM-MPC-ECBF,101,10.100,2.200000,-0.350000,0.000000,-0.000000,-1.572507,-0.456000,3.142000,-0.060000,0.420000,adult,walking,attentive,,0.000000,0.375000,4.387300,3.787300,0.000000,0.000000,0.000000,0.000000,0.000000,0.000000,0.000000,3.787300,3.787300,3.787300,3.787300,0.000000,horizon_mpc_secbf,12,3.824410,true,osqp,optimal,25,5.086566,0,4.157915,geometric,false,0.000000,0.000000,0.000000,-0.000000,,,0.000000,0.000000,4.503882,0.000000
local_crowding,context_bl,EESM-MPC-ECBF,102,10.200,2.200000,-0.350000,0.000000,-0.000000,-1.572507,-0.462000,3.184000,-0.060000,0.420000,adult,walking,attentive,,0.000000,0.375000,4.424410,3.824410,0.000000,0.000000,0.000000,0.000000,0.000000,0.000000,0.000000,3.824410,3.824410,3.824410,3.824410,0.000000,horizon_mpc_secbf,12,3.861614,true,osqp,optimal,25,5.193830,0,4.195985,geometric,false,0.000000,0.000000,0.000000,-0.000000,,,0.000000,0.000000,4.503882,0.000000
local_crowding,context_bl,EESM-MPC-ECBF,103,10.300,2.200000,-0.350000,0.000000,-0.000000,-1.572507,-0.468000,3.226000,-0.060000,0.420000,adult,walking,attentive,,0.000000,0.375000,4.461614,3.861614,0.000000,0.000000,0.000000,0.000000,0.000000,0.000000,0.000000,3.861614,3.861614,3.861614,3.861614,0.000000,horizon_mpc_secbf,12,3.898911,true,osqp,optimal,25,4.993525,0,4.234125,geometric,false,0.000000,0.000000,0.000000,-0.000000,,,0.000000,0.000000,4.503882,0.000000
local_crowding,context_bl,EESM-MPC-ECBF,104,10.400,2.200000,-0.350000,0.000000,-0.000000,-1.572507,-0.474000,3.268000,-0.060000,0.420000,adult,walking,attentive,,0.000000,0.375000,4.498911,3.898911,0.000000,0.000000,0.000000,0.000000,0.000000,0.000000,0.000000,3.898911,3.898911,3.898911,3.898911,0.000000,horizon_mpc_secbf,12,3.936298,true,osqp,optimal,25,5.005075,0,4.272335,geometric,false,0.000000,0.000000,0.000000,-0.000000,,,0.000000,0.000000,4.503882,0.000000
local_crowding,context_bl,EESM-MPC-ECBF,105,10.500,2.200000,-0.350000,0.000000,-0.000000,-1.572507,-0.480000,3.310000,-0.060000,0.420000,adult,walking,attentive,,0.000000,0.375000,4.536298,3.936298,0.000000,0.000000,0.000000,0.000000,0.000000,0.000000,0.000000,3.936298,3.936298,3.936298,3.936298,0.000000,horizon_mpc_secbf,12,3.973773,true,osqp,optimal,25,5.238584,0,4.310612,geometric,false,0.000000,0.000000,0.000000,-0.000000,,,0.000000,0.000000,4.503882,0.000000
local_crowding,context_bl,EESM-MPC-ECBF,106,10.600,2.200000,-0.350000,0.000000,-0.000000,-1.572507,-0.486000,3.352000,-0.060000,0.420000,adult,walking,attentive,,0.000000,0.375000,4.573773,3.973773,0.000000,0.000000,0.000000,0.000000,0.000000,0.000000,0.000000,3.973773,3.973773,3.973773,3.973773,0.000000,horizon_mpc_secbf,12,4.011334,true,osqp,optimal,25,4.932702,0,4.348956,geometric,false,0.000000,0.000000,0.000000,-0.000000,,,0.000000,0.000000,4.503882,0.000000
local_crowding,context_bl,EESM-MPC-ECBF,107,10.700,2.200000,-0.350000,0.000000,-0.000000,-1.572507,-0.492000,3.394000,-0.060000,0.420000,adult,walking,attentive,,0.000000,0.375000,4.611334,4.011334,0.000000,0.000000,0.000000,0.000000,0.000000,0.000000,0.000000,4.011334,4.011334,4.011334,4.011334,0.000000,horizon_mpc_secbf,12,4.048978,true,osqp,optimal,25,4.898922,0,4.387364,geometric,false,0.000000,0.000000,0.000000,-0.000000,,,0.000000,0.000000,4.503882,0.000000
local_crowding,context_bl,EESM-MPC-ECBF,108,10.800,2.200000,-0.350000,0.000000,-0.000000,-1.572507,-0.498000,3.436000,-0.060000,0.420000,adult,walking,attentive,,0.000000,0.375000,4.648978,4.048978,0.000000,0.000000,0.000000,0.000000,0.000000,0.000000,0.000000,4.048978,4.048978,4.048978,4.048978,0.000000,horizon_mpc_secbf,12,4.086705,true,osqp,optimal,25,4.863157,0,4.425835,geometric,false,0.000000,0.000000,0.000000,-0.000000,,,0.000000,0.000000,4.503882,0.000000
local_crowding,context_bl,EESM-MPC-ECBF,109,10.900,2.200000,-0.350000,0.000000,-0.000000,-1.572507,-0.504000,3.478000,-0.060000,0.420000,adult,walking,attentive,,0.000000,0.375000,4.686705,4.086705,0.000000,0.000000,0.000000,0.000000,0.000000,0.000000,0.000000,4.086705,4.086705,4.086705,4.086705,0.000000,horizon_mpc_secbf,12,4.124511,true,osqp,optimal,25,4.337040,0,4.464369,geometric,false,0.000000,0.000000,0.000000,-0.000000,,,0.000000,0.000000,4.503882,0.000000
local_crowding,context_bl,EESM-MPC-ECBF,110,11.000,2.200000,-0.350000,0.000000,-0.000000,-1.572507,-0.510000,3.520000,-0.060000,0.420000,adult,walking,attentive,,0.000000,0.375000,4.724511,4.124511,0.000000,0.000000,0.000000,0.000000,0.000000,0.000000,0.000000,4.124511,4.124511,4.124511,4.124511,0.000000,horizon_mpc_secbf,12,4.162394,true,osqp,optimal,25,3.374522,0,4.502962,geometric,false,0.000000,0.000000,0.000000,-0.000000,,,0.000000,0.000000,4.503882,0.000000
local_crowding,context_bl,EESM-MPC-ECBF,111,11.100,2.200000,-0.350000,0.000000,-0.000000,-1.572507,-0.516000,3.562000,-0.060000,0.420000,adult,walking,attentive,,0.000000,0.375000,4.762394,4.162394,0.000000,0.000000,0.000000,0.000000,0.000000,0.000000,0.000000,4.162394,4.162394,4.162394,4.162394,0.000000,horizon_mpc_secbf,12,4.200354,true,osqp,optimal,25,4.963831,0,4.541615,geometric,false,0.000000,0.000000,0.000000,-0.000000,,,0.000000,0.000000,4.503882,0.000000
local_crowding,context_bl,EESM-MPC-ECBF,112,11.200,2.200000,-0.350000,0.000000,-0.000000,-1.572507,-0.522000,3.604000,-0.060000,0.420000,adult,walking,attentive,,0.000000,0.375000,4.800354,4.200354,0.000000,0.000000,0.000000,0.000000,0.000000,0.000000,0.000000,4.200354,4.200354,4.200354,4.200354,0.000000,horizon_mpc_secbf,12,4.238388,true,osqp,optimal,25,5.271112,0,4.580326,geometric,false,0.000000,0.000000,0.000000,-0.000000,,,0.000000,0.000000,4.503882,0.000000
local_crowding,context_bl,EESM-MPC-ECBF,113,11.300,2.200000,-0.350000,0.000000,-0.000000,-1.572507,-0.528000,3.646000,-0.060000,0.420000,adult,walking,attentive,,0.000000,0.375000,4.838388,4.238388,0.000000,0.000000,0.000000,0.000000,0.000000,0.000000,0.000000,4.238388,4.238388,4.238388,4.238388,0.000000,horizon_mpc_secbf,12,4.276495,true,osqp,optimal,25,5.702858,0,4.619093,geometric,false,0.000000,0.000000,0.000000,-0.000000,,,0.000000,0.000000,4.503882,0.000000
local_crowding,context_bl,EESM-MPC-ECBF,114,11.400,2.200000,-0.350000,0.000000,-0.000000,-1.572507,-0.534000,3.688000,-0.060000,0.420000,adult,walking,attentive,,0.000000,0.375000,4.876495,4.276495,0.000000,0.000000,0.000000,0.000000,0.000000,0.000000,0.000000,4.276495,4.276495,4.276495,4.276495,0.000000,horizon_mpc_secbf,12,4.314672,true,osqp,optimal,25,5.556891,0,4.657916,geometric,false,0.000000,0.000000,0.000000,-0.000000,,,0.000000,0.000000,4.503882,0.000000
local_crowding,context_bl,EESM-MPC-ECBF,115,11.500,2.200000,-0.350000,0.000000,-0.000000,-1.572507,-0.540000,3.730000,-0.060000,0.420000,adult,walking,attentive,,0.000000,0.375000,4.914672,4.314672,0.000000,0.000000,0.000000,0.000000,0.000000,0.000000,0.000000,4.314672,4.314672,4.314672,4.314672,0.000000,horizon_mpc_secbf,12,4.352918,true,osqp,optimal,25,5.950012,0,4.696793,geometric,false,0.000000,0.000000,0.000000,-0.000000,,,0.000000,0.000000,4.503882,0.000000
local_crowding,context_bl,EESM-MPC-ECBF,116,11.600,2.200000,-0.350000,0.000000,-0.000000,-1.572507,-0.546000,3.772000,-0.060000,0.420000,adult,walking,attentive,,0.000000,0.375000,4.952918,4.352918,0.000000,0.000000,0.000000,0.000000,0.000000,0.000000,0.000000,4.352918,4.352918,4.352918,4.352918,0.000000,horizon_mpc_secbf,12,4.391232,true,osqp,optimal,25,5.121351,0,4.735723,geometric,false,0.000000,0.000000,0.000000,-0.000000,,,0.000000,0.000000,4.503882,0.000000
local_crowding,context_bl,EESM-MPC-ECBF,117,11.700,2.200000,-0.350000,0.000000,-0.000000,-1.572507,-0.552000,3.814000,-0.060000,0.420000,adult,walking,attentive,,0.000000,0.375000,4.991232,4.391232,0.000000,0.000000,0.000000,0.000000,0.000000,0.000000,0.000000,4.391232,4.391232,4.391232,4.391232,0.000000,horizon_mpc_secbf,12,4.429612,true,osqp,optimal,25,4.130542,0,4.774705,geometric,false,0.000000,0.000000,0.000000,-0.000000,,,0.000000,0.000000,4.503882,0.000000
local_crowding,context_bl,EESM-MPC-ECBF,118,11.800,2.200000,-0.350000,0.000000,-0.000000,-1.572507,-0.558000,3.856000,-0.060000,0.420000,adult,walking,attentive,,0.000000,0.375000,5.029612,4.429612,0.000000,0.000000,0.000000,0.000000,0.000000,0.000000,0.000000,4.429612,4.429612,4.429612,4.429612,0.000000,horizon_mpc_secbf,12,4.468057,true,osqp,optimal,25,5.168155,0,4.813737,geometric,false,0.000000,0.000000,0.000000,-0.000000,,,0.000000,0.000000,4.503882,0.000000
local_crowding,context_bl,EESM-MPC-ECBF,119,11.900,2.200000,-0.350000,0.000000,-0.000000,-1.572507,-0.564000,3.898000,-0.060000,0.420000,adult,walking,attentive,,0.000000,0.375000,5.068057,4.468057,0.000000,0.000000,0.000000,0.000000,0.000000,0.000000,0.000000,4.468057,4.468057,4.468057,4.468057,0.000000,horizon_mpc_secbf,12,4.506564,true,osqp,optimal,25,5.957178,0,4.852820,geometric,false,0.000000,0.000000,0.000000,-0.000000,,,0.000000,0.000000,4.503882,0.000000
local_crowding,context_bl,SEESM w/o Feasibility-Preserving Update,0,0.000,-2.200000,-0.350000,0.000000,0.000000,0.000000,0.150000,-1.100000,-0.060000,0.420000,pedestrian,walking,unknown,10.098536,1.000000,0.375000,2.466779,1.866779,0.249000,0.249000,0.249000,0.249000,0.153124,0.402124,0.249000,1.866779,1.713655,1.464655,1.464655,0.000000,horizon_mpc_secbf,12,0.432575,true,osqp,optimal,175,4.195053,0,0.688182,accept,false,0.750000,0.000000,0.621016,0.000000,,,0.621016,0.621016,0.062102,4.400000
local_crowding,context_bl,SEESM w/o Feasibility-Preserving Update,1,0.100,-2.137898,-0.350000,0.621016,0.000000,0.000000,0.144000,-1.058000,-0.060000,0.420000,pedestrian,walking,unknown,2.308992,1.000000,0.375000,2.389210,1.789210,0.289584,0.289584,0.289584,0.289584,0.762628,1.052212,0.040584,1.789210,1.026582,0.736998,0.736998,0.000266,horizon_mpc_secbf,12,-0.000265,true,osqp,optimal,50,5.072375,0,0.079332,accept,false,0.750000,-0.000000,0.511173,0.040654,,,0.512787,0.117125,0.113380,4.337898
local_crowding,context_bl,SEESM w/o Feasibility-Preserving Update,2,0.200,-2.086781,-0.345935,0.511173,0.040654,0.079364,0.138000,-1.016000,-0.060000,0.420000,pedestrian,walking,unknown,2.626063,1.000000,0.375000,2.323497,1.723497,0.281974,0.281974,0.281974,0.281974,0.644528,0.926502,0.000000,1.723497,1.078969,0.796995,0.796995,0.000209,horizon_mpc_secbf,12,-0.000208,true,osqp,optimal,50,6.069411,0,0.113124,accept,false,0.750000,-0.000711,0.538762,0.035944,,,0.539959,0.027988,0.167376,4.286783
local_crowding,context_bl,SEESM w/o Feasibility-Preserving Update,3,0.300,-2.032905,-0.342340,0.538762,0.035944,0.066618,0.132000,-0.974000,-0.060000,0.420000,pedestrian,walking,unknown,2.425637,1.000000,0.375000,2.255173,1.655173,0.286785,0.286785,0.286785,0.286785,0.669578,0.956363,0.004810,1.655173,0.985595,0.698811,0.698811,0.000287,horizon_mpc_secbf,12,-0.000287,true,osqp,optimal,50,4.449317,0,0.076008,accept,false,0.749999,-0.001357,0.478946,0.042569,,,0.480834,0.060181,0.215460,4.232912
local_crowding,context_bl,SEESM w/o Feasibility-Preserving Update,4,0.400,-1.985010,-0.338083,0.478946,0.042569,0.088648,0.126000,-0.932000,-0.060000,0.420000,pedestrian,walking,unknown,2.565067,1.000000,0.375000,2.192966,1.592966,0.283438,0.283438,0.283438,0.283438,0.606066,0.889505,0.000000,1.592966,0.986900,0.703462,0.703462,0.000277,horizon_mpc_secbf,12,-0.000276,true,osqp,optimal,50,5.104100,0,0.083736,accept,false,0.749997,-0.002136,0.476681,0.038288,,,0.478216,0.004844,0.263281,4.185027
local_crowding,context_bl,SEESM w/o Feasibility-Preserving Update,5,0.500,-1.937342,-0.334254,0.476681,0.038288,0.080150,0.120000,-0.890000,-0.060000,0.420000,pedestrian,walking,unknown,2.478868,1.000000,0.375000,2.131082,1.531082,0.285507,0.285507,0.285507,0.285507,0.600494,0.886001,0.002069,1.531082,0.930588,0.645081,0.645081,0.000320,horizon_mpc_secbf,12,-0.000320,true,osqp,optimal,50,6.026633,0,0.063117,accept,false,0.749995,-0.002854,0.439923,0.037845,,,0.441548,0.036761,0.307436,4.137372
local_crowding,context_bl,SEESM w/o Feasibility-Preserving Update,6,0.600,-1.893350,-0.330470,0.439923,0.037845,0.085814,0.114000,-0.848000,-0.060000,0.420000,pedestrian,walking,unknown,2.541833,1.000000,0.375000,2.072991,1.472991,0.283996,0.283996,0.283996,0.283996,0.559497,0.843493,0.000000,1.472991,0.913493,0.629497,0.629497,0.000327,horizon_mpc_secbf,12,-0.000327,true,osqp,optimal,50,4.217965,0,0.060986,accept,false,0.749991,-0.003578,0.427638,0.032899,,,0.428902,0.013243,0.350326,4.093397
local_crowding,context_bl,SEESM w/o Feasibility-Preserving Update,7,0.700,-1.850586,-0.327180,0.427638,0.032899,0.076780,0.108000,-0.806000,-0.060000,0.420000,pedestrian,walking,unknown,2.503933,1.000000,0.375000,2.016266,1.416266,0.284906,0.284906,0.284906,0.284906,0.542461,0.827367,0.000910,1.416266,0.873805,0.588899,0.588899,0.000355,horizon_mpc_secbf,12,-0.000355,true,osqp,optimal,50,4.703201,0,0.047432,accept,false,0.749988,-0.004225,0.402042,0.028397,,,0.403044,0.025989,0.390631,4.050650
local_crowding,context_bl,SEESM w/o Feasibility-Preserving Update,8,0.800,-1.810382,-0.324340,0.402042,0.028397,0.070516,0.102000,-0.764000,-0.060000,0.420000,pedestrian,walking,unknown,2.531930,1.000000,0.375000,1.962270,1.362270,0.284234,0.284234,0.284234,0.284234,0.511135,0.795368,0.000000,1.362270,0.851136,0.566902,0.566902,0.000366,horizon_mpc_secbf,12,-0.000366,true,osqp,optimal,50,4.687828,0,0.041841,accept,false,0.749985,-0.004799,0.387569,0.021724,,,0.388178,0.015937,0.429448,4.010464
local_crowding,context_bl,SEESM w/o Feasibility-Preserving Update,9,0.900,-1.771625,-0.322168,0.387569,0.021724,0.055992,0.096000,-0.722000,-0.060000,0.420000,adult,walking,attentive,2.514152,1.000000,0.375000,1.909945,1.309945,0.172891,0.172891,0.172891,0.172891,0.489888,0.662780,0.000000,1.309945,0.820056,0.647165,0.647165,0.000291,horizon_mpc_secbf,12,-0.000290,true,osqp,optimal,50,6.104430,0,0.066301,accept,false,0.749982,-0.005256,0.446960,0.011926,,,0.447119,0.060193,0.474160,3.971722
local_crowding,context_bl,SEESM w/o Feasibility-Preserving Update,10,1.000,-1.726929,-0.320975,0.446960,0.011926,0.026676,0.090000,-0.680000,-0.060000,0.420000,adult,walking,attentive,2.172023,1.000000,0.375000,1.852061,1.252061,0.178537,0.178537,0.178537,0.178537,0.541174,0.719711,0.005645,1.252061,0.710887,0.532350,0.532350,0.000382,horizon_mpc_secbf,12,-0.000382,true,osqp,optimal,50,5.287324,0,0.020444,accept,false,0.749980,-0.005543,0.381843,0.013366,,,0.382076,0.065133,0.512368,3.927036
local_crowding,context_bl,SEESM w/o Feasibility-Preserving Update,11,1.100,-1.688745,-0.319639,0.381843,0.013366,0.034990,0.084000,-0.638000,-0.060000,0.420000,adult,walking,attentive,2.370157,1.000000,0.375000,1.801105,1.201105,0.175267,0.175267,0.175267,0.175267,0.467278,0.642546,0.000000,1.201105,0.733826,0.558559,0.558559,0.000350,horizon_mpc_secbf,12,-0.000350,true,osqp,optimal,50,5.698200,0,0.038282,accept,false,0.749977,-0.005855,0.396271,0.015265,,,0.396565,0.014553,0.552024,3.888863
local_crowding,context_bl,SEESM w/o Feasibility-Preserving Update,12,1.200,-1.649118,-0.318112,0.396271,0.015265,0.038502,0.078000,-0.596000,-0.060000,0.420000,adult,walking,attentive,2.232703,1.000000,0.375000,1.749330,1.149330,0.177535,0.177535,0.177535,0.177535,0.472169,0.649704,0.002268,1.149330,0.677162,0.499626,0.499626,0.000392,horizon_mpc_secbf,12,-0.000392,true,osqp,optimal,50,5.324562,0,0.017037,accept,false,0.749974,-0.006213,0.363979,0.014682,,,0.364275,0.032297,0.588452,3.849250
local_crowding,context_bl,SEESM w/o Feasibility-Preserving Update,13,1.300,-1.612720,-0.316644,0.363979,0.014682,0.040316,0.072000,-0.554000,-0.060000,0.420000,adult,walking,attentive,2.311937,1.000000,0.375000,1.701358,1.101358,0.176228,0.176228,0.176228,0.176228,0.429478,0.605706,0.000000,1.101358,0.671880,0.495652,0.495652,0.000386,horizon_mpc_secbf,12,-0.000387,true,osqp,optimal,50,5.009411,0,0.019561,accept,false,0.749971,-0.006561,0.363715,0.012100,,,0.363916,0.002595,0.624844,3.812866
local_crowding,context_bl,SEESM w/o Feasibility-Preserving Update,14,1.400,-1.576348,-0.315434,0.363715,0.012100,0.033256,0.066000,-0.512000,-0.060000,0.420000,adult,walking,attentive,2.246590,1.000000,0.375000,1.654069,1.054069,0.177306,0.177306,0.177306,0.177306,0.417247,0.594554,0.001078,1.054069,0.636822,0.459516,0.459516,0.000408,horizon_mpc_secbf,12,-0.000408,true,osqp,optimal,50,3.619327,0,0.006058,accept,false,0.749969,-0.006865,0.347372,0.004473,,,0.347401,0.018035,0.659584,3.776506
local_crowding,context_bl,SEESM w/o Feasibility-Preserving Update,15,1.500,-1.541611,-0.314987,0.347372,0.004473,0.012876,0.060000,-0.470000,-0.060000,0.420000,adult,walking,attentive,2.265046,1.000000,0.375000,1.609095,1.009095,0.177002,0.177002,0.177002,0.177002,0.386772,0.563774,0.000000,1.009095,0.622323,0.445321,0.445321,0.000409,horizon_mpc_secbf,12,-0.000409,true,osqp,optimal,50,3.814285,0,0.000833,accept,false,0.749967,-0.007018,0.345820,-0.005226,,,0.345860,0.009823,0.694170,3.741775
local_crowding,context_bl,SEESM w/o Feasibility-Preserving Update,16,1.600,-1.507029,-0.315509,0.345820,-0.005226,-0.015111,0.054000,-0.428000,-0.060000,0.420000,adult,walking,attentive,2.216866,1.000000,0.375000,1.565077,0.965077,0.177797,0.177797,0.177797,0.177797,0.368285,0.546082,0.000795,0.965077,0.596792,0.418995,0.418995,0.000419,horizon_mpc_secbf,12,-0.000419,true,osqp,optimal,50,3.810168,0,-0.012235,accept,false,0.749968,-0.006978,0.341078,-0.019778,,,0.341651,0.015305,0.728335,3.707189
local_crowding,context_bl,SEESM w/o Feasibility-Preserving Update,17,1.700,-1.472921,-0.317487,0.341078,-0.019778,-0.057921,0.048000,-0.386000,-0.060000,0.420000,adult,walking,attentive,2.193929,1.000000,0.375000,1.522464,0.922464,0.178175,0.178175,0.178175,0.178175,0.342681,0.520856,0.000378,0.922464,0.579783,0.401608,0.401608,0.000420,horizon_mpc_secbf,12,-0.000420,true,osqp,optimal,50,5.196179,0,-0.023876,accept,false,0.749971,-0.006639,0.345777,-0.036362,,,0.347684,0.017237,0.763103,3.673065
local_crowding,context_bl,SEESM w/o Feasibility-Preserving Update,18,1.800,-1.438343,-0.321123,0.345777,-0.036362,-0.104774,0.042000,-0.344000,-0.060000,0.420000,adult,walking,attentive,2.133144,1.000000,0.375000,1.480520,0.880520,0.179178,0.179178,0.179178,0.179178,0.321813,0.500991,0.001003,0.880520,0.558707,0.379529,0.379529,0.000422,horizon_mpc_secbf,12,-0.000422,true,osqp,optimal,50,5.610182,0,-0.041116,accept,false,0.749976,-0.005952,0.353757,-0.056294,,,0.358208,0.021471,0.798924,3.638458
local_crowding,context_bl,SEESM w/o Feasibility-Preserving Update,19,1.900,-1.402968,-0.326753,0.353757,-0.056294,-0.157810,0.036000,-0.302000,-0.060000,0.420000,adult,walking,attentive,2.069477,1.000000,0.375000,1.439181,0.839181,0.180229,0.180229,0.180229,0.180229,0.298082,0.478311,0.001051,0.839181,0.541099,0.360870,0.360870,0.000126,horizon_mpc_secbf,12,-0.000085,true,osqp,optimal,50,4.179312,0,-0.267316,accept,false,0.749984,-0.004839,0.579167,-0.205618,,,0.614583,0.270383,0.860382,3.603043
local_crowding,context_bl,SEESM w/o Feasibility-Preserving Update,20,2.000,-1.345051,-0.347315,0.579167,-0.205618,-0.341143,0.030000,-0.260000,-0.060000,0.420000,adult,walking,attentive,1.300191,1.000000,0.375000,1.377820,0.777820,0.192922,0.192922,0.192922,0.192922,0.353224,0.546146,0.012693,0.777820,0.424597,0.231675,0.231675,0.000115,horizon_mpc_secbf,12,-0.000064,true,osqp,optimal,75,4.710099,0,-0.333971,accept,false,0.750000,-0.000568,0.552006,-0.290338,,,0.623704,0.088968,0.922753,3.545052
local_crowding,context_bl,SEESM w/o Feasibility-Preserving Update,21,2.100,-1.289850,-0.376348,0.552006,-0.290338,-0.484206,0.024000,-0.218000,-0.060000,0.420000,adult,walking,attentive,1.384120,1.000000,0.375000,1.323358,0.723358,0.191537,0.191537,0.191537,0.191537,0.206576,0.398113,0.000000,0.723358,0.516782,0.325245,0.325245,0.000033,horizon_mpc_secbf,12,-0.000028,true,osqp,optimal,75,4.402961,0,-0.327340,accept,false,0.749979,0.005662,0.672801,-0.206108,,,0.703663,0.147262,0.993119,3.489950
local_crowding,context_bl,SEESM w/o Feasibility-Preserving Update,22,2.200,-1.222570,-0.396959,0.672801,-0.206108,-0.297266,0.018000,-0.176000,-0.060000,0.420000,adult,walking,attentive,1.079188,1.000000,0.375000,1.260094,0.660094,0.196568,0.196568,0.196568,0.196568,0.272495,0.469063,0.005031,0.660094,0.387600,0.191031,0.191031,0.000136,horizon_mpc_secbf,12,-0.000134,true,osqp,optimal,75,3.791427,0,-0.360710,accept,false,0.749929,0.010289,0.622704,-0.265758,,,0.677043,0.077896,1.060823,3.422893
local_crowding,context_bl,SEESM w/o Feasibility-Preserving Update,23,2.300,-1.160300,-0.423535,0.622704,-0.265758,-0.403378,0.012000,-0.134000,-0.060000,0.420000,adult,walking,attentive,1.219049,1.000000,0.375000,1.207525,0.607525,0.194261,0.194261,0.194261,0.194261,0.116242,0.310502,0.000000,0.607525,0.491284,0.297023,0.297023,0.000000,horizon_mpc_secbf,12,0.052792,true,osqp,optimal,100,4.114991,0,-0.308248,accept,false,0.749820,0.016409,0.712232,-0.182370,,,0.735210,0.122347,1.134344,3.361105
local_crowding,context_bl,SEESM w/o Feasibility-Preserving Update,24,2.400,-1.089077,-0.441772,0.712232,-0.182370,-0.250669,0.006000,-0.092000,-0.060000,0.420000,adult,walking,attentive,0.994998,1.000000,0.375000,1.149580,0.549580,0.197958,0.197958,0.197958,0.197958,0.144193,0.342150,0.003697,0.549580,0.405387,0.207430,0.207430,0.000000,horizon_mpc_secbf,12,0.016950,true,osqp,optimal,75,4.647879,0,-0.358331,accept,false,0.749708,0.020918,0.723854,-0.174653,,,0.744626,0.013950,1.208807,3.290357
local_crowding,context_bl,SEESM w/o Feasibility-Preserving Update,25,2.500,-1.016691,-0.459237,0.723854,-0.174653,-0.236757,0.000000,-0.050000,-0.060000,0.420000,adult,walking,attentive,0.981891,1.000000,0.375000,1.095964,0.495964,0.198174,0.198174,0.198174,0.198174,0.065425,0.263599,0.000216,0.495964,0.430538,0.232365,0.232365,0.000000,horizon_mpc_secbf,12,0.092047,true,osqp,optimal,75,3.982724,0,-0.269729,accept,false,0.749568,0.025455,0.722203,-0.178634,,,0.743968,0.004310,1.283204,3.218546
local_crowding,context_bl,SEESM w/o Feasibility-Preserving Update,26,2.600,-0.944471,-0.477101,0.722203,-0.178634,-0.242479,-0.006000,-0.008000,-0.060000,0.420000,adult,walking,attentive,1.039753,1.000000,0.375000,1.049182,0.449182,0.197219,0.197219,0.197219,0.197219,0.000000,0.197219,0.000000,0.449182,0.479109,0.281890,0.251963,0.000000,horizon_mpc_secbf,12,0.155459,true,osqp,optimal,50,3.860396,0,-0.176209,accept,false,0.749388,0.030291,0.720260,-0.183327,,,0.743225,0.005079,1.357526,3.147039
local_crowding,context_bl,SEESM w/o Feasibility-Preserving Update,27,2.700,-0.872445,-0.495433,0.720260,-0.183327,-0.249237,-0.012000,0.034000,-0.060000,0.420000,adult,walking,attentive,1.177719,1.000000,0.375000,1.010280,0.410280,0.194943,0.194943,0.194943,0.194943,0.000000,0.194943,0.000000,0.410280,0.535595,0.340652,0.215337,0.000000,horizon_mpc_secbf,12,0.155352,true,osqp,optimal,75,4.744298,0,-0.130582,accept,false,0.749161,0.035461,0.719103,-0.186119,,,0.742798,0.003023,1.431806,3.075885
local_crowding,context_bl,SEESM w/o Feasibility-Preserving Update,28,2.800,-0.800535,-0.514045,0.719103,-0.186119,-0.253264,-0.018000,0.076000,-0.060000,0.420000,adult,walking,attentive,1.477875,1.000000,0.375000,0.980058,0.380058,0.189990,0.189990,0.189990,0.189990,0.000000,0.189990,0.000000,0.380058,0.596170,0.406180,0.190068,0.000000,horizon_mpc_secbf,12,0.158654,true,osqp,optimal,75,4.260198,0,-0.066757,accept,false,0.748882,0.040943,0.718952,-0.186485,,,0.742743,0.000395,1.506080,3.005016
local_crowding,context_bl,SEESM w/o Feasibility-Preserving Update,29,2.900,-0.728640,-0.532694,0.718952,-0.186485,-0.253791,-0.024000,0.118000,-0.060000,0.420000,adult,walking,attentive,2.233112,1.000000,0.375000,0.959124,0.359124,0.177529,0.177529,0.177529,0.177529,0.000000,0.177529,0.000000,0.359124,0.659373,0.481844,0.181596,0.000000,horizon_mpc_secbf,12,0.169600,true,osqp,optimal,75,3.997824,0,0.018631,accept,false,0.748545,0.046696,0.719856,-0.184300,,,0.743075,0.002364,1.580388,2.934333
local_crowding,context_bl,SEESM w/o Feasibility-Preserving Update,30,3.000,-0.656654,-0.551124,0.719856,-0.184300,-0.250640,-0.030000,0.160000,-0.060000,0.420000,adult,walking,attentive,5.591040,1.000000,0.375000,0.947836,0.347836,0.148375,0.148375,0.148375,0.148375,0.000000,0.148375,0.000000,0.347836,0.724316,0.575941,0.199461,0.000000,horizon_mpc_secbf,12,0.197875,true,osqp,optimal,75,4.128756,0,0.132413,accept,false,0.748148,0.052674,0.721812,-0.179580,,,0.743815,0.005110,1.654769,2.863725
local_crowding,context_bl,SEESM w/o Feasibility-Preserving Update,31,3.100,-0.584473,-0.569082,0.721812,-0.179580,-0.243840,-0.036000,0.202000,-0.060000,0.420000,adult,walking,attentive,,0.000000,0.375000,0.946250,0.346250,0.082375,0.082375,0.082375,0.082375,0.000000,0.082375,0.000000,0.346250,0.346250,0.263875,0.263875,0.000000,horizon_mpc_secbf,12,0.271739,true,osqp,optimal,75,4.331131,0,0.291749,accept,false,0.747689,0.058828,0.724777,-0.172420,,,0.745004,0.007750,1.729270,2.793078
local_crowding,context_bl,SEESM w/o Feasibility-Preserving Update,32,3.200,-0.511995,-0.586324,0.724777,-0.172420,-0.233553,-0.042000,0.244000,-0.060000,0.420000,adult,walking,attentive,,0.000000,0.375000,0.954114,0.354114,0.082375,0.082375,0.082375,0.082375,0.000000,0.082375,0.000000,0.354114,0.354114,0.271739,0.271739,0.000000,horizon_mpc_secbf,12,0.288516,true,osqp,optimal,75,5.517760,0,0.390582,accept,false,0.747169,0.065108,0.728685,-0.162987,,,0.746690,0.010211,1.803939,2.722272
local_crowding,context_bl,SEESM w/o Feasibility-Preserving Update,33,3.300,-0.439127,-0.602622,0.728685,-0.162987,-0.220050,-0.048000,0.286000,-0.060000,0.420000,adult,walking,attentive,,0.000000,0.375000,0.970891,0.370891,0.082375,0.082375,0.082375,0.082375,0.000000,0.082375,0.000000,0.370891,0.370891,0.288516,0.288516,0.000000,horizon_mpc_secbf,12,0.313463,true,osqp,optimal,75,5.706615,0,0.491951,accept,false,0.746587,0.071465,0.733445,-0.151503,,,0.748929,0.012431,1.878832,2.651190
local_crowding,context_bl,SEESM w/o Feasibility-Preserving Update,34,3.400,-0.365782,-0.617773,0.733445,-0.151503,-0.203699,-0.054000,0.328000,-0.060000,0.420000,adult,walking,attentive,,0.000000,0.375000,0.995838,0.395838,0.082375,0.082375,0.082375,0.082375,0.000000,0.082375,0.000000,0.395838,0.395838,0.313463,0.313463,0.000000,horizon_mpc_secbf,12,0.345710,true,osqp,optimal,75,5.476599,0,0.593770,accept,false,0.745949,0.077849,0.735591,-0.137418,,,0.748316,0.014248,1.953663,2.579717
local_crowding,context_bl,SEESM w/o Feasibility-Preserving Update,35,3.500,-0.292223,-0.631515,0.735591,-0.137418,-0.184684,-0.060000,0.370000,-0.060000,0.420000,adult,walking,attentive,,0.000000,0.375000,1.028085,0.428085,0.082375,0.082375,0.082375,0.082375,0.000000,0.082375,0.000000,0.428085,0.428085,0.345710,0.345710,0.000000,horizon_mpc_secbf,12,0.384250,true,osqp,optimal,75,3.714378,0,0.693298,accept,false,0.745261,0.084183,0.735591,-0.121285,,,0.745523,0.016133,2.028215,2.508072
local_crowding,context_bl,SEESM w/o Feasibility-Preserving Update,36,3.600,-0.218664,-0.643643,0.735591,-0.121285,-0.163411,-0.066000,0.412000,-0.060000,0.420000,adult,walking,attentive,,0.000000,0.375000,1.066625,0.466625,0.082375,0.082375,0.082375,0.082375,0.000000,0.082375,0.000000,0.466625,0.466625,0.384250,0.384250,0.000000,horizon_mpc_secbf,12,0.428040,true,osqp,optimal,75,3.626394,0,0.788612,accept,false,0.744533,0.090392,0.735591,-0.103625,,,0.742854,0.017660,2.102501,2.436424
local_crowding,context_bl,SEESM w/o Feasibility-Preserving Update,37,3.700,-0.145105,-0.654006,0.735591,-0.103625,-0.139952,-0.072000,0.454000,-0.060000,0.420000,adult,walking,attentive,,0.000000,0.375000,1.110415,0.510415,0.082375,0.082375,0.082375,0.082375,0.000000,0.082375,0.000000,0.510415,0.510415,0.428040,0.428040,0.000000,horizon_mpc_secbf,12,0.476125,true,osqp,optimal,75,3.955748,0,0.879334,accept,false,0.743776,0.096419,0.735591,-0.084767,,,0.740459,0.018858,2.176547,2.364728
local_crowding,context_bl,SEESM w/o Feasibility-Preserving Update,38,3.800,-0.071546,-0.662482,0.735591,-0.084767,-0.114731,-0.078000,0.496000,-0.060000,0.420000,adult,walking,attentive,,0.000000,0.375000,1.158500,0.558500,0.082375,0.082375,0.082375,0.082375,0.000000,0.082375,0.000000,0.558500,0.558500,0.476125,0.476125,0.000000,horizon_mpc_secbf,12,0.527667,true,osqp,optimal,75,5.384762,0,0.965541,accept,false,0.743003,0.102210,0.735591,-0.064991,,,0.738456,0.019777,2.250392,2.292938
local_crowding,context_bl,SEESM w/o Feasibility-Preserving Update,39,3.900,0.002013,-0.668981,0.735591,-0.064991,-0.088123,-0.084000,0.538000,-0.060000,0.420000,adult,walking,attentive,,0.000000,0.375000,1.210042,0.610042,0.082375,0.082375,0.082375,0.082375,0.000000,0.082375,0.000000,0.610042,0.610042,0.527667,0.527667,0.000000,horizon_mpc_secbf,12,0.581949,true,osqp,optimal,75,4.814836,0,1.047592,accept,false,0.742225,0.107715,0.735590,-0.044547,,,0.736938,0.020444,2.324086,2.221012
local_crowding,context_bl,SEESM w/o Feasibility-Preserving Update,40,4.000,0.075572,-0.673436,0.735590,-0.044547,-0.060485,-0.090000,0.580000,-0.060000,0.420000,adult,walking,attentive,,0.000000,0.375000,1.264324,0.664324,0.082375,0.082375,0.082375,0.082375,0.000000,0.082375,0.000000,0.664324,0.664324,0.581949,0.581949,0.000000,horizon_mpc_secbf,12,0.638375,true,osqp,optimal,75,3.556879,0,1.125981,accept,false,0.741456,0.112884,0.735589,-0.023664,,,0.735970,0.020883,2.397683,2.148908
local_crowding,context_bl,SEESM w/o Feasibility-Preserving Update,41,4.100,0.149131,-0.675802,0.735589,-0.023664,-0.032159,-0.096000,0.622000,-0.060000,0.420000,adult,walking,attentive,,0.000000,0.375000,1.320750,0.720750,0.082375,0.082375,0.082375,0.082375,0.000000,0.082375,0.000000,0.720750,0.720750,0.638375,0.638375,0.000000,horizon_mpc_secbf,12,0.696457,true,osqp,optimal,75,4.030566,0,1.201242,accept,false,0.740712,0.117670,0.735588,-0.002547,,,0.735593,0.021117,2.471242,2.076586
local_crowding,context_bl,SEESM w/o Feasibility-Preserving Update,42,4.200,0.222690,-0.676057,0.735588,-0.002547,-0.003463,-0.102000,0.664000,-0.060000,0.420000,adult,walking,attentive,,0.000000,0.375000,1.378832,0.778832,0.082375,0.082375,0.082375,0.082375,0.000000,0.082375,0.000000,0.778832,0.778832,0.696457,0.696457,0.000000,horizon_mpc_secbf,12,0.755803,true,osqp,optimal,75,3.699954,0,1.273898,accept,false,0.740006,0.122027,0.735587,0.018617,,,0.735823,0.021165,2.544825,2.004013
local_crowding,context_bl,SEESM w/o Feasibility-Preserving Update,43,4.300,0.296249,-0.674195,0.735587,0.018617,0.025304,-0.108000,0.706000,-0.060000,0.420000,adult,walking,attentive,,0.000000,0.375000,1.438178,0.838178,0.082375,0.082375,0.082375,0.082375,0.000000,0.082375,0.000000,0.838178,0.838178,0.755803,0.755803,0.000000,horizon_mpc_secbf,12,0.816104,true,osqp,optimal,100,3.881315,0,1.344421,accept,false,0.739356,0.125907,0.735589,0.039676,,,0.736658,0.021059,2.618491,1.931158
local_crowding,context_bl,SEESM w/o Feasibility-Preserving Update,44,4.400,0.369808,-0.670228,0.735589,0.039676,0.053885,-0.114000,0.748000,-0.060000,0.420000,adult,walking,attentive,,0.000000,0.375000,1.498479,0.898479,0.082375,0.082375,0.082375,0.082375,0.000000,0.082375,0.000000,0.898479,0.898479,0.816104,0.816104,0.000000,horizon_mpc_secbf,12,0.877121,true,osqp,optimal,100,3.660436,0,1.413257,accept,false,0.738777,0.129263,0.735589,0.060461,,,0.738069,0.020785,2.692297,1.857996
local_crowding,context_bl,SEESM w/o Feasibility-Preserving Update,45,4.500,0.443367,-0.664182,0.735589,0.060461,0.082009,-0.120000,0.790000,-0.060000,0.420000,adult,walking,attentive,,0.000000,0.375000,1.559496,0.959496,0.082375,0.082375,0.082375,0.082375,0.000000,0.082375,0.000000,0.959496,0.959496,0.877121,0.877121,0.000000,horizon_mpc_secbf,12,0.938671,true,osqp,optimal,100,4.393799,0,1.480791,accept,false,0.738284,0.132045,0.735588,0.080831,,,0.740016,0.020370,2.766299,1.784509
local_crowding,context_bl,SEESM w/o Feasibility-Preserving Update,46,4.600,0.516925,-0.656099,0.735588,0.080831,0.109447,-0.126000,0.832000,-0.060000,0.420000,adult,walking,attentive,,0.000000,0.375000,1.621046,1.021046,0.082375,0.082375,0.082375,0.082375,0.000000,0.082375,0.000000,1.021046,1.021046,0.938671,0.938671,0.000000,horizon_mpc_secbf,12,1.000630,true,osqp,optimal,100,4.243783,0,1.547428,accept,false,0.737896,0.134200,0.735588,0.100586,,,0.742433,0.019755,2.840542,1.710683
local_crowding,context_bl,SEESM w/o Feasibility-Preserving Update,47,4.700,0.590484,-0.646040,0.735588,0.100586,0.135900,-0.132000,0.874000,-0.060000,0.420000,adult,walking,attentive,,0.000000,0.375000,1.683005,1.083005,0.082375,0.082375,0.082375,0.082375,0.000000,0.082375,0.000000,1.083005,1.083005,1.000630,1.000630,0.000000,horizon_mpc_secbf,12,1.062952,true,osqp,optimal,100,3.825857,0,1.613902,accept,false,0.737627,0.135672,0.735586,0.119126,,,0.745170,0.018540,2.915059,1.636515
local_crowding,context_bl,SEESM w/o Feasibility-Preserving Update,48,4.800,0.664043,-0.634127,0.735586,0.119126,0.160553,-0.138000,0.916000,-0.060000,0.420000,adult,walking,attentive,,0.000000,0.375000,1.745327,1.145327,0.082375,0.082375,0.082375,0.082375,0.000000,0.082375,0.000000,1.145327,1.145327,1.062952,1.062952,0.000000,horizon_mpc_secbf,12,1.125877,true,osqp,optimal,225,4.276548,0,1.683056,accept,false,0.737488,0.136423,0.735599,0.133456,,,0.747607,0.014330,2.989820,1.562016
local_crowding,context_bl,SEESM w/o Feasibility-Preserving Update,49,4.900,0.737603,-0.620782,0.735599,0.133456,0.179472,-0.144000,0.958000,-0.060000,0.420000,adult,walking,attentive,,0.000000,0.375000,1.808252,1.208252,0.082375,0.082375,0.082375,0.082375,0.000000,0.082375,0.000000,1.208252,1.208252,1.125877,1.125877,0.000000,horizon_mpc_secbf,12,1.190287,true,osqp,optimal,225,4.780719,0,1.761712,accept,false,0.737464,0.136551,0.735605,0.136020,,,0.748075,0.002564,3.064628,1.487255
local_crowding,context_bl,SEESM w/o Feasibility-Preserving Update,50,5.000,0.811163,-0.607180,0.735605,0.136020,0.182844,-0.150000,1.000000,-0.060000,0.420000,adult,walking,attentive,,0.000000,0.375000,1.872662,1.272662,0.082375,0.082375,0.082375,0.082375,0.000000,0.082375,0.000000,1.272662,1.272662,1.190287,1.190287,0.000000,horizon_mpc_secbf,12,1.256200,true,osqp,optimal,250,4.698698,0,1.841975,accept,false,0.737463,0.136561,0.735602,0.136468,,,0.748154,0.000448,3.139443,1.412448
local_crowding,context_bl,SEESM w/o Feasibility-Preserving Update,51,5.100,0.884723,-0.593533,0.735602,0.136468,0.183433,-0.156000,1.042000,-0.060000,0.420000,adult,walking,attentive,,0.000000,0.375000,1.938575,1.338575,0.082375,0.082375,0.082375,0.082375,0.000000,0.082375,0.000000,1.338575,1.338575,1.256200,1.256200,0.000000,horizon_mpc_secbf,12,1.323499,true,osqp,optimal,275,6.353595,0,1.922473,accept,false,0.737465,0.136547,0.735601,0.136533,,,0.748165,0.000066,3.214259,1.337633
local_crowding,context_bl,SEESM w/o Feasibility-Preserving Update,52,5.200,0.958284,-0.579880,0.735601,0.136533,0.183520,-0.162000,1.084000,-0.060000,0.420000,adult,walking,attentive,,0.000000,0.375000,2.005874,1.405874,0.082375,0.082375,0.082375,0.082375,0.000000,0.082375,0.000000,1.405874,1.405874,1.323499,1.323499,0.000000,horizon_mpc_secbf,12,1.392054,true,osqp,optimal,275,6.500533,0,2.002985,accept,false,0.737469,0.136528,0.735603,0.136529,,,0.748166,0.000005,3.289076,1.262816
local_crowding,context_bl,SEESM w/o Feasibility-Preserving Update,53,5.300,1.031844,-0.566227,0.735603,0.136529,0.183513,-0.168000,1.126000,-0.060000,0.420000,adult,walking,attentive,,0.000000,0.375000,2.074429,1.474429,0.082375,0.082375,0.082375,0.082375,0.000000,0.082375,0.000000,1.474429,1.474429,1.392054,1.392054,0.000000,horizon_mpc_secbf,12,1.461746,true,osqp,optimal,275,6.192874,0,2.083488,accept,false,0.737473,0.136507,0.735605,0.136511,,,0.748164,0.000018,3.363892,1.188000
local_crowding,context_bl,SEESM w/o Feasibility-Preserving Update,54,5.400,1.105404,-0.552576,0.735605,0.136511,0.183489,-0.174000,1.168000,-0.060000,0.420000,adult,walking,attentive,,0.000000,0.375000,2.144121,1.544121,0.082375,0.082375,0.082375,0.082375,0.000000,0.082375,0.000000,1.544121,1.544121,1.461746,1.461746,0.000000,horizon_mpc_secbf,12,1.532468,true,osqp,optimal,275,6.335920,0,2.163994,accept,false,0.737477,0.136484,0.735605,0.136489,,,0.748160,0.000022,3.438708,1.113183
local_crowding,context_bl,SEESM w/o Feasibility-Preserving Update,55,5.500,1.178965,-0.538927,0.735605,0.136489,0.183460,-0.180000,1.210000,-0.060000,0.420000,adult,walking,attentive,,0.000000,0.375000,2.214843,1.614843,0.082375,0.082375,0.082375,0.082375,0.000000,0.082375,0.000000,1.614843,1.614843,1.532468,1.532468,0.000000,horizon_mpc_secbf,12,1.604125,true,osqp,optimal,275,6.353393,0,2.244520,accept,false,0.737481,0.136460,0.735606,0.136465,,,0.748157,0.000024,3.513524,1.038367
local_crowding,context_bl,SEESM w/o Feasibility-Preserving Update,56,5.600,1.252525,-0.525281,0.735606,0.136465,0.183428,-0.186000,1.252000,-0.060000,0.420000,adult,walking,attentive,,0.000000,0.375000,2.286500,1.686500,0.082375,0.082375,0.082375,0.082375,0.000000,0.082375,0.000000,1.686500,1.686500,1.604125,1.604125,0.000000,horizon_mpc_secbf,12,1.676631,true,osqp,optimal,275,6.133372,0,2.325082,accept,false,0.737486,0.136433,0.735606,0.136438,,,0.748152,0.000026,3.588339,0.963551
local_crowding,context_bl,SEESM w/o Feasibility-Preserving Update,57,5.700,1.326086,-0.511637,0.735606,0.136438,0.183394,-0.192000,1.294000,-0.060000,0.420000,adult,walking,attentive,,0.000000,0.375000,2.359006,1.759006,0.082375,0.082375,0.082375,0.082375,0.000000,0.082375,0.000000,1.759006,1.759006,1.676631,1.676631,0.000000,horizon_mpc_secbf,12,1.749911,true,osqp,optimal,275,6.546645,0,2.405692,accept,false,0.737492,0.136404,0.735606,0.136410,,,0.748147,0.000028,3.663154,0.888736
local_crowding,context_bl,SEESM w/o Feasibility-Preserving Update,58,5.800,1.399647,-0.497996,0.735606,0.136410,0.183356,-0.198000,1.336000,-0.060000,0.420000,adult,walking,attentive,,0.000000,0.375000,2.432286,1.832286,0.082375,0.082375,0.082375,0.082375,0.000000,0.082375,0.000000,1.832286,1.832286,1.749911,1.749911,0.000000,horizon_mpc_secbf,12,1.823897,true,osqp,optimal,275,6.435051,0,2.486360,accept,false,0.737497,0.136373,0.735604,0.136379,,,0.748140,0.000031,3.737968,0.813922
local_crowding,context_bl,SEESM w/o Feasibility-Preserving Update,59,5.900,1.473207,-0.484358,0.735604,0.136379,0.183316,-0.204000,1.378000,-0.060000,0.420000,adult,walking,attentive,,0.000000,0.375000,2.506272,1.906272,0.082375,0.082375,0.082375,0.082375,0.000000,0.082375,0.000000,1.906272,1.906272,1.823897,1.823897,0.000000,horizon_mpc_secbf,12,1.898529,true,osqp,optimal,275,6.522761,0,2.567095,accept,false,0.737504,0.136338,0.735602,0.136345,,,0.748131,0.000034,3.812781,0.739108
local_crowding,context_bl,SEESM w/o Feasibility-Preserving Update,60,6.000,1.546767,-0.470723,0.735602,0.136345,0.183271,-0.210000,1.420000,-0.060000,0.420000,adult,walking,attentive,,0.000000,0.375000,2.580904,1.980904,0.082375,0.082375,0.082375,0.082375,0.000000,0.082375,0.000000,1.980904,1.980904,1.898529,1.898529,0.000000,horizon_mpc_secbf,12,1.973753,true,osqp,optimal,275,6.512002,0,2.647906,accept,false,0.737511,0.136299,0.735600,0.136307,,,0.748122,0.000038,3.887593,0.664295
local_crowding,context_bl,SEESM w/o Feasibility-Preserving Update,61,6.100,1.620327,-0.457093,0.735600,0.136307,0.183222,-0.216000,1.462000,-0.060000,0.420000,adult,walking,attentive,,0.000000,0.375000,2.656128,2.056128,0.082375,0.082375,0.082375,0.082375,0.000000,0.082375,0.000000,2.056128,2.056128,1.973753,1.973753,0.000000,horizon_mpc_secbf,12,2.049520,true,osqp,optimal,250,6.184463,0,2.728803,accept,false,0.737519,0.136254,0.735606,0.136263,,,0.748120,0.000044,3.962405,0.589482
local_crowding,context_bl,SEESM w/o Feasibility-Preserving Update,62,6.200,1.693888,-0.443466,0.735606,0.136263,0.183163,-0.222000,1.504000,-0.060000,0.420000,adult,walking,attentive,,0.000000,0.375000,2.731895,2.131895,0.082375,0.082375,0.082375,0.082375,0.000000,0.082375,0.000000,2.131895,2.131895,2.049520,2.049520,0.000000,horizon_mpc_secbf,12,2.125788,true,osqp,optimal,250,6.537281,0,2.809781,accept,false,0.737529,0.136203,0.735604,0.136213,,,0.748109,0.000050,4.037216,0.514670
local_crowding,context_bl,SEESM w/o Feasibility-Preserving Update,63,6.300,1.767448,-0.429845,0.735604,0.136213,0.183098,-0.228000,1.546000,-0.060000,0.420000,adult,walking,attentive,,0.000000,0.375000,2.808163,2.208163,0.082375,0.082375,0.082375,0.082375,0.000000,0.082375,0.000000,2.208163,2.208163,2.125788,2.125788,0.000000,horizon_mpc_secbf,12,2.202516,true,osqp,optimal,250,6.215441,0,2.890849,accept,false,0.737540,0.136143,0.735602,0.136155,,,0.748097,0.000058,4.112026,0.439859
local_crowding,context_bl,SEESM w/o Feasibility-Preserving Update,64,6.400,1.841008,-0.416230,0.735602,0.136155,0.183022,-0.234000,1.588000,-0.060000,0.420000,adult,walking,attentive,,0.000000,0.375000,2.884891,2.284891,0.082375,0.082375,0.082375,0.082375,0.000000,0.082375,0.000000,2.284891,2.284891,2.202516,2.202516,0.000000,horizon_mpc_secbf,12,2.279671,true,osqp,optimal,250,6.078597,0,2.972012,accept,false,0.737553,0.136069,0.735601,0.136084,,,0.748083,0.000071,4.186834,0.365050
local_crowding,context_bl,SEESM w/o Feasibility-Preserving Update,65,6.500,1.914568,-0.402621,0.735601,0.136084,0.182929,-0.240000,1.630000,-0.060000,0.420000,adult,walking,attentive,,0.000000,0.375000,2.962046,2.362046,0.082375,0.082375,0.082375,0.082375,0.000000,0.082375,0.000000,2.362046,2.362046,2.279671,2.279671,0.000000,horizon_mpc_secbf,12,2.357220,true,osqp,optimal,250,7.465387,0,3.053275,accept,false,0.737571,0.135976,0.735600,0.135994,,,0.748065,0.000090,4.261641,0.290242
local_crowding,context_bl,SEESM w/o Feasibility-Preserving Update,66,6.600,1.988128,-0.389022,0.735600,0.135994,0.182811,-0.246000,1.672000,-0.060000,0.420000,adult,walking,attentive,,0.000000,0.375000,3.039595,2.439595,0.082375,0.082375,0.082375,0.082375,0.000000,0.082375,0.000000,2.439595,2.439595,2.357220,2.357220,0.000000,horizon_mpc_secbf,12,2.435138,true,osqp,optimal,250,6.097572,0,3.134647,accept,false,0.737594,0.135847,0.735599,0.135872,,,0.748042,0.000122,4.336445,0.215435
local_crowding,context_bl,SEESM w/o Feasibility-Preserving Update,67,6.700,2.061688,-0.375434,0.735599,0.135872,0.182651,-0.252000,1.714000,-0.060000,0.420000,adult,walking,attentive,,0.000000,0.375000,3.117513,2.517513,0.082375,0.082375,0.082375,0.082375,0.000000,0.082375,0.000000,2.517513,2.517513,2.435138,2.435138,0.000000,horizon_mpc_secbf,12,2.513403,true,osqp,optimal,225,5.935597,0,3.216159,accept,false,0.737632,0.135645,0.735604,0.135684,,,0.748013,0.000189,4.411246,0.140631
local_crowding,context_bl,SEESM w/o Feasibility-Preserving Update,68,6.800,2.135249,-0.361866,0.735604,0.135684,0.182402,-0.258000,1.756000,-0.060000,0.420000,adult,walking,attentive,,0.000000,0.375000,3.195778,2.595778,0.082375,0.082375,0.082375,0.082375,0.000000,0.082375,0.000000,2.595778,2.595778,2.513403,2.513403,0.000001,horizon_mpc_secbf,12,2.587395,true,osqp,optimal,75,4.969158,0,3.252327,accept,false,0.647512,0.118661,0.662626,0.121581,,,0.673688,0.074328,4.478615,0.065830
local_crowding,context_bl,SEESM w/o Feasibility-Preserving Update,69,6.900,2.201511,-0.349708,0.662626,0.121581,0.181466,-0.264000,1.798000,-0.060000,0.420000,adult,walking,attentive,,0.000000,0.375000,3.269770,2.669770,0.082375,0.082375,0.082375,0.082375,0.000000,0.082375,0.000000,2.669770,2.669770,2.587395,2.587395,0.000000,horizon_mpc_secbf,12,2.619709,true,osqp,optimal,100,5.197451,0,2.909367,accept,false,-0.015114,-0.002921,0.000206,-0.001071,,,0.001090,0.673680,4.478724,0.001539
local_crowding,context_bl,SEESM w/o Feasibility-Preserving Update,70,7.000,2.201532,-0.349815,0.000206,-0.001071,-1.380901,-0.270000,1.840000,-0.060000,0.420000,adult,walking,attentive,,0.000000,0.375000,3.302084,2.702084,0.082375,0.082375,0.082375,0.082375,0.000000,0.082375,0.000000,2.702084,2.702084,2.619709,2.619709,0.000000,horizon_mpc_secbf,12,2.651341,true,osqp,optimal,75,5.169491,0,2.934811,accept,false,-0.015320,-0.001850,-0.012656,-0.001716,,,0.012772,0.012878,4.480001,0.001543
local_crowding,context_bl,SEESM w/o Feasibility-Preserving Update,71,7.100,2.200266,-0.349987,-0.012656,-0.001716,-3.006815,-0.276000,1.882000,-0.060000,0.420000,adult,walking,attentive,,0.000000,0.375000,3.333716,2.733716,0.082375,0.082375,0.082375,0.082375,0.000000,0.082375,0.000000,2.733716,2.733716,2.651341,2.651341,0.000000,horizon_mpc_secbf,12,2.683731,true,osqp,optimal,75,5.013030,0,2.974125,accept,false,-0.002664,-0.000134,-0.004378,-0.000405,,,0.004397,0.008381,4.480441,0.000267
local_crowding,context_bl,SEESM w/o Feasibility-Preserving Update,72,7.200,2.199829,-0.350027,-0.004378,-0.000405,-3.049312,-0.282000,1.924000,-0.060000,0.420000,adult,walking,attentive,,0.000000,0.375000,3.366106,2.766106,0.082375,0.082375,0.082375,0.082375,0.000000,0.082375,0.000000,2.766106,2.766106,2.683731,2.683731,0.000000,horizon_mpc_secbf,12,2.716674,true,osqp,optimal,75,5.796634,0,3.012095,accept,false,0.001714,0.000272,0.000669,0.000155,,,0.000687,0.005078,4.480510,0.000174
local_crowding,context_bl,SEESM w/o Feasibility-Preserving Update,73,7.300,2.199895,-0.350012,0.000669,0.000155,0.228232,-0.288000,1.966000,-0.060000,0.420000,adult,walking,attentive,,0.000000,0.375000,3.399049,2.799049,0.082375,0.082375,0.082375,0.082375,0.000000,0.082375,0.000000,2.799049,2.799049,2.716674,2.716674,0.000000,horizon_mpc_secbf,12,2.749849,true,osqp,optimal,75,5.945564,0,3.047400,accept,false,0.001045,0.000116,0.000981,0.000123,,,0.000988,0.000313,4.480608,0.000105
local_crowding,context_bl,SEESM w/o Feasibility-Preserving Update,74,7.400,2.199994,-0.349999,0.000981,0.000123,0.124606,-0.294000,2.008000,-0.060000,0.420000,adult,walking,attentive,,0.000000,0.375000,3.432224,2.832224,0.082375,0.082375,0.082375,0.082375,0.000000,0.082375,0.000000,2.832224,2.832224,2.749849,2.749849,0.000000,horizon_mpc_secbf,12,2.783179,true,osqp,optimal,50,5.677546,0,3.082145,accept,false,0.000065,-0.000007,0.000221,0.000016,,,0.000222,0.000767,4.480631,0.000006
local_crowding,context_bl,SEESM w/o Feasibility-Preserving Update,75,7.500,2.200016,-0.349998,0.000221,0.000016,0.072761,-0.300000,2.050000,-0.060000,0.420000,adult,walking,attentive,,0.000000,0.375000,3.465554,2.865554,0.082375,0.082375,0.082375,0.082375,0.000000,0.082375,0.000000,2.865554,2.865554,2.783179,2.783179,0.000000,horizon_mpc_secbf,12,2.816686,true,osqp,optimal,50,5.700640,0,3.117271,accept,false,-0.000157,-0.000023,-0.000091,-0.000017,,,0.000093,0.000314,4.480640,0.000016
local_crowding,context_bl,SEESM w/o Feasibility-Preserving Update,76,7.600,2.200007,-0.349999,-0.000091,-0.000017,-2.957241,-0.306000,2.092000,-0.060000,0.420000,adult,walking,attentive,,0.000000,0.375000,3.499061,2.899061,0.082375,0.082375,0.082375,0.082375,0.000000,0.082375,0.000000,2.899061,2.899061,2.816686,2.816686,0.000000,horizon_mpc_secbf,12,2.850386,true,osqp,optimal,25,5.422867,0,3.152737,accept,false,-0.000066,-0.000006,-0.000067,-0.000011,,,0.000068,0.000025,4.480647,0.000007
local_crowding,context_bl,SEESM w/o Feasibility-Preserving Update,77,7.700,2.200000,-0.350001,-0.000067,-0.000011,-2.975143,-0.312000,2.134000,-0.060000,0.420000,adult,walking,attentive,,0.000000,0.375000,3.532761,2.932761,0.082375,0.082375,0.082375,0.082375,0.000000,0.082375,0.000000,2.932761,2.932761,2.850386,2.850386,0.000000,horizon_mpc_secbf,12,2.884275,true,osqp,optimal,25,4.984603,0,3.188357,accept,false,0.000001,0.000005,-0.000010,0.000002,,,0.000010,0.000058,4.480648,0.000001
local_crowding,context_bl,SEESM w/o Feasibility-Preserving Update,78,7.800,2.199999,-0.350000,-0.000010,0.000002,2.899991,-0.318000,2.176000,-0.060000,0.420000,adult,walking,attentive,,0.000000,0.375000,3.566650,2.966650,0.082375,0.082375,0.082375,0.082375,0.000000,0.082375,0.000000,2.966650,2.966650,2.884275,2.884275,0.000000,horizon_mpc_secbf,12,2.918347,true,osqp,optimal,25,5.014164,0,3.224093,accept,false,0.000011,0.000003,0.000007,0.000003,,,0.000008,0.000017,4.480649,0.000001
local_crowding,context_bl,SEESM w/o Feasibility-Preserving Update,79,7.900,2.200000,-0.350000,0.000007,0.000003,0.414542,-0.324000,2.218000,-0.060000,0.420000,adult,walking,attentive,,0.000000,0.375000,3.600722,3.000722,0.082375,0.082375,0.082375,0.082375,0.000000,0.082375,0.000000,3.000722,3.000722,2.918347,2.918347,0.000000,horizon_mpc_secbf,12,2.952594,true,osqp,optimal,25,4.934142,0,3.259948,accept,false,0.000004,-0.000000,0.000004,0.000000,,,0.000004,0.000004,4.480649,0.000000
local_crowding,context_bl,SEESM w/o Feasibility-Preserving Update,80,8.000,2.200000,-0.350000,0.000004,0.000000,0.111498,-0.330000,2.260000,-0.060000,0.420000,adult,walking,attentive,,0.000000,0.375000,3.634969,3.034969,0.082375,0.082375,0.082375,0.082375,0.000000,0.082375,0.000000,3.034969,3.034969,2.952594,2.952594,0.000000,horizon_mpc_secbf,12,2.987012,true,osqp,optimal,25,4.913565,0,3.295926,accept,false,-0.000000,-0.000001,0.000000,-0.000001,,,0.000001,0.000004,4.480649,0.000000
local_crowding,context_bl,SEESM w/o Feasibility-Preserving Update,81,8.100,2.200000,-0.350000,0.000000,-0.000001,-0.920240,-0.336000,2.302000,-0.060000,0.420000,adult,walking,attentive,,0.000000,0.375000,3.669387,3.069387,0.082375,0.082375,0.082375,0.082375,0.000000,0.082375,0.000000,3.069387,3.069387,2.987012,2.987012,0.000000,horizon_mpc_secbf,12,3.021596,true,osqp,optimal,25,4.940345,0,3.332029,accept,false,-0.000001,-0.000000,-0.000001,-0.000000,,,0.000001,0.000001,4.480649,0.000000
local_crowding,context_bl,SEESM w/o Feasibility-Preserving Update,82,8.200,2.200000,-0.350000,-0.000001,-0.000000,-2.583402,-0.342000,2.344000,-0.060000,0.420000,adult,walking,attentive,,0.000000,0.375000,3.703971,3.103971,0.082375,0.082375,0.082375,0.082375,0.000000,0.082375,0.000000,3.103971,3.103971,3.021596,3.021596,0.000000,horizon_mpc_secbf,12,3.056341,true,osqp,optimal,25,6.490290,0,3.368251,accept,false,-0.000000,0.000000,-0.000000,-0.000000,,,0.000000,0.000000,4.480649,0.000000
local_crowding,context_bl,SEESM w/o Feasibility-Preserving Update,83,8.300,2.200000,-0.350000,-0.000000,-0.000000,-3.095765,-0.348000,2.386000,-0.060000,0.420000,adult,walking,attentive,,0.000000,0.375000,3.738716,3.138716,0.082375,0.082375,0.082375,0.082375,0.000000,0.082375,0.000000,3.138716,3.138716,3.056341,3.056341,0.000000,horizon_mpc_secbf,12,3.091244,true,osqp,optimal,25,4.822163,0,3.404589,accept,false,0.000000,0.000000,-0.000000,0.000000,,,0.000000,0.000000,4.480649,0.000000
local_crowding,context_bl,SEESM w/o Feasibility-Preserving Update,84,8.400,2.200000,-0.350000,-0.000000,0.000000,1.704291,-0.354000,2.428000,-0.060000,0.420000,adult,walking,attentive,,0.000000,0.375000,3.773619,3.173619,0.082375,0.082375,0.082375,0.082375,0.000000,0.082375,0.000000,3.173619,3.173619,3.091244,3.091244,0.000000,horizon_mpc_secbf,12,3.126299,true,osqp,optimal,25,4.815247,0,3.441041,accept,false,0.000000,0.000000,0.000000,0.000000,,,0.000000,0.000000,4.480649,0.000000
local_crowding,context_bl,SEESM w/o Feasibility-Preserving Update,85,8.500,2.200000,-0.350000,0.000000,0.000000,0.643605,-0.360000,2.470000,-0.060000,0.420000,adult,walking,attentive,,0.000000,0.375000,3.808674,3.208674,0.082375,0.082375,0.082375,0.082375,0.000000,0.082375,0.000000,3.208674,3.208674,3.126299,3.126299,0.000000,horizon_mpc_secbf,12,3.161503,true,osqp,optimal,25,4.656392,0,3.477603,accept,false,0.000000,-0.000000,0.000000,-0.000000,,,0.000000,0.000000,4.480649,0.000000
local_crowding,context_bl,SEESM w/o Feasibility-Preserving Update,86,8.600,2.200000,-0.350000,0.000000,-0.000000,-0.092523,-0.366000,2.512000,-0.060000,0.420000,adult,walking,attentive,,0.000000,0.375000,3.843878,3.243878,0.082375,0.082375,0.082375,0.082375,0.000000,0.082375,0.000000,3.243878,3.243878,3.161503,3.161503,0.000000,horizon_mpc_secbf,12,3.196852,true,osqp,optimal,25,4.601077,0,3.514272,accept,false,0.000000,0.000000,0.000000,-0.000000,,,0.000000,0.000000,4.480649,0.000000
local_crowding,context_bl,SEESM w/o Feasibility-Preserving Update,87,8.700,2.200000,-0.350000,0.000000,-0.000000,-0.087641,-0.372000,2.554000,-0.060000,0.420000,adult,walking,attentive,,0.000000,0.375000,3.879227,3.279227,0.082375,0.082375,0.082375,0.082375,0.000000,0.082375,0.000000,3.279227,3.279227,3.196852,3.196852,0.000000,horizon_mpc_secbf,12,3.232341,true,osqp,optimal,25,4.807699,0,3.551046,accept,false,0.000000,0.000000,0.000000,-0.000000,,,0.000000,0.000000,4.480649,0.000000
local_crowding,context_bl,SEESM w/o Feasibility-Preserving Update,88,8.800,2.200000,-0.350000,0.000000,-0.000000,-0.087641,-0.378000,2.596000,-0.060000,0.420000,adult,walking,attentive,,0.000000,0.375000,3.914716,3.314716,0.082375,0.082375,0.082375,0.082375,0.000000,0.082375,0.000000,3.314716,3.314716,3.232341,3.232341,0.000000,horizon_mpc_secbf,12,3.267967,true,osqp,optimal,25,4.797549,0,3.587922,accept,false,-0.000000,-0.000000,-0.000000,-0.000000,,,0.000000,0.000000,4.480649,0.000000
local_crowding,context_bl,SEESM w/o Feasibility-Preserving Update,89,8.900,2.200000,-0.350000,-0.000000,-0.000000,-2.336793,-0.384000,2.638000,-0.060000,0.420000,adult,walking,attentive,,0.000000,0.375000,3.950342,3.350342,0.082375,0.082375,0.082375,0.082375,0.000000,0.082375,0.000000,3.350342,3.350342,3.267967,3.267967,0.000000,horizon_mpc_secbf,12,3.303726,true,osqp,optimal,25,4.710563,0,3.624898,accept,false,0.000000,0.000000,-0.000000,-0.000000,,,0.000000,0.000000,4.480649,0.000000
local_crowding,context_bl,SEESM w/o Feasibility-Preserving Update,90,9.000,2.200000,-0.350000,-0.000000,-0.000000,-1.575142,-0.390000,2.680000,-0.060000,0.420000,adult,walking,attentive,,0.000000,0.375000,3.986101,3.386101,0.082375,0.082375,0.082375,0.082375,0.000000,0.082375,0.000000,3.386101,3.386101,3.303726,3.303726,0.000000,horizon_mpc_secbf,12,3.339615,true,osqp,optimal,25,4.654474,0,3.661971,accept,false,0.000000,0.000000,0.000000,-0.000000,,,0.000000,0.000000,4.480649,0.000000
local_crowding,context_bl,SEESM w/o Feasibility-Preserving Update,91,9.100,2.200000,-0.350000,0.000000,-0.000000,-1.575142,-0.396000,2.722000,-0.060000,0.420000,adult,walking,attentive,,0.000000,0.375000,4.021990,3.421990,0.082375,0.082375,0.082375,0.082375,0.000000,0.082375,0.000000,3.421990,3.421990,3.339615,3.339615,0.000000,horizon_mpc_secbf,12,3.375629,true,osqp,optimal,25,5.085974,0,3.699138,accept,false,0.000000,0.000000,0.000000,-0.000000,,,0.000000,0.000000,4.480649,0.000000
local_crowding,context_bl,SEESM w/o Feasibility-Preserving Update,92,9.200,2.200000,-0.350000,0.000000,-0.000000,-1.575142,-0.402000,2.764000,-0.060000,0.420000,adult,walking,attentive,,0.000000,0.375000,4.058004,3.458004,0.082375,0.082375,0.082375,0.082375,0.000000,0.082375,0.000000,3.458004,3.458004,3.375629,3.375629,0.000000,horizon_mpc_secbf,12,3.411767,true,osqp,optimal,25,4.969396,0,3.736398,accept,false,0.000000,0.000000,0.000000,-0.000000,,,0.000000,0.000000,4.480649,0.000000
local_crowding,context_bl,SEESM w/o Feasibility-Preserving Update,93,9.300,2.200000,-0.350000,0.000000,-0.000000,-1.575142,-0.408000,2.806000,-0.060000,0.420000,adult,walking,attentive,,0.000000,0.375000,4.094142,3.494142,0.082375,0.082375,0.082375,0.082375,0.000000,0.082375,0.000000,3.494142,3.494142,3.411767,3.411767,0.000000,horizon_mpc_secbf,12,3.448024,true,osqp,optimal,25,4.954064,0,3.773748,accept,false,0.000000,0.000000,0.000000,-0.000000,,,0.000000,0.000000,4.480649,0.000000
local_crowding,context_bl,SEESM w/o Feasibility-Preserving Update,94,9.400,2.200000,-0.350000,0.000000,-0.000000,-1.575142,-0.414000,2.848000,-0.060000,0.420000,adult,walking,attentive,,0.000000,0.375000,4.130399,3.530399,0.082375,0.082375,0.082375,0.082375,0.000000,0.082375,0.000000,3.530399,3.530399,3.448024,3.448024,0.000000,horizon_mpc_secbf,12,3.484398,true,osqp,optimal,25,5.051628,0,3.811185,accept,false,0.000000,0.000000,0.000000,-0.000000,,,0.000000,0.000000,4.480649,0.000000
local_crowding,context_bl,SEESM w/o Feasibility-Preserving Update,95,9.500,2.200000,-0.350000,0.000000,-0.000000,-1.575142,-0.420000,2.890000,-0.060000,0.420000,adult,walking,attentive,,0.000000,0.375000,4.166773,3.566773,0.082375,0.082375,0.082375,0.082375,0.000000,0.082375,0.000000,3.566773,3.566773,3.484398,3.484398,0.000000,horizon_mpc_secbf,12,3.520886,true,osqp,optimal,25,4.975738,0,3.848709,accept,false,0.000000,0.000000,0.000000,-0.000000,,,0.000000,0.000000,4.480649,0.000000
local_crowding,context_bl,SEESM w/o Feasibility-Preserving Update,96,9.600,2.200000,-0.350000,0.000000,-0.000000,-1.575142,-0.426000,2.932000,-0.060000,0.420000,adult,walking,attentive,,0.000000,0.375000,4.203261,3.603261,0.082375,0.082375,0.082375,0.082375,0.000000,0.082375,0.000000,3.603261,3.603261,3.520886,3.520886,0.000000,horizon_mpc_secbf,12,3.557483,true,osqp,optimal,25,4.859088,0,3.886316,accept,false,0.000000,0.000000,0.000000,-0.000000,,,0.000000,0.000000,4.480649,0.000000
local_crowding,context_bl,SEESM w/o Feasibility-Preserving Update,97,9.700,2.200000,-0.350000,0.000000,-0.000000,-1.575142,-0.432000,2.974000,-0.060000,0.420000,adult,walking,attentive,,0.000000,0.375000,4.239858,3.639858,0.082375,0.082375,0.082375,0.082375,0.000000,0.082375,0.000000,3.639858,3.639858,3.557483,3.557483,0.000000,horizon_mpc_secbf,12,3.594189,true,osqp,optimal,25,5.111480,0,3.924005,accept,false,0.000000,0.000000,0.000000,-0.000000,,,0.000000,0.000000,4.480649,0.000000
local_crowding,context_bl,SEESM w/o Feasibility-Preserving Update,98,9.800,2.200000,-0.350000,0.000000,-0.000000,-1.575142,-0.438000,3.016000,-0.060000,0.420000,adult,walking,attentive,,0.000000,0.375000,4.276564,3.676564,0.082375,0.082375,0.082375,0.082375,0.000000,0.082375,0.000000,3.676564,3.676564,3.594189,3.594189,0.000000,horizon_mpc_secbf,12,3.631000,true,osqp,optimal,25,4.987385,0,3.961774,accept,false,0.000000,0.000000,0.000000,-0.000000,,,0.000000,0.000000,4.480649,0.000000
local_crowding,context_bl,SEESM w/o Feasibility-Preserving Update,99,9.900,2.200000,-0.350000,0.000000,-0.000000,-1.575142,-0.444000,3.058000,-0.060000,0.420000,adult,walking,attentive,,0.000000,0.375000,4.313375,3.713375,0.082375,0.082375,0.082375,0.082375,0.000000,0.082375,0.000000,3.713375,3.713375,3.631000,3.631000,0.000000,horizon_mpc_secbf,12,3.667912,true,osqp,optimal,25,4.703014,0,3.999620,accept,false,0.000000,0.000000,0.000000,-0.000000,,,0.000000,0.000000,4.480649,0.000000
local_crowding,context_bl,SEESM w/o Feasibility-Preserving Update,100,10.000,2.200000,-0.350000,0.000000,-0.000000,-1.575142,-0.450000,3.100000,-0.060000,0.420000,adult,walking,attentive,,0.000000,0.375000,4.350287,3.750287,0.082375,0.082375,0.082375,0.082375,0.000000,0.082375,0.000000,3.750287,3.750287,3.667912,3.667912,0.000000,horizon_mpc_secbf,12,3.704925,true,osqp,optimal,25,4.524261,0,4.037543,accept,false,0.000000,0.000000,0.000000,-0.000000,,,0.000000,0.000000,4.480649,0.000000
local_crowding,context_bl,SEESM w/o Feasibility-Preserving Update,101,10.100,2.200000,-0.350000,0.000000,-0.000000,-1.575142,-0.456000,3.142000,-0.060000,0.420000,adult,walking,attentive,,0.000000,0.375000,4.387300,3.787300,0.082375,0.082375,0.082375,0.082375,0.000000,0.082375,0.000000,3.787300,3.787300,3.704925,3.704925,0.000000,horizon_mpc_secbf,12,3.742035,true,osqp,optimal,25,3.383297,0,4.075540,accept,false,0.000000,0.000000,0.000000,-0.000000,,,0.000000,0.000000,4.480649,0.000000
local_crowding,context_bl,SEESM w/o Feasibility-Preserving Update,102,10.200,2.200000,-0.350000,0.000000,-0.000000,-1.575142,-0.462000,3.184000,-0.060000,0.420000,adult,walking,attentive,,0.000000,0.375000,4.424410,3.824410,0.082375,0.082375,0.082375,0.082375,0.000000,0.082375,0.000000,3.824410,3.824410,3.742035,3.742035,0.000000,horizon_mpc_secbf,12,3.779239,true,osqp,optimal,25,4.245426,0,4.113610,accept,false,0.000000,0.000000,0.000000,-0.000000,,,0.000000,0.000000,4.480649,0.000000
local_crowding,context_bl,SEESM w/o Feasibility-Preserving Update,103,10.300,2.200000,-0.350000,0.000000,-0.000000,-1.575142,-0.468000,3.226000,-0.060000,0.420000,adult,walking,attentive,,0.000000,0.375000,4.461614,3.861614,0.082375,0.082375,0.082375,0.082375,0.000000,0.082375,0.000000,3.861614,3.861614,3.779239,3.779239,0.000000,horizon_mpc_secbf,12,3.816536,true,osqp,optimal,25,4.954504,0,4.151750,accept,false,0.000000,0.000000,0.000000,-0.000000,,,0.000000,0.000000,4.480649,0.000000
local_crowding,context_bl,SEESM w/o Feasibility-Preserving Update,104,10.400,2.200000,-0.350000,0.000000,-0.000000,-1.575142,-0.474000,3.268000,-0.060000,0.420000,adult,walking,attentive,,0.000000,0.375000,4.498911,3.898911,0.082375,0.082375,0.082375,0.082375,0.000000,0.082375,0.000000,3.898911,3.898911,3.816536,3.816536,0.000000,horizon_mpc_secbf,12,3.853923,true,osqp,optimal,25,5.023698,0,4.189960,accept,false,0.000000,0.000000,0.000000,-0.000000,,,0.000000,0.000000,4.480649,0.000000
local_crowding,context_bl,SEESM w/o Feasibility-Preserving Update,105,10.500,2.200000,-0.350000,0.000000,-0.000000,-1.575142,-0.480000,3.310000,-0.060000,0.420000,adult,walking,attentive,,0.000000,0.375000,4.536298,3.936298,0.082375,0.082375,0.082375,0.082375,0.000000,0.082375,0.000000,3.936298,3.936298,3.853923,3.853923,0.000000,horizon_mpc_secbf,12,3.891398,true,osqp,optimal,25,4.812930,0,4.228237,accept,false,0.000000,0.000000,0.000000,-0.000000,,,0.000000,0.000000,4.480649,0.000000
local_crowding,context_bl,SEESM w/o Feasibility-Preserving Update,106,10.600,2.200000,-0.350000,0.000000,-0.000000,-1.575142,-0.486000,3.352000,-0.060000,0.420000,adult,walking,attentive,,0.000000,0.375000,4.573773,3.973773,0.082375,0.082375,0.082375,0.082375,0.000000,0.082375,0.000000,3.973773,3.973773,3.891398,3.891398,0.000000,horizon_mpc_secbf,12,3.928959,true,osqp,optimal,25,4.737658,0,4.266581,accept,false,0.000000,0.000000,0.000000,-0.000000,,,0.000000,0.000000,4.480649,0.000000
local_crowding,context_bl,SEESM w/o Feasibility-Preserving Update,107,10.700,2.200000,-0.350000,0.000000,-0.000000,-1.575142,-0.492000,3.394000,-0.060000,0.420000,adult,walking,attentive,,0.000000,0.375000,4.611334,4.011334,0.082375,0.082375,0.082375,0.082375,0.000000,0.082375,0.000000,4.011334,4.011334,3.928959,3.928959,0.000000,horizon_mpc_secbf,12,3.966603,true,osqp,optimal,25,5.070600,0,4.304989,accept,false,0.000000,0.000000,0.000000,-0.000000,,,0.000000,0.000000,4.480649,0.000000
local_crowding,context_bl,SEESM w/o Feasibility-Preserving Update,108,10.800,2.200000,-0.350000,0.000000,-0.000000,-1.575142,-0.498000,3.436000,-0.060000,0.420000,adult,walking,attentive,,0.000000,0.375000,4.648978,4.048978,0.082375,0.082375,0.082375,0.082375,0.000000,0.082375,0.000000,4.048978,4.048978,3.966603,3.966603,0.000000,horizon_mpc_secbf,12,4.004330,true,osqp,optimal,25,4.668840,0,4.343460,accept,false,0.000000,0.000000,0.000000,-0.000000,,,0.000000,0.000000,4.480649,0.000000
local_crowding,context_bl,SEESM w/o Feasibility-Preserving Update,109,10.900,2.200000,-0.350000,0.000000,-0.000000,-1.575142,-0.504000,3.478000,-0.060000,0.420000,adult,walking,attentive,,0.000000,0.375000,4.686705,4.086705,0.082375,0.082375,0.082375,0.082375,0.000000,0.082375,0.000000,4.086705,4.086705,4.004330,4.004330,0.000000,horizon_mpc_secbf,12,4.042136,true,osqp,optimal,25,4.686364,0,4.381994,accept,false,0.000000,0.000000,0.000000,-0.000000,,,0.000000,0.000000,4.480649,0.000000
local_crowding,context_bl,SEESM w/o Feasibility-Preserving Update,110,11.000,2.200000,-0.350000,0.000000,-0.000000,-1.575142,-0.510000,3.520000,-0.060000,0.420000,adult,walking,attentive,,0.000000,0.375000,4.724511,4.124511,0.082375,0.082375,0.082375,0.082375,0.000000,0.082375,0.000000,4.124511,4.124511,4.042136,4.042136,0.000000,horizon_mpc_secbf,12,4.080019,true,osqp,optimal,25,4.840098,0,4.420587,accept,false,0.000000,0.000000,0.000000,-0.000000,,,0.000000,0.000000,4.480649,0.000000
local_crowding,context_bl,SEESM w/o Feasibility-Preserving Update,111,11.100,2.200000,-0.350000,0.000000,-0.000000,-1.575142,-0.516000,3.562000,-0.060000,0.420000,adult,walking,attentive,,0.000000,0.375000,4.762394,4.162394,0.082375,0.082375,0.082375,0.082375,0.000000,0.082375,0.000000,4.162394,4.162394,4.080019,4.080019,0.000000,horizon_mpc_secbf,12,4.117979,true,osqp,optimal,25,5.029961,0,4.459240,accept,false,0.000000,0.000000,0.000000,-0.000000,,,0.000000,0.000000,4.480649,0.000000
local_crowding,context_bl,SEESM w/o Feasibility-Preserving Update,112,11.200,2.200000,-0.350000,0.000000,-0.000000,-1.575142,-0.522000,3.604000,-0.060000,0.420000,adult,walking,attentive,,0.000000,0.375000,4.800354,4.200354,0.082375,0.082375,0.082375,0.082375,0.000000,0.082375,0.000000,4.200354,4.200354,4.117979,4.117979,0.000000,horizon_mpc_secbf,12,4.156013,true,osqp,optimal,25,4.853317,0,4.497951,accept,false,0.000000,0.000000,0.000000,-0.000000,,,0.000000,0.000000,4.480649,0.000000
local_crowding,context_bl,SEESM w/o Feasibility-Preserving Update,113,11.300,2.200000,-0.350000,0.000000,-0.000000,-1.575142,-0.528000,3.646000,-0.060000,0.420000,adult,walking,attentive,,0.000000,0.375000,4.838388,4.238388,0.082375,0.082375,0.082375,0.082375,0.000000,0.082375,0.000000,4.238388,4.238388,4.156013,4.156013,0.000000,horizon_mpc_secbf,12,4.194120,true,osqp,optimal,25,5.021205,0,4.536718,accept,false,0.000000,0.000000,0.000000,-0.000000,,,0.000000,0.000000,4.480649,0.000000
local_crowding,context_bl,SEESM w/o Feasibility-Preserving Update,114,11.400,2.200000,-0.350000,0.000000,-0.000000,-1.575142,-0.534000,3.688000,-0.060000,0.420000,adult,walking,attentive,,0.000000,0.375000,4.876495,4.276495,0.082375,0.082375,0.082375,0.082375,0.000000,0.082375,0.000000,4.276495,4.276495,4.194120,4.194120,0.000000,horizon_mpc_secbf,12,4.232297,true,osqp,optimal,25,4.985826,0,4.575541,accept,false,0.000000,0.000000,0.000000,-0.000000,,,0.000000,0.000000,4.480649,0.000000
local_crowding,context_bl,SEESM w/o Feasibility-Preserving Update,115,11.500,2.200000,-0.350000,0.000000,-0.000000,-1.575142,-0.540000,3.730000,-0.060000,0.420000,adult,walking,attentive,,0.000000,0.375000,4.914672,4.314672,0.082375,0.082375,0.082375,0.082375,0.000000,0.082375,0.000000,4.314672,4.314672,4.232297,4.232297,0.000000,horizon_mpc_secbf,12,4.270543,true,osqp,optimal,25,5.079383,0,4.614418,accept,false,0.000000,0.000000,0.000000,-0.000000,,,0.000000,0.000000,4.480649,0.000000
local_crowding,context_bl,SEESM w/o Feasibility-Preserving Update,116,11.600,2.200000,-0.350000,0.000000,-0.000000,-1.575142,-0.546000,3.772000,-0.060000,0.420000,adult,walking,attentive,,0.000000,0.375000,4.952918,4.352918,0.082375,0.082375,0.082375,0.082375,0.000000,0.082375,0.000000,4.352918,4.352918,4.270543,4.270543,0.000000,horizon_mpc_secbf,12,4.308857,true,osqp,optimal,25,5.109845,0,4.653348,accept,false,0.000000,0.000000,0.000000,-0.000000,,,0.000000,0.000000,4.480649,0.000000
local_crowding,context_bl,SEESM w/o Feasibility-Preserving Update,117,11.700,2.200000,-0.350000,0.000000,-0.000000,-1.575142,-0.552000,3.814000,-0.060000,0.420000,adult,walking,attentive,,0.000000,0.375000,4.991232,4.391232,0.082375,0.082375,0.082375,0.082375,0.000000,0.082375,0.000000,4.391232,4.391232,4.308857,4.308857,0.000000,horizon_mpc_secbf,12,4.347237,true,osqp,optimal,25,5.195545,0,4.692330,accept,false,0.000000,0.000000,0.000000,-0.000000,,,0.000000,0.000000,4.480649,0.000000
local_crowding,context_bl,SEESM w/o Feasibility-Preserving Update,118,11.800,2.200000,-0.350000,0.000000,-0.000000,-1.575142,-0.558000,3.856000,-0.060000,0.420000,adult,walking,attentive,,0.000000,0.375000,5.029612,4.429612,0.082375,0.082375,0.082375,0.082375,0.000000,0.082375,0.000000,4.429612,4.429612,4.347237,4.347237,0.000000,horizon_mpc_secbf,12,4.385682,true,osqp,optimal,25,5.014259,0,4.731362,accept,false,0.000000,0.000000,0.000000,-0.000000,,,0.000000,0.000000,4.480649,0.000000
local_crowding,context_bl,SEESM w/o Feasibility-Preserving Update,119,11.900,2.200000,-0.350000,0.000000,-0.000000,-1.575142,-0.564000,3.898000,-0.060000,0.420000,adult,walking,attentive,,0.000000,0.375000,5.068057,4.468057,0.082375,0.082375,0.082375,0.082375,0.000000,0.082375,0.000000,4.468057,4.468057,4.385682,4.385682,0.000000,horizon_mpc_secbf,12,4.424189,true,osqp,optimal,25,4.928680,0,4.770445,accept,false,0.000000,0.000000,0.000000,-0.000000,,,0.000000,0.000000,4.480649,0.000000
local_crowding,context_bl,Proposed MPC-SECBF,0,0.000,-2.200000,-0.350000,0.000000,0.000000,0.000000,0.150000,-1.100000,-0.060000,0.420000,pedestrian,walking,unknown,10.098536,1.000000,0.375000,2.466779,1.866779,0.249000,0.050000,0.249000,0.050000,0.153124,0.203124,0.050000,1.866779,1.713655,1.663655,1.663655,0.000000,horizon_mpc_secbf,12,0.631575,true,osqp,optimal,175,4.879296,0,0.887182,accept,false,0.750000,0.000000,0.621016,0.000000,,,0.621016,0.621016,0.062102,4.400000
local_crowding,context_bl,Proposed MPC-SECBF,1,0.100,-2.137898,-0.350000,0.621016,0.000000,0.000000,0.144000,-1.058000,-0.060000,0.420000,pedestrian,walking,unknown,2.308992,1.000000,0.375000,2.389210,1.789210,0.289584,0.100000,0.289584,0.100000,0.762628,0.862628,0.050000,1.789210,1.026582,0.926582,0.926582,0.000106,horizon_mpc_secbf,12,-0.000106,true,osqp,optimal,50,3.474864,0,0.136575,accept,false,0.750000,-0.000000,0.641958,0.016118,,,0.642160,0.026426,0.126318,4.337898
local_crowding,context_bl,Proposed MPC-SECBF,2,0.200,-2.073703,-0.348388,0.641958,0.016118,0.025102,0.138000,-1.016000,-0.060000,0.420000,pedestrian,walking,unknown,2.168403,1.000000,0.375000,2.310267,1.710267,0.292958,0.150000,0.292958,0.150000,0.777660,0.927660,0.050000,1.710267,0.932607,0.782607,0.782607,0.000223,horizon_mpc_secbf,12,-0.000222,true,osqp,optimal,50,3.637658,0,0.087520,accept,false,0.750000,-0.000283,0.549918,0.034457,,,0.550997,0.093849,0.181417,4.273703
local_crowding,context_bl,Proposed MPC-SECBF,3,0.300,-2.018711,-0.344943,0.549918,0.034457,0.062576,0.132000,-0.974000,-0.060000,0.420000,pedestrian,walking,unknown,2.365574,1.000000,0.375000,2.240819,1.640819,0.288226,0.200000,0.288226,0.200000,0.680902,0.880902,0.050000,1.640819,0.959917,0.759917,0.759917,0.000235,horizon_mpc_secbf,12,-0.000234,true,osqp,optimal,50,3.701716,0,0.092208,accept,false,0.749999,-0.000899,0.523710,0.036333,,,0.524969,0.026275,0.233914,4.218714
local_crowding,context_bl,Proposed MPC-SECBF,4,0.400,-1.966340,-0.341309,0.523710,0.036333,0.069264,0.126000,-0.932000,-0.060000,0.420000,pedestrian,walking,unknown,2.363570,1.000000,0.375000,2.174121,1.574121,0.288274,0.250000,0.288274,0.250000,0.651353,0.901353,0.050000,1.574121,0.922768,0.672768,0.672768,0.000302,horizon_mpc_secbf,12,-0.000302,true,osqp,optimal,50,5.089032,0,0.066625,accept,false,0.749998,-0.001564,0.463332,0.041635,,,0.465199,0.060611,0.280434,4.166349
local_crowding,context_bl,Proposed MPC-SECBF,5,0.500,-1.920007,-0.337146,0.463332,0.041635,0.089619,0.120000,-0.890000,-0.060000,0.420000,pedestrian,walking,unknown,2.505613,1.000000,0.375000,2.113593,1.513593,0.284865,0.284865,0.284865,0.284865,0.586914,0.871779,0.034865,1.513593,0.926679,0.641814,0.641814,0.000322,horizon_mpc_secbf,12,-0.000322,true,osqp,optimal,50,4.452188,0,0.063530,accept,false,0.749996,-0.002340,0.436496,0.040008,,,0.438326,0.026885,0.324267,4.120027
local_crowding,context_bl,Proposed MPC-SECBF,6,0.600,-1.876357,-0.333145,0.436496,0.040008,0.091401,0.114000,-0.848000,-0.060000,0.420000,pedestrian,walking,unknown,2.528265,1.000000,0.375000,2.055869,1.455869,0.284322,0.284322,0.284322,0.284322,0.555933,0.840254,0.000000,1.455869,0.899936,0.615614,0.615614,0.000338,horizon_mpc_secbf,12,-0.000337,true,osqp,optimal,50,3.543059,0,0.056623,accept,false,0.749994,-0.003101,0.418350,0.035776,,,0.419877,0.018633,0.366254,4.076392
local_crowding,context_bl,Proposed MPC-SECBF,7,0.700,-1.834522,-0.329567,0.418350,0.035776,0.085310,0.108000,-0.806000,-0.060000,0.420000,pedestrian,walking,unknown,2.517682,1.000000,0.375000,2.000095,1.400095,0.284576,0.284576,0.284576,0.284576,0.533022,0.817598,0.000254,1.400095,0.867073,0.582497,0.582497,0.000359,horizon_mpc_secbf,12,-0.000359,true,osqp,optimal,50,5.074685,0,0.046311,accept,false,0.749990,-0.003798,0.396986,0.030787,,,0.398178,0.021939,0.406072,4.034574
local_crowding,context_bl,Proposed MPC-SECBF,8,0.800,-1.794823,-0.326489,0.396986,0.030787,0.077397,0.102000,-0.764000,-0.060000,0.420000,pedestrian,walking,unknown,2.527587,1.000000,0.375000,1.946627,1.346627,0.284338,0.284338,0.284338,0.284338,0.505980,0.790318,0.000000,1.346627,0.840647,0.556309,0.556309,0.000374,horizon_mpc_secbf,12,-0.000374,true,osqp,optimal,50,3.782362,0,0.038919,accept,false,0.749987,-0.004414,0.380190,0.024739,,,0.380994,0.017852,0.444172,3.994893
local_crowding,context_bl,Proposed MPC-SECBF,9,0.900,-1.756804,-0.324015,0.380190,0.024739,0.064977,0.096000,-0.722000,-0.060000,0.420000,adult,walking,attentive,2.522614,1.000000,0.375000,1.895066,1.295066,0.172752,0.172752,0.172752,0.172752,0.482449,0.655201,0.000000,1.295066,0.812617,0.639865,0.639865,0.000296,horizon_mpc_secbf,12,-0.000296,true,osqp,optimal,50,3.584748,0,0.064769,accept,false,0.749984,-0.004925,0.441390,0.014384,,,0.441624,0.062070,0.488334,3.956890
local_crowding,context_bl,Proposed MPC-SECBF,10,1.000,-1.712665,-0.322576,0.441390,0.014384,0.032576,0.090000,-0.680000,-0.060000,0.420000,adult,walking,attentive,2.168829,1.000000,0.375000,1.837758,1.237758,0.178589,0.178589,0.178589,0.178589,0.535590,0.714179,0.005837,1.237758,0.702168,0.523578,0.523578,0.000388,horizon_mpc_secbf,12,-0.000388,true,osqp,optimal,50,3.872176,0,0.018805,accept,false,0.749982,-0.005257,0.375417,0.018643,,,0.375879,0.066110,0.525922,3.912761
local_crowding,context_bl,Proposed MPC-SECBF,11,1.100,-1.675124,-0.320712,0.375417,0.018643,0.049617,0.084000,-0.638000,-0.060000,0.420000,adult,walking,attentive,2.376232,1.000000,0.375000,1.787509,1.187509,0.175167,0.175167,0.175167,0.175167,0.461135,0.636302,0.000000,1.187509,0.726374,0.551207,0.551207,0.000356,horizon_mpc_secbf,12,-0.000356,true,osqp,optimal,50,4.966385,0,0.037303,accept,false,0.749979,-0.005668,0.390497,0.020477,,,0.391033,0.015191,0.565025,3.875234
local_crowding,context_bl,Proposed MPC-SECBF,12,1.200,-1.636074,-0.318664,0.390497,0.020477,0.052391,0.078000,-0.596000,-0.060000,0.420000,adult,walking,attentive,2.234627,1.000000,0.375000,1.736365,1.136365,0.177504,0.177504,0.177504,0.177504,0.466894,0.644398,0.002336,1.136365,0.669471,0.491968,0.491968,0.000398,horizon_mpc_secbf,12,-0.000398,true,osqp,optimal,50,4.124191,0,0.015886,accept,false,0.749975,-0.006126,0.357885,0.019559,,,0.358419,0.032625,0.600867,3.836202
local_crowding,context_bl,Proposed MPC-SECBF,13,1.300,-1.600286,-0.316709,0.357885,0.019559,0.054597,0.072000,-0.554000,-0.060000,0.420000,adult,walking,attentive,2.317108,1.000000,0.375000,1.689037,1.089037,0.176143,0.176143,0.176143,0.176143,0.424071,0.600214,0.000000,1.089037,0.664966,0.488823,0.488823,0.000392,horizon_mpc_secbf,12,-0.000392,true,osqp,optimal,50,3.721464,0,0.018699,accept,false,0.749971,-0.006570,0.357964,0.016426,,,0.358340,0.003134,0.636701,3.800431
local_crowding,context_bl,Proposed MPC-SECBF,14,1.400,-1.564489,-0.315066,0.357964,0.016426,0.045856,0.066000,-0.512000,-0.060000,0.420000,adult,walking,attentive,2.249616,1.000000,0.375000,1.642339,1.042339,0.177256,0.177256,0.177256,0.177256,0.412332,0.589588,0.001114,1.042339,0.630007,0.452751,0.452751,0.000413,horizon_mpc_secbf,12,-0.000413,true,osqp,optimal,50,3.894251,0,0.005129,accept,false,0.749968,-0.006960,0.341554,0.008205,,,0.341652,0.018354,0.670866,3.764651
local_crowding,context_bl,Proposed MPC-SECBF,15,1.500,-1.530334,-0.314245,0.341554,0.008205,0.024018,0.060000,-0.470000,-0.060000,0.420000,adult,walking,attentive,2.269185,1.000000,0.375000,1.597943,0.997943,0.176933,0.176933,0.176933,0.176933,0.381902,0.558836,0.000000,0.997943,0.616040,0.439107,0.439107,0.000414,horizon_mpc_secbf,12,-0.000414,true,osqp,optimal,50,4.416005,0,0.000015,accept,false,0.749966,-0.007188,0.340262,-0.002168,,,0.340269,0.010453,0.704893,3.730505
local_crowding,context_bl,Proposed MPC-SECBF,16,1.600,-1.496308,-0.314462,0.340262,-0.002168,-0.006371,0.054000,-0.428000,-0.060000,0.420000,adult,walking,attentive,2.219529,1.000000,0.375000,1.554460,0.954460,0.177753,0.177753,0.177753,0.177753,0.363721,0.541474,0.000819,0.954460,0.590738,0.412985,0.412985,0.000424,horizon_mpc_secbf,12,-0.000424,true,osqp,optimal,50,3.869950,0,-0.013150,accept,false,0.749965,-0.007210,0.335662,-0.017491,,,0.336117,0.015998,0.738505,3.696478
local_crowding,context_bl,Proposed MPC-SECBF,17,1.700,-1.462741,-0.316211,0.335662,-0.017491,-0.052061,0.048000,-0.386000,-0.060000,0.420000,adult,walking,attentive,2.196170,1.000000,0.375000,1.512352,0.912352,0.178138,0.178138,0.178138,0.178138,0.338212,0.516350,0.000385,0.912352,0.574141,0.396003,0.396003,0.000425,horizon_mpc_secbf,12,-0.000424,true,osqp,optimal,50,3.827915,0,-0.024873,accept,false,0.749968,-0.006918,0.340735,-0.034901,,,0.342518,0.018134,0.772757,3.662897
local_crowding,context_bl,Proposed MPC-SECBF,18,1.800,-1.428668,-0.319701,0.340735,-0.034901,-0.102073,0.042000,-0.344000,-0.060000,0.420000,adult,walking,attentive,2.133461,1.000000,0.375000,1.470869,0.870869,0.179173,0.179173,0.179173,0.179173,0.317537,0.496709,0.001035,0.870869,0.553332,0.374159,0.374159,0.000427,horizon_mpc_secbf,12,-0.000426,true,osqp,optimal,50,4.157141,0,-0.042378,accept,false,0.749974,-0.006262,0.349161,-0.055736,,,0.353581,0.022474,0.808115,3.628794
local_crowding,context_bl,Proposed MPC-SECBF,19,1.900,-1.393752,-0.325275,0.349161,-0.055736,-0.158292,0.036000,-0.302000,-0.060000,0.420000,adult,walking,attentive,2.067807,1.000000,0.375000,1.429941,0.829941,0.180256,0.180256,0.180256,0.180256,0.293888,0.474144,0.001083,0.829941,0.536054,0.355797,0.355797,0.000115,horizon_mpc_secbf,12,-0.000059,true,osqp,optimal,50,4.762783,0,-0.270097,accept,false,0.749982,-0.005160,0.576333,-0.209026,,,0.613068,0.274053,0.869422,3.593837
local_crowding,context_bl,Proposed MPC-SECBF,20,2.000,-1.336118,-0.346178,0.576333,-0.209026,-0.347929,0.030000,-0.260000,-0.060000,0.420000,adult,walking,attentive,1.291140,1.000000,0.375000,1.368834,0.768834,0.193071,0.193071,0.193071,0.193071,0.347020,0.540091,0.012815,0.768834,0.421814,0.228743,0.228743,0.000114,horizon_mpc_secbf,12,-0.000085,true,osqp,optimal,50,3.857901,0,-0.334994,accept,false,0.750000,-0.000811,0.549951,-0.293041,,,0.623153,0.088059,0.931737,3.536121
local_crowding,context_bl,Proposed MPC-SECBF,21,2.100,-1.281123,-0.375482,0.549951,-0.293041,-0.489580,0.024000,-0.218000,-0.060000,0.420000,adult,walking,attentive,1.373842,1.000000,0.375000,1.314590,0.714590,0.191707,0.191707,0.191707,0.191707,0.200556,0.392262,0.000000,0.714590,0.514035,0.322328,0.322328,0.000033,horizon_mpc_secbf,12,-0.000032,true,osqp,optimal,50,3.688329,0,-0.329047,accept,false,0.749980,0.005490,0.671881,-0.207757,,,0.703269,0.148795,1.002064,3.481217
local_crowding,context_bl,Proposed MPC-SECBF,22,2.200,-1.213935,-0.396257,0.671881,-0.207757,-0.299891,0.018000,-0.176000,-0.060000,0.420000,adult,walking,attentive,1.068033,1.000000,0.375000,1.251470,0.651470,0.196752,0.196752,0.196752,0.196752,0.266999,0.463752,0.005046,0.651470,0.384471,0.187719,0.187719,0.000138,horizon_mpc_secbf,12,-0.000139,true,osqp,optimal,75,4.955812,0,-0.361189,accept,false,0.749931,0.010161,0.620825,-0.268366,,,0.676346,0.079247,1.069698,3.414249
local_crowding,context_bl,Proposed MPC-SECBF,23,2.300,-1.151853,-0.423094,0.620825,-0.268366,-0.408015,0.012000,-0.134000,-0.060000,0.420000,adult,walking,attentive,1.211028,1.000000,0.375000,1.199220,0.599220,0.194393,0.194393,0.194393,0.194393,0.108925,0.303318,0.000000,0.599220,0.490295,0.295902,0.295902,0.000000,horizon_mpc_secbf,12,0.055417,true,osqp,optimal,100,4.173960,0,-0.307065,accept,false,0.749822,0.016351,0.711462,-0.184572,,,0.735014,0.123436,1.143200,3.352650
local_crowding,context_bl,Proposed MPC-SECBF,24,2.400,-1.080707,-0.441551,0.711462,-0.184572,-0.253831,0.006000,-0.092000,-0.060000,0.420000,adult,walking,attentive,0.985915,1.000000,0.375000,1.141542,0.541542,0.198107,0.198107,0.198107,0.198107,0.136688,0.334796,0.003714,0.541542,0.404853,0.206746,0.206746,0.000000,horizon_mpc_secbf,12,0.019674,true,osqp,optimal,75,4.808177,0,-0.356034,accept,false,0.749708,0.020921,0.723066,-0.176555,,,0.744309,0.014104,1.217631,3.281984
local_crowding,context_bl,Proposed MPC-SECBF,25,2.500,-1.008400,-0.459207,0.723066,-0.176555,-0.239489,0.000000,-0.050000,-0.060000,0.420000,adult,walking,attentive,0.974030,1.000000,0.375000,1.088265,0.488265,0.198304,0.198304,0.198304,0.198304,0.057570,0.255874,0.000196,0.488265,0.430695,0.232391,0.232391,0.000000,horizon_mpc_secbf,12,0.095085,true,osqp,optimal,75,5.600092,0,-0.266001,accept,false,0.749566,0.025514,0.721489,-0.180358,,,0.743691,0.004117,1.292000,3.210258
local_crowding,context_bl,Proposed MPC-SECBF,26,2.600,-0.936251,-0.477242,0.721489,-0.180358,-0.244960,-0.006000,-0.008000,-0.060000,0.420000,adult,walking,attentive,1.034020,1.000000,0.375000,1.041900,0.441900,0.197314,0.197314,0.197314,0.197314,0.000000,0.197314,0.000000,0.441900,0.479896,0.282582,0.244586,0.000000,horizon_mpc_secbf,12,0.150629,true,osqp,optimal,50,3.943652,0,-0.179078,accept,false,0.749383,0.030404,0.719622,-0.184866,,,0.742988,0.004880,1.366299,3.138831
local_crowding,context_bl,Proposed MPC-SECBF,27,2.700,-0.864289,-0.495729,0.719622,-0.184866,-0.251456,-0.012000,0.034000,-0.060000,0.420000,adult,walking,attentive,1.176900,1.000000,0.375000,1.003498,0.403498,0.194956,0.194956,0.194956,0.194956,0.000000,0.194956,0.000000,0.403498,0.536920,0.341964,0.208542,0.000000,horizon_mpc_secbf,12,0.150571,true,osqp,optimal,75,4.531411,0,-0.132016,accept,false,0.749153,0.035628,0.718544,-0.187469,,,0.742597,0.002817,1.440558,3.067752
local_crowding,context_bl,Proposed MPC-SECBF,28,2.800,-0.792435,-0.514476,0.718544,-0.187469,-0.255212,-0.018000,0.076000,-0.060000,0.420000,adult,walking,attentive,1.490746,1.000000,0.375000,0.973864,0.373864,0.189778,0.189778,0.189778,0.189778,0.000000,0.189778,0.000000,0.373864,0.597952,0.408174,0.184086,0.000000,horizon_mpc_secbf,12,0.154077,true,osqp,optimal,75,6.283548,0,-0.066557,accept,false,0.748870,0.041161,0.718479,-0.187626,,,0.742573,0.000170,1.514816,2.996951
local_crowding,context_bl,Proposed MPC-SECBF,29,2.900,-0.720587,-0.533239,0.718479,-0.187626,-0.255439,-0.024000,0.118000,-0.060000,0.420000,adult,walking,attentive,2.300549,1.000000,0.375000,0.953596,0.353596,0.176416,0.176416,0.176416,0.176416,0.000000,0.176416,0.000000,0.353596,0.661526,0.485110,0.177180,0.000000,horizon_mpc_secbf,12,0.166621,true,osqp,optimal,75,6.181712,0,0.021109,accept,false,0.748528,0.046963,0.719475,-0.185222,,,0.742934,0.002603,1.589109,2.926329
local_crowding,context_bl,Proposed MPC-SECBF,30,3.000,-0.648639,-0.551761,0.719475,-0.185222,-0.251969,-0.030000,0.160000,-0.060000,0.420000,adult,walking,attentive,6.288725,1.000000,0.375000,0.943036,0.343036,0.148375,0.148375,0.148375,0.148375,0.000000,0.148375,0.000000,0.343036,0.726767,0.578392,0.194661,0.000000,horizon_mpc_secbf,12,0.193847,true,osqp,optimal,75,4.350979,0,0.135035,accept,false,0.748126,0.052988,0.721524,-0.180274,,,0.743704,0.005355,1.663479,2.855775
local_crowding,context_bl,Proposed MPC-SECBF,31,3.100,-0.576487,-0.569788,0.721524,-0.180274,-0.244839,-0.036000,0.202000,-0.060000,0.420000,adult,walking,attentive,,0.000000,0.375000,0.942222,0.342222,0.082375,0.082375,0.082375,0.082375,0.000000,0.082375,0.000000,0.342222,0.342222,0.259847,0.259847,0.000000,horizon_mpc_secbf,12,0.268498,true,osqp,optimal,75,4.439425,0,0.295429,accept,false,0.747661,0.059185,0.724584,-0.172887,,,0.744924,0.007995,1.737972,2.785172
local_crowding,context_bl,Proposed MPC-SECBF,32,3.200,-0.504028,-0.587077,0.724584,-0.172887,-0.234223,-0.042000,0.244000,-0.060000,0.420000,adult,walking,attentive,,0.000000,0.375000,0.950873,0.350873,0.082375,0.082375,0.082375,0.082375,0.000000,0.082375,0.000000,0.350873,0.350873,0.268498,0.268498,0.000000,horizon_mpc_secbf,12,0.286053,true,osqp,optimal,75,5.120738,0,0.395079,accept,false,0.747134,0.065505,0.728583,-0.163232,,,0.746645,0.010451,1.812636,2.714401
local_crowding,context_bl,Proposed MPC-SECBF,33,3.300,-0.431170,-0.603400,0.728583,-0.163232,-0.220401,-0.048000,0.286000,-0.060000,0.420000,adult,walking,attentive,,0.000000,0.375000,0.968428,0.368428,0.082375,0.082375,0.082375,0.082375,0.000000,0.082375,0.000000,0.368428,0.368428,0.286053,0.286053,0.000000,horizon_mpc_secbf,12,0.311745,true,osqp,optimal,75,4.601255,0,0.497021,accept,false,0.746546,0.071898,0.733430,-0.151538,,,0.748922,0.012659,1.887528,2.643344
local_crowding,context_bl,Proposed MPC-SECBF,34,3.400,-0.357827,-0.618554,0.733430,-0.151538,-0.203749,-0.054000,0.328000,-0.060000,0.420000,adult,walking,attentive,,0.000000,0.375000,0.994120,0.394120,0.082375,0.082375,0.082375,0.082375,0.000000,0.082375,0.000000,0.394120,0.394120,0.311745,0.311745,0.000000,horizon_mpc_secbf,12,0.344688,true,osqp,optimal,75,5.342209,0,0.599172,accept,false,0.745900,0.078314,0.735591,-0.137241,,,0.748284,0.014459,1.962357,2.571887
local_crowding,context_bl,Proposed MPC-SECBF,35,3.500,-0.284268,-0.632278,0.735591,-0.137241,-0.184452,-0.060000,0.370000,-0.060000,0.420000,adult,walking,attentive,,0.000000,0.375000,1.027063,0.427063,0.082375,0.082375,0.082375,0.082375,0.000000,0.082375,0.000000,0.427063,0.427063,0.344688,0.344688,0.000000,horizon_mpc_secbf,12,0.383860,true,osqp,optimal,75,5.387600,0,0.698822,accept,false,0.745205,0.084675,0.735591,-0.120912,,,0.745462,0.016330,2.036903,2.500254
local_crowding,context_bl,Proposed MPC-SECBF,36,3.600,-0.210709,-0.644369,0.735591,-0.120912,-0.162917,-0.066000,0.412000,-0.060000,0.420000,adult,walking,attentive,,0.000000,0.375000,1.066235,0.466235,0.082375,0.082375,0.082375,0.082375,0.000000,0.082375,0.000000,0.466235,0.466235,0.383860,0.383860,0.000000,horizon_mpc_secbf,12,0.428214,true,osqp,optimal,75,5.298076,0,0.794117,accept,false,0.744470,0.090907,0.735591,-0.103074,,,0.742778,0.017838,2.111181,2.428615
local_crowding,context_bl,Proposed MPC-SECBF,37,3.700,-0.137150,-0.654677,0.735591,-0.103074,-0.139218,-0.072000,0.454000,-0.060000,0.420000,adult,walking,attentive,,0.000000,0.375000,1.110589,0.510589,0.082375,0.082375,0.082375,0.082375,0.000000,0.082375,0.000000,0.510589,0.510589,0.428214,0.428214,0.000000,horizon_mpc_secbf,12,0.476797,true,osqp,optimal,75,6.186340,0,0.884733,accept,false,0.743707,0.096952,0.735591,-0.084058,,,0.740378,0.019016,2.185219,2.356925
local_crowding,context_bl,Proposed MPC-SECBF,38,3.800,-0.063591,-0.663083,0.735591,-0.084058,-0.113780,-0.078000,0.496000,-0.060000,0.420000,adult,walking,attentive,,0.000000,0.375000,1.159172,0.559172,0.082375,0.082375,0.082375,0.082375,0.000000,0.082375,0.000000,0.559172,0.559172,0.476797,0.476797,0.000000,horizon_mpc_secbf,12,0.528773,true,osqp,optimal,75,4.095097,0,0.970793,accept,false,0.742927,0.102756,0.735591,-0.064144,,,0.738382,0.019915,2.259057,2.285140
local_crowding,context_bl,Proposed MPC-SECBF,39,3.900,0.009968,-0.669497,0.735591,-0.064144,-0.086980,-0.084000,0.538000,-0.060000,0.420000,adult,walking,attentive,,0.000000,0.375000,1.211148,0.611148,0.082375,0.082375,0.082375,0.082375,0.000000,0.082375,0.000000,0.611148,0.611148,0.528773,0.528773,0.000000,horizon_mpc_secbf,12,0.583431,true,osqp,optimal,75,4.805348,0,1.052683,accept,false,0.742144,0.108269,0.735590,-0.043581,,,0.736880,0.020563,2.332745,2.213214
local_crowding,context_bl,Proposed MPC-SECBF,40,4.000,0.083527,-0.673855,0.735590,-0.043581,-0.059177,-0.090000,0.580000,-0.060000,0.420000,adult,walking,attentive,,0.000000,0.375000,1.265806,0.665806,0.082375,0.082375,0.082375,0.082375,0.000000,0.082375,0.000000,0.665806,0.665806,0.583431,0.583431,0.000000,horizon_mpc_secbf,12,0.640181,true,osqp,optimal,75,4.897196,0,1.130915,accept,false,0.741371,0.113442,0.735589,-0.022597,,,0.735936,0.020984,2.406338,2.141107
local_crowding,context_bl,Proposed MPC-SECBF,41,4.100,0.157086,-0.676115,0.735589,-0.022597,-0.030710,-0.096000,0.622000,-0.060000,0.420000,adult,walking,attentive,,0.000000,0.375000,1.322556,0.722556,0.082375,0.082375,0.082375,0.082375,0.000000,0.082375,0.000000,0.722556,0.722556,0.640181,0.640181,0.000000,horizon_mpc_secbf,12,0.698543,true,osqp,optimal,75,4.477557,0,1.206036,accept,false,0.740623,0.118227,0.735588,-0.001397,,,0.735589,0.021200,2.479897,2.068779
local_crowding,context_bl,Proposed MPC-SECBF,42,4.200,0.230645,-0.676254,0.735588,-0.001397,-0.001899,-0.102000,0.664000,-0.060000,0.420000,adult,walking,attentive,,0.000000,0.375000,1.380918,0.780918,0.082375,0.082375,0.082375,0.082375,0.000000,0.082375,0.000000,0.780918,0.780918,0.698543,0.698543,0.000000,horizon_mpc_secbf,12,0.758132,true,osqp,optimal,75,5.366581,0,1.278571,accept,false,0.739915,0.122579,0.735587,0.019835,,,0.735854,0.021232,2.553483,1.996196
local_crowding,context_bl,Proposed MPC-SECBF,43,4.300,0.304204,-0.674271,0.735587,0.019835,0.026958,-0.108000,0.706000,-0.060000,0.420000,adult,walking,attentive,,0.000000,0.375000,1.440507,0.840507,0.082375,0.082375,0.082375,0.082375,0.000000,0.082375,0.000000,0.840507,0.840507,0.758132,0.758132,0.000000,horizon_mpc_secbf,12,0.818643,true,osqp,optimal,100,4.794217,0,1.348994,accept,false,0.739264,0.126449,0.735589,0.040946,,,0.736728,0.021111,2.627156,1.923329
local_crowding,context_bl,Proposed MPC-SECBF,44,4.400,0.377763,-0.670176,0.735589,0.040946,0.055607,-0.114000,0.748000,-0.060000,0.420000,adult,walking,attentive,,0.000000,0.375000,1.501018,0.901018,0.082375,0.082375,0.082375,0.082375,0.000000,0.082375,0.000000,0.901018,0.901018,0.818643,0.818643,0.000000,horizon_mpc_secbf,12,0.879842,true,osqp,optimal,100,5.156389,0,1.417753,accept,false,0.738684,0.129791,0.735589,0.061769,,,0.738178,0.020823,2.700973,1.850152
local_crowding,context_bl,Proposed MPC-SECBF,45,4.500,0.451322,-0.663999,0.735589,0.061769,0.083776,-0.120000,0.790000,-0.060000,0.420000,adult,walking,attentive,,0.000000,0.375000,1.562217,0.962217,0.082375,0.082375,0.082375,0.082375,0.000000,0.082375,0.000000,0.962217,0.962217,0.879842,0.879842,0.000000,horizon_mpc_secbf,12,0.941554,true,osqp,optimal,100,3.837395,0,1.485235,accept,false,0.738194,0.132553,0.735588,0.082161,,,0.740163,0.020392,2.774990,1.776646
local_crowding,context_bl,Proposed MPC-SECBF,46,4.600,0.524880,-0.655783,0.735588,0.082161,0.111233,-0.126000,0.832000,-0.060000,0.420000,adult,walking,attentive,,0.000000,0.375000,1.623929,1.023929,0.082375,0.082375,0.082375,0.082375,0.000000,0.082375,0.000000,1.023929,1.023929,0.941554,0.941554,0.000000,horizon_mpc_secbf,12,1.003657,true,osqp,optimal,100,3.762566,0,1.551854,accept,false,0.737808,0.134683,0.735587,0.101908,,,0.742613,0.019748,2.849251,1.702800
local_crowding,context_bl,Proposed MPC-SECBF,47,4.700,0.598439,-0.645592,0.735587,0.101908,0.137664,-0.132000,0.874000,-0.060000,0.420000,adult,walking,attentive,,0.000000,0.375000,1.686032,1.086032,0.082375,0.082375,0.082375,0.082375,0.000000,0.082375,0.000000,1.086032,1.086032,1.003657,1.003657,0.000000,horizon_mpc_secbf,12,1.066118,true,osqp,optimal,100,3.969635,0,1.618410,accept,false,0.737543,0.136125,0.735586,0.120336,,,0.745364,0.018428,2.923787,1.628610
local_crowding,context_bl,Proposed MPC-SECBF,48,4.800,0.671998,-0.633559,0.735586,0.120336,0.162156,-0.138000,0.916000,-0.060000,0.420000,adult,walking,attentive,,0.000000,0.375000,1.748493,1.148493,0.082375,0.082375,0.082375,0.082375,0.000000,0.082375,0.000000,1.148493,1.148493,1.066118,1.066118,0.000000,horizon_mpc_secbf,12,1.129225,true,osqp,optimal,225,5.798322,0,1.688134,accept,false,0.737410,0.136845,0.735601,0.134012,,,0.747708,0.013676,2.998558,1.554090
local_crowding,context_bl,Proposed MPC-SECBF,49,4.900,0.745558,-0.620158,0.735601,0.134012,0.180204,-0.144000,0.958000,-0.060000,0.420000,adult,walking,attentive,,0.000000,0.375000,1.811600,1.211600,0.082375,0.082375,0.082375,0.082375,0.000000,0.082375,0.000000,1.211600,1.211600,1.129225,1.129225,0.000000,horizon_mpc_secbf,12,1.193810,true,osqp,optimal,250,4.902676,0,1.766894,accept,false,0.737387,0.136967,0.735599,0.136460,,,0.748149,0.002448,3.073373,1.479320
local_crowding,context_bl,Proposed MPC-SECBF,50,5.000,0.819118,-0.606512,0.735599,0.136460,0.183424,-0.150000,1.000000,-0.060000,0.420000,adult,walking,attentive,,0.000000,0.375000,1.876185,1.276185,0.082375,0.082375,0.082375,0.082375,0.000000,0.082375,0.000000,1.276185,1.276185,1.193810,1.193810,0.000000,horizon_mpc_secbf,12,1.259884,true,osqp,optimal,250,5.453028,0,1.847188,accept,false,0.737386,0.136976,0.735604,0.136887,,,0.748232,0.000427,3.148196,1.404505
local_crowding,context_bl,Proposed MPC-SECBF,51,5.100,0.892678,-0.592823,0.735604,0.136887,0.183984,-0.156000,1.042000,-0.060000,0.420000,adult,walking,attentive,,0.000000,0.375000,1.942259,1.342259,0.082375,0.082375,0.082375,0.082375,0.000000,0.082375,0.000000,1.342259,1.342259,1.259884,1.259884,0.000000,horizon_mpc_secbf,12,1.327330,true,osqp,optimal,275,6.028790,0,1.927698,accept,false,0.737388,0.136963,0.735602,0.136950,,,0.748242,0.000062,3.223020,1.329682
local_crowding,context_bl,Proposed MPC-SECBF,52,5.200,0.966238,-0.579128,0.735602,0.136950,0.184067,-0.162000,1.084000,-0.060000,0.420000,adult,walking,attentive,,0.000000,0.375000,2.009705,1.409705,0.082375,0.082375,0.082375,0.082375,0.000000,0.082375,0.000000,1.409705,1.409705,1.327330,1.327330,0.000000,horizon_mpc_secbf,12,1.396020,true,osqp,optimal,275,4.655091,0,2.008220,accept,false,0.737391,0.136945,0.735603,0.136945,,,0.748242,0.000005,3.297845,1.254857
local_crowding,context_bl,Proposed MPC-SECBF,53,5.300,1.039799,-0.565433,0.735603,0.136945,0.184060,-0.168000,1.126000,-0.060000,0.420000,adult,walking,attentive,,0.000000,0.375000,2.078395,1.478395,0.082375,0.082375,0.082375,0.082375,0.000000,0.082375,0.000000,1.478395,1.478395,1.396020,1.396020,0.000000,horizon_mpc_secbf,12,1.465834,true,osqp,optimal,275,4.587767,0,2.088731,accept,false,0.737395,0.136924,0.735605,0.136928,,,0.748240,0.000018,3.372669,1.180033
local_crowding,context_bl,Proposed MPC-SECBF,54,5.400,1.113359,-0.551741,0.735605,0.136928,0.184037,-0.174000,1.168000,-0.060000,0.420000,adult,walking,attentive,,0.000000,0.375000,2.148209,1.548209,0.082375,0.082375,0.082375,0.082375,0.000000,0.082375,0.000000,1.548209,1.548209,1.465834,1.465834,0.000000,horizon_mpc_secbf,12,1.536667,true,osqp,optimal,275,5.525420,0,2.169246,accept,false,0.737399,0.136902,0.735605,0.136906,,,0.748237,0.000021,3.447492,1.105209
local_crowding,context_bl,Proposed MPC-SECBF,55,5.500,1.186920,-0.538050,0.735605,0.136906,0.184009,-0.180000,1.210000,-0.060000,0.420000,adult,walking,attentive,,0.000000,0.375000,2.219042,1.619042,0.082375,0.082375,0.082375,0.082375,0.000000,0.082375,0.000000,1.619042,1.619042,1.536667,1.536667,0.000000,horizon_mpc_secbf,12,1.608425,true,osqp,optimal,275,4.850123,0,2.249782,accept,false,0.737404,0.136878,0.735606,0.136883,,,0.748233,0.000023,3.522316,1.030386
local_crowding,context_bl,Proposed MPC-SECBF,56,5.600,1.260480,-0.524362,0.735606,0.136883,0.183978,-0.186000,1.252000,-0.060000,0.420000,adult,walking,attentive,,0.000000,0.375000,2.290800,1.690800,0.082375,0.082375,0.082375,0.082375,0.000000,0.082375,0.000000,1.690800,1.690800,1.608425,1.608425,0.000000,horizon_mpc_secbf,12,1.681024,true,osqp,optimal,275,4.785969,0,2.330353,accept,false,0.737409,0.136853,0.735606,0.136858,,,0.748229,0.000025,3.597138,0.955562
local_crowding,context_bl,Proposed MPC-SECBF,57,5.700,1.334041,-0.510676,0.735606,0.136858,0.183945,-0.192000,1.294000,-0.060000,0.420000,adult,walking,attentive,,0.000000,0.375000,2.363399,1.763399,0.082375,0.082375,0.082375,0.082375,0.000000,0.082375,0.000000,1.763399,1.763399,1.681024,1.681024,0.000000,horizon_mpc_secbf,12,1.754389,true,osqp,optimal,275,6.063411,0,2.410971,accept,false,0.737414,0.136825,0.735606,0.136830,,,0.748223,0.000028,3.671961,0.880739
local_crowding,context_bl,Proposed MPC-SECBF,58,5.800,1.407601,-0.496993,0.735606,0.136830,0.183908,-0.198000,1.336000,-0.060000,0.420000,adult,walking,attentive,,0.000000,0.375000,2.436764,1.836764,0.082375,0.082375,0.082375,0.082375,0.000000,0.082375,0.000000,1.836764,1.836764,1.754389,1.754389,0.000000,horizon_mpc_secbf,12,1.828453,true,osqp,optimal,275,4.804860,0,2.491649,accept,false,0.737419,0.136794,0.735605,0.136800,,,0.748217,0.000030,3.746783,0.805917
local_crowding,context_bl,Proposed MPC-SECBF,59,5.900,1.481162,-0.483313,0.735605,0.136800,0.183869,-0.204000,1.378000,-0.060000,0.420000,adult,walking,attentive,,0.000000,0.375000,2.510828,1.910828,0.082375,0.082375,0.082375,0.082375,0.000000,0.082375,0.000000,1.910828,1.910828,1.828453,1.828453,0.000000,horizon_mpc_secbf,12,1.903156,true,osqp,optimal,275,4.547350,0,2.572393,accept,false,0.737426,0.136760,0.735603,0.136767,,,0.748209,0.000033,3.821603,0.731095
local_crowding,context_bl,Proposed MPC-SECBF,60,6.000,1.554722,-0.469636,0.735603,0.136767,0.183826,-0.210000,1.420000,-0.060000,0.420000,adult,walking,attentive,,0.000000,0.375000,2.585531,1.985531,0.082375,0.082375,0.082375,0.082375,0.000000,0.082375,0.000000,1.985531,1.985531,1.903156,1.903156,0.000000,horizon_mpc_secbf,12,1.978444,true,osqp,optimal,275,5.774093,0,2.653212,accept,false,0.737433,0.136722,0.735601,0.136729,,,0.748200,0.000037,3.896423,0.656275
local_crowding,context_bl,Proposed MPC-SECBF,61,6.100,1.628282,-0.455963,0.735601,0.136729,0.183777,-0.216000,1.462000,-0.060000,0.420000,adult,walking,attentive,,0.000000,0.375000,2.660819,2.060819,0.082375,0.082375,0.082375,0.082375,0.000000,0.082375,0.000000,2.060819,2.060819,1.978444,1.978444,0.000000,horizon_mpc_secbf,12,2.054271,true,osqp,optimal,250,4.373779,0,2.734116,accept,false,0.737441,0.136679,0.735606,0.136687,,,0.748198,0.000043,3.971243,0.581454
local_crowding,context_bl,Proposed MPC-SECBF,62,6.200,1.701843,-0.442294,0.735606,0.136687,0.183720,-0.222000,1.504000,-0.060000,0.420000,adult,walking,attentive,,0.000000,0.375000,2.736646,2.136646,0.082375,0.082375,0.082375,0.082375,0.000000,0.082375,0.000000,2.136646,2.136646,2.054271,2.054271,0.000000,horizon_mpc_secbf,12,2.130593,true,osqp,optimal,250,4.680630,0,2.815101,accept,false,0.737450,0.136629,0.735604,0.136639,,,0.748187,0.000049,4.046062,0.506635
local_crowding,context_bl,Proposed MPC-SECBF,63,6.300,1.775403,-0.428631,0.735604,0.136639,0.183657,-0.228000,1.546000,-0.060000,0.420000,adult,walking,attentive,,0.000000,0.375000,2.812968,2.212968,0.082375,0.082375,0.082375,0.082375,0.000000,0.082375,0.000000,2.212968,2.212968,2.130593,2.130593,0.000000,horizon_mpc_secbf,12,2.207372,true,osqp,optimal,250,5.545717,0,2.896176,accept,false,0.737461,0.136570,0.735602,0.136581,,,0.748175,0.000057,4.120879,0.431816
local_crowding,context_bl,Proposed MPC-SECBF,64,6.400,1.848964,-0.414972,0.735602,0.136581,0.183582,-0.234000,1.588000,-0.060000,0.420000,adult,walking,attentive,,0.000000,0.375000,2.889747,2.289747,0.082375,0.082375,0.082375,0.082375,0.000000,0.082375,0.000000,2.289747,2.289747,2.207372,2.207372,0.000000,horizon_mpc_secbf,12,2.284572,true,osqp,optimal,250,4.525078,0,2.977345,accept,false,0.737474,0.136497,0.735601,0.136512,,,0.748161,0.000070,4.195695,0.356999
local_crowding,context_bl,Proposed MPC-SECBF,65,6.500,1.922524,-0.401321,0.735601,0.136512,0.183491,-0.240000,1.630000,-0.060000,0.420000,adult,walking,attentive,,0.000000,0.375000,2.966947,2.366947,0.082375,0.082375,0.082375,0.082375,0.000000,0.082375,0.000000,2.366947,2.366947,2.284572,2.284572,0.000000,horizon_mpc_secbf,12,2.362164,true,osqp,optimal,250,5.152758,0,3.058614,accept,false,0.737492,0.136404,0.735600,0.136423,,,0.748143,0.000089,4.270510,0.282183
local_crowding,context_bl,Proposed MPC-SECBF,66,6.600,1.996084,-0.387679,0.735600,0.136423,0.183374,-0.246000,1.672000,-0.060000,0.420000,adult,walking,attentive,,0.000000,0.375000,3.044539,2.444539,0.082375,0.082375,0.082375,0.082375,0.000000,0.082375,0.000000,2.444539,2.444539,2.362164,2.362164,0.000000,horizon_mpc_secbf,12,2.440120,true,osqp,optimal,250,6.318652,0,3.139992,accept,false,0.737515,0.136276,0.735599,0.136301,,,0.748120,0.000122,4.345322,0.207368
local_crowding,context_bl,Proposed MPC-SECBF,67,6.700,2.069644,-0.374049,0.735599,0.136301,0.183214,-0.252000,1.714000,-0.060000,0.420000,adult,walking,attentive,,0.000000,0.375000,3.122495,2.522495,0.082375,0.082375,0.082375,0.082375,0.000000,0.082375,0.000000,2.522495,2.522495,2.440120,2.440120,0.000000,horizon_mpc_secbf,12,2.518420,true,osqp,optimal,225,5.700996,0,3.221512,accept,false,0.737554,0.136068,0.735606,0.136108,,,0.748092,0.000193,4.420131,0.132556
local_crowding,context_bl,Proposed MPC-SECBF,68,6.800,2.143204,-0.360438,0.735606,0.136108,0.182959,-0.258000,1.756000,-0.060000,0.420000,adult,walking,attentive,,0.000000,0.375000,3.200795,2.600795,0.082375,0.082375,0.082375,0.082375,0.000000,0.082375,0.000000,2.600795,2.600795,2.518420,2.518420,0.000001,horizon_mpc_secbf,12,2.588259,true,osqp,optimal,75,4.761412,0,3.216183,accept,false,0.567959,0.104381,0.596723,0.109825,,,0.606745,0.141348,4.480805,0.057747
local_crowding,context_bl,Proposed MPC-SECBF,69,6.900,2.202876,-0.349456,0.596723,0.109825,0.182010,-0.264000,1.798000,-0.060000,0.420000,adult,walking,attentive,,0.000000,0.375000,3.270634,2.670634,0.082375,0.082375,0.082375,0.082375,0.000000,0.082375,0.000000,2.670634,2.670634,2.588259,2.588259,0.000000,horizon_mpc_secbf,12,2.620519,true,osqp,optimal,100,4.713280,0,2.909692,accept,false,-0.028764,-0.005443,0.000096,-0.000516,,,0.000525,0.606744,4.480858,0.002927
local_crowding,context_bl,Proposed MPC-SECBF,70,7.000,2.202886,-0.349507,0.000096,-0.000516,-1.386394,-0.270000,1.840000,-0.060000,0.420000,adult,walking,attentive,,0.000000,0.375000,3.302894,2.702894,0.082375,0.082375,0.082375,0.082375,0.000000,0.082375,0.000000,2.702894,2.702894,2.620519,2.620519,0.000000,horizon_mpc_secbf,12,2.651470,true,osqp,optimal,75,4.180631,0,2.928738,accept,false,-0.028860,-0.004927,-0.023892,-0.004170,,,0.024253,0.024265,4.483283,0.002928
local_crowding,context_bl,Proposed MPC-SECBF,71,7.100,2.200497,-0.349924,-0.023892,-0.004170,-2.968779,-0.276000,1.882000,-0.060000,0.420000,adult,walking,attentive,,0.000000,0.375000,3.333845,2.733845,0.082375,0.082375,0.082375,0.082375,0.000000,0.082375,0.000000,2.733845,2.733845,2.651470,2.651470,0.000000,horizon_mpc_secbf,12,2.683640,true,osqp,optimal,75,4.214297,0,2.972016,accept,false,-0.004968,-0.000757,-0.008215,-0.001342,,,0.008324,0.015930,4.484116,0.000503
local_crowding,context_bl,Proposed MPC-SECBF,72,7.200,2.199675,-0.350059,-0.008215,-0.001342,-2.979602,-0.282000,1.924000,-0.060000,0.420000,adult,walking,attentive,,0.000000,0.375000,3.366015,2.766015,0.082375,0.082375,0.082375,0.082375,0.000000,0.082375,0.000000,2.766015,2.766015,2.683640,2.683640,0.000000,horizon_mpc_secbf,12,2.716621,true,osqp,optimal,75,5.537528,0,3.012397,accept,false,0.003247,0.000586,0.001280,0.000255,,,0.001305,0.009629,4.484246,0.000330
local_crowding,context_bl,Proposed MPC-SECBF,73,7.300,2.199803,-0.350033,0.001280,0.000255,0.196497,-0.288000,1.966000,-0.060000,0.420000,adult,walking,attentive,,0.000000,0.375000,3.398996,2.798996,0.082375,0.082375,0.082375,0.082375,0.000000,0.082375,0.000000,2.798996,2.798996,2.716621,2.716621,0.000000,horizon_mpc_secbf,12,2.749847,true,osqp,optimal,75,4.739866,0,3.047856,accept,false,0.001967,0.000331,0.001849,0.000318,,,0.001876,0.000572,4.484434,0.000199
local_crowding,context_bl,Proposed MPC-SECBF,74,7.400,2.199988,-0.350001,0.001849,0.000318,0.170229,-0.294000,2.008000,-0.060000,0.420000,adult,walking,attentive,,0.000000,0.375000,3.432222,2.832222,0.082375,0.082375,0.082375,0.082375,0.000000,0.082375,0.000000,2.832222,2.832222,2.749847,2.749847,0.000000,horizon_mpc_secbf,12,2.783187,true,osqp,optimal,50,4.438485,0,3.082248,accept,false,0.000118,0.000013,0.000414,0.000066,,,0.000419,0.001457,4.484476,0.000012
local_crowding,context_bl,Proposed MPC-SECBF,75,7.500,2.200030,-0.349995,0.000414,0.000066,0.158810,-0.300000,2.050000,-0.060000,0.420000,adult,walking,attentive,,0.000000,0.375000,3.465562,2.865562,0.082375,0.082375,0.082375,0.082375,0.000000,0.082375,0.000000,2.865562,2.865562,2.783187,2.783187,0.000000,horizon_mpc_secbf,12,2.816690,true,osqp,optimal,50,3.992804,0,3.117231,accept,false,-0.000296,-0.000053,-0.000173,-0.000034,,,0.000176,0.000595,4.484493,0.000030
local_crowding,context_bl,Proposed MPC-SECBF,76,7.600,2.200012,-0.349998,-0.000173,-0.000034,-2.946414,-0.306000,2.092000,-0.060000,0.420000,adult,walking,attentive,,0.000000,0.375000,3.499065,2.899065,0.082375,0.082375,0.082375,0.082375,0.000000,0.082375,0.000000,2.899065,2.899065,2.816690,2.816690,0.000000,horizon_mpc_secbf,12,2.850386,true,osqp,optimal,50,5.090646,0,3.152701,accept,false,-0.000123,-0.000019,-0.000131,-0.000022,,,0.000133,0.000043,4.484507,0.000012
local_crowding,context_bl,Proposed MPC-SECBF,77,7.700,2.199999,-0.350000,-0.000131,-0.000022,-2.973163,-0.312000,2.134000,-0.060000,0.420000,adult,walking,attentive,,0.000000,0.375000,3.532761,2.932761,0.082375,0.082375,0.082375,0.082375,0.000000,0.082375,0.000000,2.932761,2.932761,2.850386,2.850386,0.000000,horizon_mpc_secbf,12,2.884275,true,osqp,optimal,25,4.715504,0,3.188360,accept,false,0.000008,0.000003,-0.000002,0.000005,,,0.000005,0.000132,4.484507,0.000001
local_crowding,context_bl,Proposed MPC-SECBF,78,7.800,2.199999,-0.350000,-0.000002,0.000005,1.962317,-0.318000,2.176000,-0.060000,0.420000,adult,walking,attentive,,0.000000,0.375000,3.566650,2.966650,0.082375,0.082375,0.082375,0.082375,0.000000,0.082375,0.000000,2.966650,2.966650,2.884275,2.884275,0.000000,horizon_mpc_secbf,12,2.918347,true,osqp,optimal,25,3.702937,0,3.224095,accept,false,0.000010,-0.000002,0.000007,0.000000,,,0.000007,0.000010,4.484508,0.000001
local_crowding,context_bl,Proposed MPC-SECBF,79,7.900,2.200000,-0.350000,0.000007,0.000000,0.019616,-0.324000,2.218000,-0.060000,0.420000,adult,walking,attentive,,0.000000,0.375000,3.600722,3.000722,0.082375,0.082375,0.082375,0.082375,0.000000,0.082375,0.000000,3.000722,3.000722,2.918347,2.918347,0.000000,horizon_mpc_secbf,12,2.952594,true,osqp,optimal,25,4.082699,0,3.259948,accept,false,0.000003,-0.000002,0.000003,-0.000001,,,0.000003,0.000004,4.484508,0.000000
local_crowding,context_bl,Proposed MPC-SECBF,80,8.000,2.200000,-0.350000,0.000003,-0.000001,-0.343223,-0.330000,2.260000,-0.060000,0.420000,adult,walking,attentive,,0.000000,0.375000,3.634969,3.034969,0.082375,0.082375,0.082375,0.082375,0.000000,0.082375,0.000000,3.034969,3.034969,2.952594,2.952594,0.000000,horizon_mpc_secbf,12,2.987012,true,osqp,optimal,25,3.862860,0,3.295926,accept,false,-0.000001,-0.000001,0.000000,-0.000001,,,0.000001,0.000003,4.484508,0.000000
local_crowding,context_bl,Proposed MPC-SECBF,81,8.100,2.200000,-0.350000,0.000000,-0.000001,-1.490706,-0.336000,2.302000,-0.060000,0.420000,adult,walking,attentive,,0.000000,0.375000,3.669387,3.069387,0.082375,0.082375,0.082375,0.082375,0.000000,0.082375,0.000000,3.069387,3.069387,2.987012,2.987012,0.000000,horizon_mpc_secbf,12,3.021596,true,osqp,optimal,25,3.573622,0,3.332028,accept,false,-0.000001,0.000000,-0.000000,-0.000000,,,0.000000,0.000001,4.484508,0.000000
local_crowding,context_bl,Proposed MPC-SECBF,82,8.200,2.200000,-0.350000,-0.000000,-0.000000,-2.987888,-0.342000,2.344000,-0.060000,0.420000,adult,walking,attentive,,0.000000,0.375000,3.703971,3.103971,0.082375,0.082375,0.082375,0.082375,0.000000,0.082375,0.000000,3.103971,3.103971,3.021596,3.021596,0.000000,horizon_mpc_secbf,12,3.056341,true,osqp,optimal,25,3.675389,0,3.368251,accept,false,-0.000000,0.000000,-0.000000,0.000000,,,0.000000,0.000000,4.484508,0.000000
local_crowding,context_bl,Proposed MPC-SECBF,83,8.300,2.200000,-0.350000,-0.000000,0.000000,2.643450,-0.348000,2.386000,-0.060000,0.420000,adult,walking,attentive,,0.000000,0.375000,3.738716,3.138716,0.082375,0.082375,0.082375,0.082375,0.000000,0.082375,0.000000,3.138716,3.138716,3.056341,3.056341,0.000000,horizon_mpc_secbf,12,3.091244,true,osqp,optimal,25,4.542410,0,3.404589,accept,false,0.000000,0.000000,0.000000,0.000000,,,0.000000,0.000000,4.484508,0.000000
local_crowding,context_bl,Proposed MPC-SECBF,84,8.400,2.200000,-0.350000,0.000000,0.000000,1.511507,-0.354000,2.428000,-0.060000,0.420000,adult,walking,attentive,,0.000000,0.375000,3.773619,3.173619,0.082375,0.082375,0.082375,0.082375,0.000000,0.082375,0.000000,3.173619,3.173619,3.091244,3.091244,0.000000,horizon_mpc_secbf,12,3.126299,true,osqp,optimal,25,5.528310,0,3.441041,accept,false,0.000000,-0.000000,0.000000,0.000000,,,0.000000,0.000000,4.484508,0.000000
local_crowding,context_bl,Proposed MPC-SECBF,85,8.500,2.200000,-0.350000,0.000000,0.000000,0.254153,-0.360000,2.470000,-0.060000,0.420000,adult,walking,attentive,,0.000000,0.375000,3.808674,3.208674,0.082375,0.082375,0.082375,0.082375,0.000000,0.082375,0.000000,3.208674,3.208674,3.126299,3.126299,0.000000,horizon_mpc_secbf,12,3.161503,true,osqp,optimal,25,3.509654,0,3.477603,accept,false,0.000000,-0.000000,0.000000,-0.000000,,,0.000000,0.000000,4.484508,0.000000
local_crowding,context_bl,Proposed MPC-SECBF,86,8.600,2.200000,-0.350000,0.000000,-0.000000,-0.707492,-0.366000,2.512000,-0.060000,0.420000,adult,walking,attentive,,0.000000,0.375000,3.843878,3.243878,0.082375,0.082375,0.082375,0.082375,0.000000,0.082375,0.000000,3.243878,3.243878,3.161503,3.161503,0.000000,horizon_mpc_secbf,12,3.196852,true,osqp,optimal,25,3.549411,0,3.514272,accept,false,0.000000,0.000000,0.000000,-0.000000,,,0.000000,0.000000,4.484508,0.000000
local_crowding,context_bl,Proposed MPC-SECBF,87,8.700,2.200000,-0.350000,0.000000,-0.000000,-0.705968,-0.372000,2.554000,-0.060000,0.420000,adult,walking,attentive,,0.000000,0.375000,3.879227,3.279227,0.082375,0.082375,0.082375,0.082375,0.000000,0.082375,0.000000,3.279227,3.279227,3.196852,3.196852,0.000000,horizon_mpc_secbf,12,3.232341,true,osqp,optimal,25,5.115399,0,3.551046,accept,false,0.000000,0.000000,0.000000,-0.000000,,,0.000000,0.000000,4.484508,0.000000
local_crowding,context_bl,Proposed MPC-SECBF,88,8.800,2.200000,-0.350000,0.000000,-0.000000,-0.705968,-0.378000,2.596000,-0.060000,0.420000,adult,walking,attentive,,0.000000,0.375000,3.914716,3.314716,0.082375,0.082375,0.082375,0.082375,0.000000,0.082375,0.000000,3.314716,3.314716,3.232341,3.232341,0.000000,horizon_mpc_secbf,12,3.267967,true,osqp,optimal,25,3.713600,0,3.587922,accept,false,0.000000,0.000000,0.000000,-0.000000,,,0.000000,0.000000,4.484508,0.000000
local_crowding,context_bl,Proposed MPC-SECBF,89,8.900,2.200000,-0.350000,0.000000,-0.000000,-0.705968,-0.384000,2.638000,-0.060000,0.420000,adult,walking,attentive,,0.000000,0.375000,3.950342,3.350342,0.082375,0.082375,0.082375,0.082375,0.000000,0.082375,0.000000,3.350342,3.350342,3.267967,3.267967,0.000000,horizon_mpc_secbf,12,3.303726,true,osqp,optimal,25,3.521029,0,3.624898,accept,false,0.000000,0.000000,0.000000,-0.000000,,,0.000000,0.000000,4.484508,0.000000
local_crowding,context_bl,Proposed MPC-SECBF,90,9.000,2.200000,-0.350000,0.000000,-0.000000,-0.705968,-0.390000,2.680000,-0.060000,0.420000,adult,walking,attentive,,0.000000,0.375000,3.986101,3.386101,0.082375,0.082375,0.082375,0.082375,0.000000,0.082375,0.000000,3.386101,3.386101,3.303726,3.303726,0.000000,horizon_mpc_secbf,12,3.339615,true,osqp,optimal,25,3.439204,0,3.661971,accept,false,0.000000,0.000000,0.000000,-0.000000,,,0.000000,0.000000,4.484508,0.000000
local_crowding,context_bl,Proposed MPC-SECBF,91,9.100,2.200000,-0.350000,0.000000,-0.000000,-0.705968,-0.396000,2.722000,-0.060000,0.420000,adult,walking,attentive,,0.000000,0.375000,4.021990,3.421990,0.082375,0.082375,0.082375,0.082375,0.000000,0.082375,0.000000,3.421990,3.421990,3.339615,3.339615,0.000000,horizon_mpc_secbf,12,3.375629,true,osqp,optimal,25,4.685397,0,3.699138,accept,false,0.000000,0.000000,0.000000,-0.000000,,,0.000000,0.000000,4.484508,0.000000
local_crowding,context_bl,Proposed MPC-SECBF,92,9.200,2.200000,-0.350000,0.000000,-0.000000,-0.705968,-0.402000,2.764000,-0.060000,0.420000,adult,walking,attentive,,0.000000,0.375000,4.058004,3.458004,0.082375,0.082375,0.082375,0.082375,0.000000,0.082375,0.000000,3.458004,3.458004,3.375629,3.375629,0.000000,horizon_mpc_secbf,12,3.411767,true,osqp,optimal,25,3.799373,0,3.736398,accept,false,0.000000,0.000000,0.000000,-0.000000,,,0.000000,0.000000,4.484508,0.000000
local_crowding,context_bl,Proposed MPC-SECBF,93,9.300,2.200000,-0.350000,0.000000,-0.000000,-0.705968,-0.408000,2.806000,-0.060000,0.420000,adult,walking,attentive,,0.000000,0.375000,4.094142,3.494142,0.082375,0.082375,0.082375,0.082375,0.000000,0.082375,0.000000,3.494142,3.494142,3.411767,3.411767,0.000000,horizon_mpc_secbf,12,3.448024,true,osqp,optimal,25,3.506511,0,3.773748,accept,false,0.000000,0.000000,0.000000,-0.000000,,,0.000000,0.000000,4.484508,0.000000
local_crowding,context_bl,Proposed MPC-SECBF,94,9.400,2.200000,-0.350000,0.000000,-0.000000,-0.705968,-0.414000,2.848000,-0.060000,0.420000,adult,walking,attentive,,0.000000,0.375000,4.130399,3.530399,0.082375,0.082375,0.082375,0.082375,0.000000,0.082375,0.000000,3.530399,3.530399,3.448024,3.448024,0.000000,horizon_mpc_secbf,12,3.484398,true,osqp,optimal,25,3.412980,0,3.811185,accept,false,0.000000,0.000000,0.000000,-0.000000,,,0.000000,0.000000,4.484508,0.000000
local_crowding,context_bl,Proposed MPC-SECBF,95,9.500,2.200000,-0.350000,0.000000,-0.000000,-0.705968,-0.420000,2.890000,-0.060000,0.420000,adult,walking,attentive,,0.000000,0.375000,4.166773,3.566773,0.082375,0.082375,0.082375,0.082375,0.000000,0.082375,0.000000,3.566773,3.566773,3.484398,3.484398,0.000000,horizon_mpc_secbf,12,3.520886,true,osqp,optimal,25,4.659479,0,3.848709,accept,false,0.000000,0.000000,0.000000,-0.000000,,,0.000000,0.000000,4.484508,0.000000
local_crowding,context_bl,Proposed MPC-SECBF,96,9.600,2.200000,-0.350000,0.000000,-0.000000,-0.705968,-0.426000,2.932000,-0.060000,0.420000,adult,walking,attentive,,0.000000,0.375000,4.203261,3.603261,0.082375,0.082375,0.082375,0.082375,0.000000,0.082375,0.000000,3.603261,3.603261,3.520886,3.520886,0.000000,horizon_mpc_secbf,12,3.557483,true,osqp,optimal,25,4.048996,0,3.886316,accept,false,0.000000,0.000000,0.000000,-0.000000,,,0.000000,0.000000,4.484508,0.000000
local_crowding,context_bl,Proposed MPC-SECBF,97,9.700,2.200000,-0.350000,0.000000,-0.000000,-0.705968,-0.432000,2.974000,-0.060000,0.420000,adult,walking,attentive,,0.000000,0.375000,4.239858,3.639858,0.082375,0.082375,0.082375,0.082375,0.000000,0.082375,0.000000,3.639858,3.639858,3.557483,3.557483,0.000000,horizon_mpc_secbf,12,3.594189,true,osqp,optimal,25,3.483550,0,3.924005,accept,false,0.000000,0.000000,0.000000,-0.000000,,,0.000000,0.000000,4.484508,0.000000
local_crowding,context_bl,Proposed MPC-SECBF,98,9.800,2.200000,-0.350000,0.000000,-0.000000,-0.705968,-0.438000,3.016000,-0.060000,0.420000,adult,walking,attentive,,0.000000,0.375000,4.276564,3.676564,0.082375,0.082375,0.082375,0.082375,0.000000,0.082375,0.000000,3.676564,3.676564,3.594189,3.594189,0.000000,horizon_mpc_secbf,12,3.631000,true,osqp,optimal,25,3.843192,0,3.961774,accept,false,0.000000,0.000000,0.000000,-0.000000,,,0.000000,0.000000,4.484508,0.000000
local_crowding,context_bl,Proposed MPC-SECBF,99,9.900,2.200000,-0.350000,0.000000,-0.000000,-0.705968,-0.444000,3.058000,-0.060000,0.420000,adult,walking,attentive,,0.000000,0.375000,4.313375,3.713375,0.082375,0.082375,0.082375,0.082375,0.000000,0.082375,0.000000,3.713375,3.713375,3.631000,3.631000,0.000000,horizon_mpc_secbf,12,3.667912,true,osqp,optimal,25,4.950211,0,3.999620,accept,false,0.000000,0.000000,0.000000,-0.000000,,,0.000000,0.000000,4.484508,0.000000
local_crowding,context_bl,Proposed MPC-SECBF,100,10.000,2.200000,-0.350000,0.000000,-0.000000,-0.705968,-0.450000,3.100000,-0.060000,0.420000,adult,walking,attentive,,0.000000,0.375000,4.350287,3.750287,0.082375,0.082375,0.082375,0.082375,0.000000,0.082375,0.000000,3.750287,3.750287,3.667912,3.667912,0.000000,horizon_mpc_secbf,12,3.704925,true,osqp,optimal,25,3.543441,0,4.037543,accept,false,0.000000,0.000000,0.000000,-0.000000,,,0.000000,0.000000,4.484508,0.000000
local_crowding,context_bl,Proposed MPC-SECBF,101,10.100,2.200000,-0.350000,0.000000,-0.000000,-0.705968,-0.456000,3.142000,-0.060000,0.420000,adult,walking,attentive,,0.000000,0.375000,4.387300,3.787300,0.082375,0.082375,0.082375,0.082375,0.000000,0.082375,0.000000,3.787300,3.787300,3.704925,3.704925,0.000000,horizon_mpc_secbf,12,3.742035,true,osqp,optimal,25,3.592222,0,4.075540,accept,false,0.000000,0.000000,0.000000,-0.000000,,,0.000000,0.000000,4.484508,0.000000
local_crowding,context_bl,Proposed MPC-SECBF,102,10.200,2.200000,-0.350000,0.000000,-0.000000,-0.705968,-0.462000,3.184000,-0.060000,0.420000,adult,walking,attentive,,0.000000,0.375000,4.424410,3.824410,0.082375,0.082375,0.082375,0.082375,0.000000,0.082375,0.000000,3.824410,3.824410,3.742035,3.742035,0.000000,horizon_mpc_secbf,12,3.779239,true,osqp,optimal,25,3.933437,0,4.113610,accept,false,0.000000,0.000000,0.000000,-0.000000,,,0.000000,0.000000,4.484508,0.000000
local_crowding,context_bl,Proposed MPC-SECBF,103,10.300,2.200000,-0.350000,0.000000,-0.000000,-0.705968,-0.468000,3.226000,-0.060000,0.420000,adult,walking,attentive,,0.000000,0.375000,4.461614,3.861614,0.082375,0.082375,0.082375,0.082375,0.000000,0.082375,0.000000,3.861614,3.861614,3.779239,3.779239,0.000000,horizon_mpc_secbf,12,3.816536,true,osqp,optimal,25,4.954723,0,4.151750,accept,false,0.000000,0.000000,0.000000,-0.000000,,,0.000000,0.000000,4.484508,0.000000
local_crowding,context_bl,Proposed MPC-SECBF,104,10.400,2.200000,-0.350000,0.000000,-0.000000,-0.705968,-0.474000,3.268000,-0.060000,0.420000,adult,walking,attentive,,0.000000,0.375000,4.498911,3.898911,0.082375,0.082375,0.082375,0.082375,0.000000,0.082375,0.000000,3.898911,3.898911,3.816536,3.816536,0.000000,horizon_mpc_secbf,12,3.853923,true,osqp,optimal,25,3.378506,0,4.189960,accept,false,0.000000,0.000000,0.000000,-0.000000,,,0.000000,0.000000,4.484508,0.000000
local_crowding,context_bl,Proposed MPC-SECBF,105,10.500,2.200000,-0.350000,0.000000,-0.000000,-0.705968,-0.480000,3.310000,-0.060000,0.420000,adult,walking,attentive,,0.000000,0.375000,4.536298,3.936298,0.082375,0.082375,0.082375,0.082375,0.000000,0.082375,0.000000,3.936298,3.936298,3.853923,3.853923,0.000000,horizon_mpc_secbf,12,3.891398,true,osqp,optimal,25,3.321587,0,4.228237,accept,false,0.000000,0.000000,0.000000,-0.000000,,,0.000000,0.000000,4.484508,0.000000
local_crowding,context_bl,Proposed MPC-SECBF,106,10.600,2.200000,-0.350000,0.000000,-0.000000,-0.705968,-0.486000,3.352000,-0.060000,0.420000,adult,walking,attentive,,0.000000,0.375000,4.573773,3.973773,0.082375,0.082375,0.082375,0.082375,0.000000,0.082375,0.000000,3.973773,3.973773,3.891398,3.891398,0.000000,horizon_mpc_secbf,12,3.928959,true,osqp,optimal,25,3.569878,0,4.266581,accept,false,0.000000,0.000000,0.000000,-0.000000,,,0.000000,0.000000,4.484508,0.000000
local_crowding,context_bl,Proposed MPC-SECBF,107,10.700,2.200000,-0.350000,0.000000,-0.000000,-0.705968,-0.492000,3.394000,-0.060000,0.420000,adult,walking,attentive,,0.000000,0.375000,4.611334,4.011334,0.082375,0.082375,0.082375,0.082375,0.000000,0.082375,0.000000,4.011334,4.011334,3.928959,3.928959,0.000000,horizon_mpc_secbf,12,3.966603,true,osqp,optimal,25,4.638962,0,4.304989,accept,false,0.000000,0.000000,0.000000,-0.000000,,,0.000000,0.000000,4.484508,0.000000
local_crowding,context_bl,Proposed MPC-SECBF,108,10.800,2.200000,-0.350000,0.000000,-0.000000,-0.705968,-0.498000,3.436000,-0.060000,0.420000,adult,walking,attentive,,0.000000,0.375000,4.648978,4.048978,0.082375,0.082375,0.082375,0.082375,0.000000,0.082375,0.000000,4.048978,4.048978,3.966603,3.966603,0.000000,horizon_mpc_secbf,12,4.004330,true,osqp,optimal,25,3.382781,0,4.343460,accept,false,0.000000,0.000000,0.000000,-0.000000,,,0.000000,0.000000,4.484508,0.000000
local_crowding,context_bl,Proposed MPC-SECBF,109,10.900,2.200000,-0.350000,0.000000,-0.000000,-0.705968,-0.504000,3.478000,-0.060000,0.420000,adult,walking,attentive,,0.000000,0.375000,4.686705,4.086705,0.082375,0.082375,0.082375,0.082375,0.000000,0.082375,0.000000,4.086705,4.086705,4.004330,4.004330,0.000000,horizon_mpc_secbf,12,4.042136,true,osqp,optimal,25,3.333633,0,4.381994,accept,false,0.000000,0.000000,0.000000,-0.000000,,,0.000000,0.000000,4.484508,0.000000
local_crowding,context_bl,Proposed MPC-SECBF,110,11.000,2.200000,-0.350000,0.000000,-0.000000,-0.705968,-0.510000,3.520000,-0.060000,0.420000,adult,walking,attentive,,0.000000,0.375000,4.724511,4.124511,0.082375,0.082375,0.082375,0.082375,0.000000,0.082375,0.000000,4.124511,4.124511,4.042136,4.042136,0.000000,horizon_mpc_secbf,12,4.080019,true,osqp,optimal,25,3.495238,0,4.420587,accept,false,0.000000,0.000000,0.000000,-0.000000,,,0.000000,0.000000,4.484508,0.000000
local_crowding,context_bl,Proposed MPC-SECBF,111,11.100,2.200000,-0.350000,0.000000,-0.000000,-0.705968,-0.516000,3.562000,-0.060000,0.420000,adult,walking,attentive,,0.000000,0.375000,4.762394,4.162394,0.082375,0.082375,0.082375,0.082375,0.000000,0.082375,0.000000,4.162394,4.162394,4.080019,4.080019,0.000000,horizon_mpc_secbf,12,4.117979,true,osqp,optimal,25,5.006848,0,4.459240,accept,false,0.000000,0.000000,0.000000,-0.000000,,,0.000000,0.000000,4.484508,0.000000
local_crowding,context_bl,Proposed MPC-SECBF,112,11.200,2.200000,-0.350000,0.000000,-0.000000,-0.705968,-0.522000,3.604000,-0.060000,0.420000,adult,walking,attentive,,0.000000,0.375000,4.800354,4.200354,0.082375,0.082375,0.082375,0.082375,0.000000,0.082375,0.000000,4.200354,4.200354,4.117979,4.117979,0.000000,horizon_mpc_secbf,12,4.156013,true,osqp,optimal,25,3.464980,0,4.497951,accept,false,0.000000,0.000000,0.000000,-0.000000,,,0.000000,0.000000,4.484508,0.000000
local_crowding,context_bl,Proposed MPC-SECBF,113,11.300,2.200000,-0.350000,0.000000,-0.000000,-0.705968,-0.528000,3.646000,-0.060000,0.420000,adult,walking,attentive,,0.000000,0.375000,4.838388,4.238388,0.082375,0.082375,0.082375,0.082375,0.000000,0.082375,0.000000,4.238388,4.238388,4.156013,4.156013,0.000000,horizon_mpc_secbf,12,4.194120,true,osqp,optimal,25,3.471431,0,4.536718,accept,false,0.000000,0.000000,0.000000,-0.000000,,,0.000000,0.000000,4.484508,0.000000
local_crowding,context_bl,Proposed MPC-SECBF,114,11.400,2.200000,-0.350000,0.000000,-0.000000,-0.705968,-0.534000,3.688000,-0.060000,0.420000,adult,walking,attentive,,0.000000,0.375000,4.876495,4.276495,0.082375,0.082375,0.082375,0.082375,0.000000,0.082375,0.000000,4.276495,4.276495,4.194120,4.194120,0.000000,horizon_mpc_secbf,12,4.232297,true,osqp,optimal,25,3.491672,0,4.575541,accept,false,0.000000,0.000000,0.000000,-0.000000,,,0.000000,0.000000,4.484508,0.000000
local_crowding,context_bl,Proposed MPC-SECBF,115,11.500,2.200000,-0.350000,0.000000,-0.000000,-0.705968,-0.540000,3.730000,-0.060000,0.420000,adult,walking,attentive,,0.000000,0.375000,4.914672,4.314672,0.082375,0.082375,0.082375,0.082375,0.000000,0.082375,0.000000,4.314672,4.314672,4.232297,4.232297,0.000000,horizon_mpc_secbf,12,4.270543,true,osqp,optimal,25,4.823365,0,4.614418,accept,false,0.000000,0.000000,0.000000,-0.000000,,,0.000000,0.000000,4.484508,0.000000
local_crowding,context_bl,Proposed MPC-SECBF,116,11.600,2.200000,-0.350000,0.000000,-0.000000,-0.705968,-0.546000,3.772000,-0.060000,0.420000,adult,walking,attentive,,0.000000,0.375000,4.952918,4.352918,0.082375,0.082375,0.082375,0.082375,0.000000,0.082375,0.000000,4.352918,4.352918,4.270543,4.270543,0.000000,horizon_mpc_secbf,12,4.308857,true,osqp,optimal,25,5.386635,0,4.653348,accept,false,0.000000,0.000000,0.000000,-0.000000,,,0.000000,0.000000,4.484508,0.000000
local_crowding,context_bl,Proposed MPC-SECBF,117,11.700,2.200000,-0.350000,0.000000,-0.000000,-0.705968,-0.552000,3.814000,-0.060000,0.420000,adult,walking,attentive,,0.000000,0.375000,4.991232,4.391232,0.082375,0.082375,0.082375,0.082375,0.000000,0.082375,0.000000,4.391232,4.391232,4.308857,4.308857,0.000000,horizon_mpc_secbf,12,4.347237,true,osqp,optimal,25,4.166365,0,4.692330,accept,false,0.000000,0.000000,0.000000,-0.000000,,,0.000000,0.000000,4.484508,0.000000
local_crowding,context_bl,Proposed MPC-SECBF,118,11.800,2.200000,-0.350000,0.000000,-0.000000,-0.705968,-0.558000,3.856000,-0.060000,0.420000,adult,walking,attentive,,0.000000,0.375000,5.029612,4.429612,0.082375,0.082375,0.082375,0.082375,0.000000,0.082375,0.000000,4.429612,4.429612,4.347237,4.347237,0.000000,horizon_mpc_secbf,12,4.385682,true,osqp,optimal,25,4.247411,0,4.731362,accept,false,0.000000,0.000000,0.000000,-0.000000,,,0.000000,0.000000,4.484508,0.000000
local_crowding,context_bl,Proposed MPC-SECBF,119,11.900,2.200000,-0.350000,0.000000,-0.000000,-0.705968,-0.564000,3.898000,-0.060000,0.420000,adult,walking,attentive,,0.000000,0.375000,5.068057,4.468057,0.082375,0.082375,0.082375,0.082375,0.000000,0.082375,0.000000,4.468057,4.468057,4.385682,4.385682,0.000000,horizon_mpc_secbf,12,4.424189,true,osqp,optimal,25,3.462706,0,4.770445,accept,false,0.000000,0.000000,0.000000,-0.000000,,,0.000000,0.000000,4.484508,0.000000
