scenario,context_level,method,step,time,robot_x,robot_y,robot_vx,robot_vy,robot_theta,human_x,human_y,human_vx,human_vy,human_type,motion_state,attention_state,ttc,head_on_factor,crowding_factor,distance,clearance,beta_candidate,beta_final,beta_requested,beta_applied,beta_dynamic,beta_cbf,delta_beta,h_standard,h_ee,h_see,h_cbf,slack,controller_type,horizon_steps,predicted_min_h,solver_success,solver_backend,solver_status,solver_iterations,solve_time_ms,active_constraints,min_cbf_value,guard_status,guard_active,u_ref_x,u_ref_y,cmd_vx,cmd_vy,cmd_v,cmd_omega,speed,command_step,path_length,goal_error
crossing,context_ext,Standard MPC-CBF,0,0.000,-2.000000,-0.250000,0.000000,0.000000,0.000000,0.100000,-1.800000,0.000000,0.580000,pedestrian,walking,unknown,5.835878,1.000000,0.625000,2.610077,2.010077,0.000000,0.000000,0.000000,0.000000,0.000000,0.000000,0.000000,2.010077,2.010077,2.010077,2.010077,0.000000,horizon_mpc_secbf,4,1.645633,true,osqp,optimal,50,2.283614,0,1.165988,geometric,false,0.750000,0.000000,0.621017,-0.000000,,,0.621017,0.621017,0.062102,4.000000
crossing,context_ext,Standard MPC-CBF,1,0.100,-1.937898,-0.250000,0.621017,-0.000000,-0.000000,0.100000,-1.742000,0.000000,0.580000,pedestrian,walking,unknown,2.282423,1.000000,0.625000,2.525687,1.925687,0.000000,0.000000,0.000000,0.000000,0.000000,0.000000,0.000000,1.925687,1.925687,1.925687,1.925687,0.000000,horizon_mpc_secbf,4,1.552038,true,osqp,optimal,50,1.997958,0,0.997194,geometric,false,0.750000,0.000000,0.726101,-0.000000,,,0.726101,0.105085,0.134712,3.937898
crossing,context_ext,Standard MPC-CBF,2,0.200,-1.865288,-0.250000,0.726101,-0.000000,-0.000000,0.100000,-1.684000,0.000000,0.580000,pedestrian,walking,unknown,1.974132,1.000000,0.625000,2.432841,1.832841,0.000000,0.000000,0.000000,0.000000,0.000000,0.000000,0.000000,1.832841,1.832841,1.832841,1.832841,0.000000,horizon_mpc_secbf,4,1.458451,true,osqp,optimal,50,2.054650,0,0.896747,geometric,false,0.750000,0.000000,0.735591,-0.000000,,,0.735591,0.009489,0.208271,3.865288
crossing,context_ext,Standard MPC-CBF,3,0.300,-1.791729,-0.250000,0.735591,-0.000000,-0.000000,0.100000,-1.626000,0.000000,0.580000,pedestrian,walking,unknown,1.858075,1.000000,0.625000,2.339234,1.739234,0.000000,0.000000,0.000000,0.000000,0.000000,0.000000,0.000000,1.739234,1.739234,1.739234,1.739234,0.000000,horizon_mpc_secbf,4,1.364872,true,osqp,optimal,50,2.031632,0,0.803192,geometric,false,0.750000,0.000000,0.735592,-0.000000,,,0.735592,0.000001,0.281830,3.791729
crossing,context_ext,Standard MPC-CBF,4,0.400,-1.718170,-0.250000,0.735592,-0.000000,-0.000000,0.100000,-1.568000,0.000000,0.580000,pedestrian,walking,unknown,1.758189,1.000000,0.625000,2.245633,1.645633,0.000000,0.000000,0.000000,0.000000,0.000000,0.000000,0.000000,1.645633,1.645633,1.645633,1.645633,0.000000,horizon_mpc_secbf,4,1.271302,true,osqp,optimal,50,2.154142,0,0.709651,geometric,false,0.750000,0.000000,0.735592,-0.000000,,,0.735592,0.000000,0.355389,3.718170
crossing,context_ext,Standard MPC-CBF,5,0.500,-1.644611,-0.250000,0.735592,-0.000000,-0.000000,0.100000,-1.510000,0.000000,0.580000,pedestrian,walking,unknown,1.658313,1.000000,0.625000,2.152038,1.552038,0.000000,0.000000,0.000000,0.000000,0.000000,0.000000,0.000000,1.552038,1.552038,1.552038,1.552038,0.000000,horizon_mpc_secbf,4,1.178176,true,osqp,optimal,50,2.671317,0,0.616142,geometric,false,0.750000,0.000000,0.735592,0.000030,,,0.735592,0.000030,0.428948,3.644611
crossing,context_ext,Standard MPC-CBF,6,0.600,-1.571052,-0.249997,0.735592,0.000030,0.000041,0.100000,-1.452000,0.000000,0.580000,pedestrian,walking,unknown,1.558478,1.000000,0.625000,2.058452,1.458452,0.000000,0.000000,0.000000,0.000000,0.000000,0.000000,0.000000,1.458452,1.458452,1.458452,1.458452,0.000000,horizon_mpc_secbf,4,1.086537,true,osqp,optimal,50,2.239365,0,0.522783,geometric,false,0.750000,-0.000001,0.735592,0.000286,,,0.735592,0.000255,0.502508,3.571052
crossing,context_ext,Standard MPC-CBF,7,0.700,-1.497492,-0.249968,0.735592,0.000286,0.000389,0.100000,-1.394000,0.000000,0.580000,pedestrian,walking,unknown,1.458868,1.000000,0.625000,1.964889,1.364889,0.000000,0.000000,0.000000,0.000000,0.000000,0.000000,0.000000,1.364889,1.364889,1.364889,1.364889,0.000000,horizon_mpc_secbf,4,0.996371,true,osqp,optimal,50,2.139775,0,0.430167,geometric,false,0.750000,-0.000007,0.735592,0.001761,,,0.735594,0.001475,0.576067,3.497492
crossing,context_ext,Standard MPC-CBF,8,0.800,-1.423933,-0.249792,0.735592,0.001761,0.002394,0.100000,-1.336000,0.000000,0.580000,pedestrian,walking,unknown,1.360353,1.000000,0.625000,1.871422,1.271422,0.000000,0.000000,0.000000,0.000000,0.000000,0.000000,0.000000,1.271422,1.271422,1.271422,1.271422,0.000000,horizon_mpc_secbf,4,0.907658,true,osqp,optimal,50,2.087613,0,0.341640,geometric,false,0.750000,-0.000045,0.735592,0.010108,,,0.735661,0.008347,0.649633,3.423933
crossing,context_ext,Standard MPC-CBF,9,0.900,-1.350374,-0.248782,0.735592,0.010108,0.013740,0.100000,-1.278000,0.000000,0.580000,pedestrian,walking,unknown,1.267553,1.000000,0.625000,1.778448,1.178448,0.000000,0.000000,0.000000,0.000000,0.000000,0.000000,0.000000,1.178448,1.178448,1.178448,1.178448,0.000000,horizon_mpc_secbf,4,0.820344,true,osqp,optimal,50,2.090368,0,0.261820,geometric,false,0.750000,-0.000273,0.735592,0.032701,,,0.736318,0.022593,0.723265,3.350374
crossing,context_ext,Standard MPC-CBF,10,1.000,-1.276815,-0.245511,0.735592,0.032701,0.044425,0.100000,-1.220000,0.000000,0.580000,cyclist,crossing,distracted,1.185669,1.000000,0.625000,1.686786,1.086786,0.000000,0.000000,0.000000,0.000000,0.000000,0.000000,0.000000,1.086786,1.086786,1.086786,1.086786,0.000000,horizon_mpc_secbf,4,0.734291,true,osqp,optimal,50,2.144350,0,0.184167,geometric,false,0.749999,-0.001027,0.735592,0.056904,,,0.737790,0.024203,0.797044,3.276818
crossing,context_ext,Standard MPC-CBF,11,1.100,-1.203256,-0.239821,0.735592,0.056904,0.077204,0.100000,-1.162000,0.000000,0.580000,cyclist,crossing,distracted,1.104036,1.000000,0.625000,1.596524,0.996524,0.000000,0.000000,0.000000,0.000000,0.000000,0.000000,0.000000,0.996524,0.996524,0.996524,0.996524,0.000000,horizon_mpc_secbf,4,0.649572,true,osqp,optimal,50,2.751311,0,0.107483,geometric,false,0.749996,-0.002383,0.735592,0.080410,,,0.739973,0.023506,0.871041,3.203272
crossing,context_ext,Standard MPC-CBF,12,1.200,-1.129697,-0.231780,0.735592,0.080410,0.108881,0.100000,-1.104000,0.000000,0.580000,cyclist,crossing,distracted,1.020922,1.000000,0.625000,1.507621,0.907621,0.000000,0.000000,0.000000,0.000000,0.000000,0.000000,0.000000,0.907621,0.907621,0.907621,0.907621,0.000000,horizon_mpc_secbf,4,0.566600,true,osqp,optimal,50,2.617287,0,0.031528,geometric,false,0.749987,-0.004366,0.735593,0.102757,,,0.742735,0.022348,0.945315,3.129750
crossing,context_ext,Standard MPC-CBF,13,1.300,-1.056137,-0.221504,0.735593,0.102757,0.138795,0.100000,-1.046000,0.000000,0.580000,cyclist,crossing,distracted,0.936094,1.000000,0.625000,1.420016,0.820016,0.000000,0.000000,0.000000,0.000000,0.000000,0.000000,0.000000,0.820016,0.820016,0.820016,0.820016,0.000000,horizon_mpc_secbf,4,0.485191,true,osqp,optimal,50,2.225095,0,-0.043758,geometric,false,0.749967,-0.006993,0.735590,0.123806,,,0.745936,0.021049,1.019908,3.056270
crossing,context_ext,Standard MPC-CBF,14,1.400,-0.982578,-0.209124,0.735590,0.123806,0.166746,0.100000,-0.988000,0.000000,0.580000,cyclist,crossing,distracted,0.849591,1.000000,0.625000,1.333651,0.733651,0.000000,0.000000,0.000000,0.000000,0.000000,0.000000,0.000000,0.733651,0.733651,0.733651,0.733651,0.000000,horizon_mpc_secbf,4,0.405210,true,osqp,optimal,50,2.471702,0,-0.117734,geometric,false,0.749930,-0.010278,0.734717,0.143396,,,0.748579,0.019609,1.094766,2.982858
crossing,context_ext,Standard MPC-CBF,15,1.500,-0.909107,-0.194784,0.734717,0.143396,0.192749,0.100000,-0.930000,0.000000,0.580000,cyclist,crossing,distracted,0.762155,1.000000,0.625000,1.248534,0.648534,0.000000,0.000000,0.000000,0.000000,0.000000,0.000000,0.000000,0.648534,0.648534,0.648534,0.648534,0.000000,horizon_mpc_secbf,4,0.326672,true,osqp,optimal,50,2.153557,0,-0.187789,geometric,false,0.749865,-0.014233,0.729497,0.161023,,,0.747057,0.018384,1.169472,2.909630
crossing,context_ext,Standard MPC-CBF,16,1.600,-0.836157,-0.178682,0.729497,0.161023,0.217249,0.100000,-0.872000,0.000000,0.580000,cyclist,crossing,distracted,0.676096,1.000000,0.625000,1.164938,0.564938,0.000000,0.000000,0.000000,0.000000,0.000000,0.000000,0.000000,0.564938,0.564938,0.564938,0.564938,0.000000,horizon_mpc_secbf,4,0.249567,true,osqp,optimal,50,2.103455,0,-0.255907,geometric,false,0.749763,-0.018854,0.722917,0.176911,,,0.744249,0.017197,1.243897,2.837053
crossing,context_ext,Standard MPC-CBF,17,1.700,-0.763865,-0.160991,0.722917,0.176911,0.240002,0.100000,-0.814000,0.000000,0.580000,cyclist,crossing,distracted,0.589081,1.000000,0.625000,1.082905,0.482905,0.000000,0.000000,0.000000,0.000000,0.000000,0.000000,0.000000,0.482905,0.482905,0.482905,0.482905,0.000000,horizon_mpc_secbf,4,0.173890,true,osqp,optimal,50,2.404629,0,-0.323136,geometric,false,0.749611,-0.024141,0.716829,0.191609,,,0.741996,0.015909,1.318097,2.765298
crossing,context_ext,Standard MPC-CBF,18,1.800,-0.692182,-0.141830,0.716829,0.191609,0.261195,0.100000,-0.756000,0.000000,0.580000,cyclist,crossing,distracted,0.500166,1.000000,0.625000,1.002376,0.402376,0.000000,0.000000,0.000000,0.000000,0.000000,0.000000,0.000000,0.402376,0.402376,0.402376,0.402376,0.000000,horizon_mpc_secbf,4,0.099681,true,osqp,optimal,50,2.936694,0,-0.389459,geometric,false,0.749395,-0.030110,0.711255,0.205067,,,0.740227,0.014566,1.392119,2.694354
crossing,context_ext,Standard MPC-CBF,19,1.900,-0.621057,-0.121323,0.711255,0.205067,0.280704,0.100000,-0.698000,0.000000,0.580000,cyclist,crossing,distracted,0.409426,1.000000,0.625000,0.923298,0.323298,0.000000,0.000000,0.000000,0.000000,0.000000,0.000000,0.000000,0.323298,0.323298,0.323298,0.323298,0.000000,horizon_mpc_secbf,4,0.027043,true,osqp,optimal,50,2.171043,0,-0.454780,geometric,false,0.749098,-0.036776,0.706205,0.217259,,,0.738868,0.013197,1.466006,2.624213
crossing,context_ext,Standard MPC-CBF,20,2.000,-0.550436,-0.099597,0.706205,0.217259,0.298454,0.100000,-0.640000,0.000000,0.580000,cyclist,crossing,distracted,0.316952,1.000000,0.625000,0.845637,0.245637,0.000000,0.000000,0.000000,0.000000,0.000000,0.000000,0.000000,0.245637,0.245637,0.245637,0.245637,0.000120,horizon_mpc_secbf,4,-0.000120,true,osqp,optimal,50,2.312975,0,-0.425404,geometric,false,0.748699,-0.044152,0.644965,0.306037,,,0.713890,0.107851,1.537395,2.554867
crossing,context_ext,Standard MPC-CBF,21,2.100,-0.485940,-0.068994,0.644965,0.306037,0.443042,0.100000,-0.582000,0.000000,0.580000,cyclist,crossing,distracted,0.268551,1.000000,0.625000,0.778782,0.178782,0.000000,0.000000,0.000000,0.000000,0.000000,0.000000,0.000000,0.178782,0.178782,0.178782,0.178782,0.000273,horizon_mpc_secbf,4,-0.000273,true,osqp,optimal,50,2.369612,0,-0.340579,geometric,false,0.748020,-0.054465,0.558961,0.429585,,,0.704969,0.150535,1.607892,2.492521
crossing,context_ext,Standard MPC-CBF,22,2.200,-0.430044,-0.026035,0.558961,0.429585,0.655263,0.100000,-0.524000,0.000000,0.580000,cyclist,crossing,distracted,0.249359,1.000000,0.625000,0.727266,0.127266,0.000000,0.000000,0.000000,0.000000,0.000000,0.000000,0.000000,0.127266,0.127266,0.127266,0.127266,0.000390,horizon_mpc_secbf,4,-0.000329,true,osqp,optimal,50,2.616494,0,-0.267715,geometric,false,0.746835,-0.068832,0.502664,0.537616,,,0.736004,0.121820,1.681492,2.440343
crossing,context_ext,Standard MPC-CBF,23,2.300,-0.379777,0.027727,0.502664,0.537616,0.818984,0.100000,-0.466000,0.000000,0.580000,cyclist,crossing,distracted,0.232311,1.000000,0.625000,0.688442,0.088442,0.000000,0.000000,0.000000,0.000000,0.000000,0.000000,0.000000,0.088442,0.088442,0.088442,0.088442,0.000523,horizon_mpc_secbf,4,0.000352,true,osqp,optimal,475,3.007238,0,-0.184616,geometric,false,0.744944,-0.086937,0.426909,0.613372,,,0.747313,0.107135,1.756224,2.395928
crossing,context_ext,Standard MPC-CBF,24,2.400,-0.337086,0.089064,0.426909,0.613372,0.962758,0.100000,-0.408000,0.000000,0.580000,cyclist,crossing,distracted,0.241015,1.000000,0.625000,0.661904,0.061904,0.000000,0.000000,0.000000,0.000000,0.000000,0.000000,0.000000,0.061904,0.061904,0.061904,0.061904,0.000687,horizon_mpc_secbf,4,0.003171,true,osqp,optimal,125,3.382245,0,-0.140782,geometric,false,0.742229,-0.107682,0.376494,0.640248,,,0.742742,0.057131,1.830498,2.361554
crossing,context_ext,Standard MPC-CBF,25,2.500,-0.299437,0.153089,0.376494,0.640248,1.039215,0.100000,-0.350000,0.000000,0.580000,cyclist,crossing,distracted,0.226707,1.000000,0.625000,0.642377,0.042377,0.000000,0.000000,0.000000,0.000000,0.000000,0.000000,0.000000,0.042377,0.042377,0.042377,0.042377,0.000870,horizon_mpc_secbf,4,0.008297,true,osqp,optimal,125,2.352553,0,-0.093289,geometric,false,0.738735,-0.129499,0.323250,0.662313,,,0.736987,0.057635,1.904196,2.334500
crossing,context_ext,Standard MPC-CBF,26,2.600,-0.267112,0.219320,0.323250,0.662313,1.116744,0.100000,-0.292000,0.000000,0.580000,cyclist,crossing,distracted,0.242145,1.000000,0.625000,0.629459,0.029459,0.000000,0.000000,0.000000,0.000000,0.000000,0.000000,0.000000,0.029459,0.029459,0.029459,0.029459,0.001080,horizon_mpc_secbf,4,0.015113,true,osqp,optimal,175,2.343164,0,-0.050363,geometric,false,0.734428,-0.152036,0.278926,0.680665,,,0.735598,0.047973,1.977756,2.315180
crossing,context_ext,Standard MPC-CBF,27,2.700,-0.239219,0.287386,0.278926,0.680665,1.181884,0.100000,-0.234000,0.000000,0.580000,cyclist,crossing,distracted,0.325156,1.000000,0.625000,0.622024,0.022024,0.000000,0.000000,0.000000,0.000000,0.000000,0.000000,0.000000,0.022024,0.022024,0.022024,0.022024,0.001321,horizon_mpc_secbf,4,0.018163,true,osqp,optimal,150,2.328389,0,-0.014204,geometric,false,0.729292,-0.175022,0.245108,0.694673,,,0.736647,0.036604,2.051421,2.302800
crossing,context_ext,Standard MPC-CBF,28,2.800,-0.214709,0.356854,0.245108,0.694673,1.231594,0.100000,-0.176000,0.000000,0.580000,cyclist,crossing,distracted,0.727522,1.000000,0.625000,0.618849,0.018849,0.000000,0.000000,0.000000,0.000000,0.000000,0.000000,0.000000,0.018849,0.018849,0.018849,0.018849,0.001603,horizon_mpc_secbf,4,0.018964,true,osqp,optimal,400,2.695498,0,0.016434,geometric,false,0.723337,-0.198202,0.219807,0.705153,,,0.738617,0.027386,2.125283,2.296346
crossing,context_ext,Standard MPC-CBF,29,2.900,-0.192728,0.427369,0.219807,0.705153,1.268627,0.100000,-0.118000,0.000000,0.580000,cyclist,crossing,distracted,,0.000000,0.625000,0.618964,0.018964,0.000000,0.000000,0.000000,0.000000,0.000000,0.000000,0.000000,0.018964,0.018964,0.018964,0.018964,0.005318,horizon_mpc_secbf,4,0.020253,true,osqp,optimal,1575,5.343495,0,0.032066,geometric,false,0.716587,-0.221365,0.218056,0.705875,,,0.738788,0.001894,2.199162,2.294969
crossing,context_ext,Standard MPC-CBF,30,3.000,-0.170922,0.497957,0.218056,0.705875,1.271180,0.100000,-0.060000,0.000000,0.580000,cyclist,crossing,distracted,,0.000000,0.625000,0.620253,0.020253,0.000000,0.000000,0.000000,0.000000,0.000000,0.000000,0.000000,0.020253,0.020253,0.020253,0.020253,0.008605,horizon_mpc_secbf,4,0.020846,true,osqp,optimal,2275,5.208736,0,0.029038,geometric,false,0.709094,-0.244307,0.240058,0.696761,,,0.736956,0.023815,2.272857,2.296158
crossing,context_ext,Standard MPC-CBF,31,3.100,-0.146917,0.567633,0.240058,0.696761,1.239000,0.100000,-0.002000,0.000000,0.580000,cyclist,crossing,distracted,,0.000000,0.625000,0.620846,0.020846,0.000000,0.000000,0.000000,0.000000,0.000000,0.000000,0.000000,0.020846,0.020846,0.020846,0.020846,0.011904,horizon_mpc_secbf,4,0.020958,true,osqp,optimal,2475,5.337011,0,0.027412,geometric,false,0.700892,-0.266928,0.261908,0.687711,,,0.735895,0.023650,2.346447,2.297341
crossing,context_ext,Standard MPC-CBF,32,3.200,-0.120726,0.636404,0.261908,0.687711,1.206915,0.100000,0.056000,0.000000,0.580000,cyclist,crossing,distracted,,0.000000,0.625000,0.620958,0.020958,0.000000,0.000000,0.000000,0.000000,0.000000,0.000000,0.000000,0.020958,0.020958,0.020958,0.020958,0.014864,horizon_mpc_secbf,4,0.020825,true,osqp,optimal,2525,6.466059,0,0.027236,geometric,false,0.691987,-0.289231,0.283675,0.678694,,,0.735593,0.023561,2.420006,2.298519
crossing,context_ext,Standard MPC-CBF,33,3.300,-0.092358,0.704273,0.283675,0.678694,1.174894,0.100000,0.114000,0.000000,0.580000,cyclist,crossing,distracted,,0.000000,0.625000,0.620825,0.020825,0.000000,0.000000,0.000000,0.000000,0.000000,0.000000,0.000000,0.020825,0.020825,0.020825,0.020825,0.017092,horizon_mpc_secbf,4,0.020705,true,osqp,optimal,2900,5.910114,0,0.028554,geometric,false,0.682381,-0.311217,0.305427,0.669685,,,0.736045,0.023544,2.493611,2.299696
crossing,context_ext,Standard MPC-CBF,34,3.400,-0.061816,0.771242,0.305427,0.669685,1.142902,0.100000,0.172000,0.000000,0.580000,cyclist,crossing,distracted,,0.000000,0.625000,0.620705,0.020705,0.000000,0.000000,0.000000,0.000000,0.000000,0.000000,0.000000,0.020705,0.020705,0.020705,0.020705,0.018146,horizon_mpc_secbf,4,0.020876,true,osqp,optimal,1675,4.295149,0,0.031408,geometric,false,0.672076,-0.332887,0.327229,0.660654,,,0.737253,0.023599,2.567336,2.300873
crossing,context_ext,Standard MPC-CBF,35,3.500,-0.029093,0.837307,0.327229,0.660654,1.110906,0.100000,0.230000,0.000000,0.580000,cyclist,crossing,distracted,,0.000000,0.625000,0.620876,0.020876,0.000000,0.000000,0.000000,0.000000,0.000000,0.000000,0.000000,0.020876,0.020876,0.020876,0.020876,0.016461,horizon_mpc_secbf,4,0.017725,true,osqp,optimal,2125,5.632060,0,-0.006649,geometric,false,0.661070,-0.354240,0.416676,0.623603,,,0.750000,0.096816,2.642336,2.302054
crossing,context_ext,Standard MPC-CBF,36,3.600,0.012575,0.899667,0.416676,0.623603,0.981750,0.100000,0.288000,0.000000,0.580000,cyclist,crossing,distracted,1.132481,1.000000,0.625000,0.617884,0.017884,0.000000,0.000000,0.000000,0.000000,0.000000,0.000000,0.000000,0.017884,0.017884,0.017884,0.017884,0.015867,horizon_mpc_secbf,4,0.017725,true,osqp,optimal,1800,5.384784,0,0.017959,geometric,false,0.649204,-0.375545,0.416676,0.623603,,,0.750000,0.000000,2.717336,2.295995
crossing,context_ext,Standard MPC-CBF,37,3.700,0.054243,0.962028,0.416676,0.623603,0.981750,0.100000,0.346000,0.000000,0.580000,cyclist,crossing,distracted,,0.000000,0.625000,0.617725,0.017725,0.000000,0.000000,0.000000,0.000000,0.000000,0.000000,0.000000,0.017725,0.017725,0.017725,0.017725,0.012243,horizon_mpc_secbf,4,0.020401,true,osqp,optimal,1375,5.666681,0,0.042585,geometric,false,0.636597,-0.396541,0.416677,0.623602,,,0.750000,0.000001,2.792336,2.292375
crossing,context_ext,Standard MPC-CBF,38,3.800,0.095910,1.024388,0.416677,0.623602,0.981748,0.100000,0.404000,0.000000,0.580000,cyclist,crossing,distracted,,0.000000,0.625000,0.620401,0.020401,0.000000,0.000000,0.000000,0.000000,0.000000,0.000000,0.000000,0.020401,0.020401,0.020401,0.020401,0.007395,horizon_mpc_secbf,4,0.022215,true,osqp,optimal,675,4.558534,0,0.029210,geometric,false,0.623282,-0.417156,0.455862,0.584419,,,0.741185,0.055415,2.866454,2.291205
crossing,context_ext,Standard MPC-CBF,39,3.900,0.141497,1.082830,0.455862,0.584419,0.908354,0.100000,0.462000,0.000000,0.580000,cyclist,crossing,distracted,,0.000000,0.625000,0.622215,0.022215,0.000000,0.000000,0.000000,0.000000,0.000000,0.000000,0.000000,0.022215,0.022215,0.022215,0.022215,0.001327,horizon_mpc_secbf,4,0.009924,true,osqp,optimal,500,3.002410,0,-0.097876,geometric,false,0.609473,-0.437085,0.623636,0.416627,,,0.750000,0.237281,2.941454,2.287022
crossing,context_ext,Standard MPC-CBF,40,4.000,0.203860,1.124492,0.623636,0.416627,0.588968,0.100000,0.520000,0.000000,0.580000,cyclist,crossing,distracted,0.240923,1.000000,0.625000,0.613350,0.013350,0.000000,0.000000,0.000000,0.000000,0.000000,0.000000,0.000000,0.013350,0.013350,0.013350,0.013350,0.001187,horizon_mpc_secbf,4,0.003314,true,osqp,optimal,375,2.853024,0,-0.112455,geometric,false,0.595613,-0.455791,0.656011,0.338435,,,0.738166,0.084629,3.015271,2.261714
crossing,context_ext,Standard MPC-CBF,41,4.100,0.269461,1.158336,0.656011,0.338435,0.476286,0.100000,0.578000,0.000000,0.580000,cyclist,crossing,distracted,0.095242,1.000000,0.625000,0.604572,0.004572,0.000000,0.000000,0.000000,0.000000,0.000000,0.000000,0.000000,0.004572,0.004572,0.004572,0.004572,0.000546,horizon_mpc_secbf,4,0.000486,true,osqp,optimal,425,2.775728,0,-0.079934,geometric,false,0.581711,-0.473405,0.674205,0.294525,,,0.735729,0.047531,3.088844,2.231182
crossing,context_ext,Standard MPC-CBF,42,4.200,0.336882,1.187789,0.674205,0.294525,0.411863,0.100000,0.636000,0.000000,0.580000,cyclist,crossing,distracted,,0.000000,0.625000,0.600486,0.000486,0.000000,0.000000,0.000000,0.000000,0.000000,0.000000,0.000000,0.000486,0.000486,0.000486,0.000486,0.000440,horizon_mpc_secbf,4,0.000040,true,osqp,optimal,225,3.486276,0,-0.056383,geometric,false,0.567371,-0.490500,0.707609,0.213859,,,0.739220,0.087309,3.162766,2.198454
crossing,context_ext,Standard MPC-CBF,43,4.300,0.407643,1.209174,0.707609,0.213859,0.293499,0.100000,0.694000,0.000000,0.580000,cyclist,crossing,distracted,,0.000000,0.625000,0.600040,0.000040,0.000000,0.000000,0.000000,0.000000,0.000000,0.000000,0.000000,0.000040,0.000040,0.000040,0.000040,0.000316,horizon_mpc_secbf,4,-0.000066,true,osqp,optimal,200,2.728777,1,-0.068259,geometric,false,0.552950,-0.506702,0.735589,0.060815,,,0.738099,0.155580,3.236576,2.159813
crossing,context_ext,Standard MPC-CBF,44,4.400,0.481202,1.215256,0.735589,0.060815,0.082487,0.100000,0.752000,0.000000,0.580000,cyclist,crossing,distracted,,0.000000,0.625000,0.599934,-0.000066,0.000000,0.000000,0.000000,0.000000,0.000000,0.000000,0.000000,-0.000066,-0.000066,-0.000066,-0.000066,0.000122,horizon_mpc_secbf,4,-0.000088,true,osqp,optimal,125,2.329802,1,-0.088451,geometric,false,0.539759,-0.520731,0.735595,-0.139923,,,0.748784,0.200738,3.311454,2.110385
crossing,context_ext,Standard MPC-CBF,45,4.500,0.554761,1.201264,0.735595,-0.139923,-0.187972,0.100000,0.810000,0.000000,0.580000,cyclist,crossing,distracted,,0.000000,0.625000,0.599912,-0.000088,0.000000,0.000000,0.000000,0.000000,0.000000,0.000000,0.000000,-0.000088,-0.000088,-0.000088,-0.000088,0.000000,horizon_mpc_secbf,4,0.008773,true,osqp,optimal,50,2.539044,1,-0.007394,geometric,false,0.529226,-0.531432,0.696486,-0.240721,,,0.736912,0.108119,3.385145,2.048141
crossing,context_ext,Standard MPC-CBF,46,4.600,0.624410,1.177191,0.696486,-0.240721,-0.332769,0.100000,0.868000,0.000000,0.580000,cyclist,crossing,distracted,,0.000000,0.625000,0.608773,0.008773,0.000000,0.000000,0.000000,0.000000,0.000000,0.000000,0.000000,0.008773,0.008773,0.008773,0.008773,0.000000,horizon_mpc_secbf,4,0.033588,true,osqp,optimal,50,2.058441,0,0.163875,geometric,false,0.520478,-0.540002,0.683061,-0.273133,,,0.735645,0.035083,3.458710,1.982202
crossing,context_ext,Standard MPC-CBF,47,4.700,0.692716,1.149878,0.683061,-0.273133,-0.380392,0.100000,0.926000,0.000000,0.580000,cyclist,crossing,distracted,,0.000000,0.625000,0.633588,0.033588,0.000000,0.000000,0.000000,0.000000,0.000000,0.000000,0.000000,0.033588,0.033588,0.033588,0.033588,0.000000,horizon_mpc_secbf,4,0.073979,true,osqp,optimal,50,2.499640,0,0.353988,geometric,false,0.511892,-0.548149,0.673476,-0.296272,,,0.735763,0.025045,3.532286,1.915372
crossing,context_ext,Standard MPC-CBF,48,4.800,0.760063,1.120251,0.673476,-0.296272,-0.414435,0.100000,0.984000,0.000000,0.580000,cyclist,crossing,distracted,,0.000000,0.625000,0.673979,0.073979,0.000000,0.000000,0.000000,0.000000,0.000000,0.000000,0.000000,0.073979,0.073979,0.073979,0.073979,0.000000,horizon_mpc_secbf,4,0.127891,true,osqp,optimal,50,2.490383,0,0.541885,geometric,false,0.503226,-0.556114,0.663582,-0.320159,,,0.736779,0.025855,3.605964,1.847980
crossing,context_ext,Standard MPC-CBF,49,4.900,0.826422,1.088235,0.663582,-0.320159,-0.449526,0.100000,1.042000,0.000000,0.580000,cyclist,crossing,distracted,,0.000000,0.625000,0.727891,0.127891,0.000000,0.000000,0.000000,0.000000,0.000000,0.000000,0.000000,0.127891,0.127891,0.127891,0.127891,0.000000,horizon_mpc_secbf,4,0.193061,true,osqp,optimal,50,3.006686,0,0.720571,geometric,false,0.494504,-0.563884,0.652825,-0.346130,,,0.738909,0.028111,3.679855,1.779932
crossing,context_ext,Standard MPC-CBF,50,5.000,0.891704,1.053622,0.652825,-0.346130,-0.487518,0.100000,1.100000,0.000000,0.580000,cyclist,crossing,distracted,,0.000000,0.625000,0.793061,0.193061,0.000000,0.000000,0.000000,0.000000,0.000000,0.000000,0.000000,0.193061,0.193061,0.193061,0.193061,0.000000,horizon_mpc_secbf,4,0.267496,true,osqp,optimal,50,2.760256,0,0.889029,geometric,false,0.485792,-0.571407,0.641275,-0.374014,,,0.742374,0.030181,3.754093,1.711067
crossing,context_ext,Standard MPC-CBF,51,5.100,0.955832,1.016221,0.641275,-0.374014,-0.528001,0.100000,1.158000,0.000000,0.580000,cyclist,crossing,distracted,,0.000000,0.625000,0.867496,0.267496,0.000000,0.000000,0.000000,0.000000,0.000000,0.000000,0.000000,0.267496,0.267496,0.267496,0.267496,0.000000,horizon_mpc_secbf,4,0.349602,true,osqp,optimal,50,2.495626,0,1.048865,geometric,false,0.477161,-0.578634,0.629108,-0.403386,,,0.747327,0.031792,3.828825,1.641220
crossing,context_ext,Standard MPC-CBF,52,5.200,1.018742,0.975882,0.629108,-0.403386,-0.570166,0.100000,1.216000,0.000000,0.580000,cyclist,crossing,distracted,,0.000000,0.625000,0.949602,0.349602,0.000000,0.000000,0.000000,0.000000,0.000000,0.000000,0.000000,0.349602,0.349602,0.349602,0.349602,0.000000,horizon_mpc_secbf,4,0.437439,true,osqp,optimal,50,2.208395,0,1.195266,geometric,false,0.468682,-0.585523,0.610037,-0.430243,,,0.746495,0.032939,3.903475,1.570240
crossing,context_ext,Standard MPC-CBF,53,5.300,1.079746,0.932858,0.610037,-0.430243,-0.614256,0.100000,1.274000,0.000000,0.580000,cyclist,crossing,distracted,,0.000000,0.625000,1.037439,0.437439,0.000000,0.000000,0.000000,0.000000,0.000000,0.000000,0.000000,0.437439,0.437439,0.437439,0.437439,0.000000,horizon_mpc_secbf,4,0.529501,true,osqp,optimal,50,2.173486,0,1.330787,geometric,false,0.460534,-0.591953,0.585728,-0.454552,,,0.741414,0.034378,3.977616,1.498673
crossing,context_ext,Standard MPC-CBF,54,5.400,1.138319,0.887403,0.585728,-0.454552,-0.659963,0.100000,1.332000,0.000000,0.580000,cyclist,crossing,distracted,,0.000000,0.625000,1.129501,0.529501,0.000000,0.000000,0.000000,0.000000,0.000000,0.000000,0.000000,0.529501,0.529501,0.529501,0.529501,0.000000,horizon_mpc_secbf,4,0.625076,true,osqp,optimal,50,2.673035,0,1.462073,geometric,false,0.452897,-0.597816,0.560816,-0.479464,,,0.737835,0.035231,4.051400,1.426947
crossing,context_ext,Standard MPC-CBF,55,5.500,1.194401,0.839456,0.560816,-0.479464,-0.707355,0.100000,1.390000,0.000000,0.580000,cyclist,crossing,distracted,,0.000000,0.625000,1.225076,0.625076,0.000000,0.000000,0.000000,0.000000,0.000000,0.000000,0.000000,0.625076,0.625076,0.625076,0.625076,0.000000,horizon_mpc_secbf,4,0.723674,true,osqp,optimal,50,3.089128,0,1.591014,geometric,false,0.445918,-0.603040,0.535642,-0.504638,,,0.735916,0.035602,4.124991,1.354956
crossing,context_ext,Standard MPC-CBF,56,5.600,1.247965,0.788992,0.535642,-0.504638,-0.755604,0.100000,1.448000,0.000000,0.580000,cyclist,crossing,distracted,,0.000000,0.625000,1.323674,0.723674,0.000000,0.000000,0.000000,0.000000,0.000000,0.000000,0.000000,0.723674,0.723674,0.723674,0.723674,0.000000,horizon_mpc_secbf,4,0.824960,true,osqp,optimal,50,2.250011,0,1.718916,geometric,false,0.439752,-0.607551,0.510473,-0.529807,,,0.735716,0.035594,4.198563,1.282600
crossing,context_ext,Standard MPC-CBF,57,5.700,1.299012,0.736012,0.510473,-0.529807,-0.803981,0.100000,1.506000,0.000000,0.580000,cyclist,crossing,distracted,,0.000000,0.625000,1.424960,0.824960,0.000000,0.000000,0.000000,0.000000,0.000000,0.000000,0.000000,0.824960,0.824960,0.824960,0.824960,0.000000,horizon_mpc_secbf,4,0.928703,true,osqp,optimal,50,2.294799,0,1.846698,geometric,false,0.434570,-0.611268,0.485612,-0.554668,,,0.737208,0.035159,4.272283,1.209795
crossing,context_ext,Standard MPC-CBF,58,5.800,1.347573,0.680545,0.485612,-0.554668,-0.851682,0.100000,1.564000,0.000000,0.580000,cyclist,crossing,distracted,,0.000000,0.625000,1.528703,0.928703,0.000000,0.000000,0.000000,0.000000,0.000000,0.000000,0.000000,0.928703,0.928703,0.928703,0.928703,0.000000,horizon_mpc_secbf,4,1.034744,true,osqp,optimal,50,2.235304,0,1.975016,geometric,false,0.430560,-0.614100,0.461546,-0.578734,,,0.740242,0.034035,4.346308,1.136475
crossing,context_ext,Standard MPC-CBF,59,5.900,1.393728,0.622672,0.461546,-0.578734,-0.897576,0.100000,1.622000,0.000000,0.580000,cyclist,crossing,distracted,,0.000000,0.625000,1.634744,1.034744,0.000000,0.000000,0.000000,0.000000,0.000000,0.000000,0.000000,1.034744,1.034744,1.034744,1.034744,0.000000,horizon_mpc_secbf,4,1.142983,true,osqp,optimal,50,2.846651,0,2.104428,geometric,false,0.427916,-0.615945,0.439769,-0.600511,,,0.744319,0.030797,4.420740,1.062601
crossing,context_ext,Standard MPC-CBF,60,6.000,1.437705,0.562620,0.439769,-0.600511,-0.938704,0.100000,1.680000,0.000000,0.580000,cyclist,crossing,distracted,,0.000000,0.625000,1.742983,1.142983,0.000000,0.000000,0.000000,0.000000,0.000000,0.000000,0.000000,1.142983,1.142983,1.142983,1.142983,0.000000,horizon_mpc_secbf,4,1.253370,true,osqp,optimal,50,2.851150,0,2.235760,geometric,false,0.426760,-0.616746,0.427655,-0.612625,,,0.747127,0.017131,4.495452,0.988194
crossing,context_ext,Standard MPC-CBF,61,6.100,1.480470,0.501358,0.427655,-0.612625,-0.961366,0.100000,1.738000,0.000000,0.580000,cyclist,crossing,distracted,,0.000000,0.625000,1.853370,1.253370,0.000000,0.000000,0.000000,0.000000,0.000000,0.000000,0.000000,1.253370,1.253370,1.253370,1.253370,0.000000,horizon_mpc_secbf,4,1.365718,true,osqp,optimal,50,3.078723,0,2.367500,geometric,false,0.426552,-0.616890,0.425431,-0.614849,,,0.747684,0.003145,4.570221,0.913482
crossing,context_ext,Standard MPC-CBF,62,6.200,1.523013,0.439873,0.425431,-0.614849,-0.965508,0.100000,1.796000,0.000000,0.580000,cyclist,crossing,distracted,,0.000000,0.625000,1.965718,1.365718,0.000000,0.000000,0.000000,0.000000,0.000000,0.000000,0.000000,1.365718,1.365718,1.365718,1.365718,0.000000,horizon_mpc_secbf,4,1.479732,true,osqp,optimal,50,2.432991,0,2.497994,geometric,false,0.426534,-0.616903,0.425037,-0.615243,,,0.747784,0.000557,4.644999,0.838714
crossing,context_ext,Standard MPC-CBF,63,6.300,1.565517,0.378349,0.425037,-0.615243,-0.966241,0.100000,1.854000,0.000000,0.580000,cyclist,crossing,distracted,,0.000000,0.625000,2.079732,1.479732,0.000000,0.000000,0.000000,0.000000,0.000000,0.000000,0.000000,1.479732,1.479732,1.479732,1.479732,0.000000,horizon_mpc_secbf,4,1.595157,true,osqp,optimal,50,2.178205,0,2.627313,geometric,false,0.426557,-0.616887,0.424986,-0.615294,,,0.747797,0.000073,4.719779,0.763936
crossing,context_ext,Standard MPC-CBF,64,6.400,1.608016,0.316819,0.424986,-0.615294,-0.966337,0.100000,1.912000,0.000000,0.580000,cyclist,crossing,distracted,,0.000000,0.625000,2.195157,1.595157,0.000000,0.000000,0.000000,0.000000,0.000000,0.000000,0.000000,1.595157,1.595157,1.595157,1.595157,0.000000,horizon_mpc_secbf,4,1.711780,true,osqp,optimal,50,2.180570,0,2.755709,geometric,false,0.426592,-0.616863,0.425001,-0.615279,,,0.747793,0.000022,4.794558,0.689156
crossing,context_ext,Standard MPC-CBF,65,6.500,1.650516,0.255292,0.425001,-0.615279,-0.966308,0.100000,1.970000,0.000000,0.580000,cyclist,crossing,distracted,,0.000000,0.625000,2.311780,1.711780,0.000000,0.000000,0.000000,0.000000,0.000000,0.000000,0.000000,1.711780,1.711780,1.711780,1.711780,0.000000,horizon_mpc_secbf,4,1.829428,true,osqp,optimal,50,2.312158,0,2.883397,geometric,false,0.426633,-0.616834,0.425033,-0.615247,,,0.747785,0.000044,4.869336,0.614377
crossing,context_ext,Standard MPC-CBF,66,6.600,1.693019,0.193767,0.425033,-0.615247,-0.966250,0.100000,2.028000,0.000000,0.580000,cyclist,crossing,distracted,,0.000000,0.625000,2.429428,1.829428,0.000000,0.000000,0.000000,0.000000,0.000000,0.000000,0.000000,1.829428,1.829428,1.829428,1.829428,0.000000,horizon_mpc_secbf,4,1.947960,true,osqp,optimal,50,2.406911,0,3.010545,geometric,false,0.426680,-0.616802,0.425071,-0.615209,,,0.747775,0.000054,4.944114,0.539598
crossing,context_ext,Standard MPC-CBF,67,6.700,1.735526,0.132246,0.425071,-0.615209,-0.966178,0.100000,2.086000,0.000000,0.580000,cyclist,crossing,distracted,,0.000000,0.625000,2.547960,1.947960,0.000000,0.000000,0.000000,0.000000,0.000000,0.000000,0.000000,1.947960,1.947960,1.947960,1.947960,0.000000,horizon_mpc_secbf,4,2.067257,true,osqp,optimal,50,3.156552,0,3.137282,geometric,false,0.426735,-0.616763,0.425116,-0.615164,,,0.747763,0.000064,5.018890,0.464821
crossing,context_ext,Standard MPC-CBF,68,6.800,1.778038,0.070730,0.425116,-0.615164,-0.966094,0.100000,2.144000,0.000000,0.580000,cyclist,crossing,distracted,,0.000000,0.625000,2.667257,2.067257,0.000000,0.000000,0.000000,0.000000,0.000000,0.000000,0.000000,2.067257,2.067257,2.067257,2.067257,0.000000,horizon_mpc_secbf,4,2.187221,true,osqp,optimal,50,2.280280,0,3.263706,geometric,false,0.426802,-0.616717,0.425171,-0.615109,,,0.747750,0.000077,5.093665,0.390044
crossing,context_ext,Standard MPC-CBF,69,6.900,1.820555,0.009219,0.425171,-0.615109,-0.965993,0.100000,2.202000,0.000000,0.580000,cyclist,crossing,distracted,,0.000000,0.625000,2.787221,2.187221,0.000000,0.000000,0.000000,0.000000,0.000000,0.000000,0.000000,2.187221,2.187221,2.187221,2.187221,0.000000,horizon_mpc_secbf,4,2.307767,true,osqp,optimal,50,2.656136,0,3.389892,geometric,false,0.426885,-0.616660,0.425239,-0.615041,,,0.747732,0.000096,5.168438,0.315269
crossing,context_ext,Standard MPC-CBF,70,7.000,1.863079,-0.052286,0.425239,-0.615041,-0.965867,0.100000,2.260000,0.000000,0.580000,cyclist,crossing,distracted,,0.000000,0.625000,2.907767,2.307767,0.000000,0.000000,0.000000,0.000000,0.000000,0.000000,0.000000,2.307767,2.307767,2.307767,2.307767,0.000000,horizon_mpc_secbf,4,2.428827,true,osqp,optimal,50,2.109535,0,3.515896,geometric,false,0.426996,-0.616583,0.425328,-0.614952,,,0.747710,0.000126,5.243209,0.240496
crossing,context_ext,Standard MPC-CBF,71,7.100,1.905612,-0.113781,0.425328,-0.614952,-0.965700,0.100000,2.318000,0.000000,0.580000,cyclist,crossing,distracted,,0.000000,0.625000,3.028827,2.428827,0.000000,0.000000,0.000000,0.000000,0.000000,0.000000,0.000000,2.428827,2.428827,2.428827,2.428827,0.000000,horizon_mpc_secbf,4,2.550338,true,osqp,optimal,50,2.059351,0,3.641757,geometric,false,0.427161,-0.616469,0.425459,-0.614821,,,0.747677,0.000185,5.317977,0.165725
crossing,context_ext,Standard MPC-CBF,72,7.200,1.948158,-0.175263,0.425459,-0.614821,-0.965457,0.100000,2.376000,0.000000,0.580000,cyclist,crossing,distracted,,0.000000,0.625000,3.150338,2.550338,0.000000,0.000000,0.000000,0.000000,0.000000,0.000000,0.000000,2.550338,2.550338,2.550338,2.550338,0.000000,horizon_mpc_secbf,4,2.672247,true,osqp,optimal,50,2.192603,0,3.767492,geometric,false,0.427473,-0.616253,0.425700,-0.614580,,,0.747616,0.000341,5.392739,0.090958
crossing,context_ext,Standard MPC-CBF,73,7.300,1.990728,-0.236721,0.425700,-0.614580,-0.965008,0.100000,2.434000,0.000000,0.580000,cyclist,crossing,distracted,,0.000000,0.625000,3.272247,2.672247,0.000000,0.000000,0.000000,0.000000,0.000000,0.000000,0.000000,2.672247,2.672247,2.672247,2.672247,0.000000,horizon_mpc_secbf,4,2.745998,true,osqp,optimal,25,2.884576,0,3.408062,geometric,false,0.092725,-0.132791,0.149854,-0.215453,,,0.262443,0.485173,5.418983,0.016196
crossing,context_ext,Standard MPC-CBF,74,7.400,2.005713,-0.258266,0.149854,-0.215453,-0.963076,0.100000,2.492000,0.000000,0.580000,cyclist,crossing,distracted,,0.000000,0.625000,3.345998,2.745998,0.000000,0.000000,0.000000,0.000000,0.000000,0.000000,0.000000,2.745998,2.745998,2.745998,2.745998,0.000000,horizon_mpc_secbf,4,2.790011,true,osqp,optimal,25,2.686494,0,3.184520,geometric,false,-0.057129,0.082662,-0.021616,0.031513,,,0.038214,0.300656,5.422804,0.010048
crossing,context_ext,Standard MPC-CBF,75,7.500,2.003551,-0.255115,-0.021616,0.031513,2.172031,0.100000,2.550000,0.000000,0.580000,cyclist,crossing,distracted,,0.000000,0.625000,3.390011,2.790011,0.000000,0.000000,0.000000,0.000000,0.000000,0.000000,0.000000,2.790011,2.790011,2.790011,2.790011,0.000000,horizon_mpc_secbf,4,2.832346,true,osqp,optimal,25,2.183020,0,3.211803,geometric,false,-0.035513,0.051149,-0.033129,0.047780,,,0.058141,0.019929,5.428618,0.006227
crossing,context_ext,Standard MPC-CBF,76,7.600,2.000238,-0.250337,-0.033129,0.047780,2.177054,0.100000,2.608000,0.000000,0.580000,cyclist,crossing,distracted,,0.000000,0.625000,3.432346,2.832346,0.000000,0.000000,0.000000,0.000000,0.000000,0.000000,0.000000,2.832346,2.832346,2.832346,2.832346,0.000000,horizon_mpc_secbf,4,2.879455,true,osqp,optimal,25,2.373791,0,3.301958,geometric,false,-0.002384,0.003369,-0.007659,0.010989,,,0.013395,0.044746,5.429958,0.000413
crossing,context_ext,Standard MPC-CBF,77,7.700,1.999473,-0.249238,-0.007659,0.010989,2.179512,0.100000,2.666000,0.000000,0.580000,cyclist,crossing,distracted,,0.000000,0.625000,3.479455,2.879455,0.000000,0.000000,0.000000,0.000000,0.000000,0.000000,0.000000,2.879455,2.879455,2.879455,2.879455,0.000000,horizon_mpc_secbf,4,2.928730,true,osqp,optimal,25,2.162590,0,3.370781,geometric,false,0.005275,-0.007620,0.003056,-0.004427,,,0.005379,0.018774,5.430496,0.000927
crossing,context_ext,Standard MPC-CBF,78,7.800,1.999778,-0.249681,0.003056,-0.004427,-0.966638,0.100000,2.724000,0.000000,0.580000,cyclist,crossing,distracted,,0.000000,0.625000,3.528730,2.928730,0.000000,0.000000,0.000000,0.000000,0.000000,0.000000,0.000000,2.928730,2.928730,2.928730,2.928730,0.000000,horizon_mpc_secbf,4,2.978157,true,osqp,optimal,25,2.066179,0,3.421640,geometric,false,0.002219,-0.003193,0.002363,-0.003404,,,0.004144,0.001235,5.430910,0.000389
crossing,context_ext,Standard MPC-CBF,79,7.900,2.000014,-0.250021,0.002363,-0.003404,-0.964111,0.100000,2.782000,0.000000,0.580000,cyclist,crossing,distracted,,0.000000,0.625000,3.578157,2.978157,0.000000,0.000000,0.000000,0.000000,0.000000,0.000000,0.000000,2.978157,2.978157,2.978157,2.978157,0.000000,horizon_mpc_secbf,4,3.027435,true,osqp,optimal,25,2.403568,0,3.469631,geometric,false,-0.000144,0.000212,0.000006,0.000005,,,0.000008,0.004144,5.430911,0.000026
crossing,context_ext,Standard MPC-CBF,80,8.000,2.000015,-0.250021,0.000006,0.000005,0.621355,0.100000,2.840000,0.000000,0.580000,cyclist,crossing,distracted,,0.000000,0.625000,3.627435,3.027435,0.000000,0.000000,0.000000,0.000000,0.000000,0.000000,0.000000,3.027435,3.027435,3.027435,3.027435,0.000000,horizon_mpc_secbf,4,3.076947,true,osqp,optimal,25,2.881341,0,3.521295,geometric,false,-0.000150,0.000207,-0.000123,0.000172,,,0.000212,0.000212,5.430932,0.000026
crossing,context_ext,Standard MPC-CBF,81,8.100,2.000003,-0.250003,-0.000123,0.000172,2.190745,0.100000,2.898000,0.000000,0.580000,cyclist,crossing,distracted,,0.000000,0.625000,3.676947,3.076947,0.000000,0.000000,0.000000,0.000000,0.000000,0.000000,0.000000,3.076947,3.076947,3.076947,3.076947,0.000000,horizon_mpc_secbf,4,3.126716,true,osqp,optimal,25,2.187002,0,3.573439,geometric,false,-0.000027,0.000035,-0.000043,0.000058,,,0.000073,0.000139,5.430939,0.000004
crossing,context_ext,Standard MPC-CBF,82,8.200,1.999998,-0.249998,-0.000043,0.000058,2.209220,0.100000,2.956000,0.000000,0.580000,cyclist,crossing,distracted,,0.000000,0.625000,3.726716,3.126716,0.000000,0.000000,0.000000,0.000000,0.000000,0.000000,0.000000,3.126716,3.126716,3.126716,3.126716,0.000000,horizon_mpc_secbf,4,3.176729,true,osqp,optimal,25,2.032708,0,3.625687,geometric,false,0.000017,-0.000024,0.000006,-0.000010,,,0.000011,0.000084,5.430941,0.000003
crossing,context_ext,Standard MPC-CBF,83,8.300,1.999999,-0.249999,0.000006,-0.000010,-0.991247,0.100000,3.014000,0.000000,0.580000,cyclist,crossing,distracted,,0.000000,0.625000,3.776729,3.176729,0.000000,0.000000,0.000000,0.000000,0.000000,0.000000,0.000000,3.176729,3.176729,3.176729,3.176729,0.000000,horizon_mpc_secbf,4,3.226968,true,osqp,optimal,25,2.049119,0,3.678004,geometric,false,0.000010,-0.000014,0.000010,-0.000013,,,0.000016,0.000005,5.430942,0.000002
crossing,context_ext,Standard MPC-CBF,84,8.400,2.000000,-0.250000,0.000010,-0.000013,-0.946435,0.100000,3.072000,0.000000,0.580000,cyclist,crossing,distracted,,0.000000,0.625000,3.826968,3.226968,0.000000,0.000000,0.000000,0.000000,0.000000,0.000000,0.000000,3.226968,3.226968,3.226968,3.226968,0.000000,horizon_mpc_secbf,4,3.277422,true,osqp,optimal,25,2.340487,0,3.730441,geometric,false,0.000001,-0.000001,0.000002,-0.000003,,,0.000004,0.000013,5.430943,0.000000
crossing,context_ext,Standard MPC-CBF,85,8.500,2.000000,-0.250000,0.000002,-0.000003,-0.922519,0.100000,3.130000,0.000000,0.580000,cyclist,crossing,distracted,,0.000000,0.625000,3.877422,3.277422,0.000000,0.000000,0.000000,0.000000,0.000000,0.000000,0.000000,3.277422,3.277422,3.277422,3.277422,0.000000,horizon_mpc_secbf,4,3.328084,true,osqp,optimal,25,2.518089,0,3.783014,geometric,false,-0.000002,0.000002,-0.000001,0.000001,,,0.000002,0.000005,5.430943,0.000000
crossing,context_ext,Standard MPC-CBF,86,8.600,2.000000,-0.250000,-0.000001,0.000001,2.175782,0.100000,3.188000,0.000000,0.580000,cyclist,crossing,distracted,,0.000000,0.625000,3.928084,3.328084,0.000000,0.000000,0.000000,0.000000,0.000000,0.000000,0.000000,3.328084,3.328084,3.328084,3.328084,0.000000,horizon_mpc_secbf,4,3.378947,true,osqp,optimal,25,2.959137,0,3.835720,geometric,false,-0.000001,0.000001,-0.000001,0.000001,,,0.000001,0.000000,5.430943,0.000000
crossing,context_ext,Standard MPC-CBF,87,8.700,2.000000,-0.250000,-0.000001,0.000001,2.199220,0.100000,3.246000,0.000000,0.580000,cyclist,crossing,distracted,,0.000000,0.625000,3.978947,3.378947,0.000000,0.000000,0.000000,0.000000,0.000000,0.000000,0.000000,3.378947,3.378947,3.378947,3.378947,0.000000,horizon_mpc_secbf,4,3.430002,true,osqp,optimal,25,2.211509,0,3.888549,geometric,false,0.000000,-0.000000,-0.000000,-0.000000,,,0.000000,0.000001,5.430943,0.000000
crossing,context_ext,Standard MPC-CBF,88,8.800,2.000000,-0.250000,-0.000000,-0.000000,-2.605926,0.100000,3.304000,0.000000,0.580000,cyclist,crossing,distracted,,0.000000,0.625000,4.030002,3.430002,0.000000,0.000000,0.000000,0.000000,0.000000,0.000000,0.000000,3.430002,3.430002,3.430002,3.430002,0.000000,horizon_mpc_secbf,4,3.481243,true,osqp,optimal,25,2.050408,0,3.941496,geometric,false,0.000000,-0.000000,0.000000,-0.000000,,,0.000000,0.000000,5.430943,0.000000
crossing,context_ext,Standard MPC-CBF,89,8.900,2.000000,-0.250000,0.000000,-0.000000,-0.856877,0.100000,3.362000,0.000000,0.580000,cyclist,crossing,distracted,,0.000000,0.625000,4.081243,3.481243,0.000000,0.000000,0.000000,0.000000,0.000000,0.000000,0.000000,3.481243,3.481243,3.481243,3.481243,0.000000,horizon_mpc_secbf,4,3.532663,true,osqp,optimal,25,2.222035,0,3.994557,geometric,false,0.000000,-0.000000,0.000000,-0.000000,,,0.000000,0.000000,5.430943,0.000000
crossing,context_ext,Standard MPC-CBF,90,9.000,2.000000,-0.250000,0.000000,-0.000000,-0.727804,0.100000,3.420000,0.000000,0.580000,cyclist,crossing,distracted,,0.000000,0.625000,4.132663,3.532663,0.000000,0.000000,0.000000,0.000000,0.000000,0.000000,0.000000,3.532663,3.532663,3.532663,3.532663,0.000000,horizon_mpc_secbf,4,3.584254,true,osqp,optimal,25,2.356210,0,4.047730,geometric,false,0.000000,0.000000,0.000000,-0.000000,,,0.000000,0.000000,5.430943,0.000000
crossing,context_ext,Standard MPC-CBF,91,9.100,2.000000,-0.250000,0.000000,-0.000000,-0.727804,0.100000,3.478000,0.000000,0.580000,cyclist,crossing,distracted,,0.000000,0.625000,4.184254,3.584254,0.000000,0.000000,0.000000,0.000000,0.000000,0.000000,0.000000,3.584254,3.584254,3.584254,3.584254,0.000000,horizon_mpc_secbf,4,3.636012,true,osqp,optimal,25,2.483873,0,4.101011,geometric,false,-0.000000,0.000000,-0.000000,0.000000,,,0.000000,0.000000,5.430943,0.000000
crossing,context_ext,Standard MPC-CBF,92,9.200,2.000000,-0.250000,-0.000000,0.000000,2.266923,0.100000,3.536000,0.000000,0.580000,cyclist,crossing,distracted,,0.000000,0.625000,4.236012,3.636012,0.000000,0.000000,0.000000,0.000000,0.000000,0.000000,0.000000,3.636012,3.636012,3.636012,3.636012,0.000000,horizon_mpc_secbf,4,3.687929,true,osqp,optimal,25,3.033800,0,4.154396,geometric,false,0.000000,0.000000,-0.000000,0.000000,,,0.000000,0.000000,5.430943,0.000000
crossing,context_ext,Standard MPC-CBF,93,9.300,2.000000,-0.250000,-0.000000,0.000000,1.583695,0.100000,3.594000,0.000000,0.580000,cyclist,crossing,distracted,,0.000000,0.625000,4.287929,3.687929,0.000000,0.000000,0.000000,0.000000,0.000000,0.000000,0.000000,3.687929,3.687929,3.687929,3.687929,0.000000,horizon_mpc_secbf,4,3.740000,true,osqp,optimal,25,2.649999,0,4.207882,geometric,false,0.000000,0.000000,-0.000000,0.000000,,,0.000000,0.000000,5.430943,0.000000
crossing,context_ext,Standard MPC-CBF,94,9.400,2.000000,-0.250000,-0.000000,0.000000,1.583695,0.100000,3.652000,0.000000,0.580000,cyclist,crossing,distracted,,0.000000,0.625000,4.340000,3.740000,0.000000,0.000000,0.000000,0.000000,0.000000,0.000000,0.000000,3.740000,3.740000,3.740000,3.740000,0.000000,horizon_mpc_secbf,4,3.792220,true,osqp,optimal,25,2.401487,0,4.261466,geometric,false,0.000000,0.000000,-0.000000,0.000000,,,0.000000,0.000000,5.430943,0.000000
crossing,context_ext,Standard MPC-CBF,95,9.500,2.000000,-0.250000,-0.000000,0.000000,1.583695,0.100000,3.710000,0.000000,0.580000,cyclist,crossing,distracted,,0.000000,0.625000,4.392220,3.792220,0.000000,0.000000,0.000000,0.000000,0.000000,0.000000,0.000000,3.792220,3.792220,3.792220,3.792220,0.000000,horizon_mpc_secbf,4,3.844584,true,osqp,optimal,25,2.146032,0,4.315145,geometric,false,0.000000,0.000000,-0.000000,0.000000,,,0.000000,0.000000,5.430943,0.000000
crossing,context_ext,Standard MPC-CBF,96,9.600,2.000000,-0.250000,-0.000000,0.000000,1.583695,0.100000,3.768000,0.000000,0.580000,cyclist,crossing,distracted,,0.000000,0.625000,4.444584,3.844584,0.000000,0.000000,0.000000,0.000000,0.000000,0.000000,0.000000,3.844584,3.844584,3.844584,3.844584,0.000000,horizon_mpc_secbf,4,3.897085,true,osqp,optimal,25,2.196917,0,4.368916,geometric,false,0.000000,0.000000,-0.000000,0.000000,,,0.000000,0.000000,5.430943,0.000000
crossing,context_ext,Standard MPC-CBF,97,9.700,2.000000,-0.250000,-0.000000,0.000000,1.583695,0.100000,3.826000,0.000000,0.580000,cyclist,crossing,distracted,,0.000000,0.625000,4.497085,3.897085,0.000000,0.000000,0.000000,0.000000,0.000000,0.000000,0.000000,3.897085,3.897085,3.897085,3.897085,0.000000,horizon_mpc_secbf,4,3.949720,true,osqp,optimal,25,2.252506,0,4.422777,geometric,false,0.000000,0.000000,-0.000000,0.000000,,,0.000000,0.000000,5.430943,0.000000
crossing,context_ext,Standard MPC-CBF,98,9.800,2.000000,-0.250000,-0.000000,0.000000,1.583695,0.100000,3.884000,0.000000,0.580000,cyclist,crossing,distracted,,0.000000,0.625000,4.549720,3.949720,0.000000,0.000000,0.000000,0.000000,0.000000,0.000000,0.000000,3.949720,3.949720,3.949720,3.949720,0.000000,horizon_mpc_secbf,4,4.002485,true,osqp,optimal,25,2.518726,0,4.476724,geometric,false,0.000000,0.000000,-0.000000,0.000000,,,0.000000,0.000000,5.430943,0.000000
crossing,context_ext,Standard MPC-CBF,99,9.900,2.000000,-0.250000,-0.000000,0.000000,1.583695,0.100000,3.942000,0.000000,0.580000,cyclist,crossing,distracted,,0.000000,0.625000,4.602485,4.002485,0.000000,0.000000,0.000000,0.000000,0.000000,0.000000,0.000000,4.002485,4.002485,4.002485,4.002485,0.000000,horizon_mpc_secbf,4,4.055373,true,osqp,optimal,25,2.675330,0,4.530756,geometric,false,0.000000,0.000000,-0.000000,0.000000,,,0.000000,0.000000,5.430943,0.000000
crossing,context_ext,Standard MPC-CBF,100,10.000,2.000000,-0.250000,-0.000000,0.000000,1.583695,0.100000,4.000000,0.000000,0.580000,cyclist,crossing,distracted,,0.000000,0.625000,4.655373,4.055373,0.000000,0.000000,0.000000,0.000000,0.000000,0.000000,0.000000,4.055373,4.055373,4.055373,4.055373,0.000000,horizon_mpc_secbf,4,4.108382,true,osqp,optimal,25,2.292423,0,4.584869,geometric,false,0.000000,0.000000,-0.000000,0.000000,,,0.000000,0.000000,5.430943,0.000000
crossing,context_ext,Standard MPC-CBF,101,10.100,2.000000,-0.250000,-0.000000,0.000000,1.583695,0.100000,4.058000,0.000000,0.580000,cyclist,crossing,distracted,,0.000000,0.625000,4.708382,4.108382,0.000000,0.000000,0.000000,0.000000,0.000000,0.000000,0.000000,4.108382,4.108382,4.108382,4.108382,0.000000,horizon_mpc_secbf,4,4.161508,true,osqp,optimal,25,2.228573,0,4.639061,geometric,false,0.000000,0.000000,-0.000000,0.000000,,,0.000000,0.000000,5.430943,0.000000
crossing,context_ext,Standard MPC-CBF,102,10.200,2.000000,-0.250000,-0.000000,0.000000,1.583695,0.100000,4.116000,0.000000,0.580000,cyclist,crossing,distracted,,0.000000,0.625000,4.761508,4.161508,0.000000,0.000000,0.000000,0.000000,0.000000,0.000000,0.000000,4.161508,4.161508,4.161508,4.161508,0.000000,horizon_mpc_secbf,4,4.214746,true,osqp,optimal,25,2.185742,0,4.693331,geometric,false,0.000000,0.000000,-0.000000,0.000000,,,0.000000,0.000000,5.430943,0.000000
crossing,context_ext,Standard MPC-CBF,103,10.300,2.000000,-0.250000,-0.000000,0.000000,1.583695,0.100000,4.174000,0.000000,0.580000,cyclist,crossing,distracted,,0.000000,0.625000,4.814746,4.214746,0.000000,0.000000,0.000000,0.000000,0.000000,0.000000,0.000000,4.214746,4.214746,4.214746,4.214746,0.000000,horizon_mpc_secbf,4,4.268092,true,osqp,optimal,25,2.057161,0,4.747675,geometric,false,0.000000,0.000000,-0.000000,0.000000,,,0.000000,0.000000,5.430943,0.000000
crossing,context_ext,Standard MPC-CBF,104,10.400,2.000000,-0.250000,-0.000000,0.000000,1.583695,0.100000,4.232000,0.000000,0.580000,cyclist,crossing,distracted,,0.000000,0.625000,4.868092,4.268092,0.000000,0.000000,0.000000,0.000000,0.000000,0.000000,0.000000,4.268092,4.268092,4.268092,4.268092,0.000000,horizon_mpc_secbf,4,4.321544,true,osqp,optimal,25,2.104023,0,4.802092,geometric,false,0.000000,0.000000,-0.000000,0.000000,,,0.000000,0.000000,5.430943,0.000000
crossing,context_ext,Standard MPC-CBF,105,10.500,2.000000,-0.250000,-0.000000,0.000000,1.583695,0.100000,4.290000,0.000000,0.580000,cyclist,crossing,distracted,,0.000000,0.625000,4.921544,4.321544,0.000000,0.000000,0.000000,0.000000,0.000000,0.000000,0.000000,4.321544,4.321544,4.321544,4.321544,0.000000,horizon_mpc_secbf,4,4.375098,true,osqp,optimal,25,2.918677,0,4.856580,geometric,false,0.000000,0.000000,0.000000,0.000000,,,0.000000,0.000000,5.430943,0.000000
crossing,context_ext,Standard MPC-CBF,106,10.600,2.000000,-0.250000,0.000000,0.000000,1.583695,0.100000,4.348000,0.000000,0.580000,cyclist,crossing,distracted,,0.000000,0.625000,4.975098,4.375098,0.000000,0.000000,0.000000,0.000000,0.000000,0.000000,0.000000,4.375098,4.375098,4.375098,4.375098,0.000000,horizon_mpc_secbf,4,4.428751,true,osqp,optimal,25,2.420806,0,4.911136,geometric,false,0.000000,0.000000,0.000000,0.000000,,,0.000000,0.000000,5.430943,0.000000
crossing,context_ext,Standard MPC-CBF,107,10.700,2.000000,-0.250000,0.000000,0.000000,1.583695,0.100000,4.406000,0.000000,0.580000,cyclist,crossing,distracted,,0.000000,0.625000,5.028751,4.428751,0.000000,0.000000,0.000000,0.000000,0.000000,0.000000,0.000000,4.428751,4.428751,4.428751,4.428751,0.000000,horizon_mpc_secbf,4,4.482499,true,osqp,optimal,25,2.339368,0,4.965759,geometric,false,0.000000,0.000000,0.000000,0.000000,,,0.000000,0.000000,5.430943,0.000000
crossing,context_ext,Standard MPC-CBF,108,10.800,2.000000,-0.250000,0.000000,0.000000,1.583695,0.100000,4.464000,0.000000,0.580000,cyclist,crossing,distracted,,0.000000,0.625000,5.082499,4.482499,0.000000,0.000000,0.000000,0.000000,0.000000,0.000000,0.000000,4.482499,4.482499,4.482499,4.482499,0.000000,horizon_mpc_secbf,4,4.536340,true,osqp,optimal,25,2.322254,0,5.020447,geometric,false,0.000000,0.000000,0.000000,0.000000,,,0.000000,0.000000,5.430943,0.000000
crossing,context_ext,Standard MPC-CBF,109,10.900,2.000000,-0.250000,0.000000,0.000000,1.583695,0.100000,4.522000,0.000000,0.580000,cyclist,crossing,distracted,,0.000000,0.625000,5.136340,4.536340,0.000000,0.000000,0.000000,0.000000,0.000000,0.000000,0.000000,4.536340,4.536340,4.536340,4.536340,0.000000,horizon_mpc_secbf,4,4.590270,true,osqp,optimal,25,2.122607,0,5.075198,geometric,false,0.000000,0.000000,0.000000,0.000000,,,0.000000,0.000000,5.430943,0.000000
crossing,context_ext,Standard MPC-CBF,110,11.000,2.000000,-0.250000,0.000000,0.000000,1.583695,0.100000,4.580000,0.000000,0.580000,cyclist,crossing,distracted,,0.000000,0.625000,5.190270,4.590270,0.000000,0.000000,0.000000,0.000000,0.000000,0.000000,0.000000,4.590270,4.590270,4.590270,4.590270,0.000000,horizon_mpc_secbf,4,4.644287,true,osqp,optimal,25,2.327771,0,5.130010,geometric,false,0.000000,0.000000,0.000000,0.000000,,,0.000000,0.000000,5.430943,0.000000
crossing,context_ext,Standard MPC-CBF,111,11.100,2.000000,-0.250000,0.000000,0.000000,1.583695,0.100000,4.638000,0.000000,0.580000,cyclist,crossing,distracted,,0.000000,0.625000,5.244287,4.644287,0.000000,0.000000,0.000000,0.000000,0.000000,0.000000,0.000000,4.644287,4.644287,4.644287,4.644287,0.000000,horizon_mpc_secbf,4,4.698388,true,osqp,optimal,25,2.383578,0,5.184883,geometric,false,0.000000,0.000000,0.000000,0.000000,,,0.000000,0.000000,5.430943,0.000000
crossing,context_ext,Standard MPC-CBF,112,11.200,2.000000,-0.250000,0.000000,0.000000,1.583695,0.100000,4.696000,0.000000,0.580000,cyclist,crossing,distracted,,0.000000,0.625000,5.298388,4.698388,0.000000,0.000000,0.000000,0.000000,0.000000,0.000000,0.000000,4.698388,4.698388,4.698388,4.698388,0.000000,horizon_mpc_secbf,4,4.752571,true,osqp,optimal,25,3.295398,0,5.239813,geometric,false,0.000000,0.000000,0.000000,0.000000,,,0.000000,0.000000,5.430943,0.000000
crossing,context_ext,Standard MPC-CBF,113,11.300,2.000000,-0.250000,0.000000,0.000000,1.583695,0.100000,4.754000,0.000000,0.580000,cyclist,crossing,distracted,,0.000000,0.625000,5.352571,4.752571,0.000000,0.000000,0.000000,0.000000,0.000000,0.000000,0.000000,4.752571,4.752571,4.752571,4.752571,0.000000,horizon_mpc_secbf,4,4.806833,true,osqp,optimal,25,2.722407,0,5.294800,geometric,false,0.000000,0.000000,0.000000,0.000000,,,0.000000,0.000000,5.430943,0.000000
crossing,context_ext,Standard MPC-CBF,114,11.400,2.000000,-0.250000,0.000000,0.000000,1.583695,0.100000,4.812000,0.000000,0.580000,cyclist,crossing,distracted,,0.000000,0.625000,5.406833,4.806833,0.000000,0.000000,0.000000,0.000000,0.000000,0.000000,0.000000,4.806833,4.806833,4.806833,4.806833,0.000000,horizon_mpc_secbf,4,4.861172,true,osqp,optimal,25,2.514914,0,5.349842,geometric,false,0.000000,0.000000,0.000000,0.000000,,,0.000000,0.000000,5.430943,0.000000
crossing,context_ext,Standard MPC-CBF,115,11.500,2.000000,-0.250000,0.000000,0.000000,1.583695,0.100000,4.870000,0.000000,0.580000,cyclist,crossing,distracted,,0.000000,0.625000,5.461172,4.861172,0.000000,0.000000,0.000000,0.000000,0.000000,0.000000,0.000000,4.861172,4.861172,4.861172,4.861172,0.000000,horizon_mpc_secbf,4,4.915586,true,osqp,optimal,25,2.292517,0,5.404938,geometric,false,0.000000,0.000000,0.000000,0.000000,,,0.000000,0.000000,5.430943,0.000000
crossing,context_ext,Standard MPC-CBF,116,11.600,2.000000,-0.250000,0.000000,0.000000,1.583695,0.100000,4.928000,0.000000,0.580000,cyclist,crossing,distracted,,0.000000,0.625000,5.515586,4.915586,0.000000,0.000000,0.000000,0.000000,0.000000,0.000000,0.000000,4.915586,4.915586,4.915586,4.915586,0.000000,horizon_mpc_secbf,4,4.970071,true,osqp,optimal,25,2.139072,0,5.460086,geometric,false,0.000000,0.000000,0.000000,0.000000,,,0.000000,0.000000,5.430943,0.000000
crossing,context_ext,Standard MPC-CBF,117,11.700,2.000000,-0.250000,0.000000,0.000000,1.583695,0.100000,4.986000,0.000000,0.580000,cyclist,crossing,distracted,,0.000000,0.625000,5.570071,4.970071,0.000000,0.000000,0.000000,0.000000,0.000000,0.000000,0.000000,4.970071,4.970071,4.970071,4.970071,0.000000,horizon_mpc_secbf,4,5.024628,true,osqp,optimal,25,2.813035,0,5.515285,geometric,false,0.000000,0.000000,0.000000,0.000000,,,0.000000,0.000000,5.430943,0.000000
crossing,context_ext,Standard MPC-CBF,118,11.800,2.000000,-0.250000,0.000000,0.000000,1.583695,0.100000,5.044000,0.000000,0.580000,cyclist,crossing,distracted,,0.000000,0.625000,5.624628,5.024628,0.000000,0.000000,0.000000,0.000000,0.000000,0.000000,0.000000,5.024628,5.024628,5.024628,5.024628,0.000000,horizon_mpc_secbf,4,5.079252,true,osqp,optimal,25,2.370494,0,5.570534,geometric,false,0.000000,0.000000,0.000000,0.000000,,,0.000000,0.000000,5.430943,0.000000
crossing,context_ext,Standard MPC-CBF,119,11.900,2.000000,-0.250000,0.000000,0.000000,1.583695,0.100000,5.102000,0.000000,0.580000,cyclist,crossing,distracted,,0.000000,0.625000,5.679252,5.079252,0.000000,0.000000,0.000000,0.000000,0.000000,0.000000,0.000000,5.079252,5.079252,5.079252,5.079252,0.000000,horizon_mpc_secbf,4,5.133943,true,osqp,optimal,25,2.365606,0,5.625831,geometric,false,0.000000,0.000000,0.000000,0.000000,,,0.000000,0.000000,5.430943,0.000000
crossing,context_ext,EESM-MPC-ECBF,0,0.000,-2.000000,-0.250000,0.000000,0.000000,0.000000,0.100000,-1.800000,0.000000,0.580000,pedestrian,walking,unknown,5.835878,1.000000,0.625000,2.610077,2.010077,0.000000,0.000000,0.000000,0.000000,0.296875,0.296875,0.000000,2.010077,1.713201,1.713201,1.713201,0.000000,horizon_mpc_secbf,4,1.348758,true,osqp,optimal,50,2.446600,0,0.869113,geometric,false,0.750000,0.000000,0.621017,-0.000000,,,0.621017,0.621017,0.062102,4.000000
crossing,context_ext,EESM-MPC-ECBF,1,0.100,-1.937898,-0.250000,0.621017,-0.000000,-0.000000,0.100000,-1.742000,0.000000,0.580000,pedestrian,walking,unknown,2.282423,1.000000,0.625000,2.525687,1.925687,0.000000,0.000000,0.000000,0.000000,0.840665,0.840665,0.000000,1.925687,1.085021,1.085021,1.085021,0.000000,horizon_mpc_secbf,4,0.711373,true,osqp,optimal,50,2.257356,0,0.156529,geometric,false,0.750000,0.000000,0.726101,-0.000000,,,0.726101,0.105085,0.134712,3.937898
crossing,context_ext,EESM-MPC-ECBF,2,0.200,-1.865288,-0.250000,0.726101,-0.000000,-0.000000,0.100000,-1.684000,0.000000,0.580000,pedestrian,walking,unknown,1.974132,1.000000,0.625000,2.432841,1.832841,0.000000,0.000000,0.000000,0.000000,0.927882,0.927882,0.000000,1.832841,0.904958,0.904958,0.904958,0.000000,horizon_mpc_secbf,4,0.530569,true,osqp,optimal,50,2.740432,0,-0.031135,geometric,false,0.750000,0.000000,0.735591,-0.000000,,,0.735591,0.009489,0.208271,3.865288
crossing,context_ext,EESM-MPC-ECBF,3,0.300,-1.791729,-0.250000,0.735591,-0.000000,-0.000000,0.100000,-1.626000,0.000000,0.580000,pedestrian,walking,unknown,1.858075,1.000000,0.625000,2.339234,1.739234,0.000000,0.000000,0.000000,0.000000,0.935570,0.935570,0.000000,1.739234,0.803664,0.803664,0.803664,0.000000,horizon_mpc_secbf,4,0.429302,true,osqp,optimal,50,2.710996,0,-0.132378,geometric,false,0.750000,0.000000,0.735592,-0.000000,,,0.735592,0.000001,0.281830,3.791729
crossing,context_ext,EESM-MPC-ECBF,4,0.400,-1.718170,-0.250000,0.735592,-0.000000,-0.000000,0.100000,-1.568000,0.000000,0.580000,pedestrian,walking,unknown,1.758189,1.000000,0.625000,2.245633,1.645633,0.000000,0.000000,0.000000,0.000000,0.935434,0.935434,0.000000,1.645633,0.710198,0.710198,0.710198,0.000000,horizon_mpc_secbf,4,0.335868,true,osqp,optimal,50,2.746603,0,-0.225783,geometric,false,0.750000,0.000000,0.735592,-0.000000,,,0.735592,0.000000,0.355389,3.718170
crossing,context_ext,EESM-MPC-ECBF,5,0.500,-1.644611,-0.250000,0.735592,-0.000000,-0.000000,0.100000,-1.510000,0.000000,0.580000,pedestrian,walking,unknown,1.658313,1.000000,0.625000,2.152038,1.552038,0.000000,0.000000,0.000000,0.000000,0.935272,0.935272,0.000000,1.552038,0.616766,0.616766,0.616766,0.000000,horizon_mpc_secbf,4,0.242904,true,osqp,optimal,50,2.216023,0,-0.319130,geometric,false,0.750000,0.000000,0.735592,0.000030,,,0.735592,0.000030,0.428948,3.644611
crossing,context_ext,EESM-MPC-ECBF,6,0.600,-1.571052,-0.249997,0.735592,0.000030,0.000041,0.100000,-1.452000,0.000000,0.580000,pedestrian,walking,unknown,1.558478,1.000000,0.625000,2.058452,1.458452,0.000000,0.000000,0.000000,0.000000,0.935060,0.935060,0.000000,1.458452,0.523392,0.523392,0.523392,0.000000,horizon_mpc_secbf,4,0.151478,true,osqp,optimal,50,2.119402,0,-0.412277,geometric,false,0.750000,-0.000001,0.735592,0.000286,,,0.735592,0.000255,0.502508,3.571052
crossing,context_ext,EESM-MPC-ECBF,7,0.700,-1.497492,-0.249968,0.735592,0.000286,0.000389,0.100000,-1.394000,0.000000,0.580000,pedestrian,walking,unknown,1.458868,1.000000,0.625000,1.964889,1.364889,0.000000,0.000000,0.000000,0.000000,0.934682,0.934682,0.000000,1.364889,0.430207,0.430207,0.430207,0.000000,horizon_mpc_secbf,4,0.061689,true,osqp,optimal,50,2.104598,0,-0.504515,geometric,false,0.750000,-0.000007,0.735592,0.001761,,,0.735594,0.001475,0.576067,3.497492
crossing,context_ext,EESM-MPC-ECBF,8,0.800,-1.423933,-0.249792,0.735592,0.001761,0.002394,0.100000,-1.336000,0.000000,0.580000,pedestrian,walking,unknown,1.360353,1.000000,0.625000,1.871422,1.271422,0.000000,0.000000,0.000000,0.000000,0.933598,0.933598,0.000000,1.271422,0.337824,0.337824,0.337824,0.000078,horizon_mpc_secbf,4,-0.000078,true,osqp,optimal,50,2.212388,0,-0.536637,geometric,false,0.750000,-0.000045,0.694562,0.047720,,,0.696199,0.061609,0.645687,3.423933
crossing,context_ext,EESM-MPC-ECBF,9,0.900,-1.354477,-0.245020,0.694562,0.047720,0.068597,0.100000,-1.278000,0.000000,0.580000,pedestrian,walking,unknown,1.353903,1.000000,0.625000,1.783970,1.183970,0.000000,0.000000,0.000000,0.000000,0.873931,0.873931,0.000000,1.183970,0.310039,0.310039,0.310039,0.000133,horizon_mpc_secbf,4,-0.000133,true,osqp,optimal,50,2.386394,0,-0.496821,geometric,false,0.749999,-0.001113,0.649985,0.101517,,,0.657865,0.069865,0.711473,3.354481
crossing,context_ext,EESM-MPC-ECBF,10,1.000,-1.289479,-0.234869,0.649985,0.101517,0.154931,0.100000,-1.220000,0.000000,0.580000,cyclist,crossing,distracted,1.367158,1.000000,0.625000,1.703272,1.103272,0.000000,0.000000,0.000000,0.000000,0.806866,0.806866,0.000000,1.103272,0.296405,0.296405,0.296405,0.000152,horizon_mpc_secbf,4,-0.000152,true,osqp,optimal,50,3.487870,0,-0.472740,geometric,false,0.749992,-0.003450,0.628831,0.136836,,,0.643547,0.041170,0.775828,3.289513
crossing,context_ext,EESM-MPC-ECBF,11,1.100,-1.226595,-0.221185,0.628831,0.136836,0.214263,0.100000,-1.162000,0.000000,0.580000,cyclist,crossing,distracted,1.334130,1.000000,0.625000,1.626342,1.026342,0.000000,0.000000,0.000000,0.000000,0.769294,0.769294,0.000000,1.026342,0.257048,0.257048,0.257048,0.000241,horizon_mpc_secbf,4,-0.000233,true,osqp,optimal,25,2.926364,0,-0.422023,geometric,false,0.749970,-0.006698,0.564578,0.201787,,,0.599555,0.091363,0.835784,3.226724
crossing,context_ext,EESM-MPC-ECBF,12,1.200,-1.170138,-0.201006,0.564578,0.201787,0.343263,0.100000,-1.104000,0.000000,0.580000,cyclist,crossing,distracted,1.410900,1.000000,0.625000,1.558412,0.958412,0.000000,0.000000,0.000000,0.000000,0.679088,0.679088,0.000000,0.958412,0.279323,0.279323,0.279323,0.000168,horizon_mpc_secbf,4,-0.000162,true,osqp,optimal,25,2.279416,0,-0.437428,geometric,false,0.749910,-0.011590,0.601776,0.189170,,,0.630809,0.039280,0.898865,3.170516
crossing,context_ext,EESM-MPC-ECBF,13,1.300,-1.109960,-0.182089,0.601776,0.189170,0.304572,0.100000,-1.046000,0.000000,0.580000,cyclist,crossing,distracted,1.236960,1.000000,0.625000,1.486723,0.886723,0.000000,0.000000,0.000000,0.000000,0.716208,0.716208,0.000000,0.886723,0.170515,0.170515,0.170515,0.000446,horizon_mpc_secbf,4,-0.000446,true,osqp,optimal,50,2.414897,0,-0.314293,geometric,false,0.749821,-0.016373,0.423300,0.337774,,,0.541548,0.232244,0.953019,3.110701
crossing,context_ext,EESM-MPC-ECBF,14,1.400,-1.067630,-0.148312,0.423300,0.337774,0.673493,0.100000,-0.988000,0.000000,0.580000,cyclist,crossing,distracted,1.727958,1.000000,0.625000,1.438206,0.838206,0.000000,0.000000,0.000000,0.000000,0.483748,0.483748,0.000000,0.838206,0.354457,0.354457,0.354457,0.000000,horizon_mpc_secbf,4,0.020970,true,osqp,optimal,50,2.177550,0,-0.457266,geometric,false,0.749588,-0.024848,0.687593,0.145825,,,0.702886,0.326643,1.023308,3.069315
crossing,context_ext,EESM-MPC-ECBF,15,1.500,-0.998871,-0.133729,0.687593,0.145825,0.208984,0.100000,-0.930000,0.000000,0.580000,cyclist,crossing,distracted,0.932845,1.000000,0.625000,1.357042,0.757042,0.000000,0.000000,0.000000,0.000000,0.809080,0.809080,0.000000,0.757042,-0.052038,-0.052038,-0.052038,0.045165,horizon_mpc_secbf,4,-0.045143,true,osqp,optimal,2575,6.056900,0,0.061330,geometric,false,0.749437,-0.029057,0.028519,0.735590,,,0.736143,0.884422,1.096922,3.001124
crossing,context_ext,EESM-MPC-ECBF,16,1.600,-0.996019,-0.060170,0.028519,0.735590,1.532046,0.100000,-0.872000,0.000000,0.580000,cyclist,crossing,distracted,,0.000000,0.625000,1.363937,0.763937,0.000000,0.000000,0.000000,0.000000,0.000000,0.000000,0.000000,0.763937,0.763937,0.763937,0.763937,0.000000,horizon_mpc_secbf,4,0.441894,true,osqp,optimal,50,2.422066,0,0.046710,geometric,false,0.748499,-0.047425,0.620126,0.212209,,,0.655430,0.789890,1.162465,3.002027
crossing,context_ext,EESM-MPC-ECBF,17,1.700,-0.934006,-0.038949,0.620126,0.212209,0.329712,0.100000,-0.814000,0.000000,0.580000,cyclist,crossing,distracted,0.965734,1.000000,0.625000,1.292235,0.692235,0.000000,0.000000,0.000000,0.000000,0.711583,0.711583,0.000000,0.692235,-0.019347,-0.019347,-0.019347,0.014181,horizon_mpc_secbf,4,-0.014155,true,osqp,optimal,1500,4.062332,0,0.045814,geometric,false,0.748067,-0.053810,0.052912,0.735590,,,0.737490,0.771789,1.236214,2.941587
crossing,context_ext,EESM-MPC-ECBF,18,1.800,-0.928715,0.034609,0.052912,0.735590,1.498989,0.100000,-0.756000,0.000000,0.580000,cyclist,crossing,distracted,,0.000000,0.625000,1.297428,0.697428,0.000000,0.000000,0.000000,0.000000,0.000000,0.000000,0.000000,0.697428,0.697428,0.697428,0.697428,0.000000,horizon_mpc_secbf,4,0.373800,true,osqp,optimal,50,2.316279,0,-0.025879,geometric,false,0.746483,-0.072542,0.625102,0.206382,,,0.658291,0.779399,1.302043,2.942512
crossing,context_ext,EESM-MPC-ECBF,19,1.900,-0.866205,0.055248,0.625102,0.206382,0.318889,0.100000,-0.698000,0.000000,0.580000,cyclist,crossing,distracted,0.864982,1.000000,0.625000,1.225126,0.625126,0.000000,0.000000,0.000000,0.000000,0.714764,0.714764,0.000000,0.625126,-0.089638,-0.089638,-0.089638,0.086159,horizon_mpc_secbf,4,-0.086131,true,osqp,optimal,1100,3.842676,0,0.030402,geometric,false,0.745783,-0.079425,0.078338,0.735590,,,0.739750,0.760929,1.376018,2.882413
crossing,context_ext,EESM-MPC-ECBF,20,2.000,-0.858371,0.128807,0.078338,0.735590,1.464700,0.100000,-0.640000,0.000000,0.580000,cyclist,crossing,distracted,,0.000000,0.625000,1.228633,0.628633,0.000000,0.000000,0.000000,0.000000,0.000000,0.000000,0.000000,0.628633,0.628633,0.628633,0.628633,0.000000,horizon_mpc_secbf,4,0.303528,true,osqp,optimal,50,3.039595,0,-0.100710,geometric,false,0.743499,-0.098533,0.630257,0.200094,,,0.661257,0.769007,1.442144,2.883363
crossing,context_ext,EESM-MPC-ECBF,21,2.100,-0.795345,0.148816,0.630257,0.200094,0.307415,0.100000,-0.582000,0.000000,0.580000,cyclist,crossing,distracted,0.762872,1.000000,0.625000,1.155740,0.555740,0.000000,0.000000,0.000000,0.000000,0.715956,0.715956,0.000000,0.555740,-0.160216,-0.160216,-0.160216,0.158387,horizon_mpc_secbf,4,-0.158357,true,osqp,optimal,1400,4.098618,0,0.015258,geometric,false,0.742481,-0.105931,0.104933,0.735579,,,0.743026,0.750140,1.516447,2.823652
crossing,context_ext,EESM-MPC-ECBF,22,2.200,-0.784852,0.222374,0.104933,0.735579,1.429099,0.100000,-0.524000,0.000000,0.580000,cyclist,crossing,distracted,,0.000000,0.625000,1.157600,0.557600,0.000000,0.000000,0.000000,0.000000,0.000000,0.000000,0.000000,0.557600,0.557600,0.557600,0.557600,0.000000,horizon_mpc_secbf,4,0.231292,true,osqp,optimal,50,2.255999,0,-0.177610,geometric,false,0.739438,-0.125425,0.635597,0.193238,,,0.664322,0.758774,1.582879,2.824631
crossing,context_ext,EESM-MPC-ECBF,23,2.300,-0.721292,0.241698,0.635597,0.193238,0.295146,0.100000,-0.466000,0.000000,0.580000,cyclist,crossing,distracted,0.659620,1.000000,0.625000,1.084139,0.484139,0.000000,0.000000,0.000000,0.000000,0.713353,0.713353,0.000000,0.484139,-0.229214,-0.229214,-0.229214,0.228965,horizon_mpc_secbf,4,-0.228934,true,osqp,optimal,2450,5.400243,0,0.000621,geometric,false,0.738049,-0.133355,0.132916,0.735583,,,0.747496,0.739477,1.657628,2.765357
crossing,context_ext,EESM-MPC-ECBF,24,2.400,-0.708001,0.315256,0.132916,0.735583,1.392030,0.100000,-0.408000,0.000000,0.580000,cyclist,crossing,distracted,,0.000000,0.625000,1.084419,0.484419,0.000000,0.000000,0.000000,0.000000,0.000000,0.000000,0.000000,0.484419,0.484419,0.484419,0.484419,0.000000,horizon_mpc_secbf,4,0.157522,true,osqp,optimal,50,3.276900,0,-0.256265,geometric,false,0.734176,-0.153249,0.641124,0.185695,,,0.667475,0.748767,1.724376,2.766366
crossing,context_ext,EESM-MPC-ECBF,25,2.500,-0.643888,0.333826,0.641124,0.185695,0.281926,0.100000,-0.350000,0.000000,0.580000,cyclist,crossing,distracted,0.555513,1.000000,0.625000,1.010439,0.410439,0.000000,0.000000,0.000000,0.000000,0.703221,0.703221,0.000000,0.410439,-0.292782,-0.292782,-0.292782,0.295965,horizon_mpc_secbf,4,-0.295935,true,osqp,optimal,1975,4.918384,0,-0.014244,geometric,false,0.732357,-0.161720,0.161080,0.729477,,,0.747050,0.725356,1.799081,2.707582
crossing,context_ext,EESM-MPC-ECBF,26,2.600,-0.627780,0.406773,0.161080,0.729477,1.353469,0.100000,-0.292000,0.000000,0.580000,cyclist,crossing,distracted,32.284064,1.000000,0.625000,1.008934,0.408934,0.000000,0.000000,0.000000,0.000000,0.000000,0.000000,0.000000,0.408934,0.420137,0.420137,0.408934,0.000000,horizon_mpc_secbf,4,0.082139,true,osqp,optimal,50,2.556357,0,-0.336984,geometric,false,0.727618,-0.181857,0.646641,0.176479,,,0.670290,0.735919,1.866110,2.708612
crossing,context_ext,EESM-MPC-ECBF,27,2.700,-0.563116,0.424421,0.646641,0.176479,0.266428,0.100000,-0.234000,0.000000,0.580000,cyclist,crossing,distracted,0.450056,1.000000,0.625000,0.934474,0.334474,0.000000,0.000000,0.000000,0.000000,0.679042,0.679042,0.000000,0.334474,-0.344568,-0.344568,-0.344568,0.354965,horizon_mpc_secbf,4,-0.354684,true,osqp,optimal,1525,4.070430,0,-0.026468,geometric,false,0.725312,-0.190848,0.188915,0.717941,,,0.742380,0.709009,1.940348,2.650360
crossing,context_ext,EESM-MPC-ECBF,28,2.800,-0.544225,0.496215,0.188915,0.717941,1.313494,0.100000,-0.176000,0.000000,0.580000,cyclist,crossing,distracted,10.637560,1.000000,0.625000,0.931074,0.331074,0.000000,0.000000,0.000000,0.000000,0.001741,0.001741,0.000000,0.331074,0.329333,0.329333,0.329333,0.000000,horizon_mpc_secbf,4,0.003807,true,osqp,optimal,50,2.788627,0,-0.420894,geometric,false,0.719684,-0.211082,0.652034,0.165758,,,0.672774,0.720684,2.007625,2.651399
crossing,context_ext,EESM-MPC-ECBF,29,2.900,-0.479021,0.512791,0.652034,0.165758,0.248943,0.100000,-0.118000,0.000000,0.580000,cyclist,crossing,distracted,0.343455,1.000000,0.625000,0.856250,0.256250,0.000000,0.000000,0.000000,0.000000,0.627723,0.627723,0.000000,0.256250,-0.371474,-0.371474,-0.371474,0.388444,horizon_mpc_secbf,4,-0.387316,true,osqp,optimal,1350,4.061087,0,-0.037022,geometric,false,0.716833,-0.220568,0.217302,0.706178,,,0.738856,0.693575,2.081511,2.593723
crossing,context_ext,EESM-MPC-ECBF,30,3.000,-0.457291,0.583409,0.217302,0.706178,1.272276,0.100000,-0.060000,0.000000,0.580000,cyclist,crossing,distracted,5.356819,1.000000,0.625000,0.851204,0.251204,0.000000,0.000000,0.000000,0.000000,0.009862,0.009862,0.000000,0.251204,0.241342,0.241342,0.241342,0.000214,horizon_mpc_secbf,4,-0.000205,true,osqp,optimal,25,2.332723,0,-0.336145,geometric,false,0.710262,-0.240891,0.567622,0.307372,,,0.645502,0.530820,2.146061,2.594774
crossing,context_ext,EESM-MPC-ECBF,31,3.100,-0.400529,0.614146,0.567622,0.307372,0.496300,0.100000,-0.002000,0.000000,0.580000,cyclist,crossing,distracted,0.340347,1.000000,0.625000,0.793830,0.193830,0.000000,0.000000,0.000000,0.000000,0.443821,0.443821,0.000000,0.193830,-0.249991,-0.249991,-0.249991,0.273674,horizon_mpc_secbf,4,-0.270568,true,osqp,optimal,1225,4.572519,0,-0.045977,geometric,false,0.705670,-0.254028,0.249428,0.692875,,,0.736403,0.499860,2.219701,2.551331
crossing,context_ext,EESM-MPC-ECBF,32,3.200,-0.375586,0.683434,0.249428,0.692875,1.225250,0.100000,0.056000,0.000000,0.580000,cyclist,crossing,distracted,3.084952,1.000000,0.625000,0.787309,0.187309,0.000000,0.000000,0.000000,0.000000,0.013226,0.013226,0.000000,0.187309,0.174083,0.174083,0.174083,0.000379,horizon_mpc_secbf,4,-0.000365,true,osqp,optimal,50,3.566973,0,-0.276535,geometric,false,0.698047,-0.274282,0.541335,0.424410,,,0.687872,0.396589,2.288488,2.552393
crossing,context_ext,EESM-MPC-ECBF,33,3.300,-0.321453,0.725875,0.541335,0.424410,0.664913,0.100000,0.114000,0.000000,0.580000,cyclist,crossing,distracted,0.328524,1.000000,0.625000,0.742976,0.142976,0.000000,0.000000,0.000000,0.000000,0.271205,0.271205,0.000000,0.142976,-0.128229,-0.128229,-0.128229,0.158520,horizon_mpc_secbf,4,-0.151154,true,osqp,optimal,1475,6.515233,0,-0.050601,geometric,false,0.691395,-0.290643,0.285061,0.678122,,,0.735602,0.360619,2.362049,2.518228
crossing,context_ext,EESM-MPC-ECBF,34,3.400,-0.292947,0.793687,0.285061,0.678122,1.172856,0.100000,0.172000,0.000000,0.580000,cyclist,crossing,distracted,1.952971,1.000000,0.625000,0.735460,0.135460,0.000000,0.000000,0.000000,0.000000,0.007611,0.007611,0.000000,0.135460,0.127849,0.127849,0.127849,0.000521,horizon_mpc_secbf,4,0.000408,true,osqp,optimal,50,2.533960,0,-0.228521,geometric,false,0.682613,-0.310707,0.540717,0.499563,,,0.736164,0.311839,2.435665,2.519303
crossing,context_ext,EESM-MPC-ECBF,35,3.500,-0.238875,0.843643,0.540717,0.499563,0.745858,0.100000,0.230000,0.000000,0.580000,cyclist,crossing,distracted,0.304379,1.000000,0.625000,0.700995,0.100995,0.000000,0.000000,0.000000,0.000000,0.130865,0.130865,0.000000,0.100995,-0.029869,-0.029869,-0.029869,0.066535,horizon_mpc_secbf,4,-0.051246,true,osqp,optimal,2350,5.511328,0,-0.047743,geometric,false,0.673897,-0.329185,0.323474,0.662210,,,0.736992,0.271383,2.509364,2.491710
crossing,context_ext,EESM-MPC-ECBF,36,3.600,-0.206528,0.909864,0.323474,0.662210,1.116410,0.100000,0.288000,0.000000,0.580000,cyclist,crossing,distracted,1.346860,1.000000,0.625000,0.693307,0.093307,0.000000,0.000000,0.000000,0.000000,0.000000,0.000000,0.000000,0.093307,0.104278,0.104278,0.093307,0.000724,horizon_mpc_secbf,4,0.005671,true,osqp,optimal,75,3.468579,0,-0.179821,geometric,false,0.663870,-0.348964,0.512817,0.527463,,,0.735662,0.232395,2.582931,2.492799
crossing,context_ext,EESM-MPC-ECBF,37,3.700,-0.155246,0.962611,0.512817,0.527463,0.799477,0.100000,0.346000,0.000000,0.580000,cyclist,crossing,distracted,0.275264,1.000000,0.625000,0.667352,0.067352,0.000000,0.000000,0.000000,0.000000,0.047254,0.047254,0.000000,0.067352,0.020099,0.020099,0.020099,0.021763,horizon_mpc_secbf,4,0.004972,true,osqp,optimal,2050,5.168602,0,-0.036374,geometric,false,0.653645,-0.367762,0.363299,0.645713,,,0.740899,0.190627,2.657020,2.472955
crossing,context_ext,EESM-MPC-ECBF,38,3.800,-0.118916,1.027182,0.363299,0.645713,1.058307,0.100000,0.404000,0.000000,0.580000,cyclist,crossing,distracted,1.036038,1.000000,0.625000,0.660515,0.060515,0.000000,0.000000,0.000000,0.000000,0.000000,0.000000,0.000000,0.060515,0.103863,0.103863,0.060515,0.001152,horizon_mpc_secbf,4,0.020036,true,osqp,optimal,125,2.234693,0,-0.104145,geometric,false,0.642338,-0.387171,0.470684,0.569600,,,0.738910,0.131624,2.730911,2.474065
crossing,context_ext,EESM-MPC-ECBF,39,3.900,-0.071848,1.084142,0.470684,0.569600,0.880199,0.100000,0.462000,0.000000,0.580000,cyclist,crossing,distracted,0.335734,1.000000,0.625000,0.645439,0.045439,0.000000,0.000000,0.000000,0.000000,0.000000,0.000000,0.000000,0.045439,0.080832,0.080832,0.045439,0.001614,horizon_mpc_secbf,4,0.030575,true,osqp,optimal,200,2.247410,0,-0.060610,geometric,false,0.630574,-0.406050,0.448181,0.592101,,,0.742597,0.031823,2.805171,2.464242
crossing,context_ext,EESM-MPC-ECBF,40,4.000,-0.027029,1.143352,0.448181,0.592101,0.922872,0.100000,0.520000,0.000000,0.580000,cyclist,crossing,distracted,0.465811,1.000000,0.625000,0.636164,0.036164,0.000000,0.000000,0.000000,0.000000,0.000000,0.000000,0.000000,0.036164,0.111996,0.111996,0.036164,0.006468,horizon_mpc_secbf,4,0.032068,true,osqp,optimal,1200,3.952892,0,-0.006218,geometric,false,0.618064,-0.424849,0.423776,0.616505,,,0.748107,0.034513,2.879982,2.459731
crossing,context_ext,EESM-MPC-ECBF,41,4.100,0.015348,1.205002,0.423776,0.616505,0.968587,0.100000,0.578000,0.000000,0.580000,cyclist,crossing,distracted,1.592872,1.000000,0.625000,0.632691,0.032691,0.000000,0.000000,0.000000,0.000000,0.000000,0.000000,0.000000,0.032691,0.145149,0.145149,0.032691,0.009398,horizon_mpc_secbf,4,0.030338,true,osqp,optimal,1550,6.334842,0,0.003264,geometric,false,0.604863,-0.443442,0.440047,0.600234,,,0.744259,0.023011,2.954408,2.460869
crossing,context_ext,EESM-MPC-ECBF,42,4.200,0.059353,1.265026,0.440047,0.600234,0.938182,0.100000,0.636000,0.000000,0.580000,cyclist,crossing,distracted,3.706587,1.000000,0.625000,0.630338,0.030338,0.000000,0.000000,0.000000,0.000000,0.000000,0.000000,0.000000,0.030338,0.162272,0.162272,0.030338,0.009153,horizon_mpc_secbf,4,0.029466,true,osqp,optimal,1475,4.261176,0,0.014276,geometric,false,0.591182,-0.461524,0.456077,0.584204,,,0.741148,0.022669,3.028523,2.461994
crossing,context_ext,EESM-MPC-ECBF,43,4.300,0.104961,1.323446,0.456077,0.584204,0.907947,0.100000,0.694000,0.000000,0.580000,cyclist,crossing,distracted,,0.000000,0.625000,0.629466,0.029466,0.000000,0.000000,0.000000,0.000000,0.000000,0.000000,0.000000,0.029466,0.029466,0.029466,0.029466,0.009204,horizon_mpc_secbf,4,0.014938,true,osqp,optimal,1000,4.987316,0,-0.084320,geometric,false,0.577027,-0.479104,0.587908,0.452373,,,0.741806,0.186437,3.102703,2.463109
crossing,context_ext,EESM-MPC-ECBF,44,4.400,0.163751,1.368683,0.587908,0.452373,0.655841,0.100000,0.752000,0.000000,0.580000,cyclist,crossing,distracted,0.300319,1.000000,0.625000,0.619970,0.019970,0.000000,0.000000,0.000000,0.000000,0.000000,0.000000,0.000000,0.019970,0.214761,0.214761,0.019970,0.001832,horizon_mpc_secbf,4,0.012082,true,osqp,optimal,550,3.240611,0,-0.086483,geometric,false,0.562612,-0.495952,0.627941,0.406223,,,0.747881,0.061094,3.177491,2.447845
crossing,context_ext,EESM-MPC-ECBF,45,4.500,0.226546,1.409306,0.627941,0.406223,0.574201,0.100000,0.810000,0.000000,0.580000,cyclist,crossing,distracted,0.310701,1.000000,0.625000,0.612520,0.012520,0.000000,0.000000,0.000000,0.000000,0.000000,0.000000,0.000000,0.012520,0.266213,0.266213,0.012520,0.001548,horizon_mpc_secbf,4,0.003507,true,osqp,optimal,775,3.360303,0,-0.111529,geometric,false,0.547662,-0.512412,0.667507,0.310686,,,0.736269,0.103405,3.251118,2.428670
crossing,context_ext,EESM-MPC-ECBF,46,4.600,0.293296,1.440374,0.667507,0.310686,0.435621,0.100000,0.868000,0.000000,0.580000,cyclist,crossing,distracted,0.099375,1.000000,0.625000,0.604132,0.004132,0.000000,0.000000,0.000000,0.000000,0.000000,0.000000,0.000000,0.004132,0.312594,0.312594,0.004132,0.000579,horizon_mpc_secbf,4,0.000440,true,osqp,optimal,225,2.538794,0,-0.080038,geometric,false,0.532873,-0.527775,0.689451,0.257714,,,0.736043,0.057338,3.324723,2.402125
crossing,context_ext,EESM-MPC-ECBF,47,4.700,0.362241,1.466146,0.689451,0.257714,0.357714,0.100000,0.926000,0.000000,0.580000,cyclist,crossing,distracted,,0.000000,0.625000,0.600440,0.000440,0.000000,0.000000,0.000000,0.000000,0.000000,0.000000,0.000000,0.000440,0.000440,0.000440,0.000440,0.000454,horizon_mpc_secbf,4,-0.000044,true,osqp,optimal,350,2.722400,0,-0.063985,geometric,false,0.517794,-0.542577,0.733292,0.151865,,,0.748853,0.114568,3.399608,2.372216
crossing,context_ext,EESM-MPC-ECBF,48,4.800,0.435571,1.481332,0.733292,0.151865,0.204214,0.100000,0.984000,0.000000,0.580000,cyclist,crossing,distracted,,0.000000,0.625000,0.599956,-0.000044,0.000000,0.000000,0.000000,0.000000,0.000000,0.000000,0.000000,-0.000044,-0.000044,-0.000044,-0.000044,0.000364,horizon_mpc_secbf,4,-0.000127,true,osqp,optimal,150,2.412142,1,-0.074249,geometric,false,0.502829,-0.556474,0.735596,-0.006293,,,0.735623,0.158175,3.473170,2.333442
crossing,context_ext,EESM-MPC-ECBF,49,4.900,0.509130,1.480703,0.735596,-0.006293,-0.008555,0.100000,1.042000,0.000000,0.580000,cyclist,crossing,distracted,,0.000000,0.625000,0.599873,-0.000127,0.000000,0.000000,0.000000,0.000000,0.000000,0.000000,0.000000,-0.000127,-0.000127,-0.000127,-0.000127,0.000091,horizon_mpc_secbf,4,-0.000054,true,osqp,optimal,75,3.170899,0,-0.093182,geometric,false,0.489495,-0.568239,0.709583,-0.209117,,,0.739755,0.204485,3.547146,2.284300
crossing,context_ext,EESM-MPC-ECBF,50,5.000,0.580088,1.459791,0.709583,-0.209117,-0.286591,0.100000,1.100000,0.000000,0.580000,cyclist,crossing,distracted,,0.000000,0.625000,0.599946,-0.000054,0.000000,0.000000,0.000000,0.000000,0.000000,0.000000,0.000000,-0.000054,-0.000054,-0.000054,-0.000054,0.000000,horizon_mpc_secbf,4,0.010675,true,osqp,optimal,50,2.814595,1,0.005559,geometric,false,0.479159,-0.576981,0.670003,-0.304659,,,0.736017,0.103416,3.620747,2.222507
crossing,context_ext,EESM-MPC-ECBF,51,5.100,0.647089,1.429325,0.670003,-0.304659,-0.426766,0.100000,1.158000,0.000000,0.580000,cyclist,crossing,distracted,,0.000000,0.625000,0.610675,0.010675,0.000000,0.000000,0.000000,0.000000,0.000000,0.000000,0.000000,0.010675,0.010675,0.010675,0.010675,0.000000,horizon_mpc_secbf,4,0.038603,true,osqp,optimal,50,2.191161,0,0.192302,geometric,false,0.470523,-0.584045,0.657021,-0.335999,,,0.737951,0.033922,3.694542,2.156502
crossing,context_ext,EESM-MPC-ECBF,52,5.200,0.712791,1.395726,0.657021,-0.335999,-0.472724,0.100000,1.216000,0.000000,0.580000,cyclist,crossing,distracted,,0.000000,0.625000,0.638603,0.038603,0.000000,0.000000,0.000000,0.000000,0.000000,0.000000,0.000000,0.038603,0.038603,0.038603,0.038603,0.000000,horizon_mpc_secbf,4,0.082966,true,osqp,optimal,50,2.511334,0,0.395808,geometric,false,0.462064,-0.590759,0.647586,-0.358778,,,0.740330,0.024656,3.768575,2.089335
crossing,context_ext,EESM-MPC-ECBF,53,5.300,0.777549,1.359848,0.647586,-0.358778,-0.505927,0.100000,1.274000,0.000000,0.580000,cyclist,crossing,distracted,,0.000000,0.625000,0.682966,0.082966,0.000000,0.000000,0.000000,0.000000,0.000000,0.000000,0.000000,0.082966,0.082966,0.082966,0.082966,0.000000,horizon_mpc_secbf,4,0.141400,true,osqp,optimal,50,2.280883,0,0.594708,geometric,false,0.453569,-0.597306,0.637779,-0.382454,,,0.743662,0.025627,3.842942,2.021385
crossing,context_ext,EESM-MPC-ECBF,54,5.400,0.841327,1.321602,0.637779,-0.382454,-0.540174,0.100000,1.332000,0.000000,0.580000,cyclist,crossing,distracted,,0.000000,0.625000,0.741400,0.141400,0.000000,0.000000,0.000000,0.000000,0.000000,0.000000,0.000000,0.141400,0.141400,0.141400,0.141400,0.000000,horizon_mpc_secbf,4,0.211424,true,osqp,optimal,50,2.251571,0,0.782336,geometric,false,0.445061,-0.603673,0.627140,-0.408137,,,0.748252,0.027799,3.917767,1.952551
crossing,context_ext,EESM-MPC-ECBF,55,5.500,0.904041,1.280789,0.627140,-0.408137,-0.576932,0.100000,1.390000,0.000000,0.580000,cyclist,crossing,distracted,,0.000000,0.625000,0.811424,0.211424,0.000000,0.000000,0.000000,0.000000,0.000000,0.000000,0.000000,0.211424,0.211424,0.211424,0.211424,0.000000,horizon_mpc_secbf,4,0.290127,true,osqp,optimal,50,2.924377,0,0.950733,geometric,false,0.436598,-0.609821,0.608696,-0.431584,,,0.746174,0.029832,3.992384,1.882668
crossing,context_ext,EESM-MPC-ECBF,56,5.600,0.964911,1.237630,0.608696,-0.431584,-0.616762,0.100000,1.448000,0.000000,0.580000,cyclist,crossing,distracted,,0.000000,0.625000,0.890127,0.290127,0.000000,0.000000,0.000000,0.000000,0.000000,0.000000,0.000000,0.290127,0.290127,0.290127,0.290127,0.000000,horizon_mpc_secbf,4,0.375379,true,osqp,optimal,50,2.908259,0,1.104098,geometric,false,0.428359,-0.615637,0.586182,-0.454098,,,0.741495,0.031839,4.066534,1.812306
crossing,context_ext,EESM-MPC-ECBF,57,5.700,1.023529,1.192220,0.586182,-0.454098,-0.659104,0.100000,1.506000,0.000000,0.580000,cyclist,crossing,distracted,,0.000000,0.625000,0.975379,0.375379,0.000000,0.000000,0.000000,0.000000,0.000000,0.000000,0.000000,0.375379,0.375379,0.375379,0.375379,0.000000,horizon_mpc_secbf,4,0.465841,true,osqp,optimal,50,2.221045,0,1.248384,geometric,false,0.420484,-0.621042,0.562690,-0.477589,,,0.738046,0.033222,4.140338,1.741693
crossing,context_ext,EESM-MPC-ECBF,58,5.800,1.079798,1.144461,0.562690,-0.477589,-0.703774,0.100000,1.564000,0.000000,0.580000,cyclist,crossing,distracted,,0.000000,0.625000,1.065841,0.465841,0.000000,0.000000,0.000000,0.000000,0.000000,0.000000,0.000000,0.465841,0.465841,0.465841,0.465841,0.000000,horizon_mpc_secbf,4,0.560568,true,osqp,optimal,50,3.151823,0,1.386704,geometric,false,0.413087,-0.625986,0.538543,-0.501737,,,0.736049,0.034150,4.213943,1.670717
crossing,context_ext,EESM-MPC-ECBF,59,5.900,1.133652,1.094288,0.538543,-0.501737,-0.750033,0.100000,1.622000,0.000000,0.580000,cyclist,crossing,distracted,,0.000000,0.625000,1.160568,0.560568,0.000000,0.000000,0.000000,0.000000,0.000000,0.000000,0.000000,0.560568,0.560568,0.560568,0.560568,0.000000,horizon_mpc_secbf,4,0.658895,true,osqp,optimal,50,3.136470,0,1.521384,geometric,false,0.406286,-0.630422,0.513994,-0.526286,,,0.735640,0.034717,4.287507,1.599271
crossing,context_ext,EESM-MPC-ECBF,60,6.000,1.185052,1.041659,0.513994,-0.526286,-0.797213,0.100000,1.680000,0.000000,0.580000,cyclist,crossing,distracted,,0.000000,0.625000,1.258895,0.658895,0.000000,0.000000,0.000000,0.000000,0.000000,0.000000,0.000000,0.658895,0.658895,0.658895,0.658895,0.000000,horizon_mpc_secbf,4,0.760358,true,osqp,optimal,50,3.299474,0,1.654100,geometric,false,0.400201,-0.634302,0.489282,-0.550998,,,0.736882,0.034949,4.361195,1.527260
crossing,context_ext,EESM-MPC-ECBF,61,6.100,1.233980,0.986559,0.489282,-0.550998,-0.844655,0.100000,1.738000,0.000000,0.580000,cyclist,crossing,distracted,,0.000000,0.625000,1.360358,0.760358,0.000000,0.000000,0.000000,0.000000,0.000000,0.000000,0.000000,0.760358,0.760358,0.760358,0.760358,0.000000,horizon_mpc_secbf,4,0.864631,true,osqp,optimal,50,3.348372,0,1.786035,geometric,false,0.394964,-0.637576,0.464640,-0.575640,,,0.739765,0.034849,4.435172,1.454602
crossing,context_ext,EESM-MPC-ECBF,62,6.200,1.280444,0.928995,0.464640,-0.575640,-0.891697,0.100000,1.796000,0.000000,0.580000,cyclist,crossing,distracted,,0.000000,0.625000,1.464631,0.864631,0.000000,0.000000,0.000000,0.000000,0.000000,0.000000,0.000000,0.864631,0.864631,0.864631,0.864631,0.000000,horizon_mpc_secbf,4,0.971487,true,osqp,optimal,50,3.200139,0,1.918022,geometric,false,0.390715,-0.640189,0.440401,-0.599879,,,0.744183,0.034279,4.509590,1.381228
crossing,context_ext,EESM-MPC-ECBF,63,6.300,1.324484,0.869008,0.440401,-0.599879,-0.937516,0.100000,1.854000,0.000000,0.580000,cyclist,crossing,distracted,,0.000000,0.625000,1.571487,0.971487,0.000000,0.000000,0.000000,0.000000,0.000000,0.000000,0.000000,0.971487,0.971487,0.971487,0.971487,0.000000,horizon_mpc_secbf,4,1.080581,true,osqp,optimal,50,3.012913,0,2.048843,geometric,false,0.387605,-0.642077,0.415977,-0.621728,,,0.748052,0.032771,4.584395,1.307096
crossing,context_ext,EESM-MPC-ECBF,64,6.400,1.366082,0.806835,0.415977,-0.621728,-0.981134,0.100000,1.912000,0.000000,0.580000,cyclist,crossing,distracted,,0.000000,0.625000,1.680581,1.080581,0.000000,0.000000,0.000000,0.000000,0.000000,0.000000,0.000000,1.080581,1.080581,1.080581,1.080581,0.000000,horizon_mpc_secbf,4,1.191078,true,osqp,optimal,50,3.010643,0,2.173460,geometric,false,0.385790,-0.643169,0.390628,-0.634393,,,0.745013,0.028337,4.658897,1.232377
crossing,context_ext,EESM-MPC-ECBF,65,6.500,1.405145,0.743395,0.390628,-0.634393,-1.018876,0.100000,1.970000,0.000000,0.580000,cyclist,crossing,distracted,,0.000000,0.625000,1.791078,1.191078,0.000000,0.000000,0.000000,0.000000,0.000000,0.000000,0.000000,1.191078,1.191078,1.191078,1.191078,0.000000,horizon_mpc_secbf,4,1.303446,true,osqp,optimal,50,3.395582,0,2.304537,geometric,false,0.385309,-0.643457,0.384212,-0.637051,,,0.743944,0.006945,4.733291,1.157881
crossing,context_ext,EESM-MPC-ECBF,66,6.600,1.443566,0.679690,0.384212,-0.637051,-1.028093,0.100000,2.028000,0.000000,0.580000,cyclist,crossing,distracted,,0.000000,0.625000,1.903446,1.303446,0.000000,0.000000,0.000000,0.000000,0.000000,0.000000,0.000000,1.303446,1.303446,1.303446,1.303446,0.000000,horizon_mpc_secbf,4,1.417583,true,osqp,optimal,50,3.300938,0,2.436241,geometric,false,0.385169,-0.643541,0.382988,-0.637558,,,0.743747,0.001325,4.807666,1.083487
crossing,context_ext,EESM-MPC-ECBF,67,6.700,1.481865,0.615935,0.382988,-0.637558,-1.029854,0.100000,2.086000,0.000000,0.580000,cyclist,crossing,distracted,,0.000000,0.625000,2.017583,1.417583,0.000000,0.000000,0.000000,0.000000,0.000000,0.000000,0.000000,1.417583,1.417583,1.417583,1.417583,0.000000,horizon_mpc_secbf,4,1.533241,true,osqp,optimal,50,3.017719,0,2.566935,geometric,false,0.385093,-0.643587,0.382710,-0.637672,,,0.743703,0.000300,4.882036,1.009112
crossing,context_ext,EESM-MPC-ECBF,68,6.800,1.520136,0.552167,0.382710,-0.637672,-1.030254,0.100000,2.144000,0.000000,0.580000,cyclist,crossing,distracted,,0.000000,0.625000,2.133241,1.533241,0.000000,0.000000,0.000000,0.000000,0.000000,0.000000,0.000000,1.533241,1.533241,1.533241,1.533241,0.000000,horizon_mpc_secbf,4,1.650191,true,osqp,optimal,50,3.095945,0,2.696611,geometric,false,0.385024,-0.643627,0.382602,-0.637717,,,0.743685,0.000117,4.956404,0.934742
crossing,context_ext,EESM-MPC-ECBF,69,6.900,1.558396,0.488396,0.382602,-0.637717,-1.030409,0.100000,2.202000,0.000000,0.580000,cyclist,crossing,distracted,,0.000000,0.625000,2.250191,1.650191,0.000000,0.000000,0.000000,0.000000,0.000000,0.000000,0.000000,1.650191,1.650191,1.650191,1.650191,0.000000,horizon_mpc_secbf,4,1.768242,true,osqp,optimal,50,2.667997,0,2.825473,geometric,false,0.384953,-0.643670,0.382521,-0.637751,,,0.743672,0.000088,5.030772,0.860373
crossing,context_ext,EESM-MPC-ECBF,70,7.000,1.596648,0.424621,0.382521,-0.637751,-1.030527,0.100000,2.260000,0.000000,0.580000,cyclist,crossing,distracted,,0.000000,0.625000,2.368242,1.768242,0.000000,0.000000,0.000000,0.000000,0.000000,0.000000,0.000000,1.768242,1.768242,1.768242,1.768242,0.000000,horizon_mpc_secbf,4,1.887239,true,osqp,optimal,50,2.753511,0,2.953709,geometric,false,0.384875,-0.643717,0.382438,-0.637785,,,0.743659,0.000090,5.105138,0.786006
crossing,context_ext,EESM-MPC-ECBF,71,7.100,1.634892,0.360842,0.382438,-0.637785,-1.030646,0.100000,2.318000,0.000000,0.580000,cyclist,crossing,distracted,,0.000000,0.625000,2.487239,1.887239,0.000000,0.000000,0.000000,0.000000,0.000000,0.000000,0.000000,1.887239,1.887239,1.887239,1.887239,0.000000,horizon_mpc_secbf,4,2.007052,true,osqp,optimal,50,2.752611,0,3.081468,geometric,false,0.384789,-0.643768,0.382348,-0.637823,,,0.743645,0.000098,5.179502,0.711640
crossing,context_ext,EESM-MPC-ECBF,72,7.200,1.673127,0.297060,0.382348,-0.637823,-1.030775,0.100000,2.376000,0.000000,0.580000,cyclist,crossing,distracted,,0.000000,0.625000,2.607052,2.007052,0.000000,0.000000,0.000000,0.000000,0.000000,0.000000,0.000000,2.007052,2.007052,2.007052,2.007052,0.000000,horizon_mpc_secbf,4,2.127572,true,osqp,optimal,50,2.292582,0,3.208865,geometric,false,0.384692,-0.643826,0.382247,-0.637864,,,0.743629,0.000109,5.253865,0.637276
crossing,context_ext,EESM-MPC-ECBF,73,7.300,1.711351,0.233273,0.382247,-0.637864,-1.030920,0.100000,2.434000,0.000000,0.580000,cyclist,crossing,distracted,,0.000000,0.625000,2.727572,2.127572,0.000000,0.000000,0.000000,0.000000,0.000000,0.000000,0.000000,2.127572,2.127572,2.127572,2.127572,0.000000,horizon_mpc_secbf,4,2.248711,true,osqp,optimal,50,2.175882,0,3.335988,geometric,false,0.384582,-0.643892,0.382133,-0.637911,,,0.743611,0.000123,5.328226,0.562913
crossing,context_ext,EESM-MPC-ECBF,74,7.400,1.749565,0.169482,0.382133,-0.637911,-1.031085,0.100000,2.492000,0.000000,0.580000,cyclist,crossing,distracted,,0.000000,0.625000,2.848711,2.248711,0.000000,0.000000,0.000000,0.000000,0.000000,0.000000,0.000000,2.248711,2.248711,2.248711,2.248711,0.000000,horizon_mpc_secbf,4,2.370391,true,osqp,optimal,50,2.126369,0,3.462903,geometric,false,0.384455,-0.643967,0.382002,-0.637966,,,0.743590,0.000142,5.402585,0.488552
crossing,context_ext,EESM-MPC-ECBF,75,7.500,1.787765,0.105686,0.382002,-0.637966,-1.031274,0.100000,2.550000,0.000000,0.580000,cyclist,crossing,distracted,,0.000000,0.625000,2.970391,2.370391,0.000000,0.000000,0.000000,0.000000,0.000000,0.000000,0.000000,2.370391,2.370391,2.370391,2.370391,0.000000,horizon_mpc_secbf,4,2.492549,true,osqp,optimal,50,2.310905,0,3.589663,geometric,false,0.384305,-0.644057,0.381846,-0.638030,,,0.743565,0.000168,5.476941,0.414193
crossing,context_ext,EESM-MPC-ECBF,76,7.600,1.825949,0.041883,0.381846,-0.638030,-1.031498,0.100000,2.608000,0.000000,0.580000,cyclist,crossing,distracted,,0.000000,0.625000,3.092549,2.492549,0.000000,0.000000,0.000000,0.000000,0.000000,0.000000,0.000000,2.492549,2.492549,2.492549,2.492549,0.000000,horizon_mpc_secbf,4,2.615130,true,osqp,optimal,50,2.757404,0,3.716306,geometric,false,0.384120,-0.644168,0.381656,-0.638109,,,0.743535,0.000206,5.551295,0.339837
crossing,context_ext,EESM-MPC-ECBF,77,7.700,1.864115,-0.021928,0.381656,-0.638109,-1.031771,0.100000,2.666000,0.000000,0.580000,cyclist,crossing,distracted,,0.000000,0.625000,3.215130,2.615130,0.000000,0.000000,0.000000,0.000000,0.000000,0.000000,0.000000,2.615130,2.615130,2.615130,2.615130,0.000000,horizon_mpc_secbf,4,2.738086,true,osqp,optimal,50,3.477253,0,3.842861,geometric,false,0.383880,-0.644311,0.381412,-0.638210,,,0.743497,0.000264,5.625645,0.265483
crossing,context_ext,EESM-MPC-ECBF,78,7.800,1.902256,-0.085749,0.381412,-0.638210,-1.032123,0.100000,2.724000,0.000000,0.580000,cyclist,crossing,distracted,,0.000000,0.625000,3.338086,2.738086,0.000000,0.000000,0.000000,0.000000,0.000000,0.000000,0.000000,2.738086,2.738086,2.738086,2.738086,0.000000,horizon_mpc_secbf,4,2.861376,true,osqp,optimal,50,3.355571,0,3.969346,geometric,false,0.383542,-0.644512,0.381073,-0.638351,,,0.743443,0.000368,5.699989,0.191134
crossing,context_ext,EESM-MPC-ECBF,79,7.900,1.940363,-0.149584,0.381073,-0.638351,-1.032612,0.100000,2.782000,0.000000,0.580000,cyclist,crossing,distracted,,0.000000,0.625000,3.461376,2.861376,0.000000,0.000000,0.000000,0.000000,0.000000,0.000000,0.000000,2.861376,2.861376,2.861376,2.861376,0.000000,horizon_mpc_secbf,4,2.984962,true,osqp,optimal,50,3.108751,0,4.095758,geometric,false,0.382974,-0.644849,0.380514,-0.638582,,,0.743356,0.000605,5.774325,0.116790
crossing,context_ext,EESM-MPC-ECBF,80,8.000,1.978415,-0.213443,0.380514,-0.638582,-1.033417,0.100000,2.840000,0.000000,0.580000,cyclist,crossing,distracted,,0.000000,0.625000,3.584962,2.984962,0.000000,0.000000,0.000000,0.000000,0.000000,0.000000,0.000000,2.984962,2.984962,2.984962,2.984962,0.000001,horizon_mpc_secbf,4,3.082412,true,osqp,optimal,25,3.043872,0,3.958142,geometric,false,0.215852,-0.365575,0.244103,-0.412415,,,0.479242,0.264120,5.822249,0.042454
crossing,context_ext,EESM-MPC-ECBF,81,8.100,2.002825,-0.254684,0.244103,-0.412415,-1.036363,0.100000,2.898000,0.000000,0.580000,cyclist,crossing,distracted,,0.000000,0.625000,3.682412,3.082412,0.000000,0.000000,0.000000,0.000000,0.000000,0.000000,0.000000,3.082412,3.082412,3.082412,3.082412,0.000000,horizon_mpc_secbf,4,3.132190,true,osqp,optimal,50,3.438100,0,3.578977,geometric,false,-0.028251,0.046840,-0.000584,-0.000352,,,0.000682,0.479236,5.822317,0.005470
crossing,context_ext,EESM-MPC-ECBF,82,8.200,2.002767,-0.254719,-0.000584,-0.000352,-2.598864,0.100000,2.956000,0.000000,0.580000,cyclist,crossing,distracted,,0.000000,0.625000,3.732190,3.132190,0.000000,0.000000,0.000000,0.000000,0.000000,0.000000,0.000000,3.132190,3.132190,3.132190,3.132190,0.000000,horizon_mpc_secbf,4,3.177670,true,osqp,optimal,25,3.396813,0,3.585833,geometric,false,-0.027667,0.047192,-0.023020,0.039035,,,0.045317,0.045329,5.826849,0.005470
crossing,context_ext,EESM-MPC-ECBF,83,8.300,2.000465,-0.250816,-0.023020,0.039035,2.103639,0.100000,3.014000,0.000000,0.580000,cyclist,crossing,distracted,,0.000000,0.625000,3.777670,3.177670,0.000000,0.000000,0.000000,0.000000,0.000000,0.000000,0.000000,3.177670,3.177670,3.177670,3.177670,0.000000,horizon_mpc_secbf,4,3.226352,true,osqp,optimal,25,3.265813,0,3.663377,geometric,false,-0.004647,0.008157,-0.007799,0.013455,,,0.015552,0.029766,5.828404,0.000939
crossing,context_ext,EESM-MPC-ECBF,84,8.400,1.999685,-0.249470,-0.007799,0.013455,2.096118,0.100000,3.072000,0.000000,0.580000,cyclist,crossing,distracted,,0.000000,0.625000,3.826352,3.226352,0.000000,0.000000,0.000000,0.000000,0.000000,0.000000,0.000000,3.226352,3.226352,3.226352,3.226352,0.000000,horizon_mpc_secbf,4,3.277049,true,osqp,optimal,25,3.308680,0,3.732259,geometric,false,0.003152,-0.005298,0.001273,-0.002080,,,0.002439,0.017991,5.828648,0.000616
crossing,context_ext,EESM-MPC-ECBF,85,8.500,1.999812,-0.249678,0.001273,-0.002080,-1.021495,0.100000,3.130000,0.000000,0.580000,cyclist,crossing,distracted,,0.000000,0.625000,3.877049,3.277049,0.000000,0.000000,0.000000,0.000000,0.000000,0.000000,0.000000,3.277049,3.277049,3.277049,3.277049,0.000000,horizon_mpc_secbf,4,3.328062,true,osqp,optimal,25,3.450157,0,3.786148,geometric,false,0.001879,-0.003218,0.001775,-0.003022,,,0.003505,0.001067,5.828998,0.000373
crossing,context_ext,EESM-MPC-ECBF,86,8.600,1.999990,-0.249980,0.001775,-0.003022,-1.039750,0.100000,3.188000,0.000000,0.580000,cyclist,crossing,distracted,,0.000000,0.625000,3.928062,3.328062,0.000000,0.000000,0.000000,0.000000,0.000000,0.000000,0.000000,3.328062,3.328062,3.328062,3.328062,0.000000,horizon_mpc_secbf,4,3.379003,true,osqp,optimal,25,2.974066,0,3.836483,geometric,false,0.000104,-0.000195,0.000391,-0.000680,,,0.000784,0.002721,5.829077,0.000022
crossing,context_ext,EESM-MPC-ECBF,87,8.700,2.000029,-0.250049,0.000391,-0.000680,-1.049488,0.100000,3.246000,0.000000,0.580000,cyclist,crossing,distracted,,0.000000,0.625000,3.979003,3.379003,0.000000,0.000000,0.000000,0.000000,0.000000,0.000000,0.000000,3.379003,3.379003,3.379003,3.379003,0.000000,horizon_mpc_secbf,4,3.430025,true,osqp,optimal,25,2.143968,0,3.888273,geometric,false,-0.000287,0.000485,-0.000171,0.000285,,,0.000332,0.001117,5.829110,0.000056
crossing,context_ext,EESM-MPC-ECBF,88,8.800,2.000012,-0.250020,-0.000171,0.000285,2.109733,0.100000,3.304000,0.000000,0.580000,cyclist,crossing,distracted,,0.000000,0.625000,4.030025,3.430025,0.000000,0.000000,0.000000,0.000000,0.000000,0.000000,0.000000,3.430025,3.430025,3.430025,3.430025,0.000000,horizon_mpc_secbf,4,3.481241,true,osqp,optimal,25,2.283245,0,3.941270,geometric,false,-0.000116,0.000200,-0.000126,0.000215,,,0.000249,0.000084,5.829135,0.000023
crossing,context_ext,EESM-MPC-ECBF,89,8.900,1.999999,-0.249999,-0.000126,0.000215,2.100189,0.100000,3.362000,0.000000,0.580000,cyclist,crossing,distracted,,0.000000,0.625000,4.081241,3.481241,0.000000,0.000000,0.000000,0.000000,0.000000,0.000000,0.000000,3.481241,3.481241,3.481241,3.481241,0.000000,horizon_mpc_secbf,4,3.532661,true,osqp,optimal,25,2.189172,0,3.994555,geometric,false,0.000009,-0.000015,0.000001,0.000001,,,0.000002,0.000249,5.829135,0.000002
crossing,context_ext,EESM-MPC-ECBF,90,9.000,1.999999,-0.249998,0.000001,0.000001,0.564156,0.100000,3.420000,0.000000,0.580000,cyclist,crossing,distracted,,0.000000,0.625000,4.132661,3.532661,0.000000,0.000000,0.000000,0.000000,0.000000,0.000000,0.000000,3.532661,3.532661,3.532661,3.532661,0.000000,horizon_mpc_secbf,4,3.584254,true,osqp,optimal,25,2.342967,0,4.047743,geometric,false,0.000008,-0.000015,0.000007,-0.000013,,,0.000014,0.000015,5.829136,0.000002
crossing,context_ext,EESM-MPC-ECBF,91,9.100,2.000000,-0.250000,0.000007,-0.000013,-1.077305,0.100000,3.478000,0.000000,0.580000,cyclist,crossing,distracted,,0.000000,0.625000,4.184254,3.584254,0.000000,0.000000,0.000000,0.000000,0.000000,0.000000,0.000000,3.584254,3.584254,3.584254,3.584254,0.000000,horizon_mpc_secbf,4,3.636012,true,osqp,optimal,25,2.347422,0,4.101015,geometric,false,0.000001,-0.000003,0.000002,-0.000004,,,0.000005,0.000009,5.829137,0.000000
crossing,context_ext,EESM-MPC-ECBF,92,9.200,2.000000,-0.250000,0.000002,-0.000004,-1.133010,0.100000,3.536000,0.000000,0.580000,cyclist,crossing,distracted,,0.000000,0.625000,4.236012,3.636012,0.000000,0.000000,0.000000,0.000000,0.000000,0.000000,0.000000,3.636012,3.636012,3.636012,3.636012,0.000000,horizon_mpc_secbf,4,3.687929,true,osqp,optimal,25,3.233488,0,4.154395,geometric,false,-0.000001,0.000002,-0.000000,0.000001,,,0.000001,0.000006,5.829137,0.000000
crossing,context_ext,EESM-MPC-ECBF,93,9.300,2.000000,-0.250000,-0.000000,0.000001,2.187213,0.100000,3.594000,0.000000,0.580000,cyclist,crossing,distracted,,0.000000,0.625000,4.287929,3.687929,0.000000,0.000000,0.000000,0.000000,0.000000,0.000000,0.000000,3.687929,3.687929,3.687929,3.687929,0.000000,horizon_mpc_secbf,4,3.740000,true,osqp,optimal,25,2.153110,0,4.207881,geometric,false,-0.000001,0.000001,-0.000001,0.000001,,,0.000001,0.000000,5.829137,0.000000
crossing,context_ext,EESM-MPC-ECBF,94,9.400,2.000000,-0.250000,-0.000001,0.000001,2.050932,0.100000,3.652000,0.000000,0.580000,cyclist,crossing,distracted,,0.000000,0.625000,4.340000,3.740000,0.000000,0.000000,0.000000,0.000000,0.000000,0.000000,0.000000,3.740000,3.740000,3.740000,3.740000,0.000000,horizon_mpc_secbf,4,3.792220,true,osqp,optimal,25,2.069776,0,4.261466,geometric,false,-0.000000,0.000000,-0.000000,0.000000,,,0.000000,0.000001,5.829137,0.000000
crossing,context_ext,EESM-MPC-ECBF,95,9.500,2.000000,-0.250000,-0.000000,0.000000,1.979156,0.100000,3.710000,0.000000,0.580000,cyclist,crossing,distracted,,0.000000,0.625000,4.392220,3.792220,0.000000,0.000000,0.000000,0.000000,0.000000,0.000000,0.000000,3.792220,3.792220,3.792220,3.792220,0.000000,horizon_mpc_secbf,4,3.844584,true,osqp,optimal,25,2.077665,0,4.315145,geometric,false,0.000000,-0.000000,0.000000,-0.000000,,,0.000000,0.000000,5.829137,0.000000
crossing,context_ext,EESM-MPC-ECBF,96,9.600,2.000000,-0.250000,0.000000,-0.000000,-1.031845,0.100000,3.768000,0.000000,0.580000,cyclist,crossing,distracted,,0.000000,0.625000,4.444584,3.844584,0.000000,0.000000,0.000000,0.000000,0.000000,0.000000,0.000000,3.844584,3.844584,3.844584,3.844584,0.000000,horizon_mpc_secbf,4,3.897085,true,osqp,optimal,25,2.234786,0,4.368916,geometric,false,0.000000,-0.000000,0.000000,-0.000000,,,0.000000,0.000000,5.829137,0.000000
crossing,context_ext,EESM-MPC-ECBF,97,9.700,2.000000,-0.250000,0.000000,-0.000000,-1.102931,0.100000,3.826000,0.000000,0.580000,cyclist,crossing,distracted,,0.000000,0.625000,4.497085,3.897085,0.000000,0.000000,0.000000,0.000000,0.000000,0.000000,0.000000,3.897085,3.897085,3.897085,3.897085,0.000000,horizon_mpc_secbf,4,3.949720,true,osqp,optimal,25,2.095463,0,4.422777,geometric,false,0.000000,0.000000,0.000000,-0.000000,,,0.000000,0.000000,5.829137,0.000000
crossing,context_ext,EESM-MPC-ECBF,98,9.800,2.000000,-0.250000,0.000000,-0.000000,-1.102931,0.100000,3.884000,0.000000,0.580000,cyclist,crossing,distracted,,0.000000,0.625000,4.549720,3.949720,0.000000,0.000000,0.000000,0.000000,0.000000,0.000000,0.000000,3.949720,3.949720,3.949720,3.949720,0.000000,horizon_mpc_secbf,4,4.002485,true,osqp,optimal,25,2.877605,0,4.476724,geometric,false,-0.000000,0.000000,-0.000000,0.000000,,,0.000000,0.000000,5.829137,0.000000
crossing,context_ext,EESM-MPC-ECBF,99,9.900,2.000000,-0.250000,-0.000000,0.000000,2.134397,0.100000,3.942000,0.000000,0.580000,cyclist,crossing,distracted,,0.000000,0.625000,4.602485,4.002485,0.000000,0.000000,0.000000,0.000000,0.000000,0.000000,0.000000,4.002485,4.002485,4.002485,4.002485,0.000000,horizon_mpc_secbf,4,4.055373,true,osqp,optimal,25,3.087713,0,4.530756,geometric,false,0.000000,0.000000,-0.000000,0.000000,,,0.000000,0.000000,5.829137,0.000000
crossing,context_ext,EESM-MPC-ECBF,100,10.000,2.000000,-0.250000,-0.000000,0.000000,1.580662,0.100000,4.000000,0.000000,0.580000,cyclist,crossing,distracted,,0.000000,0.625000,4.655373,4.055373,0.000000,0.000000,0.000000,0.000000,0.000000,0.000000,0.000000,4.055373,4.055373,4.055373,4.055373,0.000000,horizon_mpc_secbf,4,4.108382,true,osqp,optimal,25,2.459522,0,4.584869,geometric,false,0.000000,0.000000,-0.000000,0.000000,,,0.000000,0.000000,5.829137,0.000000
crossing,context_ext,EESM-MPC-ECBF,101,10.100,2.000000,-0.250000,-0.000000,0.000000,1.580662,0.100000,4.058000,0.000000,0.580000,cyclist,crossing,distracted,,0.000000,0.625000,4.708382,4.108382,0.000000,0.000000,0.000000,0.000000,0.000000,0.000000,0.000000,4.108382,4.108382,4.108382,4.108382,0.000000,horizon_mpc_secbf,4,4.161508,true,osqp,optimal,25,2.130621,0,4.639061,geometric,false,0.000000,0.000000,-0.000000,0.000000,,,0.000000,0.000000,5.829137,0.000000
crossing,context_ext,EESM-MPC-ECBF,102,10.200,2.000000,-0.250000,-0.000000,0.000000,1.580662,0.100000,4.116000,0.000000,0.580000,cyclist,crossing,distracted,,0.000000,0.625000,4.761508,4.161508,0.000000,0.000000,0.000000,0.000000,0.000000,0.000000,0.000000,4.161508,4.161508,4.161508,4.161508,0.000000,horizon_mpc_secbf,4,4.214746,true,osqp,optimal,25,2.145723,0,4.693331,geometric,false,0.000000,0.000000,-0.000000,0.000000,,,0.000000,0.000000,5.829137,0.000000
crossing,context_ext,EESM-MPC-ECBF,103,10.300,2.000000,-0.250000,-0.000000,0.000000,1.580662,0.100000,4.174000,0.000000,0.580000,cyclist,crossing,distracted,,0.000000,0.625000,4.814746,4.214746,0.000000,0.000000,0.000000,0.000000,0.000000,0.000000,0.000000,4.214746,4.214746,4.214746,4.214746,0.000000,horizon_mpc_secbf,4,4.268092,true,osqp,optimal,25,2.069226,0,4.747675,geometric,false,0.000000,0.000000,-0.000000,0.000000,,,0.000000,0.000000,5.829137,0.000000
crossing,context_ext,EESM-MPC-ECBF,104,10.400,2.000000,-0.250000,-0.000000,0.000000,1.580662,0.100000,4.232000,0.000000,0.580000,cyclist,crossing,distracted,,0.000000,0.625000,4.868092,4.268092,0.000000,0.000000,0.000000,0.000000,0.000000,0.000000,0.000000,4.268092,4.268092,4.268092,4.268092,0.000000,horizon_mpc_secbf,4,4.321544,true,osqp,optimal,25,3.121818,0,4.802092,geometric,false,0.000000,0.000000,-0.000000,0.000000,,,0.000000,0.000000,5.829137,0.000000
crossing,context_ext,EESM-MPC-ECBF,105,10.500,2.000000,-0.250000,-0.000000,0.000000,1.580662,0.100000,4.290000,0.000000,0.580000,cyclist,crossing,distracted,,0.000000,0.625000,4.921544,4.321544,0.000000,0.000000,0.000000,0.000000,0.000000,0.000000,0.000000,4.321544,4.321544,4.321544,4.321544,0.000000,horizon_mpc_secbf,4,4.375098,true,osqp,optimal,25,3.162995,0,4.856580,geometric,false,0.000000,0.000000,-0.000000,0.000000,,,0.000000,0.000000,5.829137,0.000000
crossing,context_ext,EESM-MPC-ECBF,106,10.600,2.000000,-0.250000,-0.000000,0.000000,1.580662,0.100000,4.348000,0.000000,0.580000,cyclist,crossing,distracted,,0.000000,0.625000,4.975098,4.375098,0.000000,0.000000,0.000000,0.000000,0.000000,0.000000,0.000000,4.375098,4.375098,4.375098,4.375098,0.000000,horizon_mpc_secbf,4,4.428751,true,osqp,optimal,25,3.484764,0,4.911136,geometric,false,0.000000,0.000000,-0.000000,0.000000,,,0.000000,0.000000,5.829137,0.000000
crossing,context_ext,EESM-MPC-ECBF,107,10.700,2.000000,-0.250000,-0.000000,0.000000,1.580662,0.100000,4.406000,0.000000,0.580000,cyclist,crossing,distracted,,0.000000,0.625000,5.028751,4.428751,0.000000,0.000000,0.000000,0.000000,0.000000,0.000000,0.000000,4.428751,4.428751,4.428751,4.428751,0.000000,horizon_mpc_secbf,4,4.482499,true,osqp,optimal,25,2.427500,0,4.965759,geometric,false,0.000000,0.000000,-0.000000,0.000000,,,0.000000,0.000000,5.829137,0.000000
crossing,context_ext,EESM-MPC-ECBF,108,10.800,2.000000,-0.250000,-0.000000,0.000000,1.580662,0.100000,4.464000,0.000000,0.580000,cyclist,crossing,distracted,,0.000000,0.625000,5.082499,4.482499,0.000000,0.000000,0.000000,0.000000,0.000000,0.000000,0.000000,4.482499,4.482499,4.482499,4.482499,0.000000,horizon_mpc_secbf,4,4.536340,true,osqp,optimal,25,2.079020,0,5.020447,geometric,false,0.000000,0.000000,-0.000000,0.000000,,,0.000000,0.000000,5.829137,0.000000
crossing,context_ext,EESM-MPC-ECBF,109,10.900,2.000000,-0.250000,-0.000000,0.000000,1.580662,0.100000,4.522000,0.000000,0.580000,cyclist,crossing,distracted,,0.000000,0.625000,5.136340,4.536340,0.000000,0.000000,0.000000,0.000000,0.000000,0.000000,0.000000,4.536340,4.536340,4.536340,4.536340,0.000000,horizon_mpc_secbf,4,4.590270,true,osqp,optimal,25,2.078816,0,5.075198,geometric,false,0.000000,0.000000,-0.000000,0.000000,,,0.000000,0.000000,5.829137,0.000000
crossing,context_ext,EESM-MPC-ECBF,110,11.000,2.000000,-0.250000,-0.000000,0.000000,1.580662,0.100000,4.580000,0.000000,0.580000,cyclist,crossing,distracted,,0.000000,0.625000,5.190270,4.590270,0.000000,0.000000,0.000000,0.000000,0.000000,0.000000,0.000000,4.590270,4.590270,4.590270,4.590270,0.000000,horizon_mpc_secbf,4,4.644287,true,osqp,optimal,25,2.831735,0,5.130010,geometric,false,0.000000,0.000000,-0.000000,0.000000,,,0.000000,0.000000,5.829137,0.000000
crossing,context_ext,EESM-MPC-ECBF,111,11.100,2.000000,-0.250000,-0.000000,0.000000,1.580662,0.100000,4.638000,0.000000,0.580000,cyclist,crossing,distracted,,0.000000,0.625000,5.244287,4.644287,0.000000,0.000000,0.000000,0.000000,0.000000,0.000000,0.000000,4.644287,4.644287,4.644287,4.644287,0.000000,horizon_mpc_secbf,4,4.698388,true,osqp,optimal,25,2.878891,0,5.184883,geometric,false,0.000000,0.000000,-0.000000,0.000000,,,0.000000,0.000000,5.829137,0.000000
crossing,context_ext,EESM-MPC-ECBF,112,11.200,2.000000,-0.250000,-0.000000,0.000000,1.580662,0.100000,4.696000,0.000000,0.580000,cyclist,crossing,distracted,,0.000000,0.625000,5.298388,4.698388,0.000000,0.000000,0.000000,0.000000,0.000000,0.000000,0.000000,4.698388,4.698388,4.698388,4.698388,0.000000,horizon_mpc_secbf,4,4.752571,true,osqp,optimal,25,2.388225,0,5.239813,geometric,false,0.000000,0.000000,0.000000,0.000000,,,0.000000,0.000000,5.829137,0.000000
crossing,context_ext,EESM-MPC-ECBF,113,11.300,2.000000,-0.250000,0.000000,0.000000,1.580662,0.100000,4.754000,0.000000,0.580000,cyclist,crossing,distracted,,0.000000,0.625000,5.352571,4.752571,0.000000,0.000000,0.000000,0.000000,0.000000,0.000000,0.000000,4.752571,4.752571,4.752571,4.752571,0.000000,horizon_mpc_secbf,4,4.806833,true,osqp,optimal,25,2.334840,0,5.294800,geometric,false,0.000000,0.000000,0.000000,0.000000,,,0.000000,0.000000,5.829137,0.000000
crossing,context_ext,EESM-MPC-ECBF,114,11.400,2.000000,-0.250000,0.000000,0.000000,1.580662,0.100000,4.812000,0.000000,0.580000,cyclist,crossing,distracted,,0.000000,0.625000,5.406833,4.806833,0.000000,0.000000,0.000000,0.000000,0.000000,0.000000,0.000000,4.806833,4.806833,4.806833,4.806833,0.000000,horizon_mpc_secbf,4,4.861172,true,osqp,optimal,25,2.125490,0,5.349842,geometric,false,0.000000,0.000000,0.000000,0.000000,,,0.000000,0.000000,5.829137,0.000000
crossing,context_ext,EESM-MPC-ECBF,115,11.500,2.000000,-0.250000,0.000000,0.000000,1.580662,0.100000,4.870000,0.000000,0.580000,cyclist,crossing,distracted,,0.000000,0.625000,5.461172,4.861172,0.000000,0.000000,0.000000,0.000000,0.000000,0.000000,0.000000,4.861172,4.861172,4.861172,4.861172,0.000000,horizon_mpc_secbf,4,4.915586,true,osqp,optimal,25,2.108880,0,5.404938,geometric,false,0.000000,0.000000,0.000000,0.000000,,,0.000000,0.000000,5.829137,0.000000
crossing,context_ext,EESM-MPC-ECBF,116,11.600,2.000000,-0.250000,0.000000,0.000000,1.580662,0.100000,4.928000,0.000000,0.580000,cyclist,crossing,distracted,,0.000000,0.625000,5.515586,4.915586,0.000000,0.000000,0.000000,0.000000,0.000000,0.000000,0.000000,4.915586,4.915586,4.915586,4.915586,0.000000,horizon_mpc_secbf,4,4.970071,true,osqp,optimal,25,2.252305,0,5.460086,geometric,false,0.000000,0.000000,0.000000,0.000000,,,0.000000,0.000000,5.829137,0.000000
crossing,context_ext,EESM-MPC-ECBF,117,11.700,2.000000,-0.250000,0.000000,0.000000,1.580662,0.100000,4.986000,0.000000,0.580000,cyclist,crossing,distracted,,0.000000,0.625000,5.570071,4.970071,0.000000,0.000000,0.000000,0.000000,0.000000,0.000000,0.000000,4.970071,4.970071,4.970071,4.970071,0.000000,horizon_mpc_secbf,4,5.024628,true,osqp,optimal,25,2.845773,0,5.515285,geometric,false,0.000000,0.000000,0.000000,0.000000,,,0.000000,0.000000,5.829137,0.000000
crossing,context_ext,EESM-MPC-ECBF,118,11.800,2.000000,-0.250000,0.000000,0.000000,1.580662,0.100000,5.044000,0.000000,0.580000,cyclist,crossing,distracted,,0.000000,0.625000,5.624628,5.024628,0.000000,0.000000,0.000000,0.000000,0.000000,0.000000,0.000000,5.024628,5.024628,5.024628,5.024628,0.000000,horizon_mpc_secbf,4,5.079252,true,osqp,optimal,25,2.288844,0,5.570534,geometric,false,0.000000,0.000000,0.000000,0.000000,,,0.000000,0.000000,5.829137,0.000000
crossing,context_ext,EESM-MPC-ECBF,119,11.900,2.000000,-0.250000,0.000000,0.000000,1.580662,0.100000,5.102000,0.000000,0.580000,cyclist,crossing,distracted,,0.000000,0.625000,5.679252,5.079252,0.000000,0.000000,0.000000,0.000000,0.000000,0.000000,0.000000,5.079252,5.079252,5.079252,5.079252,0.000000,horizon_mpc_secbf,4,5.133943,true,osqp,optimal,25,2.168664,0,5.625831,geometric,false,0.000000,0.000000,0.000000,0.000000,,,0.000000,0.000000,5.829137,0.000000
crossing,context_ext,SEESM w/o Feasibility-Preserving Update,0,0.000,-2.000000,-0.250000,0.000000,0.000000,0.000000,0.100000,-1.800000,0.000000,0.580000,pedestrian,walking,unknown,5.835878,1.000000,0.625000,2.610077,2.010077,0.256000,0.256000,0.256000,0.256000,0.296875,0.552875,0.256000,2.010077,1.713201,1.457201,1.457201,0.000000,horizon_mpc_secbf,4,1.092758,true,osqp,optimal,50,2.368587,0,0.613113,accept,false,0.750000,0.000000,0.621017,-0.000000,,,0.621017,0.621017,0.062102,4.000000
crossing,context_ext,SEESM w/o Feasibility-Preserving Update,1,0.100,-1.937898,-0.250000,0.621017,-0.000000,-0.000000,0.100000,-1.742000,0.000000,0.580000,pedestrian,walking,unknown,2.282423,1.000000,0.625000,2.525687,1.925687,0.297222,0.297222,0.297222,0.297222,0.840665,1.137887,0.041222,1.925687,1.085021,0.787800,0.787800,0.000000,horizon_mpc_secbf,4,0.414151,true,osqp,optimal,50,2.229003,0,-0.140693,accept,false,0.750000,0.000000,0.726101,-0.000000,,,0.726101,0.105085,0.134712,3.937898
crossing,context_ext,SEESM w/o Feasibility-Preserving Update,2,0.200,-1.865288,-0.250000,0.726101,-0.000000,-0.000000,0.100000,-1.684000,0.000000,0.580000,pedestrian,walking,unknown,1.974132,1.000000,0.625000,2.432841,1.832841,0.304621,0.304621,0.304621,0.304621,0.927882,1.232503,0.007399,1.832841,0.904958,0.600338,0.600338,0.000000,horizon_mpc_secbf,4,0.225948,true,osqp,optimal,50,2.172358,0,-0.335756,accept,false,0.750000,0.000000,0.735591,-0.000000,,,0.735591,0.009489,0.208271,3.865288
crossing,context_ext,SEESM w/o Feasibility-Preserving Update,3,0.300,-1.791729,-0.250000,0.735591,-0.000000,-0.000000,0.100000,-1.626000,0.000000,0.580000,pedestrian,walking,unknown,1.858075,1.000000,0.625000,2.339234,1.739234,0.307406,0.307406,0.307406,0.307406,0.935570,1.242976,0.002785,1.739234,0.803664,0.496258,0.496258,0.000000,horizon_mpc_secbf,4,0.121896,true,osqp,optimal,50,2.809595,0,-0.439784,accept,false,0.750000,0.000000,0.735592,-0.000000,,,0.735592,0.000001,0.281830,3.791729
crossing,context_ext,SEESM w/o Feasibility-Preserving Update,4,0.400,-1.718170,-0.250000,0.735592,-0.000000,-0.000000,0.100000,-1.568000,0.000000,0.580000,pedestrian,walking,unknown,1.758189,1.000000,0.625000,2.245633,1.645633,0.309803,0.309803,0.309803,0.309803,0.935434,1.245238,0.002397,1.645633,0.710198,0.400395,0.400395,0.000000,horizon_mpc_secbf,4,0.026064,true,osqp,optimal,50,2.313274,0,-0.535587,accept,false,0.750000,0.000000,0.735592,-0.000000,,,0.735592,0.000000,0.355389,3.718170
crossing,context_ext,SEESM w/o Feasibility-Preserving Update,5,0.500,-1.644611,-0.250000,0.735592,-0.000000,-0.000000,0.100000,-1.510000,0.000000,0.580000,pedestrian,walking,unknown,1.658313,1.000000,0.625000,2.152038,1.552038,0.312200,0.312200,0.312200,0.312200,0.935272,1.247472,0.002397,1.552038,0.616766,0.304565,0.304565,0.000194,horizon_mpc_secbf,4,-0.000194,true,osqp,optimal,50,2.441831,0,-0.480161,accept,false,0.750000,0.000000,0.616664,0.093222,,,0.623670,0.151110,0.417756,3.644611
crossing,context_ext,SEESM w/o Feasibility-Preserving Update,6,0.600,-1.582944,-0.240678,0.616664,0.093222,0.150036,0.100000,-1.452000,0.000000,0.580000,pedestrian,walking,unknown,1.877454,1.000000,0.625000,2.073548,1.473548,0.306941,0.306941,0.306941,0.306941,0.784394,1.091335,0.000000,1.473548,0.689154,0.382213,0.382213,0.000000,horizon_mpc_secbf,4,0.011345,true,osqp,optimal,50,2.282158,0,-0.536837,accept,false,0.749997,-0.001951,0.725374,0.014559,,,0.725520,0.134185,0.490308,3.582957
crossing,context_ext,SEESM w/o Feasibility-Preserving Update,7,0.700,-1.510407,-0.239222,0.725374,0.014559,0.020069,0.100000,-1.394000,0.000000,0.580000,pedestrian,walking,unknown,1.503446,1.000000,0.625000,1.981647,1.381647,0.315917,0.315917,0.315917,0.315917,0.918349,1.234266,0.008976,1.381647,0.463298,0.147380,0.147380,0.000595,horizon_mpc_secbf,4,-0.000592,true,osqp,optimal,25,2.093445,0,-0.302004,accept,false,0.749996,-0.002303,0.343677,0.287094,,,0.447813,0.469007,0.535090,3.510424
crossing,context_ext,SEESM w/o Feasibility-Preserving Update,8,0.800,-1.476039,-0.210512,0.343677,0.287094,0.695933,0.100000,-1.336000,0.000000,0.580000,pedestrian,walking,unknown,2.970963,1.000000,0.625000,1.936652,1.336652,0.280697,0.280697,0.280697,0.280697,0.449403,0.730100,0.000000,1.336652,0.887249,0.606552,0.606552,0.000000,horizon_mpc_secbf,4,0.245572,true,osqp,optimal,50,2.423129,0,-0.257576,accept,false,0.749952,-0.008519,0.679844,0.045073,,,0.681337,0.414225,0.603223,3.476264
crossing,context_ext,SEESM w/o Feasibility-Preserving Update,9,0.900,-1.408055,-0.206005,0.679844,0.045073,0.066203,0.100000,-1.278000,0.000000,0.580000,pedestrian,walking,unknown,1.446978,1.000000,0.625000,1.850244,1.250244,0.317273,0.317273,0.317273,0.317273,0.863140,1.180412,0.036576,1.250244,0.387104,0.069832,0.069832,0.000781,horizon_mpc_secbf,4,-0.000781,true,osqp,optimal,50,3.130202,0,-0.211161,accept,false,0.749938,-0.009681,0.209850,0.388875,,,0.441883,0.582318,0.647412,3.408339
crossing,context_ext,SEESM w/o Feasibility-Preserving Update,10,1.000,-1.387070,-0.167118,0.209850,0.388875,1.075947,0.100000,-1.220000,0.000000,0.580000,cyclist,crossing,distracted,4.338058,1.000000,0.625000,1.822070,1.222070,0.504875,0.504875,0.504875,0.504875,0.281318,0.786193,0.187602,1.222070,0.940752,0.435877,0.435877,0.000000,horizon_mpc_secbf,4,0.082627,true,osqp,optimal,50,2.309827,0,-0.393243,accept,false,0.749776,-0.018347,0.656927,0.072992,,,0.660969,0.547412,0.713509,3.388084
crossing,context_ext,SEESM w/o Feasibility-Preserving Update,11,1.100,-1.321377,-0.159818,0.656927,0.072992,0.110658,0.100000,-1.162000,0.000000,0.580000,cyclist,crossing,distracted,1.374053,1.000000,0.625000,1.739161,1.139161,0.634859,0.634859,0.634859,0.634859,0.828347,1.463206,0.129984,1.139161,0.310814,-0.324045,-0.324045,0.316732,horizon_mpc_secbf,4,-0.316656,true,osqp,optimal,1300,3.742909,0,0.066030,accept,false,0.749724,-0.020356,0.019963,0.735590,,,0.735861,0.919107,0.787095,3.322601
crossing,context_ext,SEESM w/o Feasibility-Preserving Update,12,1.200,-1.319381,-0.086259,0.019963,0.735590,1.543664,0.100000,-1.104000,0.000000,0.580000,cyclist,crossing,distracted,,0.000000,0.625000,1.746550,1.146550,0.306875,0.306875,0.306875,0.306875,0.000000,0.306875,0.000000,1.146550,1.146550,0.839675,0.839675,0.000000,horizon_mpc_secbf,4,0.494315,true,osqp,optimal,50,2.358261,0,0.072782,accept,false,0.749089,-0.036952,0.624353,0.134678,,,0.638714,0.852281,0.850966,3.323417
crossing,context_ext,SEESM w/o Feasibility-Preserving Update,13,1.300,-1.256946,-0.072792,0.624353,0.134678,0.212452,0.100000,-1.046000,0.000000,0.580000,cyclist,crossing,distracted,1.395059,1.000000,0.625000,1.669861,1.069861,0.633820,0.633820,0.633820,0.633820,0.766891,1.400710,0.326945,1.069861,0.302970,-0.330849,-0.330849,0.325049,horizon_mpc_secbf,4,-0.324966,true,osqp,optimal,1675,4.253207,0,0.052368,accept,false,0.748892,-0.040747,0.040012,0.735597,,,0.736684,0.838188,0.924634,3.261763
crossing,context_ext,SEESM w/o Feasibility-Preserving Update,14,1.400,-1.252944,0.000768,0.040012,0.735597,1.516456,0.100000,-0.988000,0.000000,0.580000,cyclist,crossing,distracted,,0.000000,0.625000,1.675745,1.075745,0.306875,0.306875,0.306875,0.306875,0.000000,0.306875,0.000000,1.075745,1.075745,0.768870,0.768870,0.000000,horizon_mpc_secbf,4,0.423098,true,osqp,optimal,50,3.490730,0,-0.001146,accept,false,0.747781,-0.057646,0.627797,0.134014,,,0.641941,0.841066,0.988829,3.262596
crossing,context_ext,SEESM w/o Feasibility-Preserving Update,15,1.500,-1.190165,0.014169,0.627797,0.134014,0.210311,0.100000,-0.930000,0.000000,0.580000,cyclist,crossing,distracted,1.297054,1.000000,0.625000,1.598744,0.998744,0.638671,0.638671,0.638671,0.638671,0.769938,1.408609,0.331796,0.998744,0.228805,-0.409865,-0.409865,0.405600,horizon_mpc_secbf,4,-0.405509,true,osqp,optimal,1650,4.724181,0,0.038482,accept,false,0.747442,-0.061894,0.060899,0.735598,,,0.738115,0.826606,1.062640,3.201084
crossing,context_ext,SEESM w/o Feasibility-Preserving Update,16,1.600,-1.184075,0.087729,0.060899,0.735598,1.488197,0.100000,-0.872000,0.000000,0.580000,cyclist,crossing,distracted,,0.000000,0.625000,1.603100,1.003100,0.306875,0.306875,0.306875,0.306875,0.000000,0.306875,0.000000,1.003100,1.003100,0.696225,0.696225,0.000000,horizon_mpc_secbf,4,0.349983,true,osqp,optimal,50,2.296438,0,-0.077105,accept,false,0.745816,-0.079107,0.631386,0.133021,,,0.645246,0.829792,1.127165,3.201936
crossing,context_ext,SEESM w/o Feasibility-Preserving Update,17,1.700,-1.120936,0.101031,0.631386,0.133021,0.207645,0.100000,-0.814000,0.000000,0.580000,cyclist,crossing,distracted,1.197160,1.000000,0.625000,1.525768,0.925768,0.643616,0.643616,0.643616,0.643616,0.773011,1.416627,0.336741,0.925768,0.152757,-0.490859,-0.490859,0.488149,horizon_mpc_secbf,4,-0.488051,true,osqp,optimal,1625,4.345976,0,0.024377,accept,false,0.745300,-0.083829,0.082750,0.735579,,,0.740219,0.814910,1.201187,3.140616
crossing,context_ext,SEESM w/o Feasibility-Preserving Update,18,1.800,-1.112661,0.174589,0.082750,0.735579,1.458771,0.100000,-0.756000,0.000000,0.580000,cyclist,crossing,distracted,,0.000000,0.625000,1.528576,0.928576,0.306875,0.306875,0.306875,0.306875,0.000000,0.306875,0.000000,0.928576,0.928576,0.621701,0.621701,0.000000,horizon_mpc_secbf,4,0.274935,true,osqp,optimal,50,2.540356,0,-0.155140,accept,false,0.743118,-0.101367,0.635142,0.131630,,,0.648638,0.818469,1.266050,3.141486
crossing,context_ext,SEESM w/o Feasibility-Preserving Update,19,1.900,-1.049147,0.187752,0.635142,0.131630,0.204352,0.100000,-0.698000,0.000000,0.580000,cyclist,crossing,distracted,1.095423,1.000000,0.625000,1.450895,0.850895,0.648652,0.648652,0.648652,0.648652,0.775984,1.424636,0.341777,0.850895,0.074911,-0.573741,-0.573741,0.572593,horizon_mpc_secbf,4,-0.572487,true,osqp,optimal,1750,5.517952,0,0.010178,accept,false,0.742388,-0.106581,0.105619,0.735579,,,0.743123,0.803212,1.340363,3.080410
crossing,context_ext,SEESM w/o Feasibility-Preserving Update,20,2.000,-1.038585,0.261310,0.105619,0.735579,1.428184,0.100000,-0.640000,0.000000,0.580000,cyclist,crossing,distracted,,0.000000,0.625000,1.452149,0.852149,0.306875,0.306875,0.306875,0.306875,0.000000,0.306875,0.000000,0.852149,0.852149,0.545274,0.545274,0.000000,horizon_mpc_secbf,4,0.197947,true,osqp,optimal,50,2.285318,0,-0.235249,accept,false,0.739602,-0.124455,0.639071,0.129768,,,0.652113,0.807203,1.405574,3.081305
crossing,context_ext,SEESM w/o Feasibility-Preserving Update,21,2.100,-0.974678,0.274287,0.639071,0.129768,0.200334,0.100000,-0.582000,0.000000,0.580000,cyclist,crossing,distracted,0.991957,1.000000,0.625000,1.374104,0.774104,0.653773,0.653773,0.653773,0.653773,0.778592,1.432365,0.346898,0.774104,-0.004488,-0.658261,-0.658261,0.658947,horizon_mpc_secbf,4,-0.658554,true,osqp,optimal,2175,5.080898,0,-0.003734,accept,false,0.738616,-0.130181,0.129632,0.735600,,,0.746935,0.791556,1.480268,3.020528
crossing,context_ext,SEESM w/o Feasibility-Preserving Update,22,2.200,-0.961715,0.347847,0.129632,0.735600,1.396361,0.100000,-0.524000,0.000000,0.580000,cyclist,crossing,distracted,538.963993,0.999999,0.625000,1.373811,0.773811,0.504875,0.504875,0.504875,0.504875,0.000000,0.504875,0.000000,0.773811,0.787237,0.282362,0.268936,0.000212,horizon_mpc_secbf,4,-0.000207,true,osqp,optimal,50,2.747506,0,-0.339847,accept,false,0.735172,-0.148401,0.510223,0.241716,,,0.564583,0.623516,1.536726,3.021453
crossing,context_ext,SEESM w/o Feasibility-Preserving Update,23,2.300,-0.910693,0.372019,0.510223,0.241716,0.442424,0.100000,-0.466000,0.000000,0.580000,cyclist,crossing,distracted,1.171243,1.000000,0.625000,1.312926,0.712926,0.644898,0.644898,0.644898,0.644898,0.605675,1.250573,0.140024,0.712926,0.107251,-0.537647,-0.537647,0.545238,horizon_mpc_secbf,4,-0.544248,true,osqp,optimal,3075,7.471937,0,-0.016089,accept,false,0.733440,-0.156737,0.156325,0.731436,,,0.747955,0.604210,1.611521,2.976414
crossing,context_ext,SEESM w/o Feasibility-Preserving Update,24,2.400,-0.895060,0.445162,0.156325,0.731436,1.360241,0.100000,-0.408000,0.000000,0.580000,cyclist,crossing,distracted,35.350281,1.000000,0.625000,1.310737,0.710737,0.504875,0.504875,0.504875,0.504875,0.002037,0.506912,0.000000,0.710737,0.708700,0.203825,0.203825,0.000389,horizon_mpc_secbf,4,-0.000385,true,osqp,optimal,50,2.505049,0,-0.265987,accept,false,0.729271,-0.175113,0.409306,0.335000,,,0.528920,0.470278,1.664413,2.977352
crossing,context_ext,SEESM w/o Feasibility-Preserving Update,25,2.500,-0.854129,0.478662,0.409306,0.335000,0.685894,0.100000,-0.350000,0.000000,0.580000,cyclist,crossing,distracted,1.413181,1.000000,0.625000,1.263742,0.663742,0.632923,0.632923,0.632923,0.632923,0.465310,1.098233,0.128048,0.663742,0.198432,-0.434491,-0.434491,0.450959,horizon_mpc_secbf,4,-0.449992,true,osqp,optimal,1800,4.652065,0,-0.030503,accept,false,0.726691,-0.185525,0.183840,0.720041,,,0.743139,0.446197,1.738727,2.945675
crossing,context_ext,SEESM w/o Feasibility-Preserving Update,26,2.600,-0.835745,0.550666,0.183840,0.720041,1.320819,0.100000,-0.292000,0.000000,0.580000,cyclist,crossing,distracted,15.367799,1.000000,0.625000,1.259248,0.659248,0.504875,0.504875,0.504875,0.504875,0.021882,0.526757,0.000000,0.659248,0.637367,0.132492,0.132492,0.000586,horizon_mpc_secbf,4,-0.000582,true,osqp,optimal,50,3.366368,0,-0.185397,accept,false,0.721781,-0.203793,0.303309,0.440895,,,0.535149,0.303637,1.792242,2.946611
crossing,context_ext,SEESM w/o Feasibility-Preserving Update,27,2.700,-0.805415,0.594756,0.303309,0.440895,0.968210,0.100000,-0.234000,0.000000,0.580000,cyclist,crossing,distracted,1.975218,1.000000,0.625000,1.227441,0.627441,0.605102,0.605102,0.605102,0.605102,0.311936,0.917038,0.100227,0.627441,0.315505,-0.289597,-0.289597,0.315156,horizon_mpc_secbf,4,-0.314170,true,osqp,optimal,1550,4.125596,0,-0.045332,accept,false,0.718149,-0.216246,0.213169,0.707893,,,0.739293,0.281803,1.866171,2.929840
crossing,context_ext,SEESM w/o Feasibility-Preserving Update,28,2.800,-0.784098,0.665545,0.213169,0.707893,1.278301,0.100000,-0.176000,0.000000,0.580000,cyclist,crossing,distracted,9.370677,1.000000,0.625000,1.220585,0.620585,0.504875,0.504875,0.504875,0.504875,0.041621,0.546496,0.000000,0.620585,0.578964,0.074089,0.074089,0.000752,horizon_mpc_secbf,4,-0.000749,true,osqp,optimal,50,2.472625,0,-0.120250,accept,false,0.712465,-0.234293,0.223756,0.532109,,,0.577240,0.176103,1.923895,2.930772
crossing,context_ext,SEESM w/o Feasibility-Preserving Update,29,2.900,-0.761722,0.718756,0.223756,0.532109,1.172736,0.100000,-0.118000,0.000000,0.580000,cyclist,crossing,distracted,3.100381,1.000000,0.625000,1.201135,0.601135,0.549406,0.549406,0.549406,0.549406,0.186587,0.735993,0.044531,0.601135,0.414548,-0.134858,-0.134858,0.169390,horizon_mpc_secbf,4,-0.168365,true,osqp,optimal,1150,3.740191,0,-0.060179,accept,false,0.707722,-0.248254,0.243861,0.695183,,,0.736714,0.164309,1.997567,2.926704
crossing,context_ext,SEESM w/o Feasibility-Preserving Update,30,3.000,-0.737336,0.788274,0.243861,0.695183,1.233421,0.100000,-0.060000,0.000000,0.580000,cyclist,crossing,distracted,6.625651,1.000000,0.625000,1.191932,0.591932,0.504875,0.504875,0.504875,0.504875,0.060356,0.565231,0.000000,0.591932,0.531576,0.026701,0.026701,0.012089,horizon_mpc_secbf,4,-0.011112,true,osqp,optimal,1825,5.829931,0,-0.067633,accept,false,0.701250,-0.265985,0.260992,0.688090,,,0.735924,0.018542,2.071159,2.927631
crossing,context_ext,SEESM w/o Feasibility-Preserving Update,31,3.100,-0.711237,0.857083,0.260992,0.688090,1.208261,0.100000,-0.002000,0.000000,0.580000,cyclist,crossing,distracted,5.781021,1.000000,0.625000,1.181579,0.581579,0.504875,0.504875,0.504875,0.504875,0.068838,0.573713,0.000000,0.581579,0.512741,0.007866,0.007866,0.034845,horizon_mpc_secbf,4,-0.033938,true,osqp,optimal,2125,6.062068,0,-0.074766,accept,false,0.694345,-0.283523,0.278078,0.681013,,,0.735599,0.018493,2.144719,2.928556
crossing,context_ext,SEESM w/o Feasibility-Preserving Update,32,3.200,-0.683429,0.925185,0.278078,0.681013,1.183130,0.100000,0.056000,0.000000,0.580000,cyclist,crossing,distracted,5.129766,1.000000,0.625000,1.170146,0.570146,0.504875,0.504875,0.504875,0.504875,0.076226,0.581101,0.000000,0.570146,0.493921,-0.010954,-0.010954,0.057224,horizon_mpc_secbf,4,-0.056408,true,osqp,optimal,1525,4.552743,0,-0.081554,accept,false,0.687007,-0.300869,0.295146,0.673943,,,0.735738,0.018474,2.218293,2.929479
crossing,context_ext,SEESM w/o Feasibility-Preserving Update,33,3.300,-0.653914,0.992579,0.295146,0.673943,1.158017,0.100000,0.114000,0.000000,0.580000,cyclist,crossing,distracted,4.612589,1.000000,0.625000,1.157708,0.557708,0.504875,0.504875,0.504875,0.504875,0.082409,0.587284,0.000000,0.557708,0.475299,-0.029576,-0.029576,0.079011,horizon_mpc_secbf,4,-0.078306,true,osqp,optimal,1825,6.250365,0,-0.087969,accept,false,0.679236,-0.318022,0.312229,0.666868,,,0.736342,0.018490,2.291927,2.930403
crossing,context_ext,SEESM w/o Feasibility-Preserving Update,34,3.400,-0.622691,1.059266,0.312229,0.666868,1.132909,0.100000,0.172000,0.000000,0.580000,cyclist,crossing,distracted,4.192735,1.000000,0.625000,1.144344,0.544344,0.504875,0.504875,0.504875,0.504875,0.087265,0.592140,0.000000,0.544344,0.457079,-0.047796,-0.047796,0.099969,horizon_mpc_secbf,4,-0.099392,true,osqp,optimal,2050,5.133824,0,-0.093978,accept,false,0.671033,-0.334984,0.329360,0.659772,,,0.737412,0.018542,2.365668,2.931329
crossing,context_ext,SEESM w/o Feasibility-Preserving Update,35,3.500,-0.589756,1.125243,0.329360,0.659772,1.107787,0.100000,0.230000,0.000000,0.580000,cyclist,crossing,distracted,3.846485,1.000000,0.625000,1.130143,0.530143,0.512474,0.512474,0.512474,0.512474,0.090653,0.603127,0.007599,0.530143,0.439490,-0.072984,-0.072984,0.127427,horizon_mpc_secbf,4,-0.126989,true,osqp,optimal,1050,4.026988,0,-0.099534,accept,false,0.662397,-0.351754,0.346571,0.652644,,,0.738956,0.018629,2.439564,2.932256
crossing,context_ext,SEESM w/o Feasibility-Preserving Update,36,3.600,-0.555098,1.190507,0.346571,0.652644,1.082637,0.100000,0.288000,0.000000,0.580000,cyclist,crossing,distracted,3.558123,1.000000,0.625000,1.115201,0.515201,0.526748,0.526748,0.526748,0.526748,0.092406,0.619154,0.014274,0.515201,0.422795,-0.103953,-0.103953,0.160155,horizon_mpc_secbf,4,-0.159861,true,osqp,optimal,1025,5.478070,0,-0.104581,accept,false,0.653325,-0.368330,0.363896,0.645466,,,0.740977,0.018754,2.513662,2.933188
crossing,context_ext,SEESM w/o Feasibility-Preserving Update,37,3.700,-0.518709,1.255054,0.363896,0.645466,1.057440,0.100000,0.346000,0.000000,0.580000,cyclist,crossing,distracted,3.316973,1.000000,0.625000,1.099627,0.499627,0.538685,0.538685,0.538685,0.538685,0.092345,0.631029,0.011937,0.499627,0.407282,-0.131403,-0.131403,0.188800,horizon_mpc_secbf,4,-0.188641,true,osqp,optimal,1250,5.663754,0,-0.109042,accept,false,0.643815,-0.384711,0.381363,0.638227,,,0.743486,0.018908,2.588010,2.934124
crossing,context_ext,SEESM w/o Feasibility-Preserving Update,38,3.800,-0.480573,1.318876,0.381363,0.638227,1.032191,0.100000,0.404000,0.000000,0.580000,cyclist,crossing,distracted,3.116105,1.000000,0.625000,1.083542,0.483542,0.548628,0.548628,0.548628,0.548628,0.090258,0.638885,0.009943,0.483542,0.393284,-0.155343,-0.155343,0.213321,horizon_mpc_secbf,4,-0.213269,true,osqp,optimal,1325,3.956915,0,-0.112845,accept,false,0.633863,-0.400896,0.399027,0.630905,,,0.746501,0.019121,2.662660,2.935066
crossing,context_ext,SEESM w/o Feasibility-Preserving Update,39,3.900,-0.440670,1.381967,0.399027,0.630905,1.006844,0.100000,0.462000,0.000000,0.580000,cyclist,crossing,distracted,2.950744,1.000000,0.625000,1.067082,0.467082,0.556813,0.556813,0.556813,0.556813,0.085932,0.642745,0.008185,0.467082,0.381150,-0.175664,-0.175664,0.233574,horizon_mpc_secbf,4,-0.233574,true,osqp,optimal,3775,8.479636,0,-0.115856,accept,false,0.623465,-0.416883,0.416852,0.623432,,,0.749955,0.019328,2.737656,2.936015
crossing,context_ext,SEESM w/o Feasibility-Preserving Update,40,4.000,-0.398985,1.444310,0.416852,0.623432,0.981428,0.100000,0.520000,0.000000,0.580000,cyclist,crossing,distracted,2.818426,1.000000,0.625000,1.050397,0.450397,0.563363,0.563363,0.563363,0.563363,0.079176,0.642539,0.006550,0.450397,0.371221,-0.192142,-0.192142,0.251039,horizon_mpc_secbf,4,-0.250976,true,osqp,optimal,1600,4.424761,0,-0.119541,accept,false,0.612616,-0.432667,0.430599,0.609677,,,0.746406,0.019447,2.812296,2.936974
crossing,context_ext,SEESM w/o Feasibility-Preserving Update,41,4.100,-0.355925,1.505278,0.430599,0.609677,0.955872,0.100000,0.578000,0.000000,0.580000,cyclist,crossing,distracted,2.652399,1.000000,0.625000,1.033301,0.433301,0.571581,0.571581,0.571581,0.571581,0.076012,0.647593,0.008218,0.433301,0.357290,-0.214292,-0.214292,0.273600,horizon_mpc_secbf,4,-0.273283,true,osqp,optimal,1075,3.514991,0,-0.122194,accept,false,0.601426,-0.448092,0.444150,0.596125,,,0.743394,0.019165,2.886636,2.937921
crossing,context_ext,SEESM w/o Feasibility-Preserving Update,42,4.200,-0.311510,1.564890,0.444150,0.596125,0.930463,0.100000,0.636000,0.000000,0.580000,cyclist,crossing,distracted,2.518571,1.000000,0.625000,1.015961,0.415961,0.578206,0.578206,0.578206,0.578206,0.070382,0.648588,0.006624,0.415961,0.345579,-0.232627,-0.232627,0.291764,horizon_mpc_secbf,4,-0.290945,true,osqp,optimal,1225,4.536146,0,-0.123689,accept,false,0.589899,-0.463162,0.457542,0.582734,,,0.740894,0.018939,2.960725,2.938861
crossing,context_ext,SEESM w/o Feasibility-Preserving Update,43,4.300,-0.265755,1.623164,0.457542,0.582734,0.905167,0.100000,0.694000,0.000000,0.580000,cyclist,crossing,distracted,2.414839,1.000000,0.625000,0.998560,0.398560,0.583340,0.583340,0.583340,0.583340,0.062153,0.645494,0.005135,0.398560,0.336407,-0.246934,-0.246934,0.305304,horizon_mpc_secbf,4,-0.303678,true,osqp,optimal,1200,4.101745,0,-0.123879,accept,false,0.578039,-0.477881,0.470805,0.569467,,,0.738885,0.018759,3.034614,2.939794
crossing,context_ext,SEESM w/o Feasibility-Preserving Update,44,4.400,-0.218675,1.680110,0.470805,0.569467,0.879958,0.100000,0.752000,0.000000,0.580000,cyclist,crossing,distracted,2.341320,1.000000,0.625000,0.981296,0.381296,0.586980,0.586980,0.586980,0.586980,0.051193,0.638173,0.003639,0.381296,0.330103,-0.256876,-0.256876,0.313861,horizon_mpc_secbf,4,-0.311058,true,osqp,optimal,950,3.516798,0,-0.122577,accept,false,0.565850,-0.492254,0.483961,0.556320,,,0.737367,0.018599,3.108350,2.940722
crossing,context_ext,SEESM w/o Feasibility-Preserving Update,45,4.500,-0.170279,1.735742,0.483961,0.556320,0.854844,0.100000,0.810000,0.000000,0.580000,cyclist,crossing,distracted,2.300954,1.000000,0.625000,0.964391,0.364391,0.588978,0.588978,0.588978,0.588978,0.037365,0.626343,0.001998,0.364391,0.327026,-0.261952,-0.261952,0.316915,horizon_mpc_secbf,4,-0.312510,true,osqp,optimal,1150,3.757169,0,-0.119636,accept,false,0.553333,-0.506283,0.497045,0.543229,,,0.736310,0.018509,3.181981,2.941646
crossing,context_ext,SEESM w/o Feasibility-Preserving Update,46,4.600,-0.120574,1.790065,0.497045,0.543229,0.829765,0.100000,0.868000,0.000000,0.580000,cyclist,crossing,distracted,2.299061,1.000000,0.625000,0.948081,0.348081,0.589071,0.589071,0.589071,0.589071,0.020621,0.609692,0.000094,0.348081,0.327460,-0.261611,-0.261611,0.313870,horizon_mpc_secbf,4,-0.307396,true,osqp,optimal,1200,4.871108,0,-0.114849,accept,false,0.540491,-0.519971,0.510075,0.530197,,,0.735721,0.018429,3.255553,2.942567
crossing,context_ext,SEESM w/o Feasibility-Preserving Update,47,4.700,-0.069567,1.843085,0.510075,0.530197,0.804738,0.100000,0.926000,0.000000,0.580000,cyclist,crossing,distracted,2.347212,1.000000,0.625000,0.932629,0.332629,0.586688,0.586688,0.586688,0.586688,0.000898,0.587586,0.000000,0.332629,0.331732,-0.254956,-0.254956,0.303757,horizon_mpc_secbf,4,-0.294736,true,osqp,optimal,1325,4.246170,0,-0.108047,accept,false,0.527325,-0.533318,0.523079,0.517209,,,0.735606,0.018379,3.329114,2.943486
crossing,context_ext,SEESM w/o Feasibility-Preserving Update,48,4.800,-0.017259,1.894806,0.523079,0.517209,0.779755,0.100000,0.984000,0.000000,0.580000,cyclist,crossing,distracted,2.466318,1.000000,0.625000,0.918323,0.318323,0.580792,0.580792,0.580792,0.580792,0.000000,0.580792,0.000000,0.318323,0.340117,-0.240676,-0.262469,0.306983,horizon_mpc_secbf,4,-0.294959,true,osqp,optimal,1000,3.735835,0,-0.099111,accept,false,0.513837,-0.546326,0.536080,0.504205,,,0.735938,0.018388,3.402708,2.944406
crossing,context_ext,SEESM w/o Feasibility-Preserving Update,49,4.900,0.036349,1.945226,0.536080,0.504205,0.754767,0.100000,1.042000,0.000000,0.580000,cyclist,crossing,distracted,2.696279,1.000000,0.625000,0.905466,0.305466,0.569409,0.569409,0.569409,0.569409,0.000000,0.569409,0.000000,0.305466,0.352802,-0.216607,-0.263943,0.303216,horizon_mpc_secbf,4,-0.287803,true,osqp,optimal,800,3.492784,0,-0.087935,accept,false,0.500026,-0.558994,0.549118,0.491173,,,0.736737,0.018434,3.476382,2.945326
crossing,context_ext,SEESM w/o Feasibility-Preserving Update,50,5.000,0.091261,1.994344,0.549118,0.491173,0.729755,0.100000,1.100000,0.000000,0.580000,cyclist,crossing,distracted,3.125529,1.000000,0.625000,0.894386,0.294386,0.548161,0.548161,0.548161,0.548161,0.000000,0.548161,0.000000,0.294386,0.369983,-0.178178,-0.253775,0.286705,horizon_mpc_secbf,4,-0.269706,true,osqp,optimal,900,4.089624,0,-0.074446,accept,false,0.485891,-0.571323,0.562187,0.478112,,,0.738001,0.018477,3.550182,2.946246
crossing,context_ext,SEESM w/o Feasibility-Preserving Update,51,5.100,0.147480,2.042155,0.562187,0.478112,0.704755,0.100000,1.158000,0.000000,0.580000,cyclist,crossing,distracted,3.986735,1.000000,0.625000,0.885429,0.285429,0.505532,0.505532,0.505532,0.505532,0.000000,0.505532,0.000000,0.285429,0.391784,-0.113747,-0.220103,0.245464,horizon_mpc_secbf,4,-0.229179,true,osqp,optimal,1325,4.107061,0,-0.058662,accept,false,0.471432,-0.583311,0.575310,0.464961,,,0.739709,0.018578,3.624153,2.947169
crossing,context_ext,SEESM w/o Feasibility-Preserving Update,52,5.200,0.205011,2.088651,0.575310,0.464961,0.679716,0.100000,1.216000,0.000000,0.580000,cyclist,crossing,distracted,6.133267,1.000000,0.625000,0.878947,0.278947,0.504875,0.504875,0.504875,0.504875,0.000000,0.504875,0.000000,0.278947,0.418240,-0.086635,-0.225928,0.242358,horizon_mpc_secbf,4,-0.229575,true,osqp,optimal,1000,5.015203,0,-0.040599,accept,false,0.456648,-0.594956,0.588544,0.451737,,,0.741924,0.018709,3.698345,2.948097
crossing,context_ext,SEESM w/o Feasibility-Preserving Update,53,5.300,0.263865,2.133825,0.588544,0.451737,0.654639,0.100000,1.274000,0.000000,0.580000,cyclist,crossing,distracted,17.408948,1.000000,0.625000,0.875300,0.275300,0.504875,0.504875,0.504875,0.504875,0.000000,0.504875,0.000000,0.275300,0.449430,-0.055445,-0.229575,0.235647,horizon_mpc_secbf,4,-0.230034,true,osqp,optimal,1350,5.749558,0,-0.020362,accept,false,0.441535,-0.606256,0.601915,0.438376,,,0.744631,0.018902,3.772808,2.949031
crossing,context_ext,SEESM w/o Feasibility-Preserving Update,54,5.400,0.324057,2.177662,0.601915,0.438376,0.629470,0.100000,1.332000,0.000000,0.580000,cyclist,crossing,distracted,,0.000000,0.625000,0.874841,0.274841,0.306875,0.306875,0.306875,0.306875,0.000000,0.306875,0.000000,0.274841,0.274841,-0.032034,-0.032034,0.029508,horizon_mpc_secbf,4,-0.028973,true,osqp,optimal,2450,7.514625,0,0.005122,accept,false,0.426091,-0.617208,0.615421,0.424857,,,0.747828,0.019110,3.847591,2.949971
crossing,context_ext,SEESM w/o Feasibility-Preserving Update,55,5.500,0.385599,2.220148,0.615421,0.424857,0.604222,0.100000,1.390000,0.000000,0.580000,cyclist,crossing,distracted,,0.000000,0.625000,0.877902,0.277902,0.306875,0.306875,0.306875,0.306875,0.000000,0.306875,0.000000,0.277902,0.277902,-0.028973,-0.028973,0.023015,horizon_mpc_secbf,4,-0.022334,true,osqp,optimal,2050,6.813138,0,0.036660,accept,false,0.410313,-0.627808,0.626573,0.409507,,,0.748525,0.018974,3.922443,2.950919
crossing,context_ext,SEESM w/o Feasibility-Preserving Update,56,5.600,0.448256,2.261099,0.626573,0.409507,0.578877,0.100000,1.448000,0.000000,0.580000,cyclist,crossing,distracted,,0.000000,0.625000,0.884541,0.284541,0.306875,0.306875,0.306875,0.306875,0.000000,0.306875,0.000000,0.284541,0.284541,-0.022334,-0.022334,0.013110,horizon_mpc_secbf,4,-0.012266,true,osqp,optimal,1275,5.574147,0,0.067310,accept,false,0.394261,-0.638011,0.633933,0.391742,,,0.745206,0.019229,3.996964,2.951868
crossing,context_ext,SEESM w/o Feasibility-Preserving Update,57,5.700,0.511649,2.300273,0.633933,0.391742,0.553517,0.100000,1.506000,0.000000,0.580000,cyclist,crossing,distracted,,0.000000,0.625000,0.894609,0.294609,0.306875,0.306875,0.306875,0.306875,0.000000,0.306875,0.000000,0.294609,0.294609,-0.012266,-0.012266,0.001082,horizon_mpc_secbf,4,-0.000175,true,osqp,optimal,275,3.481249,0,0.083853,accept,false,0.378034,-0.647758,0.651468,0.349406,,,0.739253,0.045824,4.070889,2.952809
crossing,context_ext,SEESM w/o Feasibility-Preserving Update,58,5.800,0.576796,2.335214,0.651468,0.349406,0.492292,0.100000,1.564000,0.000000,0.580000,cyclist,crossing,distracted,,0.000000,0.625000,0.906700,0.306700,0.306875,0.306875,0.306875,0.306875,0.000000,0.306875,0.000000,0.306700,0.306700,-0.000175,-0.000175,0.000337,horizon_mpc_secbf,4,0.000177,true,osqp,optimal,225,3.358031,0,-0.040054,accept,false,0.361700,-0.657018,0.735587,0.077949,,,0.739706,0.284192,4.144860,2.951074
crossing,context_ext,SEESM w/o Feasibility-Preserving Update,59,5.900,0.650355,2.343008,0.735587,0.077949,0.105574,0.100000,1.622000,0.000000,0.580000,cyclist,crossing,distracted,,0.000000,0.625000,0.907052,0.307052,0.306875,0.306875,0.306875,0.306875,0.000000,0.306875,0.000000,0.307052,0.307052,0.000177,0.000177,0.000311,horizon_mpc_secbf,4,-0.000110,true,osqp,optimal,200,3.535849,0,-0.054097,accept,false,0.346273,-0.665278,0.735595,-0.050159,,,0.737304,0.128108,4.218590,2.923223
crossing,context_ext,SEESM w/o Feasibility-Preserving Update,60,6.000,0.723914,2.337993,0.735595,-0.050159,-0.068083,0.100000,1.680000,0.000000,0.580000,cyclist,crossing,distracted,,0.000000,0.625000,0.906765,0.306765,0.306875,0.306875,0.306875,0.306875,0.000000,0.306875,0.000000,0.306765,0.306765,-0.000110,-0.000110,0.000255,horizon_mpc_secbf,4,-0.000052,true,osqp,optimal,150,3.641701,0,-0.060106,accept,false,0.331681,-0.672672,0.719466,-0.185236,,,0.742930,0.136036,4.292883,2.885498
crossing,context_ext,SEESM w/o Feasibility-Preserving Update,61,6.100,0.795861,2.319469,0.719466,-0.185236,-0.251990,0.100000,1.738000,0.000000,0.580000,cyclist,crossing,distracted,,0.000000,0.625000,0.906823,0.306823,0.306875,0.306875,0.306875,0.306875,0.000000,0.306875,0.000000,0.306823,0.306823,-0.000052,-0.000052,0.000247,horizon_mpc_secbf,4,-0.000185,true,osqp,optimal,125,3.173906,1,-0.070276,accept,false,0.318260,-0.679125,0.662513,-0.322753,,,0.736948,0.148844,4.366578,2.837626
crossing,context_ext,SEESM w/o Feasibility-Preserving Update,62,6.200,0.862112,2.287194,0.662513,-0.322753,-0.453326,0.100000,1.796000,0.000000,0.580000,cyclist,crossing,distracted,,0.000000,0.625000,0.906690,0.306690,0.306875,0.306875,0.306875,0.306875,0.000000,0.306875,0.000000,0.306690,0.306690,-0.000185,-0.000185,0.000096,horizon_mpc_secbf,4,-0.000083,true,osqp,optimal,50,3.096271,0,-0.077345,accept,false,0.306910,-0.684329,0.579129,-0.461156,,,0.740308,0.161581,4.440609,2.780673
crossing,context_ext,SEESM w/o Feasibility-Preserving Update,63,6.300,0.920025,2.241078,0.579129,-0.461156,-0.672476,0.100000,1.854000,0.000000,0.580000,cyclist,crossing,distracted,,0.000000,0.625000,0.906792,0.306792,0.306875,0.306875,0.306875,0.306875,0.000000,0.306875,0.000000,0.306792,0.306792,-0.000083,-0.000083,0.000000,horizon_mpc_secbf,4,0.006571,true,osqp,optimal,50,3.263266,1,-0.015757,accept,false,0.298324,-0.688116,0.507796,-0.532484,,,0.735796,0.100877,4.514188,2.715109
crossing,context_ext,SEESM w/o Feasibility-Preserving Update,64,6.400,0.970805,2.187830,0.507796,-0.532484,-0.809125,0.100000,1.912000,0.000000,0.580000,cyclist,crossing,distracted,,0.000000,0.625000,0.913446,0.313446,0.306875,0.306875,0.306875,0.306875,0.000000,0.306875,0.000000,0.313446,0.313446,0.006571,0.006571,0.000001,horizon_mpc_secbf,4,0.026931,true,osqp,optimal,25,3.447486,0,0.129188,accept,false,0.291702,-0.690948,0.487451,-0.552842,,,0.737050,0.028782,4.587894,2.646178
crossing,context_ext,SEESM w/o Feasibility-Preserving Update,65,6.500,1.019550,2.132546,0.487451,-0.552842,-0.848174,0.100000,1.970000,0.000000,0.580000,cyclist,crossing,distracted,,0.000000,0.625000,0.933806,0.333806,0.306875,0.306875,0.306875,0.306875,0.000000,0.306875,0.000000,0.333806,0.333806,0.026931,0.026931,0.000001,horizon_mpc_secbf,4,0.061278,true,osqp,optimal,25,3.164181,0,0.294343,accept,false,0.285413,-0.693570,0.474156,-0.566139,,,0.738470,0.018804,4.661740,2.576394
crossing,context_ext,SEESM w/o Feasibility-Preserving Update,66,6.600,1.066966,2.075932,0.474156,-0.566139,-0.873589,0.100000,2.028000,0.000000,0.580000,cyclist,crossing,distracted,,0.000000,0.625000,0.968153,0.368153,0.306875,0.306875,0.306875,0.306875,0.000000,0.306875,0.000000,0.368153,0.368153,0.061278,0.061278,0.000000,horizon_mpc_secbf,4,0.108402,true,osqp,optimal,50,2.702345,0,0.463556,accept,false,0.279230,-0.696083,0.460273,-0.580007,,,0.740445,0.019623,4.735785,2.506095
crossing,context_ext,SEESM w/o Feasibility-Preserving Update,67,6.700,1.112993,2.017931,0.460273,-0.580007,-0.899992,0.100000,2.086000,0.000000,0.580000,cyclist,crossing,distracted,,0.000000,0.625000,1.015277,0.415277,0.306875,0.306875,0.306875,0.306875,0.000000,0.306875,0.000000,0.415277,0.415277,0.108402,0.108402,0.000000,horizon_mpc_secbf,4,0.166759,true,osqp,optimal,50,2.217265,0,0.630947,accept,false,0.273181,-0.698478,0.444731,-0.595549,,,0.743279,0.021980,4.810113,2.435219
crossing,context_ext,SEESM w/o Feasibility-Preserving Update,68,6.800,1.157466,1.958376,0.444731,-0.595549,-0.929374,0.100000,2.144000,0.000000,0.580000,cyclist,crossing,distracted,,0.000000,0.625000,1.073634,0.473634,0.306875,0.306875,0.306875,0.306875,0.000000,0.306875,0.000000,0.473634,0.473634,0.166759,0.166759,0.000000,horizon_mpc_secbf,4,0.234817,true,osqp,optimal,50,2.142809,0,0.794152,accept,false,0.267342,-0.700734,0.427632,-0.612648,,,0.747132,0.024181,4.884826,2.363639
crossing,context_ext,SEESM w/o Feasibility-Preserving Update,69,6.900,1.200229,1.897111,0.427632,-0.612648,-0.961410,0.100000,2.202000,0.000000,0.580000,cyclist,crossing,distracted,,0.000000,0.625000,1.141692,0.541692,0.306875,0.306875,0.306875,0.306875,0.000000,0.306875,0.000000,0.541692,0.541692,0.234817,0.234817,0.000000,horizon_mpc_secbf,4,0.310837,true,osqp,optimal,50,2.156602,0,0.949193,accept,false,0.261793,-0.702826,0.406606,-0.627773,,,0.747949,0.025901,4.959621,2.291227
crossing,context_ext,SEESM w/o Feasibility-Preserving Update,70,7.000,1.240890,1.834334,0.406606,-0.627773,-0.996042,0.100000,2.260000,0.000000,0.580000,cyclist,crossing,distracted,,0.000000,0.625000,1.217712,0.617712,0.306875,0.306875,0.306875,0.306875,0.000000,0.306875,0.000000,0.617712,0.617712,0.310837,0.310837,0.000000,horizon_mpc_secbf,4,0.393045,true,osqp,optimal,50,2.974346,0,1.093763,accept,false,0.256657,-0.704718,0.381079,-0.638348,,,0.743444,0.027631,5.033966,2.218264
crossing,context_ext,SEESM w/o Feasibility-Preserving Update,71,7.100,1.278998,1.770499,0.381079,-0.638348,-1.032602,0.100000,2.318000,0.000000,0.580000,cyclist,crossing,distracted,,0.000000,0.625000,1.299920,0.699920,0.306875,0.306875,0.306875,0.306875,0.000000,0.306875,0.000000,0.699920,0.699920,0.393045,0.393045,0.000000,horizon_mpc_secbf,4,0.480330,true,osqp,optimal,50,2.354031,0,1.232233,accept,false,0.252065,-0.706373,0.354341,-0.649423,,,0.739803,0.028942,5.107946,2.145288
crossing,context_ext,SEESM w/o Feasibility-Preserving Update,72,7.200,1.314432,1.705557,0.354341,-0.649423,-1.071319,0.100000,2.376000,0.000000,0.580000,cyclist,crossing,distracted,,0.000000,0.625000,1.387205,0.787205,0.306875,0.306875,0.306875,0.306875,0.000000,0.306875,0.000000,0.787205,0.787205,0.480330,0.480330,0.000000,horizon_mpc_secbf,4,0.571831,true,osqp,optimal,50,2.210486,0,1.366168,accept,false,0.248125,-0.707767,0.326859,-0.660807,,,0.737226,0.029746,5.181668,2.072247
crossing,context_ext,SEESM w/o Feasibility-Preserving Update,73,7.300,1.347118,1.639476,0.326859,-0.660807,-1.111448,0.100000,2.434000,0.000000,0.580000,cyclist,crossing,distracted,,0.000000,0.625000,1.478706,0.878706,0.306875,0.306875,0.306875,0.306875,0.000000,0.306875,0.000000,0.878706,0.878706,0.571831,0.571831,0.000000,horizon_mpc_secbf,4,0.666892,true,osqp,optimal,50,2.351351,0,1.496944,accept,false,0.244942,-0.708875,0.299068,-0.672318,,,0.735835,0.030081,5.255252,1.999094
crossing,context_ext,SEESM w/o Feasibility-Preserving Update,74,7.400,1.377025,1.572244,0.299068,-0.672318,-1.152249,0.100000,2.492000,0.000000,0.580000,cyclist,crossing,distracted,,0.000000,0.625000,1.573767,0.973767,0.306875,0.306875,0.306875,0.306875,0.000000,0.306875,0.000000,0.973767,0.973767,0.666892,0.666892,0.000000,horizon_mpc_secbf,4,0.765036,true,osqp,optimal,50,2.312927,0,1.625854,accept,false,0.242618,-0.709674,0.271656,-0.683673,,,0.735667,0.029671,5.328819,1.925791
crossing,context_ext,SEESM w/o Feasibility-Preserving Update,75,7.500,1.404190,1.503877,0.271656,-0.683673,-1.192579,0.100000,2.550000,0.000000,0.580000,cyclist,crossing,distracted,,0.000000,0.625000,1.671911,1.071911,0.306875,0.306875,0.306875,0.306875,0.000000,0.306875,0.000000,1.071911,1.071911,0.765036,0.765036,0.000000,horizon_mpc_secbf,4,0.866001,true,osqp,optimal,50,2.138794,0,1.754815,accept,false,0.241243,-0.710142,0.247053,-0.693864,,,0.736534,0.026630,5.402472,1.852316
crossing,context_ext,SEESM w/o Feasibility-Preserving Update,76,7.600,1.428896,1.434491,0.247053,-0.693864,-1.228738,0.100000,2.608000,0.000000,0.580000,cyclist,crossing,distracted,,0.000000,0.625000,1.772876,1.172876,0.306875,0.306875,0.306875,0.306875,0.000000,0.306875,0.000000,1.172876,1.172876,0.866001,0.866001,0.000000,horizon_mpc_secbf,4,0.970108,true,osqp,optimal,50,2.819357,0,1.890002,accept,false,0.240814,-0.710288,0.237831,-0.697684,,,0.737106,0.009982,5.476183,1.778670
crossing,context_ext,SEESM w/o Feasibility-Preserving Update,77,7.700,1.452679,1.364722,0.237831,-0.697684,-1.242264,0.100000,2.666000,0.000000,0.580000,cyclist,crossing,distracted,,0.000000,0.625000,1.876983,1.276983,0.306875,0.306875,0.306875,0.306875,0.000000,0.306875,0.000000,1.276983,1.276983,0.970108,0.970108,0.000000,horizon_mpc_secbf,4,1.077203,true,osqp,optimal,50,2.739701,0,2.026595,accept,false,0.240763,-0.710305,0.236207,-0.698356,,,0.737221,0.001757,5.549905,1.704960
crossing,context_ext,SEESM w/o Feasibility-Preserving Update,78,7.800,1.476299,1.294887,0.236207,-0.698356,-1.244642,0.100000,2.724000,0.000000,0.580000,cyclist,crossing,distracted,,0.000000,0.625000,1.984078,1.384078,0.306875,0.306875,0.306875,0.306875,0.000000,0.306875,0.000000,1.384078,1.384078,1.077203,1.077203,0.000000,horizon_mpc_secbf,4,1.186884,true,osqp,optimal,50,2.214292,0,2.161738,accept,false,0.240784,-0.710298,0.235946,-0.698464,,,0.737240,0.000283,5.623629,1.631238
crossing,context_ext,SEESM w/o Feasibility-Preserving Update,79,7.900,1.499894,1.225040,0.235946,-0.698464,-1.245026,0.100000,2.782000,0.000000,0.580000,cyclist,crossing,distracted,,0.000000,0.625000,2.093759,1.493759,0.306875,0.306875,0.306875,0.306875,0.000000,0.306875,0.000000,1.493759,1.493759,1.186884,1.186884,0.000000,horizon_mpc_secbf,4,1.298774,true,osqp,optimal,50,2.119805,0,2.295323,accept,false,0.240819,-0.710286,0.235930,-0.698471,,,0.737241,0.000017,5.697353,1.557514
crossing,context_ext,SEESM w/o Feasibility-Preserving Update,80,8.000,1.523487,1.155193,0.235930,-0.698471,-1.245049,0.100000,2.840000,0.000000,0.580000,cyclist,crossing,distracted,,0.000000,0.625000,2.205649,1.605649,0.306875,0.306875,0.306875,0.306875,0.000000,0.306875,0.000000,1.605649,1.605649,1.298774,1.298774,0.000000,horizon_mpc_secbf,4,1.412556,true,osqp,optimal,50,2.092201,0,2.427622,accept,false,0.240859,-0.710272,0.235959,-0.698459,,,0.737239,0.000032,5.771077,1.483790
crossing,context_ext,SEESM w/o Feasibility-Preserving Update,81,8.100,1.547083,1.085347,0.235959,-0.698459,-1.245006,0.100000,2.898000,0.000000,0.580000,cyclist,crossing,distracted,,0.000000,0.625000,2.319431,1.719431,0.306875,0.306875,0.306875,0.306875,0.000000,0.306875,0.000000,1.719431,1.719431,1.412556,1.412556,0.000000,horizon_mpc_secbf,4,1.527963,true,osqp,optimal,50,2.722085,0,2.558907,accept,false,0.240902,-0.710258,0.235999,-0.698443,,,0.737236,0.000043,5.844800,1.410066
crossing,context_ext,SEESM w/o Feasibility-Preserving Update,82,8.200,1.570683,1.015503,0.235999,-0.698443,-1.244948,0.100000,2.956000,0.000000,0.580000,cyclist,crossing,distracted,,0.000000,0.625000,2.434838,1.834838,0.306875,0.306875,0.306875,0.306875,0.000000,0.306875,0.000000,1.834838,1.834838,1.527963,1.527963,0.000000,horizon_mpc_secbf,4,1.644776,true,osqp,optimal,50,2.611165,0,2.689405,accept,false,0.240947,-0.710243,0.236042,-0.698425,,,0.737233,0.000047,5.918524,1.336342
crossing,context_ext,SEESM w/o Feasibility-Preserving Update,83,8.300,1.594287,0.945660,0.236042,-0.698425,-1.244885,0.100000,3.014000,0.000000,0.580000,cyclist,crossing,distracted,,0.000000,0.625000,2.551651,1.951651,0.306875,0.306875,0.306875,0.306875,0.000000,0.306875,0.000000,1.951651,1.951651,1.644776,1.644776,0.000000,horizon_mpc_secbf,4,1.762809,true,osqp,optimal,50,3.332477,0,2.819294,accept,false,0.240995,-0.710226,0.236088,-0.698406,,,0.737230,0.000050,5.992247,1.262619
crossing,context_ext,SEESM w/o Feasibility-Preserving Update,84,8.400,1.617896,0.875820,0.236088,-0.698406,-1.244818,0.100000,3.072000,0.000000,0.580000,cyclist,crossing,distracted,,0.000000,0.625000,2.669684,2.069684,0.306875,0.306875,0.306875,0.306875,0.000000,0.306875,0.000000,2.069684,2.069684,1.762809,1.762809,0.000000,horizon_mpc_secbf,4,1.881909,true,osqp,optimal,50,2.232862,0,2.948715,accept,false,0.241046,-0.710209,0.236136,-0.698385,,,0.737226,0.000053,6.065969,1.188896
crossing,context_ext,SEESM w/o Feasibility-Preserving Update,85,8.500,1.641509,0.805981,0.236136,-0.698385,-1.244746,0.100000,3.130000,0.000000,0.580000,cyclist,crossing,distracted,,0.000000,0.625000,2.788784,2.188784,0.306875,0.306875,0.306875,0.306875,0.000000,0.306875,0.000000,2.188784,2.188784,1.881909,1.881909,0.000000,horizon_mpc_secbf,4,2.001943,true,osqp,optimal,50,2.196994,0,3.077781,accept,false,0.241100,-0.710191,0.236188,-0.698364,,,0.737223,0.000056,6.139692,1.115174
crossing,context_ext,SEESM w/o Feasibility-Preserving Update,86,8.600,1.665128,0.736145,0.236188,-0.698364,-1.244670,0.100000,3.188000,0.000000,0.580000,cyclist,crossing,distracted,,0.000000,0.625000,2.908818,2.308818,0.306875,0.306875,0.306875,0.306875,0.000000,0.306875,0.000000,2.308818,2.308818,2.001943,2.001943,0.000000,horizon_mpc_secbf,4,2.122800,true,osqp,optimal,50,2.311552,0,3.206576,accept,false,0.241158,-0.710171,0.236244,-0.698341,,,0.737219,0.000060,6.213414,1.041451
crossing,context_ext,SEESM w/o Feasibility-Preserving Update,87,8.700,1.688752,0.666311,0.236244,-0.698341,-1.244589,0.100000,3.246000,0.000000,0.580000,cyclist,crossing,distracted,,0.000000,0.625000,3.029675,2.429675,0.306875,0.306875,0.306875,0.306875,0.000000,0.306875,0.000000,2.429675,2.429675,2.122800,2.122800,0.000000,horizon_mpc_secbf,4,2.244386,true,osqp,optimal,50,2.375856,0,3.335170,accept,false,0.241220,-0.710150,0.236304,-0.698316,,,0.737214,0.000065,6.287135,0.967730
crossing,context_ext,SEESM w/o Feasibility-Preserving Update,88,8.800,1.712383,0.596479,0.236304,-0.698316,-1.244501,0.100000,3.304000,0.000000,0.580000,cyclist,crossing,distracted,,0.000000,0.625000,3.151261,2.551261,0.306875,0.306875,0.306875,0.306875,0.000000,0.306875,0.000000,2.551261,2.551261,2.244386,2.244386,0.000000,horizon_mpc_secbf,4,2.366620,true,osqp,optimal,50,2.894709,0,3.463616,accept,false,0.241287,-0.710127,0.236368,-0.698289,,,0.737210,0.000070,6.360856,0.894008
crossing,context_ext,SEESM w/o Feasibility-Preserving Update,89,8.900,1.736020,0.526650,0.236368,-0.698289,-1.244406,0.100000,3.362000,0.000000,0.580000,cyclist,crossing,distracted,,0.000000,0.625000,3.273495,2.673495,0.306875,0.306875,0.306875,0.306875,0.000000,0.306875,0.000000,2.673495,2.673495,2.366620,2.366620,0.000000,horizon_mpc_secbf,4,2.489431,true,osqp,optimal,50,3.181096,0,3.591956,accept,false,0.241361,-0.710102,0.236439,-0.698260,,,0.737205,0.000076,6.434576,0.820287
crossing,context_ext,SEESM w/o Feasibility-Preserving Update,90,9.000,1.759664,0.456824,0.236439,-0.698260,-1.244303,0.100000,3.420000,0.000000,0.580000,cyclist,crossing,distracted,,0.000000,0.625000,3.396306,2.796306,0.306875,0.306875,0.306875,0.306875,0.000000,0.306875,0.000000,2.796306,2.796306,2.489431,2.489431,0.000000,horizon_mpc_secbf,4,2.612759,true,osqp,optimal,50,2.152514,0,3.720225,accept,false,0.241442,-0.710075,0.236516,-0.698228,,,0.737199,0.000084,6.508296,0.746567
crossing,context_ext,SEESM w/o Feasibility-Preserving Update,91,9.100,1.783315,0.387001,0.236516,-0.698228,-1.244190,0.100000,3.478000,0.000000,0.580000,cyclist,crossing,distracted,,0.000000,0.625000,3.519634,2.919634,0.306875,0.306875,0.306875,0.306875,0.000000,0.306875,0.000000,2.919634,2.919634,2.612759,2.612759,0.000000,horizon_mpc_secbf,4,2.736551,true,osqp,optimal,50,2.066065,0,3.848446,accept,false,0.241531,-0.710044,0.236602,-0.698193,,,0.737193,0.000093,6.582016,0.672847
crossing,context_ext,SEESM w/o Feasibility-Preserving Update,92,9.200,1.806975,0.317182,0.236602,-0.698193,-1.244065,0.100000,3.536000,0.000000,0.580000,cyclist,crossing,distracted,,0.000000,0.625000,3.643426,3.043426,0.306875,0.306875,0.306875,0.306875,0.000000,0.306875,0.000000,3.043426,3.043426,2.736551,2.736551,0.000000,horizon_mpc_secbf,4,2.860762,true,osqp,optimal,50,2.088024,0,3.976642,accept,false,0.241632,-0.710010,0.236698,-0.698153,,,0.737186,0.000104,6.655734,0.599128
crossing,context_ext,SEESM w/o Feasibility-Preserving Update,93,9.300,1.830645,0.247367,0.236698,-0.698153,-1.243924,0.100000,3.594000,0.000000,0.580000,cyclist,crossing,distracted,,0.000000,0.625000,3.767637,3.167637,0.306875,0.306875,0.306875,0.306875,0.000000,0.306875,0.000000,3.167637,3.167637,2.860762,2.860762,0.000000,horizon_mpc_secbf,4,2.985350,true,osqp,optimal,50,2.122169,0,4.104827,accept,false,0.241747,-0.709971,0.236807,-0.698108,,,0.737178,0.000118,6.729452,0.525409
crossing,context_ext,SEESM w/o Feasibility-Preserving Update,94,9.400,1.854326,0.177556,0.236807,-0.698108,-1.243764,0.100000,3.652000,0.000000,0.580000,cyclist,crossing,distracted,,0.000000,0.625000,3.892225,3.292225,0.306875,0.306875,0.306875,0.306875,0.000000,0.306875,0.000000,3.292225,3.292225,2.985350,2.985350,0.000000,horizon_mpc_secbf,4,3.110282,true,osqp,optimal,50,2.480707,0,4.233015,accept,false,0.241881,-0.709925,0.236934,-0.698055,,,0.737169,0.000137,6.803169,0.451692
crossing,context_ext,SEESM w/o Feasibility-Preserving Update,95,9.500,1.878019,0.107751,0.236934,-0.698055,-1.243578,0.100000,3.710000,0.000000,0.580000,cyclist,crossing,distracted,,0.000000,0.625000,4.017157,3.417157,0.306875,0.306875,0.306875,0.306875,0.000000,0.306875,0.000000,3.417157,3.417157,3.110282,3.110282,0.000000,horizon_mpc_secbf,4,3.235526,true,osqp,optimal,50,2.581591,0,4.361214,accept,false,0.242042,-0.709870,0.237085,-0.697992,,,0.737159,0.000164,6.876885,0.377975
crossing,context_ext,SEESM w/o Feasibility-Preserving Update,96,9.600,1.901728,0.037951,0.237085,-0.697992,-1.243356,0.100000,3.768000,0.000000,0.580000,cyclist,crossing,distracted,,0.000000,0.625000,4.142401,3.542401,0.306875,0.306875,0.306875,0.306875,0.000000,0.306875,0.000000,3.542401,3.542401,3.235526,3.235526,0.000000,horizon_mpc_secbf,4,3.361054,true,osqp,optimal,50,2.705658,0,4.489433,accept,false,0.242242,-0.709802,0.237273,-0.697915,,,0.737145,0.000203,6.950599,0.304259
crossing,context_ext,SEESM w/o Feasibility-Preserving Update,97,9.700,1.925455,-0.031840,0.237273,-0.697915,-1.243081,0.100000,3.826000,0.000000,0.580000,cyclist,crossing,distracted,,0.000000,0.625000,4.267929,3.667929,0.306875,0.306875,0.306875,0.306875,0.000000,0.306875,0.000000,3.667929,3.667929,3.361054,3.361054,0.000000,horizon_mpc_secbf,4,3.486841,true,osqp,optimal,50,2.218146,0,4.617677,accept,false,0.242508,-0.709711,0.237519,-0.697813,,,0.737128,0.000267,7.024312,0.230544
crossing,context_ext,SEESM w/o Feasibility-Preserving Update,98,9.800,1.949207,-0.101621,0.237519,-0.697813,-1.242720,0.100000,3.884000,0.000000,0.580000,cyclist,crossing,distracted,,0.000000,0.625000,4.393716,3.793716,0.306875,0.306875,0.306875,0.306875,0.000000,0.306875,0.000000,3.793716,3.793716,3.486841,3.486841,0.000000,horizon_mpc_secbf,4,3.612867,true,osqp,optimal,50,2.234760,0,4.745951,accept,false,0.242903,-0.709576,0.237881,-0.697663,,,0.737103,0.000391,7.098022,0.156832
crossing,context_ext,SEESM w/o Feasibility-Preserving Update,99,9.900,1.972995,-0.171388,0.237881,-0.697663,-1.242190,0.100000,3.942000,0.000000,0.580000,cyclist,crossing,distracted,,0.000000,0.625000,4.519742,3.919742,0.306875,0.306875,0.306875,0.306875,0.000000,0.306875,0.000000,3.919742,3.919742,3.612867,3.612867,0.000000,horizon_mpc_secbf,4,3.739112,true,osqp,optimal,50,2.040180,0,4.874264,accept,false,0.243665,-0.709315,0.238558,-0.697382,,,0.737056,0.000733,7.171728,0.083121
crossing,context_ext,SEESM w/o Feasibility-Preserving Update,100,10.000,1.996851,-0.241126,0.238558,-0.697382,-1.241197,0.100000,4.000000,0.000000,0.580000,cyclist,crossing,distracted,,0.000000,0.625000,4.645987,4.045987,0.306875,0.306875,0.306875,0.306875,0.000000,0.306875,0.000000,4.045987,4.045987,3.739112,3.739112,0.000000,horizon_mpc_secbf,4,3.812496,true,osqp,optimal,25,2.028678,0,4.472267,accept,false,0.031492,-0.088741,0.067019,-0.193168,,,0.204464,0.532595,7.192174,0.009416
crossing,context_ext,SEESM w/o Feasibility-Preserving Update,101,10.100,2.003553,-0.260443,0.067019,-0.193168,-1.236842,0.100000,4.058000,0.000000,0.580000,cyclist,crossing,distracted,,0.000000,0.625000,4.719371,4.119371,0.306875,0.306875,0.306875,0.306875,0.000000,0.306875,0.000000,4.119371,4.119371,3.812496,3.812496,0.000000,horizon_mpc_secbf,4,3.860017,true,osqp,optimal,25,2.597312,0,4.287156,accept,false,-0.035527,0.104427,-0.017933,0.053367,,,0.056300,0.260761,7.197804,0.011030
crossing,context_ext,SEESM w/o Feasibility-Preserving Update,102,10.200,2.001759,-0.255106,-0.017933,0.053367,1.894967,0.100000,4.116000,0.000000,0.580000,cyclist,crossing,distracted,,0.000000,0.625000,4.766892,4.166892,0.306875,0.306875,0.306875,0.306875,0.000000,0.306875,0.000000,4.166892,4.166892,3.860017,3.860017,0.000000,horizon_mpc_secbf,4,3.907832,true,osqp,optimal,25,2.462527,0,4.337635,accept,false,-0.017594,0.051059,-0.017652,0.051455,,,0.054399,0.001932,7.203244,0.005401
crossing,context_ext,SEESM w/o Feasibility-Preserving Update,103,10.300,1.999994,-0.249960,-0.017652,0.051455,1.901277,0.100000,4.174000,0.000000,0.580000,cyclist,crossing,distracted,,0.000000,0.625000,4.814707,4.214707,0.306875,0.306875,0.306875,0.306875,0.000000,0.306875,0.000000,4.214707,4.214707,3.907832,3.907832,0.000000,horizon_mpc_secbf,4,3.961135,true,osqp,optimal,50,2.656829,0,4.440319,accept,false,0.000058,-0.000396,-0.001698,-0.000249,,,0.001716,0.054109,7.203416,0.000040
crossing,context_ext,SEESM w/o Feasibility-Preserving Update,104,10.400,1.999824,-0.249985,-0.001698,-0.000249,-2.996265,0.100000,4.232000,0.000000,0.580000,cyclist,crossing,distracted,,0.000000,0.625000,4.868010,4.268010,0.306875,0.306875,0.306875,0.306875,0.000000,0.306875,0.000000,4.268010,4.268010,3.961135,3.961135,0.000000,horizon_mpc_secbf,4,4.014648,true,osqp,optimal,25,2.326446,0,4.495748,accept,false,0.001756,-0.000147,0.001163,-0.000165,,,0.001175,0.002863,7.203533,0.000176
crossing,context_ext,SEESM w/o Feasibility-Preserving Update,105,10.500,1.999941,-0.250002,0.001163,-0.000165,-0.140637,0.100000,4.290000,0.000000,0.580000,cyclist,crossing,distracted,,0.000000,0.625000,4.921523,4.321523,0.306875,0.306875,0.306875,0.306875,0.000000,0.306875,0.000000,4.321523,4.321523,4.014648,4.014648,0.000000,horizon_mpc_secbf,4,4.068230,true,osqp,optimal,25,2.221856,0,4.549965,accept,false,0.000593,0.000017,0.000691,-0.000014,,,0.000691,0.000496,7.203602,0.000059
crossing,context_ext,SEESM w/o Feasibility-Preserving Update,106,10.600,2.000010,-0.250003,0.000691,-0.000014,-0.020095,0.100000,4.348000,0.000000,0.580000,cyclist,crossing,distracted,,0.000000,0.625000,4.975105,4.375105,0.306875,0.306875,0.306875,0.306875,0.000000,0.306875,0.000000,4.375105,4.375105,4.068230,4.068230,0.000000,horizon_mpc_secbf,4,4.121880,true,osqp,optimal,25,2.225029,0,4.604242,accept,false,-0.000098,0.000031,0.000010,0.000032,,,0.000034,0.000682,7.203606,0.000010
crossing,context_ext,SEESM w/o Feasibility-Preserving Update,107,10.700,2.000011,-0.250000,0.000010,0.000032,1.258991,0.100000,4.406000,0.000000,0.580000,cyclist,crossing,distracted,,0.000000,0.625000,5.028755,4.428755,0.306875,0.306875,0.306875,0.306875,0.000000,0.306875,0.000000,4.428755,4.428755,4.121880,4.121880,0.000000,horizon_mpc_secbf,4,4.175624,true,osqp,optimal,25,2.256522,0,4.658850,accept,false,-0.000108,-0.000001,-0.000088,0.000005,,,0.000088,0.000102,7.203615,0.000011
crossing,context_ext,SEESM w/o Feasibility-Preserving Update,108,10.800,2.000002,-0.249999,-0.000088,0.000005,3.087159,0.100000,4.464000,0.000000,0.580000,cyclist,crossing,distracted,,0.000000,0.625000,5.082499,4.482499,0.306875,0.306875,0.306875,0.306875,0.000000,0.306875,0.000000,4.482499,4.482499,4.175624,4.175624,0.000000,horizon_mpc_secbf,4,4.229464,true,osqp,optimal,25,3.314748,0,4.713564,accept,false,-0.000020,-0.000006,-0.000032,-0.000004,,,0.000032,0.000057,7.203618,0.000002
crossing,context_ext,SEESM w/o Feasibility-Preserving Update,109,10.900,1.999999,-0.250000,-0.000032,-0.000004,-3.021226,0.100000,4.522000,0.000000,0.580000,cyclist,crossing,distracted,,0.000000,0.625000,5.136339,4.536339,0.306875,0.306875,0.306875,0.306875,0.000000,0.306875,0.000000,4.536339,4.536339,4.229464,4.229464,0.000000,horizon_mpc_secbf,4,4.283395,true,osqp,optimal,25,2.557495,0,4.768326,accept,false,0.000012,-0.000002,0.000004,-0.000002,,,0.000005,0.000036,7.203618,0.000001
crossing,context_ext,SEESM w/o Feasibility-Preserving Update,110,11.000,1.999999,-0.250000,0.000004,-0.000002,-0.480245,0.100000,4.580000,0.000000,0.580000,cyclist,crossing,distracted,,0.000000,0.625000,5.190270,4.590270,0.306875,0.306875,0.306875,0.306875,0.000000,0.306875,0.000000,4.590270,4.590270,4.283395,4.283395,0.000000,horizon_mpc_secbf,4,4.337412,true,osqp,optimal,25,2.020009,0,4.823138,accept,false,0.000007,0.000000,0.000007,-0.000000,,,0.000007,0.000003,7.203619,0.000001
crossing,context_ext,SEESM w/o Feasibility-Preserving Update,111,11.100,2.000000,-0.250000,0.000007,-0.000000,-0.010742,0.100000,4.638000,0.000000,0.580000,cyclist,crossing,distracted,,0.000000,0.625000,5.244287,4.644287,0.306875,0.306875,0.306875,0.306875,0.000000,0.306875,0.000000,4.644287,4.644287,4.337412,4.337412,0.000000,horizon_mpc_secbf,4,4.391513,true,osqp,optimal,25,2.658676,0,4.878008,accept,false,0.000001,0.000000,0.000002,0.000000,,,0.000002,0.000005,7.203619,0.000000
crossing,context_ext,SEESM w/o Feasibility-Preserving Update,112,11.200,2.000000,-0.250000,0.000002,0.000000,0.203945,0.100000,4.696000,0.000000,0.580000,cyclist,crossing,distracted,,0.000000,0.625000,5.298388,4.698388,0.306875,0.306875,0.306875,0.306875,0.000000,0.306875,0.000000,4.698388,4.698388,4.391513,4.391513,0.000000,horizon_mpc_secbf,4,4.445696,true,osqp,optimal,25,2.147153,0,4.932938,accept,false,-0.000001,0.000000,-0.000001,0.000000,,,0.000001,0.000002,7.203619,0.000000
crossing,context_ext,SEESM w/o Feasibility-Preserving Update,113,11.300,2.000000,-0.250000,-0.000001,0.000000,2.932231,0.100000,4.754000,0.000000,0.580000,cyclist,crossing,distracted,,0.000000,0.625000,5.352571,4.752571,0.306875,0.306875,0.306875,0.306875,0.000000,0.306875,0.000000,4.752571,4.752571,4.445696,4.445696,0.000000,horizon_mpc_secbf,4,4.499958,true,osqp,optimal,25,2.240189,0,4.987925,accept,false,-0.000000,-0.000000,-0.000000,-0.000000,,,0.000000,0.000000,7.203619,0.000000
crossing,context_ext,SEESM w/o Feasibility-Preserving Update,114,11.400,2.000000,-0.250000,-0.000000,-0.000000,-3.113122,0.100000,4.812000,0.000000,0.580000,cyclist,crossing,distracted,,0.000000,0.625000,5.406833,4.806833,0.306875,0.306875,0.306875,0.306875,0.000000,0.306875,0.000000,4.806833,4.806833,4.499958,4.499958,0.000000,horizon_mpc_secbf,4,4.554297,true,osqp,optimal,25,3.223451,0,5.042967,accept,false,0.000000,-0.000000,-0.000000,-0.000000,,,0.000000,0.000000,7.203619,0.000000
crossing,context_ext,SEESM w/o Feasibility-Preserving Update,115,11.500,2.000000,-0.250000,-0.000000,-0.000000,-2.454327,0.100000,4.870000,0.000000,0.580000,cyclist,crossing,distracted,,0.000000,0.625000,5.461172,4.861172,0.306875,0.306875,0.306875,0.306875,0.000000,0.306875,0.000000,4.861172,4.861172,4.554297,4.554297,0.000000,horizon_mpc_secbf,4,4.608711,true,osqp,optimal,25,2.144128,0,5.098063,accept,false,0.000000,0.000000,0.000000,0.000000,,,0.000000,0.000000,7.203619,0.000000
crossing,context_ext,SEESM w/o Feasibility-Preserving Update,116,11.600,2.000000,-0.250000,0.000000,0.000000,0.058910,0.100000,4.928000,0.000000,0.580000,cyclist,crossing,distracted,,0.000000,0.625000,5.515586,4.915586,0.306875,0.306875,0.306875,0.306875,0.000000,0.306875,0.000000,4.915586,4.915586,4.608711,4.608711,0.000000,horizon_mpc_secbf,4,4.663196,true,osqp,optimal,25,2.197277,0,5.153211,accept,false,0.000000,0.000000,0.000000,0.000000,,,0.000000,0.000000,7.203619,0.000000
crossing,context_ext,SEESM w/o Feasibility-Preserving Update,117,11.700,2.000000,-0.250000,0.000000,0.000000,0.295984,0.100000,4.986000,0.000000,0.580000,cyclist,crossing,distracted,,0.000000,0.625000,5.570071,4.970071,0.306875,0.306875,0.306875,0.306875,0.000000,0.306875,0.000000,4.970071,4.970071,4.663196,4.663196,0.000000,horizon_mpc_secbf,4,4.717753,true,osqp,optimal,25,2.213856,0,5.208410,accept,false,0.000000,0.000000,0.000000,0.000000,,,0.000000,0.000000,7.203619,0.000000
crossing,context_ext,SEESM w/o Feasibility-Preserving Update,118,11.800,2.000000,-0.250000,0.000000,0.000000,0.295984,0.100000,5.044000,0.000000,0.580000,cyclist,crossing,distracted,,0.000000,0.625000,5.624628,5.024628,0.306875,0.306875,0.306875,0.306875,0.000000,0.306875,0.000000,5.024628,5.024628,4.717753,4.717753,0.000000,horizon_mpc_secbf,4,4.772377,true,osqp,optimal,25,2.628689,0,5.263659,accept,false,-0.000000,-0.000000,-0.000000,-0.000000,,,0.000000,0.000000,7.203619,0.000000
crossing,context_ext,SEESM w/o Feasibility-Preserving Update,119,11.900,2.000000,-0.250000,-0.000000,-0.000000,-3.134391,0.100000,5.102000,0.000000,0.580000,cyclist,crossing,distracted,,0.000000,0.625000,5.679252,5.079252,0.306875,0.306875,0.306875,0.306875,0.000000,0.306875,0.000000,5.079252,5.079252,4.772377,4.772377,0.000000,horizon_mpc_secbf,4,4.827068,true,osqp,optimal,25,2.232712,0,5.318956,accept,false,0.000000,0.000000,-0.000000,-0.000000,,,0.000000,0.000000,7.203619,0.000000
crossing,context_ext,Proposed MPC-SECBF,0,0.000,-2.000000,-0.250000,0.000000,0.000000,0.000000,0.100000,-1.800000,0.000000,0.580000,pedestrian,walking,unknown,5.835878,1.000000,0.625000,2.610077,2.010077,0.256000,0.050000,0.256000,0.050000,0.296875,0.346875,0.050000,2.010077,1.713201,1.663201,1.663201,0.000000,horizon_mpc_secbf,4,1.298758,true,osqp,optimal,50,2.865741,0,0.819113,accept,false,0.750000,0.000000,0.621017,-0.000000,,,0.621017,0.621017,0.062102,4.000000
crossing,context_ext,Proposed MPC-SECBF,1,0.100,-1.937898,-0.250000,0.621017,-0.000000,-0.000000,0.100000,-1.742000,0.000000,0.580000,pedestrian,walking,unknown,2.282423,1.000000,0.625000,2.525687,1.925687,0.297222,0.100000,0.297222,0.100000,0.840665,0.940665,0.050000,1.925687,1.085021,0.985021,0.985021,0.000000,horizon_mpc_secbf,4,0.611373,true,osqp,optimal,50,2.530237,0,0.056529,accept,false,0.750000,0.000000,0.726101,-0.000000,,,0.726101,0.105085,0.134712,3.937898
crossing,context_ext,Proposed MPC-SECBF,2,0.200,-1.865288,-0.250000,0.726101,-0.000000,-0.000000,0.100000,-1.684000,0.000000,0.580000,pedestrian,walking,unknown,1.974132,1.000000,0.625000,2.432841,1.832841,0.304621,0.150000,0.304621,0.150000,0.927882,1.077882,0.050000,1.832841,0.904958,0.754958,0.754958,0.000000,horizon_mpc_secbf,4,0.380569,true,osqp,optimal,50,2.229750,0,-0.181135,accept,false,0.750000,0.000000,0.735591,-0.000000,,,0.735591,0.009489,0.208271,3.865288
crossing,context_ext,Proposed MPC-SECBF,3,0.300,-1.791729,-0.250000,0.735591,-0.000000,-0.000000,0.100000,-1.626000,0.000000,0.580000,pedestrian,walking,unknown,1.858075,1.000000,0.625000,2.339234,1.739234,0.307406,0.200000,0.307406,0.200000,0.935570,1.135570,0.050000,1.739234,0.803664,0.603664,0.603664,0.000000,horizon_mpc_secbf,4,0.229302,true,osqp,optimal,50,2.302425,0,-0.332378,accept,false,0.750000,0.000000,0.735592,-0.000000,,,0.735592,0.000001,0.281830,3.791729
crossing,context_ext,Proposed MPC-SECBF,4,0.400,-1.718170,-0.250000,0.735592,-0.000000,-0.000000,0.100000,-1.568000,0.000000,0.580000,pedestrian,walking,unknown,1.758189,1.000000,0.625000,2.245633,1.645633,0.309803,0.250000,0.309803,0.250000,0.935434,1.185434,0.050000,1.645633,0.710198,0.460198,0.460198,0.000000,horizon_mpc_secbf,4,0.085868,true,osqp,optimal,50,2.148899,0,-0.475783,accept,false,0.750000,0.000000,0.735592,-0.000000,,,0.735592,0.000000,0.355389,3.718170
crossing,context_ext,Proposed MPC-SECBF,5,0.500,-1.644611,-0.250000,0.735592,-0.000000,-0.000000,0.100000,-1.510000,0.000000,0.580000,pedestrian,walking,unknown,1.658313,1.000000,0.625000,2.152038,1.552038,0.312200,0.250000,0.312200,0.250000,0.935272,1.185272,0.000000,1.552038,0.616766,0.366766,0.366766,0.000030,horizon_mpc_secbf,4,-0.000036,true,osqp,optimal,25,2.290131,0,-0.553630,fallback,true,0.750000,0.000000,0.727044,0.014617,,,0.727191,0.016932,0.428108,3.644611
crossing,context_ext,Proposed MPC-SECBF,6,0.600,-1.571906,-0.248538,0.727044,0.014617,0.020102,0.100000,-1.452000,0.000000,0.580000,pedestrian,walking,unknown,1.586310,1.000000,0.625000,2.059998,1.459998,0.313929,0.250000,0.313929,0.250000,0.919863,1.169863,0.000000,1.459998,0.540135,0.290135,0.290135,0.000226,horizon_mpc_secbf,4,-0.000217,true,osqp,optimal,25,2.886216,0,-0.465201,fallback,true,0.750000,-0.000307,0.593392,0.111053,,,0.603694,0.164812,0.488478,3.571907
crossing,context_ext,Proposed MPC-SECBF,7,0.700,-1.512567,-0.237433,0.593392,0.111053,0.185009,0.100000,-1.394000,0.000000,0.580000,pedestrian,walking,unknown,1.832481,1.000000,0.625000,1.984444,1.384444,0.308020,0.250000,0.308020,0.250000,0.754998,1.004998,0.000000,1.384444,0.629447,0.379447,0.379447,0.000000,horizon_mpc_secbf,4,0.011905,true,osqp,optimal,50,3.036008,0,-0.534507,fallback,true,0.749995,-0.002683,0.721494,0.017790,,,0.721713,0.158455,0.560649,3.512590
crossing,context_ext,Proposed MPC-SECBF,8,0.800,-1.440418,-0.235654,0.721494,0.017790,0.024653,0.100000,-1.336000,0.000000,0.580000,pedestrian,walking,unknown,1.414901,1.000000,0.625000,1.893053,1.293053,0.318042,0.250000,0.318042,0.250000,0.913141,1.163141,0.000000,1.293053,0.379912,0.129912,0.129912,0.000629,horizon_mpc_secbf,4,-0.000629,true,osqp,optimal,50,2.279370,0,-0.288269,fallback,true,0.749993,-0.003127,0.320168,0.307687,,,0.444048,0.495079,0.605054,3.440448
crossing,context_ext,Proposed MPC-SECBF,9,0.900,-1.408401,-0.204885,0.320168,0.307687,0.765523,0.100000,-1.278000,0.000000,0.580000,pedestrian,walking,unknown,2.987939,1.000000,0.625000,1.851175,1.251175,0.280289,0.250000,0.280289,0.250000,0.418282,0.668282,0.000000,1.251175,0.832893,0.582893,0.582893,0.000000,horizon_mpc_secbf,4,0.226877,true,osqp,optimal,50,2.108148,0,-0.269694,fallback,true,0.749934,-0.009926,0.675837,0.059223,,,0.678427,0.433861,0.672897,3.408700
crossing,context_ext,Proposed MPC-SECBF,10,1.000,-1.340817,-0.198963,0.675837,0.059223,0.087406,0.100000,-1.220000,0.000000,0.580000,cyclist,crossing,distracted,1.367607,1.000000,0.625000,1.765919,1.165919,0.635178,0.264032,0.635178,0.264032,0.851887,1.115919,0.014032,1.165919,0.314032,0.050000,0.050000,0.000819,horizon_mpc_secbf,4,-0.000819,true,osqp,optimal,50,2.278767,0,-0.186836,project,true,0.749912,-0.011456,0.184218,0.428923,,,0.466810,0.615116,0.719578,3.341207
crossing,context_ext,Proposed MPC-SECBF,11,1.100,-1.322395,-0.156071,0.184218,0.428923,1.165129,0.100000,-1.162000,0.000000,0.580000,cyclist,crossing,distracted,4.806259,1.000000,0.625000,1.742155,1.142155,0.504875,0.264032,0.504875,0.264032,0.237543,0.501575,0.000000,1.142155,0.904611,0.640579,0.640579,0.000000,horizon_mpc_secbf,4,0.292503,true,osqp,optimal,50,2.177726,0,-0.171459,fallback,true,0.749700,-0.021195,0.652211,0.095877,,,0.659221,0.574402,0.785500,3.323723
crossing,context_ext,Proposed MPC-SECBF,12,1.200,-1.257174,-0.146483,0.652211,0.095877,0.145958,0.100000,-1.104000,0.000000,0.580000,cyclist,crossing,distracted,1.306564,1.000000,0.625000,1.660952,1.060952,0.638200,0.199161,0.638200,0.199161,0.811791,1.010952,0.000000,1.060952,0.249161,0.050000,0.050000,0.000806,horizon_mpc_secbf,4,-0.000806,true,osqp,optimal,50,2.364042,0,-0.182182,project,true,0.749622,-0.023824,0.188905,0.443600,,,0.482147,0.579279,0.833714,3.258819
crossing,context_ext,Proposed MPC-SECBF,13,1.300,-1.238284,-0.102123,0.188905,0.443600,1.168210,0.100000,-1.046000,0.000000,0.580000,cyclist,crossing,distracted,4.453682,1.000000,0.625000,1.637653,1.037653,0.504875,0.249161,0.504875,0.249161,0.232985,0.482146,0.050000,1.037653,0.804668,0.555507,0.555507,0.000000,horizon_mpc_secbf,4,0.211127,true,osqp,optimal,50,3.322667,0,-0.247610,accept,false,0.749219,-0.034213,0.652447,0.111648,,,0.661930,0.570143,0.899907,3.241658
crossing,context_ext,Proposed MPC-SECBF,14,1.400,-1.173039,-0.090958,0.652447,0.111648,0.169481,0.100000,-0.988000,0.000000,0.580000,cyclist,crossing,distracted,1.192038,1.000000,0.625000,1.557342,0.957342,0.643869,0.104261,0.643869,0.104261,0.803080,0.907342,0.000000,0.957342,0.154261,0.050000,0.050000,0.000796,horizon_mpc_secbf,4,-0.000795,true,osqp,optimal,50,2.418145,0,-0.181494,project,true,0.749060,-0.037545,0.196396,0.455442,,,0.495982,0.571118,0.949506,3.177022
crossing,context_ext,Proposed MPC-SECBF,15,1.500,-1.153399,-0.045414,0.196396,0.455442,1.163668,0.100000,-0.930000,0.000000,0.580000,cyclist,crossing,distracted,4.021475,1.000000,0.625000,1.534113,0.934113,0.504875,0.154261,0.504875,0.154261,0.232231,0.386492,0.050000,0.934113,0.701882,0.547621,0.547621,0.000000,horizon_mpc_secbf,4,0.206490,true,osqp,optimal,50,2.148450,0,-0.248006,accept,false,0.748427,-0.048556,0.652998,0.125421,,,0.664934,0.563382,1.015999,3.160029
crossing,context_ext,Proposed MPC-SECBF,16,1.600,-1.088100,-0.032872,0.652998,0.125421,0.189758,0.100000,-0.872000,0.000000,0.580000,cyclist,crossing,distracted,1.074061,1.000000,0.625000,1.454550,0.854550,0.649709,0.008947,0.649709,0.008947,0.795603,0.804550,0.000000,0.854550,0.058947,0.050000,0.050000,0.000786,horizon_mpc_secbf,4,-0.000786,true,osqp,optimal,50,2.093896,0,-0.180979,project,true,0.748153,-0.052604,0.204011,0.467111,,,0.509719,0.564218,1.066971,3.095724
crossing,context_ext,Proposed MPC-SECBF,17,1.700,-1.067699,0.013839,0.204011,0.467111,1.159015,0.100000,-0.814000,0.000000,0.580000,cyclist,crossing,distracted,3.587864,1.000000,0.625000,1.431376,0.831376,0.525276,0.058947,0.525276,0.058947,0.231439,0.290387,0.050000,0.831376,0.599937,0.540990,0.540990,0.000000,horizon_mpc_secbf,4,0.202736,true,osqp,optimal,50,2.153968,0,-0.247993,accept,false,0.747241,-0.064267,0.653495,0.137587,,,0.667821,0.557334,1.133753,3.079023
crossing,context_ext,Proposed MPC-SECBF,18,1.800,-1.002349,0.027598,0.653495,0.137587,0.207510,0.100000,-0.756000,0.000000,0.580000,cyclist,crossing,distracted,0.953760,1.000000,0.625000,1.352479,0.752479,0.655664,0.000000,0.655664,0.000000,0.788672,0.788672,0.000000,0.752479,-0.036194,-0.036194,-0.036194,0.032692,horizon_mpc_secbf,4,-0.032620,true,osqp,optimal,2300,5.736725,0,0.031211,zero,true,0.746815,-0.069051,0.068012,0.735590,,,0.738727,0.836897,1.207626,3.015155
crossing,context_ext,Proposed MPC-SECBF,19,1.900,-0.995548,0.101157,0.068012,0.735590,1.478600,0.100000,-0.698000,0.000000,0.580000,cyclist,crossing,distracted,,0.000000,0.625000,1.356052,0.756052,0.306875,0.050000,0.306875,0.050000,0.000000,0.050000,0.050000,0.756052,0.756052,0.706052,0.706052,0.000000,horizon_mpc_secbf,4,0.373041,true,osqp,optimal,50,2.531650,0,-0.038065,accept,false,0.744899,-0.087322,0.630365,0.181498,,,0.655974,0.789468,1.273223,3.016060
crossing,context_ext,Proposed MPC-SECBF,20,2.000,-0.932511,0.119307,0.630365,0.181498,0.280342,0.100000,-0.640000,0.000000,0.580000,cyclist,crossing,distracted,0.916295,1.000000,0.625000,1.281650,0.681650,0.657518,0.000000,0.657518,0.000000,0.741371,0.741371,0.000000,0.681650,-0.059721,-0.059721,-0.059721,0.057918,horizon_mpc_secbf,4,-0.057839,true,osqp,optimal,2475,5.626169,0,0.015749,zero,true,0.744122,-0.093711,0.092635,0.735590,,,0.741400,0.772122,1.347363,2.955674
crossing,context_ext,Proposed MPC-SECBF,21,2.100,-0.923248,0.192866,0.092635,0.735590,1.445523,0.100000,-0.582000,0.000000,0.580000,cyclist,crossing,distracted,,0.000000,0.625000,1.283532,0.683532,0.306875,0.050000,0.306875,0.050000,0.000000,0.050000,0.050000,0.683532,0.683532,0.633532,0.633532,0.000000,horizon_mpc_secbf,4,0.299387,true,osqp,optimal,50,2.677553,0,-0.116038,accept,false,0.741539,-0.112341,0.634959,0.176865,,,0.659132,0.778646,1.413276,2.956604
crossing,context_ext,Proposed MPC-SECBF,22,2.200,-0.859752,0.210552,0.634959,0.176865,0.271659,0.100000,-0.524000,0.000000,0.580000,cyclist,crossing,distracted,0.812275,1.000000,0.625000,1.208590,0.608590,0.660000,0.000000,0.660000,0.000000,0.744556,0.744556,0.000000,0.608590,-0.135966,-0.135966,-0.135966,0.135844,horizon_mpc_secbf,4,-0.135758,true,osqp,optimal,1400,4.877967,0,0.000373,zero,true,0.740459,-0.119248,0.118459,0.735590,,,0.745068,0.760885,1.487783,2.896600
crossing,context_ext,Proposed MPC-SECBF,23,2.300,-0.847906,0.284111,0.118459,0.735590,1.411127,0.100000,-0.466000,0.000000,0.580000,cyclist,crossing,distracted,,0.000000,0.625000,1.208798,0.608798,0.306875,0.050000,0.306875,0.050000,0.000000,0.050000,0.050000,0.608798,0.608798,0.558798,0.558798,0.000000,horizon_mpc_secbf,4,0.223584,true,osqp,optimal,50,2.303285,0,-0.196275,accept,false,0.737148,-0.138249,0.639765,0.171668,,,0.662396,0.767963,1.554023,2.897558
crossing,context_ext,Proposed MPC-SECBF,24,2.400,-0.783930,0.301278,0.639765,0.171668,0.262155,0.100000,-0.408000,0.000000,0.580000,cyclist,crossing,distracted,0.706815,1.000000,0.625000,1.133317,0.533317,0.660000,0.000000,0.660000,0.000000,0.745779,0.745779,0.000000,0.533317,-0.212463,-0.212463,-0.212463,0.216236,horizon_mpc_secbf,4,-0.215757,true,osqp,optimal,2950,6.305060,0,-0.012469,zero,true,0.735714,-0.145687,0.145667,0.735584,,,0.749868,0.749755,1.629010,2.837987
crossing,context_ext,Proposed MPC-SECBF,25,2.500,-0.769363,0.374836,0.145667,0.735584,1.375297,0.100000,-0.350000,0.000000,0.580000,cyclist,crossing,distracted,43.423075,1.000000,0.625000,1.131892,0.531892,0.504875,0.050000,0.504875,0.050000,0.000000,0.050000,0.050000,0.531892,0.539682,0.489682,0.481892,0.000000,horizon_mpc_secbf,4,0.145783,true,osqp,optimal,50,2.287270,0,-0.278604,accept,false,0.731609,-0.165069,0.644805,0.165797,,,0.665780,0.757493,1.695588,2.838977
crossing,context_ext,Proposed MPC-SECBF,26,2.600,-0.704882,0.391416,0.644805,0.165797,0.251675,0.100000,-0.292000,0.000000,0.580000,cyclist,crossing,distracted,0.600153,1.000000,0.625000,1.055885,0.455885,0.660000,0.000000,0.660000,0.000000,0.742675,0.742675,0.000000,0.455885,-0.286790,-0.286790,-0.286790,0.298170,horizon_mpc_secbf,4,-0.297896,true,osqp,optimal,2425,6.085061,0,-0.025817,zero,true,0.729763,-0.173051,0.171909,0.724994,,,0.745097,0.732347,1.770097,2.779893
crossing,context_ext,Proposed MPC-SECBF,27,2.700,-0.687692,0.463916,0.171909,0.724994,1.337979,0.100000,-0.234000,0.000000,0.580000,cyclist,crossing,distracted,13.914159,1.000000,0.625000,1.052399,0.452399,0.504875,0.050000,0.504875,0.050000,0.008519,0.058519,0.050000,0.452399,0.443880,0.393880,0.393880,0.000000,horizon_mpc_secbf,4,0.057182,true,osqp,optimal,50,2.337768,0,-0.372452,accept,false,0.724864,-0.192541,0.649650,0.157651,,,0.668505,0.741698,1.836948,2.780892
crossing,context_ext,Proposed MPC-SECBF,28,2.800,-0.622727,0.479681,0.649650,0.157651,0.238068,0.100000,-0.176000,0.000000,0.580000,cyclist,crossing,distracted,0.491330,1.000000,0.625000,0.975833,0.375833,0.660000,0.000000,0.660000,0.000000,0.731326,0.731326,0.000000,0.375833,-0.355493,-0.355493,-0.355493,0.373884,horizon_mpc_secbf,4,-0.373812,true,osqp,optimal,1500,4.302403,0,-0.038741,zero,true,0.722557,-0.201026,0.198634,0.713916,,,0.741034,0.716133,1.911051,2.722339
crossing,context_ext,Proposed MPC-SECBF,29,2.900,-0.602863,0.551072,0.198634,0.713916,1.299428,0.100000,-0.118000,0.000000,0.580000,cyclist,crossing,distracted,7.186846,1.000000,0.625000,0.970399,0.370399,0.504875,0.050000,0.504875,0.050000,0.022223,0.072223,0.050000,0.370399,0.348176,0.298176,0.298176,0.000104,horizon_mpc_secbf,4,-0.000096,true,osqp,optimal,25,2.682398,0,-0.387657,accept,false,0.716819,-0.220613,0.598254,0.213610,,,0.635246,0.640314,1.974576,2.723346
crossing,context_ext,Proposed MPC-SECBF,30,3.000,-0.543038,0.572433,0.598254,0.213610,0.342947,0.100000,-0.060000,0.000000,0.580000,cyclist,crossing,distracted,0.441770,1.000000,0.625000,0.901925,0.301925,0.660000,0.000000,0.660000,0.000000,0.632139,0.632139,0.000000,0.301925,-0.330213,-0.330213,-0.330213,0.355175,horizon_mpc_secbf,4,-0.355167,true,osqp,optimal,1450,4.854970,0,-0.051305,zero,true,0.713609,-0.230785,0.227084,0.702127,,,0.737937,0.613527,2.048369,2.672721
crossing,context_ext,Proposed MPC-SECBF,31,3.100,-0.520329,0.642646,0.227084,0.702127,1.257991,0.100000,-0.002000,0.000000,0.580000,cyclist,crossing,distracted,4.242069,1.000000,0.625000,0.894638,0.294638,0.504875,0.050000,0.504875,0.050000,0.032905,0.082905,0.050000,0.294638,0.261733,0.211733,0.211733,0.000330,horizon_mpc_secbf,4,-0.000330,true,osqp,optimal,50,2.233677,0,-0.294096,accept,false,0.706968,-0.250393,0.497359,0.356153,,,0.611728,0.439029,2.109542,2.673738
crossing,context_ext,Proposed MPC-SECBF,32,3.200,-0.470593,0.678261,0.497359,0.356153,0.621442,0.100000,0.056000,0.000000,0.580000,cyclist,crossing,distracted,0.487439,1.000000,0.625000,0.844267,0.244267,0.660000,0.000000,0.660000,0.000000,0.439178,0.439178,0.000000,0.244267,-0.194911,-0.194911,-0.194911,0.226163,horizon_mpc_secbf,4,-0.225860,true,osqp,optimal,1600,4.393492,0,-0.063392,zero,true,0.702080,-0.263788,0.258868,0.688964,,,0.735992,0.409440,2.183141,2.639224
crossing,context_ext,Proposed MPC-SECBF,33,3.300,-0.444707,0.747158,0.258868,0.688964,1.211381,0.100000,0.114000,0.000000,0.580000,cyclist,crossing,distracted,2.728031,1.000000,0.625000,0.835221,0.235221,0.567837,0.050000,0.567837,0.050000,0.039955,0.089955,0.050000,0.235221,0.195266,0.145266,0.145266,0.000503,horizon_mpc_secbf,4,-0.000501,true,osqp,optimal,50,2.456579,0,-0.228686,accept,false,0.694453,-0.283257,0.453339,0.476051,,,0.657374,0.288359,2.248879,2.640249
crossing,context_ext,Proposed MPC-SECBF,34,3.400,-0.399373,0.794763,0.453339,0.476051,0.809831,0.100000,0.172000,0.000000,0.580000,cyclist,crossing,distracted,0.543608,1.000000,0.625000,0.798252,0.198252,0.660000,0.000000,0.660000,0.000000,0.277400,0.277400,0.000000,0.198252,-0.079148,-0.079148,-0.079148,0.115811,horizon_mpc_secbf,4,-0.114379,true,osqp,optimal,2250,5.930224,0,-0.073323,zero,true,0.687639,-0.299420,0.293712,0.674539,,,0.735710,0.254712,2.322450,2.616968
crossing,context_ext,Proposed MPC-SECBF,35,3.500,-0.370002,0.862217,0.293712,0.674539,1.160128,0.100000,0.230000,0.000000,0.580000,cyclist,crossing,distracted,1.889863,1.000000,0.625000,0.787781,0.187781,0.609327,0.050000,0.609327,0.050000,0.039950,0.089950,0.050000,0.187781,0.147832,0.097832,0.097832,0.000634,horizon_mpc_secbf,4,-0.000459,true,osqp,optimal,50,2.910145,0,-0.183544,accept,false,0.678953,-0.318626,0.463556,0.573215,,,0.737197,0.197772,2.396170,2.618002
crossing,context_ext,Proposed MPC-SECBF,36,3.600,-0.323646,0.919538,0.463556,0.573215,0.890776,0.100000,0.288000,0.000000,0.580000,cyclist,crossing,distracted,0.608135,1.000000,0.625000,0.760471,0.160471,0.660000,0.000000,0.660000,0.000000,0.134445,0.134445,0.000000,0.160471,0.026026,0.026026,0.026026,0.014738,horizon_mpc_secbf,4,-0.010325,true,osqp,optimal,2400,5.358776,0,-0.078495,zero,true,0.669928,-0.337189,0.331607,0.658840,,,0.737586,0.157297,2.469928,2.601375
crossing,context_ext,Proposed MPC-SECBF,37,3.700,-0.290485,0.985422,0.331607,0.658840,1.104497,0.100000,0.346000,0.000000,0.580000,cyclist,crossing,distracted,1.413889,1.000000,0.625000,0.749226,0.149226,0.632888,0.050000,0.632888,0.050000,0.028554,0.078554,0.050000,0.149226,0.120672,0.070672,0.070672,0.000768,horizon_mpc_secbf,4,0.002212,true,osqp,optimal,50,2.444685,0,-0.148313,accept,false,0.660102,-0.356040,0.445630,0.594650,,,0.743098,0.130849,2.544238,2.602420
crossing,context_ext,Proposed MPC-SECBF,38,3.800,-0.245922,1.044887,0.445630,0.594650,0.927680,0.100000,0.404000,0.000000,0.580000,cyclist,crossing,distracted,0.645379,1.000000,0.625000,0.728285,0.128285,0.660000,0.013077,0.660000,0.013077,0.065208,0.078285,0.000000,0.128285,0.063077,0.050000,0.050000,0.001171,horizon_mpc_secbf,4,0.006778,true,osqp,optimal,350,3.390555,0,-0.108369,project,true,0.649744,-0.374610,0.416674,0.623605,,,0.750000,0.040949,2.619238,2.592470
crossing,context_ext,Proposed MPC-SECBF,39,3.900,-0.204255,1.107248,0.416674,0.623605,0.981754,0.100000,0.462000,0.000000,0.580000,cyclist,crossing,distracted,0.820015,1.000000,0.625000,0.713383,0.113383,0.660000,0.047965,0.660000,0.047965,0.015418,0.063383,0.034889,0.113383,0.097965,0.050000,0.050000,0.000998,horizon_mpc_secbf,4,0.010899,true,osqp,optimal,450,3.420374,0,-0.105883,project,true,0.638642,-0.393238,0.430657,0.609621,,,0.746394,0.019775,2.693877,2.588602
crossing,context_ext,Proposed MPC-SECBF,40,4.000,-0.161189,1.168210,0.430657,0.609621,0.955766,0.100000,0.520000,0.000000,0.580000,cyclist,crossing,distracted,0.740591,1.000000,0.625000,0.698853,0.098853,0.660000,0.048695,0.660000,0.048695,0.000159,0.048853,0.000729,0.098853,0.098695,0.050000,0.050000,0.001110,horizon_mpc_secbf,4,0.016179,true,osqp,optimal,125,2.289359,0,-0.100844,project,true,0.627045,-0.411478,0.444857,0.595425,,,0.743256,0.020079,2.768203,2.584968
crossing,context_ext,Proposed MPC-SECBF,41,4.100,-0.116703,1.227752,0.444857,0.595425,0.929137,0.100000,0.578000,0.000000,0.580000,cyclist,crossing,distracted,0.673496,1.000000,0.625000,0.684937,0.084937,0.660000,0.053218,0.660000,0.053218,0.000000,0.053218,0.004523,0.084937,0.103218,0.050000,0.031719,0.014456,horizon_mpc_secbf,4,0.011144,true,osqp,optimal,1175,3.841661,0,-0.058210,project,true,0.614961,-0.429328,0.427680,0.612601,,,0.747121,0.024291,2.842915,2.581508
crossing,context_ext,Proposed MPC-SECBF,42,4.200,-0.073935,1.289012,0.427680,0.612601,0.961321,0.100000,0.636000,0.000000,0.580000,cyclist,crossing,distracted,0.964417,1.000000,0.625000,0.675780,0.075780,0.655136,0.081062,0.655136,0.081062,0.000000,0.081062,0.027844,0.075780,0.131062,0.050000,-0.005282,0.052876,horizon_mpc_secbf,4,-0.021628,true,osqp,optimal,1100,3.541943,0,-0.049887,project,true,0.602284,-0.446939,0.443129,0.597151,,,0.743608,0.021849,2.917276,2.582589
crossing,context_ext,Proposed MPC-SECBF,43,4.300,-0.029623,1.348727,0.443129,0.597151,0.932388,0.100000,0.694000,0.000000,0.580000,cyclist,crossing,distracted,0.974001,1.000000,0.625000,0.667435,0.067435,0.654662,0.091423,0.654662,0.091423,0.000000,0.091423,0.010361,0.067435,0.141423,0.050000,-0.023987,0.071649,horizon_mpc_secbf,4,-0.036074,true,osqp,optimal,1200,4.442481,0,-0.039481,project,true,0.589171,-0.464088,0.458369,0.581913,,,0.740760,0.021552,2.991352,2.583660
crossing,context_ext,Proposed MPC-SECBF,44,4.400,0.016214,1.406919,0.458369,0.581913,0.903604,0.100000,0.752000,0.000000,0.580000,cyclist,crossing,distracted,1.070858,1.000000,0.625000,0.660256,0.060256,0.649868,0.106135,0.649868,0.106135,0.000000,0.106135,0.014713,0.060256,0.156135,0.050000,-0.045879,0.091880,horizon_mpc_secbf,4,-0.053757,true,osqp,optimal,1025,3.667685,0,-0.027130,project,true,0.575628,-0.480783,0.473442,0.566841,,,0.738549,0.021315,3.065207,2.584721
crossing,context_ext,Proposed MPC-SECBF,45,4.500,0.063559,1.463603,0.473442,0.566841,0.874941,0.100000,0.810000,0.000000,0.580000,cyclist,crossing,distracted,1.382925,1.000000,0.625000,0.654618,0.054618,0.634420,0.125330,0.634420,0.125330,0.000000,0.125330,0.019195,0.054618,0.175330,0.050000,-0.070712,0.112999,horizon_mpc_secbf,4,-0.074461,true,osqp,optimal,1025,3.516693,0,-0.012961,project,true,0.561661,-0.497028,0.488385,0.551897,,,0.736960,0.021134,3.138903,2.585777
crossing,context_ext,Proposed MPC-SECBF,46,4.600,0.112397,1.518792,0.488385,0.551897,0.846374,0.100000,0.868000,0.000000,0.580000,cyclist,crossing,distracted,2.708495,1.000000,0.625000,0.650911,0.050911,0.568805,0.149077,0.568805,0.149077,0.000000,0.149077,0.023747,0.050911,0.199077,0.050000,-0.098167,0.134471,horizon_mpc_secbf,4,-0.099546,true,osqp,optimal,925,3.346857,0,0.002934,project,true,0.547274,-0.512827,0.503237,0.537038,,,0.735974,0.021008,3.212500,2.586827
crossing,context_ext,Proposed MPC-SECBF,47,4.700,0.162721,1.572496,0.503237,0.537038,0.817879,0.100000,0.926000,0.000000,0.580000,cyclist,crossing,distracted,,0.000000,0.625000,0.649532,0.049532,0.306875,0.000000,0.306875,0.000000,0.000000,0.000000,0.000000,0.049532,0.049532,0.049532,0.049532,0.001247,horizon_mpc_secbf,4,0.010914,true,osqp,optimal,450,2.783439,0,-0.186214,zero,true,0.532468,-0.528184,0.681992,0.275730,,,0.735622,0.316599,3.286062,2.587873
crossing,context_ext,Proposed MPC-SECBF,48,4.800,0.230920,1.600069,0.681992,0.275730,0.384209,0.100000,0.984000,0.000000,0.580000,cyclist,crossing,distracted,0.191367,1.000000,0.625000,0.629826,0.029826,0.660000,0.050000,0.660000,0.050000,0.000000,0.050000,0.050000,0.029826,0.270657,0.220657,-0.020174,0.027260,horizon_mpc_secbf,4,-0.013859,true,osqp,optimal,3100,7.030337,0,0.047689,accept,false,0.518333,-0.542062,0.531780,0.508501,,,0.735774,0.277030,3.359640,2.559766
crossing,context_ext,Proposed MPC-SECBF,49,4.900,0.284098,1.650919,0.531780,0.508501,0.763024,0.100000,1.042000,0.000000,0.580000,cyclist,crossing,distracted,,0.000000,0.625000,0.636141,0.036141,0.306875,0.000000,0.306875,0.000000,0.000000,0.000000,0.000000,0.036141,0.036141,0.036141,0.036141,0.000384,horizon_mpc_secbf,4,0.002989,true,osqp,optimal,150,2.679084,0,-0.216524,zero,true,0.502544,-0.556731,0.735592,0.093244,,,0.741478,0.462577,3.433787,2.560823
crossing,context_ext,Proposed MPC-SECBF,50,5.000,0.357657,1.660244,0.735592,0.093244,0.126088,0.100000,1.100000,0.000000,0.580000,cyclist,crossing,distracted,0.123466,1.000000,0.625000,0.616653,0.016653,0.660000,0.050000,0.660000,0.050000,0.000000,0.050000,0.050000,0.016653,0.395964,0.345964,-0.033347,0.018992,horizon_mpc_secbf,4,-0.016588,true,osqp,optimal,1375,4.133299,0,0.129346,accept,false,0.488950,-0.568708,0.559365,0.480917,,,0.737679,0.425848,3.507555,2.519191
crossing,context_ext,Proposed MPC-SECBF,51,5.100,0.413594,1.708336,0.559365,0.480917,0.710131,0.100000,1.158000,0.000000,0.580000,cyclist,crossing,distracted,,0.000000,0.625000,0.633412,0.033412,0.306875,0.000000,0.306875,0.000000,0.000000,0.000000,0.000000,0.033412,0.033412,0.033412,0.033412,0.000076,horizon_mpc_secbf,4,0.000172,true,osqp,optimal,50,3.174883,0,-0.257459,zero,true,0.472094,-0.582775,0.695870,-0.151389,,,0.712147,0.646873,3.578770,2.520270
crossing,context_ext,Proposed MPC-SECBF,52,5.200,0.483181,1.693197,0.695870,-0.151389,-0.214216,0.100000,1.216000,0.000000,0.580000,cyclist,crossing,distracted,0.089155,1.000000,0.625000,0.612000,0.012000,0.660000,0.050000,0.660000,0.050000,0.000000,0.050000,0.050000,0.012000,0.508586,0.458586,-0.038000,0.011856,horizon_mpc_secbf,4,-0.008983,true,osqp,optimal,500,3.341413,0,0.236954,accept,false,0.461487,-0.591211,0.623601,0.416680,,,0.750000,0.572648,3.653770,2.465107
crossing,context_ext,Proposed MPC-SECBF,53,5.300,0.545541,1.734865,0.623601,0.416680,0.589052,0.100000,1.274000,0.000000,0.580000,cyclist,crossing,distracted,,0.000000,0.625000,0.641017,0.041017,0.306875,0.000000,0.306875,0.000000,0.000000,0.000000,0.000000,0.041017,0.041017,0.041017,0.041017,0.000000,horizon_mpc_secbf,4,0.035687,true,osqp,optimal,50,2.655694,0,-0.096644,zero,true,0.443303,-0.604965,0.646430,-0.236409,,,0.688303,0.653488,3.722600,2.460719
crossing,context_ext,Proposed MPC-SECBF,54,5.400,0.610184,1.711224,0.646430,-0.236409,-0.350606,0.100000,1.332000,0.000000,0.580000,cyclist,crossing,distracted,,0.000000,0.625000,0.635687,0.035687,0.306875,0.000000,0.306875,0.000000,0.000000,0.000000,0.000000,0.035687,0.035687,0.035687,0.035687,0.000000,horizon_mpc_secbf,4,0.041413,true,osqp,optimal,50,2.190584,0,-0.008794,zero,true,0.433641,-0.611928,0.643105,-0.359756,,,0.736891,0.123391,3.796289,2.403745
crossing,context_ext,Proposed MPC-SECBF,55,5.500,0.674494,1.675248,0.643105,-0.359756,-0.510034,0.100000,1.390000,0.000000,0.580000,cyclist,crossing,distracted,,0.000000,0.625000,0.641413,0.041413,0.306875,0.000000,0.306875,0.000000,0.000000,0.000000,0.000000,0.041413,0.041413,0.041413,0.041413,0.000000,horizon_mpc_secbf,4,0.064971,true,osqp,optimal,50,2.421887,0,0.176287,zero,true,0.425310,-0.617747,0.633541,-0.392683,,,0.745368,0.034288,3.870826,2.337423
crossing,context_ext,Proposed MPC-SECBF,56,5.600,0.737848,1.635980,0.633541,-0.392683,-0.554867,0.100000,1.448000,0.000000,0.580000,cyclist,crossing,distracted,,0.000000,0.625000,0.664971,0.064971,0.306875,0.014971,0.306875,0.014971,0.000000,0.014971,0.014971,0.064971,0.064971,0.050000,0.050000,0.000001,horizon_mpc_secbf,4,0.090882,true,osqp,optimal,25,2.265273,0,0.367851,project,true,0.417130,-0.623300,0.624212,-0.413678,,,0.748846,0.022975,3.945711,2.269349
crossing,context_ext,Proposed MPC-SECBF,57,5.700,0.800270,1.594612,0.624212,-0.413678,-0.585266,0.100000,1.506000,0.000000,0.580000,cyclist,crossing,distracted,,0.000000,0.625000,0.705854,0.105854,0.306875,0.055854,0.306875,0.055854,0.000000,0.055854,0.040882,0.105854,0.105854,0.050000,0.050000,0.000000,horizon_mpc_secbf,4,0.105377,true,osqp,optimal,50,3.104491,0,0.526759,project,true,0.408917,-0.628719,0.608581,-0.431699,,,0.746147,0.023856,4.020326,2.200442
crossing,context_ext,Proposed MPC-SECBF,58,5.800,0.861128,1.551442,0.608581,-0.431699,-0.616976,0.100000,1.564000,0.000000,0.580000,cyclist,crossing,distracted,,0.000000,0.625000,0.761231,0.161231,0.306875,0.105854,0.306875,0.105854,0.000000,0.105854,0.050000,0.161231,0.161231,0.055377,0.055377,0.000000,horizon_mpc_secbf,4,0.122362,true,osqp,optimal,50,2.289853,0,0.662095,accept,false,0.400776,-0.633939,0.589798,-0.450482,,,0.742156,0.026562,4.094541,2.131249
crossing,context_ext,Proposed MPC-SECBF,59,5.900,0.920107,1.506394,0.589798,-0.450482,-0.652268,0.100000,1.622000,0.000000,0.580000,cyclist,crossing,distracted,,0.000000,0.625000,0.828216,0.228216,0.306875,0.155854,0.306875,0.155854,0.000000,0.155854,0.050000,0.228216,0.228216,0.072362,0.072362,0.000000,horizon_mpc_secbf,4,0.148533,true,osqp,optimal,50,2.364025,0,0.782859,accept,false,0.392818,-0.638900,0.569383,-0.470897,,,0.738878,0.028872,4.168429,2.061817
crossing,context_ext,Proposed MPC-SECBF,60,6.000,0.977046,1.459304,0.569383,-0.470897,-0.691008,0.100000,1.680000,0.000000,0.580000,cyclist,crossing,distracted,,0.000000,0.625000,0.904387,0.304387,0.306875,0.205854,0.306875,0.205854,0.000000,0.205854,0.050000,0.304387,0.304387,0.098533,0.098533,0.000000,horizon_mpc_secbf,4,0.181989,true,osqp,optimal,50,2.238832,0,0.891406,accept,false,0.385144,-0.643556,0.547687,-0.492592,,,0.736620,0.030682,4.242091,1.992023
crossing,context_ext,Proposed MPC-SECBF,61,6.100,1.031814,1.410045,0.547687,-0.492592,-0.732486,0.100000,1.738000,0.000000,0.580000,cyclist,crossing,distracted,,0.000000,0.625000,0.987842,0.387842,0.306875,0.255854,0.306875,0.255854,0.000000,0.255854,0.050000,0.387842,0.387842,0.131989,0.131989,0.000000,horizon_mpc_secbf,4,0.221304,true,osqp,optimal,50,2.721527,0,0.990851,accept,false,0.377853,-0.647864,0.525026,-0.515254,,,0.735621,0.032048,4.315653,1.921752
crossing,context_ext,Proposed MPC-SECBF,62,6.200,1.084317,1.358520,0.525026,-0.515254,-0.776005,0.100000,1.796000,0.000000,0.580000,cyclist,crossing,distracted,,0.000000,0.625000,1.077158,0.477158,0.306875,0.255854,0.306875,0.255854,0.000000,0.255854,0.000000,0.477158,0.477158,0.221304,0.221304,0.000000,horizon_mpc_secbf,4,0.315442,true,osqp,optimal,50,2.484639,0,1.134052,fallback,true,0.371043,-0.651787,0.501672,-0.538608,,,0.736053,0.033028,4.389258,1.850895
crossing,context_ext,Proposed MPC-SECBF,63,6.300,1.134484,1.304659,0.501672,-0.538608,-0.820890,0.100000,1.854000,0.000000,0.580000,cyclist,crossing,distracted,,0.000000,0.625000,1.171296,0.571296,0.306875,0.255854,0.306875,0.255854,0.000000,0.255854,0.000000,0.571296,0.571296,0.315442,0.315442,0.000000,horizon_mpc_secbf,4,0.413655,true,osqp,optimal,50,3.445122,0,1.273289,fallback,true,0.364817,-0.655293,0.477870,-0.562410,,,0.738014,0.033660,4.463060,1.779349
crossing,context_ext,Proposed MPC-SECBF,64,6.400,1.182271,1.248418,0.477870,-0.562410,-0.866486,0.100000,1.912000,0.000000,0.580000,cyclist,crossing,distracted,,0.000000,0.625000,1.269509,0.669509,0.306875,0.255854,0.306875,0.255854,0.000000,0.255854,0.000000,0.669509,0.669509,0.413655,0.413655,0.000000,horizon_mpc_secbf,4,0.515409,true,osqp,optimal,50,2.553633,0,1.410272,fallback,true,0.359278,-0.658346,0.453859,-0.586421,,,0.741537,0.033958,4.537213,1.707026
crossing,context_ext,Proposed MPC-SECBF,65,6.500,1.227657,1.189776,0.453859,-0.586421,-0.912145,0.100000,1.970000,0.000000,0.580000,cyclist,crossing,distracted,,0.000000,0.625000,1.371262,0.771262,0.306875,0.255854,0.306875,0.255854,0.000000,0.255854,0.000000,0.771262,0.771262,0.515409,0.515409,0.000000,horizon_mpc_secbf,4,0.620319,true,osqp,optimal,50,2.331456,0,1.546242,fallback,true,0.354535,-0.660912,0.429901,-0.610379,,,0.746577,0.033882,4.611871,1.633851
crossing,context_ext,Proposed MPC-SECBF,66,6.600,1.270647,1.128738,0.429901,-0.610379,-0.957178,0.100000,2.028000,0.000000,0.580000,cyclist,crossing,distracted,,0.000000,0.625000,1.476173,0.876173,0.306875,0.255854,0.306875,0.255854,0.000000,0.255854,0.000000,0.876173,0.876173,0.620319,0.620319,0.000000,horizon_mpc_secbf,4,0.727532,true,osqp,optimal,50,2.347034,0,1.676338,fallback,true,0.350703,-0.662954,0.402559,-0.629449,,,0.747168,0.033335,4.686588,1.559767
crossing,context_ext,Proposed MPC-SECBF,67,6.700,1.310903,1.065793,0.402559,-0.629449,-1.001808,0.100000,2.086000,0.000000,0.580000,cyclist,crossing,distracted,,0.000000,0.625000,1.583385,0.983385,0.306875,0.255854,0.306875,0.255854,0.000000,0.255854,0.000000,0.983385,0.983385,0.727532,0.727532,0.000000,horizon_mpc_secbf,4,0.836181,true,osqp,optimal,50,2.314003,0,1.799775,fallback,true,0.347955,-0.664400,0.372653,-0.641838,,,0.742176,0.032371,4.760806,1.485317
crossing,context_ext,Proposed MPC-SECBF,68,6.800,1.348168,1.001609,0.372653,-0.641838,-1.044762,0.100000,2.144000,0.000000,0.580000,cyclist,crossing,distracted,,0.000000,0.625000,1.692035,1.092035,0.306875,0.255854,0.306875,0.255854,0.000000,0.255854,0.000000,1.092035,1.092035,0.836181,0.836181,0.000000,horizon_mpc_secbf,4,0.946265,true,osqp,optimal,50,2.425241,0,1.924386,fallback,true,0.346431,-0.665196,0.347270,-0.652353,,,0.739027,0.027475,4.834708,1.411173
crossing,context_ext,Proposed MPC-SECBF,69,6.900,1.382895,0.936374,0.347270,-0.652353,-1.081617,0.100000,2.202000,0.000000,0.580000,cyclist,crossing,distracted,,0.000000,0.625000,1.802118,1.202118,0.306875,0.255854,0.306875,0.255854,0.000000,0.255854,0.000000,1.202118,1.202118,0.946265,0.946265,0.000000,horizon_mpc_secbf,4,1.058402,true,osqp,optimal,50,3.573008,0,2.057006,fallback,true,0.346099,-0.665369,0.342629,-0.654275,,,0.738560,0.005023,4.908564,1.337274
crossing,context_ext,Proposed MPC-SECBF,70,7.000,1.417158,0.870946,0.342629,-0.654275,-1.088386,0.100000,2.260000,0.000000,0.580000,cyclist,crossing,distracted,,0.000000,0.625000,1.914256,1.314256,0.306875,0.255854,0.306875,0.255854,0.000000,0.255854,0.000000,1.314256,1.314256,1.058402,1.058402,0.000000,horizon_mpc_secbf,4,1.172399,true,osqp,optimal,50,3.302377,0,2.189448,fallback,true,0.345991,-0.665425,0.341741,-0.654643,,,0.738474,0.000962,4.982412,1.263418
crossing,context_ext,Proposed MPC-SECBF,71,7.100,1.451332,0.805482,0.341741,-0.654643,-1.089683,0.100000,2.318000,0.000000,0.580000,cyclist,crossing,distracted,,0.000000,0.625000,2.028253,1.428253,0.306875,0.255854,0.306875,0.255854,0.000000,0.255854,0.000000,1.428253,1.428253,1.172399,1.172399,0.000000,horizon_mpc_secbf,4,1.287983,true,osqp,optimal,50,2.208875,0,2.320714,fallback,true,0.345924,-0.665460,0.341530,-0.654730,,,0.738454,0.000228,5.056257,1.189571
crossing,context_ext,Proposed MPC-SECBF,72,7.200,1.485485,0.740009,0.341530,-0.654730,-1.089991,0.100000,2.376000,0.000000,0.580000,cyclist,crossing,distracted,,0.000000,0.625000,2.143837,1.543837,0.306875,0.255854,0.306875,0.255854,0.000000,0.255854,0.000000,1.543837,1.543837,1.287983,1.287983,0.000000,horizon_mpc_secbf,4,1.404915,true,osqp,optimal,50,2.026182,0,2.450911,fallback,true,0.345861,-0.665492,0.341440,-0.654767,,,0.738445,0.000097,5.130102,1.115725
crossing,context_ext,Proposed MPC-SECBF,73,7.300,1.519629,0.674532,0.341440,-0.654767,-1.090122,0.100000,2.434000,0.000000,0.580000,cyclist,crossing,distracted,,0.000000,0.625000,2.260768,1.660768,0.306875,0.255854,0.306875,0.255854,0.000000,0.255854,0.000000,1.660768,1.660768,1.404915,1.404915,0.000000,horizon_mpc_secbf,4,1.522996,true,osqp,optimal,50,2.266928,0,2.580268,fallback,true,0.345796,-0.665526,0.341369,-0.654797,,,0.738438,0.000078,5.203945,1.041881
crossing,context_ext,Proposed MPC-SECBF,74,7.400,1.553766,0.609053,0.341369,-0.654797,-1.090226,0.100000,2.492000,0.000000,0.580000,cyclist,crossing,distracted,,0.000000,0.625000,2.378850,1.778850,0.306875,0.255854,0.306875,0.255854,0.000000,0.255854,0.000000,1.778850,1.778850,1.522996,1.522996,0.000000,horizon_mpc_secbf,4,1.642065,true,osqp,optimal,50,2.437169,0,2.708981,fallback,true,0.345726,-0.665563,0.341296,-0.654827,,,0.738432,0.000078,5.277789,0.968037
crossing,context_ext,Proposed MPC-SECBF,75,7.500,1.587896,0.543570,0.341296,-0.654827,-1.090332,0.100000,2.550000,0.000000,0.580000,cyclist,crossing,distracted,,0.000000,0.625000,2.497918,1.897918,0.306875,0.255854,0.306875,0.255854,0.000000,0.255854,0.000000,1.897918,1.897918,1.642065,1.642065,0.000000,horizon_mpc_secbf,4,1.761985,true,osqp,optimal,50,2.966940,0,2.837202,fallback,true,0.345650,-0.665602,0.341219,-0.654859,,,0.738424,0.000084,5.351631,0.894194
crossing,context_ext,Proposed MPC-SECBF,76,7.600,1.622018,0.478084,0.341219,-0.654859,-1.090445,0.100000,2.608000,0.000000,0.580000,cyclist,crossing,distracted,,0.000000,0.625000,2.617839,2.017839,0.306875,0.255854,0.306875,0.255854,0.000000,0.255854,0.000000,2.017839,2.017839,1.761985,1.761985,0.000000,horizon_mpc_secbf,4,1.882646,true,osqp,optimal,50,2.717425,0,2.965051,fallback,true,0.345567,-0.665645,0.341134,-0.654894,,,0.738416,0.000091,5.425473,0.820352
crossing,context_ext,Proposed MPC-SECBF,77,7.700,1.656131,0.412595,0.341134,-0.654894,-1.090569,0.100000,2.666000,0.000000,0.580000,cyclist,crossing,distracted,,0.000000,0.625000,2.738500,2.138500,0.306875,0.255854,0.306875,0.255854,0.000000,0.255854,0.000000,2.138500,2.138500,1.882646,1.882646,0.000000,horizon_mpc_secbf,4,2.003953,true,osqp,optimal,50,2.268569,0,3.092618,fallback,true,0.345476,-0.665692,0.341042,-0.654932,,,0.738407,0.000100,5.499313,0.746510
crossing,context_ext,Proposed MPC-SECBF,78,7.800,1.690235,0.347102,0.341042,-0.654932,-1.090704,0.100000,2.724000,0.000000,0.580000,cyclist,crossing,distracted,,0.000000,0.625000,2.859807,2.259807,0.306875,0.255854,0.306875,0.255854,0.000000,0.255854,0.000000,2.259807,2.259807,2.003953,2.003953,0.000000,horizon_mpc_secbf,4,2.125828,true,osqp,optimal,50,2.279525,0,3.219973,fallback,true,0.345375,-0.665745,0.340939,-0.654975,,,0.738398,0.000111,5.573153,0.672670
crossing,context_ext,Proposed MPC-SECBF,79,7.900,1.724329,0.281604,0.340939,-0.654975,-1.090854,0.100000,2.782000,0.000000,0.580000,cyclist,crossing,distracted,,0.000000,0.625000,2.981682,2.381682,0.306875,0.255854,0.306875,0.255854,0.000000,0.255854,0.000000,2.381682,2.381682,2.125828,2.125828,0.000000,horizon_mpc_secbf,4,2.248203,true,osqp,optimal,50,2.133910,0,3.347171,fallback,true,0.345262,-0.665804,0.340824,-0.655022,,,0.738387,0.000125,5.646992,0.598830
crossing,context_ext,Proposed MPC-SECBF,80,8.000,1.758412,0.216102,0.340824,-0.655022,-1.091022,0.100000,2.840000,0.000000,0.580000,cyclist,crossing,distracted,,0.000000,0.625000,3.104057,2.504057,0.306875,0.255854,0.306875,0.255854,0.000000,0.255854,0.000000,2.504057,2.504057,2.248203,2.248203,0.000000,horizon_mpc_secbf,4,2.371023,true,osqp,optimal,50,2.209192,0,3.474252,fallback,true,0.345132,-0.665871,0.340693,-0.655077,,,0.738375,0.000142,5.720829,0.524991
crossing,context_ext,Proposed MPC-SECBF,81,8.100,1.792481,0.150594,0.340693,-0.655077,-1.091214,0.100000,2.898000,0.000000,0.580000,cyclist,crossing,distracted,,0.000000,0.625000,3.226876,2.626876,0.306875,0.255854,0.306875,0.255854,0.000000,0.255854,0.000000,2.626876,2.626876,2.371023,2.371023,0.000000,horizon_mpc_secbf,4,2.494236,true,osqp,optimal,50,3.274237,0,3.601249,fallback,true,0.344980,-0.665949,0.340540,-0.655140,,,0.738360,0.000165,5.794665,0.451154
crossing,context_ext,Proposed MPC-SECBF,82,8.200,1.826535,0.085080,0.340540,-0.655140,-1.091436,0.100000,2.956000,0.000000,0.580000,cyclist,crossing,distracted,,0.000000,0.625000,3.350090,2.750090,0.306875,0.255854,0.306875,0.255854,0.000000,0.255854,0.000000,2.750090,2.750090,2.494236,2.494236,0.000000,horizon_mpc_secbf,4,2.617803,true,osqp,optimal,50,2.492828,0,3.728187,fallback,true,0.344799,-0.666043,0.340358,-0.655215,,,0.738343,0.000197,5.868500,0.377318
crossing,context_ext,Proposed MPC-SECBF,83,8.300,1.860571,0.019559,0.340358,-0.655215,-1.091703,0.100000,3.014000,0.000000,0.580000,cyclist,crossing,distracted,,0.000000,0.625000,3.473656,2.873656,0.306875,0.255854,0.306875,0.255854,0.000000,0.255854,0.000000,2.873656,2.873656,2.617803,2.617803,0.000000,horizon_mpc_secbf,4,2.741685,true,osqp,optimal,50,2.170048,0,3.855083,fallback,true,0.344572,-0.666161,0.340132,-0.655309,,,0.738322,0.000245,5.942332,0.303484
crossing,context_ext,Proposed MPC-SECBF,84,8.400,1.894584,-0.045972,0.340132,-0.655309,-1.092033,0.100000,3.072000,0.000000,0.580000,cyclist,crossing,distracted,,0.000000,0.625000,3.597538,2.997538,0.306875,0.255854,0.306875,0.255854,0.000000,0.255854,0.000000,2.997538,2.997538,2.741685,2.741685,0.000000,horizon_mpc_secbf,4,2.865850,true,osqp,optimal,50,2.405061,0,3.981951,fallback,true,0.344270,-0.666317,0.339833,-0.655433,,,0.738294,0.000323,6.016161,0.229652
crossing,context_ext,Proposed MPC-SECBF,85,8.500,1.928567,-0.111516,0.339833,-0.655433,-1.092469,0.100000,3.130000,0.000000,0.580000,cyclist,crossing,distracted,,0.000000,0.625000,3.721704,3.121704,0.306875,0.255854,0.306875,0.255854,0.000000,0.255854,0.000000,3.121704,3.121704,2.865850,2.865850,0.000000,horizon_mpc_secbf,4,2.990271,true,osqp,optimal,50,2.312393,0,4.108794,fallback,true,0.343818,-0.666550,0.339395,-0.655614,,,0.738254,0.000475,6.089987,0.155822
crossing,context_ext,Proposed MPC-SECBF,86,8.600,1.962507,-0.177077,0.339395,-0.655614,-1.093109,0.100000,3.188000,0.000000,0.580000,cyclist,crossing,distracted,,0.000000,0.625000,3.846125,3.246125,0.306875,0.255854,0.306875,0.255854,0.000000,0.255854,0.000000,3.246125,3.246125,2.990271,2.990271,0.000000,horizon_mpc_secbf,4,3.114918,true,osqp,optimal,50,2.352187,0,4.235596,fallback,true,0.342938,-0.667003,0.338565,-0.655958,,,0.738178,0.000899,6.163805,0.081997
crossing,context_ext,Proposed MPC-SECBF,87,8.700,1.996363,-0.242673,0.338565,-0.655958,-1.094322,0.100000,3.246000,0.000000,0.580000,cyclist,crossing,distracted,,0.000000,0.625000,3.970772,3.370772,0.306875,0.255854,0.306875,0.255854,0.000000,0.255854,0.000000,3.370772,3.370772,3.114918,3.114918,0.000000,horizon_mpc_secbf,4,3.185409,true,osqp,optimal,25,2.812229,0,3.818841,fallback,true,0.036367,-0.073272,0.088216,-0.173245,,,0.194412,0.543770,6.183246,0.008180
crossing,context_ext,Proposed MPC-SECBF,88,8.800,2.005185,-0.259997,0.088216,-0.173245,-1.099816,0.100000,3.304000,0.000000,0.580000,cyclist,crossing,distracted,,0.000000,0.625000,4.041263,3.441263,0.306875,0.255854,0.306875,0.255854,0.000000,0.255854,0.000000,3.441263,3.441263,3.185409,3.185409,0.000000,horizon_mpc_secbf,4,3.230657,true,osqp,optimal,25,2.231381,0,3.636973,fallback,true,-0.051849,0.099973,-0.027817,0.053096,,,0.059942,0.254351,6.189240,0.011262
crossing,context_ext,Proposed MPC-SECBF,89,8.900,2.002403,-0.254688,-0.027817,0.053096,2.053386,0.100000,3.362000,0.000000,0.580000,cyclist,crossing,distracted,,0.000000,0.625000,4.086510,3.486510,0.306875,0.255854,0.306875,0.255854,0.000000,0.255854,0.000000,3.486510,3.486510,3.230657,3.230657,0.000000,horizon_mpc_secbf,4,3.276684,true,osqp,optimal,25,2.262126,0,3.690053,fallback,true,-0.024032,0.046877,-0.024681,0.047944,,,0.053924,0.006032,6.194632,0.005268
crossing,context_ext,Proposed MPC-SECBF,90,9.000,1.999935,-0.249893,-0.024681,0.047944,2.046204,0.100000,3.420000,0.000000,0.580000,cyclist,crossing,distracted,,0.000000,0.625000,4.132538,3.532538,0.306875,0.255854,0.306875,0.255854,0.000000,0.255854,0.000000,3.532538,3.532538,3.276684,3.276684,0.000000,horizon_mpc_secbf,4,3.328271,true,osqp,optimal,25,2.198308,0,3.791706,fallback,true,0.000650,-0.001067,0.000564,0.000344,,,0.000660,0.053881,6.194698,0.000125
crossing,context_ext,Proposed MPC-SECBF,91,9.100,1.999991,-0.249859,0.000564,0.000344,0.547461,0.100000,3.478000,0.000000,0.580000,cyclist,crossing,distracted,,0.000000,0.625000,4.184125,3.584125,0.306875,0.255854,0.306875,0.255854,0.000000,0.255854,0.000000,3.584125,3.584125,3.328271,3.328271,0.000000,horizon_mpc_secbf,4,3.380135,true,osqp,optimal,25,2.471655,0,3.846089,fallback,true,0.000086,-0.001411,0.000168,-0.001110,,,0.001122,0.001506,6.194811,0.000141
crossing,context_ext,Proposed MPC-SECBF,92,9.200,2.000008,-0.249970,0.000168,-0.001110,-1.420835,0.100000,3.536000,0.000000,0.580000,cyclist,crossing,distracted,,0.000000,0.625000,4.235989,3.635989,0.306875,0.255854,0.306875,0.255854,0.000000,0.255854,0.000000,3.635989,3.635989,3.380135,3.380135,0.000000,horizon_mpc_secbf,4,3.432090,true,osqp,optimal,25,2.814049,0,3.898893,fallback,true,-0.000082,-0.000301,-0.000039,-0.000440,,,0.000442,0.000701,6.194855,0.000031
crossing,context_ext,Proposed MPC-SECBF,93,9.300,2.000004,-0.250014,-0.000039,-0.000440,-1.659739,0.100000,3.594000,0.000000,0.580000,cyclist,crossing,distracted,,0.000000,0.625000,4.287943,3.687943,0.306875,0.255854,0.306875,0.255854,0.000000,0.255854,0.000000,3.687943,3.687943,3.432090,3.432090,0.000000,horizon_mpc_secbf,4,3.484156,true,osqp,optimal,25,3.100911,0,3.951988,fallback,true,-0.000043,0.000139,-0.000042,0.000039,,,0.000058,0.000479,6.194861,0.000015
crossing,context_ext,Proposed MPC-SECBF,94,9.400,2.000000,-0.250010,-0.000042,0.000039,2.389685,0.100000,3.652000,0.000000,0.580000,cyclist,crossing,distracted,,0.000000,0.625000,4.340009,3.740009,0.306875,0.255854,0.306875,0.255854,0.000000,0.255854,0.000000,3.740009,3.740009,3.484156,3.484156,0.000000,horizon_mpc_secbf,4,3.536367,true,osqp,optimal,25,2.449628,0,4.005538,fallback,true,-0.000001,0.000099,-0.000008,0.000089,,,0.000089,0.000060,6.194869,0.000010
crossing,context_ext,Proposed MPC-SECBF,95,9.500,1.999999,-0.250001,-0.000008,0.000089,1.657772,0.100000,3.710000,0.000000,0.580000,cyclist,crossing,distracted,,0.000000,0.625000,4.392221,3.792221,0.306875,0.255854,0.306875,0.255854,0.000000,0.255854,0.000000,3.792221,3.792221,3.536367,3.536367,0.000000,horizon_mpc_secbf,4,3.588729,true,osqp,optimal,25,2.116278,0,4.059272,fallback,true,0.000007,0.000010,0.000005,0.000024,,,0.000024,0.000066,6.194872,0.000001
crossing,context_ext,Proposed MPC-SECBF,96,9.600,2.000000,-0.249999,0.000005,0.000024,1.380355,0.100000,3.768000,0.000000,0.580000,cyclist,crossing,distracted,,0.000000,0.625000,4.444582,3.844582,0.306875,0.255854,0.306875,0.255854,0.000000,0.255854,0.000000,3.844582,3.844582,3.588729,3.588729,0.000000,horizon_mpc_secbf,4,3.641231,true,osqp,optimal,25,2.144579,0,4.113069,fallback,true,0.000003,-0.000014,0.000003,-0.000007,,,0.000008,0.000031,6.194873,0.000001
crossing,context_ext,Proposed MPC-SECBF,97,9.700,2.000000,-0.249999,0.000003,-0.000007,-1.183332,0.100000,3.826000,0.000000,0.580000,cyclist,crossing,distracted,,0.000000,0.625000,4.497085,3.897085,0.306875,0.255854,0.306875,0.255854,0.000000,0.255854,0.000000,3.897085,3.897085,3.641231,3.641231,0.000000,horizon_mpc_secbf,4,3.693867,true,osqp,optimal,25,2.351894,0,4.166929,fallback,true,-0.000000,-0.000006,0.000000,-0.000007,,,0.000007,0.000003,6.194873,0.000001
crossing,context_ext,Proposed MPC-SECBF,98,9.800,2.000000,-0.250000,0.000000,-0.000007,-1.538547,0.100000,3.884000,0.000000,0.580000,cyclist,crossing,distracted,,0.000000,0.625000,4.549720,3.949720,0.306875,0.255854,0.306875,0.255854,0.000000,0.255854,0.000000,3.949720,3.949720,3.693867,3.693867,0.000000,horizon_mpc_secbf,4,3.746631,true,osqp,optimal,25,3.143639,0,4.220871,fallback,true,-0.000001,0.000000,-0.000000,-0.000001,,,0.000001,0.000006,6.194873,0.000000
crossing,context_ext,Proposed MPC-SECBF,99,9.900,2.000000,-0.250000,-0.000000,-0.000001,-1.967750,0.100000,3.942000,0.000000,0.580000,cyclist,crossing,distracted,,0.000000,0.625000,4.602485,4.002485,0.306875,0.255854,0.306875,0.255854,0.000000,0.255854,0.000000,4.002485,4.002485,3.746631,3.746631,0.000000,horizon_mpc_secbf,4,3.799520,true,osqp,optimal,25,3.359612,0,4.274901,fallback,true,-0.000000,0.000001,-0.000000,0.000001,,,0.000001,0.000002,6.194874,0.000000
crossing,context_ext,Proposed MPC-SECBF,100,10.000,2.000000,-0.250000,-0.000000,0.000001,1.803296,0.100000,4.000000,0.000000,0.580000,cyclist,crossing,distracted,,0.000000,0.625000,4.655373,4.055373,0.306875,0.255854,0.306875,0.255854,0.000000,0.255854,0.000000,4.055373,4.055373,3.799520,3.799520,0.000000,horizon_mpc_secbf,4,3.852529,true,osqp,optimal,25,3.254154,0,4.329015,fallback,true,0.000000,0.000000,0.000000,0.000000,,,0.000000,0.000000,6.194874,0.000000
crossing,context_ext,Proposed MPC-SECBF,101,10.100,2.000000,-0.250000,0.000000,0.000000,1.546747,0.100000,4.058000,0.000000,0.580000,cyclist,crossing,distracted,,0.000000,0.625000,4.708382,4.108382,0.306875,0.255854,0.306875,0.255854,0.000000,0.255854,0.000000,4.108382,4.108382,3.852529,3.852529,0.000000,horizon_mpc_secbf,4,3.905654,true,osqp,optimal,25,2.105696,0,4.383208,fallback,true,0.000000,-0.000000,0.000000,0.000000,,,0.000000,0.000000,6.194874,0.000000
crossing,context_ext,Proposed MPC-SECBF,102,10.200,2.000000,-0.250000,0.000000,0.000000,0.485273,0.100000,4.116000,0.000000,0.580000,cyclist,crossing,distracted,,0.000000,0.625000,4.761508,4.161508,0.306875,0.255854,0.306875,0.255854,0.000000,0.255854,0.000000,4.161508,4.161508,3.905654,3.905654,0.000000,horizon_mpc_secbf,4,3.958892,true,osqp,optimal,25,2.131428,0,4.437477,fallback,true,0.000000,-0.000000,0.000000,-0.000000,,,0.000000,0.000000,6.194874,0.000000
crossing,context_ext,Proposed MPC-SECBF,103,10.300,2.000000,-0.250000,0.000000,-0.000000,-1.424392,0.100000,4.174000,0.000000,0.580000,cyclist,crossing,distracted,,0.000000,0.625000,4.814746,4.214746,0.306875,0.255854,0.306875,0.255854,0.000000,0.255854,0.000000,4.214746,4.214746,3.958892,3.958892,0.000000,horizon_mpc_secbf,4,4.012239,true,osqp,optimal,25,2.030968,0,4.491821,fallback,true,-0.000000,-0.000000,-0.000000,-0.000000,,,0.000000,0.000000,6.194874,0.000000
crossing,context_ext,Proposed MPC-SECBF,104,10.400,2.000000,-0.250000,-0.000000,-0.000000,-1.663750,0.100000,4.232000,0.000000,0.580000,cyclist,crossing,distracted,,0.000000,0.625000,4.868092,4.268092,0.306875,0.255854,0.306875,0.255854,0.000000,0.255854,0.000000,4.268092,4.268092,4.012239,4.012239,0.000000,horizon_mpc_secbf,4,4.065691,true,osqp,optimal,25,2.215043,0,4.546238,fallback,true,0.000000,0.000000,-0.000000,-0.000000,,,0.000000,0.000000,6.194874,0.000000
crossing,context_ext,Proposed MPC-SECBF,105,10.500,2.000000,-0.250000,-0.000000,-0.000000,-1.571963,0.100000,4.290000,0.000000,0.580000,cyclist,crossing,distracted,,0.000000,0.625000,4.921544,4.321544,0.306875,0.255854,0.306875,0.255854,0.000000,0.255854,0.000000,4.321544,4.321544,4.065691,4.065691,0.000000,horizon_mpc_secbf,4,4.119245,true,osqp,optimal,25,2.994981,0,4.600726,fallback,true,-0.000000,0.000000,-0.000000,0.000000,,,0.000000,0.000000,6.194874,0.000000
crossing,context_ext,Proposed MPC-SECBF,106,10.600,2.000000,-0.250000,-0.000000,0.000000,1.779389,0.100000,4.348000,0.000000,0.580000,cyclist,crossing,distracted,,0.000000,0.625000,4.975098,4.375098,0.306875,0.255854,0.306875,0.255854,0.000000,0.255854,0.000000,4.375098,4.375098,4.119245,4.119245,0.000000,horizon_mpc_secbf,4,4.172897,true,osqp,optimal,25,2.422041,0,4.655282,fallback,true,0.000000,0.000000,-0.000000,0.000000,,,0.000000,0.000000,6.194874,0.000000
crossing,context_ext,Proposed MPC-SECBF,107,10.700,2.000000,-0.250000,-0.000000,0.000000,1.574322,0.100000,4.406000,0.000000,0.580000,cyclist,crossing,distracted,,0.000000,0.625000,5.028751,4.428751,0.306875,0.255854,0.306875,0.255854,0.000000,0.255854,0.000000,4.428751,4.428751,4.172897,4.172897,0.000000,horizon_mpc_secbf,4,4.226645,true,osqp,optimal,25,2.468735,0,4.709905,fallback,true,0.000000,0.000000,-0.000000,0.000000,,,0.000000,0.000000,6.194874,0.000000
crossing,context_ext,Proposed MPC-SECBF,108,10.800,2.000000,-0.250000,-0.000000,0.000000,1.574322,0.100000,4.464000,0.000000,0.580000,cyclist,crossing,distracted,,0.000000,0.625000,5.082499,4.482499,0.306875,0.255854,0.306875,0.255854,0.000000,0.255854,0.000000,4.482499,4.482499,4.226645,4.226645,0.000000,horizon_mpc_secbf,4,4.280486,true,osqp,optimal,25,2.974598,0,4.764593,fallback,true,0.000000,0.000000,-0.000000,0.000000,,,0.000000,0.000000,6.194874,0.000000
crossing,context_ext,Proposed MPC-SECBF,109,10.900,2.000000,-0.250000,-0.000000,0.000000,1.574322,0.100000,4.522000,0.000000,0.580000,cyclist,crossing,distracted,,0.000000,0.625000,5.136340,4.536340,0.306875,0.255854,0.306875,0.255854,0.000000,0.255854,0.000000,4.536340,4.536340,4.280486,4.280486,0.000000,horizon_mpc_secbf,4,4.334416,true,osqp,optimal,25,3.073850,0,4.819344,fallback,true,0.000000,0.000000,-0.000000,0.000000,,,0.000000,0.000000,6.194874,0.000000
crossing,context_ext,Proposed MPC-SECBF,110,11.000,2.000000,-0.250000,-0.000000,0.000000,1.574322,0.100000,4.580000,0.000000,0.580000,cyclist,crossing,distracted,,0.000000,0.625000,5.190270,4.590270,0.306875,0.255854,0.306875,0.255854,0.000000,0.255854,0.000000,4.590270,4.590270,4.334416,4.334416,0.000000,horizon_mpc_secbf,4,4.388433,true,osqp,optimal,25,3.348217,0,4.874157,fallback,true,0.000000,0.000000,-0.000000,0.000000,,,0.000000,0.000000,6.194874,0.000000
crossing,context_ext,Proposed MPC-SECBF,111,11.100,2.000000,-0.250000,-0.000000,0.000000,1.574322,0.100000,4.638000,0.000000,0.580000,cyclist,crossing,distracted,,0.000000,0.625000,5.244287,4.644287,0.306875,0.255854,0.306875,0.255854,0.000000,0.255854,0.000000,4.644287,4.644287,4.388433,4.388433,0.000000,horizon_mpc_secbf,4,4.442534,true,osqp,optimal,25,2.519350,0,4.929029,fallback,true,0.000000,0.000000,-0.000000,0.000000,,,0.000000,0.000000,6.194874,0.000000
crossing,context_ext,Proposed MPC-SECBF,112,11.200,2.000000,-0.250000,-0.000000,0.000000,1.574322,0.100000,4.696000,0.000000,0.580000,cyclist,crossing,distracted,,0.000000,0.625000,5.298388,4.698388,0.306875,0.255854,0.306875,0.255854,0.000000,0.255854,0.000000,4.698388,4.698388,4.442534,4.442534,0.000000,horizon_mpc_secbf,4,4.496717,true,osqp,optimal,25,3.069779,0,4.983959,fallback,true,0.000000,0.000000,-0.000000,0.000000,,,0.000000,0.000000,6.194874,0.000000
crossing,context_ext,Proposed MPC-SECBF,113,11.300,2.000000,-0.250000,-0.000000,0.000000,1.574322,0.100000,4.754000,0.000000,0.580000,cyclist,crossing,distracted,,0.000000,0.625000,5.352571,4.752571,0.306875,0.255854,0.306875,0.255854,0.000000,0.255854,0.000000,4.752571,4.752571,4.496717,4.496717,0.000000,horizon_mpc_secbf,4,4.550979,true,osqp,optimal,25,3.141341,0,5.038946,fallback,true,0.000000,0.000000,-0.000000,0.000000,,,0.000000,0.000000,6.194874,0.000000
crossing,context_ext,Proposed MPC-SECBF,114,11.400,2.000000,-0.250000,-0.000000,0.000000,1.574322,0.100000,4.812000,0.000000,0.580000,cyclist,crossing,distracted,,0.000000,0.625000,5.406833,4.806833,0.306875,0.255854,0.306875,0.255854,0.000000,0.255854,0.000000,4.806833,4.806833,4.550979,4.550979,0.000000,horizon_mpc_secbf,4,4.605318,true,osqp,optimal,25,2.891319,0,5.093989,fallback,true,0.000000,0.000000,-0.000000,0.000000,,,0.000000,0.000000,6.194874,0.000000
crossing,context_ext,Proposed MPC-SECBF,115,11.500,2.000000,-0.250000,-0.000000,0.000000,1.574322,0.100000,4.870000,0.000000,0.580000,cyclist,crossing,distracted,,0.000000,0.625000,5.461172,4.861172,0.306875,0.255854,0.306875,0.255854,0.000000,0.255854,0.000000,4.861172,4.861172,4.605318,4.605318,0.000000,horizon_mpc_secbf,4,4.659732,true,osqp,optimal,25,2.337602,0,5.149084,fallback,true,0.000000,0.000000,-0.000000,0.000000,,,0.000000,0.000000,6.194874,0.000000
crossing,context_ext,Proposed MPC-SECBF,116,11.600,2.000000,-0.250000,-0.000000,0.000000,1.574322,0.100000,4.928000,0.000000,0.580000,cyclist,crossing,distracted,,0.000000,0.625000,5.515586,4.915586,0.306875,0.255854,0.306875,0.255854,0.000000,0.255854,0.000000,4.915586,4.915586,4.659732,4.659732,0.000000,horizon_mpc_secbf,4,4.714218,true,osqp,optimal,25,3.381198,0,5.204232,fallback,true,0.000000,0.000000,-0.000000,0.000000,,,0.000000,0.000000,6.194874,0.000000
crossing,context_ext,Proposed MPC-SECBF,117,11.700,2.000000,-0.250000,-0.000000,0.000000,1.574322,0.100000,4.986000,0.000000,0.580000,cyclist,crossing,distracted,,0.000000,0.625000,5.570071,4.970071,0.306875,0.255854,0.306875,0.255854,0.000000,0.255854,0.000000,4.970071,4.970071,4.714218,4.714218,0.000000,horizon_mpc_secbf,4,4.768774,true,osqp,optimal,25,3.350374,0,5.259432,fallback,true,0.000000,0.000000,-0.000000,0.000000,,,0.000000,0.000000,6.194874,0.000000
crossing,context_ext,Proposed MPC-SECBF,118,11.800,2.000000,-0.250000,-0.000000,0.000000,1.574322,0.100000,5.044000,0.000000,0.580000,cyclist,crossing,distracted,,0.000000,0.625000,5.624628,5.024628,0.306875,0.255854,0.306875,0.255854,0.000000,0.255854,0.000000,5.024628,5.024628,4.768774,4.768774,0.000000,horizon_mpc_secbf,4,4.823398,true,osqp,optimal,25,3.069479,0,5.314680,fallback,true,0.000000,0.000000,0.000000,0.000000,,,0.000000,0.000000,6.194874,0.000000
crossing,context_ext,Proposed MPC-SECBF,119,11.900,2.000000,-0.250000,0.000000,0.000000,1.574322,0.100000,5.102000,0.000000,0.580000,cyclist,crossing,distracted,,0.000000,0.625000,5.679252,5.079252,0.306875,0.255854,0.306875,0.255854,0.000000,0.255854,0.000000,5.079252,5.079252,4.823398,4.823398,0.000000,horizon_mpc_secbf,4,4.878089,true,osqp,optimal,25,2.193510,0,5.369977,fallback,true,0.000000,0.000000,0.000000,0.000000,,,0.000000,0.000000,6.194874,0.000000
