scenario,context_level,method,step,time,robot_x,robot_y,robot_vx,robot_vy,robot_theta,human_x,human_y,human_vx,human_vy,human_type,motion_state,attention_state,ttc,head_on_factor,crowding_factor,distance,clearance,beta_candidate,beta_final,beta_requested,beta_applied,beta_dynamic,beta_cbf,delta_beta,h_standard,h_ee,h_see,h_cbf,slack,controller_type,horizon_steps,predicted_min_h,solver_success,solver_backend,solver_status,solver_iterations,solve_time_ms,active_constraints,min_cbf_value,guard_status,guard_active,u_ref_x,u_ref_y,cmd_vx,cmd_vy,cmd_v,cmd_omega,speed,command_step,path_length,goal_error
crossing,context_ext,Standard MPC-CBF,0,0.000,-2.000000,-0.250000,0.000000,0.000000,0.000000,0.100000,-1.800000,0.000000,0.580000,pedestrian,walking,unknown,5.835878,1.000000,0.625000,2.610077,2.010077,0.000000,0.000000,0.000000,0.000000,0.000000,0.000000,0.000000,2.010077,2.010077,2.010077,2.010077,0.000000,horizon_mpc_secbf,8,1.271302,true,osqp,optimal,75,4.919667,0,1.165988,geometric,false,0.750000,0.000000,0.621017,-0.000000,,,0.621017,0.621017,0.062102,4.000000
crossing,context_ext,Standard MPC-CBF,1,0.100,-1.937898,-0.250000,0.621017,-0.000000,-0.000000,0.100000,-1.742000,0.000000,0.580000,pedestrian,walking,unknown,2.282422,1.000000,0.625000,2.525687,1.925687,0.000000,0.000000,0.000000,0.000000,0.000000,0.000000,0.000000,1.925687,1.925687,1.925687,1.925687,0.000000,horizon_mpc_secbf,8,1.178264,true,osqp,optimal,75,4.854221,0,0.997193,geometric,false,0.750000,0.000000,0.726102,-0.000001,,,0.726102,0.105085,0.134712,3.937898
crossing,context_ext,Standard MPC-CBF,2,0.200,-1.865288,-0.250000,0.726102,-0.000001,-0.000001,0.100000,-1.684000,0.000000,0.580000,pedestrian,walking,unknown,1.974130,1.000000,0.625000,2.432841,1.832841,0.000000,0.000000,0.000000,0.000000,0.000000,0.000000,0.000000,1.832841,1.832841,1.832841,1.832841,0.000000,horizon_mpc_secbf,8,1.086691,true,osqp,optimal,75,3.503470,0,0.896747,geometric,false,0.750000,0.000000,0.735589,-0.000002,,,0.735589,0.009486,0.208271,3.865288
crossing,context_ext,Standard MPC-CBF,3,0.300,-1.791729,-0.250000,0.735589,-0.000002,-0.000002,0.100000,-1.626000,0.000000,0.580000,pedestrian,walking,unknown,1.858076,1.000000,0.625000,2.339234,1.739234,0.000000,0.000000,0.000000,0.000000,0.000000,0.000000,0.000000,1.739234,1.739234,1.739234,1.739234,0.000000,horizon_mpc_secbf,8,0.996603,true,osqp,optimal,75,3.056325,0,0.803194,geometric,false,0.750000,0.000000,0.735589,-0.000000,,,0.735589,0.000001,0.281830,3.791729
crossing,context_ext,Standard MPC-CBF,4,0.400,-1.718170,-0.250000,0.735589,-0.000000,-0.000000,0.100000,-1.568000,0.000000,0.580000,pedestrian,walking,unknown,1.758194,1.000000,0.625000,2.245633,1.645633,0.000000,0.000000,0.000000,0.000000,0.000000,0.000000,0.000000,1.645633,1.645633,1.645633,1.645633,0.000000,horizon_mpc_secbf,8,0.907978,true,osqp,optimal,75,3.045355,0,0.709658,geometric,false,0.750000,0.000000,0.735589,0.000008,,,0.735589,0.000008,0.355388,3.718170
crossing,context_ext,Standard MPC-CBF,5,0.500,-1.644612,-0.250000,0.735589,0.000008,0.000010,0.100000,-1.510000,0.000000,0.580000,pedestrian,walking,unknown,1.658327,1.000000,0.625000,2.152039,1.552039,0.000000,0.000000,0.000000,0.000000,0.000000,0.000000,0.000000,1.552039,1.552039,1.552039,1.552039,0.000000,horizon_mpc_secbf,8,0.820805,true,osqp,optimal,75,3.797384,0,0.616159,geometric,false,0.750000,-0.000000,0.735589,0.000054,,,0.735589,0.000046,0.428947,3.644612
crossing,context_ext,Standard MPC-CBF,6,0.600,-1.571053,-0.249994,0.735589,0.000054,0.000073,0.100000,-1.452000,0.000000,0.580000,pedestrian,walking,unknown,1.558507,1.000000,0.625000,2.058455,1.458455,0.000000,0.000000,0.000000,0.000000,0.000000,0.000000,0.000000,1.458455,1.458455,1.458455,1.458455,0.000000,horizon_mpc_secbf,8,0.735085,true,osqp,optimal,75,3.351237,0,0.522804,geometric,false,0.750000,-0.000001,0.735589,0.000314,,,0.735589,0.000260,0.502506,3.571053
crossing,context_ext,Standard MPC-CBF,7,0.700,-1.497494,-0.249963,0.735589,0.000314,0.000426,0.100000,-1.394000,0.000000,0.580000,pedestrian,walking,unknown,1.458901,1.000000,0.625000,1.964894,1.364894,0.000000,0.000000,0.000000,0.000000,0.000000,0.000000,0.000000,1.364894,1.364894,1.364894,1.364894,0.000000,horizon_mpc_secbf,8,0.651078,true,osqp,optimal,75,4.267203,0,0.430189,geometric,false,0.750000,-0.000008,0.735589,0.001789,,,0.735592,0.001475,0.576065,3.497494
crossing,context_ext,Standard MPC-CBF,8,0.800,-1.423935,-0.249784,0.735589,0.001789,0.002432,0.100000,-1.336000,0.000000,0.580000,pedestrian,walking,unknown,1.360385,1.000000,0.625000,1.871428,1.271428,0.000000,0.000000,0.000000,0.000000,0.000000,0.000000,0.000000,1.271428,1.271428,1.271428,1.271428,0.000000,horizon_mpc_secbf,8,0.569272,true,osqp,optimal,75,4.182107,0,0.341663,geometric,false,0.750000,-0.000047,0.735590,0.010134,,,0.735660,0.008345,0.649631,3.423935
crossing,context_ext,Standard MPC-CBF,9,0.900,-1.350376,-0.248771,0.735590,0.010134,0.013776,0.100000,-1.278000,0.000000,0.580000,pedestrian,walking,unknown,1.267584,1.000000,0.625000,1.778455,1.178455,0.000000,0.000000,0.000000,0.000000,0.000000,0.000000,0.000000,1.178455,1.178455,1.178455,1.178455,0.000000,horizon_mpc_secbf,8,0.489489,true,osqp,optimal,75,5.181009,0,0.261843,geometric,false,0.750000,-0.000275,0.735591,0.032726,,,0.736318,0.022592,0.723263,3.350376
crossing,context_ext,Standard MPC-CBF,10,1.000,-1.276817,-0.245498,0.735591,0.032726,0.044460,0.100000,-1.220000,0.000000,0.580000,cyclist,crossing,distracted,1.185699,1.000000,0.625000,1.686795,1.086795,0.000000,0.000000,0.000000,0.000000,0.000000,0.000000,0.000000,1.086795,1.086795,1.086795,1.086795,0.000000,horizon_mpc_secbf,8,0.411401,true,osqp,optimal,75,3.893814,0,0.184191,geometric,false,0.749999,-0.001030,0.735591,0.056927,,,0.737790,0.024202,0.797042,3.276820
crossing,context_ext,Standard MPC-CBF,11,1.100,-1.203258,-0.239805,0.735591,0.056927,0.077236,0.100000,-1.162000,0.000000,0.580000,cyclist,crossing,distracted,1.104066,1.000000,0.625000,1.596535,0.996535,0.000000,0.000000,0.000000,0.000000,0.000000,0.000000,0.000000,0.996535,0.996535,0.996535,0.996535,0.000000,horizon_mpc_secbf,8,0.334880,true,osqp,optimal,75,3.320584,0,0.107507,geometric,false,0.749996,-0.002387,0.735590,0.080431,,,0.739974,0.023504,0.871040,3.203274
crossing,context_ext,Standard MPC-CBF,12,1.200,-1.129699,-0.231762,0.735590,0.080431,0.108910,0.100000,-1.104000,0.000000,0.580000,cyclist,crossing,distracted,1.020951,1.000000,0.625000,1.507633,0.907633,0.000000,0.000000,0.000000,0.000000,0.000000,0.000000,0.000000,0.907633,0.907633,0.907633,0.907633,0.000000,horizon_mpc_secbf,8,0.259868,true,osqp,optimal,75,3.286823,0,0.031555,geometric,false,0.749987,-0.004370,0.735590,0.102778,,,0.742735,0.022347,0.945313,3.129752
crossing,context_ext,Standard MPC-CBF,13,1.300,-1.056140,-0.221484,0.735590,0.102778,0.138823,0.100000,-1.046000,0.000000,0.580000,cyclist,crossing,distracted,0.936126,1.000000,0.625000,1.420030,0.820030,0.000000,0.000000,0.000000,0.000000,0.000000,0.000000,0.000000,0.820030,0.820030,0.820030,0.820030,0.000000,horizon_mpc_secbf,8,0.186331,true,osqp,optimal,75,3.653776,0,-0.043731,geometric,false,0.749967,-0.006998,0.735588,0.123825,,,0.745938,0.021047,1.019907,3.056273
crossing,context_ext,Standard MPC-CBF,14,1.400,-0.982581,-0.209102,0.735588,0.123825,0.166772,0.100000,-0.988000,0.000000,0.580000,cyclist,crossing,distracted,0.849621,1.000000,0.625000,1.333665,0.733665,0.000000,0.000000,0.000000,0.000000,0.000000,0.000000,0.000000,0.733665,0.733665,0.733665,0.733665,0.000000,horizon_mpc_secbf,8,0.114274,true,osqp,optimal,50,3.744547,0,-0.117708,geometric,false,0.749929,-0.010283,0.734715,0.143411,,,0.748581,0.019605,1.094765,2.982861
crossing,context_ext,Standard MPC-CBF,15,1.500,-0.909109,-0.194761,0.734715,0.143411,0.192768,0.100000,-0.930000,0.000000,0.580000,cyclist,crossing,distracted,0.762183,1.000000,0.625000,1.248550,0.648550,0.000000,0.000000,0.000000,0.000000,0.000000,0.000000,0.000000,0.648550,0.648550,0.648550,0.648550,0.000000,horizon_mpc_secbf,8,0.043887,true,osqp,optimal,50,3.565357,0,-0.187765,geometric,false,0.749865,-0.014239,0.729499,0.161037,,,0.747062,0.018382,1.169471,2.909634
crossing,context_ext,Standard MPC-CBF,16,1.600,-0.836159,-0.178657,0.729499,0.161037,0.217265,0.100000,-0.872000,0.000000,0.580000,cyclist,crossing,distracted,0.676123,1.000000,0.625000,1.164954,0.564954,0.000000,0.000000,0.000000,0.000000,0.000000,0.000000,0.000000,0.564954,0.564954,0.564954,0.564954,0.000035,horizon_mpc_secbf,8,-0.000033,true,osqp,optimal,50,4.840179,0,-0.230377,geometric,false,0.749763,-0.018860,0.708874,0.200755,,,0.736753,0.044754,1.243147,2.837057
crossing,context_ext,Standard MPC-CBF,17,1.700,-0.765272,-0.158582,0.708874,0.200755,0.275976,0.100000,-0.814000,0.000000,0.580000,cyclist,crossing,distracted,0.611394,1.000000,0.625000,1.085481,0.485481,0.000000,0.000000,0.000000,0.000000,0.000000,0.000000,0.000000,0.485481,0.485481,0.485481,0.485481,0.000117,horizon_mpc_secbf,8,-0.000117,true,osqp,optimal,50,4.616271,0,-0.227347,geometric,false,0.749590,-0.024781,0.662937,0.274445,,,0.717500,0.086835,1.314897,2.766783
crossing,context_ext,Standard MPC-CBF,18,1.800,-0.698978,-0.131137,0.662937,0.274445,0.392503,0.100000,-0.756000,0.000000,0.580000,cyclist,crossing,distracted,0.583172,1.000000,0.625000,1.014308,0.414308,0.000000,0.000000,0.000000,0.000000,0.000000,0.000000,0.000000,0.414308,0.414308,0.414308,0.414308,0.000188,horizon_mpc_secbf,8,-0.000173,true,osqp,optimal,50,4.328068,0,-0.222297,geometric,false,0.749274,-0.032998,0.627746,0.348993,,,0.718235,0.082437,1.386720,2.701594
crossing,context_ext,Standard MPC-CBF,19,1.900,-0.636204,-0.096238,0.627746,0.348993,0.507397,0.100000,-0.698000,0.000000,0.580000,cyclist,crossing,distracted,0.554934,1.000000,0.625000,0.950849,0.350849,0.000000,0.000000,0.000000,0.000000,0.000000,0.000000,0.000000,0.350849,0.350849,0.350849,0.350849,0.000256,horizon_mpc_secbf,8,0.000316,true,osqp,optimal,50,3.214519,0,-0.218326,geometric,false,0.748727,-0.043671,0.607463,0.423415,,,0.740467,0.077136,1.460767,2.640684
crossing,context_ext,Standard MPC-CBF,20,2.000,-0.575457,-0.053896,0.607463,0.423415,0.608724,0.100000,-0.640000,0.000000,0.580000,cyclist,crossing,distracted,0.524177,1.000000,0.625000,0.894293,0.294293,0.000000,0.000000,0.000000,0.000000,0.000000,0.000000,0.000000,0.294293,0.294293,0.294293,0.294293,0.000336,horizon_mpc_secbf,8,0.003877,true,osqp,optimal,50,3.616880,0,-0.206446,geometric,false,0.747835,-0.056943,0.569041,0.471239,,,0.738833,0.061346,1.534650,2.582913
crossing,context_ext,Standard MPC-CBF,21,2.100,-0.518553,-0.006772,0.569041,0.471239,0.691659,0.100000,-0.582000,0.000000,0.580000,cyclist,crossing,distracted,0.498579,1.000000,0.625000,0.844686,0.244686,0.000000,0.000000,0.000000,0.000000,0.000000,0.000000,0.000000,0.244686,0.244686,0.244686,0.244686,0.000441,horizon_mpc_secbf,8,0.013864,true,osqp,optimal,75,3.269466,0,-0.186588,geometric,false,0.746527,-0.072095,0.527257,0.513023,,,0.735658,0.059091,1.608216,2.530271
crossing,context_ext,Standard MPC-CBF,22,2.200,-0.465828,0.044530,0.527257,0.513023,0.771716,0.100000,-0.524000,0.000000,0.580000,cyclist,crossing,distracted,0.481900,1.000000,0.625000,0.802114,0.202114,0.000000,0.000000,0.000000,0.000000,0.000000,0.000000,0.000000,0.202114,0.202114,0.202114,0.202114,0.000637,horizon_mpc_secbf,8,0.034988,true,osqp,optimal,325,5.008264,0,-0.130991,geometric,false,0.744706,-0.088951,0.466679,0.573599,,,0.739463,0.085669,1.682162,2.483355
crossing,context_ext,Standard MPC-CBF,23,2.300,-0.419160,0.101890,0.466679,0.573599,0.887819,0.100000,-0.466000,0.000000,0.580000,cyclist,crossing,distracted,0.530126,1.000000,0.625000,0.769432,0.169432,0.000000,0.000000,0.000000,0.000000,0.000000,0.000000,0.000000,0.169432,0.169432,0.169432,0.169432,0.002153,horizon_mpc_secbf,8,0.102930,true,osqp,optimal,825,7.709288,0,-0.019335,geometric,false,0.742189,-0.107959,0.357473,0.648122,,,0.740169,0.132211,1.756179,2.444619
crossing,context_ext,Standard MPC-CBF,24,2.400,-0.383412,0.166702,0.357473,0.648122,1.066762,0.100000,-0.408000,0.000000,0.580000,cyclist,crossing,distracted,0.848309,1.000000,0.625000,0.750979,0.150979,0.000000,0.000000,0.000000,0.000000,0.000000,0.000000,0.000000,0.150979,0.150979,0.150979,0.150979,0.024605,horizon_mpc_secbf,8,0.153766,true,osqp,optimal,4025,21.087259,0,0.200466,geometric,false,0.738794,-0.129166,0.146318,0.735589,,,0.750000,0.228554,1.831179,2.419565
crossing,context_ext,Standard MPC-CBF,25,2.500,-0.368780,0.240261,0.146318,0.735589,1.374446,0.100000,-0.350000,0.000000,0.580000,cyclist,crossing,distracted,,0.000000,0.625000,0.753766,0.153766,0.000000,0.000000,0.000000,0.000000,0.000000,0.000000,0.000000,0.153766,0.153766,0.153766,0.153766,0.041049,horizon_mpc_secbf,8,0.156637,true,osqp,optimal,3450,15.863008,0,0.220492,geometric,false,0.734435,-0.152004,0.151775,0.733328,,,0.748869,0.005907,1.906066,2.418983
crossing,context_ext,Standard MPC-CBF,26,2.600,-0.353603,0.313594,0.151775,0.733328,1.366710,0.100000,-0.292000,0.000000,0.580000,cyclist,crossing,distracted,,0.000000,0.625000,0.756637,0.156637,0.000000,0.000000,0.000000,0.000000,0.000000,0.000000,0.000000,0.156637,0.156637,0.156637,0.156637,0.056151,horizon_mpc_secbf,8,0.051670,true,osqp,optimal,7200,29.837902,0,-0.002110,geometric,false,0.729380,-0.174657,0.416676,0.623603,,,0.750000,0.286726,1.981066,2.420141
crossing,context_ext,Standard MPC-CBF,27,2.700,-0.311935,0.375954,0.416676,0.623603,0.981750,0.100000,-0.234000,0.000000,0.580000,cyclist,crossing,distracted,0.690248,1.000000,0.625000,0.736026,0.136026,0.000000,0.000000,0.000000,0.000000,0.000000,0.000000,0.000000,0.136026,0.136026,0.136026,0.136026,0.086758,horizon_mpc_secbf,8,0.049610,true,osqp,optimal,6400,27.458451,0,0.025717,geometric,false,0.723935,-0.196005,0.416675,0.623604,,,0.750000,0.000002,2.056066,2.395175
crossing,context_ext,Standard MPC-CBF,28,2.800,-0.270268,0.438314,0.416675,0.623604,0.981752,0.100000,-0.176000,0.000000,0.580000,cyclist,crossing,distracted,0.659767,1.000000,0.625000,0.717273,0.117273,0.000000,0.000000,0.000000,0.000000,0.000000,0.000000,0.000000,0.117273,0.117273,0.117273,0.117273,0.114044,horizon_mpc_secbf,8,0.049610,true,osqp,optimal,1575,11.687773,0,0.053568,geometric,false,0.717737,-0.217608,0.416675,0.623604,,,0.750000,0.000000,2.131066,2.372318
crossing,context_ext,Standard MPC-CBF,29,2.900,-0.228600,0.500675,0.416675,0.623604,0.981753,0.100000,-0.118000,0.000000,0.580000,cyclist,crossing,distracted,0.640526,1.000000,0.625000,0.700526,0.100526,0.000000,0.000000,0.000000,0.000000,0.000000,0.000000,0.000000,0.100526,0.100526,0.100526,0.100526,0.136384,horizon_mpc_secbf,8,0.033381,true,osqp,optimal,2450,10.632155,0,0.079975,geometric,false,0.710762,-0.239411,0.416667,0.623609,,,0.750000,0.000009,2.206066,2.351632
crossing,context_ext,Standard MPC-CBF,30,3.000,-0.186934,0.563036,0.416667,0.623609,0.981765,0.100000,-0.060000,0.000000,0.580000,cyclist,crossing,distracted,0.638027,1.000000,0.625000,0.685933,0.085933,0.000000,0.000000,0.000000,0.000000,0.000000,0.000000,0.000000,0.085933,0.085933,0.085933,0.085933,0.146816,horizon_mpc_secbf,8,0.022752,true,osqp,optimal,1550,7.652114,0,0.098050,geometric,false,0.702991,-0.261351,0.416681,0.623600,,,0.750000,0.000017,2.281066,2.333175
crossing,context_ext,Standard MPC-CBF,31,3.100,-0.145266,0.625396,0.416681,0.623600,0.981743,0.100000,-0.002000,0.000000,0.580000,cyclist,crossing,distracted,0.662738,1.000000,0.625000,0.673632,0.073632,0.000000,0.000000,0.000000,0.000000,0.000000,0.000000,0.000000,0.073632,0.073632,0.073632,0.073632,0.132011,horizon_mpc_secbf,8,-0.016305,true,osqp,optimal,1875,10.935302,0,-0.016111,geometric,false,0.694411,-0.283361,0.502096,0.538186,,,0.736033,0.120794,2.354669,2.316999
crossing,context_ext,Standard MPC-CBF,32,3.200,-0.095056,0.679214,0.502096,0.538186,0.820077,0.100000,0.056000,0.000000,0.580000,cyclist,crossing,distracted,0.279263,1.000000,0.625000,0.653026,0.053026,0.000000,0.000000,0.000000,0.000000,0.000000,0.000000,0.000000,0.053026,0.053026,0.053026,0.053026,0.114239,horizon_mpc_secbf,8,-0.032566,true,osqp,optimal,2275,9.482814,0,-0.091465,geometric,false,0.685592,-0.304079,0.557043,0.483239,,,0.737439,0.077707,2.428413,2.291877
crossing,context_ext,Standard MPC-CBF,33,3.300,-0.039352,0.727538,0.557043,0.483239,0.714571,0.100000,0.114000,0.000000,0.580000,cyclist,crossing,distracted,0.133945,1.000000,0.625000,0.629165,0.029165,0.000000,0.000000,0.000000,0.000000,0.000000,0.000000,0.000000,0.029165,0.029165,0.029165,0.029165,0.092284,horizon_mpc_secbf,8,-0.039747,true,osqp,optimal,3375,14.782032,0,-0.163568,geometric,false,0.676317,-0.324184,0.613267,0.427015,,,0.747287,0.079513,2.503142,2.261534
crossing,context_ext,Standard MPC-CBF,34,3.400,0.021975,0.770240,0.613267,0.427015,0.608235,0.100000,0.172000,0.000000,0.580000,cyclist,crossing,distracted,0.014313,1.000000,0.625000,0.603306,0.003306,0.000000,0.000000,0.000000,0.000000,0.000000,0.000000,0.000000,0.003306,0.003306,0.003306,0.003306,0.076768,horizon_mpc_secbf,8,-0.040193,true,osqp,optimal,3425,14.157061,0,-0.162492,geometric,false,0.666558,-0.343802,0.623580,0.416709,,,0.749999,0.014579,2.578142,2.225640
crossing,context_ext,Standard MPC-CBF,35,3.500,0.084333,0.811911,0.623580,0.416709,0.589100,0.100000,0.230000,0.000000,0.580000,cyclist,crossing,distracted,0.000000,1.000000,0.625000,0.582122,-0.017878,0.000000,0.000000,0.000000,0.000000,0.000000,0.000000,0.000000,-0.017878,-0.017878,-0.017878,-0.017878,0.061980,horizon_mpc_secbf,8,-0.040205,true,osqp,optimal,2425,11.427807,0,-0.135998,geometric,false,0.655959,-0.363617,0.623637,0.416625,,,0.750000,0.000102,2.653142,2.190305
crossing,context_ext,Standard MPC-CBF,36,3.600,0.146697,0.853573,0.623637,0.416625,0.588964,0.100000,0.288000,0.000000,0.580000,cyclist,crossing,distracted,0.000000,1.000000,0.625000,0.567498,-0.032502,0.000000,0.000000,0.000000,0.000000,0.000000,0.000000,0.000000,-0.032502,-0.032502,-0.032502,-0.032502,0.044308,horizon_mpc_secbf,8,-0.038271,true,osqp,optimal,1725,9.223174,0,-0.072507,geometric,false,0.644406,-0.383720,0.593919,0.446363,,,0.742953,0.042042,2.727437,2.156990
crossing,context_ext,Standard MPC-CBF,37,3.700,0.206089,0.898210,0.593919,0.446363,0.644496,0.100000,0.346000,0.000000,0.580000,cyclist,crossing,distracted,0.000000,1.000000,0.625000,0.562308,-0.037692,0.000000,0.000000,0.000000,0.000000,0.000000,0.000000,0.000000,-0.037692,-0.037692,-0.037692,-0.037692,0.032214,horizon_mpc_secbf,8,-0.030452,true,osqp,optimal,1300,7.416792,0,0.044350,geometric,false,0.631687,-0.404317,0.506932,0.533350,,,0.735827,0.123018,2.801020,2.129907
crossing,context_ext,Standard MPC-CBF,38,3.800,0.256782,0.951544,0.506932,0.533350,0.810787,0.100000,0.404000,0.000000,0.580000,cyclist,crossing,distracted,,0.000000,0.625000,0.569548,-0.030452,0.000000,0.000000,0.000000,0.000000,0.000000,0.000000,0.000000,-0.030452,-0.030452,-0.030452,-0.030452,0.017080,horizon_mpc_secbf,8,-0.013969,true,osqp,optimal,2675,11.187999,0,0.137906,geometric,false,0.617521,-0.425638,0.424464,0.615817,,,0.747931,0.116628,2.875813,2.117196
crossing,context_ext,Standard MPC-CBF,39,3.900,0.299228,1.013126,0.424464,0.615817,0.967309,0.100000,0.462000,0.000000,0.580000,cyclist,crossing,distracted,,0.000000,0.625000,0.586031,-0.013969,0.000000,0.000000,0.000000,0.000000,0.000000,0.000000,0.000000,-0.013969,-0.013969,-0.013969,-0.013969,0.002388,horizon_mpc_secbf,8,-0.000281,true,osqp,optimal,450,4.282929,0,0.102419,geometric,false,0.602109,-0.447174,0.531001,0.509268,,,0.735741,0.150675,2.949387,2.118517
crossing,context_ext,Standard MPC-CBF,40,4.000,0.352328,1.064053,0.531001,0.509268,0.764509,0.100000,0.520000,0.000000,0.580000,cyclist,crossing,distracted,,0.000000,0.625000,0.599719,-0.000281,0.000000,0.000000,0.000000,0.000000,0.000000,0.000000,0.000000,-0.000281,-0.000281,-0.000281,-0.000281,0.000324,horizon_mpc_secbf,8,0.000071,true,osqp,optimal,200,4.543642,0,-0.052071,geometric,false,0.586360,-0.467634,0.717608,0.189731,,,0.742266,0.370035,3.023614,2.107500
crossing,context_ext,Standard MPC-CBF,41,4.100,0.424089,1.083026,0.717608,0.189731,0.258479,0.100000,0.578000,0.000000,0.580000,cyclist,crossing,distracted,,0.000000,0.625000,0.600071,0.000071,0.000000,0.000000,0.000000,0.000000,0.000000,0.000000,0.000000,0.000071,0.000071,0.000071,0.000071,0.000304,horizon_mpc_secbf,8,-0.000139,true,osqp,optimal,125,4.530151,1,-0.072856,geometric,false,0.572618,-0.484364,0.735599,0.020934,,,0.735896,0.169753,3.097203,2.064087
crossing,context_ext,Standard MPC-CBF,42,4.200,0.497649,1.085120,0.735599,0.020934,0.028451,0.100000,0.636000,0.000000,0.580000,cyclist,crossing,distracted,,0.000000,0.625000,0.599861,-0.000139,0.000000,0.000000,0.000000,0.000000,0.000000,0.000000,0.000000,-0.000139,-0.000139,-0.000139,-0.000139,0.000003,horizon_mpc_secbf,8,0.000006,true,osqp,optimal,75,3.759798,0,-0.089716,geometric,false,0.560613,-0.498210,0.720164,-0.177276,,,0.741663,0.198810,3.171369,2.009876
crossing,context_ext,Standard MPC-CBF,43,4.300,0.569665,1.067392,0.720164,-0.177276,-0.241362,0.100000,0.694000,0.000000,0.580000,cyclist,crossing,distracted,,0.000000,0.625000,0.600006,0.000006,0.000000,0.000000,0.000000,0.000000,0.000000,0.000000,0.000000,0.000006,0.000006,0.000006,0.000006,0.000000,horizon_mpc_secbf,8,0.014367,true,osqp,optimal,75,3.369387,1,0.050230,geometric,false,0.551663,-0.508102,0.703394,-0.224048,,,0.738214,0.049687,3.245191,1.944577
crossing,context_ext,Standard MPC-CBF,44,4.400,0.640005,1.044987,0.703394,-0.224048,-0.308363,0.100000,0.752000,0.000000,0.580000,cyclist,crossing,distracted,,0.000000,0.625000,0.614367,0.014367,0.000000,0.000000,0.000000,0.000000,0.000000,0.000000,0.000000,0.014367,0.014367,0.014367,0.014367,0.000000,horizon_mpc_secbf,8,0.044573,true,osqp,optimal,75,3.197862,0,0.228909,geometric,false,0.543153,-0.517190,0.693410,-0.248151,,,0.736476,0.026089,3.318838,1.877919
crossing,context_ext,Standard MPC-CBF,45,4.500,0.709346,1.020172,0.693410,-0.248151,-0.343669,0.100000,0.810000,0.000000,0.580000,cyclist,crossing,distracted,,0.000000,0.625000,0.644573,0.044573,0.000000,0.000000,0.000000,0.000000,0.000000,0.000000,0.000000,0.044573,0.044573,0.044573,0.044573,0.000000,horizon_mpc_secbf,8,0.089185,true,osqp,optimal,75,3.867595,0,0.413664,geometric,false,0.534555,-0.526072,0.683948,-0.270994,,,0.735679,0.024726,3.392406,1.810836
crossing,context_ext,Standard MPC-CBF,46,4.600,0.777741,0.993073,0.683948,-0.270994,-0.377244,0.100000,0.868000,0.000000,0.580000,cyclist,crossing,distracted,,0.000000,0.625000,0.689185,0.089185,0.000000,0.000000,0.000000,0.000000,0.000000,0.000000,0.000000,0.089185,0.089185,0.089185,0.089185,0.000000,horizon_mpc_secbf,8,0.146050,true,osqp,optimal,75,5.412180,0,0.592721,geometric,false,0.525834,-0.534788,0.673665,-0.295814,,,0.735752,0.026866,3.465982,1.743315
crossing,context_ext,Standard MPC-CBF,47,4.700,0.845107,0.963491,0.673665,-0.295814,-0.413762,0.100000,0.926000,0.000000,0.580000,cyclist,crossing,distracted,,0.000000,0.625000,0.746050,0.146050,0.000000,0.000000,0.000000,0.000000,0.000000,0.000000,0.000000,0.146050,0.146050,0.146050,0.146050,0.000000,horizon_mpc_secbf,8,0.213072,true,osqp,optimal,75,3.541365,0,0.762347,geometric,false,0.517050,-0.543285,0.662501,-0.322765,,,0.736942,0.029172,3.539676,1.675213
crossing,context_ext,Standard MPC-CBF,48,4.800,0.911357,0.931215,0.662501,-0.322765,-0.453348,0.100000,0.984000,0.000000,0.580000,cyclist,crossing,distracted,,0.000000,0.625000,0.813072,0.213072,0.000000,0.000000,0.000000,0.000000,0.000000,0.000000,0.000000,0.213072,0.213072,0.213072,0.213072,0.000000,horizon_mpc_secbf,8,0.288484,true,osqp,optimal,75,4.120391,0,0.922769,geometric,false,0.508279,-0.551500,0.650595,-0.351504,,,0.739479,0.031108,3.613624,1.606366
crossing,context_ext,Standard MPC-CBF,49,4.900,0.976417,0.896064,0.650595,-0.351504,-0.495351,0.100000,1.042000,0.000000,0.580000,cyclist,crossing,distracted,,0.000000,0.625000,0.888484,0.288484,0.000000,0.000000,0.000000,0.000000,0.000000,0.000000,0.000000,0.288484,0.288484,0.288484,0.288484,0.000000,horizon_mpc_secbf,8,0.370897,true,osqp,optimal,75,4.971906,0,1.075882,geometric,false,0.499596,-0.559378,0.638111,-0.381652,,,0.743534,0.032630,3.687977,1.536615
crossing,context_ext,Standard MPC-CBF,50,5.000,1.040228,0.857899,0.638111,-0.381652,-0.539018,0.100000,1.100000,0.000000,0.580000,cyclist,crossing,distracted,,0.000000,0.625000,0.970897,0.370897,0.000000,0.000000,0.000000,0.000000,0.000000,0.000000,0.000000,0.370897,0.370897,0.370897,0.370897,0.000000,horizon_mpc_secbf,8,0.459158,true,osqp,optimal,75,4.299871,0,1.222849,geometric,false,0.491079,-0.566870,0.624239,-0.412276,,,0.748095,0.033620,3.762787,1.465812
crossing,context_ext,Standard MPC-CBF,51,5.100,1.102652,0.816672,0.624239,-0.412276,-0.583684,0.100000,1.158000,0.000000,0.580000,cyclist,crossing,distracted,,0.000000,0.625000,1.059158,0.459158,0.000000,0.000000,0.000000,0.000000,0.000000,0.000000,0.000000,0.459158,0.459158,0.459158,0.459158,0.000000,horizon_mpc_secbf,8,0.551522,true,osqp,optimal,100,3.478963,0,1.357009,geometric,false,0.482818,-0.573922,0.601700,-0.438580,,,0.744577,0.034639,3.837244,1.393923
crossing,context_ext,Standard MPC-CBF,52,5.200,1.162822,0.772814,0.601700,-0.438580,-0.629861,0.100000,1.216000,0.000000,0.580000,cyclist,crossing,distracted,,0.000000,0.625000,1.151522,0.551522,0.000000,0.000000,0.000000,0.000000,0.000000,0.000000,0.000000,0.551522,0.551522,0.551522,0.551522,0.000000,horizon_mpc_secbf,8,0.647111,true,osqp,optimal,100,4.855969,0,1.485340,geometric,false,0.475041,-0.580376,0.576510,-0.463771,,,0.739897,0.035624,3.911234,1.321747
crossing,context_ext,Standard MPC-CBF,53,5.300,1.220473,0.726437,0.576510,-0.463771,-0.677445,0.100000,1.274000,0.000000,0.580000,cyclist,crossing,distracted,,0.000000,0.625000,1.247111,0.647111,0.000000,0.000000,0.000000,0.000000,0.000000,0.000000,0.000000,0.647111,0.647111,0.647111,0.647111,0.000000,horizon_mpc_secbf,8,0.745488,true,osqp,optimal,100,3.804406,0,1.611676,geometric,false,0.467927,-0.586126,0.551068,-0.489216,,,0.736890,0.035983,3.984923,1.249436
crossing,context_ext,Standard MPC-CBF,54,5.400,1.275579,0.677515,0.551068,-0.489216,-0.726011,0.100000,1.332000,0.000000,0.580000,cyclist,crossing,distracted,,0.000000,0.625000,1.345488,0.745488,0.000000,0.000000,0.000000,0.000000,0.000000,0.000000,0.000000,0.745488,0.745488,0.745488,0.745488,0.000000,horizon_mpc_secbf,8,0.846361,true,osqp,optimal,100,4.573854,0,1.737238,geometric,false,0.461654,-0.591080,0.525691,-0.514595,,,0.735635,0.035889,4.058487,1.176890
crossing,context_ext,Standard MPC-CBF,55,5.500,1.328149,0.626055,0.525691,-0.514595,-0.774732,0.100000,1.390000,0.000000,0.580000,cyclist,crossing,distracted,,0.000000,0.625000,1.446361,0.846361,0.000000,0.000000,0.000000,0.000000,0.000000,0.000000,0.000000,0.846361,0.846361,0.846361,0.846361,0.000000,horizon_mpc_secbf,8,0.949532,true,osqp,optimal,125,5.928717,0,1.862873,geometric,false,0.456413,-0.595136,0.500712,-0.539577,,,0.736108,0.035328,4.132097,1.104019
crossing,context_ext,Standard MPC-CBF,56,5.600,1.378220,0.572098,0.500712,-0.539577,-0.822741,0.100000,1.448000,0.000000,0.580000,cyclist,crossing,distracted,,0.000000,0.625000,1.549532,0.949532,0.000000,0.000000,0.000000,0.000000,0.000000,0.000000,0.000000,0.949532,0.949532,0.949532,0.949532,0.000000,horizon_mpc_secbf,8,1.054872,true,osqp,optimal,125,5.769285,0,1.989197,geometric,false,0.452421,-0.598177,0.476685,-0.563604,,,0.738159,0.033980,4.205913,1.030755
crossing,context_ext,Standard MPC-CBF,57,5.700,1.425888,0.515737,0.476685,-0.563604,-0.868757,0.100000,1.506000,0.000000,0.580000,cyclist,crossing,distracted,,0.000000,0.625000,1.654872,1.054872,0.000000,0.000000,0.000000,0.000000,0.000000,0.000000,0.000000,1.054872,1.054872,1.054872,1.054872,0.000000,horizon_mpc_secbf,8,1.162304,true,osqp,optimal,100,4.716952,0,2.116805,geometric,false,0.449904,-0.600072,0.455447,-0.584834,,,0.741258,0.030029,4.280039,0.957057
crossing,context_ext,Standard MPC-CBF,58,5.800,1.471433,0.457254,0.455447,-0.584834,-0.909140,0.100000,1.564000,0.000000,0.580000,cyclist,crossing,distracted,,0.000000,0.625000,1.762304,1.162304,0.000000,0.000000,0.000000,0.000000,0.000000,0.000000,0.000000,1.162304,1.162304,1.162304,1.162304,0.000000,horizon_mpc_secbf,8,1.271834,true,osqp,optimal,100,3.574628,0,2.246880,geometric,false,0.448981,-0.600763,0.446178,-0.594117,,,0.743001,0.013119,4.354339,0.882945
crossing,context_ext,Standard MPC-CBF,59,5.900,1.516051,0.397842,0.446178,-0.594117,-0.926660,0.100000,1.622000,0.000000,0.580000,cyclist,crossing,distracted,,0.000000,0.625000,1.871834,1.271834,0.000000,0.000000,0.000000,0.000000,0.000000,0.000000,0.000000,1.271834,1.271834,1.271834,1.271834,0.000000,horizon_mpc_secbf,8,1.383260,true,osqp,optimal,125,3.933977,0,2.377058,geometric,false,0.448852,-0.600859,0.444494,-0.595804,,,0.743342,0.002383,4.428673,0.808645
crossing,context_ext,Standard MPC-CBF,60,6.000,1.560500,0.338262,0.444494,-0.595804,-0.929833,0.100000,1.680000,0.000000,0.580000,cyclist,crossing,distracted,,0.000000,0.625000,1.983260,1.383260,0.000000,0.000000,0.000000,0.000000,0.000000,0.000000,0.000000,1.383260,1.383260,1.383260,1.383260,0.000000,horizon_mpc_secbf,8,1.496302,true,osqp,optimal,100,4.738422,0,2.506047,geometric,false,0.448890,-0.600831,0.444235,-0.596067,,,0.743398,0.000370,4.503013,0.734311
crossing,context_ext,Standard MPC-CBF,61,6.100,1.604924,0.278655,0.444235,-0.596067,-0.930325,0.100000,1.738000,0.000000,0.580000,cyclist,crossing,distracted,,0.000000,0.625000,2.096302,1.496302,0.000000,0.000000,0.000000,0.000000,0.000000,0.000000,0.000000,1.496302,1.496302,1.496302,1.496302,0.000000,horizon_mpc_secbf,8,1.610712,true,osqp,optimal,100,3.791652,0,2.633924,geometric,false,0.448970,-0.600771,0.444238,-0.596044,,,0.743381,0.000023,4.577351,0.659971
crossing,context_ext,Standard MPC-CBF,62,6.200,1.649347,0.219051,0.444238,-0.596044,-0.930303,0.100000,1.796000,0.000000,0.580000,cyclist,crossing,distracted,,0.000000,0.625000,2.210712,1.610712,0.000000,0.000000,0.000000,0.000000,0.000000,0.000000,0.000000,1.610712,1.610712,1.610712,1.610712,0.000000,horizon_mpc_secbf,8,1.726288,true,osqp,optimal,100,4.997922,0,2.760947,geometric,false,0.449069,-0.600697,0.444311,-0.595970,,,0.743366,0.000104,4.651688,0.585633
crossing,context_ext,Standard MPC-CBF,63,6.300,1.693779,0.159454,0.444311,-0.595970,-0.930165,0.100000,1.854000,0.000000,0.580000,cyclist,crossing,distracted,,0.000000,0.625000,2.326288,1.726288,0.000000,0.000000,0.000000,0.000000,0.000000,0.000000,0.000000,1.726288,1.726288,1.726288,1.726288,0.000000,horizon_mpc_secbf,8,1.842865,true,osqp,optimal,100,5.482368,0,2.887305,geometric,false,0.449184,-0.600611,0.444407,-0.595874,,,0.743346,0.000136,4.726023,0.511296
crossing,context_ext,Standard MPC-CBF,64,6.400,1.738219,0.099866,0.444407,-0.595874,-0.929984,0.100000,1.912000,0.000000,0.580000,cyclist,crossing,distracted,,0.000000,0.625000,2.442865,1.842865,0.000000,0.000000,0.000000,0.000000,0.000000,0.000000,0.000000,1.842865,1.842865,1.842865,1.842865,0.000000,horizon_mpc_secbf,8,1.960307,true,osqp,optimal,75,2.923292,0,3.013168,geometric,false,0.449320,-0.600510,0.444532,-0.595769,,,0.743337,0.000163,4.800356,0.436962
crossing,context_ext,Standard MPC-CBF,65,6.500,1.782672,0.040289,0.444532,-0.595769,-0.929766,0.100000,1.970000,0.000000,0.580000,cyclist,crossing,distracted,,0.000000,0.625000,2.560307,1.960307,0.000000,0.000000,0.000000,0.000000,0.000000,0.000000,0.000000,1.960307,1.960307,1.960307,1.960307,0.000000,horizon_mpc_secbf,8,2.078496,true,osqp,optimal,75,4.147935,0,3.138625,geometric,false,0.449484,-0.600386,0.444669,-0.595629,,,0.743307,0.000196,4.874687,0.362628
crossing,context_ext,Standard MPC-CBF,66,6.600,1.827139,-0.019274,0.444669,-0.595629,-0.929505,0.100000,2.028000,0.000000,0.580000,cyclist,crossing,distracted,,0.000000,0.625000,2.678496,2.078496,0.000000,0.000000,0.000000,0.000000,0.000000,0.000000,0.000000,2.078496,2.078496,2.078496,2.078496,0.000000,horizon_mpc_secbf,8,2.197336,true,osqp,optimal,75,4.225872,0,3.263780,geometric,false,0.449693,-0.600230,0.444843,-0.595453,,,0.743269,0.000248,4.949014,0.288298
crossing,context_ext,Standard MPC-CBF,67,6.700,1.871624,-0.078819,0.444843,-0.595453,-0.929176,0.100000,2.086000,0.000000,0.580000,cyclist,crossing,distracted,,0.000000,0.625000,2.797336,2.197336,0.000000,0.000000,0.000000,0.000000,0.000000,0.000000,0.000000,2.197336,2.197336,2.197336,2.197336,0.000000,horizon_mpc_secbf,8,2.316746,true,osqp,optimal,100,4.703444,0,3.388689,geometric,false,0.449979,-0.600016,0.445072,-0.595208,,,0.743210,0.000336,5.023335,0.213971
crossing,context_ext,Standard MPC-CBF,68,6.800,1.916131,-0.138340,0.445072,-0.595208,-0.928731,0.100000,2.144000,0.000000,0.580000,cyclist,crossing,distracted,,0.000000,0.625000,2.916746,2.316746,0.000000,0.000000,0.000000,0.000000,0.000000,0.000000,0.000000,2.316746,2.316746,2.316746,2.316746,0.000000,horizon_mpc_secbf,8,2.436654,true,osqp,optimal,100,4.824913,0,3.513409,geometric,false,0.450426,-0.599680,0.445437,-0.594843,,,0.743137,0.000516,5.097649,0.139650
crossing,context_ext,Standard MPC-CBF,69,6.900,1.960675,-0.197824,0.445437,-0.594843,-0.928043,0.100000,2.202000,0.000000,0.580000,cyclist,crossing,distracted,,0.000000,0.625000,3.036654,2.436654,0.000000,0.000000,0.000000,0.000000,0.000000,0.000000,0.000000,2.436654,2.436654,2.436654,2.436654,0.000000,horizon_mpc_secbf,8,2.549571,true,osqp,optimal,75,3.972738,0,3.563716,geometric,false,0.393254,-0.521760,0.402208,-0.534299,,,0.668765,0.074393,5.164525,0.065336
crossing,context_ext,Standard MPC-CBF,70,7.000,2.000895,-0.251254,0.402208,-0.534299,-0.925521,0.100000,2.260000,0.000000,0.580000,cyclist,crossing,distracted,,0.000000,0.625000,3.149571,2.549571,0.000000,0.000000,0.000000,0.000000,0.000000,0.000000,0.000000,2.549571,2.549571,2.549571,2.549571,0.000000,horizon_mpc_secbf,8,2.596013,true,osqp,optimal,50,4.428607,0,3.012106,geometric,false,-0.008953,0.012539,0.002354,0.001679,,,0.002891,0.668696,5.164814,0.001541
crossing,context_ext,Standard MPC-CBF,71,7.100,2.001131,-0.251086,0.002354,0.001679,0.619387,0.100000,2.318000,0.000000,0.580000,cyclist,crossing,distracted,,0.000000,0.625000,3.196013,2.596013,0.000000,0.000000,0.000000,0.000000,0.000000,0.000000,0.000000,2.596013,2.596013,2.596013,2.596013,0.000000,horizon_mpc_secbf,8,2.641542,true,osqp,optimal,50,3.349940,0,3.049446,geometric,false,-0.011307,0.010860,-0.008963,0.009285,,,0.012905,0.013636,5.166105,0.001568
crossing,context_ext,Standard MPC-CBF,72,7.200,2.000234,-0.250158,-0.008963,0.009285,2.338572,0.100000,2.376000,0.000000,0.580000,cyclist,crossing,distracted,,0.000000,0.625000,3.241542,2.641542,0.000000,0.000000,0.000000,0.000000,0.000000,0.000000,0.000000,2.641542,2.641542,2.641542,2.641542,0.000000,horizon_mpc_secbf,8,2.688269,true,osqp,optimal,50,2.817093,0,3.107045,geometric,false,-0.002344,0.001576,-0.003480,0.002898,,,0.004529,0.008417,5.166558,0.000282
crossing,context_ext,Standard MPC-CBF,73,7.300,1.999886,-0.249868,-0.003480,0.002898,2.447108,0.100000,2.434000,0.000000,0.580000,cyclist,crossing,distracted,,0.000000,0.625000,3.288269,2.688269,0.000000,0.000000,0.000000,0.000000,0.000000,0.000000,0.000000,2.688269,2.688269,2.688269,2.688269,0.000000,horizon_mpc_secbf,8,2.735846,true,osqp,optimal,50,3.311003,0,3.162349,geometric,false,0.001136,-0.001323,0.000344,-0.000598,,,0.000690,0.005181,5.166627,0.000174
crossing,context_ext,Standard MPC-CBF,74,7.400,1.999921,-0.249928,0.000344,-0.000598,-1.049419,0.100000,2.492000,0.000000,0.580000,cyclist,crossing,distracted,,0.000000,0.625000,3.335846,2.735846,0.000000,0.000000,0.000000,0.000000,0.000000,0.000000,0.000000,2.735846,2.735846,2.735846,2.735846,0.000000,horizon_mpc_secbf,8,2.783778,true,osqp,optimal,25,3.260305,0,3.213562,geometric,false,0.000792,-0.000724,0.000712,-0.000699,,,0.000998,0.000382,5.166726,0.000107
crossing,context_ext,Standard MPC-CBF,75,7.500,1.999992,-0.249997,0.000712,-0.000699,-0.775576,0.100000,2.550000,0.000000,0.580000,cyclist,crossing,distracted,,0.000000,0.625000,3.383778,2.783778,0.000000,0.000000,0.000000,0.000000,0.000000,0.000000,0.000000,2.783778,2.783778,2.783778,2.783778,0.000000,horizon_mpc_secbf,8,2.831949,true,osqp,optimal,25,3.721291,0,3.263937,geometric,false,0.000080,-0.000026,0.000188,-0.000141,,,0.000235,0.000766,5.166750,0.000008
crossing,context_ext,Standard MPC-CBF,76,7.600,2.000011,-0.250012,0.000188,-0.000141,-0.643133,0.100000,2.608000,0.000000,0.580000,cyclist,crossing,distracted,,0.000000,0.625000,3.431949,2.831949,0.000000,0.000000,0.000000,0.000000,0.000000,0.000000,0.000000,2.831949,2.831949,2.831949,2.831949,0.000000,horizon_mpc_secbf,8,2.880388,true,osqp,optimal,25,4.625279,0,3.314863,geometric,false,-0.000108,0.000115,-0.000057,0.000071,,,0.000091,0.000324,5.166759,0.000016
crossing,context_ext,Standard MPC-CBF,77,7.700,2.000005,-0.250004,-0.000057,0.000071,2.251436,0.100000,2.666000,0.000000,0.580000,cyclist,crossing,distracted,,0.000000,0.625000,3.480388,2.880388,0.000000,0.000000,0.000000,0.000000,0.000000,0.000000,0.000000,2.880388,2.880388,2.880388,2.880388,0.000000,horizon_mpc_secbf,8,2.929118,true,osqp,optimal,25,4.031958,0,3.366265,geometric,false,-0.000051,0.000044,-0.000052,0.000049,,,0.000071,0.000023,5.166766,0.000007
crossing,context_ext,Standard MPC-CBF,78,7.800,2.000000,-0.250000,-0.000052,0.000049,2.389421,0.100000,2.724000,0.000000,0.580000,cyclist,crossing,distracted,,0.000000,0.625000,3.529118,2.929118,0.000000,0.000000,0.000000,0.000000,0.000000,0.000000,0.000000,2.929118,2.929118,2.929118,2.929118,0.000000,horizon_mpc_secbf,8,2.978131,true,osqp,optimal,25,3.744633,0,3.417883,geometric,false,0.000001,-0.000004,-0.000007,-0.000001,,,0.000007,0.000068,5.166767,0.000000
crossing,context_ext,Standard MPC-CBF,79,7.900,1.999999,-0.250000,-0.000007,-0.000001,-2.928420,0.100000,2.782000,0.000000,0.580000,cyclist,crossing,distracted,,0.000000,0.625000,3.578131,2.978131,0.000000,0.000000,0.000000,0.000000,0.000000,0.000000,0.000000,2.978131,2.978131,2.978131,2.978131,0.000000,horizon_mpc_secbf,8,3.027409,true,osqp,optimal,25,4.187842,0,3.469610,geometric,false,0.000008,-0.000003,0.000005,-0.000003,,,0.000006,0.000012,5.166767,0.000001
crossing,context_ext,Standard MPC-CBF,80,8.000,2.000000,-0.250000,0.000005,-0.000003,-0.450465,0.100000,2.840000,0.000000,0.580000,cyclist,crossing,distracted,,0.000000,0.625000,3.627409,3.027409,0.000000,0.000000,0.000000,0.000000,0.000000,0.000000,0.000000,3.027409,3.027409,3.027409,3.027409,0.000000,horizon_mpc_secbf,8,3.076942,true,osqp,optimal,25,4.192396,0,3.521483,geometric,false,0.000003,-0.000000,0.000003,-0.000001,,,0.000003,0.000003,5.166768,0.000000
crossing,context_ext,Standard MPC-CBF,81,8.100,2.000000,-0.250000,0.000003,-0.000001,-0.207548,0.100000,2.898000,0.000000,0.580000,cyclist,crossing,distracted,,0.000000,0.625000,3.676942,3.076942,0.000000,0.000000,0.000000,0.000000,0.000000,0.000000,0.000000,3.076942,3.076942,3.076942,3.076942,0.000000,horizon_mpc_secbf,8,3.126719,true,osqp,optimal,25,2.844540,0,3.573507,geometric,false,-0.000000,0.000000,0.000000,0.000000,,,0.000000,0.000003,5.166768,0.000000
crossing,context_ext,Standard MPC-CBF,82,8.200,2.000000,-0.250000,0.000000,0.000000,1.031689,0.100000,2.956000,0.000000,0.580000,cyclist,crossing,distracted,,0.000000,0.625000,3.726719,3.126719,0.000000,0.000000,0.000000,0.000000,0.000000,0.000000,0.000000,3.126719,3.126719,3.126719,3.126719,0.000000,horizon_mpc_secbf,8,3.176731,true,osqp,optimal,25,4.024578,0,3.625678,geometric,false,-0.000001,0.000000,-0.000000,0.000000,,,0.000001,0.000001,5.166768,0.000000
crossing,context_ext,Standard MPC-CBF,83,8.300,2.000000,-0.250000,-0.000000,0.000000,2.772714,0.100000,3.014000,0.000000,0.580000,cyclist,crossing,distracted,,0.000000,0.625000,3.776731,3.176731,0.000000,0.000000,0.000000,0.000000,0.000000,0.000000,0.000000,3.176731,3.176731,3.176731,3.176731,0.000000,horizon_mpc_secbf,8,3.226968,true,osqp,optimal,25,4.147030,0,3.677990,geometric,false,-0.000000,-0.000000,-0.000000,0.000000,,,0.000000,0.000000,5.166768,0.000000
crossing,context_ext,Standard MPC-CBF,84,8.400,2.000000,-0.250000,-0.000000,0.000000,2.998462,0.100000,3.072000,0.000000,0.580000,cyclist,crossing,distracted,,0.000000,0.625000,3.826968,3.226968,0.000000,0.000000,0.000000,0.000000,0.000000,0.000000,0.000000,3.226968,3.226968,3.226968,3.226968,0.000000,horizon_mpc_secbf,8,3.277422,true,osqp,optimal,25,2.932638,0,3.730437,geometric,false,0.000000,-0.000000,0.000000,-0.000000,,,0.000000,0.000000,5.166768,0.000000
crossing,context_ext,Standard MPC-CBF,85,8.500,2.000000,-0.250000,0.000000,-0.000000,-0.897381,0.100000,3.130000,0.000000,0.580000,cyclist,crossing,distracted,,0.000000,0.625000,3.877422,3.277422,0.000000,0.000000,0.000000,0.000000,0.000000,0.000000,0.000000,3.277422,3.277422,3.277422,3.277422,0.000000,horizon_mpc_secbf,8,3.328084,true,osqp,optimal,25,4.631724,0,3.783016,geometric,false,0.000000,-0.000000,0.000000,-0.000000,,,0.000000,0.000000,5.166768,0.000000
crossing,context_ext,Standard MPC-CBF,86,8.600,2.000000,-0.250000,0.000000,-0.000000,-0.311324,0.100000,3.188000,0.000000,0.580000,cyclist,crossing,distracted,,0.000000,0.625000,3.928084,3.328084,0.000000,0.000000,0.000000,0.000000,0.000000,0.000000,0.000000,3.328084,3.328084,3.328084,3.328084,0.000000,horizon_mpc_secbf,8,3.378947,true,osqp,optimal,25,5.082699,0,3.835721,geometric,false,0.000000,0.000000,0.000000,-0.000000,,,0.000000,0.000000,5.166768,0.000000
crossing,context_ext,Standard MPC-CBF,87,8.700,2.000000,-0.250000,0.000000,-0.000000,-0.311168,0.100000,3.246000,0.000000,0.580000,cyclist,crossing,distracted,,0.000000,0.625000,3.978947,3.378947,0.000000,0.000000,0.000000,0.000000,0.000000,0.000000,0.000000,3.378947,3.378947,3.378947,3.378947,0.000000,horizon_mpc_secbf,8,3.430002,true,osqp,optimal,25,3.259579,0,3.888549,geometric,false,0.000000,0.000000,0.000000,-0.000000,,,0.000000,0.000000,5.166768,0.000000
crossing,context_ext,Standard MPC-CBF,88,8.800,2.000000,-0.250000,0.000000,-0.000000,-0.311012,0.100000,3.304000,0.000000,0.580000,cyclist,crossing,distracted,,0.000000,0.625000,4.030002,3.430002,0.000000,0.000000,0.000000,0.000000,0.000000,0.000000,0.000000,3.430002,3.430002,3.430002,3.430002,0.000000,horizon_mpc_secbf,8,3.481243,true,osqp,optimal,25,3.151026,0,3.941496,geometric,false,0.000000,0.000000,0.000000,-0.000000,,,0.000000,0.000000,5.166768,0.000000
crossing,context_ext,Standard MPC-CBF,89,8.900,2.000000,-0.250000,0.000000,-0.000000,-0.311012,0.100000,3.362000,0.000000,0.580000,cyclist,crossing,distracted,,0.000000,0.625000,4.081243,3.481243,0.000000,0.000000,0.000000,0.000000,0.000000,0.000000,0.000000,3.481243,3.481243,3.481243,3.481243,0.000000,horizon_mpc_secbf,8,3.532663,true,osqp,optimal,25,4.452267,0,3.994557,geometric,false,0.000000,0.000000,0.000000,-0.000000,,,0.000000,0.000000,5.166768,0.000000
crossing,context_ext,Standard MPC-CBF,90,9.000,2.000000,-0.250000,0.000000,-0.000000,-0.311012,0.100000,3.420000,0.000000,0.580000,cyclist,crossing,distracted,,0.000000,0.625000,4.132663,3.532663,0.000000,0.000000,0.000000,0.000000,0.000000,0.000000,0.000000,3.532663,3.532663,3.532663,3.532663,0.000000,horizon_mpc_secbf,8,3.584254,true,osqp,optimal,25,3.085658,0,4.047730,geometric,false,0.000000,0.000000,0.000000,-0.000000,,,0.000000,0.000000,5.166768,0.000000
crossing,context_ext,Standard MPC-CBF,91,9.100,2.000000,-0.250000,0.000000,-0.000000,-0.311012,0.100000,3.478000,0.000000,0.580000,cyclist,crossing,distracted,,0.000000,0.625000,4.184254,3.584254,0.000000,0.000000,0.000000,0.000000,0.000000,0.000000,0.000000,3.584254,3.584254,3.584254,3.584254,0.000000,horizon_mpc_secbf,8,3.636012,true,osqp,optimal,25,4.467836,0,4.101011,geometric,false,0.000000,0.000000,0.000000,-0.000000,,,0.000000,0.000000,5.166768,0.000000
crossing,context_ext,Standard MPC-CBF,92,9.200,2.000000,-0.250000,0.000000,-0.000000,-0.311012,0.100000,3.536000,0.000000,0.580000,cyclist,crossing,distracted,,0.000000,0.625000,4.236012,3.636012,0.000000,0.000000,0.000000,0.000000,0.000000,0.000000,0.000000,3.636012,3.636012,3.636012,3.636012,0.000000,horizon_mpc_secbf,8,3.687929,true,osqp,optimal,25,4.718354,0,4.154396,geometric,false,0.000000,0.000000,0.000000,-0.000000,,,0.000000,0.000000,5.166768,0.000000
crossing,context_ext,Standard MPC-CBF,93,9.300,2.000000,-0.250000,0.000000,-0.000000,-0.311012,0.100000,3.594000,0.000000,0.580000,cyclist,crossing,distracted,,0.000000,0.625000,4.287929,3.687929,0.000000,0.000000,0.000000,0.000000,0.000000,0.000000,0.000000,3.687929,3.687929,3.687929,3.687929,0.000000,horizon_mpc_secbf,8,3.740000,true,osqp,optimal,25,3.668609,0,4.207882,geometric,false,0.000000,0.000000,0.000000,-0.000000,,,0.000000,0.000000,5.166768,0.000000
crossing,context_ext,Standard MPC-CBF,94,9.400,2.000000,-0.250000,0.000000,-0.000000,-0.311012,0.100000,3.652000,0.000000,0.580000,cyclist,crossing,distracted,,0.000000,0.625000,4.340000,3.740000,0.000000,0.000000,0.000000,0.000000,0.000000,0.000000,0.000000,3.740000,3.740000,3.740000,3.740000,0.000000,horizon_mpc_secbf,8,3.792220,true,osqp,optimal,25,4.445795,0,4.261466,geometric,false,0.000000,0.000000,0.000000,-0.000000,,,0.000000,0.000000,5.166768,0.000000
crossing,context_ext,Standard MPC-CBF,95,9.500,2.000000,-0.250000,0.000000,-0.000000,-0.311012,0.100000,3.710000,0.000000,0.580000,cyclist,crossing,distracted,,0.000000,0.625000,4.392220,3.792220,0.000000,0.000000,0.000000,0.000000,0.000000,0.000000,0.000000,3.792220,3.792220,3.792220,3.792220,0.000000,horizon_mpc_secbf,8,3.844584,true,osqp,optimal,25,4.717307,0,4.315145,geometric,false,0.000000,0.000000,0.000000,-0.000000,,,0.000000,0.000000,5.166768,0.000000
crossing,context_ext,Standard MPC-CBF,96,9.600,2.000000,-0.250000,0.000000,-0.000000,-0.311012,0.100000,3.768000,0.000000,0.580000,cyclist,crossing,distracted,,0.000000,0.625000,4.444584,3.844584,0.000000,0.000000,0.000000,0.000000,0.000000,0.000000,0.000000,3.844584,3.844584,3.844584,3.844584,0.000000,horizon_mpc_secbf,8,3.897085,true,osqp,optimal,25,3.923655,0,4.368916,geometric,false,0.000000,0.000000,0.000000,-0.000000,,,0.000000,0.000000,5.166768,0.000000
crossing,context_ext,Standard MPC-CBF,97,9.700,2.000000,-0.250000,0.000000,-0.000000,-0.311012,0.100000,3.826000,0.000000,0.580000,cyclist,crossing,distracted,,0.000000,0.625000,4.497085,3.897085,0.000000,0.000000,0.000000,0.000000,0.000000,0.000000,0.000000,3.897085,3.897085,3.897085,3.897085,0.000000,horizon_mpc_secbf,8,3.949720,true,osqp,optimal,25,4.032378,0,4.422777,geometric,false,0.000000,0.000000,0.000000,-0.000000,,,0.000000,0.000000,5.166768,0.000000
crossing,context_ext,Standard MPC-CBF,98,9.800,2.000000,-0.250000,0.000000,-0.000000,-0.311012,0.100000,3.884000,0.000000,0.580000,cyclist,crossing,distracted,,0.000000,0.625000,4.549720,3.949720,0.000000,0.000000,0.000000,0.000000,0.000000,0.000000,0.000000,3.949720,3.949720,3.949720,3.949720,0.000000,horizon_mpc_secbf,8,4.002485,true,osqp,optimal,25,4.638056,0,4.476724,geometric,false,0.000000,0.000000,0.000000,-0.000000,,,0.000000,0.000000,5.166768,0.000000
crossing,context_ext,Standard MPC-CBF,99,9.900,2.000000,-0.250000,0.000000,-0.000000,-0.311012,0.100000,3.942000,0.000000,0.580000,cyclist,crossing,distracted,,0.000000,0.625000,4.602485,4.002485,0.000000,0.000000,0.000000,0.000000,0.000000,0.000000,0.000000,4.002485,4.002485,4.002485,4.002485,0.000000,horizon_mpc_secbf,8,4.055373,true,osqp,optimal,25,3.098881,0,4.530756,geometric,false,0.000000,0.000000,0.000000,-0.000000,,,0.000000,0.000000,5.166768,0.000000
crossing,context_ext,Standard MPC-CBF,100,10.000,2.000000,-0.250000,0.000000,-0.000000,-0.311012,0.100000,4.000000,0.000000,0.580000,cyclist,crossing,distracted,,0.000000,0.625000,4.655373,4.055373,0.000000,0.000000,0.000000,0.000000,0.000000,0.000000,0.000000,4.055373,4.055373,4.055373,4.055373,0.000000,horizon_mpc_secbf,8,4.108382,true,osqp,optimal,25,4.262001,0,4.584869,geometric,false,0.000000,0.000000,0.000000,-0.000000,,,0.000000,0.000000,5.166768,0.000000
crossing,context_ext,Standard MPC-CBF,101,10.100,2.000000,-0.250000,0.000000,-0.000000,-0.311012,0.100000,4.058000,0.000000,0.580000,cyclist,crossing,distracted,,0.000000,0.625000,4.708382,4.108382,0.000000,0.000000,0.000000,0.000000,0.000000,0.000000,0.000000,4.108382,4.108382,4.108382,4.108382,0.000000,horizon_mpc_secbf,8,4.161508,true,osqp,optimal,25,4.630572,0,4.639061,geometric,false,0.000000,0.000000,0.000000,-0.000000,,,0.000000,0.000000,5.166768,0.000000
crossing,context_ext,Standard MPC-CBF,102,10.200,2.000000,-0.250000,0.000000,-0.000000,-0.311012,0.100000,4.116000,0.000000,0.580000,cyclist,crossing,distracted,,0.000000,0.625000,4.761508,4.161508,0.000000,0.000000,0.000000,0.000000,0.000000,0.000000,0.000000,4.161508,4.161508,4.161508,4.161508,0.000000,horizon_mpc_secbf,8,4.214746,true,osqp,optimal,25,4.136993,0,4.693331,geometric,false,0.000000,0.000000,0.000000,-0.000000,,,0.000000,0.000000,5.166768,0.000000
crossing,context_ext,Standard MPC-CBF,103,10.300,2.000000,-0.250000,0.000000,-0.000000,-0.311012,0.100000,4.174000,0.000000,0.580000,cyclist,crossing,distracted,,0.000000,0.625000,4.814746,4.214746,0.000000,0.000000,0.000000,0.000000,0.000000,0.000000,0.000000,4.214746,4.214746,4.214746,4.214746,0.000000,horizon_mpc_secbf,8,4.268092,true,osqp,optimal,25,2.815972,0,4.747675,geometric,false,0.000000,0.000000,0.000000,-0.000000,,,0.000000,0.000000,5.166768,0.000000
crossing,context_ext,Standard MPC-CBF,104,10.400,2.000000,-0.250000,0.000000,-0.000000,-0.311012,0.100000,4.232000,0.000000,0.580000,cyclist,crossing,distracted,,0.000000,0.625000,4.868092,4.268092,0.000000,0.000000,0.000000,0.000000,0.000000,0.000000,0.000000,4.268092,4.268092,4.268092,4.268092,0.000000,horizon_mpc_secbf,8,4.321544,true,osqp,optimal,25,3.663737,0,4.802092,geometric,false,0.000000,0.000000,0.000000,-0.000000,,,0.000000,0.000000,5.166768,0.000000
crossing,context_ext,Standard MPC-CBF,105,10.500,2.000000,-0.250000,0.000000,-0.000000,-0.311012,0.100000,4.290000,0.000000,0.580000,cyclist,crossing,distracted,,0.000000,0.625000,4.921544,4.321544,0.000000,0.000000,0.000000,0.000000,0.000000,0.000000,0.000000,4.321544,4.321544,4.321544,4.321544,0.000000,horizon_mpc_secbf,8,4.375098,true,osqp,optimal,25,3.346235,0,4.856580,geometric,false,0.000000,0.000000,0.000000,-0.000000,,,0.000000,0.000000,5.166768,0.000000
crossing,context_ext,Standard MPC-CBF,106,10.600,2.000000,-0.250000,0.000000,-0.000000,-0.311012,0.100000,4.348000,0.000000,0.580000,cyclist,crossing,distracted,,0.000000,0.625000,4.975098,4.375098,0.000000,0.000000,0.000000,0.000000,0.000000,0.000000,0.000000,4.375098,4.375098,4.375098,4.375098,0.000000,horizon_mpc_secbf,8,4.428751,true,osqp,optimal,25,3.872062,0,4.911136,geometric,false,0.000000,0.000000,0.000000,-0.000000,,,0.000000,0.000000,5.166768,0.000000
crossing,context_ext,Standard MPC-CBF,107,10.700,2.000000,-0.250000,0.000000,-0.000000,-0.311012,0.100000,4.406000,0.000000,0.580000,cyclist,crossing,distracted,,0.000000,0.625000,5.028751,4.428751,0.000000,0.000000,0.000000,0.000000,0.000000,0.000000,0.000000,4.428751,4.428751,4.428751,4.428751,0.000000,horizon_mpc_secbf,8,4.482499,true,osqp,optimal,25,3.276024,0,4.965759,geometric,false,0.000000,0.000000,0.000000,-0.000000,,,0.000000,0.000000,5.166768,0.000000
crossing,context_ext,Standard MPC-CBF,108,10.800,2.000000,-0.250000,0.000000,-0.000000,-0.311012,0.100000,4.464000,0.000000,0.580000,cyclist,crossing,distracted,,0.000000,0.625000,5.082499,4.482499,0.000000,0.000000,0.000000,0.000000,0.000000,0.000000,0.000000,4.482499,4.482499,4.482499,4.482499,0.000000,horizon_mpc_secbf,8,4.536340,true,osqp,optimal,25,4.101133,0,5.020447,geometric,false,0.000000,0.000000,0.000000,-0.000000,,,0.000000,0.000000,5.166768,0.000000
crossing,context_ext,Standard MPC-CBF,109,10.900,2.000000,-0.250000,0.000000,-0.000000,-0.311012,0.100000,4.522000,0.000000,0.580000,cyclist,crossing,distracted,,0.000000,0.625000,5.136340,4.536340,0.000000,0.000000,0.000000,0.000000,0.000000,0.000000,0.000000,4.536340,4.536340,4.536340,4.536340,0.000000,horizon_mpc_secbf,8,4.590270,true,osqp,optimal,25,4.052476,0,5.075198,geometric,false,0.000000,0.000000,0.000000,-0.000000,,,0.000000,0.000000,5.166768,0.000000
crossing,context_ext,Standard MPC-CBF,110,11.000,2.000000,-0.250000,0.000000,-0.000000,-0.311012,0.100000,4.580000,0.000000,0.580000,cyclist,crossing,distracted,,0.000000,0.625000,5.190270,4.590270,0.000000,0.000000,0.000000,0.000000,0.000000,0.000000,0.000000,4.590270,4.590270,4.590270,4.590270,0.000000,horizon_mpc_secbf,8,4.644287,true,osqp,optimal,25,4.587510,0,5.130010,geometric,false,0.000000,0.000000,0.000000,-0.000000,,,0.000000,0.000000,5.166768,0.000000
crossing,context_ext,Standard MPC-CBF,111,11.100,2.000000,-0.250000,0.000000,-0.000000,-0.311012,0.100000,4.638000,0.000000,0.580000,cyclist,crossing,distracted,,0.000000,0.625000,5.244287,4.644287,0.000000,0.000000,0.000000,0.000000,0.000000,0.000000,0.000000,4.644287,4.644287,4.644287,4.644287,0.000000,horizon_mpc_secbf,8,4.698388,true,osqp,optimal,25,4.019854,0,5.184883,geometric,false,0.000000,0.000000,0.000000,-0.000000,,,0.000000,0.000000,5.166768,0.000000
crossing,context_ext,Standard MPC-CBF,112,11.200,2.000000,-0.250000,0.000000,-0.000000,-0.311012,0.100000,4.696000,0.000000,0.580000,cyclist,crossing,distracted,,0.000000,0.625000,5.298388,4.698388,0.000000,0.000000,0.000000,0.000000,0.000000,0.000000,0.000000,4.698388,4.698388,4.698388,4.698388,0.000000,horizon_mpc_secbf,8,4.752571,true,osqp,optimal,25,2.792258,0,5.239813,geometric,false,0.000000,0.000000,0.000000,-0.000000,,,0.000000,0.000000,5.166768,0.000000
crossing,context_ext,Standard MPC-CBF,113,11.300,2.000000,-0.250000,0.000000,-0.000000,-0.311012,0.100000,4.754000,0.000000,0.580000,cyclist,crossing,distracted,,0.000000,0.625000,5.352571,4.752571,0.000000,0.000000,0.000000,0.000000,0.000000,0.000000,0.000000,4.752571,4.752571,4.752571,4.752571,0.000000,horizon_mpc_secbf,8,4.806833,true,osqp,optimal,25,3.436878,0,5.294800,geometric,false,0.000000,0.000000,0.000000,-0.000000,,,0.000000,0.000000,5.166768,0.000000
crossing,context_ext,Standard MPC-CBF,114,11.400,2.000000,-0.250000,0.000000,-0.000000,-0.311012,0.100000,4.812000,0.000000,0.580000,cyclist,crossing,distracted,,0.000000,0.625000,5.406833,4.806833,0.000000,0.000000,0.000000,0.000000,0.000000,0.000000,0.000000,4.806833,4.806833,4.806833,4.806833,0.000000,horizon_mpc_secbf,8,4.861172,true,osqp,optimal,25,4.131726,0,5.349842,geometric,false,0.000000,0.000000,0.000000,-0.000000,,,0.000000,0.000000,5.166768,0.000000
crossing,context_ext,Standard MPC-CBF,115,11.500,2.000000,-0.250000,0.000000,-0.000000,-0.311012,0.100000,4.870000,0.000000,0.580000,cyclist,crossing,distracted,,0.000000,0.625000,5.461172,4.861172,0.000000,0.000000,0.000000,0.000000,0.000000,0.000000,0.000000,4.861172,4.861172,4.861172,4.861172,0.000000,horizon_mpc_secbf,8,4.915586,true,osqp,optimal,25,3.405741,0,5.404938,geometric,false,0.000000,0.000000,0.000000,-0.000000,,,0.000000,0.000000,5.166768,0.000000
crossing,context_ext,Standard MPC-CBF,116,11.600,2.000000,-0.250000,0.000000,-0.000000,-0.311012,0.100000,4.928000,0.000000,0.580000,cyclist,crossing,distracted,,0.000000,0.625000,5.515586,4.915586,0.000000,0.000000,0.000000,0.000000,0.000000,0.000000,0.000000,4.915586,4.915586,4.915586,4.915586,0.000000,horizon_mpc_secbf,8,4.970071,true,osqp,optimal,25,3.275259,0,5.460086,geometric,false,0.000000,0.000000,0.000000,-0.000000,,,0.000000,0.000000,5.166768,0.000000
crossing,context_ext,Standard MPC-CBF,117,11.700,2.000000,-0.250000,0.000000,-0.000000,-0.311012,0.100000,4.986000,0.000000,0.580000,cyclist,crossing,distracted,,0.000000,0.625000,5.570071,4.970071,0.000000,0.000000,0.000000,0.000000,0.000000,0.000000,0.000000,4.970071,4.970071,4.970071,4.970071,0.000000,horizon_mpc_secbf,8,5.024628,true,osqp,optimal,25,5.741520,0,5.515285,geometric,false,0.000000,0.000000,0.000000,-0.000000,,,0.000000,0.000000,5.166768,0.000000
crossing,context_ext,Standard MPC-CBF,118,11.800,2.000000,-0.250000,0.000000,-0.000000,-0.311012,0.100000,5.044000,0.000000,0.580000,cyclist,crossing,distracted,,0.000000,0.625000,5.624628,5.024628,0.000000,0.000000,0.000000,0.000000,0.000000,0.000000,0.000000,5.024628,5.024628,5.024628,5.024628,0.000000,horizon_mpc_secbf,8,5.079252,true,osqp,optimal,25,3.459507,0,5.570534,geometric,false,0.000000,0.000000,0.000000,-0.000000,,,0.000000,0.000000,5.166768,0.000000
crossing,context_ext,Standard MPC-CBF,119,11.900,2.000000,-0.250000,0.000000,-0.000000,-0.311012,0.100000,5.102000,0.000000,0.580000,cyclist,crossing,distracted,,0.000000,0.625000,5.679252,5.079252,0.000000,0.000000,0.000000,0.000000,0.000000,0.000000,0.000000,5.079252,5.079252,5.079252,5.079252,0.000000,horizon_mpc_secbf,8,5.133943,true,osqp,optimal,25,3.020000,0,5.625831,geometric,false,0.000000,0.000000,0.000000,-0.000000,,,0.000000,0.000000,5.166768,0.000000
crossing,context_ext,EESM-MPC-ECBF,0,0.000,-2.000000,-0.250000,0.000000,0.000000,0.000000,0.100000,-1.800000,0.000000,0.580000,pedestrian,walking,unknown,5.835878,1.000000,0.625000,2.610077,2.010077,0.000000,0.000000,0.000000,0.000000,0.296875,0.296875,0.000000,2.010077,1.713201,1.713201,1.713201,0.000000,horizon_mpc_secbf,8,0.974427,true,osqp,optimal,75,2.835642,0,0.869113,geometric,false,0.750000,0.000000,0.621017,-0.000000,,,0.621017,0.621017,0.062102,4.000000
crossing,context_ext,EESM-MPC-ECBF,1,0.100,-1.937898,-0.250000,0.621017,-0.000000,-0.000000,0.100000,-1.742000,0.000000,0.580000,pedestrian,walking,unknown,2.282422,1.000000,0.625000,2.525687,1.925687,0.000000,0.000000,0.000000,0.000000,0.840665,0.840665,0.000000,1.925687,1.085021,1.085021,1.085021,0.000000,horizon_mpc_secbf,8,0.337599,true,osqp,optimal,75,3.201582,0,0.156528,geometric,false,0.750000,0.000000,0.726102,-0.000001,,,0.726102,0.105085,0.134712,3.937898
crossing,context_ext,EESM-MPC-ECBF,2,0.200,-1.865288,-0.250000,0.726102,-0.000001,-0.000001,0.100000,-1.684000,0.000000,0.580000,pedestrian,walking,unknown,1.974130,1.000000,0.625000,2.432841,1.832841,0.000000,0.000000,0.000000,0.000000,0.927883,0.927883,0.000000,1.832841,0.904957,0.904957,0.904957,0.000000,horizon_mpc_secbf,8,0.158807,true,osqp,optimal,75,2.999254,0,-0.031136,geometric,false,0.750000,0.000000,0.735589,-0.000002,,,0.735589,0.009486,0.208271,3.865288
crossing,context_ext,EESM-MPC-ECBF,3,0.300,-1.791729,-0.250000,0.735589,-0.000002,-0.000002,0.100000,-1.626000,0.000000,0.580000,pedestrian,walking,unknown,1.858076,1.000000,0.625000,2.339234,1.739234,0.000000,0.000000,0.000000,0.000000,0.935569,0.935569,0.000000,1.739234,0.803665,0.803665,0.803665,0.000000,horizon_mpc_secbf,8,0.061034,true,osqp,optimal,75,3.767304,0,-0.132375,geometric,false,0.750000,0.000000,0.735589,-0.000000,,,0.735589,0.000001,0.281830,3.791729
crossing,context_ext,EESM-MPC-ECBF,4,0.400,-1.718170,-0.250000,0.735589,-0.000000,-0.000000,0.100000,-1.568000,0.000000,0.580000,pedestrian,walking,unknown,1.758194,1.000000,0.625000,2.245633,1.645633,0.000000,0.000000,0.000000,0.000000,0.935432,0.935432,0.000000,1.645633,0.710201,0.710201,0.710201,0.000046,horizon_mpc_secbf,8,-0.000046,true,osqp,optimal,50,2.872865,0,-0.197246,geometric,false,0.750000,0.000000,0.716511,0.022218,,,0.716855,0.029285,0.353515,3.718170
crossing,context_ext,EESM-MPC-ECBF,5,0.500,-1.646519,-0.247778,0.716511,0.022218,0.030999,0.100000,-1.510000,0.000000,0.580000,pedestrian,walking,unknown,1.713473,1.000000,0.625000,2.154886,1.554886,0.000000,0.000000,0.000000,0.000000,0.907026,0.907026,0.000000,1.554886,0.647859,0.647859,0.647859,0.000117,horizon_mpc_secbf,8,-0.000117,true,osqp,optimal,50,3.288189,0,-0.196279,geometric,false,0.750000,-0.000457,0.665841,0.059989,,,0.668538,0.063198,0.420369,3.646520
crossing,context_ext,EESM-MPC-ECBF,6,0.600,-1.579935,-0.241780,0.665841,0.059989,0.089852,0.100000,-1.452000,0.000000,0.580000,pedestrian,walking,unknown,1.741828,1.000000,0.625000,2.070463,1.470463,0.000000,0.000000,0.000000,0.000000,0.843770,0.843770,0.000000,1.470463,0.626693,0.626693,0.626693,0.000133,horizon_mpc_secbf,8,-0.000133,true,osqp,optimal,50,4.471709,0,-0.193669,geometric,false,0.749998,-0.001722,0.646533,0.073754,,,0.650727,0.023712,0.485442,3.579945
crossing,context_ext,EESM-MPC-ECBF,7,0.700,-1.515282,-0.234404,0.646533,0.073754,0.113585,0.100000,-1.394000,0.000000,0.580000,pedestrian,walking,unknown,1.692284,1.000000,0.625000,1.988416,1.388416,0.000000,0.000000,0.000000,0.000000,0.819938,0.819938,0.000000,1.388416,0.568478,0.568478,0.568478,0.000196,horizon_mpc_secbf,8,-0.000196,true,osqp,optimal,50,3.921344,0,-0.195571,geometric,false,0.749993,-0.003327,0.601159,0.106908,,,0.610591,0.056196,0.546501,3.515316
crossing,context_ext,EESM-MPC-ECBF,8,0.800,-1.455166,-0.223713,0.601159,0.106908,0.175996,0.100000,-1.336000,0.000000,0.580000,pedestrian,walking,unknown,1.716857,1.000000,0.625000,1.911994,1.311994,0.000000,0.000000,0.000000,0.000000,0.763648,0.763648,0.000000,1.311994,0.548346,0.548346,0.548346,0.000209,horizon_mpc_secbf,8,-0.000209,true,osqp,optimal,50,2.940209,0,-0.194385,geometric,false,0.749978,-0.005706,0.585068,0.120927,,,0.597435,0.021341,0.606244,3.455266
crossing,context_ext,EESM-MPC-ECBF,9,0.900,-1.396659,-0.211621,0.585068,0.120927,0.203819,0.100000,-1.278000,0.000000,0.580000,pedestrian,walking,unknown,1.666087,1.000000,0.625000,1.837703,1.237703,0.000000,0.000000,0.000000,0.000000,0.742341,0.742341,0.000000,1.237703,0.495363,0.495363,0.495363,0.000265,horizon_mpc_secbf,8,-0.000265,true,osqp,optimal,50,2.796765,0,-0.190752,geometric,false,0.749952,-0.008474,0.546114,0.163622,,,0.570099,0.057796,0.663254,3.396876
crossing,context_ext,EESM-MPC-ECBF,10,1.000,-1.342048,-0.195258,0.546114,0.163622,0.291101,0.100000,-1.220000,0.000000,0.580000,cyclist,crossing,distracted,1.703306,1.000000,0.625000,1.769067,1.169067,0.000000,0.000000,0.000000,0.000000,0.686106,0.686106,0.000000,1.169067,0.482961,0.482961,0.482961,0.000269,horizon_mpc_secbf,8,-0.000269,true,osqp,optimal,50,2.982292,0,-0.182668,geometric,false,0.749899,-0.012283,0.537534,0.186859,,,0.569087,0.024770,0.720163,3.342496
crossing,context_ext,EESM-MPC-ECBF,11,1.100,-1.288294,-0.176573,0.537534,0.186859,0.334556,0.100000,-1.162000,0.000000,0.580000,cyclist,crossing,distracted,1.655637,1.000000,0.625000,1.702477,1.102477,0.000000,0.000000,0.000000,0.000000,0.665850,0.665850,0.000000,1.102477,0.436627,0.436627,0.436627,0.000318,horizon_mpc_secbf,8,-0.000318,true,osqp,optimal,50,2.956721,0,-0.177875,geometric,false,0.749813,-0.016743,0.504754,0.228913,,,0.554236,0.053321,0.775586,3.289114
crossing,context_ext,EESM-MPC-ECBF,12,1.200,-1.237819,-0.153681,0.504754,0.228913,0.425773,0.100000,-1.104000,0.000000,0.580000,cyclist,crossing,distracted,1.693176,1.000000,0.625000,1.640995,1.040995,0.000000,0.000000,0.000000,0.000000,0.614800,0.614800,0.000000,1.040995,0.426195,0.426195,0.426195,0.000321,horizon_mpc_secbf,8,-0.000321,true,osqp,optimal,50,3.564183,0,-0.170669,geometric,false,0.749668,-0.022301,0.497740,0.249486,,,0.556766,0.021736,0.831263,3.239251
crossing,context_ext,EESM-MPC-ECBF,13,1.300,-1.188045,-0.128733,0.497740,0.249486,0.464637,0.100000,-1.046000,0.000000,0.580000,cyclist,crossing,distracted,1.643232,1.000000,0.625000,1.581278,0.981278,0.000000,0.000000,0.000000,0.000000,0.596970,0.596970,0.000000,0.981278,0.384308,0.384308,0.384308,0.000367,horizon_mpc_secbf,8,-0.000367,true,osqp,optimal,50,2.909746,0,-0.166598,geometric,false,0.749458,-0.028508,0.468551,0.287609,,,0.549780,0.048014,0.886241,3.190351
crossing,context_ext,EESM-MPC-ECBF,14,1.400,-1.141190,-0.099972,0.468551,0.287609,0.550524,0.100000,-0.988000,0.000000,0.580000,cyclist,crossing,distracted,1.680259,1.000000,0.625000,1.526154,0.926154,0.000000,0.000000,0.000000,0.000000,0.550575,0.550575,0.000000,0.926154,0.375579,0.375579,0.375579,0.000371,horizon_mpc_secbf,8,-0.000371,true,osqp,optimal,50,3.580461,0,-0.160319,geometric,false,0.749146,-0.035780,0.463030,0.305547,,,0.554757,0.018769,0.941717,3.144771
crossing,context_ext,EESM-MPC-ECBF,15,1.500,-1.094887,-0.069417,0.463030,0.305547,0.583294,0.100000,-0.930000,0.000000,0.580000,cyclist,crossing,distracted,1.627494,1.000000,0.625000,1.472535,0.872535,0.000000,0.000000,0.000000,0.000000,0.534897,0.534897,0.000000,0.872535,0.337637,0.337637,0.337637,0.000413,horizon_mpc_secbf,8,-0.000413,true,osqp,optimal,50,3.384397,0,-0.157058,geometric,false,0.748727,-0.043687,0.437712,0.340571,,,0.554599,0.043217,0.997177,3.100151
crossing,context_ext,EESM-MPC-ECBF,16,1.600,-1.051116,-0.035360,0.437712,0.340571,0.661227,0.100000,-0.872000,0.000000,0.580000,cyclist,crossing,distracted,1.663247,1.000000,0.625000,1.423037,0.823037,0.000000,0.000000,0.000000,0.000000,0.492657,0.492657,0.000000,0.823037,0.330380,0.330380,0.330380,0.000417,horizon_mpc_secbf,8,-0.000417,true,osqp,optimal,50,4.368735,0,-0.151800,geometric,false,0.748151,-0.052631,0.434260,0.356642,,,0.561938,0.016437,1.053370,3.058656
crossing,context_ext,EESM-MPC-ECBF,17,1.700,-1.007690,0.000304,0.434260,0.356642,0.687573,0.100000,-0.814000,0.000000,0.580000,cyclist,crossing,distracted,1.606848,1.000000,0.625000,1.374798,0.774798,0.000000,0.000000,0.000000,0.000000,0.478848,0.478848,0.000000,0.774798,0.295950,0.295950,0.295950,0.000457,horizon_mpc_secbf,8,-0.000457,true,osqp,optimal,50,3.121167,0,-0.149538,geometric,false,0.747416,-0.062201,0.413485,0.389567,,,0.568095,0.038931,1.110180,3.018087
crossing,context_ext,EESM-MPC-ECBF,18,1.800,-0.966341,0.039261,0.413485,0.389567,0.755623,0.100000,-0.756000,0.000000,0.580000,cyclist,crossing,distracted,1.639852,1.000000,0.625000,1.330235,0.730235,0.000000,0.000000,0.000000,0.000000,0.440269,0.440269,0.000000,0.730235,0.289965,0.289965,0.289965,0.000461,horizon_mpc_secbf,8,-0.000461,true,osqp,optimal,50,3.090160,0,-0.145541,geometric,false,0.746459,-0.072791,0.413065,0.404623,,,0.578223,0.015062,1.168002,2.980412
crossing,context_ext,EESM-MPC-ECBF,19,1.900,-0.925035,0.079723,0.413065,0.404623,0.775074,0.100000,-0.698000,0.000000,0.580000,cyclist,crossing,distracted,1.578313,1.000000,0.625000,1.286682,0.686682,0.000000,0.000000,0.000000,0.000000,0.428004,0.428004,0.000000,0.686682,0.258678,0.258678,0.258678,0.000498,horizon_mpc_secbf,8,-0.000498,true,osqp,optimal,50,2.851250,0,-0.144690,geometric,false,0.745280,-0.084011,0.398106,0.436537,,,0.590807,0.035246,1.227083,2.943560
crossing,context_ext,EESM-MPC-ECBF,20,2.000,-0.885224,0.123377,0.398106,0.436537,0.831411,0.100000,-0.640000,0.000000,0.580000,cyclist,crossing,distracted,1.605604,1.000000,0.625000,1.246359,0.646359,0.000000,0.000000,0.000000,0.000000,0.392543,0.392543,0.000000,0.646359,0.253816,0.253816,0.253816,0.000502,horizon_mpc_secbf,8,-0.000502,true,osqp,optimal,50,3.300570,0,-0.142505,geometric,false,0.743798,-0.096255,0.402444,0.451510,,,0.604832,0.015588,1.287566,2.909283
crossing,context_ext,EESM-MPC-ECBF,21,2.100,-0.844980,0.168528,0.402444,0.451510,0.842793,0.100000,-0.582000,0.000000,0.580000,cyclist,crossing,distracted,1.535902,1.000000,0.625000,1.206764,0.606764,0.000000,0.000000,0.000000,0.000000,0.381369,0.381369,0.000000,0.606764,0.225395,0.225395,0.225395,0.000536,horizon_mpc_secbf,8,-0.000536,true,osqp,optimal,50,3.916796,0,-0.143967,geometric,false,0.742014,-0.109158,0.395771,0.483555,,,0.624868,0.032733,1.350053,2.875600
crossing,context_ext,EESM-MPC-ECBF,22,2.200,-0.805403,0.216884,0.395771,0.483555,0.884900,0.100000,-0.524000,0.000000,0.580000,cyclist,crossing,distracted,1.551290,1.000000,0.625000,1.169899,0.569899,0.000000,0.000000,0.000000,0.000000,0.348299,0.348299,0.000000,0.569899,0.221600,0.221600,0.221600,0.000540,horizon_mpc_secbf,8,-0.000538,true,osqp,optimal,50,3.076631,0,-0.143848,geometric,false,0.739825,-0.123124,0.407526,0.500103,,,0.645120,0.020298,1.414565,2.843988
crossing,context_ext,EESM-MPC-ECBF,23,2.300,-0.764650,0.266894,0.407526,0.500103,0.887046,0.100000,-0.466000,0.000000,0.580000,cyclist,crossing,distracted,1.471496,1.000000,0.625000,1.133470,0.533470,0.000000,0.000000,0.000000,0.000000,0.336370,0.336370,0.000000,0.533470,0.197100,0.197100,0.197100,0.000577,horizon_mpc_secbf,8,-0.000504,true,osqp,optimal,50,4.449743,0,-0.143465,geometric,false,0.737225,-0.137836,0.411023,0.537316,,,0.676497,0.037377,1.482215,2.812556
crossing,context_ext,EESM-MPC-ECBF,24,2.400,-0.723548,0.320625,0.411023,0.537316,0.917792,0.100000,-0.408000,0.000000,0.580000,cyclist,crossing,distracted,1.486386,1.000000,0.625000,1.099603,0.499603,0.000000,0.000000,0.000000,0.000000,0.299170,0.299170,0.000000,0.499603,0.200433,0.200433,0.200433,0.000578,horizon_mpc_secbf,8,-0.000324,true,osqp,optimal,125,3.815127,0,-0.142613,geometric,false,0.734062,-0.153797,0.436985,0.555335,,,0.706649,0.031602,1.552880,2.782683
crossing,context_ext,EESM-MPC-ECBF,25,2.500,-0.679849,0.376159,0.436985,0.555335,0.904103,0.100000,-0.350000,0.000000,0.580000,cyclist,crossing,distracted,1.383133,1.000000,0.625000,1.065585,0.465585,0.000000,0.000000,0.000000,0.000000,0.284785,0.284785,0.000000,0.465585,0.180800,0.180800,0.180800,0.000631,horizon_mpc_secbf,8,0.001074,true,osqp,optimal,350,5.284052,0,-0.131461,geometric,false,0.730329,-0.170645,0.443324,0.596956,,,0.743568,0.042101,1.627236,2.752030
crossing,context_ext,EESM-MPC-ECBF,26,2.600,-0.635517,0.435854,0.443324,0.596956,0.932021,0.100000,-0.292000,0.000000,0.580000,cyclist,crossing,distracted,1.434008,1.000000,0.625000,1.034774,0.434774,0.000000,0.000000,0.000000,0.000000,0.234700,0.234700,0.000000,0.434774,0.200074,0.200074,0.200074,0.000601,horizon_mpc_secbf,8,0.003379,true,osqp,optimal,350,4.379475,0,-0.145324,geometric,false,0.725825,-0.188885,0.473597,0.566683,,,0.738528,0.042812,1.701089,2.723297
crossing,context_ext,EESM-MPC-ECBF,27,2.700,-0.588157,0.492523,0.473597,0.566683,0.874643,0.100000,-0.234000,0.000000,0.580000,cyclist,crossing,distracted,1.194864,1.000000,0.625000,1.000698,0.400698,0.000000,0.000000,0.000000,0.000000,0.255916,0.255916,0.000000,0.400698,0.144781,0.144781,0.144781,0.000895,horizon_mpc_secbf,8,0.017333,true,osqp,optimal,325,4.441270,0,-0.107886,geometric,false,0.720918,-0.206826,0.415347,0.624161,,,0.749727,0.081834,1.776062,2.692564
crossing,context_ext,EESM-MPC-ECBF,28,2.800,-0.546623,0.554939,0.415347,0.624161,0.983637,0.100000,-0.176000,0.000000,0.580000,cyclist,crossing,distracted,1.552513,1.000000,0.625000,0.975906,0.375906,0.000000,0.000000,0.000000,0.000000,0.167037,0.167037,0.000000,0.375906,0.208869,0.208869,0.208869,0.000660,horizon_mpc_secbf,8,0.016845,true,osqp,optimal,350,4.855873,0,-0.138203,geometric,false,0.715127,-0.226038,0.490570,0.549710,,,0.736776,0.105837,1.849740,2.670808
crossing,context_ext,EESM-MPC-ECBF,29,2.900,-0.497566,0.609910,0.490570,0.549710,0.842188,0.100000,-0.118000,0.000000,0.580000,cyclist,crossing,distracted,1.021185,1.000000,0.625000,0.941774,0.341774,0.000000,0.000000,0.000000,0.000000,0.235996,0.235996,0.000000,0.341774,0.105777,0.105777,0.105777,0.009783,horizon_mpc_secbf,8,0.080072,true,osqp,optimal,3525,15.968600,0,0.053624,geometric,false,0.709145,-0.244158,0.239915,0.696821,,,0.736965,0.290636,1.923436,2.641454
crossing,context_ext,EESM-MPC-ECBF,30,3.000,-0.473574,0.679592,0.239915,0.696821,1.239209,0.100000,-0.060000,0.000000,0.580000,cyclist,crossing,distracted,6.139906,1.000000,0.625000,0.935940,0.335940,0.000000,0.000000,0.000000,0.000000,0.016826,0.016826,0.000000,0.335940,0.319114,0.319114,0.319114,0.000500,horizon_mpc_secbf,8,0.012792,true,osqp,optimal,475,5.960694,0,-0.154342,geometric,false,0.702060,-0.263841,0.597041,0.443240,,,0.743586,0.437998,1.997795,2.642482
crossing,context_ext,EESM-MPC-ECBF,31,3.100,-0.413870,0.723916,0.597041,0.443240,0.638616,0.100000,-0.002000,0.000000,0.580000,cyclist,crossing,distracted,0.633824,1.000000,0.625000,0.889391,0.289391,0.000000,0.000000,0.000000,0.000000,0.294393,0.294393,0.000000,0.289391,-0.005002,-0.005002,-0.005002,0.186172,horizon_mpc_secbf,8,-0.034990,true,osqp,optimal,2925,11.441217,0,0.105550,geometric,false,0.695523,-0.280620,0.275240,0.682190,,,0.735622,0.400816,2.071357,2.602937
crossing,context_ext,EESM-MPC-ECBF,32,3.200,-0.386346,0.792135,0.275240,0.682190,1.187307,0.100000,0.056000,0.000000,0.580000,cyclist,crossing,distracted,4.247481,1.000000,0.625000,0.882285,0.282285,0.000000,0.000000,0.000000,0.000000,0.017789,0.017789,0.000000,0.282285,0.264497,0.264497,0.264497,0.001072,horizon_mpc_secbf,8,0.059551,true,osqp,optimal,175,4.001228,0,-0.096851,geometric,false,0.687318,-0.300157,0.538731,0.501553,,,0.736062,0.319465,2.144963,2.603976
crossing,context_ext,EESM-MPC-ECBF,33,3.300,-0.332473,0.842290,0.538731,0.501553,0.749674,0.100000,0.114000,0.000000,0.580000,cyclist,crossing,distracted,0.721182,1.000000,0.625000,0.847018,0.247018,0.000000,0.000000,0.000000,0.000000,0.188545,0.188545,0.000000,0.247018,0.058473,0.058473,0.058473,0.177571,horizon_mpc_secbf,8,-0.002599,true,osqp,optimal,2325,12.153386,0,0.076699,geometric,false,0.679212,-0.318073,0.398320,0.631208,,,0.746379,0.191118,2.219601,2.575564
crossing,context_ext,EESM-MPC-ECBF,34,3.400,-0.292641,0.905411,0.398320,0.631208,1.007863,0.100000,0.172000,0.000000,0.580000,cyclist,crossing,distracted,1.623345,1.000000,0.625000,0.831901,0.231901,0.000000,0.000000,0.000000,0.000000,0.047261,0.047261,0.000000,0.231901,0.184640,0.184640,0.184640,0.062927,horizon_mpc_secbf,8,0.123315,true,osqp,optimal,2300,10.019688,0,0.089343,geometric,false,0.669755,-0.337533,0.416678,0.623602,,,0.750000,0.019871,2.294601,2.567329
crossing,context_ext,EESM-MPC-ECBF,35,3.500,-0.250973,0.967771,0.416678,0.623602,0.981748,0.100000,0.230000,0.000000,0.580000,cyclist,crossing,distracted,1.554154,1.000000,0.625000,0.817000,0.217000,0.000000,0.000000,0.000000,0.000000,0.032869,0.032869,0.000000,0.217000,0.184131,0.184131,0.184131,0.077380,horizon_mpc_secbf,8,0.137707,true,osqp,optimal,2975,12.418380,0,0.121884,geometric,false,0.659654,-0.356871,0.416679,0.623601,,,0.750000,0.000002,2.369601,2.559267
crossing,context_ext,EESM-MPC-ECBF,36,3.600,-0.209305,1.030131,0.416679,0.623601,0.981745,0.100000,0.288000,0.000000,0.580000,cyclist,crossing,distracted,1.699320,1.000000,0.625000,0.804008,0.204008,0.000000,0.000000,0.000000,0.000000,0.010973,0.010973,0.000000,0.204008,0.193035,0.193035,0.193035,0.064388,horizon_mpc_secbf,8,0.029215,true,osqp,optimal,2550,12.283981,0,-0.133230,geometric,false,0.648935,-0.376010,0.623601,0.416680,,,0.750000,0.292631,2.444601,2.553383
crossing,context_ext,EESM-MPC-ECBF,37,3.700,-0.146945,1.071799,0.623601,0.416680,0.589052,0.100000,0.346000,0.000000,0.580000,cyclist,crossing,distracted,0.468828,1.000000,0.625000,0.766659,0.166659,0.000000,0.000000,0.000000,0.000000,0.089716,0.089716,0.000000,0.166659,0.076943,0.076943,0.076943,0.167913,horizon_mpc_secbf,8,-0.025590,true,osqp,optimal,1925,8.568485,0,-0.025061,geometric,false,0.638664,-0.393203,0.556166,0.484117,,,0.737353,0.095369,2.518336,2.521215
crossing,context_ext,EESM-MPC-ECBF,38,3.800,-0.091329,1.120211,0.556166,0.484117,0.716250,0.100000,0.404000,0.000000,0.580000,cyclist,crossing,distracted,0.598396,1.000000,0.625000,0.741326,0.141326,0.000000,0.000000,0.000000,0.000000,0.021665,0.021665,0.000000,0.141326,0.119662,0.119662,0.119662,0.089556,horizon_mpc_secbf,8,0.023022,true,osqp,optimal,4250,18.118617,0,-0.109517,geometric,false,0.627342,-0.411026,0.623602,0.416677,,,0.750000,0.095372,2.593336,2.500227
crossing,context_ext,EESM-MPC-ECBF,39,3.900,-0.028968,1.161879,0.623602,0.416677,0.589048,0.100000,0.462000,0.000000,0.580000,cyclist,crossing,distracted,0.408080,1.000000,0.625000,0.711662,0.111662,0.000000,0.000000,0.000000,0.000000,0.000000,0.000000,0.000000,0.111662,0.129764,0.129764,0.111662,0.062143,horizon_mpc_secbf,8,0.044686,true,osqp,optimal,3425,15.064168,0,-0.099824,geometric,false,0.615619,-0.428385,0.623603,0.416676,,,0.750000,0.000001,2.668336,2.471865
crossing,context_ext,EESM-MPC-ECBF,40,4.000,0.033392,1.203546,0.623603,0.416676,0.589046,0.100000,0.520000,0.000000,0.580000,cyclist,crossing,distracted,0.389107,1.000000,0.625000,0.686784,0.086784,0.000000,0.000000,0.000000,0.000000,0.000000,0.000000,0.000000,0.086784,0.162152,0.162152,0.086784,0.035334,horizon_mpc_secbf,8,0.030096,true,osqp,optimal,4500,18.900831,0,-0.157284,geometric,false,0.603137,-0.445787,0.646152,0.362239,,,0.740763,0.058922,2.742413,2.445474
crossing,context_ext,EESM-MPC-ECBF,41,4.100,0.098007,1.239770,0.646152,0.362239,0.510953,0.100000,0.578000,0.000000,0.580000,cyclist,crossing,distracted,0.281164,1.000000,0.625000,0.661773,0.061773,0.000000,0.000000,0.000000,0.000000,0.000000,0.000000,0.000000,0.061773,0.182359,0.182359,0.061773,0.015215,horizon_mpc_secbf,8,0.022455,true,osqp,optimal,12700,45.886699,0,-0.168199,geometric,false,0.590440,-0.462473,0.656693,0.336790,,,0.738020,0.027546,2.816215,2.415987
crossing,context_ext,EESM-MPC-ECBF,42,4.200,0.163676,1.273449,0.656693,0.336790,0.473880,0.100000,0.636000,0.000000,0.580000,cyclist,crossing,distracted,0.229851,1.000000,0.625000,0.640622,0.040622,0.000000,0.000000,0.000000,0.000000,0.000000,0.000000,0.000000,0.040622,0.221193,0.221193,0.040622,0.002173,horizon_mpc_secbf,8,0.009660,true,osqp,optimal,1675,8.511669,0,-0.189117,geometric,false,0.577219,-0.478872,0.680658,0.278941,,,0.735597,0.062616,2.889774,2.385997
crossing,context_ext,EESM-MPC-ECBF,43,4.300,0.231742,1.301343,0.680658,0.278941,0.388935,0.100000,0.694000,0.000000,0.580000,cyclist,crossing,distracted,0.143188,1.000000,0.625000,0.621468,0.021468,0.000000,0.000000,0.000000,0.000000,0.000000,0.000000,0.000000,0.021468,0.268219,0.268219,0.021468,0.000680,horizon_mpc_secbf,8,0.001919,true,osqp,optimal,350,5.058052,0,-0.171455,geometric,false,0.563781,-0.494622,0.701005,0.229836,,,0.737722,0.053154,2.963546,2.352318
crossing,context_ext,EESM-MPC-ECBF,44,4.400,0.301843,1.324327,0.701005,0.229836,0.316822,0.100000,0.752000,0.000000,0.580000,cyclist,crossing,distracted,0.070831,1.000000,0.625000,0.606876,0.006876,0.000000,0.000000,0.000000,0.000000,0.000000,0.000000,0.000000,0.006876,0.329780,0.329780,0.006876,0.000541,horizon_mpc_secbf,8,0.000289,true,osqp,optimal,375,4.835626,0,-0.111639,geometric,false,0.550004,-0.509898,0.712284,0.202556,,,0.740525,0.029520,3.037599,2.315652
crossing,context_ext,EESM-MPC-ECBF,45,4.500,0.373071,1.344583,0.712284,0.202556,0.277061,0.100000,0.810000,0.000000,0.580000,cyclist,crossing,distracted,0.023834,1.000000,0.625000,0.600289,0.000289,0.000000,0.000000,0.000000,0.000000,0.000000,0.000000,0.000000,0.000289,0.397807,0.397807,0.000289,0.000337,horizon_mpc_secbf,8,0.000139,true,osqp,optimal,200,4.426387,0,-0.062559,geometric,false,0.535628,-0.524979,0.735588,0.133302,,,0.747569,0.073069,3.112356,2.278067
crossing,context_ext,EESM-MPC-ECBF,46,4.600,0.446630,1.357913,0.735588,0.133302,0.179273,0.100000,0.868000,0.000000,0.580000,cyclist,crossing,distracted,,0.000000,0.625000,0.600139,0.000139,0.000000,0.000000,0.000000,0.000000,0.000000,0.000000,0.000000,0.000139,0.000139,0.000139,0.000139,0.000338,horizon_mpc_secbf,8,-0.000172,true,osqp,optimal,150,4.212626,0,-0.079590,geometric,false,0.521103,-0.539400,0.735595,-0.038540,,,0.736604,0.171842,3.186016,2.235697
crossing,context_ext,EESM-MPC-ECBF,47,4.700,0.520190,1.354059,0.735595,-0.038540,-0.052345,0.100000,0.926000,0.000000,0.580000,cyclist,crossing,distracted,,0.000000,0.625000,0.599828,-0.000172,0.000000,0.000000,0.000000,0.000000,0.000000,0.000000,0.000000,-0.000172,-0.000172,-0.000172,-0.000172,0.000014,horizon_mpc_secbf,8,-0.000001,true,osqp,optimal,75,3.624788,0,-0.094746,geometric,false,0.508551,-0.551250,0.697807,-0.237523,,,0.737124,0.202539,3.259729,2.182394
crossing,context_ext,EESM-MPC-ECBF,48,4.800,0.589970,1.330307,0.697807,-0.237523,-0.328084,0.100000,0.984000,0.000000,0.580000,cyclist,crossing,distracted,,0.000000,0.625000,0.599999,-0.000001,0.000000,0.000000,0.000000,0.000000,0.000000,0.000000,0.000000,-0.000001,-0.000001,-0.000001,-0.000001,0.000000,horizon_mpc_secbf,8,0.014887,true,osqp,optimal,75,3.133726,1,0.049517,geometric,false,0.499323,-0.559622,0.675880,-0.290473,,,0.735655,0.057310,3.333294,2.117912
crossing,context_ext,EESM-MPC-ECBF,49,4.900,0.657558,1.301259,0.675880,-0.290473,-0.405904,0.100000,1.042000,0.000000,0.580000,cyclist,crossing,distracted,,0.000000,0.625000,0.614887,0.014887,0.000000,0.000000,0.000000,0.000000,0.000000,0.000000,0.000000,0.014887,0.014887,0.014887,0.014887,0.000000,horizon_mpc_secbf,8,0.046785,true,osqp,optimal,75,3.697504,0,0.240931,geometric,false,0.490784,-0.567125,0.665594,-0.315303,,,0.736499,0.026877,3.406944,2.051476
crossing,context_ext,EESM-MPC-ECBF,50,5.000,0.724118,1.269729,0.665594,-0.315303,-0.442401,0.100000,1.100000,0.000000,0.580000,cyclist,crossing,distracted,,0.000000,0.625000,0.646785,0.046785,0.000000,0.000000,0.000000,0.000000,0.000000,0.000000,0.000000,0.046785,0.046785,0.046785,0.046785,0.000000,horizon_mpc_secbf,8,0.094133,true,osqp,optimal,75,3.716073,0,0.439172,geometric,false,0.482241,-0.574407,0.656250,-0.337858,,,0.738114,0.024413,3.480756,1.984301
crossing,context_ext,EESM-MPC-ECBF,51,5.100,0.789743,1.235943,0.656250,-0.337858,-0.475442,0.100000,1.158000,0.000000,0.580000,cyclist,crossing,distracted,,0.000000,0.625000,0.694133,0.094133,0.000000,0.000000,0.000000,0.000000,0.000000,0.000000,0.000000,0.094133,0.094133,0.094133,0.094133,0.000000,horizon_mpc_secbf,8,0.154532,true,osqp,optimal,75,4.545361,0,0.630379,geometric,false,0.473634,-0.581524,0.646138,-0.362267,,,0.740765,0.026421,3.554832,1.916442
crossing,context_ext,EESM-MPC-ECBF,52,5.200,0.854356,1.199716,0.646138,-0.362267,-0.510994,0.100000,1.216000,0.000000,0.580000,cyclist,crossing,distracted,,0.000000,0.625000,0.754532,0.154532,0.000000,0.000000,0.000000,0.000000,0.000000,0.000000,0.000000,0.154532,0.154532,0.154532,0.154532,0.000000,horizon_mpc_secbf,8,0.225663,true,osqp,optimal,75,4.729981,0,0.810446,geometric,false,0.465016,-0.588439,0.635154,-0.388791,,,0.744701,0.028709,3.629302,1.847749
crossing,context_ext,EESM-MPC-ECBF,53,5.300,0.917872,1.160837,0.635154,-0.388791,-0.549285,0.100000,1.274000,0.000000,0.580000,cyclist,crossing,distracted,,0.000000,0.625000,0.825663,0.225663,0.000000,0.000000,0.000000,0.000000,0.000000,0.000000,0.000000,0.225663,0.225663,0.225663,0.225663,0.000000,horizon_mpc_secbf,8,0.305415,true,osqp,optimal,75,4.612426,0,0.978176,geometric,false,0.456453,-0.595106,0.621844,-0.416211,,,0.748279,0.030479,3.704130,1.778050
crossing,context_ext,EESM-MPC-ECBF,54,5.400,0.980056,1.119216,0.621844,-0.416211,-0.589835,0.100000,1.332000,0.000000,0.580000,cyclist,crossing,distracted,,0.000000,0.625000,0.905415,0.305415,0.000000,0.000000,0.000000,0.000000,0.000000,0.000000,0.000000,0.305415,0.305415,0.305415,0.305415,0.000000,horizon_mpc_secbf,8,0.391384,true,osqp,optimal,100,4.380728,0,1.128567,geometric,false,0.448039,-0.601466,0.600242,-0.440037,,,0.744260,0.032161,3.778556,1.707348
crossing,context_ext,EESM-MPC-ECBF,55,5.500,1.040080,1.075212,0.600242,-0.440037,-0.632597,0.100000,1.390000,0.000000,0.580000,cyclist,crossing,distracted,,0.000000,0.625000,0.991384,0.391384,0.000000,0.000000,0.000000,0.000000,0.000000,0.000000,0.000000,0.391384,0.391384,0.391384,0.391384,0.000000,horizon_mpc_secbf,8,0.482200,true,osqp,optimal,100,4.170840,0,1.269423,geometric,false,0.439967,-0.607395,0.576417,-0.463863,,,0.739882,0.033694,3.852544,1.636348
crossing,context_ext,EESM-MPC-ECBF,56,5.600,1.097722,1.028826,0.576417,-0.463863,-0.677622,0.100000,1.448000,0.000000,0.580000,cyclist,crossing,distracted,,0.000000,0.625000,1.082200,0.482200,0.000000,0.000000,0.000000,0.000000,0.000000,0.000000,0.000000,0.482200,0.482200,0.482200,0.482200,0.000000,horizon_mpc_secbf,8,0.576995,true,osqp,optimal,100,5.112059,0,1.404864,geometric,false,0.432377,-0.612821,0.551945,-0.488337,,,0.736965,0.034610,3.926241,1.565088
crossing,context_ext,EESM-MPC-ECBF,57,5.700,1.152917,0.979992,0.551945,-0.488337,-0.724329,0.100000,1.506000,0.000000,0.580000,cyclist,crossing,distracted,,0.000000,0.625000,1.176995,0.576995,0.000000,0.000000,0.000000,0.000000,0.000000,0.000000,0.000000,0.576995,0.576995,0.576995,0.576995,0.000000,horizon_mpc_secbf,8,0.675167,true,osqp,optimal,100,3.672483,0,1.537085,geometric,false,0.425396,-0.617688,0.527111,-0.513174,,,0.735658,0.035123,3.999807,1.493463
crossing,context_ext,EESM-MPC-ECBF,58,5.800,1.205628,0.928675,0.527111,-0.513174,-0.772002,0.100000,1.564000,0.000000,0.580000,cyclist,crossing,distracted,,0.000000,0.625000,1.275167,0.675167,0.000000,0.000000,0.000000,0.000000,0.000000,0.000000,0.000000,0.675167,0.675167,0.675167,0.675167,0.000000,horizon_mpc_secbf,8,0.776296,true,osqp,optimal,125,4.545616,0,1.667646,geometric,false,0.419157,-0.621938,0.502163,-0.538123,,,0.736032,0.035282,4.073410,1.421373
crossing,context_ext,EESM-MPC-ECBF,59,5.900,1.255844,0.874863,0.502163,-0.538123,-0.819951,0.100000,1.622000,0.000000,0.580000,cyclist,crossing,distracted,,0.000000,0.625000,1.376296,0.776296,0.000000,0.000000,0.000000,0.000000,0.000000,0.000000,0.000000,0.776296,0.776296,0.776296,0.776296,0.000000,horizon_mpc_secbf,8,0.880089,true,osqp,optimal,75,5.584735,0,1.797633,geometric,false,0.413808,-0.625510,0.477350,-0.562922,,,0.738068,0.035082,4.147217,1.348734
crossing,context_ext,EESM-MPC-ECBF,60,6.000,1.303579,0.818571,0.477350,-0.562922,-0.867473,0.100000,1.680000,0.000000,0.580000,cyclist,crossing,distracted,,0.000000,0.625000,1.480089,0.880089,0.000000,0.000000,0.000000,0.000000,0.000000,0.000000,0.000000,0.880089,0.880089,0.880089,0.880089,0.000000,horizon_mpc_secbf,8,0.986345,true,osqp,optimal,75,3.136124,0,1.927834,geometric,false,0.409506,-0.628335,0.453013,-0.587268,,,0.741690,0.034424,4.221386,1.275478
crossing,context_ext,EESM-MPC-ECBF,61,6.100,1.348880,0.759844,0.453013,-0.587268,-0.913746,0.100000,1.738000,0.000000,0.580000,cyclist,crossing,distracted,,0.000000,0.625000,1.586345,0.986345,0.000000,0.000000,0.000000,0.000000,0.000000,0.000000,0.000000,0.986345,0.986345,0.986345,0.986345,0.000000,horizon_mpc_secbf,8,1.094923,true,osqp,optimal,100,4.385444,0,2.058787,geometric,false,0.406422,-0.630334,0.429866,-0.610415,,,0.746587,0.032735,4.296044,1.201558
crossing,context_ext,EESM-MPC-ECBF,62,6.200,1.391867,0.698802,0.429866,-0.610415,-0.957245,0.100000,1.796000,0.000000,0.580000,cyclist,crossing,distracted,,0.000000,0.625000,1.694923,1.094923,0.000000,0.000000,0.000000,0.000000,0.000000,0.000000,0.000000,1.094923,1.094923,1.094923,1.094923,0.000000,horizon_mpc_secbf,8,1.205390,true,osqp,optimal,100,4.140530,0,2.187696,geometric,false,0.404715,-0.631432,0.408657,-0.626925,,,0.748355,0.026877,4.370880,1.126966
crossing,context_ext,EESM-MPC-ECBF,63,6.300,1.432733,0.636110,0.408657,-0.626925,-0.993126,0.100000,1.854000,0.000000,0.580000,cyclist,crossing,distracted,,0.000000,0.625000,1.805390,1.205390,0.000000,0.000000,0.000000,0.000000,0.000000,0.000000,0.000000,1.205390,1.205390,1.205390,1.205390,0.000000,horizon_mpc_secbf,8,1.317773,true,osqp,optimal,100,4.078235,0,2.319208,geometric,false,0.404370,-0.631653,0.404241,-0.628755,,,0.747491,0.004780,4.445629,1.052132
crossing,context_ext,EESM-MPC-ECBF,64,6.400,1.473157,0.573234,0.404241,-0.628755,-0.999412,0.100000,1.912000,0.000000,0.580000,cyclist,crossing,distracted,,0.000000,0.625000,1.917773,1.317773,0.000000,0.000000,0.000000,0.000000,0.000000,0.000000,0.000000,1.317773,1.317773,1.317773,1.317773,0.000000,horizon_mpc_secbf,8,1.431902,true,osqp,optimal,100,3.080680,0,2.450668,geometric,false,0.404276,-0.631713,0.403399,-0.629103,,,0.747330,0.000911,4.520362,0.977384
crossing,context_ext,EESM-MPC-ECBF,65,6.500,1.513497,0.510324,0.403399,-0.629103,-1.000612,0.100000,1.970000,0.000000,0.580000,cyclist,crossing,distracted,,0.000000,0.625000,2.031902,1.431902,0.000000,0.000000,0.000000,0.000000,0.000000,0.000000,0.000000,1.431902,1.431902,1.431902,1.431902,0.000000,horizon_mpc_secbf,8,1.547525,true,osqp,optimal,100,3.329364,0,2.581048,geometric,false,0.404229,-0.631743,0.403213,-0.629180,,,0.747294,0.000202,4.595091,0.902651
crossing,context_ext,EESM-MPC-ECBF,66,6.600,1.553818,0.447406,0.403213,-0.629180,-1.000877,0.100000,2.028000,0.000000,0.580000,cyclist,crossing,distracted,,0.000000,0.625000,2.147525,1.547525,0.000000,0.000000,0.000000,0.000000,0.000000,0.000000,0.000000,1.547525,1.547525,1.547525,1.547525,0.000000,horizon_mpc_secbf,8,1.664417,true,osqp,optimal,100,3.763625,0,2.710430,geometric,false,0.404189,-0.631768,0.403145,-0.629208,,,0.747281,0.000073,4.669819,0.827921
crossing,context_ext,EESM-MPC-ECBF,67,6.700,1.594132,0.384485,0.403145,-0.629208,-1.000974,0.100000,2.086000,0.000000,0.580000,cyclist,crossing,distracted,,0.000000,0.625000,2.264417,1.664417,0.000000,0.000000,0.000000,0.000000,0.000000,0.000000,0.000000,1.664417,1.664417,1.664417,1.664417,0.000000,horizon_mpc_secbf,8,1.782392,true,osqp,optimal,75,4.601188,0,2.839023,geometric,false,0.404147,-0.631795,0.403097,-0.629226,,,0.747270,0.000051,4.744546,0.753193
crossing,context_ext,EESM-MPC-ECBF,68,6.800,1.634442,0.321562,0.403097,-0.629226,-1.001041,0.100000,2.144000,0.000000,0.580000,cyclist,crossing,distracted,,0.000000,0.625000,2.382392,1.782392,0.000000,0.000000,0.000000,0.000000,0.000000,0.000000,0.000000,1.782392,1.782392,1.782392,1.782392,0.000000,horizon_mpc_secbf,8,1.901296,true,osqp,optimal,75,2.934619,0,2.967011,geometric,false,0.404100,-0.631825,0.403047,-0.629246,,,0.747260,0.000054,4.819272,0.678466
crossing,context_ext,EESM-MPC-ECBF,69,6.900,1.674747,0.258638,0.403047,-0.629246,-1.001112,0.100000,2.202000,0.000000,0.580000,cyclist,crossing,distracted,,0.000000,0.625000,2.501296,1.901296,0.000000,0.000000,0.000000,0.000000,0.000000,0.000000,0.000000,1.901296,1.901296,1.901296,1.901296,0.000000,horizon_mpc_secbf,8,2.021004,true,osqp,optimal,75,3.025129,0,3.094539,geometric,false,0.404048,-0.631859,0.402990,-0.629268,,,0.747248,0.000061,4.893997,0.603740
crossing,context_ext,EESM-MPC-ECBF,70,7.000,1.715046,0.195711,0.402990,-0.629268,-1.001191,0.100000,2.260000,0.000000,0.580000,cyclist,crossing,distracted,,0.000000,0.625000,2.621004,2.021004,0.000000,0.000000,0.000000,0.000000,0.000000,0.000000,0.000000,2.021004,2.021004,2.021004,2.021004,0.000000,horizon_mpc_secbf,8,2.141409,true,osqp,optimal,75,3.361781,0,3.221718,geometric,false,0.403988,-0.631897,0.402926,-0.629294,,,0.747235,0.000069,4.968721,0.529015
crossing,context_ext,EESM-MPC-ECBF,71,7.100,1.755338,0.132782,0.402926,-0.629294,-1.001282,0.100000,2.318000,0.000000,0.580000,cyclist,crossing,distracted,,0.000000,0.625000,2.741409,2.141409,0.000000,0.000000,0.000000,0.000000,0.000000,0.000000,0.000000,2.141409,2.141409,2.141409,2.141409,0.000000,horizon_mpc_secbf,8,2.262424,true,osqp,optimal,75,3.071263,0,3.348632,geometric,false,0.403917,-0.631942,0.402852,-0.629324,,,0.747220,0.000081,5.043443,0.454292
crossing,context_ext,EESM-MPC-ECBF,72,7.200,1.795624,0.069849,0.402852,-0.629324,-1.001388,0.100000,2.376000,0.000000,0.580000,cyclist,crossing,distracted,,0.000000,0.625000,2.862424,2.262424,0.000000,0.000000,0.000000,0.000000,0.000000,0.000000,0.000000,2.262424,2.262424,2.262424,2.262424,0.000000,horizon_mpc_secbf,8,2.383974,true,osqp,optimal,75,4.199624,0,3.475347,geometric,false,0.403831,-0.631997,0.402762,-0.629360,,,0.747203,0.000097,5.118163,0.379570
crossing,context_ext,EESM-MPC-ECBF,73,7.300,1.835900,0.006913,0.402762,-0.629360,-1.001515,0.100000,2.434000,0.000000,0.580000,cyclist,crossing,distracted,,0.000000,0.625000,2.983974,2.383974,0.000000,0.000000,0.000000,0.000000,0.000000,0.000000,0.000000,2.383974,2.383974,2.383974,2.383974,0.000000,horizon_mpc_secbf,8,2.505995,true,osqp,optimal,75,4.526621,0,3.601911,geometric,false,0.403724,-0.632066,0.402650,-0.629406,,,0.747181,0.000121,5.192881,0.304850
crossing,context_ext,EESM-MPC-ECBF,74,7.400,1.876165,-0.056027,0.402650,-0.629406,-1.001674,0.100000,2.492000,0.000000,0.580000,cyclist,crossing,distracted,,0.000000,0.625000,3.105995,2.505995,0.000000,0.000000,0.000000,0.000000,0.000000,0.000000,0.000000,2.505995,2.505995,2.505995,2.505995,0.000000,horizon_mpc_secbf,8,2.628434,true,osqp,optimal,75,4.431246,0,3.728362,geometric,false,0.403579,-0.632158,0.402502,-0.629468,,,0.747153,0.000161,5.267596,0.230132
crossing,context_ext,EESM-MPC-ECBF,75,7.500,1.916415,-0.118974,0.402502,-0.629468,-1.001886,0.100000,2.550000,0.000000,0.580000,cyclist,crossing,distracted,,0.000000,0.625000,3.228434,2.628434,0.000000,0.000000,0.000000,0.000000,0.000000,0.000000,0.000000,2.628434,2.628434,2.628434,2.628434,0.000000,horizon_mpc_secbf,8,2.751243,true,osqp,optimal,75,4.790443,0,3.854722,geometric,false,0.403360,-0.632298,0.402280,-0.629559,,,0.747110,0.000240,5.342307,0.155416
crossing,context_ext,EESM-MPC-ECBF,76,7.600,1.956643,-0.181930,0.402280,-0.629559,-1.002203,0.100000,2.608000,0.000000,0.580000,cyclist,crossing,distracted,,0.000000,0.625000,3.351243,2.751243,0.000000,0.000000,0.000000,0.000000,0.000000,0.000000,0.000000,2.751243,2.751243,2.751243,2.751243,0.000000,horizon_mpc_secbf,8,2.874380,true,osqp,optimal,75,3.813281,0,3.980988,geometric,false,0.402919,-0.632579,0.401848,-0.629738,,,0.747029,0.000468,5.417010,0.080705
crossing,context_ext,EESM-MPC-ECBF,77,7.700,1.996828,-0.244904,0.401848,-0.629738,-1.002819,0.100000,2.666000,0.000000,0.580000,cyclist,crossing,distracted,,0.000000,0.625000,3.474380,2.874380,0.000000,0.000000,0.000000,0.000000,0.000000,0.000000,0.000000,2.874380,2.874380,2.874380,2.874380,0.000000,horizon_mpc_secbf,8,2.940905,true,osqp,optimal,50,3.322563,0,3.538197,geometric,false,0.031722,-0.050962,0.095225,-0.150263,,,0.177895,0.569134,5.434800,0.006003
crossing,context_ext,EESM-MPC-ECBF,78,7.800,2.006350,-0.259930,0.095225,-0.150263,-1.005949,0.100000,2.724000,0.000000,0.580000,cyclist,crossing,distracted,,0.000000,0.625000,3.540905,2.940905,0.000000,0.000000,0.000000,0.000000,0.000000,0.000000,0.000000,2.940905,2.940905,2.940905,2.940905,0.000000,horizon_mpc_secbf,8,2.983206,true,osqp,optimal,50,3.228874,0,3.362550,geometric,false,-0.063503,0.099301,-0.036269,0.056481,,,0.067123,0.245018,5.441512,0.011787
crossing,context_ext,EESM-MPC-ECBF,79,7.900,2.002723,-0.254282,-0.036269,0.056481,2.141623,0.100000,2.782000,0.000000,0.580000,cyclist,crossing,distracted,,0.000000,0.625000,3.583206,2.983206,0.000000,0.000000,0.000000,0.000000,0.000000,0.000000,0.000000,2.983206,2.983206,2.983206,2.983206,0.000000,horizon_mpc_secbf,8,3.027129,true,osqp,optimal,50,3.179525,0,3.421123,geometric,false,-0.027234,0.042820,-0.028784,0.045163,,,0.053556,0.013569,5.446868,0.005075
crossing,context_ext,EESM-MPC-ECBF,80,8.000,1.999845,-0.249766,-0.028784,0.045163,2.138214,0.100000,2.840000,0.000000,0.580000,cyclist,crossing,distracted,,0.000000,0.625000,3.627129,3.027129,0.000000,0.000000,0.000000,0.000000,0.000000,0.000000,0.000000,3.027129,3.027129,3.027129,3.027129,0.000000,horizon_mpc_secbf,8,3.076661,true,osqp,optimal,50,3.690612,0,3.521196,geometric,false,0.001550,-0.002343,0.000129,0.000086,,,0.000155,0.053553,5.446883,0.000281
crossing,context_ext,EESM-MPC-ECBF,81,8.100,1.999858,-0.249757,0.000129,0.000086,0.585311,0.100000,2.898000,0.000000,0.580000,cyclist,crossing,distracted,,0.000000,0.625000,3.676661,3.076661,0.000000,0.000000,0.000000,0.000000,0.000000,0.000000,0.000000,3.076661,3.076661,3.076661,3.076661,0.000000,horizon_mpc_secbf,8,3.126671,true,osqp,optimal,50,3.041249,0,3.575555,geometric,false,0.001420,-0.002429,0.001199,-0.001998,,,0.002330,0.002342,5.447116,0.000281
crossing,context_ext,EESM-MPC-ECBF,82,8.200,1.999978,-0.249957,0.001199,-0.001998,-1.030240,0.100000,2.956000,0.000000,0.580000,cyclist,crossing,distracted,,0.000000,0.625000,3.726671,3.126671,0.000000,0.000000,0.000000,0.000000,0.000000,0.000000,0.000000,3.126671,3.126671,3.126671,3.126671,0.000000,horizon_mpc_secbf,8,3.176762,true,osqp,optimal,25,3.950327,0,3.626428,geometric,false,0.000222,-0.000431,0.000388,-0.000699,,,0.000799,0.001531,5.447196,0.000049
crossing,context_ext,EESM-MPC-ECBF,83,8.300,2.000017,-0.250027,0.000388,-0.000699,-1.063403,0.100000,3.014000,0.000000,0.580000,cyclist,crossing,distracted,,0.000000,0.625000,3.776762,3.176762,0.000000,0.000000,0.000000,0.000000,0.000000,0.000000,0.000000,3.176762,3.176762,3.176762,3.176762,0.000000,horizon_mpc_secbf,8,3.226987,true,osqp,optimal,25,4.042221,0,3.677898,geometric,false,-0.000167,0.000267,-0.000071,0.000101,,,0.000123,0.000922,5.447208,0.000031
crossing,context_ext,EESM-MPC-ECBF,84,8.400,2.000010,-0.250017,-0.000071,0.000101,2.186310,0.100000,3.072000,0.000000,0.580000,cyclist,crossing,distracted,,0.000000,0.625000,3.826987,3.226987,0.000000,0.000000,0.000000,0.000000,0.000000,0.000000,0.000000,3.226987,3.226987,3.226987,3.226987,0.000000,horizon_mpc_secbf,8,3.277423,true,osqp,optimal,25,3.560611,0,3.730277,geometric,false,-0.000096,0.000166,-0.000091,0.000155,,,0.000179,0.000058,5.447226,0.000019
crossing,context_ext,EESM-MPC-ECBF,85,8.500,2.000000,-0.250001,-0.000091,0.000155,2.103603,0.100000,3.130000,0.000000,0.580000,cyclist,crossing,distracted,,0.000000,0.625000,3.877423,3.277423,0.000000,0.000000,0.000000,0.000000,0.000000,0.000000,0.000000,3.277423,3.277423,3.277423,3.277423,0.000000,horizon_mpc_secbf,8,3.328081,true,osqp,optimal,25,2.859226,0,3.782976,geometric,false,-0.000004,0.000012,-0.000019,0.000036,,,0.000041,0.000138,5.447230,0.000001
crossing,context_ext,EESM-MPC-ECBF,86,8.600,1.999999,-0.249998,-0.000019,0.000036,2.060478,0.100000,3.188000,0.000000,0.580000,cyclist,crossing,distracted,,0.000000,0.625000,3.928081,3.328081,0.000000,0.000000,0.000000,0.000000,0.000000,0.000000,0.000000,3.328081,3.328081,3.328081,3.328081,0.000000,horizon_mpc_secbf,8,3.378945,true,osqp,optimal,25,2.870345,0,3.835734,geometric,false,0.000015,-0.000024,0.000009,-0.000014,,,0.000017,0.000058,5.447232,0.000003
crossing,context_ext,EESM-MPC-ECBF,87,8.700,1.999999,-0.249999,0.000009,-0.000014,-1.000764,0.100000,3.246000,0.000000,0.580000,cyclist,crossing,distracted,,0.000000,0.625000,3.978945,3.378945,0.000000,0.000000,0.000000,0.000000,0.000000,0.000000,0.000000,3.378945,3.378945,3.378945,3.378945,0.000000,horizon_mpc_secbf,8,3.430002,true,osqp,optimal,25,3.352646,0,3.888560,geometric,false,0.000006,-0.000010,0.000006,-0.000011,,,0.000013,0.000004,5.447233,0.000001
crossing,context_ext,EESM-MPC-ECBF,88,8.800,2.000000,-0.250000,0.000006,-0.000011,-1.045422,0.100000,3.304000,0.000000,0.580000,cyclist,crossing,distracted,,0.000000,0.625000,4.030002,3.430002,0.000000,0.000000,0.000000,0.000000,0.000000,0.000000,0.000000,3.430002,3.430002,3.430002,3.430002,0.000000,horizon_mpc_secbf,8,3.481243,true,osqp,optimal,25,3.110630,0,3.941496,geometric,false,-0.000001,0.000001,-0.000000,-0.000000,,,0.000000,0.000013,5.447233,0.000000
crossing,context_ext,EESM-MPC-ECBF,89,8.900,2.000000,-0.250000,-0.000000,-0.000000,-2.416662,0.100000,3.362000,0.000000,0.580000,cyclist,crossing,distracted,,0.000000,0.625000,4.081243,3.481243,0.000000,0.000000,0.000000,0.000000,0.000000,0.000000,0.000000,3.481243,3.481243,3.481243,3.481243,0.000000,horizon_mpc_secbf,8,3.532663,true,osqp,optimal,25,3.697276,0,3.994557,geometric,false,-0.000000,0.000001,-0.000000,0.000001,,,0.000001,0.000001,5.447233,0.000000
crossing,context_ext,EESM-MPC-ECBF,90,9.000,2.000000,-0.250000,-0.000000,0.000001,1.858708,0.100000,3.420000,0.000000,0.580000,cyclist,crossing,distracted,,0.000000,0.625000,4.132663,3.532663,0.000000,0.000000,0.000000,0.000000,0.000000,0.000000,0.000000,3.532663,3.532663,3.532663,3.532663,0.000000,horizon_mpc_secbf,8,3.584254,true,osqp,optimal,25,3.035149,0,4.047730,geometric,false,0.000000,0.000000,-0.000000,0.000000,,,0.000000,0.000000,5.447234,0.000000
crossing,context_ext,EESM-MPC-ECBF,91,9.100,2.000000,-0.250000,-0.000000,0.000000,1.605547,0.100000,3.478000,0.000000,0.580000,cyclist,crossing,distracted,,0.000000,0.625000,4.184254,3.584254,0.000000,0.000000,0.000000,0.000000,0.000000,0.000000,0.000000,3.584254,3.584254,3.584254,3.584254,0.000000,horizon_mpc_secbf,8,3.636012,true,osqp,optimal,25,3.968704,0,4.101011,geometric,false,0.000000,-0.000000,0.000000,-0.000000,,,0.000000,0.000000,5.447234,0.000000
crossing,context_ext,EESM-MPC-ECBF,92,9.200,2.000000,-0.250000,0.000000,-0.000000,-0.509409,0.100000,3.536000,0.000000,0.580000,cyclist,crossing,distracted,,0.000000,0.625000,4.236012,3.636012,0.000000,0.000000,0.000000,0.000000,0.000000,0.000000,0.000000,3.636012,3.636012,3.636012,3.636012,0.000000,horizon_mpc_secbf,8,3.687929,true,osqp,optimal,25,5.807094,0,4.154396,geometric,false,0.000000,-0.000000,0.000000,-0.000000,,,0.000000,0.000000,5.447234,0.000000
crossing,context_ext,EESM-MPC-ECBF,93,9.300,2.000000,-0.250000,0.000000,-0.000000,-1.351898,0.100000,3.594000,0.000000,0.580000,cyclist,crossing,distracted,,0.000000,0.625000,4.287929,3.687929,0.000000,0.000000,0.000000,0.000000,0.000000,0.000000,0.000000,3.687929,3.687929,3.687929,3.687929,0.000000,horizon_mpc_secbf,8,3.740000,true,osqp,optimal,25,3.015261,0,4.207882,geometric,false,0.000000,0.000000,0.000000,-0.000000,,,0.000000,0.000000,5.447234,0.000000
crossing,context_ext,EESM-MPC-ECBF,94,9.400,2.000000,-0.250000,0.000000,-0.000000,-1.351930,0.100000,3.652000,0.000000,0.580000,cyclist,crossing,distracted,,0.000000,0.625000,4.340000,3.740000,0.000000,0.000000,0.000000,0.000000,0.000000,0.000000,0.000000,3.740000,3.740000,3.740000,3.740000,0.000000,horizon_mpc_secbf,8,3.792220,true,osqp,optimal,25,2.989185,0,4.261466,geometric,false,0.000000,0.000000,0.000000,-0.000000,,,0.000000,0.000000,5.447234,0.000000
crossing,context_ext,EESM-MPC-ECBF,95,9.500,2.000000,-0.250000,0.000000,-0.000000,-1.351960,0.100000,3.710000,0.000000,0.580000,cyclist,crossing,distracted,,0.000000,0.625000,4.392220,3.792220,0.000000,0.000000,0.000000,0.000000,0.000000,0.000000,0.000000,3.792220,3.792220,3.792220,3.792220,0.000000,horizon_mpc_secbf,8,3.844584,true,osqp,optimal,25,3.208102,0,4.315145,geometric,false,0.000000,0.000000,0.000000,-0.000000,,,0.000000,0.000000,5.447234,0.000000
crossing,context_ext,EESM-MPC-ECBF,96,9.600,2.000000,-0.250000,0.000000,-0.000000,-1.351960,0.100000,3.768000,0.000000,0.580000,cyclist,crossing,distracted,,0.000000,0.625000,4.444584,3.844584,0.000000,0.000000,0.000000,0.000000,0.000000,0.000000,0.000000,3.844584,3.844584,3.844584,3.844584,0.000000,horizon_mpc_secbf,8,3.897085,true,osqp,optimal,25,3.190073,0,4.368916,geometric,false,0.000000,0.000000,0.000000,-0.000000,,,0.000000,0.000000,5.447234,0.000000
crossing,context_ext,EESM-MPC-ECBF,97,9.700,2.000000,-0.250000,0.000000,-0.000000,-1.351960,0.100000,3.826000,0.000000,0.580000,cyclist,crossing,distracted,,0.000000,0.625000,4.497085,3.897085,0.000000,0.000000,0.000000,0.000000,0.000000,0.000000,0.000000,3.897085,3.897085,3.897085,3.897085,0.000000,horizon_mpc_secbf,8,3.949720,true,osqp,optimal,25,3.797423,0,4.422777,geometric,false,0.000000,0.000000,0.000000,-0.000000,,,0.000000,0.000000,5.447234,0.000000
crossing,context_ext,EESM-MPC-ECBF,98,9.800,2.000000,-0.250000,0.000000,-0.000000,-1.351960,0.100000,3.884000,0.000000,0.580000,cyclist,crossing,distracted,,0.000000,0.625000,4.549720,3.949720,0.000000,0.000000,0.000000,0.000000,0.000000,0.000000,0.000000,3.949720,3.949720,3.949720,3.949720,0.000000,horizon_mpc_secbf,8,4.002485,true,osqp,optimal,25,3.207197,0,4.476724,geometric,false,0.000000,0.000000,0.000000,-0.000000,,,0.000000,0.000000,5.447234,0.000000
crossing,context_ext,EESM-MPC-ECBF,99,9.900,2.000000,-0.250000,0.000000,-0.000000,-1.351960,0.100000,3.942000,0.000000,0.580000,cyclist,crossing,distracted,,0.000000,0.625000,4.602485,4.002485,0.000000,0.000000,0.000000,0.000000,0.000000,0.000000,0.000000,4.002485,4.002485,4.002485,4.002485,0.000000,horizon_mpc_secbf,8,4.055373,true,osqp,optimal,25,2.967505,0,4.530756,geometric,false,0.000000,0.000000,0.000000,-0.000000,,,0.000000,0.000000,5.447234,0.000000
crossing,context_ext,EESM-MPC-ECBF,100,10.000,2.000000,-0.250000,0.000000,-0.000000,-1.351960,0.100000,4.000000,0.000000,0.580000,cyclist,crossing,distracted,,0.000000,0.625000,4.655373,4.055373,0.000000,0.000000,0.000000,0.000000,0.000000,0.000000,0.000000,4.055373,4.055373,4.055373,4.055373,0.000000,horizon_mpc_secbf,8,4.108382,true,osqp,optimal,25,3.256997,0,4.584869,geometric,false,0.000000,0.000000,0.000000,-0.000000,,,0.000000,0.000000,5.447234,0.000000
crossing,context_ext,EESM-MPC-ECBF,101,10.100,2.000000,-0.250000,0.000000,-0.000000,-1.351960,0.100000,4.058000,0.000000,0.580000,cyclist,crossing,distracted,,0.000000,0.625000,4.708382,4.108382,0.000000,0.000000,0.000000,0.000000,0.000000,0.000000,0.000000,4.108382,4.108382,4.108382,4.108382,0.000000,horizon_mpc_secbf,8,4.161508,true,osqp,optimal,25,7.468114,0,4.639061,geometric,false,0.000000,0.000000,0.000000,-0.000000,,,0.000000,0.000000,5.447234,0.000000
crossing,context_ext,EESM-MPC-ECBF,102,10.200,2.000000,-0.250000,0.000000,-0.000000,-1.351960,0.100000,4.116000,0.000000,0.580000,cyclist,crossing,distracted,,0.000000,0.625000,4.761508,4.161508,0.000000,0.000000,0.000000,0.000000,0.000000,0.000000,0.000000,4.161508,4.161508,4.161508,4.161508,0.000000,horizon_mpc_secbf,8,4.214746,true,osqp,optimal,25,4.269725,0,4.693331,geometric,false,0.000000,0.000000,0.000000,-0.000000,,,0.000000,0.000000,5.447234,0.000000
crossing,context_ext,EESM-MPC-ECBF,103,10.300,2.000000,-0.250000,0.000000,-0.000000,-1.351960,0.100000,4.174000,0.000000,0.580000,cyclist,crossing,distracted,,0.000000,0.625000,4.814746,4.214746,0.000000,0.000000,0.000000,0.000000,0.000000,0.000000,0.000000,4.214746,4.214746,4.214746,4.214746,0.000000,horizon_mpc_secbf,8,4.268092,true,osqp,optimal,25,2.884460,0,4.747675,geometric,false,0.000000,0.000000,0.000000,-0.000000,,,0.000000,0.000000,5.447234,0.000000
crossing,context_ext,EESM-MPC-ECBF,104,10.400,2.000000,-0.250000,0.000000,-0.000000,-1.351960,0.100000,4.232000,0.000000,0.580000,cyclist,crossing,distracted,,0.000000,0.625000,4.868092,4.268092,0.000000,0.000000,0.000000,0.000000,0.000000,0.000000,0.000000,4.268092,4.268092,4.268092,4.268092,0.000000,horizon_mpc_secbf,8,4.321544,true,osqp,optimal,25,4.706570,0,4.802092,geometric,false,0.000000,0.000000,0.000000,-0.000000,,,0.000000,0.000000,5.447234,0.000000
crossing,context_ext,EESM-MPC-ECBF,105,10.500,2.000000,-0.250000,0.000000,-0.000000,-1.351960,0.100000,4.290000,0.000000,0.580000,cyclist,crossing,distracted,,0.000000,0.625000,4.921544,4.321544,0.000000,0.000000,0.000000,0.000000,0.000000,0.000000,0.000000,4.321544,4.321544,4.321544,4.321544,0.000000,horizon_mpc_secbf,8,4.375098,true,osqp,optimal,25,3.591434,0,4.856580,geometric,false,0.000000,0.000000,0.000000,-0.000000,,,0.000000,0.000000,5.447234,0.000000
crossing,context_ext,EESM-MPC-ECBF,106,10.600,2.000000,-0.250000,0.000000,-0.000000,-1.351960,0.100000,4.348000,0.000000,0.580000,cyclist,crossing,distracted,,0.000000,0.625000,4.975098,4.375098,0.000000,0.000000,0.000000,0.000000,0.000000,0.000000,0.000000,4.375098,4.375098,4.375098,4.375098,0.000000,horizon_mpc_secbf,8,4.428751,true,osqp,optimal,25,3.100158,0,4.911136,geometric,false,0.000000,0.000000,0.000000,-0.000000,,,0.000000,0.000000,5.447234,0.000000
crossing,context_ext,EESM-MPC-ECBF,107,10.700,2.000000,-0.250000,0.000000,-0.000000,-1.351960,0.100000,4.406000,0.000000,0.580000,cyclist,crossing,distracted,,0.000000,0.625000,5.028751,4.428751,0.000000,0.000000,0.000000,0.000000,0.000000,0.000000,0.000000,4.428751,4.428751,4.428751,4.428751,0.000000,horizon_mpc_secbf,8,4.482499,true,osqp,optimal,25,5.121333,0,4.965759,geometric,false,0.000000,0.000000,0.000000,-0.000000,,,0.000000,0.000000,5.447234,0.000000
crossing,context_ext,EESM-MPC-ECBF,108,10.800,2.000000,-0.250000,0.000000,-0.000000,-1.351960,0.100000,4.464000,0.000000,0.580000,cyclist,crossing,distracted,,0.000000,0.625000,5.082499,4.482499,0.000000,0.000000,0.000000,0.000000,0.000000,0.000000,0.000000,4.482499,4.482499,4.482499,4.482499,0.000000,horizon_mpc_secbf,8,4.536340,true,osqp,optimal,25,6.977641,0,5.020447,geometric,false,0.000000,0.000000,0.000000,-0.000000,,,0.000000,0.000000,5.447234,0.000000
crossing,context_ext,EESM-MPC-ECBF,109,10.900,2.000000,-0.250000,0.000000,-0.000000,-1.351960,0.100000,4.522000,0.000000,0.580000,cyclist,crossing,distracted,,0.000000,0.625000,5.136340,4.536340,0.000000,0.000000,0.000000,0.000000,0.000000,0.000000,0.000000,4.536340,4.536340,4.536340,4.536340,0.000000,horizon_mpc_secbf,8,4.590270,true,osqp,optimal,25,3.545900,0,5.075198,geometric,false,0.000000,0.000000,0.000000,-0.000000,,,0.000000,0.000000,5.447234,0.000000
crossing,context_ext,EESM-MPC-ECBF,110,11.000,2.000000,-0.250000,0.000000,-0.000000,-1.351960,0.100000,4.580000,0.000000,0.580000,cyclist,crossing,distracted,,0.000000,0.625000,5.190270,4.590270,0.000000,0.000000,0.000000,0.000000,0.000000,0.000000,0.000000,4.590270,4.590270,4.590270,4.590270,0.000000,horizon_mpc_secbf,8,4.644287,true,osqp,optimal,25,4.390217,0,5.130010,geometric,false,0.000000,0.000000,0.000000,-0.000000,,,0.000000,0.000000,5.447234,0.000000
crossing,context_ext,EESM-MPC-ECBF,111,11.100,2.000000,-0.250000,0.000000,-0.000000,-1.351960,0.100000,4.638000,0.000000,0.580000,cyclist,crossing,distracted,,0.000000,0.625000,5.244287,4.644287,0.000000,0.000000,0.000000,0.000000,0.000000,0.000000,0.000000,4.644287,4.644287,4.644287,4.644287,0.000000,horizon_mpc_secbf,8,4.698388,true,osqp,optimal,25,3.001976,0,5.184883,geometric,false,0.000000,0.000000,0.000000,-0.000000,,,0.000000,0.000000,5.447234,0.000000
crossing,context_ext,EESM-MPC-ECBF,112,11.200,2.000000,-0.250000,0.000000,-0.000000,-1.351960,0.100000,4.696000,0.000000,0.580000,cyclist,crossing,distracted,,0.000000,0.625000,5.298388,4.698388,0.000000,0.000000,0.000000,0.000000,0.000000,0.000000,0.000000,4.698388,4.698388,4.698388,4.698388,0.000000,horizon_mpc_secbf,8,4.752571,true,osqp,optimal,25,3.563258,0,5.239813,geometric,false,0.000000,0.000000,0.000000,-0.000000,,,0.000000,0.000000,5.447234,0.000000
crossing,context_ext,EESM-MPC-ECBF,113,11.300,2.000000,-0.250000,0.000000,-0.000000,-1.351960,0.100000,4.754000,0.000000,0.580000,cyclist,crossing,distracted,,0.000000,0.625000,5.352571,4.752571,0.000000,0.000000,0.000000,0.000000,0.000000,0.000000,0.000000,4.752571,4.752571,4.752571,4.752571,0.000000,horizon_mpc_secbf,8,4.806833,true,osqp,optimal,25,4.499044,0,5.294800,geometric,false,0.000000,0.000000,0.000000,-0.000000,,,0.000000,0.000000,5.447234,0.000000
crossing,context_ext,EESM-MPC-ECBF,114,11.400,2.000000,-0.250000,0.000000,-0.000000,-1.351960,0.100000,4.812000,0.000000,0.580000,cyclist,crossing,distracted,,0.000000,0.625000,5.406833,4.806833,0.000000,0.000000,0.000000,0.000000,0.000000,0.000000,0.000000,4.806833,4.806833,4.806833,4.806833,0.000000,horizon_mpc_secbf,8,4.861172,true,osqp,optimal,25,2.944034,0,5.349842,geometric,false,0.000000,0.000000,0.000000,-0.000000,,,0.000000,0.000000,5.447234,0.000000
crossing,context_ext,EESM-MPC-ECBF,115,11.500,2.000000,-0.250000,0.000000,-0.000000,-1.351960,0.100000,4.870000,0.000000,0.580000,cyclist,crossing,distracted,,0.000000,0.625000,5.461172,4.861172,0.000000,0.000000,0.000000,0.000000,0.000000,0.000000,0.000000,4.861172,4.861172,4.861172,4.861172,0.000000,horizon_mpc_secbf,8,4.915586,true,osqp,optimal,25,2.949427,0,5.404938,geometric,false,0.000000,0.000000,0.000000,-0.000000,,,0.000000,0.000000,5.447234,0.000000
crossing,context_ext,EESM-MPC-ECBF,116,11.600,2.000000,-0.250000,0.000000,-0.000000,-1.351960,0.100000,4.928000,0.000000,0.580000,cyclist,crossing,distracted,,0.000000,0.625000,5.515586,4.915586,0.000000,0.000000,0.000000,0.000000,0.000000,0.000000,0.000000,4.915586,4.915586,4.915586,4.915586,0.000000,horizon_mpc_secbf,8,4.970071,true,osqp,optimal,25,6.551263,0,5.460086,geometric,false,0.000000,0.000000,0.000000,-0.000000,,,0.000000,0.000000,5.447234,0.000000
crossing,context_ext,EESM-MPC-ECBF,117,11.700,2.000000,-0.250000,0.000000,-0.000000,-1.351960,0.100000,4.986000,0.000000,0.580000,cyclist,crossing,distracted,,0.000000,0.625000,5.570071,4.970071,0.000000,0.000000,0.000000,0.000000,0.000000,0.000000,0.000000,4.970071,4.970071,4.970071,4.970071,0.000000,horizon_mpc_secbf,8,5.024628,true,osqp,optimal,25,2.810117,0,5.515285,geometric,false,0.000000,0.000000,0.000000,-0.000000,,,0.000000,0.000000,5.447234,0.000000
crossing,context_ext,EESM-MPC-ECBF,118,11.800,2.000000,-0.250000,0.000000,-0.000000,-1.351960,0.100000,5.044000,0.000000,0.580000,cyclist,crossing,distracted,,0.000000,0.625000,5.624628,5.024628,0.000000,0.000000,0.000000,0.000000,0.000000,0.000000,0.000000,5.024628,5.024628,5.024628,5.024628,0.000000,horizon_mpc_secbf,8,5.079252,true,osqp,optimal,25,2.970116,0,5.570534,geometric,false,0.000000,0.000000,0.000000,-0.000000,,,0.000000,0.000000,5.447234,0.000000
crossing,context_ext,EESM-MPC-ECBF,119,11.900,2.000000,-0.250000,0.000000,-0.000000,-1.351960,0.100000,5.102000,0.000000,0.580000,cyclist,crossing,distracted,,0.000000,0.625000,5.679252,5.079252,0.000000,0.000000,0.000000,0.000000,0.000000,0.000000,0.000000,5.079252,5.079252,5.079252,5.079252,0.000000,horizon_mpc_secbf,8,5.133943,true,osqp,optimal,25,2.814517,0,5.625831,geometric,false,0.000000,0.000000,0.000000,-0.000000,,,0.000000,0.000000,5.447234,0.000000
crossing,context_ext,SEESM w/o Feasibility-Preserving Update,0,0.000,-2.000000,-0.250000,0.000000,0.000000,0.000000,0.100000,-1.800000,0.000000,0.580000,pedestrian,walking,unknown,5.835878,1.000000,0.625000,2.610077,2.010077,0.256000,0.256000,0.256000,0.256000,0.296875,0.552875,0.256000,2.010077,1.713201,1.457201,1.457201,0.000000,horizon_mpc_secbf,8,0.718427,true,osqp,optimal,75,3.041253,0,0.613113,accept,false,0.750000,0.000000,0.621017,-0.000000,,,0.621017,0.621017,0.062102,4.000000
crossing,context_ext,SEESM w/o Feasibility-Preserving Update,1,0.100,-1.937898,-0.250000,0.621017,-0.000000,-0.000000,0.100000,-1.742000,0.000000,0.580000,pedestrian,walking,unknown,2.282422,1.000000,0.625000,2.525687,1.925687,0.297222,0.297222,0.297222,0.297222,0.840665,1.137887,0.041222,1.925687,1.085021,0.787799,0.787799,0.000000,horizon_mpc_secbf,8,0.040377,true,osqp,optimal,75,3.642917,0,-0.140694,accept,false,0.750000,0.000000,0.726102,-0.000001,,,0.726102,0.105085,0.134712,3.937898
crossing,context_ext,SEESM w/o Feasibility-Preserving Update,2,0.200,-1.865288,-0.250000,0.726102,-0.000001,-0.000001,0.100000,-1.684000,0.000000,0.580000,pedestrian,walking,unknown,1.974130,1.000000,0.625000,2.432841,1.832841,0.304621,0.304621,0.304621,0.304621,0.927883,1.232504,0.007399,1.832841,0.904957,0.600336,0.600336,0.000198,horizon_mpc_secbf,8,-0.000198,true,osqp,optimal,50,3.870355,0,-0.179612,accept,false,0.750000,0.000000,0.612172,0.095427,,,0.619565,0.148616,0.196668,3.865288
crossing,context_ext,SEESM w/o Feasibility-Preserving Update,3,0.300,-1.804071,-0.240457,0.612172,0.095427,0.154639,0.100000,-1.626000,0.000000,0.580000,pedestrian,walking,unknown,2.249475,1.000000,0.625000,2.354828,1.754828,0.298013,0.298013,0.298013,0.298013,0.779788,1.077801,0.000000,1.754828,0.975040,0.677027,0.677027,0.000093,horizon_mpc_secbf,8,-0.000093,true,osqp,optimal,50,3.660774,0,-0.165354,accept,false,0.749998,-0.001881,0.663319,0.059715,,,0.666001,0.062381,0.263269,3.804083
crossing,context_ext,SEESM w/o Feasibility-Preserving Update,4,0.400,-1.737739,-0.234486,0.663319,0.059715,0.089783,0.100000,-1.568000,0.000000,0.580000,pedestrian,walking,unknown,1.983044,1.000000,0.625000,2.270582,1.670582,0.304407,0.304407,0.304407,0.304407,0.842085,1.146492,0.006394,1.670582,0.828497,0.524090,0.524090,0.000286,horizon_mpc_secbf,8,-0.000286,true,osqp,optimal,50,6.833785,0,-0.169754,accept,false,0.749994,-0.003113,0.542179,0.145286,,,0.561308,0.148315,0.319399,3.737771
crossing,context_ext,SEESM w/o Feasibility-Preserving Update,5,0.500,-1.683521,-0.219957,0.542179,0.145286,0.261816,0.100000,-1.510000,0.000000,0.580000,pedestrian,walking,unknown,2.306901,1.000000,0.625000,2.201172,1.601172,0.296634,0.296634,0.296634,0.296634,0.693685,0.990319,0.000000,1.601172,0.907487,0.610853,0.610853,0.000166,horizon_mpc_secbf,8,-0.000166,true,osqp,optimal,50,2.992182,0,-0.158150,accept,false,0.749975,-0.006117,0.602072,0.099966,,,0.610315,0.075108,0.380431,3.683644
crossing,context_ext,SEESM w/o Feasibility-Preserving Update,6,0.600,-1.623314,-0.209961,0.602072,0.099966,0.164535,0.100000,-1.452000,0.000000,0.580000,pedestrian,walking,unknown,1.981855,1.000000,0.625000,2.124258,1.524258,0.304435,0.304435,0.304435,0.304435,0.768591,1.073026,0.007801,1.524258,0.755667,0.451232,0.451232,0.000366,horizon_mpc_secbf,8,-0.000366,true,osqp,optimal,50,3.155815,0,-0.166028,accept,false,0.749954,-0.008287,0.478013,0.186913,,,0.513257,0.151495,0.431756,3.623535
crossing,context_ext,SEESM w/o Feasibility-Preserving Update,7,0.700,-1.575513,-0.191269,0.478013,0.186913,0.372741,0.100000,-1.394000,0.000000,0.580000,pedestrian,walking,unknown,2.368232,1.000000,0.625000,2.062499,1.462499,0.295162,0.295162,0.295162,0.295162,0.616979,0.912142,0.000000,1.462499,0.845520,0.550358,0.550358,0.000230,horizon_mpc_secbf,8,-0.000230,true,osqp,optimal,50,3.046803,0,-0.155637,accept,false,0.749899,-0.012318,0.548496,0.133037,,,0.564400,0.088716,0.488196,3.575995
crossing,context_ext,SEESM w/o Feasibility-Preserving Update,8,0.800,-1.520663,-0.177966,0.548496,0.133037,0.237954,0.100000,-1.336000,0.000000,0.580000,pedestrian,walking,unknown,1.971143,1.000000,0.625000,1.991881,1.391881,0.304693,0.304693,0.304693,0.304693,0.705350,1.010042,0.009530,1.391881,0.686532,0.381839,0.381839,0.000440,horizon_mpc_secbf,8,-0.000440,true,osqp,optimal,50,3.012937,0,-0.165866,accept,false,0.749843,-0.015342,0.419263,0.223916,,,0.475311,0.157988,0.535728,3.521400
crossing,context_ext,SEESM w/o Feasibility-Preserving Update,9,0.900,-1.478737,-0.155574,0.419263,0.223916,0.490531,0.100000,-1.278000,0.000000,0.580000,pedestrian,walking,unknown,2.439756,1.000000,0.625000,1.937072,1.337072,0.293446,0.293446,0.293446,0.293446,0.547231,0.840677,0.000000,1.337072,0.789841,0.496395,0.496395,0.000284,horizon_mpc_secbf,8,-0.000284,true,osqp,optimal,50,3.612204,0,-0.155128,accept,false,0.749724,-0.020350,0.502431,0.161807,,,0.527843,0.103800,0.588512,3.480018
crossing,context_ext,SEESM w/o Feasibility-Preserving Update,10,1.000,-1.428494,-0.139393,0.502431,0.161807,0.311559,0.100000,-1.220000,0.000000,0.580000,cyclist,crossing,distracted,1.951744,1.000000,0.625000,1.871898,1.271898,0.606264,0.606264,0.606264,0.606264,0.650589,1.256853,0.312818,1.271898,0.621309,0.015045,0.015045,0.000827,horizon_mpc_secbf,8,-0.000820,true,osqp,optimal,125,3.333079,0,-0.097303,accept,false,0.749610,-0.024183,0.069014,0.481569,,,0.486489,0.538608,0.637161,3.430277
crossing,context_ext,SEESM w/o Feasibility-Preserving Update,11,1.100,-1.421592,-0.091236,0.069014,0.481569,1.428454,0.100000,-1.162000,0.000000,0.580000,cyclist,crossing,distracted,11.147060,1.000000,0.625000,1.860585,1.260585,0.504875,0.504875,0.504875,0.504875,0.112611,0.617486,0.000000,1.260585,1.147974,0.643099,0.643099,0.000080,horizon_mpc_secbf,8,-0.000080,true,osqp,optimal,50,3.274525,0,-0.103439,accept,false,0.749194,-0.034763,0.578860,0.105238,,,0.588349,0.633694,0.695996,3.425273
crossing,context_ext,SEESM w/o Feasibility-Preserving Update,12,1.200,-1.363706,-0.080713,0.578860,0.105238,0.179838,0.100000,-1.104000,0.000000,0.580000,cyclist,crossing,distracted,1.588774,1.000000,0.625000,1.785932,1.185932,0.624231,0.624231,0.624231,0.624231,0.744859,1.369090,0.119356,1.185932,0.441072,-0.183158,-0.183158,0.177331,horizon_mpc_secbf,8,-0.177215,true,osqp,optimal,2625,14.683929,0,0.052983,accept,false,0.749052,-0.037698,0.037017,0.735591,,,0.736522,0.831228,0.769648,3.367963
crossing,context_ext,SEESM w/o Feasibility-Preserving Update,13,1.300,-1.360004,-0.007154,0.037017,0.735591,1.520516,0.100000,-1.046000,0.000000,0.580000,cyclist,crossing,distracted,,0.000000,0.625000,1.791875,1.191875,0.306875,0.306875,0.306875,0.306875,0.000000,0.306875,0.000000,1.191875,1.191875,0.885000,0.885000,0.000000,horizon_mpc_secbf,8,0.186835,true,osqp,optimal,75,3.035852,0,0.101777,accept,false,0.748049,-0.054066,0.627083,0.110351,,,0.636718,0.859711,0.833320,3.368769
crossing,context_ext,SEESM w/o Feasibility-Preserving Update,14,1.400,-1.297296,0.003882,0.627083,0.110351,0.174192,0.100000,-0.988000,0.000000,0.580000,cyclist,crossing,distracted,1.421798,1.000000,0.625000,1.713553,1.113553,0.632496,0.632496,0.632496,0.632496,0.782986,1.415482,0.325621,1.113553,0.330567,-0.301929,-0.301929,0.297590,horizon_mpc_secbf,8,-0.297466,true,osqp,optimal,2925,13.527454,0,0.039546,accept,false,0.747787,-0.057577,0.056632,0.735593,,,0.737770,0.846369,0.907097,3.307056
crossing,context_ext,SEESM w/o Feasibility-Preserving Update,15,1.500,-1.291633,0.077441,0.056632,0.735593,1.493959,0.100000,-0.930000,0.000000,0.580000,cyclist,crossing,distracted,,0.000000,0.625000,1.718016,1.118016,0.306875,0.306875,0.306875,0.306875,0.000000,0.306875,0.000000,1.118016,1.118016,0.811141,0.811141,0.000000,horizon_mpc_secbf,8,0.113254,true,osqp,optimal,75,3.809926,0,0.025323,accept,false,0.746316,-0.074241,0.630456,0.110806,,,0.640120,0.848311,0.971109,3.307879
crossing,context_ext,SEESM w/o Feasibility-Preserving Update,16,1.600,-1.228587,0.088522,0.630456,0.110806,0.173979,0.100000,-0.872000,0.000000,0.580000,cyclist,crossing,distracted,1.322753,1.000000,0.625000,1.639434,1.039434,0.637399,0.637399,0.637399,0.637399,0.785743,1.423141,0.330524,1.039434,0.253692,-0.383707,-0.383707,0.380885,horizon_mpc_secbf,8,-0.380751,true,osqp,optimal,3050,15.163434,0,0.025841,accept,false,0.745911,-0.078210,0.077120,0.735594,,,0.739626,0.834591,1.045071,3.246286
crossing,context_ext,SEESM w/o Feasibility-Preserving Update,17,1.700,-1.220875,0.162081,0.077120,0.735594,1.466338,0.100000,-0.814000,0.000000,0.580000,cyclist,crossing,distracted,,0.000000,0.625000,1.642390,1.042390,0.306875,0.306875,0.306875,0.306875,0.000000,0.306875,0.000000,1.042390,1.042390,0.735515,0.735515,0.000000,horizon_mpc_secbf,8,0.037801,true,osqp,optimal,75,4.072656,0,-0.053127,accept,false,0.743936,-0.095180,0.633971,0.110919,,,0.643601,0.836841,1.109431,3.247129
crossing,context_ext,SEESM w/o Feasibility-Preserving Update,18,1.800,-1.157478,0.173173,0.633971,0.110919,0.173206,0.100000,-0.756000,0.000000,0.580000,cyclist,crossing,distracted,1.221754,1.000000,0.625000,1.563526,0.963526,0.642398,0.642398,0.642398,0.642398,0.788642,1.431040,0.335523,0.963526,0.174884,-0.467514,-0.467514,0.466230,horizon_mpc_secbf,8,-0.466087,true,osqp,optimal,5225,23.604069,0,0.011904,accept,false,0.743354,-0.099626,0.098575,0.735596,,,0.742171,0.822721,1.183648,3.185709
crossing,context_ext,SEESM w/o Feasibility-Preserving Update,19,1.900,-1.147621,0.246732,0.098575,0.735596,1.437583,0.100000,-0.698000,0.000000,0.580000,cyclist,crossing,distracted,,0.000000,0.625000,1.564953,0.964953,0.306875,0.306875,0.306875,0.306875,0.000000,0.306875,0.000000,0.964953,0.964953,0.658078,0.658078,0.000055,horizon_mpc_secbf,8,-0.000048,true,osqp,optimal,50,3.378358,0,-0.088340,accept,false,0.740832,-0.116912,0.602773,0.139492,,,0.618703,0.780740,1.245519,3.186575
crossing,context_ext,SEESM w/o Feasibility-Preserving Update,20,2.000,-1.087343,0.260682,0.602773,0.139492,0.227414,0.100000,-0.640000,0.000000,0.580000,cyclist,crossing,distracted,1.192702,1.000000,0.625000,1.490306,0.890306,0.643836,0.643836,0.643836,0.643836,0.746342,1.390178,0.336961,0.890306,0.143964,-0.499872,-0.499872,0.500675,horizon_mpc_secbf,8,-0.500032,true,osqp,optimal,3400,13.197264,0,-0.002105,accept,false,0.739946,-0.122395,0.121663,0.735574,,,0.745567,0.766016,1.320075,3.129295
crossing,context_ext,SEESM w/o Feasibility-Preserving Update,21,2.100,-1.075177,0.334239,0.121663,0.735574,1.406882,0.100000,-0.582000,0.000000,0.580000,cyclist,crossing,distracted,3065.426903,0.999997,0.625000,1.490146,0.890146,0.504874,0.504874,0.504874,0.504874,0.000000,0.504874,0.000000,0.890146,0.902889,0.398014,0.385272,0.000406,horizon_mpc_secbf,8,-0.000401,true,osqp,optimal,50,4.143026,0,-0.075020,accept,false,0.736820,-0.139985,0.388516,0.329050,,,0.509136,0.486284,1.370989,3.130184
crossing,context_ext,SEESM w/o Feasibility-Preserving Update,22,2.200,-1.036325,0.367144,0.388516,0.329050,0.702715,0.100000,-0.524000,0.000000,0.580000,cyclist,crossing,distracted,1.832656,1.000000,0.625000,1.444082,0.844082,0.612159,0.612159,0.612159,0.612159,0.459670,1.071829,0.107284,0.844082,0.384412,-0.227747,-0.227747,0.238316,horizon_mpc_secbf,8,-0.235482,true,osqp,optimal,6050,24.308964,0,-0.011628,accept,false,0.734972,-0.149386,0.149267,0.734365,,,0.749381,0.470659,1.445927,3.098409
crossing,context_ext,SEESM w/o Feasibility-Preserving Update,23,2.300,-1.021399,0.440580,0.149267,0.734365,1.370268,0.100000,-0.466000,0.000000,0.580000,cyclist,crossing,distracted,44.242897,1.000000,0.625000,1.442020,0.842020,0.504875,0.504875,0.504875,0.504875,0.003047,0.507922,0.000000,0.842020,0.838973,0.334098,0.334098,0.000480,horizon_mpc_secbf,8,-0.000475,true,osqp,optimal,50,2.922824,0,-0.075500,accept,false,0.731145,-0.167113,0.354081,0.365707,,,0.509033,0.421731,1.496830,3.099315
crossing,context_ext,SEESM w/o Feasibility-Preserving Update,24,2.400,-0.985991,0.477151,0.354081,0.365707,0.801548,0.100000,-0.408000,0.000000,0.580000,cyclist,crossing,distracted,1.954428,1.000000,0.625000,1.401024,0.801024,0.606131,0.606131,0.606131,0.606131,0.408179,1.014310,0.101256,0.801024,0.392845,-0.213286,-0.213286,0.240723,horizon_mpc_secbf,8,-0.238557,true,osqp,optimal,4375,19.363065,0,-0.018579,accept,false,0.728704,-0.177455,0.176121,0.723246,,,0.744382,0.399380,1.571269,3.073254
crossing,context_ext,SEESM w/o Feasibility-Preserving Update,25,2.500,-0.968378,0.549476,0.176121,0.723246,1.331931,0.100000,-0.350000,0.000000,0.580000,cyclist,crossing,distracted,18.755729,1.000000,0.625000,1.396599,0.796599,0.504875,0.504875,0.504875,0.504875,0.024231,0.529106,0.000000,0.796599,0.772368,0.267493,0.267493,0.000574,horizon_mpc_secbf,8,-0.000570,true,osqp,optimal,50,3.242703,0,-0.076127,accept,false,0.724194,-0.195048,0.311112,0.415109,,,0.518755,0.336410,1.623144,3.074156
crossing,context_ext,SEESM w/o Feasibility-Preserving Update,26,2.600,-0.937267,0.590987,0.311112,0.415109,0.927633,0.100000,-0.292000,0.000000,0.580000,cyclist,crossing,distracted,2.217086,1.000000,0.625000,1.362200,0.762200,0.593129,0.593129,0.593129,0.593129,0.340945,0.934074,0.088254,0.762200,0.421255,-0.171874,-0.171874,0.216483,horizon_mpc_secbf,8,-0.214511,true,osqp,optimal,2675,11.566744,0,-0.025147,accept,false,0.721028,-0.206442,0.203791,0.711785,,,0.740384,0.315491,1.697182,3.055290
crossing,context_ext,SEESM w/o Feasibility-Preserving Update,27,2.700,-0.916888,0.662165,0.203791,0.711785,1.291946,0.100000,-0.234000,0.000000,0.580000,cyclist,crossing,distracted,11.487662,1.000000,0.625000,1.355424,0.755424,0.504875,0.504875,0.504875,0.504875,0.044772,0.549647,0.000000,0.755424,0.710651,0.205776,0.205776,0.000664,horizon_mpc_secbf,8,-0.000660,true,osqp,optimal,50,3.482683,0,-0.077645,accept,false,0.715815,-0.223849,0.277152,0.464818,,,0.541174,0.257632,1.751300,3.056187
crossing,context_ext,SEESM w/o Feasibility-Preserving Update,28,2.800,-0.889173,0.708647,0.277152,0.464818,1.033131,0.100000,-0.176000,0.000000,0.580000,cyclist,crossing,distracted,2.565723,1.000000,0.625000,1.327051,0.727051,0.575872,0.575872,0.575872,0.575872,0.278695,0.854567,0.070997,0.727051,0.448355,-0.127516,-0.127516,0.188525,horizon_mpc_secbf,8,-0.186871,true,osqp,optimal,3275,14.297165,0,-0.032124,accept,false,0.711838,-0.236193,0.232259,0.699993,,,0.737519,0.239422,1.825052,3.044064
crossing,context_ext,SEESM w/o Feasibility-Preserving Update,29,2.900,-0.865947,0.778646,0.232259,0.699993,1.250425,0.100000,-0.118000,0.000000,0.580000,cyclist,crossing,distracted,8.104337,1.000000,0.625000,1.317964,0.717964,0.504875,0.504875,0.504875,0.504875,0.064228,0.569103,0.000000,0.717964,0.653736,0.148861,0.148861,0.000748,horizon_mpc_secbf,8,-0.000745,true,osqp,optimal,50,3.097460,0,-0.080493,accept,false,0.705908,-0.253365,0.254285,0.515716,,,0.574999,0.185588,1.882552,3.044957
crossing,context_ext,SEESM w/o Feasibility-Preserving Update,30,3.000,-0.840519,0.830218,0.254285,0.515716,1.112707,0.100000,-0.060000,0.000000,0.580000,cyclist,crossing,distracted,3.036763,1.000000,0.625000,1.295015,0.695015,0.552555,0.552555,0.552555,0.552555,0.221197,0.773752,0.047680,0.695015,0.473818,-0.078738,-0.078738,0.154962,horizon_mpc_secbf,8,-0.153802,true,osqp,optimal,2650,10.956229,0,-0.039613,accept,false,0.701020,-0.266590,0.261578,0.687848,,,0.735906,0.172286,1.956142,3.038983
crossing,context_ext,SEESM w/o Feasibility-Preserving Update,31,3.100,-0.814361,0.899003,0.261578,0.687848,1.207400,0.100000,-0.002000,0.000000,0.580000,cyclist,crossing,distracted,6.180365,1.000000,0.625000,1.283690,0.683690,0.504875,0.504875,0.504875,0.504875,0.082065,0.586940,0.000000,0.683690,0.601626,0.096751,0.096751,0.000885,horizon_mpc_secbf,8,-0.000752,true,osqp,optimal,150,5.190486,0,-0.064030,accept,false,0.694361,-0.283483,0.243730,0.597012,,,0.644847,0.092573,2.020627,3.039874
crossing,context_ext,SEESM w/o Feasibility-Preserving Update,32,3.200,-0.789988,0.958704,0.243730,0.597012,1.183198,0.100000,0.056000,0.000000,0.580000,cyclist,crossing,distracted,4.199039,1.000000,0.625000,1.267656,0.667656,0.504875,0.504875,0.504875,0.504875,0.143590,0.648465,0.000000,0.667656,0.524067,0.019192,0.019192,0.070696,horizon_mpc_secbf,8,-0.070195,true,osqp,optimal,8250,27.470805,0,-0.047745,accept,false,0.688193,-0.298145,0.292454,0.675058,,,0.735685,0.092007,2.094195,3.040559
crossing,context_ext,SEESM w/o Feasibility-Preserving Update,33,3.300,-0.760742,1.026210,0.292454,0.675058,1.161978,0.100000,0.114000,0.000000,0.580000,cyclist,crossing,distracted,4.972214,1.000000,0.625000,1.254194,0.654194,0.504875,0.504875,0.504875,0.504875,0.097674,0.602549,0.000000,0.654194,0.556521,0.051646,0.051646,0.044056,horizon_mpc_secbf,8,-0.043917,true,osqp,optimal,9075,33.759926,0,-0.052118,accept,false,0.680780,-0.314704,0.308908,0.668242,,,0.736187,0.017810,2.167814,3.041449
crossing,context_ext,SEESM w/o Feasibility-Preserving Update,34,3.400,-0.729852,1.093034,0.308908,0.668242,1.137786,0.100000,0.172000,0.000000,0.580000,cyclist,crossing,distracted,4.530163,1.000000,0.625000,1.239741,0.639741,0.504875,0.504875,0.504875,0.504875,0.103950,0.608825,0.000000,0.639741,0.535791,0.030916,0.030916,0.070019,horizon_mpc_secbf,8,-0.070018,true,osqp,optimal,2875,13.178114,0,-0.056398,accept,false,0.672965,-0.331086,0.325400,0.661411,,,0.737123,0.017851,2.241526,3.042339
crossing,context_ext,SEESM w/o Feasibility-Preserving Update,35,3.500,-0.697311,1.159175,0.325400,0.661411,1.113586,0.100000,0.230000,0.000000,0.580000,cyclist,crossing,distracted,4.159143,1.000000,0.625000,1.224366,0.624366,0.504875,0.504875,0.504875,0.504875,0.109026,0.613901,0.000000,0.624366,0.515340,0.010465,0.010465,0.095232,horizon_mpc_secbf,8,-0.094944,true,osqp,optimal,2475,10.652999,0,-0.060411,accept,false,0.664748,-0.347289,0.341961,0.654552,,,0.738495,0.017924,2.315376,3.043232
crossing,context_ext,SEESM w/o Feasibility-Preserving Update,36,3.600,-0.663115,1.224630,0.341961,0.654552,1.089363,0.100000,0.288000,0.000000,0.580000,cyclist,crossing,distracted,3.844195,1.000000,0.625000,1.208148,0.608148,0.512587,0.512587,0.512587,0.512587,0.112766,0.625354,0.007712,0.608148,0.495381,-0.017206,-0.017206,0.127376,horizon_mpc_secbf,8,-0.126093,true,osqp,optimal,5850,22.082151,0,-0.063899,accept,false,0.656128,-0.363313,0.358618,0.647653,,,0.740311,0.018030,2.389407,3.044128
crossing,context_ext,SEESM w/o Feasibility-Preserving Update,37,3.700,-0.627254,1.289395,0.358618,0.647653,1.065101,0.100000,0.346000,0.000000,0.580000,cyclist,crossing,distracted,3.574863,1.000000,0.625000,1.191173,0.591173,0.525919,0.525919,0.525919,0.525919,0.115018,0.640937,0.013332,0.591173,0.476155,-0.049764,-0.049764,0.164385,horizon_mpc_secbf,8,-0.161010,true,osqp,optimal,2575,11.123381,0,-0.066503,accept,false,0.647101,-0.379158,0.375405,0.640700,,,0.742580,0.018169,2.463665,3.045029
crossing,context_ext,SEESM w/o Feasibility-Preserving Update,38,3.800,-0.589713,1.353465,0.375405,0.640700,1.040787,0.100000,0.404000,0.000000,0.580000,cyclist,crossing,distracted,3.343779,1.000000,0.625000,1.173537,0.573537,0.537358,0.537358,0.537358,0.537358,0.115603,0.652961,0.011439,0.573537,0.457934,-0.079424,-0.079424,0.198839,horizon_mpc_secbf,8,-0.191774,true,osqp,optimal,3225,15.749844,0,-0.067754,accept,false,0.637665,-0.394821,0.392354,0.633675,,,0.745309,0.018347,2.538196,3.045934
crossing,context_ext,SEESM w/o Feasibility-Preserving Update,39,3.900,-0.550478,1.416833,0.392354,0.633675,1.016398,0.100000,0.462000,0.000000,0.580000,cyclist,crossing,distracted,3.145695,1.000000,0.625000,1.155347,0.555347,0.547163,0.547163,0.547163,0.547163,0.114331,0.661494,0.009805,0.555347,0.441016,-0.106147,-0.106147,0.231126,horizon_mpc_secbf,8,-0.218181,true,osqp,optimal,3400,14.548074,0,-0.067080,accept,false,0.627816,-0.410301,0.409494,0.626574,,,0.748519,0.018552,2.613048,3.046846
crossing,context_ext,SEESM w/o Feasibility-Preserving Update,40,4.000,-0.509528,1.479490,0.409494,0.626574,0.991934,0.100000,0.520000,0.000000,0.580000,cyclist,crossing,distracted,2.977449,1.000000,0.625000,1.136726,0.536726,0.555491,0.555491,0.555491,0.555491,0.110968,0.666459,0.008328,0.536726,0.425758,-0.129733,-0.129733,0.264196,horizon_mpc_secbf,8,-0.242065,true,osqp,optimal,3875,17.766510,0,-0.062854,accept,false,0.617550,-0.425596,0.424425,0.615857,,,0.747942,0.018379,2.687842,3.047765
crossing,context_ext,SEESM w/o Feasibility-Preserving Update,41,4.100,-0.467086,1.541076,0.424425,0.615857,0.967381,0.100000,0.578000,0.000000,0.580000,cyclist,crossing,distracted,2.806288,1.000000,0.625000,1.117632,0.517632,0.563964,0.563964,0.563964,0.563964,0.108563,0.672527,0.008472,0.517632,0.409069,-0.154895,-0.154895,0.302760,horizon_mpc_secbf,8,-0.267560,true,osqp,optimal,3375,14.091738,0,-0.054575,accept,false,0.606923,-0.440619,0.437563,0.602721,,,0.744804,0.018579,2.762322,3.048683
crossing,context_ext,SEESM w/o Feasibility-Preserving Update,42,4.200,-0.423330,1.601348,0.437563,0.602721,0.942846,0.100000,0.636000,0.000000,0.580000,cyclist,crossing,distracted,2.641433,1.000000,0.625000,1.098076,0.498076,0.572124,0.572124,0.572124,0.572124,0.106292,0.678416,0.008160,0.498076,0.391784,-0.180340,-0.180340,0.343754,horizon_mpc_secbf,8,-0.291734,true,osqp,optimal,3550,15.842303,0,-0.042742,accept,false,0.595980,-0.455310,0.450540,0.589744,,,0.742149,0.018352,2.836537,3.049593
crossing,context_ext,SEESM w/o Feasibility-Preserving Update,43,4.300,-0.378276,1.660322,0.450540,0.589744,0.918422,0.100000,0.694000,0.000000,0.580000,cyclist,crossing,distracted,2.502125,1.000000,0.625000,1.078205,0.478205,0.579020,0.579020,0.579020,0.579020,0.101745,0.680764,0.006896,0.478205,0.376461,-0.202559,-0.202559,0.383265,horizon_mpc_secbf,8,-0.310940,true,osqp,optimal,2250,11.422844,0,-0.027624,accept,false,0.584727,-0.469675,0.463384,0.576899,,,0.739957,0.018165,2.910533,3.050496
crossing,context_ext,SEESM w/o Feasibility-Preserving Update,44,4.400,-0.331937,1.718012,0.463384,0.576899,0.894087,0.100000,0.752000,0.000000,0.580000,cyclist,crossing,distracted,2.386629,1.000000,0.625000,1.058182,0.458182,0.584737,0.584737,0.584737,0.584737,0.094758,0.679495,0.005717,0.458182,0.363425,-0.221312,-0.221312,0.420131,horizon_mpc_secbf,8,-0.324791,true,osqp,optimal,2400,10.701243,0,-0.009991,accept,false,0.573165,-0.483716,0.476119,0.564155,,,0.738214,0.018016,2.984355,3.051394
crossing,context_ext,SEESM w/o Feasibility-Preserving Update,45,4.500,-0.284325,1.774428,0.476119,0.564155,0.869825,0.100000,0.810000,0.000000,0.580000,cyclist,crossing,distracted,2.294480,1.000000,0.625000,1.038184,0.438184,0.589298,0.589298,0.589298,0.589298,0.085170,0.674469,0.004561,0.438184,0.353014,-0.236284,-0.236284,0.452649,horizon_mpc_secbf,8,-0.332802,true,osqp,optimal,2150,11.160419,0,0.008973,accept,false,0.561299,-0.497437,0.488766,0.551522,,,0.736932,0.017876,3.058048,3.052286
crossing,context_ext,SEESM w/o Feasibility-Preserving Update,46,4.600,-0.235449,1.829580,0.488766,0.551522,0.845651,0.100000,0.868000,0.000000,0.580000,cyclist,crossing,distracted,2.227005,1.000000,0.625000,1.018412,0.418412,0.592638,0.592638,0.592638,0.592638,0.072798,0.665436,0.003340,0.418412,0.345614,-0.247025,-0.247025,0.478762,horizon_mpc_secbf,8,-0.334401,true,osqp,optimal,2625,12.010935,0,0.027813,accept,false,0.549129,-0.510840,0.501350,0.538920,,,0.736062,0.017809,3.131654,3.053176
crossing,context_ext,SEESM w/o Feasibility-Preserving Update,47,4.700,-0.185314,1.883472,0.501350,0.538920,0.821498,0.100000,0.926000,0.000000,0.580000,cyclist,crossing,distracted,2.186210,1.000000,0.625000,0.999078,0.399078,0.594658,0.594658,0.594658,0.594658,0.057565,0.652223,0.002019,0.399078,0.341513,-0.253145,-0.253145,0.496422,horizon_mpc_secbf,8,-0.329281,true,osqp,optimal,2325,11.744730,0,0.045131,accept,false,0.536657,-0.523926,0.513895,0.526377,,,0.735636,0.017740,3.205217,3.054063
crossing,context_ext,SEESM w/o Feasibility-Preserving Update,48,4.800,-0.133924,1.936110,0.513895,0.526377,0.797397,0.100000,0.984000,0.000000,0.580000,cyclist,crossing,distracted,2.177754,1.000000,0.625000,0.980425,0.380425,0.595076,0.595076,0.595076,0.595076,0.039329,0.634405,0.000419,0.380425,0.341096,-0.253980,-0.253980,0.502645,horizon_mpc_secbf,8,-0.323393,true,osqp,optimal,2250,14.854293,0,0.058823,accept,false,0.523886,-0.536697,0.526420,0.513849,,,0.735635,0.017716,3.278781,3.054948
crossing,context_ext,SEESM w/o Feasibility-Preserving Update,49,4.900,-0.081282,1.987495,0.526420,0.513849,0.773314,0.100000,1.042000,0.000000,0.580000,cyclist,crossing,distracted,2.210417,1.000000,0.625000,0.962717,0.362717,0.593459,0.593459,0.593459,0.593459,0.018066,0.611525,0.000000,0.362717,0.344651,-0.248809,-0.248809,0.494625,horizon_mpc_secbf,8,-0.306176,true,osqp,optimal,2175,11.266038,0,0.067070,accept,false,0.510814,-0.549153,0.538957,0.501333,,,0.736077,0.017715,3.352389,3.055833
crossing,context_ext,SEESM w/o Feasibility-Preserving Update,50,5.000,-0.027386,2.037628,0.538957,0.501333,0.749247,0.100000,1.100000,0.000000,0.580000,cyclist,crossing,distracted,2.300495,1.000000,0.625000,0.946242,0.346242,0.589000,0.589000,0.589000,0.589000,0.000000,0.589000,0.000000,0.346242,0.352472,-0.236528,-0.242759,0.478473,horizon_mpc_secbf,8,-0.288325,true,osqp,optimal,2850,13.708040,0,0.071063,accept,false,0.497442,-0.561295,0.551505,0.488763,,,0.736918,0.017761,3.426080,3.056720
crossing,context_ext,SEESM w/o Feasibility-Preserving Update,51,5.100,0.027764,2.086504,0.551505,0.488763,0.725157,0.100000,1.158000,0.000000,0.580000,cyclist,crossing,distracted,2.477285,1.000000,0.625000,0.931310,0.331310,0.580249,0.580249,0.580249,0.580249,0.000000,0.580249,0.000000,0.331310,0.364736,-0.215513,-0.248940,0.468529,horizon_mpc_secbf,8,-0.283276,true,osqp,optimal,2500,12.288996,0,0.072308,accept,false,0.483769,-0.573121,0.564108,0.476160,,,0.738205,0.017823,3.499901,3.057608
crossing,context_ext,SEESM w/o Feasibility-Preserving Update,52,5.200,0.084175,2.134120,0.564108,0.476160,0.701055,0.100000,1.216000,0.000000,0.580000,cyclist,crossing,distracted,2.802874,1.000000,0.625000,0.918257,0.318257,0.564133,0.564133,0.564133,0.564133,0.000000,0.564133,0.000000,0.318257,0.381665,-0.182468,-0.245876,0.443685,horizon_mpc_secbf,8,-0.269923,true,osqp,optimal,2650,11.782231,0,0.071374,accept,false,0.469795,-0.584630,0.576781,0.463488,,,0.739931,0.017922,3.573894,3.058499
crossing,context_ext,SEESM w/o Feasibility-Preserving Update,53,5.300,0.141853,2.180469,0.576781,0.463488,0.676918,0.100000,1.274000,0.000000,0.580000,cyclist,crossing,distracted,3.424088,1.000000,0.625000,0.907435,0.307435,0.533383,0.533383,0.533383,0.533383,0.000000,0.533383,0.000000,0.307435,0.403364,-0.130018,-0.225948,0.392329,horizon_mpc_secbf,8,-0.243459,true,osqp,optimal,3900,18.415492,0,0.064431,accept,false,0.455518,-0.595821,0.589548,0.450721,,,0.742103,0.018055,3.648104,3.059394
crossing,context_ext,SEESM w/o Feasibility-Preserving Update,54,5.400,0.200808,2.225541,0.589548,0.450721,0.652729,0.100000,1.332000,0.000000,0.580000,cyclist,crossing,distracted,4.797212,1.000000,0.625000,0.899210,0.299210,0.504875,0.504875,0.504875,0.504875,0.000000,0.504875,0.000000,0.299210,0.429897,-0.074978,-0.205665,0.338300,horizon_mpc_secbf,8,-0.214954,true,osqp,optimal,3100,15.440786,0,0.040206,accept,false,0.440936,-0.606692,0.623636,0.416627,,,0.750000,0.048212,3.723104,3.060293
crossing,context_ext,SEESM w/o Feasibility-Preserving Update,55,5.500,0.263171,2.267204,0.623636,0.416627,0.588967,0.100000,1.390000,0.000000,0.580000,cyclist,crossing,distracted,6.275563,1.000000,0.625000,0.892251,0.292251,0.504875,0.504875,0.504875,0.504875,0.000000,0.504875,0.000000,0.292251,0.462365,-0.042510,-0.212624,0.311139,horizon_mpc_secbf,8,-0.214954,true,osqp,optimal,3300,17.553330,0,0.051952,accept,false,0.425937,-0.617315,0.623630,0.416636,,,0.750000,0.000011,3.798104,3.058249
crossing,context_ext,SEESM w/o Feasibility-Preserving Update,56,5.600,0.325534,2.308867,0.623630,0.416636,0.588982,0.100000,1.448000,0.000000,0.580000,cyclist,crossing,distracted,,0.000000,0.625000,0.889920,0.289920,0.306875,0.306875,0.306875,0.306875,0.000000,0.306875,0.000000,0.289920,0.289920,-0.016955,-0.016955,0.066344,horizon_mpc_secbf,8,-0.015168,true,osqp,optimal,4025,23.048442,0,0.043602,accept,false,0.410671,-0.627574,0.626408,0.409907,,,0.748606,0.007279,3.872965,3.058045
crossing,context_ext,SEESM w/o Feasibility-Preserving Update,57,5.700,0.388175,2.349858,0.626408,0.409907,0.579447,0.100000,1.506000,0.000000,0.580000,cyclist,crossing,distracted,,0.000000,0.625000,0.891707,0.291707,0.306875,0.306875,0.306875,0.306875,0.000000,0.306875,0.000000,0.291707,0.291707,-0.015168,-0.015168,0.025930,horizon_mpc_secbf,8,-0.009982,true,osqp,optimal,4500,22.555339,0,0.038299,accept,false,0.395189,-0.637437,0.633512,0.392756,,,0.745382,0.018564,3.947503,3.058961
crossing,context_ext,SEESM w/o Feasibility-Preserving Update,58,5.800,0.451526,2.389134,0.633512,0.392756,0.554972,0.100000,1.564000,0.000000,0.580000,cyclist,crossing,distracted,,0.000000,0.625000,0.896893,0.296893,0.306875,0.306875,0.306875,0.306875,0.000000,0.306875,0.000000,0.296893,0.296893,-0.009982,-0.009982,0.001935,horizon_mpc_secbf,8,-0.001185,true,osqp,optimal,1575,14.397278,0,0.055160,accept,false,0.379544,-0.646874,0.640530,0.375824,,,0.742646,0.018329,4.021768,3.059869
crossing,context_ext,SEESM w/o Feasibility-Preserving Update,59,5.900,0.515579,2.426716,0.640530,0.375824,0.530611,0.100000,1.622000,0.000000,0.580000,cyclist,crossing,distracted,,0.000000,0.625000,0.905690,0.305690,0.306875,0.306875,0.306875,0.306875,0.000000,0.306875,0.000000,0.305690,0.305690,-0.001185,-0.001185,0.000631,horizon_mpc_secbf,8,-0.000310,true,osqp,optimal,475,6.584910,0,-0.029946,accept,false,0.363737,-0.655893,0.724676,0.172677,,,0.744965,0.219884,4.096264,3.060770
crossing,context_ext,SEESM w/o Feasibility-Preserving Update,60,6.000,0.588047,2.443984,0.724676,0.172677,0.233919,0.100000,1.680000,0.000000,0.580000,cyclist,crossing,distracted,,0.000000,0.625000,0.906565,0.306565,0.306875,0.306875,0.306875,0.306875,0.000000,0.306875,0.000000,0.306565,0.306565,-0.000310,-0.000310,0.000340,horizon_mpc_secbf,8,0.000108,true,osqp,optimal,250,5.482065,0,-0.040430,accept,false,0.348164,-0.664291,0.735588,0.062081,,,0.738203,0.111133,4.170084,3.041572
crossing,context_ext,SEESM w/o Feasibility-Preserving Update,61,6.100,0.661606,2.450192,0.735588,0.062081,0.084197,0.100000,1.738000,0.000000,0.580000,cyclist,crossing,distracted,,0.000000,0.625000,0.906983,0.306983,0.306875,0.306875,0.306875,0.306875,0.000000,0.306875,0.000000,0.306983,0.306983,0.000108,0.000108,0.000310,horizon_mpc_secbf,8,-0.000122,true,osqp,optimal,200,4.938948,0,-0.055060,accept,false,0.333078,-0.671981,0.735601,-0.070716,,,0.738992,0.132797,4.243984,3.013691
crossing,context_ext,SEESM w/o Feasibility-Preserving Update,62,6.200,0.735166,2.443120,0.735601,-0.070716,-0.095840,0.100000,1.796000,0.000000,0.580000,cyclist,crossing,distracted,,0.000000,0.625000,0.906753,0.306753,0.306875,0.306875,0.306875,0.306875,0.000000,0.306875,0.000000,0.306753,0.306753,-0.000122,-0.000122,0.000254,horizon_mpc_secbf,8,-0.000064,true,osqp,optimal,150,11.248273,0,-0.061124,accept,false,0.318828,-0.678858,0.711582,-0.204269,,,0.740321,0.135695,4.318016,2.975349
crossing,context_ext,SEESM w/o Feasibility-Preserving Update,63,6.300,0.806324,2.422693,0.711582,-0.204269,-0.279546,0.100000,1.854000,0.000000,0.580000,cyclist,crossing,distracted,,0.000000,0.625000,0.906811,0.306811,0.306875,0.306875,0.306875,0.306875,0.000000,0.306875,0.000000,0.306811,0.306811,-0.000064,-0.000064,0.000247,horizon_mpc_secbf,8,-0.000194,true,osqp,optimal,125,5.917501,1,-0.071887,accept,false,0.305847,-0.684805,0.652938,-0.345876,,,0.738890,0.153270,4.391905,2.927140
crossing,context_ext,SEESM w/o Feasibility-Preserving Update,64,6.400,0.871618,2.388106,0.652938,-0.345876,-0.487142,0.100000,1.912000,0.000000,0.580000,cyclist,crossing,distracted,,0.000000,0.625000,0.906681,0.306681,0.306875,0.306875,0.306875,0.306875,0.000000,0.306875,0.000000,0.306681,0.306681,-0.000194,-0.000194,0.000082,horizon_mpc_secbf,8,-0.000070,true,osqp,optimal,50,9.046905,0,-0.078077,accept,false,0.294946,-0.689570,0.561612,-0.478671,,,0.737926,0.161167,4.465697,2.869294
crossing,context_ext,SEESM w/o Feasibility-Preserving Update,65,6.500,0.927779,2.340238,0.561612,-0.478671,-0.705837,0.100000,1.970000,0.000000,0.580000,cyclist,crossing,distracted,,0.000000,0.625000,0.906805,0.306805,0.306875,0.306875,0.306875,0.306875,0.000000,0.306875,0.000000,0.306805,0.306805,-0.000070,-0.000070,0.000000,horizon_mpc_secbf,8,0.007752,true,osqp,optimal,50,12.981385,1,-0.004687,accept,false,0.286855,-0.692975,0.497238,-0.543031,,,0.736294,0.091029,4.539326,2.803390
crossing,context_ext,SEESM w/o Feasibility-Preserving Update,66,6.600,0.977503,2.285935,0.497238,-0.543031,-0.829390,0.100000,2.028000,0.000000,0.580000,cyclist,crossing,distracted,,0.000000,0.625000,0.914627,0.314627,0.306875,0.306875,0.306875,0.306875,0.000000,0.306875,0.000000,0.314627,0.314627,0.007752,0.007752,0.000000,horizon_mpc_secbf,8,0.029530,true,osqp,optimal,75,4.388511,0,0.144315,accept,false,0.280463,-0.695587,0.478081,-0.562199,,,0.737990,0.027100,4.613125,2.734313
crossing,context_ext,SEESM w/o Feasibility-Preserving Update,67,6.700,1.025311,2.229716,0.478081,-0.562199,-0.866083,0.100000,2.086000,0.000000,0.580000,cyclist,crossing,distracted,,0.000000,0.625000,0.936405,0.336405,0.306875,0.306875,0.306875,0.306875,0.000000,0.306875,0.000000,0.336405,0.336405,0.029530,0.029530,0.000000,horizon_mpc_secbf,8,0.065338,true,osqp,optimal,75,5.850642,0,0.311640,accept,false,0.274365,-0.698014,0.464936,-0.575344,,,0.739720,0.018590,4.687097,2.664396
crossing,context_ext,SEESM w/o Feasibility-Preserving Update,68,6.800,1.071805,2.172181,0.464936,-0.575344,-0.891135,0.100000,2.144000,0.000000,0.580000,cyclist,crossing,distracted,,0.000000,0.625000,0.972213,0.372213,0.306875,0.306875,0.306875,0.306875,0.000000,0.306875,0.000000,0.372213,0.372213,0.065338,0.065338,0.000000,horizon_mpc_secbf,8,0.113898,true,osqp,optimal,75,7.597167,0,0.482294,accept,false,0.268375,-0.700339,0.451038,-0.589242,,,0.742052,0.019655,4.761303,2.593937
crossing,context_ext,SEESM w/o Feasibility-Preserving Update,69,6.900,1.116908,2.113257,0.451038,-0.589242,-0.917478,0.100000,2.202000,0.000000,0.580000,cyclist,crossing,distracted,,0.000000,0.625000,1.020773,0.420773,0.306875,0.306875,0.306875,0.306875,0.000000,0.306875,0.000000,0.420773,0.420773,0.113898,0.113898,0.000000,horizon_mpc_secbf,8,0.173637,true,osqp,optimal,75,9.970203,0,0.650722,accept,false,0.262527,-0.702552,0.435468,-0.604811,,,0.745271,0.022019,4.835830,2.522862
crossing,context_ext,SEESM w/o Feasibility-Preserving Update,70,7.000,1.160455,2.052776,0.435468,-0.604811,-0.946769,0.100000,2.260000,0.000000,0.580000,cyclist,crossing,distracted,,0.000000,0.625000,1.080512,0.480512,0.306875,0.306875,0.306875,0.306875,0.000000,0.306875,0.000000,0.480512,0.480512,0.173637,0.173637,0.000000,horizon_mpc_secbf,8,0.242938,true,osqp,optimal,75,4.800427,0,0.814023,accept,false,0.256894,-0.704631,0.417777,-0.621164,,,0.748587,0.024091,4.910689,2.451043
crossing,context_ext,SEESM w/o Feasibility-Preserving Update,71,7.100,1.202233,1.990659,0.417777,-0.621164,-0.978717,0.100000,2.318000,0.000000,0.580000,cyclist,crossing,distracted,,0.000000,0.625000,1.149813,0.549813,0.306875,0.306875,0.306875,0.306875,0.000000,0.306875,0.000000,0.549813,0.549813,0.242938,0.242938,0.000000,horizon_mpc_secbf,8,0.319787,true,osqp,optimal,75,5.425365,0,0.966379,accept,false,0.251562,-0.706553,0.394499,-0.632783,,,0.745683,0.026017,4.985257,2.378442
crossing,context_ext,SEESM w/o Feasibility-Preserving Update,72,7.200,1.241683,1.927381,0.394499,-0.632783,-1.013324,0.100000,2.376000,0.000000,0.580000,cyclist,crossing,distracted,,0.000000,0.625000,1.226662,0.626662,0.306875,0.306875,0.306875,0.306875,0.000000,0.306875,0.000000,0.626662,0.626662,0.319787,0.319787,0.000000,horizon_mpc_secbf,8,0.402712,true,osqp,optimal,100,4.918510,0,1.110519,accept,false,0.246671,-0.708275,0.368855,-0.643412,,,0.741642,0.027759,5.059421,2.305652
crossing,context_ext,SEESM w/o Feasibility-Preserving Update,73,7.300,1.278568,1.863040,0.368855,-0.643412,-1.050255,0.100000,2.434000,0.000000,0.580000,cyclist,crossing,distracted,,0.000000,0.625000,1.309587,0.709587,0.306875,0.306875,0.306875,0.306875,0.000000,0.306875,0.000000,0.709587,0.709587,0.402712,0.402712,0.000000,horizon_mpc_secbf,8,0.490638,true,osqp,optimal,100,4.695792,0,1.248830,accept,false,0.242330,-0.709772,0.342132,-0.654482,,,0.738512,0.028926,5.133272,2.232801
crossing,context_ext,SEESM w/o Feasibility-Preserving Update,74,7.400,1.312781,1.797592,0.342132,-0.654482,-1.089113,0.100000,2.492000,0.000000,0.580000,cyclist,crossing,distracted,,0.000000,0.625000,1.397513,0.797513,0.306875,0.306875,0.306875,0.306875,0.000000,0.306875,0.000000,0.797513,0.797513,0.490638,0.490638,0.000000,horizon_mpc_secbf,8,0.582727,true,osqp,optimal,100,10.814411,0,1.382801,accept,false,0.238635,-0.711023,0.314724,-0.665834,,,0.736469,0.029666,5.206919,2.159838
crossing,context_ext,SEESM w/o Feasibility-Preserving Update,75,7.500,1.344254,1.731008,0.314724,-0.665834,-1.129246,0.100000,2.550000,0.000000,0.580000,cyclist,crossing,distracted,,0.000000,0.625000,1.489602,0.889602,0.306875,0.306875,0.306875,0.306875,0.000000,0.306875,0.000000,0.889602,0.889602,0.582727,0.582727,0.000000,horizon_mpc_secbf,8,0.678344,true,osqp,optimal,100,19.652960,0,1.513756,accept,false,0.235686,-0.712006,0.287032,-0.677304,,,0.735615,0.029973,5.280481,2.086719
crossing,context_ext,SEESM w/o Feasibility-Preserving Update,76,7.600,1.372957,1.663278,0.287032,-0.677304,-1.169954,0.100000,2.608000,0.000000,0.580000,cyclist,crossing,distracted,,0.000000,0.625000,1.585219,0.985219,0.306875,0.306875,0.306875,0.306875,0.000000,0.306875,0.000000,0.985219,0.985219,0.678344,0.678344,0.000000,horizon_mpc_secbf,8,0.777025,true,osqp,optimal,100,4.673009,0,1.642977,accept,false,0.233575,-0.712701,0.259779,-0.688592,,,0.735965,0.029498,5.354077,2.013409
crossing,context_ext,SEESM w/o Feasibility-Preserving Update,77,7.700,1.398935,1.594419,0.259779,-0.688592,-1.210045,0.100000,2.666000,0.000000,0.580000,cyclist,crossing,distracted,,0.000000,0.625000,1.683900,1.083900,0.306875,0.306875,0.306875,0.306875,0.000000,0.306875,0.000000,1.083900,1.083900,0.777025,0.777025,0.000000,horizon_mpc_secbf,8,0.878528,true,osqp,optimal,100,12.389084,0,1.772463,accept,false,0.232384,-0.713090,0.235668,-0.698579,,,0.737260,0.026098,5.427803,1.939886
crossing,context_ext,SEESM w/o Feasibility-Preserving Update,78,7.800,1.422502,1.524561,0.235668,-0.698579,-1.245432,0.100000,2.724000,0.000000,0.580000,cyclist,crossing,distracted,,0.000000,0.625000,1.785403,1.185403,0.306875,0.306875,0.306875,0.306875,0.000000,0.306875,0.000000,1.185403,1.185403,0.878528,0.878528,0.000000,horizon_mpc_secbf,8,0.983240,true,osqp,optimal,100,21.980175,0,1.908900,accept,false,0.232093,-0.713185,0.228862,-0.701398,,,0.737792,0.007366,5.501582,1.866165
crossing,context_ext,SEESM w/o Feasibility-Preserving Update,79,7.900,1.445388,1.454421,0.228862,-0.701398,-1.255394,0.100000,2.782000,0.000000,0.580000,cyclist,crossing,distracted,,0.000000,0.625000,1.890115,1.290115,0.306875,0.306875,0.306875,0.306875,0.000000,0.306875,0.000000,1.290115,1.290115,0.983240,0.983240,0.000000,horizon_mpc_secbf,8,1.090901,true,osqp,optimal,100,14.344539,0,2.045673,accept,false,0.232070,-0.713192,0.227676,-0.701889,,,0.737892,0.001284,5.575371,1.792385
crossing,context_ext,SEESM w/o Feasibility-Preserving Update,80,8.000,1.468156,1.384232,0.227676,-0.701889,-1.257129,0.100000,2.840000,0.000000,0.580000,cyclist,crossing,distracted,,0.000000,0.625000,1.997776,1.397776,0.306875,0.306875,0.306875,0.306875,0.000000,0.306875,0.000000,1.397776,1.397776,1.090901,1.090901,0.000000,horizon_mpc_secbf,8,1.201101,true,osqp,optimal,150,7.148608,0,2.180867,accept,false,0.232098,-0.713183,0.227499,-0.701973,,,0.737917,0.000196,5.649163,1.718596
crossing,context_ext,SEESM w/o Feasibility-Preserving Update,81,8.100,1.490905,1.314035,0.227499,-0.701973,-1.257392,0.100000,2.898000,0.000000,0.580000,cyclist,crossing,distracted,,0.000000,0.625000,2.107976,1.507976,0.306875,0.306875,0.306875,0.306875,0.000000,0.306875,0.000000,1.507976,1.507976,1.201101,1.201101,0.000000,horizon_mpc_secbf,8,1.313468,true,osqp,optimal,125,6.588118,0,2.314508,accept,false,0.232138,-0.713170,0.227500,-0.701975,,,0.737919,0.000003,5.722955,1.644805
crossing,context_ext,SEESM w/o Feasibility-Preserving Update,82,8.200,1.513655,1.243837,0.227500,-0.701975,-1.257391,0.100000,2.956000,0.000000,0.580000,cyclist,crossing,distracted,,0.000000,0.625000,2.220343,1.620343,0.306875,0.306875,0.306875,0.306875,0.000000,0.306875,0.000000,1.620343,1.620343,1.313468,1.313468,0.000000,horizon_mpc_secbf,8,1.427688,true,osqp,optimal,100,6.072802,0,2.446876,accept,false,0.232180,-0.713157,0.227530,-0.701949,,,0.737904,0.000039,5.796745,1.571013
crossing,context_ext,SEESM w/o Feasibility-Preserving Update,83,8.300,1.536408,1.173642,0.227530,-0.701949,-1.257342,0.100000,3.014000,0.000000,0.580000,cyclist,crossing,distracted,,0.000000,0.625000,2.334563,1.734563,0.306875,0.306875,0.306875,0.306875,0.000000,0.306875,0.000000,1.734563,1.734563,1.427688,1.427688,0.000000,horizon_mpc_secbf,8,1.543504,true,osqp,optimal,100,4.380080,0,2.578267,accept,false,0.232226,-0.713142,0.227572,-0.701932,,,0.737900,0.000046,5.870535,1.497222
crossing,context_ext,SEESM w/o Feasibility-Preserving Update,84,8.400,1.559166,1.103449,0.227572,-0.701932,-1.257281,0.100000,3.072000,0.000000,0.580000,cyclist,crossing,distracted,,0.000000,0.625000,2.450379,1.850379,0.306875,0.306875,0.306875,0.306875,0.000000,0.306875,0.000000,1.850379,1.850379,1.543504,1.543504,0.000000,horizon_mpc_secbf,8,1.660699,true,osqp,optimal,100,5.211157,0,2.708892,accept,false,0.232274,-0.713126,0.227618,-0.701913,,,0.737897,0.000049,5.944325,1.423432
crossing,context_ext,SEESM w/o Feasibility-Preserving Update,85,8.500,1.581927,1.033258,0.227618,-0.701913,-1.257214,0.100000,3.130000,0.000000,0.580000,cyclist,crossing,distracted,,0.000000,0.625000,2.567574,1.967574,0.306875,0.306875,0.306875,0.306875,0.000000,0.306875,0.000000,1.967574,1.967574,1.660699,1.660699,0.000000,horizon_mpc_secbf,8,1.779093,true,osqp,optimal,100,4.591911,0,2.838925,accept,false,0.232324,-0.713110,0.227666,-0.701893,,,0.737893,0.000052,6.018114,1.349643
crossing,context_ext,SEESM w/o Feasibility-Preserving Update,86,8.600,1.604694,0.963069,0.227666,-0.701893,-1.257143,0.100000,3.188000,0.000000,0.580000,cyclist,crossing,distracted,,0.000000,0.625000,2.685968,2.085968,0.306875,0.306875,0.306875,0.306875,0.000000,0.306875,0.000000,2.085968,2.085968,1.779093,1.779093,0.000000,horizon_mpc_secbf,8,1.898534,true,osqp,optimal,100,4.828962,0,2.968504,accept,false,0.232377,-0.713092,0.227717,-0.701872,,,0.737888,0.000055,6.091903,1.275854
crossing,context_ext,SEESM w/o Feasibility-Preserving Update,87,8.700,1.627466,0.892882,0.227717,-0.701872,-1.257069,0.100000,3.246000,0.000000,0.580000,cyclist,crossing,distracted,,0.000000,0.625000,2.805409,2.205409,0.306875,0.306875,0.306875,0.306875,0.000000,0.306875,0.000000,2.205409,2.205409,1.898534,1.898534,0.000000,horizon_mpc_secbf,8,2.018893,true,osqp,optimal,75,4.911530,0,3.097734,accept,false,0.232434,-0.713074,0.227769,-0.701846,,,0.737880,0.000058,6.165691,1.202065
crossing,context_ext,SEESM w/o Feasibility-Preserving Update,88,8.800,1.650243,0.822697,0.227769,-0.701846,-1.256991,0.100000,3.304000,0.000000,0.580000,cyclist,crossing,distracted,,0.000000,0.625000,2.925768,2.325768,0.306875,0.306875,0.306875,0.306875,0.000000,0.306875,0.000000,2.325768,2.325768,2.018893,2.018893,0.000000,horizon_mpc_secbf,8,2.140062,true,osqp,optimal,75,4.600752,0,3.226706,accept,false,0.232494,-0.713054,0.227827,-0.701823,,,0.737876,0.000063,6.239479,1.128277
crossing,context_ext,SEESM w/o Feasibility-Preserving Update,89,8.900,1.673025,0.752515,0.227827,-0.701823,-1.256906,0.100000,3.362000,0.000000,0.580000,cyclist,crossing,distracted,,0.000000,0.625000,3.046937,2.446937,0.306875,0.306875,0.306875,0.306875,0.000000,0.306875,0.000000,2.446937,2.446937,2.140062,2.140062,0.000000,horizon_mpc_secbf,8,2.261947,true,osqp,optimal,75,9.297043,0,3.355482,accept,false,0.232559,-0.713033,0.227890,-0.701798,,,0.737872,0.000067,6.313266,1.054489
crossing,context_ext,SEESM w/o Feasibility-Preserving Update,90,9.000,1.695814,0.682335,0.227890,-0.701798,-1.256816,0.100000,3.420000,0.000000,0.580000,cyclist,crossing,distracted,,0.000000,0.625000,3.168822,2.568822,0.306875,0.306875,0.306875,0.306875,0.000000,0.306875,0.000000,2.568822,2.568822,2.261947,2.261947,0.000000,horizon_mpc_secbf,8,2.384470,true,osqp,optimal,75,4.723444,0,3.484116,accept,false,0.232628,-0.713011,0.227956,-0.701771,,,0.737867,0.000072,6.387053,0.980702
crossing,context_ext,SEESM w/o Feasibility-Preserving Update,91,9.100,1.718610,0.612158,0.227956,-0.701771,-1.256718,0.100000,3.478000,0.000000,0.580000,cyclist,crossing,distracted,,0.000000,0.625000,3.291345,2.691345,0.306875,0.306875,0.306875,0.306875,0.000000,0.306875,0.000000,2.691345,2.691345,2.384470,2.384470,0.000000,horizon_mpc_secbf,8,2.507561,true,osqp,optimal,75,4.630045,0,3.612649,accept,false,0.232704,-0.712986,0.228028,-0.701742,,,0.737861,0.000078,6.460839,0.906916
crossing,context_ext,SEESM w/o Feasibility-Preserving Update,92,9.200,1.741413,0.541983,0.228028,-0.701742,-1.256613,0.100000,3.536000,0.000000,0.580000,cyclist,crossing,distracted,,0.000000,0.625000,3.414436,2.814436,0.306875,0.306875,0.306875,0.306875,0.000000,0.306875,0.000000,2.814436,2.814436,2.507561,2.507561,0.000000,horizon_mpc_secbf,8,2.631161,true,osqp,optimal,75,4.769338,0,3.741111,accept,false,0.232785,-0.712959,0.228106,-0.701710,,,0.737855,0.000084,6.534624,0.833130
crossing,context_ext,SEESM w/o Feasibility-Preserving Update,93,9.300,1.764223,0.471812,0.228106,-0.701710,-1.256499,0.100000,3.594000,0.000000,0.580000,cyclist,crossing,distracted,,0.000000,0.625000,3.538036,2.938036,0.306875,0.306875,0.306875,0.306875,0.000000,0.306875,0.000000,2.938036,2.938036,2.631161,2.631161,0.000000,horizon_mpc_secbf,8,2.755217,true,osqp,optimal,75,4.733838,0,3.869529,accept,false,0.232875,-0.712930,0.228192,-0.701675,,,0.737848,0.000093,6.608409,0.759344
crossing,context_ext,SEESM w/o Feasibility-Preserving Update,94,9.400,1.787043,0.401645,0.228192,-0.701675,-1.256374,0.100000,3.652000,0.000000,0.580000,cyclist,crossing,distracted,,0.000000,0.625000,3.662092,3.062092,0.306875,0.306875,0.306875,0.306875,0.000000,0.306875,0.000000,3.062092,3.062092,2.755217,2.755217,0.000000,horizon_mpc_secbf,8,2.879687,true,osqp,optimal,75,4.988674,0,3.997923,accept,false,0.232975,-0.712897,0.228287,-0.701636,,,0.737840,0.000102,6.682193,0.685560
crossing,context_ext,SEESM w/o Feasibility-Preserving Update,95,9.500,1.809871,0.331481,0.228287,-0.701636,-1.256236,0.100000,3.710000,0.000000,0.580000,cyclist,crossing,distracted,,0.000000,0.625000,3.786562,3.186562,0.306875,0.306875,0.306875,0.306875,0.000000,0.306875,0.000000,3.186562,3.186562,2.879687,2.879687,0.000000,horizon_mpc_secbf,8,3.004528,true,osqp,optimal,75,9.204453,0,4.126308,accept,false,0.233086,-0.712861,0.228393,-0.701593,,,0.737832,0.000115,6.755976,0.611776
crossing,context_ext,SEESM w/o Feasibility-Preserving Update,96,9.600,1.832711,0.261322,0.228393,-0.701593,-1.256081,0.100000,3.768000,0.000000,0.580000,cyclist,crossing,distracted,,0.000000,0.625000,3.911403,3.311403,0.306875,0.306875,0.306875,0.306875,0.000000,0.306875,0.000000,3.311403,3.311403,3.004528,3.004528,0.000000,horizon_mpc_secbf,8,3.129708,true,osqp,optimal,75,4.671311,0,4.254695,accept,false,0.233213,-0.712819,0.228513,-0.701543,,,0.737822,0.000130,6.829758,0.537992
crossing,context_ext,SEESM w/o Feasibility-Preserving Update,97,9.700,1.855562,0.191168,0.228513,-0.701543,-1.255905,0.100000,3.826000,0.000000,0.580000,cyclist,crossing,distracted,,0.000000,0.625000,4.036583,3.436583,0.306875,0.306875,0.306875,0.306875,0.000000,0.306875,0.000000,3.436583,3.436583,3.129708,3.129708,0.000000,horizon_mpc_secbf,8,3.255195,true,osqp,optimal,75,4.610219,0,4.383095,accept,false,0.233361,-0.712771,0.228652,-0.701486,,,0.737810,0.000151,6.903539,0.464210
crossing,context_ext,SEESM w/o Feasibility-Preserving Update,98,9.800,1.878427,0.121019,0.228652,-0.701486,-1.255701,0.100000,3.884000,0.000000,0.580000,cyclist,crossing,distracted,,0.000000,0.625000,4.162070,3.562070,0.306875,0.306875,0.306875,0.306875,0.000000,0.306875,0.000000,3.562070,3.562070,3.255195,3.255195,0.000000,horizon_mpc_secbf,8,3.380962,true,osqp,optimal,75,4.973129,0,4.511513,accept,false,0.233537,-0.712714,0.228818,-0.701417,,,0.737797,0.000179,6.977319,0.390429
crossing,context_ext,SEESM w/o Feasibility-Preserving Update,99,9.900,1.901309,0.050877,0.228818,-0.701417,-1.255460,0.100000,3.942000,0.000000,0.580000,cyclist,crossing,distracted,,0.000000,0.625000,4.287837,3.687837,0.306875,0.306875,0.306875,0.306875,0.000000,0.306875,0.000000,3.687837,3.687837,3.380962,3.380962,0.000000,horizon_mpc_secbf,8,3.506985,true,osqp,optimal,75,4.822842,0,4.639957,accept,false,0.233754,-0.712642,0.229021,-0.701333,,,0.737780,0.000220,7.051097,0.316650
crossing,context_ext,SEESM w/o Feasibility-Preserving Update,100,10.000,1.924211,-0.019256,0.229021,-0.701333,-1.255163,0.100000,4.000000,0.000000,0.580000,cyclist,crossing,distracted,,0.000000,0.625000,4.413860,3.813860,0.306875,0.306875,0.306875,0.306875,0.000000,0.306875,0.000000,3.813860,3.813860,3.506985,3.506985,0.000000,horizon_mpc_secbf,8,3.633243,true,osqp,optimal,75,8.506816,0,4.768428,accept,false,0.234040,-0.712548,0.229285,-0.701224,,,0.737758,0.000286,7.124873,0.242872
crossing,context_ext,SEESM w/o Feasibility-Preserving Update,101,10.100,1.947140,-0.089378,0.229285,-0.701224,-1.254776,0.100000,4.058000,0.000000,0.580000,cyclist,crossing,distracted,,0.000000,0.625000,4.540118,3.940118,0.306875,0.306875,0.306875,0.306875,0.000000,0.306875,0.000000,3.940118,3.940118,3.633243,3.633243,0.000000,horizon_mpc_secbf,8,3.759716,true,osqp,optimal,75,5.050211,0,4.896931,accept,false,0.234454,-0.712412,0.229663,-0.701067,,,0.737727,0.000409,7.198646,0.169096
crossing,context_ext,SEESM w/o Feasibility-Preserving Update,102,10.200,1.970106,-0.159485,0.229663,-0.701067,-1.254223,0.100000,4.116000,0.000000,0.580000,cyclist,crossing,distracted,,0.000000,0.625000,4.666591,4.066591,0.306875,0.306875,0.306875,0.306875,0.000000,0.306875,0.000000,4.066591,4.066591,3.759716,3.759716,0.000000,horizon_mpc_secbf,8,3.886386,true,osqp,optimal,75,4.716259,0,5.025468,accept,false,0.235205,-0.712165,0.230332,-0.700791,,,0.737672,0.000723,7.272413,0.095324
crossing,context_ext,SEESM w/o Feasibility-Preserving Update,103,10.300,1.993139,-0.229564,0.230332,-0.700791,-1.253245,0.100000,4.174000,0.000000,0.580000,cyclist,crossing,distracted,,0.000000,0.625000,4.793261,4.193261,0.306875,0.306875,0.306875,0.306875,0.000000,0.306875,0.000000,4.193261,4.193261,3.886386,3.886386,0.000000,horizon_mpc_secbf,8,3.970142,true,osqp,optimal,50,4.631179,0,4.723281,accept,false,0.068610,-0.204358,0.096356,-0.289532,,,0.305144,0.432532,7.302927,0.021557
crossing,context_ext,SEESM w/o Feasibility-Preserving Update,104,10.400,2.002775,-0.258517,0.096356,-0.289532,-1.249525,0.100000,4.232000,0.000000,0.580000,cyclist,crossing,distracted,,0.000000,0.625000,4.877017,4.277017,0.306875,0.306875,0.306875,0.306875,0.000000,0.306875,0.000000,4.277017,4.277017,3.970142,3.970142,0.000000,horizon_mpc_secbf,8,4.021422,true,osqp,optimal,50,4.827451,0,4.482431,accept,false,-0.027747,0.085174,-0.006454,0.020884,,,0.021859,0.326998,7.305113,0.008958
crossing,context_ext,SEESM w/o Feasibility-Preserving Update,105,10.500,2.002129,-0.256429,-0.006454,0.020884,1.870522,0.100000,4.290000,0.000000,0.580000,cyclist,crossing,distracted,,0.000000,0.625000,4.928297,4.328297,0.306875,0.306875,0.306875,0.306875,0.000000,0.306875,0.000000,4.328297,4.328297,4.021422,4.021422,0.000000,horizon_mpc_secbf,8,4.069009,true,osqp,optimal,50,4.886377,0,4.496808,accept,false,-0.021293,0.064289,-0.018747,0.056842,,,0.059854,0.038001,7.311098,0.006772
crossing,context_ext,SEESM w/o Feasibility-Preserving Update,106,10.600,2.000255,-0.250745,-0.018747,0.056842,1.889368,0.100000,4.348000,0.000000,0.580000,cyclist,crossing,distracted,,0.000000,0.625000,4.975884,4.375884,0.306875,0.306875,0.306875,0.306875,0.000000,0.306875,0.000000,4.375884,4.375884,4.069009,4.069009,0.000000,horizon_mpc_secbf,8,4.120986,true,osqp,optimal,50,9.061935,0,4.588300,accept,false,-0.002546,0.007447,-0.005326,0.015922,,,0.016789,0.043065,7.312777,0.000787
crossing,context_ext,SEESM w/o Feasibility-Preserving Update,107,10.700,1.999722,-0.249153,-0.005326,0.015922,1.893578,0.100000,4.406000,0.000000,0.580000,cyclist,crossing,distracted,,0.000000,0.625000,5.027861,4.427861,0.306875,0.306875,0.306875,0.306875,0.000000,0.306875,0.000000,4.427861,4.427861,4.120986,4.120986,0.000000,horizon_mpc_secbf,8,4.175184,true,osqp,optimal,50,4.555395,0,4.662487,accept,false,0.002780,-0.008475,0.001389,-0.004289,,,0.004508,0.021297,7.313228,0.000892
crossing,context_ext,SEESM w/o Feasibility-Preserving Update,108,10.800,1.999861,-0.249581,0.001389,-0.004289,-1.257606,0.100000,4.464000,0.000000,0.580000,cyclist,crossing,distracted,,0.000000,0.625000,5.082059,4.482059,0.306875,0.306875,0.306875,0.306875,0.000000,0.306875,0.000000,4.482059,4.482059,4.175184,4.175184,0.000000,horizon_mpc_secbf,8,4.229466,true,osqp,optimal,50,4.461627,0,4.717549,accept,false,0.001391,-0.004186,0.001390,-0.004204,,,0.004427,0.000085,7.313671,0.000441
crossing,context_ext,SEESM w/o Feasibility-Preserving Update,109,10.900,2.000000,-0.250002,0.001390,-0.004204,-1.251366,0.100000,4.522000,0.000000,0.580000,cyclist,crossing,distracted,,0.000000,0.625000,5.136341,4.536341,0.306875,0.306875,0.306875,0.306875,0.000000,0.306875,0.000000,4.536341,4.536341,4.229466,4.229466,0.000000,horizon_mpc_secbf,8,4.283407,true,osqp,optimal,25,4.266401,0,4.768428,accept,false,0.000000,0.000018,0.000251,-0.000011,,,0.000251,0.004345,7.313696,0.000002
crossing,context_ext,SEESM w/o Feasibility-Preserving Update,110,11.000,2.000025,-0.250003,0.000251,-0.000011,-0.043827,0.100000,4.580000,0.000000,0.580000,cyclist,crossing,distracted,,0.000000,0.625000,5.190282,4.590282,0.306875,0.306875,0.306875,0.306875,0.000000,0.306875,0.000000,4.590282,4.590282,4.283407,4.283407,0.000000,horizon_mpc_secbf,8,4.337416,true,osqp,optimal,25,4.335559,0,4.823066,accept,false,-0.000251,0.000029,-0.000165,0.000022,,,0.000166,0.000417,7.313713,0.000025
crossing,context_ext,SEESM w/o Feasibility-Preserving Update,111,11.100,2.000009,-0.250001,-0.000165,0.000022,3.010546,0.100000,4.638000,0.000000,0.580000,cyclist,crossing,distracted,,0.000000,0.625000,5.244291,4.644291,0.306875,0.306875,0.306875,0.306875,0.000000,0.306875,0.000000,4.644291,4.644291,4.337416,4.337416,0.000000,horizon_mpc_secbf,8,4.391512,true,osqp,optimal,25,4.378270,0,4.877966,accept,false,-0.000086,0.000007,-0.000100,0.000009,,,0.000100,0.000066,7.313723,0.000009
crossing,context_ext,SEESM w/o Feasibility-Preserving Update,112,11.200,1.999999,-0.250000,-0.000100,0.000009,3.047045,0.100000,4.696000,0.000000,0.580000,cyclist,crossing,distracted,,0.000000,0.625000,5.298387,4.698387,0.306875,0.306875,0.306875,0.306875,0.000000,0.306875,0.000000,4.698387,4.698387,4.391512,4.391512,0.000000,horizon_mpc_secbf,8,4.445695,true,osqp,optimal,25,8.883987,0,4.932939,accept,false,0.000013,-0.000002,-0.000000,-0.000001,,,0.000001,0.000100,7.313723,0.000001
crossing,context_ext,SEESM w/o Feasibility-Preserving Update,113,11.300,1.999999,-0.250000,-0.000000,-0.000001,-1.750062,0.100000,4.754000,0.000000,0.580000,cyclist,crossing,distracted,,0.000000,0.625000,5.352570,4.752570,0.306875,0.306875,0.306875,0.306875,0.000000,0.306875,0.000000,4.752570,4.752570,4.445695,4.445695,0.000000,horizon_mpc_secbf,8,4.499958,true,osqp,optimal,25,4.491670,0,4.987930,accept,false,0.000014,-0.000001,0.000011,-0.000001,,,0.000011,0.000012,7.313724,0.000001
crossing,context_ext,SEESM w/o Feasibility-Preserving Update,114,11.400,2.000000,-0.250000,0.000011,-0.000001,-0.095153,0.100000,4.812000,0.000000,0.580000,cyclist,crossing,distracted,,0.000000,0.625000,5.406833,4.806833,0.306875,0.306875,0.306875,0.306875,0.000000,0.306875,0.000000,4.806833,4.806833,4.499958,4.499958,0.000000,horizon_mpc_secbf,8,4.554297,true,osqp,optimal,25,4.205321,0,5.042969,accept,false,0.000002,0.000000,0.000004,-0.000000,,,0.000004,0.000007,7.313724,0.000000
crossing,context_ext,SEESM w/o Feasibility-Preserving Update,115,11.500,2.000000,-0.250000,0.000004,-0.000000,-0.032529,0.100000,4.870000,0.000000,0.580000,cyclist,crossing,distracted,,0.000000,0.625000,5.461172,4.861172,0.306875,0.306875,0.306875,0.306875,0.000000,0.306875,0.000000,4.861172,4.861172,4.554297,4.554297,0.000000,horizon_mpc_secbf,8,4.608711,true,osqp,optimal,25,4.228411,0,5.098063,accept,false,-0.000002,0.000000,-0.000001,0.000000,,,0.000001,0.000005,7.313724,0.000000
crossing,context_ext,SEESM w/o Feasibility-Preserving Update,116,11.600,2.000000,-0.250000,-0.000001,0.000000,2.910715,0.100000,4.928000,0.000000,0.580000,cyclist,crossing,distracted,,0.000000,0.625000,5.515586,4.915586,0.306875,0.306875,0.306875,0.306875,0.000000,0.306875,0.000000,4.915586,4.915586,4.608711,4.608711,0.000000,horizon_mpc_secbf,8,4.663196,true,osqp,optimal,25,4.387048,0,5.153211,accept,false,-0.000001,0.000000,-0.000001,0.000000,,,0.000001,0.000000,7.313724,0.000000
crossing,context_ext,SEESM w/o Feasibility-Preserving Update,117,11.700,2.000000,-0.250000,-0.000001,0.000000,3.061910,0.100000,4.986000,0.000000,0.580000,cyclist,crossing,distracted,,0.000000,0.625000,5.570071,4.970071,0.306875,0.306875,0.306875,0.306875,0.000000,0.306875,0.000000,4.970071,4.970071,4.663196,4.663196,0.000000,horizon_mpc_secbf,8,4.717753,true,osqp,optimal,25,4.526004,0,5.208410,accept,false,-0.000000,-0.000000,-0.000000,0.000000,,,0.000000,0.000001,7.313725,0.000000
crossing,context_ext,SEESM w/o Feasibility-Preserving Update,118,11.800,2.000000,-0.250000,-0.000000,0.000000,3.138115,0.100000,5.044000,0.000000,0.580000,cyclist,crossing,distracted,,0.000000,0.625000,5.624628,5.024628,0.306875,0.306875,0.306875,0.306875,0.000000,0.306875,0.000000,5.024628,5.024628,4.717753,4.717753,0.000000,horizon_mpc_secbf,8,4.772377,true,osqp,optimal,25,8.981572,0,5.263659,accept,false,0.000000,-0.000000,0.000000,-0.000000,,,0.000000,0.000000,7.313725,0.000000
crossing,context_ext,SEESM w/o Feasibility-Preserving Update,119,11.900,2.000000,-0.250000,0.000000,-0.000000,-0.141495,0.100000,5.102000,0.000000,0.580000,cyclist,crossing,distracted,,0.000000,0.625000,5.679252,5.079252,0.306875,0.306875,0.306875,0.306875,0.000000,0.306875,0.000000,5.079252,5.079252,4.772377,4.772377,0.000000,horizon_mpc_secbf,8,4.827068,true,osqp,optimal,25,4.302617,0,5.318956,accept,false,0.000000,-0.000000,0.000000,-0.000000,,,0.000000,0.000000,7.313725,0.000000
crossing,context_ext,Proposed MPC-SECBF,0,0.000,-2.000000,-0.250000,0.000000,0.000000,0.000000,0.100000,-1.800000,0.000000,0.580000,pedestrian,walking,unknown,5.835878,1.000000,0.625000,2.610077,2.010077,0.256000,0.050000,0.256000,0.050000,0.296875,0.346875,0.050000,2.010077,1.713201,1.663201,1.663201,0.000000,horizon_mpc_secbf,8,0.924427,true,osqp,optimal,75,4.290424,0,0.819113,accept,false,0.750000,0.000000,0.621017,-0.000000,,,0.621017,0.621017,0.062102,4.000000
crossing,context_ext,Proposed MPC-SECBF,1,0.100,-1.937898,-0.250000,0.621017,-0.000000,-0.000000,0.100000,-1.742000,0.000000,0.580000,pedestrian,walking,unknown,2.282422,1.000000,0.625000,2.525687,1.925687,0.297222,0.100000,0.297222,0.100000,0.840665,0.940665,0.050000,1.925687,1.085021,0.985021,0.985021,0.000000,horizon_mpc_secbf,8,0.237599,true,osqp,optimal,75,4.470470,0,0.056528,accept,false,0.750000,0.000000,0.726102,-0.000001,,,0.726102,0.105085,0.134712,3.937898
crossing,context_ext,Proposed MPC-SECBF,2,0.200,-1.865288,-0.250000,0.726102,-0.000001,-0.000001,0.100000,-1.684000,0.000000,0.580000,pedestrian,walking,unknown,1.974130,1.000000,0.625000,2.432841,1.832841,0.304621,0.150000,0.304621,0.150000,0.927883,1.077883,0.050000,1.832841,0.904957,0.754957,0.754957,0.000000,horizon_mpc_secbf,8,0.008807,true,osqp,optimal,75,4.951878,0,-0.181136,accept,false,0.750000,0.000000,0.735589,-0.000002,,,0.735589,0.009486,0.208271,3.865288
crossing,context_ext,Proposed MPC-SECBF,3,0.300,-1.791729,-0.250000,0.735589,-0.000002,-0.000002,0.100000,-1.626000,0.000000,0.580000,pedestrian,walking,unknown,1.858076,1.000000,0.625000,2.339234,1.739234,0.307406,0.200000,0.307406,0.200000,0.935569,1.135569,0.050000,1.739234,0.803665,0.603665,0.603665,0.000189,horizon_mpc_secbf,8,-0.000189,true,osqp,optimal,50,4.906714,0,-0.184871,accept,false,0.750000,0.000000,0.619765,0.091202,,,0.626440,0.147422,0.270915,3.791729
crossing,context_ext,Proposed MPC-SECBF,4,0.400,-1.729753,-0.240880,0.619765,0.091202,0.146107,0.100000,-1.568000,0.000000,0.580000,pedestrian,walking,unknown,2.105235,1.000000,0.625000,2.260363,1.660363,0.301474,0.250000,0.301474,0.250000,0.788340,1.038340,0.050000,1.660363,0.872024,0.622024,0.622024,0.000158,horizon_mpc_secbf,8,-0.000158,true,osqp,optimal,50,9.096237,0,-0.168605,accept,false,0.749998,-0.001834,0.621477,0.089980,,,0.627957,0.002103,0.333710,3.729764
crossing,context_ext,Proposed MPC-SECBF,5,0.500,-1.667605,-0.231882,0.621477,0.089980,0.143785,0.100000,-1.510000,0.000000,0.580000,pedestrian,walking,unknown,1.999758,1.000000,0.625000,2.181287,1.581287,0.304006,0.250000,0.304006,0.250000,0.790349,1.040349,0.000000,1.581287,0.790938,0.540938,0.540938,0.000255,horizon_mpc_secbf,8,-0.000255,true,osqp,optimal,50,4.748913,0,-0.169683,fallback,true,0.749991,-0.003705,0.555916,0.135608,,,0.572217,0.079876,0.390932,3.667650
crossing,context_ext,Proposed MPC-SECBF,6,0.600,-1.612013,-0.218321,0.555916,0.135608,0.239264,0.100000,-1.452000,0.000000,0.580000,pedestrian,walking,unknown,2.124594,1.000000,0.625000,2.110202,1.510202,0.301010,0.250000,0.301010,0.250000,0.710368,0.960368,0.000000,1.510202,0.799834,0.549834,0.549834,0.000236,horizon_mpc_secbf,8,-0.000235,true,osqp,optimal,50,4.644082,0,-0.164843,fallback,true,0.749971,-0.006578,0.558203,0.131781,,,0.573548,0.004459,0.448287,3.612152
crossing,context_ext,Proposed MPC-SECBF,7,0.700,-1.556193,-0.205143,0.558203,0.131781,0.231835,0.100000,-1.394000,0.000000,0.580000,pedestrian,walking,unknown,2.012629,1.000000,0.625000,2.038714,1.438714,0.303697,0.250000,0.303697,0.250000,0.714280,0.964280,0.000000,1.438714,0.724434,0.474434,0.474434,0.000325,horizon_mpc_secbf,8,-0.000325,true,osqp,optimal,50,4.714198,0,-0.168056,fallback,true,0.749940,-0.009460,0.498901,0.172685,,,0.527942,0.072041,0.501081,3.556476
crossing,context_ext,Proposed MPC-SECBF,8,0.800,-1.506303,-0.187875,0.498901,0.172685,0.333223,0.100000,-1.336000,0.000000,0.580000,pedestrian,walking,unknown,2.138426,1.000000,0.625000,1.974437,1.374437,0.300678,0.250000,0.300678,0.250000,0.642094,0.892094,0.000000,1.374437,0.732343,0.482343,0.482343,0.000306,horizon_mpc_secbf,8,-0.000306,true,osqp,optimal,50,4.793685,0,-0.164698,fallback,true,0.749882,-0.013287,0.501700,0.168666,,,0.529293,0.004897,0.554010,3.506853
crossing,context_ext,Proposed MPC-SECBF,9,0.900,-1.456133,-0.171008,0.501700,0.168666,0.324319,0.100000,-1.278000,0.000000,0.580000,pedestrian,walking,unknown,2.023500,1.000000,0.625000,1.909707,1.309707,0.303436,0.250000,0.303436,0.250000,0.646469,0.896469,0.000000,1.309707,0.663238,0.413238,0.413238,0.000386,horizon_mpc_secbf,8,-0.000386,true,osqp,optimal,50,8.924966,0,-0.167938,fallback,true,0.749804,-0.017137,0.448519,0.207226,,,0.494077,0.065689,0.603418,3.457036
crossing,context_ext,Proposed MPC-SECBF,10,1.000,-1.411281,-0.150285,0.448519,0.207226,0.432807,0.100000,-1.220000,0.000000,0.580000,cyclist,crossing,distracted,2.152449,1.000000,0.625000,1.851556,1.251556,0.596329,0.250000,0.596329,0.250000,0.580655,0.830655,0.000000,1.251556,0.670901,0.420901,0.420901,0.000368,horizon_mpc_secbf,8,-0.000368,true,osqp,optimal,50,5.730197,0,-0.160606,fallback,true,0.749680,-0.021914,0.452457,0.212066,,,0.499690,0.006240,0.653387,3.412738
crossing,context_ext,Proposed MPC-SECBF,11,1.100,-1.366035,-0.129079,0.452457,0.212066,0.438295,0.100000,-1.162000,0.000000,0.580000,cyclist,crossing,distracted,2.051212,1.000000,0.625000,1.793373,1.193373,0.601340,0.250000,0.601340,0.250000,0.581123,0.831123,0.000000,1.193373,0.612250,0.362250,0.362250,0.000435,horizon_mpc_secbf,8,-0.000435,true,osqp,optimal,50,4.566976,0,-0.157684,fallback,true,0.749517,-0.026926,0.408480,0.256287,,,0.482223,0.062365,0.701609,3.368207
crossing,context_ext,Proposed MPC-SECBF,12,1.200,-1.325187,-0.103450,0.408480,0.256287,0.560335,0.100000,-1.104000,0.000000,0.580000,cyclist,crossing,distracted,2.193535,1.000000,0.625000,1.741338,1.141338,0.594295,0.250000,0.594295,0.250000,0.519945,0.769945,0.000000,1.141338,0.621393,0.371393,0.371393,0.000416,horizon_mpc_secbf,8,-0.000416,true,osqp,optimal,50,4.535507,0,-0.149603,fallback,true,0.749273,-0.033022,0.414040,0.262303,,,0.490135,0.008192,0.750623,3.328415
crossing,context_ext,Proposed MPC-SECBF,13,1.300,-1.283783,-0.077220,0.414040,0.262303,0.564703,0.100000,-1.046000,0.000000,0.580000,cyclist,crossing,distracted,2.089054,1.000000,0.625000,1.689198,1.089198,0.599467,0.250000,0.599467,0.250000,0.521161,0.771161,0.000000,1.089198,0.568037,0.318037,0.318037,0.000479,horizon_mpc_secbf,8,-0.000479,true,osqp,optimal,50,4.893105,0,-0.146961,fallback,true,0.748964,-0.039408,0.373783,0.302280,,,0.480715,0.056735,0.798694,3.288326
crossing,context_ext,Proposed MPC-SECBF,14,1.400,-1.246405,-0.046992,0.373783,0.302280,0.680027,0.100000,-0.988000,0.000000,0.580000,cyclist,crossing,distracted,2.240011,1.000000,0.625000,1.642651,1.042651,0.591994,0.250000,0.591994,0.250000,0.465389,0.715389,0.000000,1.042651,0.577262,0.327262,0.327262,0.000462,horizon_mpc_secbf,8,-0.000462,true,osqp,optimal,50,4.650139,0,-0.139552,fallback,true,0.748538,-0.046809,0.378780,0.306271,,,0.487110,0.006395,0.847405,3.252746
crossing,context_ext,Proposed MPC-SECBF,15,1.500,-1.208527,-0.016365,0.378780,0.306271,0.679947,0.100000,-0.930000,0.000000,0.580000,cyclist,crossing,distracted,2.131355,1.000000,0.625000,1.595924,0.995924,0.597373,0.250000,0.597373,0.250000,0.467247,0.717247,0.000000,0.995924,0.528677,0.278677,0.278677,0.000521,horizon_mpc_secbf,8,-0.000521,true,osqp,optimal,50,9.086725,0,-0.137177,fallback,true,0.748020,-0.054469,0.341629,0.341970,,,0.483378,0.051523,0.895743,3.217022
crossing,context_ext,Proposed MPC-SECBF,16,1.600,-1.174364,0.017832,0.341629,0.341970,0.785898,0.100000,-0.872000,0.000000,0.580000,cyclist,crossing,distracted,2.291892,1.000000,0.625000,1.554286,0.954286,0.589426,0.250000,0.589426,0.250000,0.416375,0.666375,0.000000,0.954286,0.537911,0.287911,0.287911,0.000506,horizon_mpc_secbf,8,-0.000506,true,osqp,optimal,50,3.870359,0,-0.130370,fallback,true,0.747345,-0.063056,0.346081,0.344133,,,0.488057,0.004950,0.944549,3.185643
crossing,context_ext,Proposed MPC-SECBF,17,1.700,-1.139756,0.052246,0.346081,0.344133,0.782575,0.100000,-0.814000,0.000000,0.580000,cyclist,crossing,distracted,2.178697,1.000000,0.625000,1.512408,0.912408,0.595030,0.250000,0.595030,0.250000,0.418775,0.668775,0.000000,0.912408,0.493633,0.243633,0.243633,0.000561,horizon_mpc_secbf,8,-0.000561,true,osqp,optimal,50,2.848812,0,-0.128225,fallback,true,0.746549,-0.071866,0.311791,0.376012,,,0.488466,0.046820,0.993395,3.154270
crossing,context_ext,Proposed MPC-SECBF,18,1.800,-1.108577,0.089847,0.311791,0.376012,0.878500,0.100000,-0.756000,0.000000,0.580000,cyclist,crossing,distracted,2.350013,1.000000,0.625000,1.475166,0.875166,0.586549,0.250000,0.586549,0.250000,0.372348,0.622348,0.000000,0.875166,0.502819,0.252819,0.252819,0.000548,horizon_mpc_secbf,8,-0.000548,true,osqp,optimal,50,2.973164,0,-0.121948,fallback,true,0.745558,-0.081509,0.315738,0.376585,,,0.491434,0.003989,1.042539,3.127099
crossing,context_ext,Proposed MPC-SECBF,19,1.900,-1.077003,0.127505,0.315738,0.376585,0.873061,0.100000,-0.698000,0.000000,0.580000,cyclist,crossing,distracted,2.231908,1.000000,0.625000,1.437636,0.837636,0.592396,0.250000,0.592396,0.250000,0.375198,0.625198,0.000000,0.837636,0.462438,0.212438,0.212438,0.000599,horizon_mpc_secbf,8,-0.000599,true,osqp,optimal,50,3.209296,0,-0.119990,fallback,true,0.744418,-0.091330,0.284051,0.405026,,,0.494703,0.042579,1.092009,3.100074
crossing,context_ext,Proposed MPC-SECBF,20,2.000,-1.048598,0.168008,0.284051,0.405026,0.959188,0.100000,-0.640000,0.000000,0.580000,cyclist,crossing,distracted,2.415430,1.000000,0.625000,1.404334,0.804334,0.583311,0.250000,0.583311,0.250000,0.332806,0.582806,0.000000,0.804334,0.471529,0.221529,0.221529,0.000587,horizon_mpc_secbf,8,-0.000587,true,osqp,optimal,50,3.527645,0,-0.114174,fallback,true,0.743048,-0.101883,0.287487,0.404189,,,0.496002,0.003536,1.141609,3.077122
crossing,context_ext,Proposed MPC-SECBF,21,2.100,-1.019849,0.208427,0.287487,0.404189,0.952547,0.100000,-0.582000,0.000000,0.580000,cyclist,crossing,distracted,2.292026,1.000000,0.625000,1.370707,0.770707,0.589420,0.250000,0.589420,0.250000,0.336019,0.586019,0.000000,0.770707,0.434688,0.184688,0.184688,0.000636,horizon_mpc_secbf,8,-0.000636,true,osqp,optimal,50,3.263285,0,-0.112355,fallback,true,0.741505,-0.112564,0.258113,0.429470,,,0.501066,0.038755,1.191716,3.054447
crossing,context_ext,Proposed MPC-SECBF,22,2.200,-0.994038,0.251374,0.258113,0.429470,1.029639,0.100000,-0.524000,0.000000,0.580000,cyclist,crossing,distracted,2.489484,1.000000,0.625000,1.340942,0.740942,0.579646,0.250000,0.579646,0.250000,0.297294,0.547294,0.000000,0.740942,0.443648,0.193648,0.193648,0.000626,horizon_mpc_secbf,8,-0.000626,true,osqp,optimal,50,3.335584,0,-0.106928,fallback,true,0.739700,-0.123868,0.260971,0.427323,,,0.500710,0.003575,1.241787,3.035727
crossing,context_ext,Proposed MPC-SECBF,23,2.300,-0.967941,0.294106,0.260971,0.427323,1.022537,0.100000,-0.466000,0.000000,0.580000,cyclist,crossing,distracted,2.360376,1.000000,0.625000,1.310824,0.710824,0.586036,0.250000,0.586036,0.250000,0.300789,0.550789,0.000000,0.710824,0.410035,0.160035,0.160035,0.000672,horizon_mpc_secbf,8,-0.000671,true,osqp,optimal,50,4.983564,0,-0.105194,fallback,true,0.737706,-0.135242,0.233563,0.449602,,,0.506649,0.035321,1.292452,3.017404
crossing,context_ext,Proposed MPC-SECBF,24,2.400,-0.944585,0.339066,0.233563,0.449602,1.091680,0.100000,-0.408000,0.000000,0.580000,cyclist,crossing,distracted,2.573939,1.000000,0.625000,1.284237,0.684237,0.575465,0.250000,0.575465,0.250000,0.265397,0.515397,0.000000,0.684237,0.418841,0.168841,0.168841,0.000663,horizon_mpc_secbf,8,-0.000663,true,osqp,optimal,50,4.818519,0,-0.100080,fallback,true,0.735428,-0.147123,0.235695,0.446137,,,0.504569,0.004069,1.342909,3.002928
crossing,context_ext,Proposed MPC-SECBF,25,2.500,-0.921015,0.383680,0.235695,0.446137,1.084764,0.100000,-0.350000,0.000000,0.580000,cyclist,crossing,distracted,2.438724,1.000000,0.625000,1.257282,0.657282,0.582158,0.250000,0.582158,0.250000,0.269098,0.519098,0.000000,0.657282,0.388184,0.138184,0.138184,0.000706,horizon_mpc_secbf,8,-0.000706,true,osqp,optimal,50,3.846552,0,-0.098364,fallback,true,0.732951,-0.159005,0.209810,0.465406,,,0.510513,0.032270,1.393960,2.988960
crossing,context_ext,Proposed MPC-SECBF,26,2.600,-0.900034,0.430221,0.209810,0.465406,1.147269,0.100000,-0.292000,0.000000,0.580000,cyclist,crossing,distracted,2.671192,1.000000,0.625000,1.233560,0.633560,0.570651,0.250000,0.570651,0.250000,0.236733,0.486733,0.000000,0.633560,0.396827,0.146827,0.146827,0.000698,horizon_mpc_secbf,8,-0.000698,true,osqp,optimal,50,3.325448,0,-0.093477,fallback,true,0.730183,-0.171269,0.210942,0.460449,,,0.506468,0.005085,1.444607,2.978741
crossing,context_ext,Proposed MPC-SECBF,27,2.700,-0.878940,0.476266,0.210942,0.460449,1.141209,0.100000,-0.234000,0.000000,0.580000,cyclist,crossing,distracted,2.529487,1.000000,0.625000,1.209463,0.609463,0.577665,0.250000,0.577665,0.250000,0.240564,0.490564,0.000000,0.609463,0.368899,0.118899,0.118899,0.000739,horizon_mpc_secbf,8,-0.000739,true,osqp,optimal,50,4.015705,0,-0.091699,fallback,true,0.727217,-0.183454,0.185971,0.476447,,,0.511456,0.029656,1.495752,2.969134
crossing,context_ext,Proposed MPC-SECBF,28,2.800,-0.860343,0.523910,0.185971,0.476447,1.198656,0.100000,-0.176000,0.000000,0.580000,cyclist,crossing,distracted,2.784581,1.000000,0.625000,1.188332,0.588332,0.565038,0.250000,0.565038,0.250000,0.210940,0.460940,0.000000,0.588332,0.377392,0.127392,0.127392,0.000732,horizon_mpc_secbf,8,-0.000732,true,osqp,optimal,50,4.152037,0,-0.086943,fallback,true,0.723969,-0.195881,0.185616,0.469534,,,0.504891,0.006923,1.546241,2.963191
crossing,context_ext,Proposed MPC-SECBF,29,2.900,-0.841781,0.570864,0.185616,0.469534,1.194332,0.100000,-0.118000,0.000000,0.580000,cyclist,crossing,distracted,2.636007,1.000000,0.625000,1.166827,0.566827,0.572393,0.250000,0.572393,0.250000,0.214813,0.464813,0.000000,0.566827,0.352014,0.102014,0.102014,0.000841,horizon_mpc_secbf,8,-0.000568,true,osqp,optimal,175,4.381816,0,-0.057456,fallback,true,0.720542,-0.208132,0.147236,0.509754,,,0.530592,0.055594,1.599301,2.957962
crossing,context_ext,Proposed MPC-SECBF,30,3.000,-0.827058,0.621839,0.147236,0.509754,1.289611,0.100000,-0.060000,0.000000,0.580000,cyclist,crossing,distracted,3.437551,1.000000,0.625000,1.150800,0.550800,0.532716,0.250000,0.532716,0.250000,0.159756,0.409756,0.000000,0.550800,0.391044,0.141044,0.141044,0.000726,horizon_mpc_secbf,8,-0.000726,true,osqp,optimal,50,4.359221,0,-0.076910,fallback,true,0.716693,-0.221022,0.180538,0.456382,,,0.490794,0.062909,1.648380,2.958439
crossing,context_ext,Proposed MPC-SECBF,31,3.100,-0.809004,0.667477,0.180538,0.456382,1.194102,0.100000,-0.002000,0.000000,0.580000,cyclist,crossing,distracted,2.418807,1.000000,0.625000,1.128932,0.528932,0.583144,0.260288,0.583144,0.260288,0.218644,0.478932,0.010288,0.528932,0.310288,0.050000,0.050000,0.032645,horizon_mpc_secbf,8,-0.023335,true,osqp,optimal,7900,31.254211,0,-0.029852,project,true,0.712935,-0.232859,0.229063,0.701315,,,0.737775,0.249693,1.722158,2.955041
crossing,context_ext,Proposed MPC-SECBF,32,3.200,-0.786098,0.737609,0.229063,0.701315,1.255100,0.100000,0.056000,0.000000,0.580000,cyclist,crossing,distracted,4.813679,1.000000,0.625000,1.117926,0.517926,0.504875,0.260288,0.504875,0.260288,0.080439,0.340727,0.000000,0.517926,0.437488,0.177199,0.177199,0.000691,horizon_mpc_secbf,8,-0.000680,true,osqp,optimal,50,4.917486,0,-0.072899,fallback,true,0.706901,-0.250581,0.229196,0.466631,,,0.519880,0.234684,1.774146,2.955962
crossing,context_ext,Proposed MPC-SECBF,33,3.300,-0.763178,0.784272,0.229196,0.466631,1.114236,0.100000,0.114000,0.000000,0.580000,cyclist,crossing,distracted,1.967042,1.000000,0.625000,1.092859,0.492859,0.605506,0.193845,0.605506,0.193845,0.249014,0.442859,0.000000,0.492859,0.243845,0.050000,0.050000,0.048686,horizon_mpc_secbf,8,-0.040116,true,osqp,optimal,3725,16.010942,0,-0.038055,project,true,0.702407,-0.262915,0.258016,0.689322,,,0.736028,0.224548,1.847748,2.950402
crossing,context_ext,Proposed MPC-SECBF,34,3.400,-0.737376,0.853204,0.258016,0.689322,1.212636,0.100000,0.172000,0.000000,0.580000,cyclist,crossing,distracted,3.655454,1.000000,0.625000,1.079462,0.479462,0.521930,0.243845,0.521930,0.243845,0.099365,0.343210,0.050000,0.479462,0.380097,0.136252,0.136252,0.000845,horizon_mpc_secbf,8,-0.000277,true,osqp,optimal,175,4.052438,0,-0.057275,accept,false,0.695632,-0.280350,0.217216,0.539005,,,0.581128,0.155756,1.905861,2.951320
crossing,context_ext,Proposed MPC-SECBF,35,3.500,-0.715655,0.907105,0.217216,0.539005,1.187711,0.100000,0.230000,0.000000,0.580000,cyclist,crossing,distracted,2.379908,1.000000,0.625000,1.060077,0.460077,0.585070,0.223364,0.585070,0.223364,0.186713,0.410077,0.000000,0.460077,0.273364,0.050000,0.050000,0.061486,horizon_mpc_secbf,8,-0.055366,true,osqp,optimal,8100,27.728428,0,-0.048583,project,true,0.689978,-0.293991,0.288356,0.676755,,,0.735627,0.155035,1.979424,2.951893
crossing,context_ext,Proposed MPC-SECBF,36,3.600,-0.686819,0.974780,0.288356,0.676755,1.168007,0.100000,0.288000,0.000000,0.580000,cyclist,crossing,distracted,2.892883,1.000000,0.625000,1.044390,0.444390,0.559677,0.273364,0.559677,0.273364,0.115739,0.389103,0.050000,0.444390,0.328652,0.055288,0.055288,0.059763,horizon_mpc_secbf,8,-0.056460,true,osqp,optimal,7825,28.720231,0,-0.055943,accept,false,0.682440,-0.311089,0.305298,0.669738,,,0.736040,0.018338,2.053028,2.952809
crossing,context_ext,Proposed MPC-SECBF,37,3.700,-0.656289,1.041754,0.305298,0.669738,1.143091,0.100000,0.346000,0.000000,0.580000,cyclist,crossing,distracted,2.608737,1.000000,0.625000,1.027642,0.427642,0.573743,0.255754,0.573743,0.255754,0.121887,0.377642,0.000000,0.427642,0.305754,0.050000,0.050000,0.068064,horizon_mpc_secbf,8,-0.067151,true,osqp,optimal,7875,28.672338,0,-0.063117,project,true,0.674476,-0.327998,0.322273,0.662706,,,0.736912,0.018374,2.126719,2.953727
crossing,context_ext,Proposed MPC-SECBF,38,3.800,-0.624062,1.108025,0.322273,0.662706,1.118170,0.100000,0.404000,0.000000,0.580000,cyclist,crossing,distracted,2.363948,1.000000,0.625000,1.009909,0.409909,0.585860,0.233391,0.585860,0.233391,0.126518,0.359909,0.000000,0.409909,0.283391,0.050000,0.050000,0.071466,horizon_mpc_secbf,8,-0.071438,true,osqp,optimal,2950,11.689114,0,-0.069074,project,true,0.666085,-0.344718,0.339315,0.655648,,,0.738247,0.018446,2.200544,2.954646
crossing,context_ext,Proposed MPC-SECBF,39,3.900,-0.590131,1.173589,0.339315,0.655648,1.093226,0.100000,0.462000,0.000000,0.580000,cyclist,crossing,distracted,2.150757,1.000000,0.625000,0.991282,0.391282,0.596413,0.211866,0.596413,0.211866,0.129415,0.341282,0.000000,0.391282,0.261866,0.050000,0.050000,0.077018,horizon_mpc_secbf,8,-0.074443,true,osqp,optimal,2825,12.052947,0,-0.071939,project,true,0.657267,-0.361248,0.356454,0.648548,,,0.740050,0.018552,2.274549,2.955568
crossing,context_ext,Proposed MPC-SECBF,40,4.000,-0.554485,1.238444,0.356454,0.648548,1.068246,0.100000,0.520000,0.000000,0.580000,cyclist,crossing,distracted,1.963620,1.000000,0.625000,0.971861,0.371861,0.605676,0.191534,0.605676,0.191534,0.130327,0.321861,0.000000,0.371861,0.241534,0.050000,0.050000,0.087555,horizon_mpc_secbf,8,-0.075970,true,osqp,optimal,3125,13.432968,0,-0.068740,project,true,0.648019,-0.377587,0.373726,0.641394,,,0.742332,0.018694,2.348782,2.956495
crossing,context_ext,Proposed MPC-SECBF,41,4.100,-0.517113,1.302584,0.373726,0.641394,1.043212,0.100000,0.578000,0.000000,0.580000,cyclist,crossing,distracted,1.798553,1.000000,0.625000,0.951761,0.351761,0.613847,0.172799,0.613847,0.172799,0.128962,0.301761,0.000000,0.351761,0.222799,0.050000,0.050000,0.106705,horizon_mpc_secbf,8,-0.075790,true,osqp,optimal,3125,13.773276,0,-0.055680,project,true,0.638337,-0.393733,0.391163,0.634172,,,0.745105,0.018874,2.423293,2.957427
crossing,context_ext,Proposed MPC-SECBF,42,4.200,-0.477996,1.366001,0.391163,0.634172,1.018108,0.100000,0.636000,0.000000,0.580000,cyclist,crossing,distracted,1.652733,1.000000,0.625000,0.931118,0.331118,0.621065,0.156122,0.621065,0.156122,0.124996,0.281118,0.000000,0.331118,0.206122,0.050000,0.050000,0.137330,horizon_mpc_secbf,8,-0.073640,true,osqp,optimal,5150,25.319247,0,-0.029696,project,true,0.628218,-0.409686,0.408803,0.626862,,,0.748383,0.019095,2.498131,2.958365
crossing,context_ext,Proposed MPC-SECBF,43,4.300,-0.437116,1.428687,0.408803,0.626862,0.992917,0.100000,0.694000,0.000000,0.580000,cyclist,crossing,distracted,1.524240,1.000000,0.625000,0.910087,0.310087,0.627425,0.142012,0.627425,0.142012,0.118075,0.260087,0.000000,0.310087,0.192012,0.050000,0.050000,0.181901,horizon_mpc_secbf,8,-0.071432,true,osqp,optimal,2800,12.147677,0,0.010546,project,true,0.617656,-0.425442,0.424292,0.615989,,,0.747975,0.018924,2.572928,2.959311
crossing,context_ext,Proposed MPC-SECBF,44,4.400,-0.394687,1.490286,0.424292,0.615989,0.967628,0.100000,0.752000,0.000000,0.580000,cyclist,crossing,distracted,1.399529,1.000000,0.625000,0.888696,0.288696,0.633598,0.127469,0.633598,0.127469,0.111228,0.238696,0.000000,0.288696,0.177469,0.050000,0.050000,0.234262,horizon_mpc_secbf,8,-0.068775,true,osqp,optimal,2775,11.337712,0,0.059210,project,true,0.606709,-0.440913,0.437822,0.602460,,,0.744746,0.019134,2.647403,2.960257
crossing,context_ext,Proposed MPC-SECBF,45,4.500,-0.350905,1.550532,0.437822,0.602460,0.942359,0.100000,0.810000,0.000000,0.580000,cyclist,crossing,distracted,1.280525,1.000000,0.625000,0.867008,0.267008,0.639489,0.113104,0.639489,0.113104,0.103904,0.217008,0.000000,0.267008,0.163104,0.050000,0.050000,0.283010,horizon_mpc_secbf,8,-0.063805,true,osqp,optimal,3050,13.499038,0,0.106136,project,true,0.595428,-0.456032,0.451183,0.589100,,,0.742028,0.018894,2.721606,2.961194
crossing,context_ext,Proposed MPC-SECBF,46,4.600,-0.305786,1.609442,0.451183,0.589100,0.917207,0.100000,0.868000,0.000000,0.580000,cyclist,crossing,distracted,1.175403,1.000000,0.625000,0.845221,0.245221,0.644693,0.101914,0.644693,0.101914,0.093307,0.195221,0.000000,0.245221,0.151914,0.050000,0.050000,0.319700,horizon_mpc_secbf,8,-0.072766,true,osqp,optimal,2250,11.400750,0,0.143123,project,true,0.583818,-0.470805,0.464402,0.575874,,,0.739797,0.018700,2.795585,2.962123
crossing,context_ext,Proposed MPC-SECBF,47,4.700,-0.259346,1.667029,0.464402,0.575874,0.892147,0.100000,0.926000,0.000000,0.580000,cyclist,crossing,distracted,1.083432,1.000000,0.625000,0.823562,0.223562,0.649245,0.094354,0.649245,0.094354,0.079208,0.173562,0.000000,0.223562,0.144354,0.050000,0.050000,0.337407,horizon_mpc_secbf,8,-0.073611,true,osqp,optimal,2625,11.193006,0,0.163552,project,true,0.571881,-0.485234,0.477506,0.562769,,,0.738052,0.018532,2.869391,2.963047
crossing,context_ext,Proposed MPC-SECBF,48,4.800,-0.211596,1.723306,0.477506,0.562769,0.867177,0.100000,0.984000,0.000000,0.580000,cyclist,crossing,distracted,1.004737,1.000000,0.625000,0.802288,0.202288,0.653141,0.090891,0.653141,0.090891,0.061397,0.152288,0.000000,0.202288,0.140891,0.050000,0.050000,0.329393,horizon_mpc_secbf,8,-0.079912,true,osqp,optimal,2175,10.697244,0,0.161015,project,true,0.559621,-0.499324,0.490525,0.549760,,,0.736784,0.018405,2.943069,2.963966
crossing,context_ext,Proposed MPC-SECBF,49,4.900,-0.162543,1.778282,0.490525,0.549760,0.842277,0.100000,1.042000,0.000000,0.580000,cyclist,crossing,distracted,0.940262,1.000000,0.625000,0.781691,0.181691,0.656332,0.091937,0.656332,0.091937,0.039753,0.131691,0.001047,0.181691,0.141937,0.050000,0.050000,0.295972,horizon_mpc_secbf,8,-0.099710,true,osqp,optimal,3250,14.780456,0,0.023580,project,true,0.547040,-0.513077,0.591605,0.448679,,,0.742502,0.142949,3.017319,2.964881
crossing,context_ext,Proposed MPC-SECBF,50,5.000,-0.103383,1.823150,0.591605,0.448679,0.648862,0.100000,1.100000,0.000000,0.580000,cyclist,crossing,distracted,0.527608,1.000000,0.625000,0.751206,0.151206,0.660000,0.057798,0.660000,0.057798,0.043408,0.101206,0.000000,0.151206,0.107798,0.050000,0.050000,0.261032,horizon_mpc_secbf,8,-0.075954,true,osqp,optimal,3675,14.615988,0,-0.015102,project,true,0.534155,-0.526477,0.623647,0.416610,,,0.750000,0.045334,3.092319,2.953332
crossing,context_ext,Proposed MPC-SECBF,51,5.100,-0.041018,1.864811,0.623647,0.416610,0.588941,0.100000,1.158000,0.000000,0.580000,cyclist,crossing,distracted,0.427778,1.000000,0.625000,0.720741,0.120741,0.660000,0.076800,0.660000,0.076800,0.000000,0.076800,0.019002,0.120741,0.126800,0.050000,0.043942,0.218649,horizon_mpc_secbf,8,-0.051543,true,osqp,optimal,5400,21.886300,0,-0.019613,project,true,0.520831,-0.539662,0.623618,0.416655,,,0.750000,0.000053,3.167319,2.939078
crossing,context_ext,Proposed MPC-SECBF,52,5.200,0.021344,1.906477,0.623618,0.416655,0.589012,0.100000,1.216000,0.000000,0.580000,cyclist,crossing,distracted,0.407689,1.000000,0.625000,0.694942,0.094942,0.660000,0.108189,0.660000,0.108189,0.000000,0.108189,0.031389,0.094942,0.158189,0.050000,-0.013247,0.217350,horizon_mpc_secbf,8,-0.082934,true,osqp,optimal,4100,17.520692,0,-0.028783,project,true,0.507056,-0.552625,0.623622,0.416647,,,0.750000,0.000009,3.242319,2.926683
crossing,context_ext,Proposed MPC-SECBF,53,5.300,0.083706,1.948141,0.623622,0.416647,0.589000,0.100000,1.274000,0.000000,0.580000,cyclist,crossing,distracted,0.416757,1.000000,0.625000,0.674338,0.074338,0.660000,0.143570,0.660000,0.143570,0.000000,0.143570,0.035381,0.074338,0.193570,0.050000,-0.069232,0.209185,horizon_mpc_secbf,8,-0.118318,true,osqp,optimal,3350,14.255214,0,-0.038424,project,true,0.492846,-0.565334,0.623625,0.416643,,,0.750000,0.000005,3.317319,2.916163
crossing,context_ext,Proposed MPC-SECBF,54,5.400,0.146069,1.989806,0.623625,0.416643,0.588994,0.100000,1.332000,0.000000,0.580000,cyclist,crossing,distracted,0.497674,1.000000,0.625000,0.659417,0.059417,0.660000,0.182448,0.660000,0.182448,0.000000,0.182448,0.038878,0.059417,0.232448,0.050000,-0.123031,0.212870,horizon_mpc_secbf,8,-0.148956,true,osqp,optimal,2675,11.732748,0,-0.029535,project,true,0.478222,-0.577758,0.623615,0.416659,,,0.750000,0.000019,3.392319,2.907540
crossing,context_ext,Proposed MPC-SECBF,55,5.500,0.208430,2.031472,0.623615,0.416659,0.589018,0.100000,1.390000,0.000000,0.580000,cyclist,crossing,distracted,0.885364,1.000000,0.625000,0.650571,0.050571,0.659049,0.224356,0.659049,0.224356,0.000000,0.224356,0.041908,0.050571,0.274356,0.050000,-0.173785,0.220341,horizon_mpc_secbf,8,-0.181094,true,osqp,optimal,3725,17.669365,0,-0.010575,project,true,0.463204,-0.589866,0.623624,0.416645,,,0.750000,0.000016,3.467319,2.900834
crossing,context_ext,Proposed MPC-SECBF,56,5.600,0.270793,2.073136,0.623624,0.416645,0.588997,0.100000,1.448000,0.000000,0.580000,cyclist,crossing,distracted,,0.000000,0.625000,0.648047,0.048047,0.306875,0.000000,0.306875,0.000000,0.000000,0.000000,0.000000,0.048047,0.048047,0.048047,0.048047,0.000499,horizon_mpc_secbf,8,0.003582,true,osqp,optimal,275,3.949163,0,-0.253049,zero,true,0.447818,-0.601630,0.735594,0.066380,,,0.738583,0.367727,3.541177,2.896053
crossing,context_ext,Proposed MPC-SECBF,57,5.700,0.344352,2.079774,0.735594,0.066380,0.089996,0.100000,1.506000,0.000000,0.580000,cyclist,crossing,distracted,0.128236,1.000000,0.625000,0.623638,0.023638,0.660000,0.050000,0.660000,0.050000,0.000000,0.050000,0.050000,0.023638,0.381791,0.331791,-0.026362,0.015350,horizon_mpc_secbf,8,-0.013748,true,osqp,optimal,1775,8.857488,0,0.083093,accept,false,0.434455,-0.611350,0.623564,0.416726,,,0.749995,0.367822,3.616177,2.858149
crossing,context_ext,Proposed MPC-SECBF,58,5.800,0.406708,2.121447,0.623564,0.416726,0.589130,0.100000,1.564000,0.000000,0.580000,cyclist,crossing,distracted,,0.000000,0.625000,0.636252,0.036252,0.306875,0.000000,0.306875,0.000000,0.000000,0.000000,0.000000,0.036252,0.036252,0.036252,0.036252,0.000086,horizon_mpc_secbf,8,0.000191,true,osqp,optimal,100,3.619540,0,-0.272953,zero,true,0.418263,-0.622540,0.724988,-0.171906,,,0.745090,0.597306,3.690686,2.856981
crossing,context_ext,Proposed MPC-SECBF,59,5.900,0.479207,2.104256,0.724988,-0.171906,-0.232815,0.100000,1.622000,0.000000,0.580000,cyclist,crossing,distracted,0.094372,1.000000,0.625000,0.613489,0.013489,0.660000,0.050000,0.660000,0.050000,0.000000,0.050000,0.050000,0.013489,0.536643,0.486643,-0.036511,0.011494,horizon_mpc_secbf,8,-0.008557,true,osqp,optimal,825,9.134722,0,0.226263,accept,false,0.406957,-0.629989,0.628124,0.405752,,,0.747780,0.585723,3.765464,2.802737
crossing,context_ext,Proposed MPC-SECBF,60,6.000,0.542020,2.144831,0.628124,0.405752,0.573540,0.100000,1.680000,0.000000,0.580000,cyclist,crossing,distracted,,0.000000,0.625000,0.641443,0.041443,0.306875,0.000000,0.306875,0.000000,0.000000,0.000000,0.000000,0.041443,0.041443,0.041443,0.041443,0.000000,horizon_mpc_secbf,8,0.030396,true,osqp,optimal,50,4.299346,0,-0.155962,zero,true,0.390010,-0.640618,0.620012,-0.281995,,,0.681129,0.687795,3.833577,2.803734
crossing,context_ext,Proposed MPC-SECBF,61,6.100,0.604021,2.116632,0.620012,-0.281995,-0.426856,0.100000,1.738000,0.000000,0.580000,cyclist,crossing,distracted,1.380553,1.000000,0.625000,0.630396,0.030396,0.634538,0.050000,0.634538,0.050000,0.000000,0.050000,0.050000,0.030396,0.623557,0.573557,-0.019604,0.000465,horizon_mpc_secbf,8,-0.000241,true,osqp,optimal,125,5.050171,0,0.089392,accept,false,0.381044,-0.645992,0.716328,-0.192854,,,0.741834,0.131236,3.907760,2.747673
crossing,context_ext,Proposed MPC-SECBF,62,6.200,0.675654,2.097347,0.716328,-0.192854,-0.262990,0.100000,1.796000,0.000000,0.580000,cyclist,crossing,distracted,,0.000000,0.625000,0.649759,0.049759,0.306875,0.000000,0.306875,0.000000,0.000000,0.000000,0.000000,0.049759,0.049759,0.049759,0.049759,0.000000,horizon_mpc_secbf,8,0.068645,true,osqp,optimal,50,3.316160,0,0.136809,zero,true,0.368534,-0.653210,0.616200,-0.409415,,,0.739813,0.238588,3.981742,2.695168
crossing,context_ext,Proposed MPC-SECBF,63,6.300,0.737274,2.056405,0.616200,-0.409415,-0.586444,0.100000,1.854000,0.000000,0.580000,cyclist,crossing,distracted,,0.000000,0.625000,0.668645,0.068645,0.306875,0.018645,0.306875,0.018645,0.000000,0.018645,0.018645,0.068645,0.068645,0.050000,0.050000,0.000000,horizon_mpc_secbf,8,0.084095,true,osqp,optimal,75,4.390836,0,0.293889,project,true,0.360169,-0.657859,0.584780,-0.455498,,,0.741247,0.055776,4.055866,2.629445
crossing,context_ext,Proposed MPC-SECBF,64,6.400,0.795752,2.010855,0.584780,-0.455498,-0.661756,0.100000,1.912000,0.000000,0.580000,cyclist,crossing,distracted,,0.000000,0.625000,0.702740,0.102740,0.306875,0.052740,0.306875,0.052740,0.000000,0.052740,0.034095,0.102740,0.102740,0.050000,0.050000,0.000000,horizon_mpc_secbf,8,0.099559,true,osqp,optimal,75,4.659013,0,0.461133,project,true,0.352590,-0.661952,0.565175,-0.475101,,,0.738339,0.027724,4.129700,2.561578
crossing,context_ext,Proposed MPC-SECBF,65,6.500,0.852269,1.963345,0.565175,-0.475101,-0.699027,0.100000,1.970000,0.000000,0.580000,cyclist,crossing,distracted,,0.000000,0.625000,0.752299,0.152299,0.306875,0.102299,0.306875,0.102299,0.000000,0.102299,0.049559,0.152299,0.152299,0.050000,0.050000,0.000000,horizon_mpc_secbf,8,0.112696,true,osqp,optimal,75,4.407681,0,0.606657,project,true,0.345255,-0.665807,0.547186,-0.493089,,,0.736579,0.025440,4.203358,2.493227
crossing,context_ext,Proposed MPC-SECBF,66,6.600,0.906988,1.914036,0.547186,-0.493089,-0.733443,0.100000,2.028000,0.000000,0.580000,cyclist,crossing,distracted,,0.000000,0.625000,0.814995,0.214995,0.306875,0.152299,0.306875,0.152299,0.000000,0.152299,0.050000,0.214995,0.214995,0.062696,0.062696,0.000000,horizon_mpc_secbf,8,0.135989,true,osqp,optimal,100,7.740364,0,0.738285,accept,false,0.338128,-0.669454,0.528046,-0.512234,,,0.735674,0.027071,4.276926,2.424403
crossing,context_ext,Proposed MPC-SECBF,67,6.700,0.959792,1.862813,0.528046,-0.512234,-0.770200,0.100000,2.086000,0.000000,0.580000,cyclist,crossing,distracted,,0.000000,0.625000,0.888288,0.288288,0.306875,0.202299,0.306875,0.202299,0.000000,0.202299,0.050000,0.288288,0.288288,0.085989,0.085989,0.000000,horizon_mpc_secbf,8,0.167735,true,osqp,optimal,75,4.137290,0,0.856866,accept,false,0.331277,-0.672871,0.507586,-0.532708,,,0.735813,0.028945,4.350507,2.354997
crossing,context_ext,Proposed MPC-SECBF,68,6.800,1.010551,1.809542,0.507586,-0.532708,-0.809542,0.100000,2.144000,0.000000,0.580000,cyclist,crossing,distracted,,0.000000,0.625000,0.970034,0.370034,0.306875,0.252299,0.306875,0.252299,0.000000,0.252299,0.050000,0.370034,0.370034,0.117735,0.117735,0.000000,horizon_mpc_secbf,8,0.206273,true,osqp,optimal,100,4.488138,0,0.965037,accept,false,0.324780,-0.676031,0.486026,-0.554254,,,0.737169,0.030481,4.424224,2.284890
crossing,context_ext,Proposed MPC-SECBF,69,6.900,1.059154,1.754117,0.486026,-0.554254,-0.850891,0.100000,2.202000,0.000000,0.580000,cyclist,crossing,distracted,,0.000000,0.625000,1.058572,0.458572,0.306875,0.252299,0.306875,0.252299,0.000000,0.252299,0.000000,0.458572,0.458572,0.206273,0.206273,0.000000,horizon_mpc_secbf,8,0.300373,true,osqp,optimal,100,4.795882,0,1.115754,fallback,true,0.318719,-0.678910,0.463659,-0.576620,,,0.739912,0.031631,4.498215,2.213973
crossing,context_ext,Proposed MPC-SECBF,70,7.000,1.105519,1.696455,0.463659,-0.576620,-0.893562,0.100000,2.260000,0.000000,0.580000,cyclist,crossing,distracted,,0.000000,0.625000,1.152672,0.552672,0.306875,0.252299,0.306875,0.252299,0.000000,0.252299,0.000000,0.552672,0.552672,0.300373,0.300373,0.000000,horizon_mpc_secbf,8,0.399136,true,osqp,optimal,100,3.353224,0,1.261532,fallback,true,0.313172,-0.681486,0.440748,-0.599532,,,0.744109,0.032401,4.572626,2.142144
crossing,context_ext,Proposed MPC-SECBF,71,7.100,1.149594,1.636501,0.440748,-0.599532,-0.936864,0.100000,2.318000,0.000000,0.580000,cyclist,crossing,distracted,,0.000000,0.625000,1.251435,0.651435,0.306875,0.252299,0.306875,0.252299,0.000000,0.252299,0.000000,0.651435,0.651435,0.399136,0.399136,0.000000,horizon_mpc_secbf,8,0.501738,true,osqp,optimal,75,4.981350,0,1.402622,fallback,true,0.308220,-0.683740,0.416409,-0.621378,,,0.748001,0.032706,4.647426,2.069318
crossing,context_ext,Proposed MPC-SECBF,72,7.200,1.191235,1.574364,0.416409,-0.621378,-0.980394,0.100000,2.376000,0.000000,0.580000,cyclist,crossing,distracted,,0.000000,0.625000,1.354036,0.754036,0.306875,0.252299,0.306875,0.252299,0.000000,0.252299,0.000000,0.754036,0.754036,0.501738,0.501738,0.000000,horizon_mpc_secbf,8,0.606831,true,osqp,optimal,100,7.932854,0,1.533332,fallback,true,0.303956,-0.685646,0.386739,-0.636004,,,0.744358,0.033079,4.721862,1.995596
crossing,context_ext,Proposed MPC-SECBF,73,7.300,1.229909,1.510763,0.386739,-0.636004,-1.024459,0.100000,2.434000,0.000000,0.580000,cyclist,crossing,distracted,,0.000000,0.625000,1.459130,0.859130,0.306875,0.252299,0.306875,0.252299,0.000000,0.252299,0.000000,0.859130,0.859130,0.606831,0.606831,0.000000,horizon_mpc_secbf,8,0.713828,true,osqp,optimal,100,4.489354,0,1.659945,fallback,true,0.300535,-0.687153,0.355957,-0.648754,,,0.739991,0.033318,4.795861,1.921803
crossing,context_ext,Proposed MPC-SECBF,74,7.400,1.265505,1.445888,0.355957,-0.648754,-1.068968,0.100000,2.492000,0.000000,0.580000,cyclist,crossing,distracted,,0.000000,0.625000,1.566126,0.966126,0.306875,0.252299,0.306875,0.252299,0.000000,0.252299,0.000000,0.966126,0.966126,0.713828,0.713828,0.000000,horizon_mpc_secbf,8,0.822478,true,osqp,optimal,100,4.147926,0,1.785447,fallback,true,0.298072,-0.688224,0.325922,-0.661194,,,0.737158,0.032509,4.869577,1.848112
crossing,context_ext,Proposed MPC-SECBF,75,7.500,1.298097,1.379769,0.325922,-0.661194,-1.112821,0.100000,2.550000,0.000000,0.580000,cyclist,crossing,distracted,,0.000000,0.625000,1.674777,1.074777,0.306875,0.252299,0.306875,0.252299,0.000000,0.252299,0.000000,1.074777,1.074777,0.822478,0.822478,0.000000,horizon_mpc_secbf,8,0.932721,true,osqp,optimal,150,3.811640,0,1.911700,fallback,true,0.296664,-0.688833,0.299601,-0.672104,,,0.735857,0.028493,4.943162,1.774490
crossing,context_ext,Proposed MPC-SECBF,76,7.600,1.328057,1.312558,0.299601,-0.672104,-1.151469,0.100000,2.608000,0.000000,0.580000,cyclist,crossing,distracted,,0.000000,0.625000,1.785019,1.185019,0.306875,0.252299,0.306875,0.252299,0.000000,0.252299,0.000000,1.185019,1.185019,0.932721,0.932721,0.000000,horizon_mpc_secbf,8,1.045038,true,osqp,optimal,150,4.161256,0,2.044707,fallback,true,0.296287,-0.688995,0.292311,-0.675126,,,0.735691,0.007891,5.016731,1.700910
crossing,context_ext,Proposed MPC-SECBF,77,7.700,1.357288,1.245045,0.292311,-0.675126,-1.162192,0.100000,2.666000,0.000000,0.580000,cyclist,crossing,distracted,,0.000000,0.625000,1.897336,1.297336,0.306875,0.252299,0.306875,0.252299,0.000000,0.252299,0.000000,1.297336,1.297336,1.045038,1.045038,0.000000,horizon_mpc_secbf,8,1.159297,true,osqp,optimal,100,3.689298,0,2.178258,fallback,true,0.296209,-0.689028,0.290992,-0.675662,,,0.735660,0.001424,5.090297,1.627341
crossing,context_ext,Proposed MPC-SECBF,78,7.800,1.386387,1.177479,0.290992,-0.675662,-1.164127,0.100000,2.724000,0.000000,0.580000,cyclist,crossing,distracted,,0.000000,0.625000,2.011596,1.411596,0.306875,0.252299,0.306875,0.252299,0.000000,0.252299,0.000000,1.411596,1.411596,1.159297,1.159297,0.000000,horizon_mpc_secbf,8,1.275223,true,osqp,optimal,100,4.564255,0,2.310661,fallback,true,0.296188,-0.689038,0.290748,-0.675763,,,0.735656,0.000264,5.163863,1.553775
crossing,context_ext,Proposed MPC-SECBF,79,7.900,1.415462,1.109903,0.290748,-0.675763,-1.164485,0.100000,2.782000,0.000000,0.580000,cyclist,crossing,distracted,,0.000000,0.625000,2.127522,1.527522,0.306875,0.252299,0.306875,0.252299,0.000000,0.252299,0.000000,1.527522,1.527522,1.275223,1.275223,0.000000,horizon_mpc_secbf,8,1.392563,true,osqp,optimal,100,7.120064,0,2.441930,fallback,true,0.296176,-0.689042,0.290697,-0.675784,,,0.735656,0.000056,5.237429,1.480210
crossing,context_ext,Proposed MPC-SECBF,80,8.000,1.444532,1.042325,0.290697,-0.675784,-1.164561,0.100000,2.840000,0.000000,0.580000,cyclist,crossing,distracted,,0.000000,0.625000,2.244861,1.644861,0.306875,0.252299,0.306875,0.252299,0.000000,0.252299,0.000000,1.644861,1.644861,1.392563,1.392563,0.000000,horizon_mpc_secbf,8,1.511107,true,osqp,optimal,100,4.150892,0,2.572294,fallback,true,0.296167,-0.689047,0.290680,-0.675791,,,0.735655,0.000018,5.310994,1.406644
crossing,context_ext,Proposed MPC-SECBF,81,8.100,1.473600,0.974745,0.290680,-0.675791,-1.164586,0.100000,2.898000,0.000000,0.580000,cyclist,crossing,distracted,,0.000000,0.625000,2.363405,1.763405,0.306875,0.252299,0.306875,0.252299,0.000000,0.252299,0.000000,1.763405,1.763405,1.511107,1.511107,0.000000,horizon_mpc_secbf,8,1.630683,true,osqp,optimal,100,4.575184,0,2.701964,fallback,true,0.296157,-0.689051,0.290669,-0.675796,,,0.735655,0.000012,5.384560,1.333079
crossing,context_ext,Proposed MPC-SECBF,82,8.200,1.502667,0.907166,0.290669,-0.675796,-1.164603,0.100000,2.956000,0.000000,0.580000,cyclist,crossing,distracted,,0.000000,0.625000,2.482981,1.882981,0.306875,0.252299,0.306875,0.252299,0.000000,0.252299,0.000000,1.882981,1.882981,1.630683,1.630683,0.000000,horizon_mpc_secbf,8,1.751148,true,osqp,optimal,100,3.686983,0,2.831104,fallback,true,0.296146,-0.689056,0.290658,-0.675801,,,0.735655,0.000012,5.458125,1.259513
crossing,context_ext,Proposed MPC-SECBF,83,8.300,1.531733,0.839586,0.290658,-0.675801,-1.164618,0.100000,3.014000,0.000000,0.580000,cyclist,crossing,distracted,,0.000000,0.625000,2.603447,2.003447,0.306875,0.252299,0.306875,0.252299,0.000000,0.252299,0.000000,2.003447,2.003447,1.751148,1.751148,0.000000,horizon_mpc_secbf,8,1.872386,true,osqp,optimal,100,5.014211,0,2.959842,fallback,true,0.296135,-0.689060,0.290647,-0.675805,,,0.735655,0.000012,5.531691,1.185947
crossing,context_ext,Proposed MPC-SECBF,84,8.400,1.560797,0.772005,0.290647,-0.675805,-1.164635,0.100000,3.072000,0.000000,0.580000,cyclist,crossing,distracted,,0.000000,0.625000,2.724684,2.124684,0.306875,0.252299,0.306875,0.252299,0.000000,0.252299,0.000000,2.124684,2.124684,1.872386,1.872386,0.000000,horizon_mpc_secbf,8,1.994296,true,osqp,optimal,100,3.628357,0,3.088276,fallback,true,0.296123,-0.689065,0.290635,-0.675810,,,0.735655,0.000013,5.605256,1.112382
crossing,context_ext,Proposed MPC-SECBF,85,8.500,1.589861,0.704424,0.290635,-0.675810,-1.164652,0.100000,3.130000,0.000000,0.580000,cyclist,crossing,distracted,,0.000000,0.625000,2.846595,2.246595,0.306875,0.252299,0.306875,0.252299,0.000000,0.252299,0.000000,2.246595,2.246595,1.994296,1.994296,0.000000,horizon_mpc_secbf,8,2.116797,true,osqp,optimal,75,3.386996,0,3.216478,fallback,true,0.296110,-0.689071,0.290621,-0.675814,,,0.735653,0.000015,5.678822,1.038816
crossing,context_ext,Proposed MPC-SECBF,86,8.600,1.618923,0.636843,0.290621,-0.675814,-1.164672,0.100000,3.188000,0.000000,0.580000,cyclist,crossing,distracted,,0.000000,0.625000,2.969096,2.369096,0.306875,0.252299,0.306875,0.252299,0.000000,0.252299,0.000000,2.369096,2.369096,2.116797,2.116797,0.000000,horizon_mpc_secbf,8,2.239818,true,osqp,optimal,75,6.279760,0,3.344513,fallback,true,0.296097,-0.689077,0.290608,-0.675820,,,0.735654,0.000015,5.752387,0.965251
crossing,context_ext,Proposed MPC-SECBF,87,8.700,1.647984,0.569261,0.290608,-0.675820,-1.164692,0.100000,3.246000,0.000000,0.580000,cyclist,crossing,distracted,,0.000000,0.625000,3.092117,2.492117,0.306875,0.252299,0.306875,0.252299,0.000000,0.252299,0.000000,2.492117,2.492117,2.239818,2.239818,0.000000,horizon_mpc_secbf,8,2.363300,true,osqp,optimal,75,3.059997,0,3.472422,fallback,true,0.296082,-0.689083,0.290594,-0.675827,,,0.735654,0.000016,5.825952,0.891686
crossing,context_ext,Proposed MPC-SECBF,88,8.800,1.677043,0.501678,0.290594,-0.675827,-1.164713,0.100000,3.304000,0.000000,0.580000,cyclist,crossing,distracted,,0.000000,0.625000,3.215598,2.615598,0.306875,0.252299,0.306875,0.252299,0.000000,0.252299,0.000000,2.615598,2.615598,2.363300,2.363300,0.000000,horizon_mpc_secbf,8,2.487191,true,osqp,optimal,75,3.264703,0,3.600241,fallback,true,0.296066,-0.689090,0.290578,-0.675834,,,0.735654,0.000017,5.899518,0.818120
crossing,context_ext,Proposed MPC-SECBF,89,8.900,1.706101,0.434095,0.290578,-0.675834,-1.164736,0.100000,3.362000,0.000000,0.580000,cyclist,crossing,distracted,,0.000000,0.625000,3.339489,2.739489,0.306875,0.252299,0.306875,0.252299,0.000000,0.252299,0.000000,2.739489,2.739489,2.487191,2.487191,0.000000,horizon_mpc_secbf,8,2.611447,true,osqp,optimal,75,3.180822,0,3.727996,fallback,true,0.296048,-0.689098,0.290561,-0.675841,,,0.735654,0.000019,5.973083,0.744555
crossing,context_ext,Proposed MPC-SECBF,90,9.000,1.735157,0.366511,0.290561,-0.675841,-1.164762,0.100000,3.420000,0.000000,0.580000,cyclist,crossing,distracted,,0.000000,0.625000,3.463746,2.863746,0.306875,0.252299,0.306875,0.252299,0.000000,0.252299,0.000000,2.863746,2.863746,2.611447,2.611447,0.000000,horizon_mpc_secbf,8,2.736031,true,osqp,optimal,75,3.238246,0,3.855709,fallback,true,0.296029,-0.689106,0.290542,-0.675850,,,0.735654,0.000021,6.046649,0.670990
crossing,context_ext,Proposed MPC-SECBF,91,9.100,1.764211,0.298926,0.290542,-0.675850,-1.164790,0.100000,3.478000,0.000000,0.580000,cyclist,crossing,distracted,,0.000000,0.625000,3.588330,2.988330,0.306875,0.252299,0.306875,0.252299,0.000000,0.252299,0.000000,2.988330,2.988330,2.736031,2.736031,0.000000,horizon_mpc_secbf,8,2.860910,true,osqp,optimal,75,3.711881,0,3.983396,fallback,true,0.296007,-0.689115,0.290520,-0.675859,,,0.735654,0.000023,6.120214,0.597424
crossing,context_ext,Proposed MPC-SECBF,92,9.200,1.793263,0.231340,0.290520,-0.675859,-1.164822,0.100000,3.536000,0.000000,0.580000,cyclist,crossing,distracted,,0.000000,0.625000,3.713209,3.113209,0.306875,0.252299,0.306875,0.252299,0.000000,0.252299,0.000000,3.113209,3.113209,2.860910,2.860910,0.000000,horizon_mpc_secbf,8,2.986055,true,osqp,optimal,75,4.274764,0,4.111071,fallback,true,0.295981,-0.689126,0.290496,-0.675869,,,0.735654,0.000027,6.193779,0.523859
crossing,context_ext,Proposed MPC-SECBF,93,9.300,1.822313,0.163753,0.290496,-0.675869,-1.164858,0.100000,3.594000,0.000000,0.580000,cyclist,crossing,distracted,,0.000000,0.625000,3.838354,3.238354,0.306875,0.252299,0.306875,0.252299,0.000000,0.252299,0.000000,3.238354,3.238354,2.986055,2.986055,0.000000,horizon_mpc_secbf,8,3.111440,true,osqp,optimal,75,5.131638,0,4.238743,fallback,true,0.295952,-0.689139,0.290467,-0.675881,,,0.735654,0.000031,6.267345,0.450293
crossing,context_ext,Proposed MPC-SECBF,94,9.400,1.851360,0.096165,0.290467,-0.675881,-1.164900,0.100000,3.652000,0.000000,0.580000,cyclist,crossing,distracted,,0.000000,0.625000,3.963739,3.363739,0.306875,0.252299,0.306875,0.252299,0.000000,0.252299,0.000000,3.363739,3.363739,3.111440,3.111440,0.000000,horizon_mpc_secbf,8,3.237044,true,osqp,optimal,75,4.654527,0,4.366420,fallback,true,0.295917,-0.689154,0.290433,-0.675896,,,0.735654,0.000037,6.340910,0.376728
crossing,context_ext,Proposed MPC-SECBF,95,9.500,1.880403,0.028575,0.290433,-0.675896,-1.164950,0.100000,3.710000,0.000000,0.580000,cyclist,crossing,distracted,,0.000000,0.625000,4.089343,3.489343,0.306875,0.252299,0.306875,0.252299,0.000000,0.252299,0.000000,3.489343,3.489343,3.237044,3.237044,0.000000,horizon_mpc_secbf,8,3.362847,true,osqp,optimal,75,3.284904,0,4.494108,fallback,true,0.295873,-0.689173,0.290391,-0.675913,,,0.735653,0.000046,6.414476,0.303163
crossing,context_ext,Proposed MPC-SECBF,96,9.600,1.909442,-0.039016,0.290391,-0.675913,-1.165012,0.100000,3.768000,0.000000,0.580000,cyclist,crossing,distracted,,0.000000,0.625000,4.215146,3.615146,0.306875,0.252299,0.306875,0.252299,0.000000,0.252299,0.000000,3.615146,3.615146,3.362847,3.362847,0.000000,horizon_mpc_secbf,8,3.488832,true,osqp,optimal,75,3.536513,0,4.621811,fallback,true,0.295815,-0.689198,0.290336,-0.675936,,,0.735653,0.000060,6.488041,0.229597
crossing,context_ext,Proposed MPC-SECBF,97,9.700,1.938476,-0.106610,0.290336,-0.675936,-1.165094,0.100000,3.826000,0.000000,0.580000,cyclist,crossing,distracted,,0.000000,0.625000,4.341130,3.741130,0.306875,0.252299,0.306875,0.252299,0.000000,0.252299,0.000000,3.741130,3.741130,3.488832,3.488832,0.000000,horizon_mpc_secbf,8,3.614983,true,osqp,optimal,75,3.456790,0,4.749533,fallback,true,0.295729,-0.689235,0.290255,-0.675970,,,0.735652,0.000088,6.561606,0.156032
crossing,context_ext,Proposed MPC-SECBF,98,9.800,1.967501,-0.174207,0.290255,-0.675970,-1.165214,0.100000,3.884000,0.000000,0.580000,cyclist,crossing,distracted,,0.000000,0.625000,4.467282,3.867282,0.306875,0.252299,0.306875,0.252299,0.000000,0.252299,0.000000,3.867282,3.867282,3.614983,3.614983,0.000000,horizon_mpc_secbf,8,3.741286,true,osqp,optimal,75,3.496230,0,4.877274,fallback,true,0.295563,-0.689306,0.290102,-0.676034,,,0.735650,0.000165,6.635171,0.082467
crossing,context_ext,Proposed MPC-SECBF,99,9.900,1.996511,-0.241810,0.290102,-0.676034,-1.165438,0.100000,3.942000,0.000000,0.580000,cyclist,crossing,distracted,,0.000000,0.625000,4.593585,3.993585,0.306875,0.252299,0.306875,0.252299,0.000000,0.252299,0.000000,3.993585,3.993585,3.741286,3.741286,0.000000,horizon_mpc_secbf,8,3.814168,true,osqp,optimal,50,3.668926,0,4.469464,fallback,true,0.034886,-0.081897,0.078674,-0.183835,,,0.199962,0.535688,6.655167,0.008902
crossing,context_ext,Proposed MPC-SECBF,100,10.000,2.004379,-0.260194,0.078674,-0.183835,-1.166421,0.100000,4.000000,0.000000,0.580000,cyclist,crossing,distracted,,0.000000,0.625000,4.666466,4.066466,0.306875,0.252299,0.306875,0.252299,0.000000,0.252299,0.000000,4.066466,4.066466,3.814168,3.814168,0.000000,horizon_mpc_secbf,8,3.861418,true,osqp,optimal,50,3.518573,0,4.286077,fallback,true,-0.043788,0.101937,-0.022777,0.052906,,,0.057601,0.257562,6.660927,0.011094
crossing,context_ext,Proposed MPC-SECBF,101,10.100,2.002101,-0.254903,-0.022777,0.052906,1.977326,0.100000,4.058000,0.000000,0.580000,cyclist,crossing,distracted,,0.000000,0.625000,4.713716,4.113716,0.306875,0.252299,0.306875,0.252299,0.000000,0.252299,0.000000,4.113716,4.113716,3.861418,3.861418,0.000000,horizon_mpc_secbf,8,3.909136,true,osqp,optimal,50,4.454528,0,4.338029,fallback,true,-0.021011,0.049031,-0.021314,0.049696,,,0.054074,0.003528,6.666335,0.005334
crossing,context_ext,Proposed MPC-SECBF,102,10.200,1.999970,-0.249934,-0.021314,0.049696,1.975959,0.100000,4.116000,0.000000,0.580000,cyclist,crossing,distracted,,0.000000,0.625000,4.761435,4.161435,0.306875,0.252299,0.306875,0.252299,0.000000,0.252299,0.000000,4.161435,4.161435,3.909136,3.909136,0.000000,horizon_mpc_secbf,8,3.962374,true,osqp,optimal,50,4.810464,0,4.440956,fallback,true,0.000303,-0.000665,0.000189,0.000086,,,0.000207,0.054069,6.666355,0.000073
crossing,context_ext,Proposed MPC-SECBF,103,10.300,1.999989,-0.249925,0.000189,0.000086,0.427276,0.100000,4.174000,0.000000,0.580000,cyclist,crossing,distracted,,0.000000,0.625000,4.814672,4.214672,0.306875,0.252299,0.306875,0.252299,0.000000,0.252299,0.000000,4.214672,4.214672,3.962374,3.962374,0.000000,horizon_mpc_secbf,8,4.015781,true,osqp,optimal,25,3.605692,0,4.495908,fallback,true,0.000114,-0.000750,0.000126,-0.000606,,,0.000619,0.000694,6.666417,0.000076
crossing,context_ext,Proposed MPC-SECBF,104,10.400,2.000001,-0.249986,0.000126,-0.000606,-1.364960,0.100000,4.232000,0.000000,0.580000,cyclist,crossing,distracted,,0.000000,0.625000,4.868080,4.268080,0.306875,0.252299,0.306875,0.252299,0.000000,0.252299,0.000000,4.268080,4.268080,4.015781,4.015781,0.000000,horizon_mpc_secbf,8,4.069254,true,osqp,optimal,25,2.983244,0,4.549991,fallback,true,-0.000012,-0.000145,0.000011,-0.000224,,,0.000224,0.000399,6.666440,0.000015
crossing,context_ext,Proposed MPC-SECBF,105,10.500,2.000002,-0.250008,0.000011,-0.000224,-1.519534,0.100000,4.290000,0.000000,0.580000,cyclist,crossing,distracted,,0.000000,0.625000,4.921553,4.321553,0.306875,0.252299,0.306875,0.252299,0.000000,0.252299,0.000000,4.321553,4.321553,4.069254,4.069254,0.000000,horizon_mpc_secbf,8,4.122805,true,osqp,optimal,25,2.931843,0,4.604258,fallback,true,-0.000024,0.000079,-0.000018,0.000027,,,0.000032,0.000252,6.666443,0.000008
crossing,context_ext,Proposed MPC-SECBF,106,10.600,2.000001,-0.250005,-0.000018,0.000027,2.152668,0.100000,4.348000,0.000000,0.580000,cyclist,crossing,distracted,,0.000000,0.625000,4.975103,4.375103,0.306875,0.252299,0.306875,0.252299,0.000000,0.252299,0.000000,4.375103,4.375103,4.122805,4.122805,0.000000,horizon_mpc_secbf,8,4.176453,true,osqp,optimal,25,4.044778,0,4.658795,fallback,true,-0.000006,0.000052,-0.000008,0.000048,,,0.000048,0.000023,6.666448,0.000005
crossing,context_ext,Proposed MPC-SECBF,107,10.700,2.000000,-0.250000,-0.000008,0.000048,1.737836,0.100000,4.406000,0.000000,0.580000,cyclist,crossing,distracted,,0.000000,0.625000,5.028751,4.428751,0.306875,0.252299,0.306875,0.252299,0.000000,0.252299,0.000000,4.428751,4.428751,4.176453,4.176453,0.000000,horizon_mpc_secbf,8,4.230200,true,osqp,optimal,25,3.646189,0,4.713450,fallback,true,0.000002,0.000004,0.000000,0.000012,,,0.000012,0.000037,6.666449,0.000000
crossing,context_ext,Proposed MPC-SECBF,108,10.800,2.000000,-0.249999,0.000000,0.000012,1.551034,0.100000,4.464000,0.000000,0.580000,cyclist,crossing,distracted,,0.000000,0.625000,5.082498,4.482498,0.306875,0.252299,0.306875,0.252299,0.000000,0.252299,0.000000,4.482498,4.482498,4.230200,4.230200,0.000000,horizon_mpc_secbf,8,4.284041,true,osqp,optimal,25,3.508737,0,4.768152,fallback,true,0.000002,-0.000007,0.000001,-0.000004,,,0.000004,0.000016,6.666449,0.000001
crossing,context_ext,Proposed MPC-SECBF,109,10.900,2.000000,-0.250000,0.000001,-0.000004,-1.230009,0.100000,4.522000,0.000000,0.580000,cyclist,crossing,distracted,,0.000000,0.625000,5.136339,4.536339,0.306875,0.252299,0.306875,0.252299,0.000000,0.252299,0.000000,4.536339,4.536339,4.284041,4.284041,0.000000,horizon_mpc_secbf,8,4.337971,true,osqp,optimal,25,4.048615,0,4.822902,fallback,true,0.000000,-0.000003,0.000000,-0.000003,,,0.000003,0.000001,6.666450,0.000000
crossing,context_ext,Proposed MPC-SECBF,110,11.000,2.000000,-0.250000,0.000000,-0.000003,-1.437867,0.100000,4.580000,0.000000,0.580000,cyclist,crossing,distracted,,0.000000,0.625000,5.190270,4.590270,0.306875,0.252299,0.306875,0.252299,0.000000,0.252299,0.000000,4.590270,4.590270,4.337971,4.337971,0.000000,horizon_mpc_secbf,8,4.391988,true,osqp,optimal,25,3.926079,0,4.877712,fallback,true,-0.000000,0.000000,-0.000000,-0.000000,,,0.000000,0.000003,6.666450,0.000000
crossing,context_ext,Proposed MPC-SECBF,111,11.100,2.000000,-0.250000,-0.000000,-0.000000,-2.133976,0.100000,4.638000,0.000000,0.580000,cyclist,crossing,distracted,,0.000000,0.625000,5.244287,4.644287,0.306875,0.252299,0.306875,0.252299,0.000000,0.252299,0.000000,4.644287,4.644287,4.391988,4.391988,0.000000,horizon_mpc_secbf,8,4.446089,true,osqp,optimal,25,3.545927,0,4.932584,fallback,true,0.000000,0.000001,-0.000000,0.000000,,,0.000000,0.000001,6.666450,0.000000
crossing,context_ext,Proposed MPC-SECBF,112,11.200,2.000000,-0.250000,-0.000000,0.000000,1.590227,0.100000,4.696000,0.000000,0.580000,cyclist,crossing,distracted,,0.000000,0.625000,5.298388,4.698388,0.306875,0.252299,0.306875,0.252299,0.000000,0.252299,0.000000,4.698388,4.698388,4.446089,4.446089,0.000000,horizon_mpc_secbf,8,4.500272,true,osqp,optimal,25,4.485937,0,4.987514,fallback,true,0.000000,0.000000,0.000000,0.000000,,,0.000000,0.000000,6.666450,0.000000
crossing,context_ext,Proposed MPC-SECBF,113,11.300,2.000000,-0.250000,0.000000,0.000000,1.366747,0.100000,4.754000,0.000000,0.580000,cyclist,crossing,distracted,,0.000000,0.625000,5.352571,4.752571,0.306875,0.252299,0.306875,0.252299,0.000000,0.252299,0.000000,4.752571,4.752571,4.500272,4.500272,0.000000,horizon_mpc_secbf,8,4.554534,true,osqp,optimal,25,3.143758,0,5.042501,fallback,true,0.000000,-0.000000,0.000000,0.000000,,,0.000000,0.000000,6.666450,0.000000
crossing,context_ext,Proposed MPC-SECBF,114,11.400,2.000000,-0.250000,0.000000,0.000000,0.237687,0.100000,4.812000,0.000000,0.580000,cyclist,crossing,distracted,,0.000000,0.625000,5.406833,4.806833,0.306875,0.252299,0.306875,0.252299,0.000000,0.252299,0.000000,4.806833,4.806833,4.554534,4.554534,0.000000,horizon_mpc_secbf,8,4.608873,true,osqp,optimal,25,3.757249,0,5.097544,fallback,true,-0.000000,-0.000000,-0.000000,-0.000000,,,0.000000,0.000000,6.666450,0.000000
crossing,context_ext,Proposed MPC-SECBF,115,11.500,2.000000,-0.250000,-0.000000,-0.000000,-1.629265,0.100000,4.870000,0.000000,0.580000,cyclist,crossing,distracted,,0.000000,0.625000,5.461172,4.861172,0.306875,0.252299,0.306875,0.252299,0.000000,0.252299,0.000000,4.861172,4.861172,4.608873,4.608873,0.000000,horizon_mpc_secbf,8,4.663287,true,osqp,optimal,25,3.477512,0,5.152639,fallback,true,0.000000,0.000000,-0.000000,-0.000000,,,0.000000,0.000000,6.666450,0.000000
crossing,context_ext,Proposed MPC-SECBF,116,11.600,2.000000,-0.250000,-0.000000,-0.000000,-1.570829,0.100000,4.928000,0.000000,0.580000,cyclist,crossing,distracted,,0.000000,0.625000,5.515586,4.915586,0.306875,0.252299,0.306875,0.252299,0.000000,0.252299,0.000000,4.915586,4.915586,4.663287,4.663287,0.000000,horizon_mpc_secbf,8,4.717773,true,osqp,optimal,25,4.282898,0,5.207788,fallback,true,0.000000,0.000000,0.000000,-0.000000,,,0.000000,0.000000,6.666450,0.000000
crossing,context_ext,Proposed MPC-SECBF,117,11.700,2.000000,-0.250000,0.000000,-0.000000,-1.570829,0.100000,4.986000,0.000000,0.580000,cyclist,crossing,distracted,,0.000000,0.625000,5.570071,4.970071,0.306875,0.252299,0.306875,0.252299,0.000000,0.252299,0.000000,4.970071,4.970071,4.717773,4.717773,0.000000,horizon_mpc_secbf,8,4.772329,true,osqp,optimal,25,3.665871,0,5.262987,fallback,true,0.000000,0.000000,0.000000,-0.000000,,,0.000000,0.000000,6.666450,0.000000
crossing,context_ext,Proposed MPC-SECBF,118,11.800,2.000000,-0.250000,0.000000,-0.000000,-1.570829,0.100000,5.044000,0.000000,0.580000,cyclist,crossing,distracted,,0.000000,0.625000,5.624628,5.024628,0.306875,0.252299,0.306875,0.252299,0.000000,0.252299,0.000000,5.024628,5.024628,4.772329,4.772329,0.000000,horizon_mpc_secbf,8,4.826953,true,osqp,optimal,25,4.689105,0,5.318235,fallback,true,0.000000,0.000000,0.000000,-0.000000,,,0.000000,0.000000,6.666450,0.000000
crossing,context_ext,Proposed MPC-SECBF,119,11.900,2.000000,-0.250000,0.000000,-0.000000,-1.570829,0.100000,5.102000,0.000000,0.580000,cyclist,crossing,distracted,,0.000000,0.625000,5.679252,5.079252,0.306875,0.252299,0.306875,0.252299,0.000000,0.252299,0.000000,5.079252,5.079252,4.826953,4.826953,0.000000,horizon_mpc_secbf,8,4.881644,true,osqp,optimal,25,4.127945,0,5.373532,fallback,true,0.000000,0.000000,0.000000,-0.000000,,,0.000000,0.000000,6.666450,0.000000
