scenario,context_level,method,step,time,robot_x,robot_y,robot_vx,robot_vy,robot_theta,human_x,human_y,human_vx,human_vy,human_type,motion_state,attention_state,ttc,head_on_factor,crowding_factor,distance,clearance,beta_candidate,beta_final,beta_requested,beta_applied,beta_dynamic,beta_cbf,delta_beta,h_standard,h_ee,h_see,h_cbf,slack,controller_type,horizon_steps,predicted_min_h,solver_success,solver_backend,solver_status,solver_iterations,solve_time_ms,active_constraints,min_cbf_value,guard_status,guard_active,u_ref_x,u_ref_y,cmd_vx,cmd_vy,cmd_v,cmd_omega,speed,command_step,path_length,goal_error
local_crowding,context_int,Standard MPC-CBF,0,0.000,-2.200000,-0.350000,0.000000,0.000000,0.000000,0.150000,-1.100000,-0.060000,0.420000,pedestrian,walking,unknown,10.098536,1.000000,1.000000,2.466779,1.866779,0.000000,0.000000,0.000000,0.000000,0.000000,0.000000,0.000000,1.866779,1.866779,1.866779,1.866779,0.000000,horizon_mpc_secbf,12,0.834700,true,osqp,optimal,175,4.170821,0,1.090306,geometric,false,0.750000,0.000000,0.621016,0.000000,,,0.621016,0.621016,0.062102,4.400000
local_crowding,context_int,Standard MPC-CBF,1,0.100,-2.137898,-0.350000,0.621016,0.000000,0.000000,0.144000,-1.058000,-0.060000,0.420000,pedestrian,walking,unknown,2.308992,1.000000,1.000000,2.389210,1.789210,0.000000,0.000000,0.000000,0.000000,0.000000,0.000000,0.000000,1.789210,1.789210,1.789210,1.789210,0.000000,horizon_mpc_secbf,12,0.750775,true,osqp,optimal,125,3.863014,0,0.913956,geometric,false,0.750000,-0.000000,0.726102,0.000000,,,0.726102,0.105086,0.134712,4.337898
local_crowding,context_int,Standard MPC-CBF,2,0.200,-2.065288,-0.350000,0.726102,0.000000,0.000000,0.138000,-1.016000,-0.060000,0.420000,pedestrian,walking,unknown,1.947074,1.000000,1.000000,2.301746,1.701746,0.000000,0.000000,0.000000,0.000000,0.000000,0.000000,0.000000,1.701746,1.701746,1.701746,1.701746,0.000000,horizon_mpc_secbf,12,0.667739,true,osqp,optimal,125,5.684083,0,0.818664,geometric,false,0.750000,-0.000000,0.735588,0.000001,,,0.735588,0.009486,0.208271,4.265288
local_crowding,context_int,Standard MPC-CBF,3,0.300,-1.991729,-0.350000,0.735588,0.000001,0.000001,0.132000,-0.974000,-0.060000,0.420000,pedestrian,walking,unknown,1.829949,1.000000,1.000000,2.213505,1.613505,0.000000,0.000000,0.000000,0.000000,0.000000,0.000000,0.000000,1.613505,1.613505,1.613505,1.613505,0.000000,horizon_mpc_secbf,12,0.586075,true,osqp,optimal,125,6.016429,0,0.731786,geometric,false,0.750000,-0.000000,0.735588,0.000009,,,0.735588,0.000008,0.281830,4.191729
local_crowding,context_int,Standard MPC-CBF,4,0.400,-1.918170,-0.349999,0.735588,0.000009,0.000013,0.126000,-0.932000,-0.060000,0.420000,pedestrian,walking,unknown,1.733052,1.000000,1.000000,2.125408,1.525408,0.000000,0.000000,0.000000,0.000000,0.000000,0.000000,0.000000,1.525408,1.525408,1.525408,1.525408,0.000000,horizon_mpc_secbf,12,0.505661,true,osqp,optimal,125,3.840561,0,0.645235,geometric,false,0.750000,-0.000000,0.735589,0.000058,,,0.735589,0.000048,0.355388,4.118170
local_crowding,context_int,Standard MPC-CBF,5,0.500,-1.844612,-0.349993,0.735589,0.000058,0.000078,0.120000,-0.890000,-0.060000,0.420000,pedestrian,walking,unknown,1.636400,1.000000,1.000000,2.037475,1.437475,0.000000,0.000000,0.000000,0.000000,0.000000,0.000000,0.000000,1.437475,1.437475,1.437475,1.437475,0.000000,horizon_mpc_secbf,12,0.426411,true,osqp,optimal,125,4.761990,0,0.559110,geometric,false,0.750000,-0.000001,0.735589,0.000331,,,0.735589,0.000273,0.428947,4.044612
local_crowding,context_int,Standard MPC-CBF,6,0.600,-1.771053,-0.349960,0.735589,0.000331,0.000449,0.114000,-0.848000,-0.060000,0.420000,pedestrian,walking,unknown,1.540098,1.000000,1.000000,1.949735,1.349735,0.000000,0.000000,0.000000,0.000000,0.000000,0.000000,0.000000,1.349735,1.349735,1.349735,1.349735,0.000000,horizon_mpc_secbf,12,0.348264,true,osqp,optimal,175,4.193041,0,0.473749,geometric,false,0.750000,-0.000008,0.735573,0.001873,,,0.735575,0.001543,0.502505,3.971053
local_crowding,context_int,Standard MPC-CBF,7,0.700,-1.697495,-0.349773,0.735573,0.001873,0.002546,0.108000,-0.806000,-0.060000,0.420000,pedestrian,walking,unknown,1.444606,1.000000,1.000000,1.862245,1.262245,0.000000,0.000000,0.000000,0.000000,0.000000,0.000000,0.000000,1.262245,1.262245,1.262245,1.262245,0.000000,horizon_mpc_secbf,12,0.271128,true,osqp,optimal,175,4.276540,0,0.390609,geometric,false,0.750000,-0.000044,0.735576,0.010575,,,0.735652,0.008702,0.576070,3.897495
local_crowding,context_int,Standard MPC-CBF,8,0.800,-1.623938,-0.348715,0.735576,0.010575,0.014375,0.102000,-0.764000,-0.060000,0.420000,pedestrian,walking,unknown,1.351919,1.000000,1.000000,1.775196,1.175196,0.000000,0.000000,0.000000,0.000000,0.000000,0.000000,0.000000,1.175196,1.175196,1.175196,1.175196,0.000000,horizon_mpc_secbf,12,0.194883,true,osqp,optimal,175,4.725589,0,0.310881,geometric,false,0.750000,-0.000252,0.735580,0.031810,,,0.736267,0.021236,0.649697,3.823938
local_crowding,context_int,Standard MPC-CBF,9,0.900,-1.550380,-0.345534,0.735580,0.031810,0.043218,0.096000,-0.722000,-0.060000,0.420000,pedestrian,crossing,distracted,1.263057,1.000000,1.000000,1.688873,1.088873,0.000000,0.000000,0.000000,0.000000,0.000000,0.000000,0.000000,1.088873,1.088873,1.088873,1.088873,0.000000,horizon_mpc_secbf,12,0.119331,true,osqp,optimal,175,4.247942,0,0.231854,geometric,false,0.749999,-0.000893,0.735581,0.054580,,,0.737603,0.022770,0.723457,3.750382
local_crowding,context_int,Standard MPC-CBF,10,1.000,-1.476822,-0.340076,0.735581,0.054580,0.074065,0.090000,-0.680000,-0.060000,0.420000,pedestrian,crossing,distracted,1.173458,1.000000,1.000000,1.603271,1.003271,0.000000,0.000000,0.000000,0.000000,0.000000,0.000000,0.000000,1.003271,1.003271,1.003271,1.003271,0.000000,horizon_mpc_secbf,12,0.044334,true,osqp,optimal,150,3.983283,0,0.153032,geometric,false,0.749997,-0.002024,0.735582,0.076899,,,0.739591,0.022319,0.797416,3.676835
local_crowding,context_int,Standard MPC-CBF,11,1.100,-1.403263,-0.332386,0.735582,0.076899,0.104164,0.084000,-0.638000,-0.060000,0.420000,pedestrian,crossing,distracted,1.082488,1.000000,1.000000,1.518339,0.918339,0.000000,0.000000,0.000000,0.000000,0.000000,0.000000,0.000000,0.918339,0.918339,0.918339,0.918339,0.000034,horizon_mpc_secbf,12,-0.000037,true,osqp,optimal,50,3.890532,0,0.096618,geometric,false,0.749991,-0.003666,0.713435,0.101295,,,0.720590,0.032949,0.869475,3.603307
local_crowding,context_int,Standard MPC-CBF,12,1.200,-1.331920,-0.322257,0.713435,0.101295,0.141040,0.078000,-0.596000,-0.060000,0.420000,pedestrian,crossing,distracted,1.019814,1.000000,1.000000,1.436248,0.836248,0.000000,0.000000,0.000000,0.000000,0.000000,0.000000,0.000000,0.836248,0.836248,0.836248,0.836248,0.000095,horizon_mpc_secbf,12,-0.000096,true,osqp,optimal,50,4.806028,0,0.076864,geometric,false,0.749977,-0.005891,0.656608,0.126141,,,0.668614,0.062022,0.936337,3.532029
local_crowding,context_int,Standard MPC-CBF,13,1.300,-1.266259,-0.309643,0.656608,0.126141,0.189798,0.072000,-0.554000,-0.060000,0.420000,pedestrian,crossing,distracted,1.003496,1.000000,1.000000,1.360385,0.760385,0.000000,0.000000,0.000000,0.000000,0.000000,0.000000,0.000000,0.760385,0.760385,0.760385,0.760385,0.000152,horizon_mpc_secbf,12,-0.000152,true,osqp,optimal,50,4.687238,0,0.064497,geometric,false,0.749949,-0.008732,0.597638,0.146658,,,0.615369,0.062437,0.997874,3.466494
local_crowding,context_int,Standard MPC-CBF,14,1.400,-1.206495,-0.294977,0.597638,0.146658,0.240641,0.066000,-0.512000,-0.060000,0.420000,pedestrian,crossing,distracted,0.995157,1.000000,1.000000,1.290869,0.690869,0.000000,0.000000,0.000000,0.000000,0.000000,0.000000,0.000000,0.690869,0.690869,0.690869,0.690869,0.000204,horizon_mpc_secbf,12,-0.000203,true,osqp,optimal,50,3.585390,0,0.054170,geometric,false,0.749902,-0.012113,0.541878,0.160709,,,0.565207,0.057503,1.054394,3.406940
local_crowding,context_int,Standard MPC-CBF,15,1.500,-1.152308,-0.278906,0.541878,0.160709,0.288314,0.060000,-0.470000,-0.060000,0.420000,pedestrian,crossing,distracted,0.987977,1.000000,1.000000,1.227276,0.627276,0.000000,0.000000,0.000000,0.000000,0.000000,0.000000,0.000000,0.627276,0.627276,0.627276,0.627276,0.000251,horizon_mpc_secbf,12,-0.000251,true,osqp,optimal,50,4.924820,0,0.044294,geometric,false,0.749831,-0.015902,0.490360,0.165759,,,0.517618,0.051765,1.106156,3.353061
local_crowding,context_int,Standard MPC-CBF,16,1.600,-1.103272,-0.262330,0.490360,0.165759,0.325977,0.054000,-0.428000,-0.060000,0.420000,pedestrian,crossing,distracted,0.979746,1.000000,1.000000,1.169070,0.569070,0.000000,0.000000,0.000000,0.000000,0.000000,0.000000,0.000000,0.569070,0.569070,0.569070,0.569070,0.000295,horizon_mpc_secbf,12,-0.000294,true,osqp,optimal,50,4.422564,0,0.032951,geometric,false,0.749736,-0.019898,0.444292,0.157420,,,0.471356,0.046816,1.153292,3.304435
local_crowding,context_int,Standard MPC-CBF,17,1.700,-1.058842,-0.246588,0.444292,0.157420,0.340514,0.048000,-0.386000,-0.060000,0.420000,pedestrian,crossing,distracted,0.967054,1.000000,1.000000,1.115588,0.515588,0.000000,0.000000,0.000000,0.000000,0.000000,0.000000,0.000000,0.515588,0.515588,0.515588,0.515588,0.000333,horizon_mpc_secbf,12,-0.000333,true,osqp,optimal,50,3.553382,0,0.015369,geometric,false,0.749623,-0.023788,0.407717,0.127920,,,0.427313,0.046989,1.196023,3.260483
local_crowding,context_int,Standard MPC-CBF,18,1.800,-1.018071,-0.233796,0.407717,0.127920,0.304021,0.042000,-0.344000,-0.060000,0.420000,pedestrian,crossing,distracted,0.940196,1.000000,1.000000,1.065784,0.465784,0.000000,0.000000,0.000000,0.000000,0.000000,0.000000,0.000000,0.465784,0.465784,0.465784,0.465784,0.000363,horizon_mpc_secbf,12,-0.000361,true,osqp,optimal,50,3.547805,0,-0.021377,geometric,false,0.749512,-0.027065,0.393358,0.066087,,,0.398871,0.063478,1.235910,3.220168
local_crowding,context_int,Standard MPC-CBF,19,1.900,-0.978735,-0.227187,0.393358,0.066087,0.166454,0.036000,-0.302000,-0.060000,0.420000,pedestrian,crossing,distracted,0.873129,1.000000,1.000000,1.017489,0.417489,0.000000,0.000000,0.000000,0.000000,0.000000,0.000000,0.000000,0.417489,0.417489,0.417489,0.417489,0.000380,horizon_mpc_secbf,12,-0.000375,true,osqp,optimal,50,3.849929,0,-0.105114,geometric,false,0.749441,-0.028955,0.431292,-0.029102,,,0.432273,0.102469,1.279137,3.181107
local_crowding,context_int,Standard MPC-CBF,20,2.000,-0.935606,-0.230098,0.431292,-0.029102,-0.067373,0.030000,-0.260000,-0.060000,0.420000,pedestrian,crossing,distracted,0.724950,1.000000,1.000000,0.966069,0.366069,0.000000,0.000000,0.000000,0.000000,0.000000,0.000000,0.000000,0.366069,0.366069,0.366069,0.366069,0.000000,horizon_mpc_secbf,12,0.062188,true,osqp,optimal,75,4.393431,0,-0.366181,geometric,false,0.749452,-0.028658,0.652485,-0.229578,,,0.691695,0.298525,1.348307,3.137897
local_crowding,context_int,Standard MPC-CBF,21,2.100,-0.870357,-0.253055,0.652485,-0.229578,-0.338323,0.024000,-0.218000,-0.060000,0.420000,pedestrian,crossing,distracted,0.429782,1.000000,1.000000,0.895044,0.295044,0.000000,0.000000,0.000000,0.000000,0.000000,0.000000,0.000000,0.295044,0.295044,0.295044,0.295044,0.000000,horizon_mpc_secbf,12,0.057661,true,osqp,optimal,75,3.705268,0,-0.421069,geometric,false,0.749626,-0.023669,0.683764,-0.271434,,,0.735669,0.052252,1.421874,3.071887
local_crowding,context_int,Standard MPC-CBF,22,2.200,-0.801981,-0.280199,0.683764,-0.271434,-0.377891,0.018000,-0.176000,-0.060000,0.420000,pedestrian,crossing,distracted,0.348219,1.000000,1.000000,0.826575,0.226575,0.000000,0.000000,0.000000,0.000000,0.000000,0.000000,0.000000,0.226575,0.226575,0.226575,0.226575,0.000000,horizon_mpc_secbf,12,0.053369,true,osqp,optimal,75,3.494000,0,-0.418175,geometric,false,0.749797,-0.017434,0.679198,-0.282452,,,0.735588,0.011927,1.495433,3.002792
local_crowding,context_int,Standard MPC-CBF,23,2.300,-0.734061,-0.308444,0.679198,-0.282452,-0.394104,0.012000,-0.134000,-0.060000,0.420000,pedestrian,crossing,distracted,0.296836,1.000000,1.000000,0.766184,0.166184,0.000000,0.000000,0.000000,0.000000,0.000000,0.000000,0.000000,0.166184,0.166184,0.166184,0.166184,0.000000,horizon_mpc_secbf,12,0.049537,true,osqp,optimal,75,3.698034,0,-0.389743,geometric,false,0.749925,-0.010621,0.676625,-0.288679,,,0.735634,0.006738,1.568996,2.934355
local_crowding,context_int,Standard MPC-CBF,24,2.400,-0.666399,-0.337312,0.676625,-0.288679,-0.403264,0.006000,-0.092000,-0.060000,0.420000,pedestrian,crossing,distracted,0.257725,1.000000,1.000000,0.715750,0.115750,0.000000,0.000000,0.000000,0.000000,0.000000,0.000000,0.000000,0.115750,0.115750,0.115750,0.115750,0.000000,horizon_mpc_secbf,12,0.046425,true,osqp,optimal,75,4.382885,0,-0.331398,geometric,false,0.749993,-0.003320,0.675506,-0.291371,,,0.735667,0.002915,1.642563,2.866427
local_crowding,context_int,Standard MPC-CBF,25,2.500,-0.598848,-0.366449,0.675506,-0.291371,-0.407226,0.000000,-0.050000,-0.060000,0.420000,pedestrian,crossing,distracted,0.243185,1.000000,1.000000,0.677317,0.077317,0.000000,0.000000,0.000000,0.000000,0.000000,0.000000,0.000000,0.077317,0.077317,0.077317,0.077317,0.000000,horizon_mpc_secbf,12,0.044249,true,osqp,optimal,75,3.597440,0,-0.241354,geometric,false,0.749987,0.004408,0.675872,-0.290488,,,0.735654,0.000955,1.716128,2.798896
local_crowding,context_int,Standard MPC-CBF,26,2.600,-0.531261,-0.395498,0.675872,-0.290488,-0.405928,-0.006000,-0.008000,-0.060000,0.420000,pedestrian,crossing,distracted,0.309471,1.000000,1.000000,0.652728,0.052728,0.000000,0.000000,0.000000,0.000000,0.000000,0.000000,0.000000,0.052728,0.052728,0.052728,0.052728,0.000000,horizon_mpc_secbf,12,0.043178,true,osqp,optimal,75,3.864447,0,-0.121935,geometric,false,0.749896,0.012492,0.677785,-0.285869,,,0.735604,0.005000,1.789689,2.731640
local_crowding,context_int,Standard MPC-CBF,27,2.700,-0.463482,-0.424085,0.677785,-0.285869,-0.399131,-0.012000,0.034000,-0.060000,0.420000,pedestrian,crossing,distracted,2.848540,1.000000,1.000000,0.643178,0.043178,0.000000,0.000000,0.000000,0.000000,0.000000,0.000000,0.000000,0.043178,0.043178,0.043178,0.043178,0.000000,horizon_mpc_secbf,12,0.048852,true,osqp,optimal,75,3.567829,0,0.019638,geometric,false,0.749710,0.020853,0.681247,-0.277512,,,0.735602,0.009045,1.863249,2.664512
local_crowding,context_int,Standard MPC-CBF,28,2.800,-0.395358,-0.451836,0.681247,-0.277512,-0.386834,-0.018000,0.076000,-0.060000,0.420000,pedestrian,crossing,distracted,,0.000000,1.000000,0.648852,0.048852,0.000000,0.000000,0.000000,0.000000,0.000000,0.000000,0.000000,0.048852,0.048852,0.048852,0.048852,0.000000,horizon_mpc_secbf,12,0.068839,true,osqp,optimal,75,4.464728,0,0.172668,geometric,false,0.749423,0.029406,0.686162,-0.265646,,,0.735790,0.012844,1.936828,2.597355
local_crowding,context_int,Standard MPC-CBF,29,2.900,-0.326741,-0.478400,0.686162,-0.265646,-0.369377,-0.024000,0.118000,-0.060000,0.420000,pedestrian,crossing,distracted,,0.000000,1.000000,0.668839,0.068839,0.000000,0.000000,0.000000,0.000000,0.000000,0.000000,0.000000,0.068839,0.068839,0.068839,0.068839,0.000000,horizon_mpc_secbf,12,0.101392,true,osqp,optimal,75,3.599697,0,0.326343,geometric,false,0.749033,0.038063,0.692358,-0.250688,,,0.736345,0.016190,2.010462,2.530002
local_crowding,context_int,Standard MPC-CBF,30,3.000,-0.257505,-0.503469,0.692358,-0.250688,-0.347394,-0.030000,0.160000,-0.060000,0.420000,pedestrian,crossing,distracted,,0.000000,1.000000,0.701392,0.101392,0.000000,0.000000,0.000000,0.000000,0.000000,0.000000,0.000000,0.101392,0.101392,0.101392,0.101392,0.000000,horizon_mpc_secbf,12,0.144374,true,osqp,optimal,75,3.945601,0,0.472842,geometric,false,0.748542,0.046746,0.699619,-0.233158,,,0.737447,0.018974,2.084207,2.462293
local_crowding,context_int,Standard MPC-CBF,31,3.100,-0.187544,-0.526785,0.699619,-0.233158,-0.321688,-0.036000,0.202000,-0.060000,0.420000,pedestrian,crossing,distracted,,0.000000,1.000000,0.744374,0.144374,0.000000,0.000000,0.000000,0.000000,0.000000,0.000000,0.000000,0.144374,0.144374,0.144374,0.144374,0.000000,horizon_mpc_secbf,12,0.195665,true,osqp,optimal,75,3.996819,0,0.608397,geometric,false,0.747952,0.055382,0.707719,-0.213588,,,0.739247,0.021180,2.158132,2.394080
local_crowding,context_int,Standard MPC-CBF,32,3.200,-0.116772,-0.548144,0.707719,-0.213588,-0.293106,-0.042000,0.244000,-0.060000,0.420000,pedestrian,crossing,distracted,,0.000000,1.000000,0.795665,0.195665,0.000000,0.000000,0.000000,0.000000,0.000000,0.000000,0.000000,0.195665,0.195665,0.195665,0.195665,0.000000,horizon_mpc_secbf,12,0.253396,true,osqp,optimal,75,5.262517,0,0.732457,geometric,false,0.747272,0.063911,0.716463,-0.192469,,,0.741865,0.022858,2.232318,2.325229
local_crowding,context_int,Standard MPC-CBF,33,3.300,-0.045125,-0.567391,0.716463,-0.192469,-0.262442,-0.048000,0.286000,-0.060000,0.420000,pedestrian,crossing,distracted,,0.000000,1.000000,0.853396,0.253396,0.000000,0.000000,0.000000,0.000000,0.000000,0.000000,0.000000,0.253396,0.253396,0.253396,0.253396,0.000000,horizon_mpc_secbf,12,0.316040,true,osqp,optimal,75,6.840999,0,0.846255,geometric,false,0.746509,0.072283,0.725685,-0.170216,,,0.745381,0.024089,2.306856,2.255626
local_crowding,context_int,Standard MPC-CBF,34,3.400,0.027443,-0.584412,0.725685,-0.170216,-0.230394,-0.054000,0.328000,-0.060000,0.420000,pedestrian,crossing,distracted,,0.000000,1.000000,0.916040,0.316040,0.000000,0.000000,0.000000,0.000000,0.000000,0.000000,0.000000,0.316040,0.316040,0.316040,0.316040,0.000000,horizon_mpc_secbf,12,0.382358,true,osqp,optimal,75,4.506358,0,0.951264,geometric,false,0.745672,0.080456,0.734160,-0.146862,,,0.748705,0.024844,2.381727,2.185166
local_crowding,context_int,Standard MPC-CBF,35,3.500,0.100859,-0.599098,0.734160,-0.146862,-0.197435,-0.060000,0.370000,-0.060000,0.420000,pedestrian,crossing,distracted,,0.000000,1.000000,0.982358,0.382358,0.000000,0.000000,0.000000,0.000000,0.000000,0.000000,0.000000,0.382358,0.382358,0.382358,0.382358,0.000000,horizon_mpc_secbf,12,0.451107,true,osqp,optimal,75,4.322346,0,1.046762,geometric,false,0.744774,0.088380,0.735587,-0.121436,,,0.745543,0.025465,2.456281,2.113869
local_crowding,context_int,Standard MPC-CBF,36,3.600,0.174418,-0.611242,0.735587,-0.121436,-0.163612,-0.066000,0.412000,-0.060000,0.420000,pedestrian,crossing,distracted,,0.000000,1.000000,1.051107,0.451107,0.000000,0.000000,0.000000,0.000000,0.000000,0.000000,0.000000,0.451107,0.451107,0.451107,0.451107,0.000000,horizon_mpc_secbf,12,0.521391,true,osqp,optimal,100,3.780770,0,1.134709,geometric,false,0.743839,0.095934,0.735589,-0.095289,,,0.741735,0.026147,2.530455,2.042359
local_crowding,context_int,Standard MPC-CBF,37,3.700,0.247977,-0.620771,0.735589,-0.095289,-0.128824,-0.072000,0.454000,-0.060000,0.420000,pedestrian,crossing,distracted,,0.000000,1.000000,1.121391,0.521391,0.000000,0.000000,0.000000,0.000000,0.000000,0.000000,0.000000,0.521391,0.521391,0.521391,0.521391,0.000000,horizon_mpc_secbf,12,0.592580,true,osqp,optimal,100,4.154074,0,1.216992,geometric,false,0.742887,0.103048,0.735589,-0.068914,,,0.738810,0.026375,2.604336,1.970713
local_crowding,context_int,Standard MPC-CBF,38,3.800,0.321536,-0.627662,0.735589,-0.068914,-0.093413,-0.078000,0.496000,-0.060000,0.420000,pedestrian,crossing,distracted,,0.000000,1.000000,1.192580,0.592580,0.000000,0.000000,0.000000,0.000000,0.000000,0.000000,0.000000,0.592580,0.592580,0.592580,0.592580,0.000000,horizon_mpc_secbf,12,0.664217,true,osqp,optimal,100,4.459599,0,1.294958,geometric,false,0.741939,0.109669,0.735589,-0.042573,,,0.736820,0.026341,2.678018,1.898875
local_crowding,context_int,Standard MPC-CBF,39,3.900,0.395095,-0.631920,0.735589,-0.042573,-0.057811,-0.084000,0.538000,-0.060000,0.420000,pedestrian,crossing,distracted,,0.000000,1.000000,1.264217,0.664217,0.000000,0.000000,0.000000,0.000000,0.000000,0.000000,0.000000,0.664217,0.664217,0.664217,0.664217,0.000000,horizon_mpc_secbf,12,0.735978,true,osqp,optimal,100,4.528150,0,1.369634,geometric,false,0.741015,0.115744,0.735589,-0.016472,,,0.735773,0.026100,2.751595,1.826790
local_crowding,context_int,Standard MPC-CBF,40,4.000,0.468653,-0.633567,0.735589,-0.016472,-0.022390,-0.090000,0.580000,-0.060000,0.420000,pedestrian,crossing,distracted,,0.000000,1.000000,1.335978,0.735978,0.000000,0.000000,0.000000,0.000000,0.000000,0.000000,0.000000,0.735978,0.735978,0.735978,0.735978,0.000000,horizon_mpc_secbf,12,0.807640,true,osqp,optimal,100,3.851473,0,1.441813,geometric,false,0.740139,0.121223,0.735588,0.009209,,,0.735646,0.025682,2.825160,1.754415
local_crowding,context_int,Standard MPC-CBF,41,4.100,0.542212,-0.632646,0.735588,0.009209,0.012519,-0.096000,0.622000,-0.060000,0.420000,pedestrian,crossing,distracted,,0.000000,1.000000,1.407640,0.807640,0.000000,0.000000,0.000000,0.000000,0.000000,0.000000,0.000000,0.807640,0.807640,0.807640,0.807640,0.000000,horizon_mpc_secbf,12,0.879053,true,osqp,optimal,100,3.925837,0,1.512119,geometric,false,0.739331,0.126053,0.735586,0.034314,,,0.736386,0.025105,2.898798,1.681710
local_crowding,context_int,Standard MPC-CBF,42,4.200,0.615771,-0.629215,0.735586,0.034314,0.046615,-0.102000,0.664000,-0.060000,0.420000,pedestrian,crossing,distracted,,0.000000,1.000000,1.479053,0.879053,0.000000,0.000000,0.000000,0.000000,0.000000,0.000000,0.000000,0.879053,0.879053,0.879053,0.879053,0.000000,horizon_mpc_secbf,12,0.950126,true,osqp,optimal,100,4.684522,0,1.581050,geometric,false,0.738616,0.130178,0.735582,0.058695,,,0.737920,0.024381,2.972590,1.608646
local_crowding,context_int,Standard MPC-CBF,43,4.300,0.689329,-0.623345,0.735582,0.058695,0.079626,-0.108000,0.706000,-0.060000,0.420000,pedestrian,crossing,distracted,,0.000000,1.000000,1.550126,0.950126,0.000000,0.000000,0.000000,0.000000,0.000000,0.000000,0.000000,0.950126,0.950126,0.950126,0.950126,0.000000,horizon_mpc_secbf,12,1.020815,true,osqp,optimal,100,3.987330,0,1.649034,geometric,false,0.738016,0.133539,0.735577,0.082195,,,0.740155,0.023500,3.046606,1.535202
local_crowding,context_int,Standard MPC-CBF,44,4.400,0.762887,-0.615126,0.735577,0.082195,0.111281,-0.114000,0.748000,-0.060000,0.420000,pedestrian,crossing,distracted,,0.000000,1.000000,1.620815,1.020815,0.000000,0.000000,0.000000,0.000000,0.000000,0.000000,0.000000,1.020815,1.020815,1.020815,1.020815,0.000000,horizon_mpc_secbf,12,1.091124,true,osqp,optimal,250,4.576248,0,1.716561,geometric,false,0.737554,0.136067,0.735599,0.104530,,,0.742988,0.022334,3.120904,1.461364
local_crowding,context_int,Standard MPC-CBF,45,4.500,0.836447,-0.604673,0.735599,0.104530,0.141156,-0.120000,0.790000,-0.060000,0.420000,pedestrian,crossing,distracted,,0.000000,1.000000,1.691124,1.091124,0.000000,0.000000,0.000000,0.000000,0.000000,0.000000,0.000000,1.091124,1.091124,1.091124,1.091124,0.000000,horizon_mpc_secbf,12,1.161166,true,osqp,optimal,325,5.368870,0,1.784753,geometric,false,0.737251,0.137697,0.735592,0.124539,,,0.746060,0.020009,3.195510,1.387132
local_crowding,context_int,Standard MPC-CBF,46,4.600,0.910006,-0.592219,0.735592,0.124539,0.167714,-0.126000,0.832000,-0.060000,0.420000,pedestrian,crossing,distracted,,0.000000,1.000000,1.761166,1.161166,0.000000,0.000000,0.000000,0.000000,0.000000,0.000000,0.000000,1.161166,1.161166,1.161166,1.161166,0.000000,horizon_mpc_secbf,12,1.231552,true,osqp,optimal,275,5.468717,0,1.858824,geometric,false,0.737118,0.138407,0.735605,0.136027,,,0.748076,0.011489,3.270318,1.312538
local_crowding,context_int,Standard MPC-CBF,47,4.700,0.983566,-0.578616,0.735605,0.136027,0.182853,-0.132000,0.874000,-0.060000,0.420000,pedestrian,crossing,distracted,,0.000000,1.000000,1.831552,1.231552,0.000000,0.000000,0.000000,0.000000,0.000000,0.000000,0.000000,1.231552,1.231552,1.231552,1.231552,0.000000,horizon_mpc_secbf,12,1.302923,true,osqp,optimal,275,4.850374,0,1.939718,geometric,false,0.737095,0.138529,0.735605,0.138100,,,0.748456,0.002073,3.345164,1.237730
local_crowding,context_int,Standard MPC-CBF,48,4.800,1.057127,-0.564806,0.735605,0.138100,0.185576,-0.138000,0.916000,-0.060000,0.420000,pedestrian,crossing,distracted,,0.000000,1.000000,1.902923,1.302923,0.000000,0.000000,0.000000,0.000000,0.000000,0.000000,0.000000,1.302923,1.302923,1.302923,1.302923,0.000000,horizon_mpc_secbf,12,1.375294,true,osqp,optimal,275,5.229235,0,2.021685,geometric,false,0.737094,0.138539,0.735605,0.138463,,,0.748523,0.000363,3.420016,1.162885
local_crowding,context_int,Standard MPC-CBF,49,4.900,1.130687,-0.550960,0.735605,0.138463,0.186054,-0.144000,0.958000,-0.060000,0.420000,pedestrian,crossing,distracted,,0.000000,1.000000,1.975294,1.375294,0.000000,0.000000,0.000000,0.000000,0.000000,0.000000,0.000000,1.375294,1.375294,1.375294,1.375294,0.000000,horizon_mpc_secbf,12,1.448582,true,osqp,optimal,275,4.785249,0,2.103741,geometric,false,0.737096,0.138525,0.735604,0.138514,,,0.748532,0.000051,3.494869,1.088032
local_crowding,context_int,Standard MPC-CBF,50,5.000,1.204248,-0.537108,0.735604,0.138514,0.186121,-0.150000,1.000000,-0.060000,0.420000,pedestrian,crossing,distracted,,0.000000,1.000000,2.048582,1.448582,0.000000,0.000000,0.000000,0.000000,0.000000,0.000000,0.000000,1.448582,1.448582,1.448582,1.448582,0.000000,horizon_mpc_secbf,12,1.522696,true,osqp,optimal,275,5.957217,0,2.185740,geometric,false,0.737100,0.138506,0.735603,0.138507,,,0.748529,0.000007,3.569722,1.013179
local_crowding,context_int,Standard MPC-CBF,51,5.100,1.277808,-0.523258,0.735603,0.138507,0.186112,-0.156000,1.042000,-0.060000,0.420000,pedestrian,crossing,distracted,,0.000000,1.000000,2.122696,1.522696,0.000000,0.000000,0.000000,0.000000,0.000000,0.000000,0.000000,1.522696,1.522696,1.522696,1.522696,0.000000,horizon_mpc_secbf,12,1.597552,true,osqp,optimal,275,6.358997,0,2.267682,geometric,false,0.737104,0.138484,0.735602,0.138488,,,0.748525,0.000019,3.644575,0.938326
local_crowding,context_int,Standard MPC-CBF,52,5.200,1.351368,-0.509409,0.735602,0.138488,0.186086,-0.162000,1.084000,-0.060000,0.420000,pedestrian,crossing,distracted,,0.000000,1.000000,2.197552,1.597552,0.000000,0.000000,0.000000,0.000000,0.000000,0.000000,0.000000,1.597552,1.597552,1.597552,1.597552,0.000000,horizon_mpc_secbf,12,1.673078,true,osqp,optimal,275,6.347644,0,2.349588,geometric,false,0.737108,0.138460,0.735601,0.138465,,,0.748520,0.000023,3.719427,0.863474
local_crowding,context_int,Standard MPC-CBF,53,5.300,1.424928,-0.495562,0.735601,0.138465,0.186056,-0.168000,1.126000,-0.060000,0.420000,pedestrian,crossing,distracted,,0.000000,1.000000,2.273078,1.673078,0.000000,0.000000,0.000000,0.000000,0.000000,0.000000,0.000000,1.673078,1.673078,1.673078,1.673078,0.000000,horizon_mpc_secbf,12,1.749210,true,osqp,optimal,275,6.683227,0,2.431478,geometric,false,0.737113,0.138434,0.735600,0.138439,,,0.748513,0.000026,3.794278,0.788622
local_crowding,context_int,Standard MPC-CBF,54,5.400,1.498488,-0.481718,0.735600,0.138439,0.186023,-0.174000,1.168000,-0.060000,0.420000,pedestrian,crossing,distracted,,0.000000,1.000000,2.349210,1.749210,0.000000,0.000000,0.000000,0.000000,0.000000,0.000000,0.000000,1.749210,1.749210,1.749210,1.749210,0.000000,horizon_mpc_secbf,12,1.825891,true,osqp,optimal,250,6.515186,0,2.513374,geometric,false,0.737119,0.138404,0.735604,0.138410,,,0.748512,0.000029,3.869129,0.713771
local_crowding,context_int,Standard MPC-CBF,55,5.500,1.572049,-0.467877,0.735604,0.138410,0.185984,-0.180000,1.210000,-0.060000,0.420000,pedestrian,crossing,distracted,,0.000000,1.000000,2.425891,1.825891,0.000000,0.000000,0.000000,0.000000,0.000000,0.000000,0.000000,1.825891,1.825891,1.825891,1.825891,0.000000,horizon_mpc_secbf,12,1.903071,true,osqp,optimal,250,6.335089,0,2.595283,geometric,false,0.737125,0.138371,0.735602,0.138378,,,0.748504,0.000032,3.943979,0.638919
local_crowding,context_int,Standard MPC-CBF,56,5.600,1.645609,-0.454040,0.735602,0.138378,0.185942,-0.186000,1.252000,-0.060000,0.420000,pedestrian,crossing,distracted,,0.000000,1.000000,2.503071,1.903071,0.000000,0.000000,0.000000,0.000000,0.000000,0.000000,0.000000,1.903071,1.903071,1.903071,1.903071,0.000000,horizon_mpc_secbf,12,1.980704,true,osqp,optimal,250,6.743969,0,2.677220,geometric,false,0.737132,0.138334,0.735600,0.138341,,,0.748496,0.000037,4.018829,0.564069
local_crowding,context_int,Standard MPC-CBF,57,5.700,1.719169,-0.440205,0.735600,0.138341,0.185894,-0.192000,1.294000,-0.060000,0.420000,pedestrian,crossing,distracted,,0.000000,1.000000,2.580704,1.980704,0.000000,0.000000,0.000000,0.000000,0.000000,0.000000,0.000000,1.980704,1.980704,1.980704,1.980704,0.000000,horizon_mpc_secbf,12,2.058753,true,osqp,optimal,250,6.462329,0,2.759194,geometric,false,0.737140,0.138290,0.735599,0.138299,,,0.748487,0.000042,4.093678,0.489219
local_crowding,context_int,Standard MPC-CBF,58,5.800,1.792729,-0.426376,0.735599,0.138299,0.185839,-0.198000,1.336000,-0.060000,0.420000,pedestrian,crossing,distracted,,0.000000,1.000000,2.658753,2.058753,0.000000,0.000000,0.000000,0.000000,0.000000,0.000000,0.000000,2.058753,2.058753,2.058753,2.058753,0.000000,horizon_mpc_secbf,12,2.137183,true,osqp,optimal,225,4.699639,0,2.841220,geometric,false,0.737150,0.138238,0.735605,0.138248,,,0.748484,0.000051,4.168526,0.414371
local_crowding,context_int,Standard MPC-CBF,59,5.900,1.866289,-0.412551,0.735605,0.138248,0.185771,-0.204000,1.378000,-0.060000,0.420000,pedestrian,crossing,distracted,,0.000000,1.000000,2.737183,2.137183,0.000000,0.000000,0.000000,0.000000,0.000000,0.000000,0.000000,2.137183,2.137183,2.137183,2.137183,0.000000,horizon_mpc_secbf,12,2.215962,true,osqp,optimal,225,5.044515,0,2.923295,geometric,false,0.737162,0.138174,0.735604,0.138187,,,0.748471,0.000062,4.243373,0.339522
local_crowding,context_int,Standard MPC-CBF,60,6.000,1.939850,-0.398732,0.735604,0.138187,0.185690,-0.210000,1.420000,-0.060000,0.420000,pedestrian,crossing,distracted,,0.000000,1.000000,2.815962,2.215962,0.000000,0.000000,0.000000,0.000000,0.000000,0.000000,0.000000,2.215962,2.215962,2.215962,2.215962,0.000000,horizon_mpc_secbf,12,2.295063,true,osqp,optimal,225,4.387122,0,3.005431,geometric,false,0.737178,0.138090,0.735603,0.138107,,,0.748455,0.000080,4.318219,0.264675
local_crowding,context_int,Standard MPC-CBF,61,6.100,2.013410,-0.384921,0.735603,0.138107,0.185586,-0.216000,1.462000,-0.060000,0.420000,pedestrian,crossing,distracted,,0.000000,1.000000,2.895063,2.295063,0.000000,0.000000,0.000000,0.000000,0.000000,0.000000,0.000000,2.295063,2.295063,2.295063,2.295063,0.000000,horizon_mpc_secbf,12,2.374462,true,osqp,optimal,225,4.301919,0,3.087641,geometric,false,0.737200,0.137972,0.735602,0.137995,,,0.748434,0.000112,4.393062,0.189830
local_crowding,context_int,Standard MPC-CBF,62,6.200,2.086970,-0.371122,0.735602,0.137995,0.185439,-0.222000,1.504000,-0.060000,0.420000,pedestrian,crossing,distracted,,0.000000,1.000000,2.974462,2.374462,0.000000,0.000000,0.000000,0.000000,0.000000,0.000000,0.000000,2.374462,2.374462,2.374462,2.374462,0.000000,horizon_mpc_secbf,12,2.454142,true,osqp,optimal,225,5.017439,0,3.169955,geometric,false,0.737238,0.137769,0.735601,0.137807,,,0.748398,0.000187,4.467902,0.114986
local_crowding,context_int,Standard MPC-CBF,63,6.300,2.160530,-0.357341,0.735601,0.137807,0.185193,-0.228000,1.546000,-0.060000,0.420000,pedestrian,crossing,distracted,,0.000000,1.000000,3.054142,2.454142,0.000000,0.000000,0.000000,0.000000,0.000000,0.000000,0.000000,2.454142,2.454142,2.454142,2.454142,0.000001,horizon_mpc_secbf,12,2.515193,true,osqp,optimal,75,4.116037,0,3.064594,geometric,false,0.394696,0.073413,0.453186,0.084461,,,0.460990,0.287409,4.514001,0.040147
local_crowding,context_int,Standard MPC-CBF,64,6.400,2.205849,-0.348895,0.453186,0.084461,0.184258,-0.234000,1.588000,-0.060000,0.420000,pedestrian,crossing,distracted,,0.000000,1.000000,3.115193,2.515193,0.000000,0.000000,0.000000,0.000000,0.000000,0.000000,0.000000,2.515193,2.515193,2.515193,2.515193,0.000000,horizon_mpc_secbf,12,2.546156,true,osqp,optimal,100,4.135144,0,2.823470,geometric,false,-0.058490,-0.011048,0.000034,-0.000192,,,0.000195,0.460991,4.514020,0.005952
local_crowding,context_int,Standard MPC-CBF,65,6.500,2.205852,-0.348914,0.000034,-0.000192,-1.393691,-0.240000,1.630000,-0.060000,0.420000,pedestrian,crossing,distracted,,0.000000,1.000000,3.146156,2.546156,0.000000,0.000000,0.000000,0.000000,0.000000,0.000000,0.000000,2.546156,2.546156,2.546156,2.546156,0.000000,horizon_mpc_secbf,12,2.574205,true,osqp,optimal,75,3.594511,0,2.824969,geometric,false,-0.058524,-0.010856,-0.048477,-0.009027,,,0.049310,0.049309,4.518951,0.005952
local_crowding,context_int,Standard MPC-CBF,66,6.600,2.201005,-0.349817,-0.048477,-0.009027,-2.957495,-0.246000,1.672000,-0.060000,0.420000,pedestrian,crossing,distracted,,0.000000,1.000000,3.174205,2.574205,0.000000,0.000000,0.000000,0.000000,0.000000,0.000000,0.000000,2.574205,2.574205,2.574205,2.574205,0.000000,horizon_mpc_secbf,12,2.604634,true,osqp,optimal,75,5.220698,0,2.877103,geometric,false,-0.010047,-0.001830,-0.016641,-0.003065,,,0.016920,0.032390,4.520643,0.001021
local_crowding,context_int,Standard MPC-CBF,67,6.700,2.199341,-0.350123,-0.016641,-0.003065,-2.959472,-0.252000,1.714000,-0.060000,0.420000,pedestrian,crossing,distracted,,0.000000,1.000000,3.204634,2.604634,0.000000,0.000000,0.000000,0.000000,0.000000,0.000000,0.000000,2.604634,2.604634,2.604634,2.604634,0.000000,horizon_mpc_secbf,12,2.636565,true,osqp,optimal,75,5.826771,0,2.922728,geometric,false,0.006594,0.001235,0.002607,0.000497,,,0.002654,0.019575,4.520909,0.000671
local_crowding,context_int,Standard MPC-CBF,68,6.800,2.199601,-0.350074,0.002607,0.000497,0.188421,-0.258000,1.756000,-0.060000,0.420000,pedestrian,crossing,distracted,,0.000000,1.000000,3.236565,2.636565,0.000000,0.000000,0.000000,0.000000,0.000000,0.000000,0.000000,2.636565,2.636565,2.636565,2.636565,0.000000,horizon_mpc_secbf,12,2.668807,true,osqp,optimal,75,4.040504,0,2.957818,geometric,false,0.003986,0.000738,0.003750,0.000696,,,0.003814,0.001160,4.521290,0.000405
local_crowding,context_int,Standard MPC-CBF,69,6.900,2.199976,-0.350004,0.003750,0.000696,0.183625,-0.264000,1.798000,-0.060000,0.420000,pedestrian,crossing,distracted,,0.000000,1.000000,3.268807,2.668807,0.000000,0.000000,0.000000,0.000000,0.000000,0.000000,0.000000,2.668807,2.668807,2.668807,2.668807,0.000000,horizon_mpc_secbf,12,2.701098,true,osqp,optimal,50,4.833299,0,2.990554,geometric,false,0.000237,0.000041,0.000837,0.000156,,,0.000852,0.002962,4.521375,0.000024
local_crowding,context_int,Standard MPC-CBF,70,7.000,2.200060,-0.349989,0.000837,0.000156,0.183917,-0.270000,1.840000,-0.060000,0.420000,pedestrian,crossing,distracted,,0.000000,1.000000,3.301098,2.701098,0.000000,0.000000,0.000000,0.000000,0.000000,0.000000,0.000000,2.701098,2.701098,2.701098,2.701098,0.000000,horizon_mpc_secbf,12,2.733542,true,osqp,optimal,50,5.401640,0,3.024411,geometric,false,-0.000601,-0.000114,-0.000350,-0.000072,,,0.000358,0.001209,4.521411,0.000061
local_crowding,context_int,Standard MPC-CBF,71,7.100,2.200025,-0.349996,-0.000350,-0.000072,-2.940042,-0.276000,1.882000,-0.060000,0.420000,pedestrian,crossing,distracted,,0.000000,1.000000,3.333542,2.733542,0.000000,0.000000,0.000000,0.000000,0.000000,0.000000,0.000000,2.733542,2.733542,2.733542,2.733542,0.000000,horizon_mpc_secbf,12,2.766214,true,osqp,optimal,50,4.365586,0,3.059157,geometric,false,-0.000250,-0.000043,-0.000266,-0.000049,,,0.000270,0.000087,4.521438,0.000025
local_crowding,context_int,Standard MPC-CBF,72,7.200,2.199998,-0.350001,-0.000266,-0.000049,-2.957962,-0.282000,1.924000,-0.060000,0.420000,pedestrian,crossing,distracted,,0.000000,1.000000,3.366214,2.766214,0.000000,0.000000,0.000000,0.000000,0.000000,0.000000,0.000000,2.766214,2.766214,2.766214,2.766214,0.000000,horizon_mpc_secbf,12,2.799116,true,osqp,optimal,25,4.572723,0,3.094169,geometric,false,0.000016,0.000006,-0.000004,0.000009,,,0.000010,0.000268,4.521439,0.000002
local_crowding,context_int,Standard MPC-CBF,73,7.300,2.199998,-0.350000,-0.000004,0.000009,1.966851,-0.288000,1.966000,-0.060000,0.420000,pedestrian,crossing,distracted,,0.000000,1.000000,3.399116,2.799116,0.000000,0.000000,0.000000,0.000000,0.000000,0.000000,0.000000,2.799116,2.799116,2.799116,2.799116,0.000000,horizon_mpc_secbf,12,2.832229,true,osqp,optimal,25,5.446340,0,3.129212,geometric,false,0.000020,-0.000003,0.000014,0.000001,,,0.000014,0.000020,4.521441,0.000002
local_crowding,context_int,Standard MPC-CBF,74,7.400,2.199999,-0.350000,0.000014,0.000001,0.035663,-0.294000,2.008000,-0.060000,0.420000,pedestrian,crossing,distracted,,0.000000,1.000000,3.432229,2.832229,0.000000,0.000000,0.000000,0.000000,0.000000,0.000000,0.000000,2.832229,2.832229,2.832229,2.832229,0.000000,horizon_mpc_secbf,12,2.865545,true,osqp,optimal,25,4.944393,0,3.164381,geometric,false,0.000005,-0.000003,0.000006,-0.000002,,,0.000007,0.000008,4.521441,0.000001
local_crowding,context_int,Standard MPC-CBF,75,7.500,2.200000,-0.350000,0.000006,-0.000002,-0.338296,-0.300000,2.050000,-0.060000,0.420000,pedestrian,crossing,distracted,,0.000000,1.000000,3.465545,2.865545,0.000000,0.000000,0.000000,0.000000,0.000000,0.000000,0.000000,2.865545,2.865545,2.865545,2.865545,0.000000,horizon_mpc_secbf,12,2.899057,true,osqp,optimal,25,4.014258,0,3.199692,geometric,false,-0.000001,-0.000001,0.000000,-0.000001,,,0.000001,0.000006,4.521442,0.000000
local_crowding,context_int,Standard MPC-CBF,76,7.600,2.200000,-0.350000,0.000000,-0.000001,-1.406912,-0.306000,2.092000,-0.060000,0.420000,pedestrian,crossing,distracted,,0.000000,1.000000,3.499057,2.899057,0.000000,0.000000,0.000000,0.000000,0.000000,0.000000,0.000000,2.899057,2.899057,2.899057,2.899057,0.000000,horizon_mpc_secbf,12,2.932761,true,osqp,optimal,25,4.487085,0,3.235147,geometric,false,-0.000001,0.000000,-0.000001,-0.000000,,,0.000001,0.000002,4.521442,0.000000
local_crowding,context_int,Standard MPC-CBF,77,7.700,2.200000,-0.350000,-0.000001,-0.000000,-2.925924,-0.312000,2.134000,-0.060000,0.420000,pedestrian,crossing,distracted,,0.000000,1.000000,3.532761,2.932761,0.000000,0.000000,0.000000,0.000000,0.000000,0.000000,0.000000,2.932761,2.932761,2.932761,2.932761,0.000000,horizon_mpc_secbf,12,2.966651,true,osqp,optimal,25,5.454462,0,3.270740,geometric,false,-0.000000,0.000000,-0.000000,0.000000,,,0.000000,0.000001,4.521442,0.000000
local_crowding,context_int,Standard MPC-CBF,78,7.800,2.200000,-0.350000,-0.000000,0.000000,2.654914,-0.318000,2.176000,-0.060000,0.420000,pedestrian,crossing,distracted,,0.000000,1.000000,3.566651,2.966651,0.000000,0.000000,0.000000,0.000000,0.000000,0.000000,0.000000,2.966651,2.966651,2.966651,2.966651,0.000000,horizon_mpc_secbf,12,3.000722,true,osqp,optimal,25,3.867419,0,3.306466,geometric,false,0.000000,0.000000,-0.000000,0.000000,,,0.000000,0.000000,4.521442,0.000000
local_crowding,context_int,Standard MPC-CBF,79,7.900,2.200000,-0.350000,-0.000000,0.000000,1.624331,-0.324000,2.218000,-0.060000,0.420000,pedestrian,crossing,distracted,,0.000000,1.000000,3.600722,3.000722,0.000000,0.000000,0.000000,0.000000,0.000000,0.000000,0.000000,3.000722,3.000722,3.000722,3.000722,0.000000,horizon_mpc_secbf,12,3.034969,true,osqp,optimal,25,4.004929,0,3.342320,geometric,false,0.000000,-0.000000,0.000000,0.000000,,,0.000000,0.000000,4.521442,0.000000
local_crowding,context_int,Standard MPC-CBF,80,8.000,2.200000,-0.350000,0.000000,0.000000,0.379546,-0.330000,2.260000,-0.060000,0.420000,pedestrian,crossing,distracted,,0.000000,1.000000,3.634969,3.034969,0.000000,0.000000,0.000000,0.000000,0.000000,0.000000,0.000000,3.034969,3.034969,3.034969,3.034969,0.000000,horizon_mpc_secbf,12,3.069387,true,osqp,optimal,25,4.088638,0,3.378301,geometric,false,0.000000,-0.000000,0.000000,-0.000000,,,0.000000,0.000000,4.521442,0.000000
local_crowding,context_int,Standard MPC-CBF,81,8.100,2.200000,-0.350000,0.000000,-0.000000,-0.686423,-0.336000,2.302000,-0.060000,0.420000,pedestrian,crossing,distracted,,0.000000,1.000000,3.669387,3.069387,0.000000,0.000000,0.000000,0.000000,0.000000,0.000000,0.000000,3.069387,3.069387,3.069387,3.069387,0.000000,horizon_mpc_secbf,12,3.103971,true,osqp,optimal,25,5.473335,0,3.414404,geometric,false,-0.000000,-0.000000,-0.000000,-0.000000,,,0.000000,0.000000,4.521442,0.000000
local_crowding,context_int,Standard MPC-CBF,82,8.200,2.200000,-0.350000,-0.000000,-0.000000,-1.589122,-0.342000,2.344000,-0.060000,0.420000,pedestrian,crossing,distracted,,0.000000,1.000000,3.703971,3.103971,0.000000,0.000000,0.000000,0.000000,0.000000,0.000000,0.000000,3.103971,3.103971,3.103971,3.103971,0.000000,horizon_mpc_secbf,12,3.138716,true,osqp,optimal,25,4.558550,0,3.450626,geometric,false,0.000000,0.000000,0.000000,-0.000000,,,0.000000,0.000000,4.521442,0.000000
local_crowding,context_int,Standard MPC-CBF,83,8.300,2.200000,-0.350000,0.000000,-0.000000,-1.562163,-0.348000,2.386000,-0.060000,0.420000,pedestrian,crossing,distracted,,0.000000,1.000000,3.738716,3.138716,0.000000,0.000000,0.000000,0.000000,0.000000,0.000000,0.000000,3.138716,3.138716,3.138716,3.138716,0.000000,horizon_mpc_secbf,12,3.173619,true,osqp,optimal,25,4.380609,0,3.486964,geometric,false,0.000000,0.000000,0.000000,-0.000000,,,0.000000,0.000000,4.521442,0.000000
local_crowding,context_int,Standard MPC-CBF,84,8.400,2.200000,-0.350000,0.000000,-0.000000,-1.562163,-0.354000,2.428000,-0.060000,0.420000,pedestrian,crossing,distracted,,0.000000,1.000000,3.773619,3.173619,0.000000,0.000000,0.000000,0.000000,0.000000,0.000000,0.000000,3.173619,3.173619,3.173619,3.173619,0.000000,horizon_mpc_secbf,12,3.208674,true,osqp,optimal,25,4.417856,0,3.523416,geometric,false,0.000000,0.000000,0.000000,-0.000000,,,0.000000,0.000000,4.521442,0.000000
local_crowding,context_int,Standard MPC-CBF,85,8.500,2.200000,-0.350000,0.000000,-0.000000,-1.562163,-0.360000,2.470000,-0.060000,0.420000,pedestrian,crossing,distracted,,0.000000,1.000000,3.808674,3.208674,0.000000,0.000000,0.000000,0.000000,0.000000,0.000000,0.000000,3.208674,3.208674,3.208674,3.208674,0.000000,horizon_mpc_secbf,12,3.243878,true,osqp,optimal,25,5.288112,0,3.559978,geometric,false,0.000000,0.000000,0.000000,-0.000000,,,0.000000,0.000000,4.521442,0.000000
local_crowding,context_int,Standard MPC-CBF,86,8.600,2.200000,-0.350000,0.000000,-0.000000,-1.562163,-0.366000,2.512000,-0.060000,0.420000,pedestrian,crossing,distracted,,0.000000,1.000000,3.843878,3.243878,0.000000,0.000000,0.000000,0.000000,0.000000,0.000000,0.000000,3.243878,3.243878,3.243878,3.243878,0.000000,horizon_mpc_secbf,12,3.279227,true,osqp,optimal,25,4.189761,0,3.596647,geometric,false,0.000000,0.000000,0.000000,-0.000000,,,0.000000,0.000000,4.521442,0.000000
local_crowding,context_int,Standard MPC-CBF,87,8.700,2.200000,-0.350000,0.000000,-0.000000,-1.562163,-0.372000,2.554000,-0.060000,0.420000,pedestrian,crossing,distracted,,0.000000,1.000000,3.879227,3.279227,0.000000,0.000000,0.000000,0.000000,0.000000,0.000000,0.000000,3.279227,3.279227,3.279227,3.279227,0.000000,horizon_mpc_secbf,12,3.314716,true,osqp,optimal,25,3.389438,0,3.633421,geometric,false,0.000000,0.000000,0.000000,-0.000000,,,0.000000,0.000000,4.521442,0.000000
local_crowding,context_int,Standard MPC-CBF,88,8.800,2.200000,-0.350000,0.000000,-0.000000,-1.562163,-0.378000,2.596000,-0.060000,0.420000,pedestrian,crossing,distracted,,0.000000,1.000000,3.914716,3.314716,0.000000,0.000000,0.000000,0.000000,0.000000,0.000000,0.000000,3.314716,3.314716,3.314716,3.314716,0.000000,horizon_mpc_secbf,12,3.350342,true,osqp,optimal,25,3.715869,0,3.670297,geometric,false,0.000000,0.000000,0.000000,-0.000000,,,0.000000,0.000000,4.521442,0.000000
local_crowding,context_int,Standard MPC-CBF,89,8.900,2.200000,-0.350000,0.000000,-0.000000,-1.562163,-0.384000,2.638000,-0.060000,0.420000,pedestrian,crossing,distracted,,0.000000,1.000000,3.950342,3.350342,0.000000,0.000000,0.000000,0.000000,0.000000,0.000000,0.000000,3.350342,3.350342,3.350342,3.350342,0.000000,horizon_mpc_secbf,12,3.386101,true,osqp,optimal,25,6.149287,0,3.707273,geometric,false,0.000000,0.000000,0.000000,-0.000000,,,0.000000,0.000000,4.521442,0.000000
local_crowding,context_int,Standard MPC-CBF,90,9.000,2.200000,-0.350000,0.000000,-0.000000,-1.562163,-0.390000,2.680000,-0.060000,0.420000,pedestrian,crossing,distracted,,0.000000,1.000000,3.986101,3.386101,0.000000,0.000000,0.000000,0.000000,0.000000,0.000000,0.000000,3.386101,3.386101,3.386101,3.386101,0.000000,horizon_mpc_secbf,12,3.421990,true,osqp,optimal,25,3.673239,0,3.744346,geometric,false,0.000000,0.000000,0.000000,-0.000000,,,0.000000,0.000000,4.521442,0.000000
local_crowding,context_int,Standard MPC-CBF,91,9.100,2.200000,-0.350000,0.000000,-0.000000,-1.562163,-0.396000,2.722000,-0.060000,0.420000,pedestrian,crossing,distracted,,0.000000,1.000000,4.021990,3.421990,0.000000,0.000000,0.000000,0.000000,0.000000,0.000000,0.000000,3.421990,3.421990,3.421990,3.421990,0.000000,horizon_mpc_secbf,12,3.458004,true,osqp,optimal,25,5.120360,0,3.781513,geometric,false,0.000000,0.000000,0.000000,-0.000000,,,0.000000,0.000000,4.521442,0.000000
local_crowding,context_int,Standard MPC-CBF,92,9.200,2.200000,-0.350000,0.000000,-0.000000,-1.562163,-0.402000,2.764000,-0.060000,0.420000,pedestrian,crossing,distracted,,0.000000,1.000000,4.058004,3.458004,0.000000,0.000000,0.000000,0.000000,0.000000,0.000000,0.000000,3.458004,3.458004,3.458004,3.458004,0.000000,horizon_mpc_secbf,12,3.494142,true,osqp,optimal,25,4.313485,0,3.818773,geometric,false,0.000000,0.000000,0.000000,-0.000000,,,0.000000,0.000000,4.521442,0.000000
local_crowding,context_int,Standard MPC-CBF,93,9.300,2.200000,-0.350000,0.000000,-0.000000,-1.562163,-0.408000,2.806000,-0.060000,0.420000,pedestrian,crossing,distracted,,0.000000,1.000000,4.094142,3.494142,0.000000,0.000000,0.000000,0.000000,0.000000,0.000000,0.000000,3.494142,3.494142,3.494142,3.494142,0.000000,horizon_mpc_secbf,12,3.530399,true,osqp,optimal,25,4.599353,0,3.856123,geometric,false,0.000000,0.000000,0.000000,-0.000000,,,0.000000,0.000000,4.521442,0.000000
local_crowding,context_int,Standard MPC-CBF,94,9.400,2.200000,-0.350000,0.000000,-0.000000,-1.562163,-0.414000,2.848000,-0.060000,0.420000,pedestrian,crossing,distracted,,0.000000,1.000000,4.130399,3.530399,0.000000,0.000000,0.000000,0.000000,0.000000,0.000000,0.000000,3.530399,3.530399,3.530399,3.530399,0.000000,horizon_mpc_secbf,12,3.566773,true,osqp,optimal,25,3.485004,0,3.893560,geometric,false,0.000000,0.000000,0.000000,-0.000000,,,0.000000,0.000000,4.521442,0.000000
local_crowding,context_int,Standard MPC-CBF,95,9.500,2.200000,-0.350000,0.000000,-0.000000,-1.562163,-0.420000,2.890000,-0.060000,0.420000,pedestrian,crossing,distracted,,0.000000,1.000000,4.166773,3.566773,0.000000,0.000000,0.000000,0.000000,0.000000,0.000000,0.000000,3.566773,3.566773,3.566773,3.566773,0.000000,horizon_mpc_secbf,12,3.603261,true,osqp,optimal,25,3.493582,0,3.931084,geometric,false,0.000000,0.000000,0.000000,-0.000000,,,0.000000,0.000000,4.521442,0.000000
local_crowding,context_int,Standard MPC-CBF,96,9.600,2.200000,-0.350000,0.000000,-0.000000,-1.562163,-0.426000,2.932000,-0.060000,0.420000,pedestrian,crossing,distracted,,0.000000,1.000000,4.203261,3.603261,0.000000,0.000000,0.000000,0.000000,0.000000,0.000000,0.000000,3.603261,3.603261,3.603261,3.603261,0.000000,horizon_mpc_secbf,12,3.639858,true,osqp,optimal,25,3.407527,0,3.968691,geometric,false,0.000000,0.000000,0.000000,-0.000000,,,0.000000,0.000000,4.521442,0.000000
local_crowding,context_int,Standard MPC-CBF,97,9.700,2.200000,-0.350000,0.000000,-0.000000,-1.562163,-0.432000,2.974000,-0.060000,0.420000,pedestrian,crossing,distracted,,0.000000,1.000000,4.239858,3.639858,0.000000,0.000000,0.000000,0.000000,0.000000,0.000000,0.000000,3.639858,3.639858,3.639858,3.639858,0.000000,horizon_mpc_secbf,12,3.676564,true,osqp,optimal,25,4.574955,0,4.006380,geometric,false,0.000000,0.000000,0.000000,-0.000000,,,0.000000,0.000000,4.521442,0.000000
local_crowding,context_int,Standard MPC-CBF,98,9.800,2.200000,-0.350000,0.000000,-0.000000,-1.562163,-0.438000,3.016000,-0.060000,0.420000,pedestrian,crossing,distracted,,0.000000,1.000000,4.276564,3.676564,0.000000,0.000000,0.000000,0.000000,0.000000,0.000000,0.000000,3.676564,3.676564,3.676564,3.676564,0.000000,horizon_mpc_secbf,12,3.713375,true,osqp,optimal,25,5.229862,0,4.044149,geometric,false,0.000000,0.000000,0.000000,-0.000000,,,0.000000,0.000000,4.521442,0.000000
local_crowding,context_int,Standard MPC-CBF,99,9.900,2.200000,-0.350000,0.000000,-0.000000,-1.562163,-0.444000,3.058000,-0.060000,0.420000,pedestrian,crossing,distracted,,0.000000,1.000000,4.313375,3.713375,0.000000,0.000000,0.000000,0.000000,0.000000,0.000000,0.000000,3.713375,3.713375,3.713375,3.713375,0.000000,horizon_mpc_secbf,12,3.750287,true,osqp,optimal,25,4.058025,0,4.081995,geometric,false,0.000000,0.000000,0.000000,-0.000000,,,0.000000,0.000000,4.521442,0.000000
local_crowding,context_int,Standard MPC-CBF,100,10.000,2.200000,-0.350000,0.000000,-0.000000,-1.562163,-0.450000,3.100000,-0.060000,0.420000,pedestrian,crossing,distracted,,0.000000,1.000000,4.350287,3.750287,0.000000,0.000000,0.000000,0.000000,0.000000,0.000000,0.000000,3.750287,3.750287,3.750287,3.750287,0.000000,horizon_mpc_secbf,12,3.787300,true,osqp,optimal,25,5.434248,0,4.119918,geometric,false,0.000000,0.000000,0.000000,-0.000000,,,0.000000,0.000000,4.521442,0.000000
local_crowding,context_int,Standard MPC-CBF,101,10.100,2.200000,-0.350000,0.000000,-0.000000,-1.562163,-0.456000,3.142000,-0.060000,0.420000,pedestrian,crossing,distracted,,0.000000,1.000000,4.387300,3.787300,0.000000,0.000000,0.000000,0.000000,0.000000,0.000000,0.000000,3.787300,3.787300,3.787300,3.787300,0.000000,horizon_mpc_secbf,12,3.824410,true,osqp,optimal,25,5.163608,0,4.157915,geometric,false,0.000000,0.000000,0.000000,-0.000000,,,0.000000,0.000000,4.521442,0.000000
local_crowding,context_int,Standard MPC-CBF,102,10.200,2.200000,-0.350000,0.000000,-0.000000,-1.562163,-0.462000,3.184000,-0.060000,0.420000,pedestrian,crossing,distracted,,0.000000,1.000000,4.424410,3.824410,0.000000,0.000000,0.000000,0.000000,0.000000,0.000000,0.000000,3.824410,3.824410,3.824410,3.824410,0.000000,horizon_mpc_secbf,12,3.861614,true,osqp,optimal,25,4.713184,0,4.195985,geometric,false,0.000000,0.000000,0.000000,-0.000000,,,0.000000,0.000000,4.521442,0.000000
local_crowding,context_int,Standard MPC-CBF,103,10.300,2.200000,-0.350000,0.000000,-0.000000,-1.562163,-0.468000,3.226000,-0.060000,0.420000,pedestrian,crossing,distracted,,0.000000,1.000000,4.461614,3.861614,0.000000,0.000000,0.000000,0.000000,0.000000,0.000000,0.000000,3.861614,3.861614,3.861614,3.861614,0.000000,horizon_mpc_secbf,12,3.898911,true,osqp,optimal,25,6.031047,0,4.234125,geometric,false,0.000000,0.000000,0.000000,-0.000000,,,0.000000,0.000000,4.521442,0.000000
local_crowding,context_int,Standard MPC-CBF,104,10.400,2.200000,-0.350000,0.000000,-0.000000,-1.562163,-0.474000,3.268000,-0.060000,0.420000,pedestrian,crossing,distracted,,0.000000,1.000000,4.498911,3.898911,0.000000,0.000000,0.000000,0.000000,0.000000,0.000000,0.000000,3.898911,3.898911,3.898911,3.898911,0.000000,horizon_mpc_secbf,12,3.936298,true,osqp,optimal,25,4.414760,0,4.272335,geometric,false,0.000000,0.000000,0.000000,-0.000000,,,0.000000,0.000000,4.521442,0.000000
local_crowding,context_int,Standard MPC-CBF,105,10.500,2.200000,-0.350000,0.000000,-0.000000,-1.562163,-0.480000,3.310000,-0.060000,0.420000,pedestrian,crossing,distracted,,0.000000,1.000000,4.536298,3.936298,0.000000,0.000000,0.000000,0.000000,0.000000,0.000000,0.000000,3.936298,3.936298,3.936298,3.936298,0.000000,horizon_mpc_secbf,12,3.973773,true,osqp,optimal,25,5.469928,0,4.310612,geometric,false,0.000000,0.000000,0.000000,-0.000000,,,0.000000,0.000000,4.521442,0.000000
local_crowding,context_int,Standard MPC-CBF,106,10.600,2.200000,-0.350000,0.000000,-0.000000,-1.562163,-0.486000,3.352000,-0.060000,0.420000,pedestrian,crossing,distracted,,0.000000,1.000000,4.573773,3.973773,0.000000,0.000000,0.000000,0.000000,0.000000,0.000000,0.000000,3.973773,3.973773,3.973773,3.973773,0.000000,horizon_mpc_secbf,12,4.011334,true,osqp,optimal,25,4.340902,0,4.348956,geometric,false,0.000000,0.000000,0.000000,-0.000000,,,0.000000,0.000000,4.521442,0.000000
local_crowding,context_int,Standard MPC-CBF,107,10.700,2.200000,-0.350000,0.000000,-0.000000,-1.562163,-0.492000,3.394000,-0.060000,0.420000,pedestrian,crossing,distracted,,0.000000,1.000000,4.611334,4.011334,0.000000,0.000000,0.000000,0.000000,0.000000,0.000000,0.000000,4.011334,4.011334,4.011334,4.011334,0.000000,horizon_mpc_secbf,12,4.048978,true,osqp,optimal,25,3.774708,0,4.387364,geometric,false,0.000000,0.000000,0.000000,-0.000000,,,0.000000,0.000000,4.521442,0.000000
local_crowding,context_int,Standard MPC-CBF,108,10.800,2.200000,-0.350000,0.000000,-0.000000,-1.562163,-0.498000,3.436000,-0.060000,0.420000,pedestrian,crossing,distracted,,0.000000,1.000000,4.648978,4.048978,0.000000,0.000000,0.000000,0.000000,0.000000,0.000000,0.000000,4.048978,4.048978,4.048978,4.048978,0.000000,horizon_mpc_secbf,12,4.086705,true,osqp,optimal,25,3.886572,0,4.425835,geometric,false,0.000000,0.000000,0.000000,-0.000000,,,0.000000,0.000000,4.521442,0.000000
local_crowding,context_int,Standard MPC-CBF,109,10.900,2.200000,-0.350000,0.000000,-0.000000,-1.562163,-0.504000,3.478000,-0.060000,0.420000,pedestrian,crossing,distracted,,0.000000,1.000000,4.686705,4.086705,0.000000,0.000000,0.000000,0.000000,0.000000,0.000000,0.000000,4.086705,4.086705,4.086705,4.086705,0.000000,horizon_mpc_secbf,12,4.124511,true,osqp,optimal,25,5.012359,0,4.464369,geometric,false,0.000000,0.000000,0.000000,-0.000000,,,0.000000,0.000000,4.521442,0.000000
local_crowding,context_int,Standard MPC-CBF,110,11.000,2.200000,-0.350000,0.000000,-0.000000,-1.562163,-0.510000,3.520000,-0.060000,0.420000,pedestrian,crossing,distracted,,0.000000,1.000000,4.724511,4.124511,0.000000,0.000000,0.000000,0.000000,0.000000,0.000000,0.000000,4.124511,4.124511,4.124511,4.124511,0.000000,horizon_mpc_secbf,12,4.162394,true,osqp,optimal,25,5.133042,0,4.502962,geometric,false,0.000000,0.000000,0.000000,-0.000000,,,0.000000,0.000000,4.521442,0.000000
local_crowding,context_int,Standard MPC-CBF,111,11.100,2.200000,-0.350000,0.000000,-0.000000,-1.562163,-0.516000,3.562000,-0.060000,0.420000,pedestrian,crossing,distracted,,0.000000,1.000000,4.762394,4.162394,0.000000,0.000000,0.000000,0.000000,0.000000,0.000000,0.000000,4.162394,4.162394,4.162394,4.162394,0.000000,horizon_mpc_secbf,12,4.200354,true,osqp,optimal,25,4.758489,0,4.541615,geometric,false,0.000000,0.000000,0.000000,-0.000000,,,0.000000,0.000000,4.521442,0.000000
local_crowding,context_int,Standard MPC-CBF,112,11.200,2.200000,-0.350000,0.000000,-0.000000,-1.562163,-0.522000,3.604000,-0.060000,0.420000,pedestrian,crossing,distracted,,0.000000,1.000000,4.800354,4.200354,0.000000,0.000000,0.000000,0.000000,0.000000,0.000000,0.000000,4.200354,4.200354,4.200354,4.200354,0.000000,horizon_mpc_secbf,12,4.238388,true,osqp,optimal,25,5.025858,0,4.580326,geometric,false,0.000000,0.000000,0.000000,-0.000000,,,0.000000,0.000000,4.521442,0.000000
local_crowding,context_int,Standard MPC-CBF,113,11.300,2.200000,-0.350000,0.000000,-0.000000,-1.562163,-0.528000,3.646000,-0.060000,0.420000,pedestrian,crossing,distracted,,0.000000,1.000000,4.838388,4.238388,0.000000,0.000000,0.000000,0.000000,0.000000,0.000000,0.000000,4.238388,4.238388,4.238388,4.238388,0.000000,horizon_mpc_secbf,12,4.276495,true,osqp,optimal,25,5.376473,0,4.619093,geometric,false,0.000000,0.000000,0.000000,-0.000000,,,0.000000,0.000000,4.521442,0.000000
local_crowding,context_int,Standard MPC-CBF,114,11.400,2.200000,-0.350000,0.000000,-0.000000,-1.562163,-0.534000,3.688000,-0.060000,0.420000,pedestrian,crossing,distracted,,0.000000,1.000000,4.876495,4.276495,0.000000,0.000000,0.000000,0.000000,0.000000,0.000000,0.000000,4.276495,4.276495,4.276495,4.276495,0.000000,horizon_mpc_secbf,12,4.314672,true,osqp,optimal,25,5.097439,0,4.657916,geometric,false,0.000000,0.000000,0.000000,-0.000000,,,0.000000,0.000000,4.521442,0.000000
local_crowding,context_int,Standard MPC-CBF,115,11.500,2.200000,-0.350000,0.000000,-0.000000,-1.562163,-0.540000,3.730000,-0.060000,0.420000,pedestrian,crossing,distracted,,0.000000,1.000000,4.914672,4.314672,0.000000,0.000000,0.000000,0.000000,0.000000,0.000000,0.000000,4.314672,4.314672,4.314672,4.314672,0.000000,horizon_mpc_secbf,12,4.352918,true,osqp,optimal,25,5.153537,0,4.696793,geometric,false,0.000000,0.000000,0.000000,-0.000000,,,0.000000,0.000000,4.521442,0.000000
local_crowding,context_int,Standard MPC-CBF,116,11.600,2.200000,-0.350000,0.000000,-0.000000,-1.562163,-0.546000,3.772000,-0.060000,0.420000,pedestrian,crossing,distracted,,0.000000,1.000000,4.952918,4.352918,0.000000,0.000000,0.000000,0.000000,0.000000,0.000000,0.000000,4.352918,4.352918,4.352918,4.352918,0.000000,horizon_mpc_secbf,12,4.391232,true,osqp,optimal,25,5.434393,0,4.735723,geometric,false,0.000000,0.000000,0.000000,-0.000000,,,0.000000,0.000000,4.521442,0.000000
local_crowding,context_int,Standard MPC-CBF,117,11.700,2.200000,-0.350000,0.000000,-0.000000,-1.562163,-0.552000,3.814000,-0.060000,0.420000,pedestrian,crossing,distracted,,0.000000,1.000000,4.991232,4.391232,0.000000,0.000000,0.000000,0.000000,0.000000,0.000000,0.000000,4.391232,4.391232,4.391232,4.391232,0.000000,horizon_mpc_secbf,12,4.429612,true,osqp,optimal,25,5.276572,0,4.774705,geometric,false,0.000000,0.000000,0.000000,-0.000000,,,0.000000,0.000000,4.521442,0.000000
local_crowding,context_int,Standard MPC-CBF,118,11.800,2.200000,-0.350000,0.000000,-0.000000,-1.562163,-0.558000,3.856000,-0.060000,0.420000,pedestrian,crossing,distracted,,0.000000,1.000000,5.029612,4.429612,0.000000,0.000000,0.000000,0.000000,0.000000,0.000000,0.000000,4.429612,4.429612,4.429612,4.429612,0.000000,horizon_mpc_secbf,12,4.468057,true,osqp,optimal,25,4.914961,0,4.813737,geometric,false,0.000000,0.000000,0.000000,-0.000000,,,0.000000,0.000000,4.521442,0.000000
local_crowding,context_int,Standard MPC-CBF,119,11.900,2.200000,-0.350000,0.000000,-0.000000,-1.562163,-0.564000,3.898000,-0.060000,0.420000,pedestrian,crossing,distracted,,0.000000,1.000000,5.068057,4.468057,0.000000,0.000000,0.000000,0.000000,0.000000,0.000000,0.000000,4.468057,4.468057,4.468057,4.468057,0.000000,horizon_mpc_secbf,12,4.506564,true,osqp,optimal,25,3.804480,0,4.852820,geometric,false,0.000000,0.000000,0.000000,-0.000000,,,0.000000,0.000000,4.521442,0.000000
local_crowding,context_int,EESM-MPC-ECBF,0,0.000,-2.200000,-0.350000,0.000000,0.000000,0.000000,0.150000,-1.100000,-0.060000,0.420000,pedestrian,walking,unknown,10.098536,1.000000,1.000000,2.466779,1.866779,0.000000,0.000000,0.000000,0.000000,0.153124,0.153124,0.000000,1.866779,1.713655,1.713655,1.713655,0.000000,horizon_mpc_secbf,12,0.681575,true,osqp,optimal,175,4.407266,0,0.937182,geometric,false,0.750000,0.000000,0.621016,0.000000,,,0.621016,0.621016,0.062102,4.400000
local_crowding,context_int,EESM-MPC-ECBF,1,0.100,-2.137898,-0.350000,0.621016,0.000000,0.000000,0.144000,-1.058000,-0.060000,0.420000,pedestrian,walking,unknown,2.308992,1.000000,1.000000,2.389210,1.789210,0.000000,0.000000,0.000000,0.000000,0.762628,0.762628,0.000000,1.789210,1.026582,1.026582,1.026582,0.000021,horizon_mpc_secbf,12,-0.000021,true,osqp,optimal,75,3.878998,0,0.166768,geometric,false,0.750000,-0.000000,0.710943,0.003176,,,0.710950,0.089983,0.133197,4.337898
local_crowding,context_int,EESM-MPC-ECBF,2,0.200,-2.066804,-0.349682,0.710943,0.003176,0.004467,0.138000,-1.016000,-0.060000,0.420000,pedestrian,walking,unknown,1.983887,1.000000,1.000000,2.303289,1.703289,0.000000,0.000000,0.000000,0.000000,0.847884,0.847884,0.000000,1.703289,0.855405,0.855405,0.855405,0.000162,horizon_mpc_secbf,12,-0.000162,true,osqp,optimal,50,3.701610,0,0.098302,geometric,false,0.750000,-0.000056,0.611372,0.023858,,,0.611837,0.101696,0.194380,4.266804
local_crowding,context_int,EESM-MPC-ECBF,3,0.300,-2.005667,-0.347297,0.611372,0.023858,0.039004,0.132000,-0.974000,-0.060000,0.420000,pedestrian,walking,unknown,2.153809,1.000000,1.000000,2.227639,1.627639,0.000000,0.000000,0.000000,0.000000,0.743328,0.743328,0.000000,1.627639,0.884311,0.884311,0.884311,0.000130,horizon_mpc_secbf,12,-0.000131,true,osqp,optimal,50,4.535875,0,0.119556,geometric,false,0.750000,-0.000482,0.620159,0.021194,,,0.620521,0.009182,0.256432,4.205668
local_crowding,context_int,EESM-MPC-ECBF,4,0.400,-1.943651,-0.345177,0.620159,0.021194,0.034161,0.126000,-0.932000,-0.060000,0.420000,pedestrian,walking,unknown,2.032669,1.000000,1.000000,2.151236,1.551236,0.000000,0.000000,0.000000,0.000000,0.749081,0.749081,0.000000,1.551236,0.802155,0.802155,0.802155,0.000193,horizon_mpc_secbf,12,-0.000193,true,osqp,optimal,50,4.321685,0,0.089585,geometric,false,0.749999,-0.000873,0.569461,0.027112,,,0.570106,0.051042,0.313443,4.143654
local_crowding,context_int,EESM-MPC-ECBF,5,0.500,-1.886705,-0.342466,0.569461,0.027112,0.047574,0.120000,-0.890000,-0.060000,0.420000,pedestrian,walking,unknown,2.082594,1.000000,1.000000,2.080062,1.480062,0.000000,0.000000,0.000000,0.000000,0.694163,0.694163,0.000000,1.480062,0.785899,0.785899,0.785899,0.000200,horizon_mpc_secbf,12,-0.000199,true,osqp,optimal,50,3.895377,0,0.088973,geometric,false,0.749999,-0.001383,0.555217,0.026405,,,0.555844,0.014262,0.369028,4.086712
local_crowding,context_int,EESM-MPC-ECBF,6,0.600,-1.831183,-0.339825,0.555217,0.026405,0.047523,0.114000,-0.848000,-0.060000,0.420000,pedestrian,walking,unknown,2.030250,1.000000,1.000000,2.010467,1.410467,0.000000,0.000000,0.000000,0.000000,0.675574,0.675574,0.000000,1.410467,0.734893,0.734893,0.734893,0.000236,horizon_mpc_secbf,12,-0.000235,true,osqp,optimal,50,3.567852,0,0.072103,geometric,false,0.749998,-0.001893,0.522760,0.027581,,,0.523487,0.032478,0.421376,4.031196
local_crowding,context_int,EESM-MPC-ECBF,7,0.700,-1.778907,-0.337067,0.522760,0.027581,0.052712,0.108000,-0.806000,-0.060000,0.420000,pedestrian,walking,unknown,2.036203,1.000000,1.000000,1.944304,1.344304,0.000000,0.000000,0.000000,0.000000,0.637914,0.637914,0.000000,1.344304,0.706390,0.706390,0.706390,0.000252,horizon_mpc_secbf,12,-0.000252,true,osqp,optimal,50,4.371983,0,0.065348,geometric,false,0.749996,-0.002438,0.503157,0.027092,,,0.503885,0.019609,0.471765,3.978928
local_crowding,context_int,EESM-MPC-ECBF,8,0.800,-1.728592,-0.334358,0.503157,0.027092,0.053791,0.102000,-0.764000,-0.060000,0.420000,pedestrian,walking,unknown,2.006683,1.000000,1.000000,1.880334,1.280334,0.000000,0.000000,0.000000,0.000000,0.612367,0.612367,0.000000,1.280334,0.667967,0.667967,0.667967,0.000277,horizon_mpc_secbf,12,-0.000277,true,osqp,optimal,50,6.369168,0,0.054316,geometric,false,0.749994,-0.002986,0.478720,0.028474,,,0.479566,0.024476,0.519721,3.928623
local_crowding,context_int,EESM-MPC-ECBF,9,0.900,-1.680720,-0.331511,0.478720,0.028474,0.059410,0.096000,-0.722000,-0.060000,0.420000,pedestrian,crossing,distracted,1.997891,1.000000,1.000000,1.819125,1.219125,0.000000,0.000000,0.000000,0.000000,0.581124,0.581124,0.000000,1.219125,0.638000,0.638000,0.638000,0.000295,horizon_mpc_secbf,12,-0.000294,true,osqp,optimal,50,3.781688,0,0.049109,geometric,false,0.749991,-0.003573,0.459364,0.038329,,,0.460960,0.021720,0.565817,3.880764
local_crowding,context_int,EESM-MPC-ECBF,10,1.000,-1.634783,-0.327678,0.459364,0.038329,0.083247,0.090000,-0.680000,-0.060000,0.420000,pedestrian,crossing,distracted,1.982767,1.000000,1.000000,1.760400,1.160400,0.000000,0.000000,0.000000,0.000000,0.554624,0.554624,0.000000,1.160400,0.605776,0.605776,0.605776,0.000315,horizon_mpc_secbf,12,-0.000314,true,osqp,optimal,50,4.294923,0,0.042688,geometric,false,0.749987,-0.004366,0.438929,0.047412,,,0.441482,0.022363,0.609966,3.834848
local_crowding,context_int,EESM-MPC-ECBF,11,1.100,-1.590890,-0.322937,0.438929,0.047412,0.107600,0.084000,-0.638000,-0.060000,0.420000,pedestrian,crossing,distracted,1.974694,1.000000,1.000000,1.704266,1.104266,0.000000,0.000000,0.000000,0.000000,0.526899,0.526899,0.000000,1.104266,0.577367,0.577367,0.577367,0.000331,horizon_mpc_secbf,12,-0.000331,true,osqp,optimal,50,4.032276,0,0.037389,geometric,false,0.749981,-0.005354,0.420857,0.053571,,,0.424253,0.019092,0.652391,3.790987
local_crowding,context_int,EESM-MPC-ECBF,12,1.200,-1.548805,-0.317580,0.420857,0.053571,0.126609,0.078000,-0.596000,-0.060000,0.420000,pedestrian,crossing,distracted,1.960614,1.000000,1.000000,1.650458,1.050458,0.000000,0.000000,0.000000,0.000000,0.501136,0.501136,0.000000,1.050458,0.549322,0.549322,0.549322,0.000347,horizon_mpc_secbf,12,-0.000347,true,osqp,optimal,50,3.653747,0,0.031411,geometric,false,0.749972,-0.006486,0.403551,0.056316,,,0.407461,0.017523,0.693137,3.748945
local_crowding,context_int,EESM-MPC-ECBF,13,1.300,-1.508449,-0.311948,0.403551,0.056316,0.138655,0.072000,-0.554000,-0.060000,0.420000,pedestrian,crossing,distracted,1.946123,1.000000,1.000000,1.598878,0.998878,0.000000,0.000000,0.000000,0.000000,0.475375,0.475375,0.000000,0.998878,0.523502,0.523502,0.523502,0.000361,horizon_mpc_secbf,12,-0.000361,true,osqp,optimal,50,3.726268,0,0.025356,geometric,false,0.749961,-0.007695,0.388455,0.055234,,,0.392362,0.015134,0.732373,3.708645
local_crowding,context_int,EESM-MPC-ECBF,14,1.400,-1.469604,-0.306425,0.388455,0.055234,0.141241,0.066000,-0.512000,-0.060000,0.420000,pedestrian,crossing,distracted,1.925993,1.000000,1.000000,1.549303,0.949303,0.000000,0.000000,0.000000,0.000000,0.450561,0.450561,0.000000,0.949303,0.498742,0.498742,0.498742,0.000374,horizon_mpc_secbf,12,-0.000374,true,osqp,optimal,50,4.728311,0,0.018330,geometric,false,0.749947,-0.008905,0.375533,0.049931,,,0.378838,0.013968,0.770257,3.669863
local_crowding,context_int,EESM-MPC-ECBF,15,1.500,-1.432051,-0.301432,0.375533,0.049931,0.132185,0.060000,-0.470000,-0.060000,0.420000,pedestrian,crossing,distracted,1.900684,1.000000,1.000000,1.501543,0.901543,0.000000,0.000000,0.000000,0.000000,0.425982,0.425982,0.000000,0.901543,0.475561,0.475561,0.475561,0.000384,horizon_mpc_secbf,12,-0.000384,true,osqp,optimal,50,4.571810,0,0.010067,geometric,false,0.749933,-0.010028,0.365918,0.040069,,,0.368106,0.013774,0.807068,3.632375
local_crowding,context_int,EESM-MPC-ECBF,16,1.600,-1.395459,-0.297425,0.365918,0.040069,0.109067,0.054000,-0.428000,-0.060000,0.420000,pedestrian,crossing,distracted,1.866352,1.000000,1.000000,1.455328,0.855328,0.000000,0.000000,0.000000,0.000000,0.401852,0.401852,0.000000,0.855328,0.453477,0.453477,0.453477,0.000392,horizon_mpc_secbf,12,-0.000393,true,osqp,optimal,50,3.726437,0,-0.000363,geometric,false,0.749920,-0.010966,0.360523,0.025382,,,0.361415,0.015646,0.843209,3.595843
local_crowding,context_int,EESM-MPC-ECBF,17,1.700,-1.359407,-0.294886,0.360523,0.025382,0.070288,0.048000,-0.386000,-0.060000,0.420000,pedestrian,crossing,distracted,1.820454,1.000000,1.000000,1.410353,0.810353,0.000000,0.000000,0.000000,0.000000,0.377853,0.377853,0.000000,0.810353,0.432499,0.432499,0.432499,0.000398,horizon_mpc_secbf,12,-0.000398,true,osqp,optimal,50,3.517061,0,-0.013895,geometric,false,0.749910,-0.011612,0.360921,0.005941,,,0.360970,0.019445,0.879306,3.559833
local_crowding,context_int,EESM-MPC-ECBF,18,1.800,-1.323314,-0.294292,0.360921,0.005941,0.016459,0.042000,-0.344000,-0.060000,0.420000,pedestrian,crossing,distracted,1.758564,1.000000,1.000000,1.366219,0.766219,0.000000,0.000000,0.000000,0.000000,0.353979,0.353979,0.000000,0.766219,0.412240,0.412240,0.412240,0.000399,horizon_mpc_secbf,12,-0.000399,true,osqp,optimal,50,4.739413,0,-0.031873,geometric,false,0.749906,-0.011857,0.368874,-0.017635,,,0.369296,0.024881,0.916236,3.523755
local_crowding,context_int,EESM-MPC-ECBF,19,1.900,-1.286427,-0.296056,0.368874,-0.017635,-0.047772,0.036000,-0.302000,-0.060000,0.420000,pedestrian,crossing,distracted,1.676830,1.000000,1.000000,1.322440,0.722440,0.000000,0.000000,0.000000,0.000000,0.330073,0.330073,0.000000,0.722440,0.392368,0.392368,0.392368,0.000081,horizon_mpc_secbf,12,-0.000051,true,osqp,optimal,75,3.977289,0,-0.290239,geometric,false,0.749910,-0.011603,0.619965,-0.186991,,,0.647551,0.302866,0.980991,3.486844
local_crowding,context_int,EESM-MPC-ECBF,20,2.000,-1.224430,-0.314755,0.619965,-0.186991,-0.292938,0.030000,-0.260000,-0.060000,0.420000,pedestrian,crossing,distracted,1.004252,1.000000,1.000000,1.255625,0.655625,0.000000,0.000000,0.000000,0.000000,0.379316,0.379316,0.000000,0.655625,0.276309,0.276309,0.276309,0.000149,horizon_mpc_secbf,12,-0.000149,true,osqp,optimal,75,3.915430,0,-0.369267,geometric,false,0.749960,-0.007719,0.616292,-0.266195,,,0.671323,0.079289,1.048123,3.424612
local_crowding,context_int,EESM-MPC-ECBF,21,2.100,-1.162801,-0.341374,0.616292,-0.266195,-0.407725,0.024000,-0.218000,-0.060000,0.420000,pedestrian,crossing,distracted,0.985842,1.000000,1.000000,1.193197,0.593197,0.000000,0.000000,0.000000,0.000000,0.236106,0.236106,0.000000,0.593197,0.357090,0.357090,0.357090,0.000000,horizon_mpc_secbf,12,0.035519,true,osqp,optimal,100,3.946627,0,-0.340316,geometric,false,0.749998,-0.001924,0.705822,-0.201974,,,0.734151,0.110181,1.121538,3.362812
local_crowding,context_int,EESM-MPC-ECBF,22,2.200,-1.092219,-0.361572,0.705822,-0.201974,-0.278706,0.018000,-0.176000,-0.060000,0.420000,pedestrian,crossing,distracted,0.805176,1.000000,1.000000,1.125621,0.525621,0.000000,0.000000,0.000000,0.000000,0.247704,0.247704,0.000000,0.525621,0.277918,0.277918,0.277918,0.000000,horizon_mpc_secbf,12,0.019204,true,osqp,optimal,75,4.720134,0,-0.383512,geometric,false,0.749995,0.002636,0.713984,-0.198482,,,0.741059,0.008878,1.195644,3.292239
local_crowding,context_int,EESM-MPC-ECBF,23,2.300,-1.020821,-0.381420,0.713984,-0.198482,-0.271146,0.012000,-0.134000,-0.060000,0.420000,pedestrian,crossing,distracted,0.759187,1.000000,1.000000,1.062043,0.462043,0.000000,0.000000,0.000000,0.000000,0.158282,0.158282,0.000000,0.462043,0.303761,0.303761,0.303761,0.000000,horizon_mpc_secbf,12,0.104498,true,osqp,optimal,75,3.896853,0,-0.300531,geometric,false,0.749964,0.007316,0.711175,-0.205260,,,0.740204,0.007336,1.269664,3.220974
local_crowding,context_int,EESM-MPC-ECBF,24,2.400,-0.949703,-0.401946,0.711175,-0.205260,-0.280984,0.006000,-0.092000,-0.060000,0.420000,pedestrian,crossing,distracted,0.748523,1.000000,1.000000,1.004706,0.404706,0.000000,0.000000,0.000000,0.000000,0.051470,0.051470,0.000000,0.404706,0.353237,0.353237,0.353237,0.000000,horizon_mpc_secbf,12,0.207544,true,osqp,optimal,50,3.627746,0,-0.182419,geometric,false,0.749898,0.012368,0.708217,-0.212405,,,0.739383,0.007733,1.343603,3.150132
local_crowding,context_int,EESM-MPC-ECBF,25,2.500,-0.878882,-0.423186,0.708217,-0.212405,-0.291379,0.000000,-0.050000,-0.060000,0.420000,pedestrian,crossing,distracted,0.771467,1.000000,1.000000,0.954830,0.354830,0.000000,0.000000,0.000000,0.000000,0.000000,0.000000,0.000000,0.354830,0.411662,0.411662,0.354830,0.000000,horizon_mpc_secbf,12,0.255709,true,osqp,optimal,75,4.170908,0,-0.101157,geometric,false,0.749788,0.017823,0.706094,-0.217524,,,0.738841,0.005542,1.417487,3.079751
local_crowding,context_int,EESM-MPC-ECBF,26,2.600,-0.808272,-0.444939,0.706094,-0.217524,-0.298841,-0.006000,-0.008000,-0.060000,0.420000,pedestrian,crossing,distracted,0.852331,1.000000,1.000000,0.913540,0.313540,0.000000,0.000000,0.000000,0.000000,0.000000,0.000000,0.000000,0.313540,0.475072,0.475072,0.313540,0.000000,horizon_mpc_secbf,12,0.253058,true,osqp,optimal,75,5.133001,0,-0.052165,geometric,false,0.749627,0.023658,0.705034,-0.220086,,,0.738586,0.002772,1.491346,3.009770
local_crowding,context_int,EESM-MPC-ECBF,27,2.700,-0.737769,-0.466947,0.705034,-0.220086,-0.302578,-0.012000,0.034000,-0.060000,0.420000,pedestrian,crossing,distracted,1.059596,1.000000,1.000000,0.881867,0.281867,0.000000,0.000000,0.000000,0.000000,0.000000,0.000000,0.000000,0.281867,0.541708,0.541708,0.281867,0.000000,horizon_mpc_secbf,12,0.251221,true,osqp,optimal,75,3.897744,0,0.015660,geometric,false,0.749406,0.029833,0.705122,-0.219873,,,0.738607,0.000230,1.565206,2.940096
local_crowding,context_int,EESM-MPC-ECBF,28,2.800,-0.667257,-0.488935,0.705122,-0.219873,-0.302268,-0.018000,0.076000,-0.060000,0.420000,pedestrian,crossing,distracted,1.658173,1.000000,1.000000,0.860631,0.260631,0.000000,0.000000,0.000000,0.000000,0.000000,0.000000,0.000000,0.260631,0.610367,0.610367,0.260631,0.000000,horizon_mpc_secbf,12,0.250323,true,osqp,optimal,75,3.923080,0,0.100482,geometric,false,0.749121,0.036299,0.706391,-0.216809,,,0.738914,0.003317,1.639098,2.870621
local_crowding,context_int,EESM-MPC-ECBF,29,2.900,-0.596617,-0.510616,0.706391,-0.216809,-0.297798,-0.024000,0.118000,-0.060000,0.420000,pedestrian,crossing,distracted,5.522840,1.000000,1.000000,0.850323,0.250323,0.000000,0.000000,0.000000,0.000000,0.000000,0.000000,0.000000,0.250323,0.680175,0.680175,0.250323,0.000000,horizon_mpc_secbf,12,0.251006,true,osqp,optimal,75,4.534047,0,0.198999,geometric,false,0.748766,0.043003,0.708831,-0.210918,,,0.739546,0.006376,1.713052,2.801226
local_crowding,context_int,EESM-MPC-ECBF,30,3.000,-0.525734,-0.531707,0.708831,-0.210918,-0.289214,-0.030000,0.160000,-0.060000,0.420000,pedestrian,crossing,distracted,,0.000000,1.000000,0.851006,0.251006,0.000000,0.000000,0.000000,0.000000,0.000000,0.000000,0.000000,0.251006,0.251006,0.251006,0.251006,0.000000,horizon_mpc_secbf,12,0.262302,true,osqp,optimal,75,3.834941,0,0.306903,geometric,false,0.748339,0.049887,0.712389,-0.202327,,,0.740564,0.009298,1.787109,2.731784
local_crowding,context_int,EESM-MPC-ECBF,31,3.100,-0.454495,-0.551940,0.712389,-0.202327,-0.276725,-0.036000,0.202000,-0.060000,0.420000,pedestrian,crossing,distracted,,0.000000,1.000000,0.862302,0.262302,0.000000,0.000000,0.000000,0.000000,0.000000,0.000000,0.000000,0.262302,0.262302,0.262302,0.262302,0.000000,horizon_mpc_secbf,12,0.283445,true,osqp,optimal,75,4.086042,0,0.419657,geometric,false,0.747839,0.056892,0.716976,-0.191253,,,0.742046,0.011986,1.861313,2.662166
local_crowding,context_int,EESM-MPC-ECBF,32,3.200,-0.382798,-0.571065,0.716976,-0.191253,-0.260680,-0.042000,0.244000,-0.060000,0.420000,pedestrian,crossing,distracted,,0.000000,1.000000,0.883445,0.283445,0.000000,0.000000,0.000000,0.000000,0.000000,0.000000,0.000000,0.283445,0.283445,0.283445,0.283445,0.000000,horizon_mpc_secbf,12,0.313410,true,osqp,optimal,75,4.659953,0,0.533289,geometric,false,0.747268,0.063960,0.722475,-0.177976,,,0.744074,0.014371,1.935721,2.592241
local_crowding,context_int,EESM-MPC-ECBF,33,3.300,-0.310550,-0.588863,0.722475,-0.177976,-0.241533,-0.048000,0.286000,-0.060000,0.420000,pedestrian,crossing,distracted,,0.000000,1.000000,0.913410,0.313410,0.000000,0.000000,0.000000,0.000000,0.000000,0.000000,0.000000,0.313410,0.313410,0.313410,0.313410,0.000000,horizon_mpc_secbf,12,0.351049,true,osqp,optimal,75,6.135604,0,0.644903,geometric,false,0.746628,0.071037,0.728759,-0.162809,,,0.746724,0.016417,2.010393,2.521888
local_crowding,context_int,EESM-MPC-ECBF,34,3.400,-0.237674,-0.605144,0.728759,-0.162809,-0.219796,-0.054000,0.328000,-0.060000,0.420000,pedestrian,crossing,distracted,,0.000000,1.000000,0.951049,0.351049,0.000000,0.000000,0.000000,0.000000,0.000000,0.000000,0.000000,0.351049,0.351049,0.351049,0.351049,0.000000,horizon_mpc_secbf,12,0.395194,true,osqp,optimal,75,4.002752,0,0.752702,geometric,false,0.745925,0.078074,0.734775,-0.145799,,,0.749100,0.018043,2.085303,2.450991
local_crowding,context_int,EESM-MPC-ECBF,35,3.500,-0.164197,-0.619724,0.734775,-0.145799,-0.195882,-0.060000,0.370000,-0.060000,0.420000,pedestrian,crossing,distracted,,0.000000,1.000000,0.995194,0.395194,0.000000,0.000000,0.000000,0.000000,0.000000,0.000000,0.000000,0.395194,0.395194,0.395194,0.395194,0.000000,horizon_mpc_secbf,12,0.444652,true,osqp,optimal,75,5.602742,0,0.855273,geometric,false,0.745166,0.085014,0.735591,-0.126381,,,0.746369,0.019435,2.159940,2.379533
local_crowding,context_int,EESM-MPC-ECBF,36,3.600,-0.090638,-0.632362,0.735591,-0.126381,-0.170147,-0.066000,0.412000,-0.060000,0.420000,pedestrian,crossing,distracted,,0.000000,1.000000,1.044652,0.444652,0.000000,0.000000,0.000000,0.000000,0.000000,0.000000,0.000000,0.444652,0.444652,0.444652,0.444652,0.000000,horizon_mpc_secbf,12,0.498297,true,osqp,optimal,75,5.719456,0,0.951352,geometric,false,0.744366,0.091756,0.735591,-0.105610,,,0.743134,0.020771,2.234253,2.307975
local_crowding,context_int,EESM-MPC-ECBF,37,3.700,-0.017079,-0.642923,0.735591,-0.105610,-0.142597,-0.072000,0.454000,-0.060000,0.420000,pedestrian,crossing,distracted,,0.000000,1.000000,1.098297,0.498297,0.000000,0.000000,0.000000,0.000000,0.000000,0.000000,0.000000,0.498297,0.498297,0.498297,0.498297,0.000000,horizon_mpc_secbf,12,0.555170,true,osqp,optimal,75,3.839422,0,1.041373,geometric,false,0.743538,0.098237,0.735590,-0.083923,,,0.740362,0.021687,2.308289,2.236346
local_crowding,context_int,EESM-MPC-ECBF,38,3.800,0.056480,-0.651315,0.735590,-0.083923,-0.113598,-0.078000,0.496000,-0.060000,0.420000,pedestrian,crossing,distracted,,0.000000,1.000000,1.155170,0.555170,0.000000,0.000000,0.000000,0.000000,0.000000,0.000000,0.000000,0.555170,0.555170,0.555170,0.555170,0.000000,horizon_mpc_secbf,12,0.614487,true,osqp,optimal,75,3.815532,0,1.126131,geometric,false,0.742698,0.104401,0.735589,-0.061617,,,0.738165,0.022306,2.382106,2.164594
local_crowding,context_int,EESM-MPC-ECBF,39,3.900,0.130039,-0.657477,0.735589,-0.061617,-0.083570,-0.084000,0.538000,-0.060000,0.420000,pedestrian,crossing,distracted,,0.000000,1.000000,1.214487,0.614487,0.000000,0.000000,0.000000,0.000000,0.000000,0.000000,0.000000,0.614487,0.614487,0.614487,0.614487,0.000000,horizon_mpc_secbf,12,0.675618,true,osqp,optimal,75,5.071271,0,1.206458,geometric,false,0.741860,0.110198,0.735588,-0.038942,,,0.736618,0.022675,2.455768,2.092673
local_crowding,context_int,EESM-MPC-ECBF,40,4.000,0.203598,-0.661371,0.735588,-0.038942,-0.052890,-0.090000,0.580000,-0.060000,0.420000,pedestrian,crossing,distracted,,0.000000,1.000000,1.275618,0.675618,0.000000,0.000000,0.000000,0.000000,0.000000,0.000000,0.000000,0.675618,0.675618,0.675618,0.675618,0.000000,horizon_mpc_secbf,12,0.738068,true,osqp,optimal,75,5.584917,0,1.283138,geometric,false,0.741041,0.115577,0.735585,-0.016115,,,0.735762,0.022827,2.529344,2.020538
local_crowding,context_int,EESM-MPC-ECBF,41,4.100,0.277157,-0.662982,0.735585,-0.016115,-0.021904,-0.096000,0.622000,-0.060000,0.420000,pedestrian,crossing,distracted,,0.000000,1.000000,1.338068,0.738068,0.000000,0.000000,0.000000,0.000000,0.000000,0.000000,0.000000,0.738068,0.738068,0.738068,0.738068,0.000000,horizon_mpc_secbf,12,0.801449,true,osqp,optimal,100,3.893271,0,1.356859,geometric,false,0.740258,0.120492,0.735589,0.006683,,,0.735619,0.022798,2.602906,1.948149
local_crowding,context_int,EESM-MPC-ECBF,42,4.200,0.350715,-0.662314,0.735589,0.006683,0.009085,-0.102000,0.664000,-0.060000,0.420000,pedestrian,crossing,distracted,,0.000000,1.000000,1.401449,0.801449,0.000000,0.000000,0.000000,0.000000,0.000000,0.000000,0.000000,0.801449,0.801449,0.801449,0.801449,0.000000,horizon_mpc_secbf,12,0.865469,true,osqp,optimal,100,6.865640,0,1.428239,geometric,false,0.739528,0.124894,0.735589,0.029264,,,0.736171,0.022581,2.676523,1.875472
local_crowding,context_int,EESM-MPC-ECBF,43,4.300,0.424274,-0.659388,0.735589,0.029264,0.039762,-0.108000,0.706000,-0.060000,0.420000,pedestrian,crossing,distracted,,0.000000,1.000000,1.465469,0.865469,0.000000,0.000000,0.000000,0.000000,0.000000,0.000000,0.000000,0.865469,0.865469,0.865469,0.865469,0.000000,horizon_mpc_secbf,12,0.929907,true,osqp,optimal,100,4.676168,0,1.497789,geometric,false,0.738869,0.128734,0.735589,0.051479,,,0.737388,0.022215,2.750262,1.802477
local_crowding,context_int,EESM-MPC-ECBF,44,4.400,0.497833,-0.654240,0.735589,0.051479,0.069870,-0.114000,0.748000,-0.060000,0.420000,pedestrian,crossing,distracted,,0.000000,1.000000,1.529907,0.929907,0.000000,0.000000,0.000000,0.000000,0.000000,0.000000,0.000000,0.929907,0.929907,0.929907,0.929907,0.000000,horizon_mpc_secbf,12,0.994605,true,osqp,optimal,100,3.825873,0,1.565949,geometric,false,0.738300,0.131961,0.735588,0.073185,,,0.739219,0.021705,2.824184,1.729143
local_crowding,context_int,EESM-MPC-ECBF,45,4.500,0.571392,-0.646921,0.735588,0.073185,0.099165,-0.120000,0.790000,-0.060000,0.420000,pedestrian,crossing,distracted,,0.000000,1.000000,1.594605,0.994605,0.000000,0.000000,0.000000,0.000000,0.000000,0.000000,0.000000,0.994605,0.994605,0.994605,0.994605,0.000000,horizon_mpc_secbf,12,1.059457,true,osqp,optimal,100,5.182135,0,1.633131,geometric,false,0.737838,0.134520,0.735586,0.094210,,,0.741594,0.021025,2.898343,1.655454
local_crowding,context_int,EESM-MPC-ECBF,46,4.600,0.644950,-0.637500,0.735586,0.094210,0.127381,-0.126000,0.832000,-0.060000,0.420000,pedestrian,crossing,distracted,,0.000000,1.000000,1.659457,1.059457,0.000000,0.000000,0.000000,0.000000,0.000000,0.000000,0.000000,1.059457,1.059457,1.059457,1.059457,0.000000,horizon_mpc_secbf,12,1.124417,true,osqp,optimal,100,4.729391,0,1.699890,geometric,false,0.737502,0.136351,0.735584,0.114171,,,0.744391,0.019961,2.972782,1.581403
local_crowding,context_int,EESM-MPC-ECBF,47,4.700,0.718509,-0.626083,0.735584,0.114171,0.153983,-0.132000,0.874000,-0.060000,0.420000,pedestrian,crossing,distracted,,0.000000,1.000000,1.724417,1.124417,0.000000,0.000000,0.000000,0.000000,0.000000,0.000000,0.000000,1.124417,1.124417,1.124417,1.124417,0.000000,horizon_mpc_secbf,12,1.189609,true,osqp,optimal,275,4.786395,0,1.767886,geometric,false,0.737307,0.137401,0.735601,0.131387,,,0.747243,0.017216,3.047507,1.506996
local_crowding,context_int,EESM-MPC-ECBF,48,4.800,0.792069,-0.612945,0.735601,0.131387,0.176748,-0.138000,0.916000,-0.060000,0.420000,pedestrian,crossing,distracted,,0.000000,1.000000,1.789609,1.189609,0.000000,0.000000,0.000000,0.000000,0.000000,0.000000,0.000000,1.189609,1.189609,1.189609,1.189609,0.000000,horizon_mpc_secbf,12,1.255932,true,osqp,optimal,275,4.632590,0,1.845202,geometric,false,0.737253,0.137689,0.735601,0.136608,,,0.748178,0.005220,3.122324,1.432274
local_crowding,context_int,EESM-MPC-ECBF,49,4.900,0.865629,-0.599284,0.735601,0.136608,0.183617,-0.144000,0.958000,-0.060000,0.420000,pedestrian,crossing,distracted,,0.000000,1.000000,1.855932,1.255932,0.000000,0.000000,0.000000,0.000000,0.000000,0.000000,0.000000,1.255932,1.255932,1.255932,1.255932,0.000000,horizon_mpc_secbf,12,1.323601,true,osqp,optimal,275,5.556099,0,1.925751,geometric,false,0.737245,0.137730,0.735603,0.137538,,,0.748350,0.000930,3.197159,1.357456
local_crowding,context_int,EESM-MPC-ECBF,50,5.000,0.939189,-0.585530,0.735603,0.137538,0.184838,-0.150000,1.000000,-0.060000,0.420000,pedestrian,crossing,distracted,,0.000000,1.000000,1.923601,1.323601,0.000000,0.000000,0.000000,0.000000,0.000000,0.000000,0.000000,1.323601,1.323601,1.323601,1.323601,0.000000,horizon_mpc_secbf,12,1.392536,true,osqp,optimal,275,5.937536,0,2.006784,geometric,false,0.737246,0.137724,0.735604,0.137692,,,0.748380,0.000154,3.271997,1.282621
local_crowding,context_int,EESM-MPC-ECBF,51,5.100,1.012750,-0.571761,0.735604,0.137692,0.185041,-0.156000,1.042000,-0.060000,0.420000,pedestrian,crossing,distracted,,0.000000,1.000000,1.992536,1.392536,0.000000,0.000000,0.000000,0.000000,0.000000,0.000000,0.000000,1.392536,1.392536,1.392536,1.392536,0.000000,horizon_mpc_secbf,12,1.462622,true,osqp,optimal,275,6.704905,0,2.087841,geometric,false,0.737249,0.137707,0.735605,0.137705,,,0.748383,0.000013,3.346836,1.207783
local_crowding,context_int,EESM-MPC-ECBF,52,5.200,1.086310,-0.557990,0.735605,0.137705,0.185057,-0.162000,1.084000,-0.060000,0.420000,pedestrian,crossing,distracted,,0.000000,1.000000,2.062622,1.462622,0.000000,0.000000,0.000000,0.000000,0.000000,0.000000,0.000000,1.462622,1.462622,1.462622,1.462622,0.000000,horizon_mpc_secbf,12,1.533748,true,osqp,optimal,275,6.458458,0,2.168865,geometric,false,0.737253,0.137688,0.735605,0.137691,,,0.748381,0.000014,3.421674,1.132945
local_crowding,context_int,EESM-MPC-ECBF,53,5.300,1.159871,-0.544221,0.735605,0.137691,0.185039,-0.168000,1.126000,-0.060000,0.420000,pedestrian,crossing,distracted,,0.000000,1.000000,2.133748,1.533748,0.000000,0.000000,0.000000,0.000000,0.000000,0.000000,0.000000,1.533748,1.533748,1.533748,1.533748,0.000000,horizon_mpc_secbf,12,1.605813,true,osqp,optimal,275,6.552590,0,2.249865,geometric,false,0.737257,0.137667,0.735606,0.137671,,,0.748377,0.000020,3.496511,1.058107
local_crowding,context_int,EESM-MPC-ECBF,54,5.400,1.233431,-0.530454,0.735606,0.137671,0.185012,-0.174000,1.168000,-0.060000,0.420000,pedestrian,crossing,distracted,,0.000000,1.000000,2.205813,1.605813,0.000000,0.000000,0.000000,0.000000,0.000000,0.000000,0.000000,1.605813,1.605813,1.605813,1.605813,0.000000,horizon_mpc_secbf,12,1.678728,true,osqp,optimal,275,6.856669,0,2.330861,geometric,false,0.737261,0.137644,0.735605,0.137648,,,0.748373,0.000023,3.571349,0.983269
local_crowding,context_int,EESM-MPC-ECBF,55,5.500,1.306992,-0.516689,0.735605,0.137648,0.184983,-0.180000,1.210000,-0.060000,0.420000,pedestrian,crossing,distracted,,0.000000,1.000000,2.278728,1.678728,0.000000,0.000000,0.000000,0.000000,0.000000,0.000000,0.000000,1.678728,1.678728,1.678728,1.678728,0.000000,horizon_mpc_secbf,12,1.752415,true,osqp,optimal,275,6.555579,0,2.411871,geometric,false,0.737266,0.137619,0.735605,0.137624,,,0.748368,0.000025,3.646186,0.908432
local_crowding,context_int,EESM-MPC-ECBF,56,5.600,1.380552,-0.502927,0.735605,0.137624,0.184951,-0.186000,1.252000,-0.060000,0.420000,pedestrian,crossing,distracted,,0.000000,1.000000,2.352415,1.752415,0.000000,0.000000,0.000000,0.000000,0.000000,0.000000,0.000000,1.752415,1.752415,1.752415,1.752415,0.000000,horizon_mpc_secbf,12,1.826803,true,osqp,optimal,275,6.653852,0,2.492910,geometric,false,0.737271,0.137591,0.735604,0.137597,,,0.748362,0.000027,3.721022,0.833595
local_crowding,context_int,EESM-MPC-ECBF,57,5.700,1.454113,-0.489167,0.735604,0.137597,0.184916,-0.192000,1.294000,-0.060000,0.420000,pedestrian,crossing,distracted,,0.000000,1.000000,2.426803,1.826803,0.000000,0.000000,0.000000,0.000000,0.000000,0.000000,0.000000,1.826803,1.826803,1.826803,1.826803,0.000000,horizon_mpc_secbf,12,1.901831,true,osqp,optimal,275,6.547014,0,2.573991,geometric,false,0.737277,0.137561,0.735603,0.137567,,,0.748356,0.000030,3.795857,0.758759
local_crowding,context_int,EESM-MPC-ECBF,58,5.800,1.527673,-0.475411,0.735603,0.137567,0.184877,-0.198000,1.336000,-0.060000,0.420000,pedestrian,crossing,distracted,,0.000000,1.000000,2.501831,1.901831,0.000000,0.000000,0.000000,0.000000,0.000000,0.000000,0.000000,1.901831,1.901831,1.901831,1.901831,0.000000,horizon_mpc_secbf,12,1.977442,true,osqp,optimal,275,5.191560,0,2.655123,geometric,false,0.737283,0.137527,0.735601,0.137534,,,0.748348,0.000033,3.870692,0.683923
local_crowding,context_int,EESM-MPC-ECBF,59,5.900,1.601233,-0.461657,0.735601,0.137534,0.184834,-0.204000,1.378000,-0.060000,0.420000,pedestrian,crossing,distracted,,0.000000,1.000000,2.577442,1.977442,0.000000,0.000000,0.000000,0.000000,0.000000,0.000000,0.000000,1.977442,1.977442,1.977442,1.977442,0.000000,horizon_mpc_secbf,12,2.053588,true,osqp,optimal,250,4.977816,0,2.736320,geometric,false,0.737290,0.137489,0.735606,0.137497,,,0.748346,0.000038,3.945527,0.609089
local_crowding,context_int,EESM-MPC-ECBF,60,6.000,1.674794,-0.447908,0.735606,0.137497,0.184784,-0.210000,1.420000,-0.060000,0.420000,pedestrian,crossing,distracted,,0.000000,1.000000,2.653588,2.053588,0.000000,0.000000,0.000000,0.000000,0.000000,0.000000,0.000000,2.053588,2.053588,2.053588,2.053588,0.000000,horizon_mpc_secbf,12,2.130223,true,osqp,optimal,250,4.647776,0,2.817579,geometric,false,0.737298,0.137445,0.735604,0.137454,,,0.748336,0.000043,4.020360,0.534254
local_crowding,context_int,EESM-MPC-ECBF,61,6.100,1.748354,-0.434162,0.735604,0.137454,0.184729,-0.216000,1.462000,-0.060000,0.420000,pedestrian,crossing,distracted,,0.000000,1.000000,2.730223,2.130223,0.000000,0.000000,0.000000,0.000000,0.000000,0.000000,0.000000,2.130223,2.130223,2.130223,2.130223,0.000000,horizon_mpc_secbf,12,2.207309,true,osqp,optimal,250,4.850734,0,2.898912,geometric,false,0.737308,0.137394,0.735602,0.137404,,,0.748325,0.000050,4.095193,0.459421
local_crowding,context_int,EESM-MPC-ECBF,62,6.200,1.821914,-0.420422,0.735602,0.137404,0.184664,-0.222000,1.504000,-0.060000,0.420000,pedestrian,crossing,distracted,,0.000000,1.000000,2.807309,2.207309,0.000000,0.000000,0.000000,0.000000,0.000000,0.000000,0.000000,2.207309,2.207309,2.207309,2.207309,0.000000,horizon_mpc_secbf,12,2.284810,true,osqp,optimal,250,5.603711,0,2.980323,geometric,false,0.737319,0.137332,0.735601,0.137345,,,0.748313,0.000060,4.170024,0.384588
local_crowding,context_int,EESM-MPC-ECBF,63,6.300,1.895474,-0.406687,0.735601,0.137345,0.184586,-0.228000,1.546000,-0.060000,0.420000,pedestrian,crossing,distracted,,0.000000,1.000000,2.884810,2.284810,0.000000,0.000000,0.000000,0.000000,0.000000,0.000000,0.000000,2.284810,2.284810,2.284810,2.284810,0.000000,horizon_mpc_secbf,12,2.362695,true,osqp,optimal,250,4.714275,0,3.061818,geometric,false,0.737334,0.137255,0.735599,0.137270,,,0.748298,0.000075,4.244854,0.309757
local_crowding,context_int,EESM-MPC-ECBF,64,6.400,1.969034,-0.392960,0.735599,0.137270,0.184488,-0.234000,1.588000,-0.060000,0.420000,pedestrian,crossing,distracted,,0.000000,1.000000,2.962695,2.362695,0.000000,0.000000,0.000000,0.000000,0.000000,0.000000,0.000000,2.362695,2.362695,2.362695,2.362695,0.000000,horizon_mpc_secbf,12,2.440937,true,osqp,optimal,225,4.730927,0,3.143411,geometric,false,0.737353,0.137150,0.735606,0.137171,,,0.748286,0.000100,4.319682,0.234927
local_crowding,context_int,EESM-MPC-ECBF,65,6.500,2.042595,-0.379243,0.735606,0.137171,0.184356,-0.240000,1.630000,-0.060000,0.420000,pedestrian,crossing,distracted,,0.000000,1.000000,3.040937,2.440937,0.000000,0.000000,0.000000,0.000000,0.000000,0.000000,0.000000,2.440937,2.440937,2.440937,2.440937,0.000000,horizon_mpc_secbf,12,2.519511,true,osqp,optimal,225,5.412199,0,3.225107,geometric,false,0.737382,0.136994,0.735605,0.137024,,,0.748258,0.000147,4.394508,0.160098
local_crowding,context_int,EESM-MPC-ECBF,66,6.600,2.116155,-0.365541,0.735605,0.137024,0.184163,-0.246000,1.672000,-0.060000,0.420000,pedestrian,crossing,distracted,,0.000000,1.000000,3.119511,2.519511,0.000000,0.000000,0.000000,0.000000,0.000000,0.000000,0.000000,2.519511,2.519511,2.519511,2.519511,0.000000,horizon_mpc_secbf,12,2.598403,true,osqp,optimal,225,4.525370,0,3.306969,geometric,false,0.737439,0.136687,0.735603,0.136745,,,0.748205,0.000279,4.469329,0.085273
local_crowding,context_int,EESM-MPC-ECBF,67,6.700,2.189716,-0.351866,0.735603,0.136745,0.183797,-0.252000,1.714000,-0.060000,0.420000,pedestrian,crossing,distracted,,0.000000,1.000000,3.198403,2.598403,0.000000,0.000000,0.000000,0.000000,0.000000,0.000000,0.000000,2.598403,2.598403,2.598403,2.598403,0.000000,horizon_mpc_secbf,12,2.643757,true,osqp,optimal,75,5.250694,0,3.051739,geometric,false,0.102842,0.018664,0.211407,0.038924,,,0.214960,0.533245,4.490825,0.010452
local_crowding,context_int,EESM-MPC-ECBF,68,6.800,2.210856,-0.347974,0.211407,0.038924,0.182078,-0.258000,1.756000,-0.060000,0.420000,pedestrian,crossing,distracted,,0.000000,1.000000,3.243757,2.643757,0.000000,0.000000,0.000000,0.000000,0.000000,0.000000,0.000000,2.643757,2.643757,2.643757,2.643757,0.000000,horizon_mpc_secbf,12,2.672296,true,osqp,optimal,75,5.441692,0,2.927554,geometric,false,-0.108565,-0.020259,-0.053666,-0.010105,,,0.054609,0.269569,4.496286,0.011044
local_crowding,context_int,EESM-MPC-ECBF,69,6.900,2.205490,-0.348985,-0.053666,-0.010105,-2.955474,-0.264000,1.798000,-0.060000,0.420000,pedestrian,crossing,distracted,,0.000000,1.000000,3.272296,2.672296,0.000000,0.000000,0.000000,0.000000,0.000000,0.000000,0.000000,2.672296,2.672296,2.672296,2.672296,0.000000,horizon_mpc_secbf,12,2.701076,true,osqp,optimal,75,5.486809,0,2.958529,geometric,false,-0.054898,-0.010154,-0.054687,-0.010146,,,0.055620,0.001022,4.501848,0.005583
local_crowding,context_int,EESM-MPC-ECBF,70,7.000,2.200021,-0.349999,-0.054687,-0.010146,-2.958153,-0.270000,1.840000,-0.060000,0.420000,pedestrian,crossing,distracted,,0.000000,1.000000,3.301076,2.701076,0.000000,0.000000,0.000000,0.000000,0.000000,0.000000,0.000000,2.701076,2.701076,2.701076,2.701076,0.000000,horizon_mpc_secbf,12,2.732949,true,osqp,optimal,75,5.130297,0,3.018615,geometric,false,-0.000211,-0.000008,-0.009558,-0.001748,,,0.009716,0.045904,4.502819,0.000021
local_crowding,context_int,EESM-MPC-ECBF,71,7.100,2.199065,-0.350174,-0.009558,-0.001748,-2.960736,-0.276000,1.882000,-0.060000,0.420000,pedestrian,crossing,distracted,,0.000000,1.000000,3.332949,2.732949,0.000000,0.000000,0.000000,0.000000,0.000000,0.000000,0.000000,2.732949,2.732949,2.732949,2.732949,0.000000,horizon_mpc_secbf,12,2.766016,true,osqp,optimal,75,5.547779,0,3.062560,geometric,false,0.009347,0.001739,0.006103,0.001141,,,0.006209,0.015925,4.503440,0.000951
local_crowding,context_int,EESM-MPC-ECBF,72,7.200,2.199676,-0.350060,0.006103,0.001141,0.184827,-0.282000,1.924000,-0.060000,0.420000,pedestrian,crossing,distracted,,0.000000,1.000000,3.366016,2.766016,0.000000,0.000000,0.000000,0.000000,0.000000,0.000000,0.000000,2.766016,2.766016,2.766016,2.766016,0.000000,horizon_mpc_secbf,12,2.799147,true,osqp,optimal,75,5.618401,0,3.096288,geometric,false,0.003243,0.000598,0.003734,0.000691,,,0.003798,0.002411,4.503820,0.000330
local_crowding,context_int,EESM-MPC-ECBF,73,7.300,2.200049,-0.349991,0.003734,0.000691,0.183084,-0.288000,1.966000,-0.060000,0.420000,pedestrian,crossing,distracted,,0.000000,1.000000,3.399147,2.799147,0.000000,0.000000,0.000000,0.000000,0.000000,0.000000,0.000000,2.799147,2.799147,2.799147,2.799147,0.000000,horizon_mpc_secbf,12,2.832259,true,osqp,optimal,50,5.398804,0,3.129233,geometric,false,-0.000491,-0.000093,-0.000001,-0.000005,,,0.000005,0.003799,4.503821,0.000050
local_crowding,context_int,EESM-MPC-ECBF,74,7.400,2.200049,-0.349991,-0.000001,-0.000005,-1.678017,-0.294000,2.008000,-0.060000,0.420000,pedestrian,crossing,distracted,,0.000000,1.000000,3.432259,2.832259,0.000000,0.000000,0.000000,0.000000,0.000000,0.000000,0.000000,2.832259,2.832259,2.832259,2.832259,0.000000,horizon_mpc_secbf,12,2.865550,true,osqp,optimal,50,5.585545,0,3.164161,geometric,false,-0.000490,-0.000088,-0.000404,-0.000076,,,0.000411,0.000409,4.503862,0.000050
local_crowding,context_int,EESM-MPC-ECBF,75,7.500,2.200009,-0.349999,-0.000404,-0.000076,-2.955009,-0.300000,2.050000,-0.060000,0.420000,pedestrian,crossing,distracted,,0.000000,1.000000,3.465550,2.865550,0.000000,0.000000,0.000000,0.000000,0.000000,0.000000,0.000000,2.865550,2.865550,2.865550,2.865550,0.000000,horizon_mpc_secbf,12,2.899055,true,osqp,optimal,25,5.004336,0,3.199617,geometric,false,-0.000086,-0.000011,-0.000136,-0.000027,,,0.000139,0.000272,4.503876,0.000009
local_crowding,context_int,EESM-MPC-ECBF,76,7.600,2.199995,-0.350002,-0.000136,-0.000027,-2.943813,-0.306000,2.092000,-0.060000,0.420000,pedestrian,crossing,distracted,,0.000000,1.000000,3.499055,2.899055,0.000000,0.000000,0.000000,0.000000,0.000000,0.000000,0.000000,2.899055,2.899055,2.899055,2.899055,0.000000,horizon_mpc_secbf,12,2.932759,true,osqp,optimal,25,4.626663,0,3.235150,geometric,false,0.000050,0.000016,0.000016,0.000010,,,0.000019,0.000157,4.503878,0.000005
local_crowding,context_int,EESM-MPC-ECBF,77,7.700,2.199997,-0.350001,0.000016,0.000010,0.551184,-0.312000,2.134000,-0.060000,0.420000,pedestrian,crossing,distracted,,0.000000,1.000000,3.532759,2.932759,0.000000,0.000000,0.000000,0.000000,0.000000,0.000000,0.000000,2.932759,2.932759,2.932759,2.932759,0.000000,horizon_mpc_secbf,12,2.966651,true,osqp,optimal,25,4.068952,0,3.270754,geometric,false,0.000034,0.000006,0.000029,0.000008,,,0.000030,0.000013,4.503881,0.000003
local_crowding,context_int,EESM-MPC-ECBF,78,7.800,2.200000,-0.350000,0.000029,0.000008,0.266817,-0.318000,2.176000,-0.060000,0.420000,pedestrian,crossing,distracted,,0.000000,1.000000,3.566651,2.966651,0.000000,0.000000,0.000000,0.000000,0.000000,0.000000,0.000000,2.966651,2.966651,2.966651,2.966651,0.000000,horizon_mpc_secbf,12,3.000722,true,osqp,optimal,25,3.409899,0,3.306471,geometric,false,0.000004,-0.000002,0.000008,-0.000000,,,0.000008,0.000022,4.503881,0.000000
local_crowding,context_int,EESM-MPC-ECBF,79,7.900,2.200000,-0.350000,0.000008,-0.000000,-0.010534,-0.324000,2.218000,-0.060000,0.420000,pedestrian,crossing,distracted,,0.000000,1.000000,3.600722,3.000722,0.000000,0.000000,0.000000,0.000000,0.000000,0.000000,0.000000,3.000722,3.000722,3.000722,3.000722,0.000000,horizon_mpc_secbf,12,3.034969,true,osqp,optimal,25,3.779643,0,3.342320,geometric,false,-0.000004,-0.000002,-0.000002,-0.000002,,,0.000003,0.000010,4.503882,0.000000
local_crowding,context_int,EESM-MPC-ECBF,80,8.000,2.200000,-0.350000,-0.000002,-0.000002,-2.332287,-0.330000,2.260000,-0.060000,0.420000,pedestrian,crossing,distracted,,0.000000,1.000000,3.634969,3.034969,0.000000,0.000000,0.000000,0.000000,0.000000,0.000000,0.000000,3.034969,3.034969,3.034969,3.034969,0.000000,horizon_mpc_secbf,12,3.069387,true,osqp,optimal,25,3.444728,0,3.378300,geometric,false,-0.000002,-0.000000,-0.000002,-0.000001,,,0.000002,0.000001,4.503882,0.000000
local_crowding,context_int,EESM-MPC-ECBF,81,8.100,2.200000,-0.350000,-0.000002,-0.000001,-2.826144,-0.336000,2.302000,-0.060000,0.420000,pedestrian,crossing,distracted,,0.000000,1.000000,3.669387,3.069387,0.000000,0.000000,0.000000,0.000000,0.000000,0.000000,0.000000,3.069387,3.069387,3.069387,3.069387,0.000000,horizon_mpc_secbf,12,3.103971,true,osqp,optimal,25,4.236660,0,3.414403,geometric,false,-0.000000,0.000000,-0.000000,0.000000,,,0.000000,0.000002,4.503882,0.000000
local_crowding,context_int,EESM-MPC-ECBF,82,8.200,2.200000,-0.350000,-0.000000,0.000000,2.794386,-0.342000,2.344000,-0.060000,0.420000,pedestrian,crossing,distracted,,0.000000,1.000000,3.703971,3.103971,0.000000,0.000000,0.000000,0.000000,0.000000,0.000000,0.000000,3.103971,3.103971,3.103971,3.103971,0.000000,horizon_mpc_secbf,12,3.138716,true,osqp,optimal,25,4.721078,0,3.450626,geometric,false,0.000000,0.000000,0.000000,0.000000,,,0.000000,0.000001,4.503882,0.000000
local_crowding,context_int,EESM-MPC-ECBF,83,8.300,2.200000,-0.350000,0.000000,0.000000,0.873698,-0.348000,2.386000,-0.060000,0.420000,pedestrian,crossing,distracted,,0.000000,1.000000,3.738716,3.138716,0.000000,0.000000,0.000000,0.000000,0.000000,0.000000,0.000000,3.138716,3.138716,3.138716,3.138716,0.000000,horizon_mpc_secbf,12,3.173619,true,osqp,optimal,25,4.583867,0,3.486964,geometric,false,0.000000,0.000000,0.000000,0.000000,,,0.000000,0.000000,4.503882,0.000000
local_crowding,context_int,EESM-MPC-ECBF,84,8.400,2.200000,-0.350000,0.000000,0.000000,0.335992,-0.354000,2.428000,-0.060000,0.420000,pedestrian,crossing,distracted,,0.000000,1.000000,3.773619,3.173619,0.000000,0.000000,0.000000,0.000000,0.000000,0.000000,0.000000,3.173619,3.173619,3.173619,3.173619,0.000000,horizon_mpc_secbf,12,3.208674,true,osqp,optimal,25,5.128909,0,3.523416,geometric,false,-0.000000,-0.000000,0.000000,-0.000000,,,0.000000,0.000000,4.503882,0.000000
local_crowding,context_int,EESM-MPC-ECBF,85,8.500,2.200000,-0.350000,0.000000,-0.000000,-0.870528,-0.360000,2.470000,-0.060000,0.420000,pedestrian,crossing,distracted,,0.000000,1.000000,3.808674,3.208674,0.000000,0.000000,0.000000,0.000000,0.000000,0.000000,0.000000,3.208674,3.208674,3.208674,3.208674,0.000000,horizon_mpc_secbf,12,3.243878,true,osqp,optimal,25,4.626891,0,3.559978,geometric,false,-0.000000,-0.000000,-0.000000,-0.000000,,,0.000000,0.000000,4.503882,0.000000
local_crowding,context_int,EESM-MPC-ECBF,86,8.600,2.200000,-0.350000,-0.000000,-0.000000,-2.244026,-0.366000,2.512000,-0.060000,0.420000,pedestrian,crossing,distracted,,0.000000,1.000000,3.843878,3.243878,0.000000,0.000000,0.000000,0.000000,0.000000,0.000000,0.000000,3.243878,3.243878,3.243878,3.243878,0.000000,horizon_mpc_secbf,12,3.279227,true,osqp,optimal,25,3.696209,0,3.596647,geometric,false,0.000000,0.000000,-0.000000,-0.000000,,,0.000000,0.000000,4.503882,0.000000
local_crowding,context_int,EESM-MPC-ECBF,87,8.700,2.200000,-0.350000,-0.000000,-0.000000,-1.572507,-0.372000,2.554000,-0.060000,0.420000,pedestrian,crossing,distracted,,0.000000,1.000000,3.879227,3.279227,0.000000,0.000000,0.000000,0.000000,0.000000,0.000000,0.000000,3.279227,3.279227,3.279227,3.279227,0.000000,horizon_mpc_secbf,12,3.314716,true,osqp,optimal,25,4.982377,0,3.633421,geometric,false,0.000000,0.000000,0.000000,-0.000000,,,0.000000,0.000000,4.503882,0.000000
local_crowding,context_int,EESM-MPC-ECBF,88,8.800,2.200000,-0.350000,0.000000,-0.000000,-1.572507,-0.378000,2.596000,-0.060000,0.420000,pedestrian,crossing,distracted,,0.000000,1.000000,3.914716,3.314716,0.000000,0.000000,0.000000,0.000000,0.000000,0.000000,0.000000,3.314716,3.314716,3.314716,3.314716,0.000000,horizon_mpc_secbf,12,3.350342,true,osqp,optimal,25,5.045034,0,3.670297,geometric,false,0.000000,0.000000,0.000000,-0.000000,,,0.000000,0.000000,4.503882,0.000000
local_crowding,context_int,EESM-MPC-ECBF,89,8.900,2.200000,-0.350000,0.000000,-0.000000,-1.572507,-0.384000,2.638000,-0.060000,0.420000,pedestrian,crossing,distracted,,0.000000,1.000000,3.950342,3.350342,0.000000,0.000000,0.000000,0.000000,0.000000,0.000000,0.000000,3.350342,3.350342,3.350342,3.350342,0.000000,horizon_mpc_secbf,12,3.386101,true,osqp,optimal,25,4.862796,0,3.707273,geometric,false,0.000000,0.000000,0.000000,-0.000000,,,0.000000,0.000000,4.503882,0.000000
local_crowding,context_int,EESM-MPC-ECBF,90,9.000,2.200000,-0.350000,0.000000,-0.000000,-1.572507,-0.390000,2.680000,-0.060000,0.420000,pedestrian,crossing,distracted,,0.000000,1.000000,3.986101,3.386101,0.000000,0.000000,0.000000,0.000000,0.000000,0.000000,0.000000,3.386101,3.386101,3.386101,3.386101,0.000000,horizon_mpc_secbf,12,3.421990,true,osqp,optimal,25,4.829398,0,3.744346,geometric,false,0.000000,0.000000,0.000000,-0.000000,,,0.000000,0.000000,4.503882,0.000000
local_crowding,context_int,EESM-MPC-ECBF,91,9.100,2.200000,-0.350000,0.000000,-0.000000,-1.572507,-0.396000,2.722000,-0.060000,0.420000,pedestrian,crossing,distracted,,0.000000,1.000000,4.021990,3.421990,0.000000,0.000000,0.000000,0.000000,0.000000,0.000000,0.000000,3.421990,3.421990,3.421990,3.421990,0.000000,horizon_mpc_secbf,12,3.458004,true,osqp,optimal,25,5.271901,0,3.781513,geometric,false,0.000000,0.000000,0.000000,-0.000000,,,0.000000,0.000000,4.503882,0.000000
local_crowding,context_int,EESM-MPC-ECBF,92,9.200,2.200000,-0.350000,0.000000,-0.000000,-1.572507,-0.402000,2.764000,-0.060000,0.420000,pedestrian,crossing,distracted,,0.000000,1.000000,4.058004,3.458004,0.000000,0.000000,0.000000,0.000000,0.000000,0.000000,0.000000,3.458004,3.458004,3.458004,3.458004,0.000000,horizon_mpc_secbf,12,3.494142,true,osqp,optimal,25,5.251271,0,3.818773,geometric,false,0.000000,0.000000,0.000000,-0.000000,,,0.000000,0.000000,4.503882,0.000000
local_crowding,context_int,EESM-MPC-ECBF,93,9.300,2.200000,-0.350000,0.000000,-0.000000,-1.572507,-0.408000,2.806000,-0.060000,0.420000,pedestrian,crossing,distracted,,0.000000,1.000000,4.094142,3.494142,0.000000,0.000000,0.000000,0.000000,0.000000,0.000000,0.000000,3.494142,3.494142,3.494142,3.494142,0.000000,horizon_mpc_secbf,12,3.530399,true,osqp,optimal,25,5.211826,0,3.856123,geometric,false,0.000000,0.000000,0.000000,-0.000000,,,0.000000,0.000000,4.503882,0.000000
local_crowding,context_int,EESM-MPC-ECBF,94,9.400,2.200000,-0.350000,0.000000,-0.000000,-1.572507,-0.414000,2.848000,-0.060000,0.420000,pedestrian,crossing,distracted,,0.000000,1.000000,4.130399,3.530399,0.000000,0.000000,0.000000,0.000000,0.000000,0.000000,0.000000,3.530399,3.530399,3.530399,3.530399,0.000000,horizon_mpc_secbf,12,3.566773,true,osqp,optimal,25,5.196637,0,3.893560,geometric,false,0.000000,0.000000,0.000000,-0.000000,,,0.000000,0.000000,4.503882,0.000000
local_crowding,context_int,EESM-MPC-ECBF,95,9.500,2.200000,-0.350000,0.000000,-0.000000,-1.572507,-0.420000,2.890000,-0.060000,0.420000,pedestrian,crossing,distracted,,0.000000,1.000000,4.166773,3.566773,0.000000,0.000000,0.000000,0.000000,0.000000,0.000000,0.000000,3.566773,3.566773,3.566773,3.566773,0.000000,horizon_mpc_secbf,12,3.603261,true,osqp,optimal,25,5.200784,0,3.931084,geometric,false,0.000000,0.000000,0.000000,-0.000000,,,0.000000,0.000000,4.503882,0.000000
local_crowding,context_int,EESM-MPC-ECBF,96,9.600,2.200000,-0.350000,0.000000,-0.000000,-1.572507,-0.426000,2.932000,-0.060000,0.420000,pedestrian,crossing,distracted,,0.000000,1.000000,4.203261,3.603261,0.000000,0.000000,0.000000,0.000000,0.000000,0.000000,0.000000,3.603261,3.603261,3.603261,3.603261,0.000000,horizon_mpc_secbf,12,3.639858,true,osqp,optimal,25,4.842719,0,3.968691,geometric,false,0.000000,0.000000,0.000000,-0.000000,,,0.000000,0.000000,4.503882,0.000000
local_crowding,context_int,EESM-MPC-ECBF,97,9.700,2.200000,-0.350000,0.000000,-0.000000,-1.572507,-0.432000,2.974000,-0.060000,0.420000,pedestrian,crossing,distracted,,0.000000,1.000000,4.239858,3.639858,0.000000,0.000000,0.000000,0.000000,0.000000,0.000000,0.000000,3.639858,3.639858,3.639858,3.639858,0.000000,horizon_mpc_secbf,12,3.676564,true,osqp,optimal,25,3.335707,0,4.006380,geometric,false,0.000000,0.000000,0.000000,-0.000000,,,0.000000,0.000000,4.503882,0.000000
local_crowding,context_int,EESM-MPC-ECBF,98,9.800,2.200000,-0.350000,0.000000,-0.000000,-1.572507,-0.438000,3.016000,-0.060000,0.420000,pedestrian,crossing,distracted,,0.000000,1.000000,4.276564,3.676564,0.000000,0.000000,0.000000,0.000000,0.000000,0.000000,0.000000,3.676564,3.676564,3.676564,3.676564,0.000000,horizon_mpc_secbf,12,3.713375,true,osqp,optimal,25,4.535570,0,4.044149,geometric,false,0.000000,0.000000,0.000000,-0.000000,,,0.000000,0.000000,4.503882,0.000000
local_crowding,context_int,EESM-MPC-ECBF,99,9.900,2.200000,-0.350000,0.000000,-0.000000,-1.572507,-0.444000,3.058000,-0.060000,0.420000,pedestrian,crossing,distracted,,0.000000,1.000000,4.313375,3.713375,0.000000,0.000000,0.000000,0.000000,0.000000,0.000000,0.000000,3.713375,3.713375,3.713375,3.713375,0.000000,horizon_mpc_secbf,12,3.750287,true,osqp,optimal,25,4.113547,0,4.081995,geometric,false,0.000000,0.000000,0.000000,-0.000000,,,0.000000,0.000000,4.503882,0.000000
local_crowding,context_int,EESM-MPC-ECBF,100,10.000,2.200000,-0.350000,0.000000,-0.000000,-1.572507,-0.450000,3.100000,-0.060000,0.420000,pedestrian,crossing,distracted,,0.000000,1.000000,4.350287,3.750287,0.000000,0.000000,0.000000,0.000000,0.000000,0.000000,0.000000,3.750287,3.750287,3.750287,3.750287,0.000000,horizon_mpc_secbf,12,3.787300,true,osqp,optimal,25,3.447642,0,4.119918,geometric,false,0.000000,0.000000,0.000000,-0.000000,,,0.000000,0.000000,4.503882,0.000000
local_crowding,context_int,EESM-MPC-ECBF,101,10.100,2.200000,-0.350000,0.000000,-0.000000,-1.572507,-0.456000,3.142000,-0.060000,0.420000,pedestrian,crossing,distracted,,0.000000,1.000000,4.387300,3.787300,0.000000,0.000000,0.000000,0.000000,0.000000,0.000000,0.000000,3.787300,3.787300,3.787300,3.787300,0.000000,horizon_mpc_secbf,12,3.824410,true,osqp,optimal,25,3.643368,0,4.157915,geometric,false,0.000000,0.000000,0.000000,-0.000000,,,0.000000,0.000000,4.503882,0.000000
local_crowding,context_int,EESM-MPC-ECBF,102,10.200,2.200000,-0.350000,0.000000,-0.000000,-1.572507,-0.462000,3.184000,-0.060000,0.420000,pedestrian,crossing,distracted,,0.000000,1.000000,4.424410,3.824410,0.000000,0.000000,0.000000,0.000000,0.000000,0.000000,0.000000,3.824410,3.824410,3.824410,3.824410,0.000000,horizon_mpc_secbf,12,3.861614,true,osqp,optimal,25,4.628594,0,4.195985,geometric,false,0.000000,0.000000,0.000000,-0.000000,,,0.000000,0.000000,4.503882,0.000000
local_crowding,context_int,EESM-MPC-ECBF,103,10.300,2.200000,-0.350000,0.000000,-0.000000,-1.572507,-0.468000,3.226000,-0.060000,0.420000,pedestrian,crossing,distracted,,0.000000,1.000000,4.461614,3.861614,0.000000,0.000000,0.000000,0.000000,0.000000,0.000000,0.000000,3.861614,3.861614,3.861614,3.861614,0.000000,horizon_mpc_secbf,12,3.898911,true,osqp,optimal,25,3.785971,0,4.234125,geometric,false,0.000000,0.000000,0.000000,-0.000000,,,0.000000,0.000000,4.503882,0.000000
local_crowding,context_int,EESM-MPC-ECBF,104,10.400,2.200000,-0.350000,0.000000,-0.000000,-1.572507,-0.474000,3.268000,-0.060000,0.420000,pedestrian,crossing,distracted,,0.000000,1.000000,4.498911,3.898911,0.000000,0.000000,0.000000,0.000000,0.000000,0.000000,0.000000,3.898911,3.898911,3.898911,3.898911,0.000000,horizon_mpc_secbf,12,3.936298,true,osqp,optimal,25,4.890236,0,4.272335,geometric,false,0.000000,0.000000,0.000000,-0.000000,,,0.000000,0.000000,4.503882,0.000000
local_crowding,context_int,EESM-MPC-ECBF,105,10.500,2.200000,-0.350000,0.000000,-0.000000,-1.572507,-0.480000,3.310000,-0.060000,0.420000,pedestrian,crossing,distracted,,0.000000,1.000000,4.536298,3.936298,0.000000,0.000000,0.000000,0.000000,0.000000,0.000000,0.000000,3.936298,3.936298,3.936298,3.936298,0.000000,horizon_mpc_secbf,12,3.973773,true,osqp,optimal,25,5.784487,0,4.310612,geometric,false,0.000000,0.000000,0.000000,-0.000000,,,0.000000,0.000000,4.503882,0.000000
local_crowding,context_int,EESM-MPC-ECBF,106,10.600,2.200000,-0.350000,0.000000,-0.000000,-1.572507,-0.486000,3.352000,-0.060000,0.420000,pedestrian,crossing,distracted,,0.000000,1.000000,4.573773,3.973773,0.000000,0.000000,0.000000,0.000000,0.000000,0.000000,0.000000,3.973773,3.973773,3.973773,3.973773,0.000000,horizon_mpc_secbf,12,4.011334,true,osqp,optimal,25,3.563900,0,4.348956,geometric,false,0.000000,0.000000,0.000000,-0.000000,,,0.000000,0.000000,4.503882,0.000000
local_crowding,context_int,EESM-MPC-ECBF,107,10.700,2.200000,-0.350000,0.000000,-0.000000,-1.572507,-0.492000,3.394000,-0.060000,0.420000,pedestrian,crossing,distracted,,0.000000,1.000000,4.611334,4.011334,0.000000,0.000000,0.000000,0.000000,0.000000,0.000000,0.000000,4.011334,4.011334,4.011334,4.011334,0.000000,horizon_mpc_secbf,12,4.048978,true,osqp,optimal,25,5.893248,0,4.387364,geometric,false,0.000000,0.000000,0.000000,-0.000000,,,0.000000,0.000000,4.503882,0.000000
local_crowding,context_int,EESM-MPC-ECBF,108,10.800,2.200000,-0.350000,0.000000,-0.000000,-1.572507,-0.498000,3.436000,-0.060000,0.420000,pedestrian,crossing,distracted,,0.000000,1.000000,4.648978,4.048978,0.000000,0.000000,0.000000,0.000000,0.000000,0.000000,0.000000,4.048978,4.048978,4.048978,4.048978,0.000000,horizon_mpc_secbf,12,4.086705,true,osqp,optimal,25,3.716494,0,4.425835,geometric,false,0.000000,0.000000,0.000000,-0.000000,,,0.000000,0.000000,4.503882,0.000000
local_crowding,context_int,EESM-MPC-ECBF,109,10.900,2.200000,-0.350000,0.000000,-0.000000,-1.572507,-0.504000,3.478000,-0.060000,0.420000,pedestrian,crossing,distracted,,0.000000,1.000000,4.686705,4.086705,0.000000,0.000000,0.000000,0.000000,0.000000,0.000000,0.000000,4.086705,4.086705,4.086705,4.086705,0.000000,horizon_mpc_secbf,12,4.124511,true,osqp,optimal,25,4.308865,0,4.464369,geometric,false,0.000000,0.000000,0.000000,-0.000000,,,0.000000,0.000000,4.503882,0.000000
local_crowding,context_int,EESM-MPC-ECBF,110,11.000,2.200000,-0.350000,0.000000,-0.000000,-1.572507,-0.510000,3.520000,-0.060000,0.420000,pedestrian,crossing,distracted,,0.000000,1.000000,4.724511,4.124511,0.000000,0.000000,0.000000,0.000000,0.000000,0.000000,0.000000,4.124511,4.124511,4.124511,4.124511,0.000000,horizon_mpc_secbf,12,4.162394,true,osqp,optimal,25,3.477233,0,4.502962,geometric,false,0.000000,0.000000,0.000000,-0.000000,,,0.000000,0.000000,4.503882,0.000000
local_crowding,context_int,EESM-MPC-ECBF,111,11.100,2.200000,-0.350000,0.000000,-0.000000,-1.572507,-0.516000,3.562000,-0.060000,0.420000,pedestrian,crossing,distracted,,0.000000,1.000000,4.762394,4.162394,0.000000,0.000000,0.000000,0.000000,0.000000,0.000000,0.000000,4.162394,4.162394,4.162394,4.162394,0.000000,horizon_mpc_secbf,12,4.200354,true,osqp,optimal,25,3.834486,0,4.541615,geometric,false,0.000000,0.000000,0.000000,-0.000000,,,0.000000,0.000000,4.503882,0.000000
local_crowding,context_int,EESM-MPC-ECBF,112,11.200,2.200000,-0.350000,0.000000,-0.000000,-1.572507,-0.522000,3.604000,-0.060000,0.420000,pedestrian,crossing,distracted,,0.000000,1.000000,4.800354,4.200354,0.000000,0.000000,0.000000,0.000000,0.000000,0.000000,0.000000,4.200354,4.200354,4.200354,4.200354,0.000000,horizon_mpc_secbf,12,4.238388,true,osqp,optimal,25,4.404133,0,4.580326,geometric,false,0.000000,0.000000,0.000000,-0.000000,,,0.000000,0.000000,4.503882,0.000000
local_crowding,context_int,EESM-MPC-ECBF,113,11.300,2.200000,-0.350000,0.000000,-0.000000,-1.572507,-0.528000,3.646000,-0.060000,0.420000,pedestrian,crossing,distracted,,0.000000,1.000000,4.838388,4.238388,0.000000,0.000000,0.000000,0.000000,0.000000,0.000000,0.000000,4.238388,4.238388,4.238388,4.238388,0.000000,horizon_mpc_secbf,12,4.276495,true,osqp,optimal,25,4.584176,0,4.619093,geometric,false,0.000000,0.000000,0.000000,-0.000000,,,0.000000,0.000000,4.503882,0.000000
local_crowding,context_int,EESM-MPC-ECBF,114,11.400,2.200000,-0.350000,0.000000,-0.000000,-1.572507,-0.534000,3.688000,-0.060000,0.420000,pedestrian,crossing,distracted,,0.000000,1.000000,4.876495,4.276495,0.000000,0.000000,0.000000,0.000000,0.000000,0.000000,0.000000,4.276495,4.276495,4.276495,4.276495,0.000000,horizon_mpc_secbf,12,4.314672,true,osqp,optimal,25,3.598781,0,4.657916,geometric,false,0.000000,0.000000,0.000000,-0.000000,,,0.000000,0.000000,4.503882,0.000000
local_crowding,context_int,EESM-MPC-ECBF,115,11.500,2.200000,-0.350000,0.000000,-0.000000,-1.572507,-0.540000,3.730000,-0.060000,0.420000,pedestrian,crossing,distracted,,0.000000,1.000000,4.914672,4.314672,0.000000,0.000000,0.000000,0.000000,0.000000,0.000000,0.000000,4.314672,4.314672,4.314672,4.314672,0.000000,horizon_mpc_secbf,12,4.352918,true,osqp,optimal,25,3.506705,0,4.696793,geometric,false,0.000000,0.000000,0.000000,-0.000000,,,0.000000,0.000000,4.503882,0.000000
local_crowding,context_int,EESM-MPC-ECBF,116,11.600,2.200000,-0.350000,0.000000,-0.000000,-1.572507,-0.546000,3.772000,-0.060000,0.420000,pedestrian,crossing,distracted,,0.000000,1.000000,4.952918,4.352918,0.000000,0.000000,0.000000,0.000000,0.000000,0.000000,0.000000,4.352918,4.352918,4.352918,4.352918,0.000000,horizon_mpc_secbf,12,4.391232,true,osqp,optimal,25,4.176821,0,4.735723,geometric,false,0.000000,0.000000,0.000000,-0.000000,,,0.000000,0.000000,4.503882,0.000000
local_crowding,context_int,EESM-MPC-ECBF,117,11.700,2.200000,-0.350000,0.000000,-0.000000,-1.572507,-0.552000,3.814000,-0.060000,0.420000,pedestrian,crossing,distracted,,0.000000,1.000000,4.991232,4.391232,0.000000,0.000000,0.000000,0.000000,0.000000,0.000000,0.000000,4.391232,4.391232,4.391232,4.391232,0.000000,horizon_mpc_secbf,12,4.429612,true,osqp,optimal,25,3.947166,0,4.774705,geometric,false,0.000000,0.000000,0.000000,-0.000000,,,0.000000,0.000000,4.503882,0.000000
local_crowding,context_int,EESM-MPC-ECBF,118,11.800,2.200000,-0.350000,0.000000,-0.000000,-1.572507,-0.558000,3.856000,-0.060000,0.420000,pedestrian,crossing,distracted,,0.000000,1.000000,5.029612,4.429612,0.000000,0.000000,0.000000,0.000000,0.000000,0.000000,0.000000,4.429612,4.429612,4.429612,4.429612,0.000000,horizon_mpc_secbf,12,4.468057,true,osqp,optimal,25,3.431049,0,4.813737,geometric,false,0.000000,0.000000,0.000000,-0.000000,,,0.000000,0.000000,4.503882,0.000000
local_crowding,context_int,EESM-MPC-ECBF,119,11.900,2.200000,-0.350000,0.000000,-0.000000,-1.572507,-0.564000,3.898000,-0.060000,0.420000,pedestrian,crossing,distracted,,0.000000,1.000000,5.068057,4.468057,0.000000,0.000000,0.000000,0.000000,0.000000,0.000000,0.000000,4.468057,4.468057,4.468057,4.468057,0.000000,horizon_mpc_secbf,12,4.506564,true,osqp,optimal,25,3.685412,0,4.852820,geometric,false,0.000000,0.000000,0.000000,-0.000000,,,0.000000,0.000000,4.503882,0.000000
local_crowding,context_int,SEESM w/o Feasibility-Preserving Update,0,0.000,-2.200000,-0.350000,0.000000,0.000000,0.000000,0.150000,-1.100000,-0.060000,0.420000,pedestrian,walking,unknown,10.098536,1.000000,1.000000,2.466779,1.866779,0.279000,0.279000,0.279000,0.279000,0.153124,0.432124,0.279000,1.866779,1.713655,1.434655,1.434655,0.000000,horizon_mpc_secbf,12,0.402575,true,osqp,optimal,175,5.297127,0,0.658182,accept,false,0.750000,0.000000,0.621016,0.000000,,,0.621016,0.621016,0.062102,4.400000
local_crowding,context_int,SEESM w/o Feasibility-Preserving Update,1,0.100,-2.137898,-0.350000,0.621016,0.000000,0.000000,0.144000,-1.058000,-0.060000,0.420000,pedestrian,walking,unknown,2.308992,1.000000,1.000000,2.389210,1.789210,0.319584,0.319584,0.319584,0.319584,0.762628,1.082212,0.040584,1.789210,1.026582,0.706998,0.706998,0.000292,horizon_mpc_secbf,12,-0.000291,true,osqp,optimal,50,5.918844,0,0.070274,accept,false,0.750000,-0.000000,0.490478,0.044537,,,0.492495,0.137927,0.111351,4.337898
local_crowding,context_int,SEESM w/o Feasibility-Preserving Update,2,0.200,-2.088851,-0.345546,0.490478,0.044537,0.090554,0.138000,-1.016000,-0.060000,0.420000,pedestrian,walking,unknown,2.715972,1.000000,1.000000,2.325591,1.725591,0.309817,0.309817,0.309817,0.309817,0.623461,0.933278,0.000000,1.725591,1.102130,0.792313,0.792313,0.000212,horizon_mpc_secbf,12,-0.000212,true,osqp,optimal,50,3.685224,0,0.115071,accept,false,0.750000,-0.000779,0.532186,0.037019,,,0.533472,0.042381,0.164698,4.288853
local_crowding,context_int,SEESM w/o Feasibility-Preserving Update,3,0.300,-2.035632,-0.341844,0.532186,0.037019,0.069448,0.132000,-0.974000,-0.060000,0.420000,pedestrian,walking,unknown,2.453548,1.000000,1.000000,2.257930,1.657930,0.316115,0.316115,0.316115,0.316115,0.662902,0.979016,0.006298,1.657930,0.995029,0.678914,0.678914,0.000304,horizon_mpc_secbf,12,-0.000304,true,osqp,optimal,50,3.846750,0,0.071123,accept,false,0.749999,-0.001444,0.463999,0.044775,,,0.466154,0.068627,0.211314,4.235640
local_crowding,context_int,SEESM w/o Feasibility-Preserving Update,4,0.400,-1.989232,-0.337367,0.463999,0.044775,0.096201,0.126000,-0.932000,-0.060000,0.420000,pedestrian,walking,unknown,2.635720,1.000000,1.000000,2.197224,1.597224,0.311743,0.311743,0.311743,0.311743,0.590936,0.902678,0.000000,1.597224,1.006289,0.694546,0.694546,0.000284,horizon_mpc_secbf,12,-0.000284,true,osqp,optimal,50,4.834917,0,0.083557,accept,false,0.749997,-0.002262,0.467935,0.039263,,,0.469579,0.006774,0.258272,4.189251
local_crowding,context_int,SEESM w/o Feasibility-Preserving Update,5,0.500,-1.942439,-0.333441,0.467935,0.039263,0.083710,0.120000,-0.890000,-0.060000,0.420000,pedestrian,walking,unknown,2.522942,1.000000,1.000000,2.136214,1.536214,0.314449,0.314449,0.314449,0.314449,0.591671,0.906120,0.002707,1.536214,0.944544,0.630094,0.630094,0.000333,horizon_mpc_secbf,12,-0.000333,true,osqp,optimal,50,3.862593,0,0.060145,accept,false,0.749994,-0.002998,0.427848,0.038931,,,0.429616,0.040088,0.301233,4.142472
local_crowding,context_int,SEESM w/o Feasibility-Preserving Update,6,0.600,-1.899654,-0.329548,0.427848,0.038931,0.090743,0.114000,-0.848000,-0.060000,0.420000,pedestrian,walking,unknown,2.606948,1.000000,1.000000,2.079325,1.479325,0.312433,0.312433,0.312433,0.312433,0.547348,0.859781,0.000000,1.479325,0.931978,0.619545,0.619545,0.000335,horizon_mpc_secbf,12,-0.000335,true,osqp,optimal,50,3.837069,0,0.060103,accept,false,0.749991,-0.003742,0.418479,0.033333,,,0.419804,0.010915,0.343214,4.099705
local_crowding,context_int,SEESM w/o Feasibility-Preserving Update,7,0.700,-1.857806,-0.326214,0.418479,0.033333,0.079484,0.108000,-0.806000,-0.060000,0.420000,pedestrian,walking,unknown,2.557897,1.000000,1.000000,2.023509,1.423509,0.313610,0.313610,0.313610,0.313610,0.533269,0.846880,0.001177,1.423509,0.890240,0.576629,0.576629,0.000365,horizon_mpc_secbf,12,-0.000365,true,osqp,optimal,50,3.920620,0,0.045399,accept,false,0.749987,-0.004396,0.391654,0.028528,,,0.392692,0.027251,0.382483,4.057876
local_crowding,context_int,SEESM w/o Feasibility-Preserving Update,8,0.800,-1.818641,-0.323361,0.391654,0.028528,0.072713,0.102000,-0.764000,-0.060000,0.420000,pedestrian,walking,unknown,2.596919,1.000000,1.000000,1.970539,1.370539,0.312674,0.312674,0.312674,0.312674,0.500730,0.813404,0.000000,1.370539,0.869809,0.557135,0.557135,0.000375,horizon_mpc_secbf,12,-0.000375,true,osqp,optimal,50,4.516761,0,0.040717,accept,false,0.749984,-0.004971,0.378689,0.021046,,,0.379274,0.014969,0.420410,4.018729
local_crowding,context_int,SEESM w/o Feasibility-Preserving Update,9,0.900,-1.780772,-0.321257,0.378689,0.021046,0.055518,0.096000,-0.722000,-0.060000,0.420000,pedestrian,crossing,distracted,2.574680,1.000000,1.000000,1.919080,1.319080,0.464587,0.464587,0.464587,0.464587,0.480996,0.945584,0.151914,1.319080,0.838084,0.373496,0.373496,0.000523,horizon_mpc_secbf,12,-0.000523,true,osqp,optimal,50,3.635569,0,-0.016311,accept,false,0.749980,-0.005415,0.253216,0.017647,,,0.253830,0.125519,0.445793,3.980875
local_crowding,context_int,SEESM w/o Feasibility-Preserving Update,10,1.000,-1.755450,-0.319492,0.253216,0.017647,0.069581,0.090000,-0.680000,-0.060000,0.420000,pedestrian,crossing,distracted,3.329462,1.000000,1.000000,1.880333,1.280333,0.435151,0.435151,0.435151,0.435151,0.347527,0.782678,0.000000,1.280333,0.932806,0.497655,0.497655,0.000409,horizon_mpc_secbf,12,-0.000409,true,osqp,optimal,50,4.041675,0,0.039473,accept,false,0.749978,-0.005784,0.326157,0.004838,,,0.326193,0.074057,0.478413,3.955568
local_crowding,context_int,SEESM w/o Feasibility-Preserving Update,11,1.100,-1.722834,-0.319008,0.326157,0.004838,0.014832,0.084000,-0.638000,-0.060000,0.420000,pedestrian,crossing,distracted,2.729058,1.000000,1.000000,1.834777,1.234777,0.458567,0.458567,0.458567,0.458567,0.410848,0.869415,0.023416,1.234777,0.823929,0.365362,0.365362,0.000514,horizon_mpc_secbf,12,-0.000514,true,osqp,optimal,50,3.936844,0,-0.014048,accept,false,0.749977,-0.005925,0.251387,-0.001489,,,0.251391,0.075037,0.503552,3.922957
local_crowding,context_int,SEESM w/o Feasibility-Preserving Update,12,1.200,-1.697696,-0.319157,0.251387,-0.001489,-0.005925,0.078000,-0.596000,-0.060000,0.420000,pedestrian,crossing,distracted,3.212968,1.000000,1.000000,1.797147,1.197147,0.439694,0.439694,0.439694,0.439694,0.325711,0.765405,0.000000,1.197147,0.871436,0.431742,0.431742,0.000448,horizon_mpc_secbf,12,-0.000448,true,osqp,optimal,50,3.885433,0,0.016912,accept,false,0.749977,-0.005935,0.293657,-0.007422,,,0.293751,0.042684,0.532927,3.897818
local_crowding,context_int,SEESM w/o Feasibility-Preserving Update,13,1.300,-1.668330,-0.319899,0.293657,-0.007422,-0.025268,0.072000,-0.554000,-0.060000,0.420000,pedestrian,crossing,distracted,2.836950,1.000000,1.000000,1.756004,1.156004,0.454359,0.454359,0.454359,0.454359,0.355920,0.810279,0.014665,1.156004,0.800084,0.345725,0.345725,0.000513,horizon_mpc_secbf,12,-0.000512,true,osqp,optimal,50,3.842921,0,-0.018861,accept,false,0.749977,-0.005836,0.249015,-0.021379,,,0.249932,0.046772,0.557920,3.868447
local_crowding,context_int,SEESM w/o Feasibility-Preserving Update,14,1.400,-1.643428,-0.322037,0.249015,-0.021379,-0.085645,0.066000,-0.512000,-0.060000,0.420000,pedestrian,crossing,distracted,3.147046,1.000000,1.000000,1.719951,1.119951,0.442265,0.442265,0.442265,0.442265,0.297149,0.739414,0.000000,1.119951,0.822802,0.380537,0.380537,0.000472,horizon_mpc_secbf,12,-0.000472,true,osqp,optimal,50,3.605109,0,-0.003678,accept,false,0.749980,-0.005456,0.276950,-0.030886,,,0.278667,0.029508,0.585787,3.843530
local_crowding,context_int,SEESM w/o Feasibility-Preserving Update,15,1.500,-1.615733,-0.325126,0.276950,-0.030886,-0.111064,0.060000,-0.470000,-0.060000,0.420000,pedestrian,crossing,distracted,2.888882,1.000000,1.000000,1.681984,1.081984,0.452334,0.452334,0.452334,0.452334,0.308673,0.761006,0.010068,1.081984,0.773311,0.320978,0.320978,0.000512,horizon_mpc_secbf,12,-0.000511,true,osqp,optimal,50,5.056034,0,-0.031297,accept,false,0.749984,-0.004889,0.253323,-0.051687,,,0.258542,0.031479,0.611641,3.815815
local_crowding,context_int,SEESM w/o Feasibility-Preserving Update,16,1.600,-1.590401,-0.330295,0.253323,-0.051687,-0.201275,0.054000,-0.428000,-0.060000,0.420000,pedestrian,crossing,distracted,3.073533,1.000000,1.000000,1.647301,1.047301,0.445132,0.445132,0.445132,0.445132,0.264684,0.709816,0.000000,1.047301,0.782618,0.337485,0.337485,0.000484,horizon_mpc_secbf,12,-0.000484,true,osqp,optimal,50,3.843741,0,-0.027279,accept,false,0.749990,-0.003899,0.277040,-0.065607,,,0.284702,0.027500,0.640111,3.790452
local_crowding,context_int,SEESM w/o Feasibility-Preserving Update,17,1.700,-1.562697,-0.336855,0.277040,-0.065607,-0.232531,0.048000,-0.386000,-0.060000,0.420000,pedestrian,crossing,distracted,2.875940,1.000000,1.000000,1.611447,1.011447,0.452838,0.452838,0.452838,0.452838,0.265080,0.717918,0.007706,1.011447,0.746367,0.293528,0.293528,0.000507,horizon_mpc_secbf,12,-0.000506,true,osqp,optimal,50,4.032548,0,-0.052522,accept,false,0.749995,-0.002620,0.271127,-0.090998,,,0.285990,0.026070,0.668710,3.762720
local_crowding,context_int,SEESM w/o Feasibility-Preserving Update,18,1.800,-1.535584,-0.345955,0.271127,-0.090998,-0.323813,0.042000,-0.344000,-0.060000,0.420000,pedestrian,crossing,distracted,2.957956,1.000000,1.000000,1.577586,0.977586,0.449640,0.449640,0.449640,0.449640,0.229707,0.679347,0.000000,0.977586,0.747878,0.298239,0.298239,0.000100,horizon_mpc_secbf,12,-0.000038,true,osqp,optimal,50,3.631131,0,-0.236306,accept,false,0.750000,-0.000812,0.475474,-0.248918,,,0.536689,0.258256,0.722379,3.735587
local_crowding,context_int,SEESM w/o Feasibility-Preserving Update,19,1.900,-1.488037,-0.370847,0.475474,-0.248918,-0.482283,0.036000,-0.302000,-0.060000,0.420000,pedestrian,crossing,distracted,1.833794,1.000000,1.000000,1.525591,0.925591,0.493482,0.493482,0.493482,0.493482,0.292078,0.785560,0.043842,0.925591,0.633513,0.140031,0.140031,0.000097,horizon_mpc_secbf,12,-0.000054,true,osqp,optimal,75,4.876375,0,-0.276327,accept,false,0.749988,0.004239,0.391728,-0.351421,,,0.526258,0.132364,0.775005,3.688096
local_crowding,context_int,SEESM w/o Feasibility-Preserving Update,20,2.000,-1.448864,-0.405989,0.391728,-0.351421,-0.731213,0.030000,-0.260000,-0.060000,0.420000,pedestrian,crossing,distracted,2.370652,1.000000,1.000000,1.486053,0.886053,0.472545,0.472545,0.472545,0.472545,0.108863,0.581408,0.000000,0.886053,0.777189,0.304645,0.304645,0.000105,horizon_mpc_secbf,12,-0.000079,true,osqp,optimal,50,3.777594,0,-0.267209,accept,false,0.749912,0.011507,0.580327,-0.244408,,,0.629694,0.216844,0.837974,3.649294
local_crowding,context_int,SEESM w/o Feasibility-Preserving Update,21,2.100,-1.390832,-0.430430,0.580327,-0.244408,-0.398610,0.024000,-0.218000,-0.060000,0.420000,pedestrian,crossing,distracted,1.553921,1.000000,1.000000,1.430690,0.830690,0.504397,0.504397,0.504397,0.504397,0.260775,0.765172,0.031853,0.830690,0.569916,0.065519,0.065519,0.000094,horizon_mpc_secbf,12,-0.000014,true,osqp,optimal,75,3.840925,0,-0.252475,accept,false,0.749812,0.016795,0.381887,-0.380783,,,0.539289,0.240783,0.891903,3.591732
local_crowding,context_int,SEESM w/o Feasibility-Preserving Update,22,2.200,-1.352643,-0.468508,0.381887,-0.380783,-0.783951,0.018000,-0.176000,-0.060000,0.420000,pedestrian,crossing,distracted,3.024283,1.000000,1.000000,1.401507,0.801507,0.447053,0.447053,0.447053,0.447053,0.000000,0.447053,0.000000,0.801507,0.834529,0.387476,0.354454,0.000000,horizon_mpc_secbf,12,0.013239,true,osqp,optimal,100,4.334341,0,-0.249852,accept,false,0.749583,0.025004,0.680423,-0.154059,,,0.697646,0.374871,0.961668,3.554619
local_crowding,context_int,SEESM w/o Feasibility-Preserving Update,23,2.300,-1.284601,-0.483914,0.680423,-0.154059,-0.222662,0.012000,-0.134000,-0.060000,0.420000,pedestrian,crossing,distracted,1.314371,1.000000,1.000000,1.342987,0.742987,0.513740,0.513740,0.513740,0.513740,0.264535,0.778274,0.066687,0.742987,0.478452,-0.035288,-0.035288,0.009445,horizon_mpc_secbf,12,-0.008958,true,osqp,optimal,1250,10.093072,0,0.190028,accept,false,0.749447,0.028801,0.028265,-0.735590,,,0.736133,0.873778,1.035281,3.487173
local_crowding,context_int,SEESM w/o Feasibility-Preserving Update,24,2.400,-1.281774,-0.557473,0.028265,-0.735590,-1.532390,0.006000,-0.092000,-0.060000,0.420000,pedestrian,crossing,distracted,,0.000000,1.000000,1.369316,0.769316,0.253000,0.253000,0.253000,0.253000,0.000000,0.253000,0.000000,0.769316,0.769316,0.516316,0.516316,0.000000,horizon_mpc_secbf,12,0.285214,true,osqp,optimal,100,3.733139,0,0.087671,accept,false,0.748672,0.044612,0.621249,-0.203759,,,0.653810,0.796538,1.100662,3.487950
local_crowding,context_int,SEESM w/o Feasibility-Preserving Update,25,2.500,-1.219649,-0.577849,0.621249,-0.203759,-0.316927,0.000000,-0.050000,-0.060000,0.420000,pedestrian,crossing,distracted,1.931259,1.000000,1.000000,1.328973,0.728973,0.489681,0.489681,0.489681,0.489681,0.057723,0.547404,0.236681,0.728973,0.671250,0.181569,0.181569,0.000025,horizon_mpc_secbf,12,-0.000025,true,osqp,optimal,75,4.607327,0,-0.305865,accept,false,0.748341,0.049861,0.710399,-0.132806,,,0.722707,0.113939,1.172933,3.427231
local_crowding,context_int,SEESM w/o Feasibility-Preserving Update,26,2.600,-1.148609,-0.591130,0.710399,-0.132806,-0.184812,-0.006000,-0.008000,-0.060000,0.420000,pedestrian,crossing,distracted,1.569993,1.000000,1.000000,1.282808,0.682808,0.503770,0.503770,0.503770,0.503770,0.087446,0.591216,0.014089,0.682808,0.595362,0.091592,0.091592,0.000079,horizon_mpc_secbf,12,-0.000077,true,osqp,optimal,50,3.773119,0,-0.285028,accept,false,0.748063,0.053867,0.673139,-0.187859,,,0.698861,0.066476,1.242819,3.357280
local_crowding,context_int,SEESM w/o Feasibility-Preserving Update,27,2.700,-1.081295,-0.609915,0.673139,-0.187859,-0.272154,-0.012000,0.034000,-0.060000,0.420000,pedestrian,crossing,distracted,2.061219,1.000000,1.000000,1.248207,0.648207,0.484612,0.484612,0.484612,0.484612,0.000000,0.484612,0.000000,0.648207,0.696125,0.211512,0.163594,0.000000,horizon_mpc_secbf,12,0.052927,true,osqp,optimal,75,3.824797,0,-0.234201,accept,false,0.747658,0.059223,0.729918,-0.120639,,,0.739820,0.087991,1.316801,3.291573
local_crowding,context_int,SEESM w/o Feasibility-Preserving Update,28,2.800,-1.008303,-0.621979,0.729918,-0.120639,-0.163796,-0.018000,0.076000,-0.060000,0.420000,pedestrian,crossing,distracted,1.829917,1.000000,1.000000,1.211559,0.611559,0.493633,0.493633,0.493633,0.493633,0.000000,0.493633,0.009021,0.611559,0.654723,0.161090,0.117926,0.000000,horizon_mpc_secbf,12,0.041616,true,osqp,optimal,75,3.767991,0,-0.225773,accept,false,0.747319,0.063353,0.735589,-0.112198,,,0.744097,0.010169,1.391211,3.219811
local_crowding,context_int,SEESM w/o Feasibility-Preserving Update,29,2.900,-0.934745,-0.633199,0.735589,-0.112198,-0.151362,-0.024000,0.118000,-0.060000,0.420000,pedestrian,crossing,distracted,2.110308,1.000000,1.000000,1.180574,0.580574,0.482698,0.482698,0.482698,0.482698,0.000000,0.482698,0.000000,0.580574,0.688553,0.205855,0.097876,0.000000,horizon_mpc_secbf,12,0.050869,true,osqp,optimal,50,4.615190,0,-0.177064,accept,false,0.746958,0.067482,0.735594,-0.112475,,,0.744143,0.000277,1.465625,3.147511
local_crowding,context_int,SEESM w/o Feasibility-Preserving Update,30,3.000,-0.861185,-0.644447,0.735594,-0.112475,-0.151729,-0.030000,0.160000,-0.060000,0.420000,pedestrian,crossing,distracted,2.764560,1.000000,1.000000,1.156721,0.556721,0.457182,0.457182,0.457182,0.457182,0.000000,0.457182,0.000000,0.556721,0.737396,0.280213,0.099539,0.000000,horizon_mpc_secbf,12,0.075237,true,osqp,optimal,75,4.188070,0,-0.101874,accept,false,0.746554,0.071809,0.735589,-0.112420,,,0.744130,0.000055,1.540038,3.075314
local_crowding,context_int,SEESM w/o Feasibility-Preserving Update,31,3.100,-0.787626,-0.655689,0.735589,-0.112420,-0.151657,-0.036000,0.202000,-0.060000,0.420000,pedestrian,crossing,distracted,4.360690,1.000000,1.000000,1.140426,0.540426,0.409000,0.409000,0.409000,0.409000,0.000000,0.409000,0.000000,0.540426,0.790804,0.381804,0.131426,0.000000,horizon_mpc_secbf,12,0.122607,true,osqp,optimal,75,3.789335,0,0.006002,accept,false,0.746105,0.076340,0.735589,-0.110436,,,0.743832,0.001985,1.614421,3.003224
local_crowding,context_int,SEESM w/o Feasibility-Preserving Update,32,3.200,-0.714067,-0.666732,0.735589,-0.110436,-0.149019,-0.042000,0.244000,-0.060000,0.420000,pedestrian,crossing,distracted,11.665515,1.000000,1.000000,1.131860,0.531860,0.409000,0.409000,0.409000,0.409000,0.000000,0.409000,0.000000,0.531860,0.846452,0.437452,0.122860,0.000000,horizon_mpc_secbf,12,0.121986,true,osqp,optimal,75,3.969332,0,0.073923,accept,false,0.745609,0.081041,0.735586,-0.106276,,,0.743223,0.004160,1.688743,2.931230
local_crowding,context_int,SEESM w/o Feasibility-Preserving Update,33,3.300,-0.640509,-0.677360,0.735586,-0.106276,-0.143485,-0.048000,0.286000,-0.060000,0.420000,pedestrian,crossing,distracted,,0.000000,1.000000,1.130986,0.530986,0.253000,0.253000,0.253000,0.253000,0.000000,0.253000,0.000000,0.530986,0.530986,0.277986,0.277986,0.000000,horizon_mpc_secbf,12,0.284571,true,osqp,optimal,75,5.284911,0,0.304094,accept,false,0.745068,0.085867,0.735591,-0.099974,,,0.742353,0.006301,1.762979,2.859310
local_crowding,context_int,SEESM w/o Feasibility-Preserving Update,34,3.400,-0.566950,-0.687357,0.735591,-0.099974,-0.135083,-0.054000,0.328000,-0.060000,0.420000,pedestrian,crossing,distracted,,0.000000,1.000000,1.137571,0.537571,0.253000,0.253000,0.253000,0.253000,0.000000,0.253000,0.000000,0.537571,0.537571,0.284571,0.284571,0.000000,horizon_mpc_secbf,12,0.298216,true,osqp,optimal,75,5.175311,0,0.382508,accept,false,0.744487,0.090771,0.735589,-0.091650,,,0.741277,0.008324,1.837106,2.787440
local_crowding,context_int,SEESM w/o Feasibility-Preserving Update,35,3.500,-0.493391,-0.696522,0.735589,-0.091650,-0.123955,-0.060000,0.370000,-0.060000,0.420000,pedestrian,crossing,distracted,,0.000000,1.000000,1.151216,0.551216,0.253000,0.253000,0.253000,0.253000,0.000000,0.253000,0.000000,0.551216,0.551216,0.298216,0.298216,0.000000,horizon_mpc_secbf,12,0.318387,true,osqp,optimal,75,3.879912,0,0.463282,accept,false,0.743869,0.095704,0.735590,-0.081469,,,0.740087,0.010181,1.911115,2.715591
local_crowding,context_int,SEESM w/o Feasibility-Preserving Update,36,3.600,-0.419832,-0.704669,0.735590,-0.081469,-0.110304,-0.066000,0.412000,-0.060000,0.420000,pedestrian,crossing,distracted,,0.000000,1.000000,1.171387,0.571387,0.253000,0.253000,0.253000,0.253000,0.000000,0.253000,0.000000,0.571387,0.571387,0.318387,0.318387,0.000000,horizon_mpc_secbf,12,0.344465,true,osqp,optimal,75,5.388460,0,0.544819,accept,false,0.743220,0.100616,0.735590,-0.069621,,,0.738877,0.011849,1.985003,2.643730
local_crowding,context_int,SEESM w/o Feasibility-Preserving Update,37,3.700,-0.346273,-0.711631,0.735590,-0.069621,-0.094365,-0.072000,0.454000,-0.060000,0.420000,pedestrian,crossing,distracted,,0.000000,1.000000,1.197465,0.597465,0.253000,0.253000,0.253000,0.253000,0.000000,0.253000,0.000000,0.597465,0.597465,0.344465,0.344465,0.000000,horizon_mpc_secbf,12,0.375788,true,osqp,optimal,75,3.675204,0,0.625887,accept,false,0.742549,0.105460,0.735590,-0.056310,,,0.737742,0.013311,2.058777,2.571825
local_crowding,context_int,SEESM w/o Feasibility-Preserving Update,38,3.800,-0.272714,-0.717262,0.735590,-0.056310,-0.076402,-0.078000,0.496000,-0.060000,0.420000,pedestrian,crossing,distracted,,0.000000,1.000000,1.228788,0.628788,0.253000,0.253000,0.253000,0.253000,0.000000,0.253000,0.000000,0.628788,0.628788,0.375788,0.375788,0.000000,horizon_mpc_secbf,12,0.411691,true,osqp,optimal,75,3.779786,0,0.705634,accept,false,0.741862,0.110186,0.735591,-0.041750,,,0.736774,0.014560,2.132455,2.499839
local_crowding,context_int,SEESM w/o Feasibility-Preserving Update,39,3.900,-0.199155,-0.721437,0.735591,-0.041750,-0.056696,-0.084000,0.538000,-0.060000,0.420000,pedestrian,crossing,distracted,,0.000000,1.000000,1.264691,0.664691,0.253000,0.253000,0.253000,0.253000,0.000000,0.253000,0.000000,0.664691,0.664691,0.411691,0.411691,0.000000,horizon_mpc_secbf,12,0.451538,true,osqp,optimal,75,3.784023,0,0.783550,accept,false,0.741170,0.114748,0.735591,-0.026154,,,0.736055,0.015596,2.206060,2.427738
local_crowding,context_int,SEESM w/o Feasibility-Preserving Update,40,4.000,-0.125596,-0.724053,0.735591,-0.026154,-0.035540,-0.090000,0.580000,-0.060000,0.420000,pedestrian,crossing,distracted,,0.000000,1.000000,1.304538,0.704538,0.253000,0.253000,0.253000,0.253000,0.000000,0.253000,0.000000,0.704538,0.704538,0.451538,0.451538,0.000000,horizon_mpc_secbf,12,0.494743,true,osqp,optimal,75,4.876195,0,0.859396,accept,false,0.740483,0.119101,0.735591,-0.009727,,,0.735655,0.016427,2.279626,2.355485
local_crowding,context_int,SEESM w/o Feasibility-Preserving Update,41,4.100,-0.052037,-0.725025,0.735591,-0.009727,-0.013222,-0.096000,0.622000,-0.060000,0.420000,pedestrian,crossing,distracted,,0.000000,1.000000,1.347743,0.747743,0.253000,0.253000,0.253000,0.253000,0.000000,0.253000,0.000000,0.747743,0.747743,0.494743,0.494743,0.000000,horizon_mpc_secbf,12,0.540776,true,osqp,optimal,75,3.702184,0,0.933140,accept,false,0.739812,0.123199,0.735591,0.007335,,,0.735627,0.017062,2.353188,2.283049
local_crowding,context_int,SEESM w/o Feasibility-Preserving Update,42,4.200,0.021522,-0.724292,0.735591,0.007335,0.009972,-0.102000,0.664000,-0.060000,0.420000,pedestrian,crossing,distracted,,0.000000,1.000000,1.393776,0.793776,0.253000,0.253000,0.253000,0.253000,0.000000,0.253000,0.000000,0.793776,0.793776,0.540776,0.540776,0.000000,horizon_mpc_secbf,12,0.589177,true,osqp,optimal,75,3.594106,0,1.004882,accept,false,0.739169,0.126999,0.735591,0.024848,,,0.736010,0.017513,2.426789,2.210398
local_crowding,context_int,SEESM w/o Feasibility-Preserving Update,43,4.300,0.095081,-0.721807,0.735591,0.024848,0.033767,-0.108000,0.706000,-0.060000,0.420000,pedestrian,crossing,distracted,,0.000000,1.000000,1.442177,0.842177,0.253000,0.253000,0.253000,0.253000,0.000000,0.253000,0.000000,0.842177,0.842177,0.589177,0.589177,0.000000,horizon_mpc_secbf,12,0.639549,true,osqp,optimal,75,3.559464,0,1.074807,accept,false,0.738567,0.130458,0.735590,0.042641,,,0.736825,0.017793,2.500472,2.137504
local_crowding,context_int,SEESM w/o Feasibility-Preserving Update,44,4.400,0.168640,-0.717543,0.735590,0.042641,0.057904,-0.114000,0.748000,-0.060000,0.420000,pedestrian,crossing,distracted,,0.000000,1.000000,1.492549,0.892549,0.253000,0.253000,0.253000,0.253000,0.000000,0.253000,0.000000,0.892549,0.892549,0.639549,0.639549,0.000000,horizon_mpc_secbf,12,0.691556,true,osqp,optimal,75,4.653846,0,1.143147,accept,false,0.738017,0.133533,0.735591,0.060557,,,0.738079,0.017916,2.574280,2.064342
local_crowding,context_int,SEESM w/o Feasibility-Preserving Update,45,4.500,0.242200,-0.711487,0.735591,0.060557,0.082139,-0.120000,0.790000,-0.060000,0.420000,pedestrian,crossing,distracted,,0.000000,1.000000,1.544556,0.944556,0.253000,0.253000,0.253000,0.253000,0.000000,0.253000,0.000000,0.944556,0.944556,0.691556,0.691556,0.000000,horizon_mpc_secbf,12,0.744920,true,osqp,optimal,75,3.763358,0,1.210151,accept,false,0.737533,0.136178,0.735592,0.078447,,,0.739763,0.017890,2.648256,1.990893
local_crowding,context_int,SEESM w/o Feasibility-Preserving Update,46,4.600,0.315759,-0.703642,0.735592,0.078447,0.106244,-0.126000,0.832000,-0.060000,0.420000,pedestrian,crossing,distracted,,0.000000,1.000000,1.597920,0.997920,0.253000,0.253000,0.253000,0.253000,0.000000,0.253000,0.000000,0.997920,0.997920,0.744920,0.744920,0.000000,horizon_mpc_secbf,12,0.799416,true,osqp,optimal,75,3.704265,0,1.276089,accept,false,0.737130,0.138348,0.735596,0.096159,,,0.741854,0.017711,2.722442,1.917141
local_crowding,context_int,SEESM w/o Feasibility-Preserving Update,47,4.700,0.389318,-0.694026,0.735596,0.096159,0.129985,-0.132000,0.874000,-0.060000,0.420000,pedestrian,crossing,distracted,,0.000000,1.000000,1.652416,1.052416,0.253000,0.253000,0.253000,0.253000,0.000000,0.253000,0.000000,1.052416,1.052416,0.799416,0.799416,0.000000,horizon_mpc_secbf,12,0.854874,true,osqp,optimal,100,3.819005,0,1.341304,accept,false,0.736819,0.139994,0.735589,0.113456,,,0.744287,0.017298,2.796870,1.843074
local_crowding,context_int,SEESM w/o Feasibility-Preserving Update,48,4.800,0.462877,-0.682681,0.735589,0.113456,0.153033,-0.138000,0.916000,-0.060000,0.420000,pedestrian,crossing,distracted,,0.000000,1.000000,1.707874,1.107874,0.253000,0.253000,0.253000,0.253000,0.000000,0.253000,0.000000,1.107874,1.107874,0.854874,0.854874,0.000000,horizon_mpc_secbf,12,0.911234,true,osqp,optimal,100,5.008062,0,1.406773,accept,false,0.736613,0.141071,0.735588,0.129434,,,0.746889,0.015977,2.871559,1.768692
local_crowding,context_int,SEESM w/o Feasibility-Preserving Update,49,4.900,0.536436,-0.669737,0.735588,0.129434,0.174177,-0.144000,0.958000,-0.060000,0.420000,pedestrian,crossing,distracted,,0.000000,1.000000,1.764234,1.164234,0.253000,0.253000,0.253000,0.253000,0.000000,0.253000,0.000000,1.164234,1.164234,0.911234,0.911234,0.000000,horizon_mpc_secbf,12,0.968876,true,osqp,optimal,200,4.230265,0,1.476901,accept,false,0.736520,0.141559,0.735600,0.139479,,,0.748706,0.010045,2.946430,1.694012
local_crowding,context_int,SEESM w/o Feasibility-Preserving Update,50,5.000,0.609996,-0.655790,0.735600,0.139479,0.187388,-0.150000,1.000000,-0.060000,0.420000,pedestrian,crossing,distracted,,0.000000,1.000000,1.821876,1.221876,0.253000,0.253000,0.253000,0.253000,0.000000,0.253000,0.000000,1.221876,1.221876,0.968876,0.968876,0.000000,horizon_mpc_secbf,12,1.028375,true,osqp,optimal,200,4.203340,0,1.554081,accept,false,0.736503,0.141644,0.735604,0.141273,,,0.749047,0.001794,3.021334,1.619142
local_crowding,context_int,SEESM w/o Feasibility-Preserving Update,51,5.100,0.683556,-0.641662,0.735604,0.141273,0.189739,-0.156000,1.042000,-0.060000,0.420000,pedestrian,crossing,distracted,,0.000000,1.000000,1.881375,1.281375,0.253000,0.253000,0.253000,0.253000,0.000000,0.253000,0.000000,1.281375,1.281375,1.028375,1.028375,0.000000,horizon_mpc_secbf,12,1.089684,true,osqp,optimal,225,5.233127,0,1.632564,accept,false,0.736501,0.141654,0.735603,0.141588,,,0.749105,0.000316,3.096245,1.544237
local_crowding,context_int,SEESM w/o Feasibility-Preserving Update,52,5.200,0.757117,-0.627504,0.735603,0.141588,0.190154,-0.162000,1.084000,-0.060000,0.420000,pedestrian,crossing,distracted,,0.000000,1.000000,1.942684,1.342684,0.253000,0.253000,0.253000,0.253000,0.000000,0.253000,0.000000,1.342684,1.342684,1.089684,1.089684,0.000000,horizon_mpc_secbf,12,1.152657,true,osqp,optimal,225,4.658497,0,1.711335,accept,false,0.736502,0.141648,0.735606,0.141638,,,0.749118,0.000050,3.171157,1.469327
local_crowding,context_int,SEESM w/o Feasibility-Preserving Update,53,5.300,0.830677,-0.613340,0.735606,0.141638,0.190218,-0.168000,1.126000,-0.060000,0.420000,pedestrian,crossing,distracted,,0.000000,1.000000,2.005657,1.405657,0.253000,0.253000,0.253000,0.253000,0.000000,0.253000,0.000000,1.405657,1.405657,1.152657,1.152657,0.000000,horizon_mpc_secbf,12,1.217146,true,osqp,optimal,250,6.111982,0,1.790211,accept,false,0.736504,0.141640,0.735603,0.141639,,,0.749115,0.000003,3.246068,1.394415
local_crowding,context_int,SEESM w/o Feasibility-Preserving Update,54,5.400,0.904238,-0.599176,0.735603,0.141639,0.190221,-0.174000,1.168000,-0.060000,0.420000,pedestrian,crossing,distracted,,0.000000,1.000000,2.070146,1.470146,0.253000,0.253000,0.253000,0.253000,0.000000,0.253000,0.000000,1.470146,1.470146,1.217146,1.217146,0.000000,horizon_mpc_secbf,12,1.283016,true,osqp,optimal,275,6.627837,0,1.869165,accept,false,0.736506,0.141630,0.735602,0.141632,,,0.749113,0.000008,3.320980,1.319503
local_crowding,context_int,SEESM w/o Feasibility-Preserving Update,55,5.500,0.977798,-0.585013,0.735602,0.141632,0.190211,-0.180000,1.210000,-0.060000,0.420000,pedestrian,crossing,distracted,,0.000000,1.000000,2.136016,1.536016,0.253000,0.253000,0.253000,0.253000,0.000000,0.253000,0.000000,1.536016,1.536016,1.283016,1.283016,0.000000,horizon_mpc_secbf,12,1.350143,true,osqp,optimal,300,6.539214,0,1.948198,accept,false,0.736508,0.141620,0.735604,0.141622,,,0.749112,0.000010,3.395891,1.244592
local_crowding,context_int,SEESM w/o Feasibility-Preserving Update,56,5.600,1.051358,-0.570850,0.735604,0.141622,0.190198,-0.186000,1.252000,-0.060000,0.420000,pedestrian,crossing,distracted,,0.000000,1.000000,2.203143,1.603143,0.253000,0.253000,0.253000,0.253000,0.000000,0.253000,0.000000,1.603143,1.603143,1.350143,1.350143,0.000000,horizon_mpc_secbf,12,1.418414,true,osqp,optimal,325,6.973362,0,2.027309,accept,false,0.736510,0.141609,0.735593,0.141611,,,0.749100,0.000015,3.470801,1.169681
local_crowding,context_int,SEESM w/o Feasibility-Preserving Update,57,5.700,1.124917,-0.556689,0.735593,0.141611,0.190186,-0.192000,1.294000,-0.060000,0.420000,pedestrian,crossing,distracted,,0.000000,1.000000,2.271414,1.671414,0.253000,0.253000,0.253000,0.253000,0.000000,0.253000,0.000000,1.671414,1.671414,1.418414,1.418414,0.000000,horizon_mpc_secbf,12,1.487731,true,osqp,optimal,325,7.164299,0,2.106516,accept,false,0.736512,0.141598,0.735594,0.141599,,,0.749099,0.000012,3.545711,1.094771
local_crowding,context_int,SEESM w/o Feasibility-Preserving Update,58,5.800,1.198477,-0.542529,0.735594,0.141599,0.190170,-0.198000,1.336000,-0.060000,0.420000,pedestrian,crossing,distracted,,0.000000,1.000000,2.340731,1.740731,0.253000,0.253000,0.253000,0.253000,0.000000,0.253000,0.000000,1.740731,1.740731,1.487731,1.487731,0.000000,horizon_mpc_secbf,12,1.558003,true,osqp,optimal,275,6.736690,0,2.185824,accept,false,0.736515,0.141585,0.735602,0.141586,,,0.749104,0.000015,3.620621,1.019861
local_crowding,context_int,SEESM w/o Feasibility-Preserving Update,59,5.900,1.272037,-0.528371,0.735602,0.141586,0.190151,-0.204000,1.378000,-0.060000,0.420000,pedestrian,crossing,distracted,,0.000000,1.000000,2.411003,1.811003,0.253000,0.253000,0.253000,0.253000,0.000000,0.253000,0.000000,1.811003,1.811003,1.558003,1.558003,0.000000,horizon_mpc_secbf,12,1.629149,true,osqp,optimal,325,7.093223,0,2.265225,accept,false,0.736517,0.141571,0.735596,0.141573,,,0.749096,0.000014,3.695531,0.944950
local_crowding,context_int,SEESM w/o Feasibility-Preserving Update,60,6.000,1.345597,-0.514213,0.735596,0.141573,0.190136,-0.210000,1.420000,-0.060000,0.420000,pedestrian,crossing,distracted,,0.000000,1.000000,2.482149,1.882149,0.253000,0.253000,0.253000,0.253000,0.000000,0.253000,0.000000,1.882149,1.882149,1.629149,1.629149,0.000000,horizon_mpc_secbf,12,1.701096,true,osqp,optimal,325,6.608165,0,2.344735,accept,false,0.736520,0.141557,0.735596,0.141559,,,0.749093,0.000014,3.770440,0.870041
local_crowding,context_int,SEESM w/o Feasibility-Preserving Update,61,6.100,1.419156,-0.500057,0.735596,0.141559,0.190117,-0.216000,1.462000,-0.060000,0.420000,pedestrian,crossing,distracted,,0.000000,1.000000,2.554096,1.954096,0.253000,0.253000,0.253000,0.253000,0.000000,0.253000,0.000000,1.954096,1.954096,1.701096,1.701096,0.000000,horizon_mpc_secbf,12,1.773778,true,osqp,optimal,325,5.705000,0,2.424354,accept,false,0.736523,0.141540,0.735595,0.141543,,,0.749089,0.000016,3.845349,0.795132
local_crowding,context_int,SEESM w/o Feasibility-Preserving Update,62,6.200,1.492716,-0.485903,0.735595,0.141543,0.190096,-0.222000,1.504000,-0.060000,0.420000,pedestrian,crossing,distracted,,0.000000,1.000000,2.626778,2.026778,0.253000,0.253000,0.253000,0.253000,0.000000,0.253000,0.000000,2.026778,2.026778,1.773778,1.773778,0.000000,horizon_mpc_secbf,12,1.847138,true,osqp,optimal,350,5.139574,0,2.504091,accept,false,0.736527,0.141522,0.735602,0.141526,,,0.749093,0.000019,3.920258,0.720223
local_crowding,context_int,SEESM w/o Feasibility-Preserving Update,63,6.300,1.566276,-0.471751,0.735602,0.141526,0.190072,-0.228000,1.546000,-0.060000,0.420000,pedestrian,crossing,distracted,,0.000000,1.000000,2.700138,2.100138,0.253000,0.253000,0.253000,0.253000,0.000000,0.253000,0.000000,2.100138,2.100138,1.847138,1.847138,0.000000,horizon_mpc_secbf,12,1.921120,true,osqp,optimal,325,4.702125,0,2.583939,accept,false,0.736531,0.141502,0.735604,0.141506,,,0.749091,0.000020,3.995167,0.645313
local_crowding,context_int,SEESM w/o Feasibility-Preserving Update,64,6.400,1.639836,-0.457600,0.735604,0.141506,0.190045,-0.234000,1.588000,-0.060000,0.420000,pedestrian,crossing,distracted,,0.000000,1.000000,2.774120,2.174120,0.253000,0.253000,0.253000,0.253000,0.000000,0.253000,0.000000,2.174120,2.174120,1.921120,1.921120,0.000000,horizon_mpc_secbf,12,1.995677,true,osqp,optimal,325,5.654368,0,2.663900,accept,false,0.736535,0.141479,0.735602,0.141483,,,0.749085,0.000023,4.070076,0.570404
local_crowding,context_int,SEESM w/o Feasibility-Preserving Update,65,6.500,1.713397,-0.443452,0.735602,0.141483,0.190016,-0.240000,1.630000,-0.060000,0.420000,pedestrian,crossing,distracted,,0.000000,1.000000,2.848677,2.248677,0.253000,0.253000,0.253000,0.253000,0.000000,0.253000,0.000000,2.248677,2.248677,1.995677,1.995677,0.000000,horizon_mpc_secbf,12,2.070765,true,osqp,optimal,300,5.159209,0,2.743981,accept,false,0.736540,0.141452,0.735605,0.141457,,,0.749082,0.000026,4.144984,0.495496
local_crowding,context_int,SEESM w/o Feasibility-Preserving Update,66,6.600,1.786957,-0.429306,0.735605,0.141457,0.189981,-0.246000,1.672000,-0.060000,0.420000,pedestrian,crossing,distracted,,0.000000,1.000000,2.923765,2.323765,0.253000,0.253000,0.253000,0.253000,0.000000,0.253000,0.000000,2.323765,2.323765,2.070765,2.070765,0.000000,horizon_mpc_secbf,12,2.146344,true,osqp,optimal,300,4.920763,0,2.824175,accept,false,0.736546,0.141420,0.735602,0.141426,,,0.749074,0.000031,4.219891,0.420588
local_crowding,context_int,SEESM w/o Feasibility-Preserving Update,67,6.700,1.860517,-0.415163,0.735602,0.141426,0.189942,-0.252000,1.714000,-0.060000,0.420000,pedestrian,crossing,distracted,,0.000000,1.000000,2.999344,2.399344,0.253000,0.253000,0.253000,0.253000,0.000000,0.253000,0.000000,2.399344,2.399344,2.146344,2.146344,0.000000,horizon_mpc_secbf,12,2.222380,true,osqp,optimal,275,6.006950,0,2.904490,accept,false,0.736554,0.141381,0.735606,0.141388,,,0.749071,0.000038,4.294798,0.345680
local_crowding,context_int,SEESM w/o Feasibility-Preserving Update,68,6.800,1.934078,-0.401025,0.735606,0.141388,0.189891,-0.258000,1.756000,-0.060000,0.420000,pedestrian,crossing,distracted,,0.000000,1.000000,3.075380,2.475380,0.253000,0.253000,0.253000,0.253000,0.000000,0.253000,0.000000,2.475380,2.475380,2.222380,2.222380,0.000000,horizon_mpc_secbf,12,2.298839,true,osqp,optimal,275,5.891947,0,2.984921,accept,false,0.736564,0.141330,0.735604,0.141340,,,0.749060,0.000048,4.369704,0.270773
local_crowding,context_int,SEESM w/o Feasibility-Preserving Update,69,6.900,2.007638,-0.386891,0.735604,0.141340,0.189828,-0.264000,1.798000,-0.060000,0.420000,pedestrian,crossing,distracted,,0.000000,1.000000,3.151839,2.551839,0.253000,0.253000,0.253000,0.253000,0.000000,0.253000,0.000000,2.551839,2.551839,2.298839,2.298839,0.000000,horizon_mpc_secbf,12,2.375693,true,osqp,optimal,275,6.518764,0,3.065474,accept,false,0.736577,0.141258,0.735603,0.141272,,,0.749045,0.000068,4.444609,0.195867
local_crowding,context_int,SEESM w/o Feasibility-Preserving Update,70,7.000,2.081199,-0.372763,0.735603,0.141272,0.189740,-0.270000,1.840000,-0.060000,0.420000,pedestrian,crossing,distracted,,0.000000,1.000000,3.228693,2.628693,0.253000,0.253000,0.253000,0.253000,0.000000,0.253000,0.000000,2.628693,2.628693,2.375693,2.375693,0.000000,horizon_mpc_secbf,12,2.452917,true,osqp,optimal,275,6.633042,0,3.146166,accept,false,0.736600,0.141138,0.735601,0.141161,,,0.749023,0.000111,4.519511,0.120963
local_crowding,context_int,SEESM w/o Feasibility-Preserving Update,71,7.100,2.154759,-0.358647,0.735601,0.141161,0.189594,-0.276000,1.882000,-0.060000,0.420000,pedestrian,crossing,distracted,,0.000000,1.000000,3.305917,2.705917,0.253000,0.253000,0.253000,0.253000,0.000000,0.253000,0.000000,2.705917,2.705917,2.452917,2.452917,0.000001,horizon_mpc_secbf,12,2.516165,true,osqp,optimal,75,5.142973,0,3.085103,accept,false,0.452413,0.086471,0.501001,0.095855,,,0.510088,0.238935,4.570520,0.046060
local_crowding,context_int,SEESM w/o Feasibility-Preserving Update,72,7.200,2.204859,-0.349062,0.501001,0.095855,0.189042,-0.282000,1.924000,-0.060000,0.420000,pedestrian,crossing,distracted,,0.000000,1.000000,3.369165,2.769165,0.253000,0.253000,0.253000,0.253000,0.000000,0.253000,0.000000,2.769165,2.769165,2.516165,2.516165,0.000000,horizon_mpc_secbf,12,2.549049,true,osqp,optimal,100,5.724812,0,2.843935,accept,false,-0.048587,-0.009383,0.000028,-0.000151,,,0.000154,0.510089,4.570535,0.004949
local_crowding,context_int,SEESM w/o Feasibility-Preserving Update,73,7.300,2.204862,-0.349077,0.000028,-0.000151,-1.389554,-0.288000,1.966000,-0.060000,0.420000,pedestrian,crossing,distracted,,0.000000,1.000000,3.402049,2.802049,0.253000,0.253000,0.253000,0.253000,0.000000,0.253000,0.000000,2.802049,2.802049,2.549049,2.549049,0.000000,horizon_mpc_secbf,12,2.579729,true,osqp,optimal,75,5.553662,0,2.854537,accept,false,-0.048615,-0.009232,-0.040269,-0.007674,,,0.040994,0.040993,4.574635,0.004948
local_crowding,context_int,SEESM w/o Feasibility-Preserving Update,74,7.400,2.200835,-0.349844,-0.040269,-0.007674,-2.953280,-0.294000,2.008000,-0.060000,0.420000,pedestrian,crossing,distracted,,0.000000,1.000000,3.432729,2.832729,0.253000,0.253000,0.253000,0.253000,0.000000,0.253000,0.000000,2.832729,2.832729,2.579729,2.579729,0.000000,horizon_mpc_secbf,12,2.612222,true,osqp,optimal,75,5.434157,0,2.903567,accept,false,-0.008346,-0.001558,-0.013823,-0.002607,,,0.014067,0.026927,4.576042,0.000849
local_crowding,context_int,SEESM w/o Feasibility-Preserving Update,75,7.500,2.199452,-0.350105,-0.013823,-0.002607,-2.955152,-0.300000,2.050000,-0.060000,0.420000,pedestrian,crossing,distracted,,0.000000,1.000000,3.465222,2.865222,0.253000,0.253000,0.253000,0.253000,0.000000,0.253000,0.000000,2.865222,2.865222,2.612222,2.612222,0.000000,horizon_mpc_secbf,12,2.645864,true,osqp,optimal,75,5.596325,0,2.947673,accept,false,0.005477,0.001049,0.002166,0.000422,,,0.002207,0.016273,4.576262,0.000558
local_crowding,context_int,SEESM w/o Feasibility-Preserving Update,76,7.600,2.199669,-0.350063,0.002166,0.000422,0.192410,-0.306000,2.092000,-0.060000,0.420000,pedestrian,crossing,distracted,,0.000000,1.000000,3.498864,2.898864,0.253000,0.253000,0.253000,0.253000,0.000000,0.253000,0.000000,2.898864,2.898864,2.645864,2.645864,0.000000,horizon_mpc_secbf,12,2.679749,true,osqp,optimal,75,5.487295,0,2.983792,accept,false,0.003311,0.000627,0.003115,0.000592,,,0.003171,0.000964,4.576579,0.000337
local_crowding,context_int,SEESM w/o Feasibility-Preserving Update,77,7.700,2.199980,-0.350004,0.003115,0.000592,0.187866,-0.312000,2.134000,-0.060000,0.420000,pedestrian,crossing,distracted,,0.000000,1.000000,3.532749,2.932749,0.253000,0.253000,0.253000,0.253000,0.000000,0.253000,0.000000,2.932749,2.932749,2.679749,2.679749,0.000000,horizon_mpc_secbf,12,2.713679,true,osqp,optimal,50,5.139410,0,3.018132,accept,false,0.000197,0.000035,0.000696,0.000132,,,0.000708,0.002462,4.576650,0.000020
local_crowding,context_int,SEESM w/o Feasibility-Preserving Update,78,7.800,2.200050,-0.349990,0.000696,0.000132,0.187537,-0.318000,2.176000,-0.060000,0.420000,pedestrian,crossing,distracted,,0.000000,1.000000,3.566679,2.966679,0.253000,0.253000,0.253000,0.253000,0.000000,0.253000,0.000000,2.966679,2.966679,2.713679,2.713679,0.000000,horizon_mpc_secbf,12,2.747734,true,osqp,optimal,50,4.962190,0,3.053327,accept,false,-0.000500,-0.000097,-0.000293,-0.000060,,,0.000299,0.001007,4.576680,0.000051
local_crowding,context_int,SEESM w/o Feasibility-Preserving Update,79,7.900,2.200021,-0.349996,-0.000293,-0.000060,-2.940508,-0.324000,2.218000,-0.060000,0.420000,pedestrian,crossing,distracted,,0.000000,1.000000,3.600734,3.000734,0.253000,0.253000,0.253000,0.253000,0.000000,0.253000,0.000000,3.000734,3.000734,2.747734,2.747734,0.000000,horizon_mpc_secbf,12,2.781968,true,osqp,optimal,50,3.576613,0,3.089206,accept,false,-0.000207,-0.000037,-0.000221,-0.000042,,,0.000225,0.000074,4.576702,0.000021
local_crowding,context_int,SEESM w/o Feasibility-Preserving Update,80,8.000,2.199999,-0.350000,-0.000221,-0.000042,-2.953874,-0.330000,2.260000,-0.060000,0.420000,pedestrian,crossing,distracted,,0.000000,1.000000,3.634968,3.034968,0.253000,0.253000,0.253000,0.253000,0.000000,0.253000,0.000000,3.034968,3.034968,2.781968,2.781968,0.000000,horizon_mpc_secbf,12,2.816386,true,osqp,optimal,25,3.328909,0,3.125295,accept,false,0.000014,0.000005,-0.000002,0.000006,,,0.000006,0.000224,4.576703,0.000001
local_crowding,context_int,SEESM w/o Feasibility-Preserving Update,81,8.100,2.199998,-0.350000,-0.000002,0.000006,1.907108,-0.336000,2.302000,-0.060000,0.420000,pedestrian,crossing,distracted,,0.000000,1.000000,3.669386,3.069386,0.253000,0.253000,0.253000,0.253000,0.000000,0.253000,0.000000,3.069386,3.069386,2.816386,2.816386,0.000000,horizon_mpc_secbf,12,2.850970,true,osqp,optimal,25,3.334430,0,3.161410,accept,false,0.000016,-0.000001,0.000012,0.000001,,,0.000012,0.000015,4.576704,0.000002
local_crowding,context_int,SEESM w/o Feasibility-Preserving Update,82,8.200,2.200000,-0.350000,0.000012,0.000001,0.088570,-0.342000,2.344000,-0.060000,0.420000,pedestrian,crossing,distracted,,0.000000,1.000000,3.703970,3.103970,0.253000,0.253000,0.253000,0.253000,0.000000,0.253000,0.000000,3.103970,3.103970,2.850970,2.850970,0.000000,horizon_mpc_secbf,12,2.885716,true,osqp,optimal,25,4.604313,0,3.197630,accept,false,0.000004,-0.000002,0.000005,-0.000001,,,0.000005,0.000007,4.576705,0.000000
local_crowding,context_int,SEESM w/o Feasibility-Preserving Update,83,8.300,2.200000,-0.350000,0.000005,-0.000001,-0.222157,-0.348000,2.386000,-0.060000,0.420000,pedestrian,crossing,distracted,,0.000000,1.000000,3.738716,3.138716,0.253000,0.253000,0.253000,0.253000,0.000000,0.253000,0.000000,3.138716,3.138716,2.885716,2.885716,0.000000,horizon_mpc_secbf,12,2.920619,true,osqp,optimal,25,3.735897,0,3.233965,accept,false,-0.000001,-0.000001,-0.000000,-0.000001,,,0.000001,0.000005,4.576705,0.000000
local_crowding,context_int,SEESM w/o Feasibility-Preserving Update,84,8.400,2.200000,-0.350000,-0.000000,-0.000001,-1.691363,-0.354000,2.428000,-0.060000,0.420000,pedestrian,crossing,distracted,,0.000000,1.000000,3.773619,3.173619,0.253000,0.253000,0.253000,0.253000,0.000000,0.253000,0.000000,3.173619,3.173619,2.920619,2.920619,0.000000,horizon_mpc_secbf,12,2.955674,true,osqp,optimal,25,3.377033,0,3.270415,accept,false,-0.000001,0.000000,-0.000001,-0.000000,,,0.000001,0.000001,4.576705,0.000000
local_crowding,context_int,SEESM w/o Feasibility-Preserving Update,85,8.500,2.200000,-0.350000,-0.000001,-0.000000,-2.951626,-0.360000,2.470000,-0.060000,0.420000,pedestrian,crossing,distracted,,0.000000,1.000000,3.808674,3.208674,0.253000,0.253000,0.253000,0.253000,0.000000,0.253000,0.000000,3.208674,3.208674,2.955674,2.955674,0.000000,horizon_mpc_secbf,12,2.990878,true,osqp,optimal,25,3.398749,0,3.306977,accept,false,-0.000000,0.000000,-0.000000,0.000000,,,0.000000,0.000001,4.576705,0.000000
local_crowding,context_int,SEESM w/o Feasibility-Preserving Update,86,8.600,2.200000,-0.350000,-0.000000,0.000000,2.743911,-0.366000,2.512000,-0.060000,0.420000,pedestrian,crossing,distracted,,0.000000,1.000000,3.843878,3.243878,0.253000,0.253000,0.253000,0.253000,0.000000,0.253000,0.000000,3.243878,3.243878,2.990878,2.990878,0.000000,horizon_mpc_secbf,12,3.026227,true,osqp,optimal,25,3.941631,0,3.343647,accept,false,0.000000,0.000000,0.000000,0.000000,,,0.000000,0.000000,4.576705,0.000000
local_crowding,context_int,SEESM w/o Feasibility-Preserving Update,87,8.700,2.200000,-0.350000,0.000000,0.000000,1.296238,-0.372000,2.554000,-0.060000,0.420000,pedestrian,crossing,distracted,,0.000000,1.000000,3.879227,3.279227,0.253000,0.253000,0.253000,0.253000,0.000000,0.253000,0.000000,3.279227,3.279227,3.026227,3.026227,0.000000,horizon_mpc_secbf,12,3.061716,true,osqp,optimal,25,4.028381,0,3.380421,accept,false,0.000000,-0.000000,0.000000,0.000000,,,0.000000,0.000000,4.576705,0.000000
local_crowding,context_int,SEESM w/o Feasibility-Preserving Update,88,8.800,2.200000,-0.350000,0.000000,0.000000,0.252792,-0.378000,2.596000,-0.060000,0.420000,pedestrian,crossing,distracted,,0.000000,1.000000,3.914716,3.314716,0.253000,0.253000,0.253000,0.253000,0.000000,0.253000,0.000000,3.314716,3.314716,3.061716,3.061716,0.000000,horizon_mpc_secbf,12,3.097342,true,osqp,optimal,25,3.656344,0,3.417297,accept,false,0.000000,-0.000000,0.000000,-0.000000,,,0.000000,0.000000,4.576705,0.000000
local_crowding,context_int,SEESM w/o Feasibility-Preserving Update,89,8.900,2.200000,-0.350000,0.000000,-0.000000,-0.652784,-0.384000,2.638000,-0.060000,0.420000,pedestrian,crossing,distracted,,0.000000,1.000000,3.950342,3.350342,0.253000,0.253000,0.253000,0.253000,0.000000,0.253000,0.000000,3.350342,3.350342,3.097342,3.097342,0.000000,horizon_mpc_secbf,12,3.133101,true,osqp,optimal,25,4.630085,0,3.454273,accept,false,0.000000,0.000000,0.000000,-0.000000,,,0.000000,0.000000,4.576705,0.000000
local_crowding,context_int,SEESM w/o Feasibility-Preserving Update,90,9.000,2.200000,-0.350000,0.000000,-0.000000,-0.650771,-0.390000,2.680000,-0.060000,0.420000,pedestrian,crossing,distracted,,0.000000,1.000000,3.986101,3.386101,0.253000,0.253000,0.253000,0.253000,0.000000,0.253000,0.000000,3.386101,3.386101,3.133101,3.133101,0.000000,horizon_mpc_secbf,12,3.168990,true,osqp,optimal,25,4.764205,0,3.491346,accept,false,-0.000000,-0.000000,-0.000000,-0.000000,,,0.000000,0.000000,4.576705,0.000000
local_crowding,context_int,SEESM w/o Feasibility-Preserving Update,91,9.100,2.200000,-0.350000,-0.000000,-0.000000,-2.557200,-0.396000,2.722000,-0.060000,0.420000,pedestrian,crossing,distracted,,0.000000,1.000000,4.021990,3.421990,0.253000,0.253000,0.253000,0.253000,0.000000,0.253000,0.000000,3.421990,3.421990,3.168990,3.168990,0.000000,horizon_mpc_secbf,12,3.205004,true,osqp,optimal,25,4.201154,0,3.528513,accept,false,0.000000,0.000000,-0.000000,-0.000000,,,0.000000,0.000000,4.576705,0.000000
local_crowding,context_int,SEESM w/o Feasibility-Preserving Update,92,9.200,2.200000,-0.350000,-0.000000,-0.000000,-2.557200,-0.402000,2.764000,-0.060000,0.420000,pedestrian,crossing,distracted,,0.000000,1.000000,4.058004,3.458004,0.253000,0.253000,0.253000,0.253000,0.000000,0.253000,0.000000,3.458004,3.458004,3.205004,3.205004,0.000000,horizon_mpc_secbf,12,3.241142,true,osqp,optimal,25,3.591496,0,3.565773,accept,false,0.000000,0.000000,0.000000,-0.000000,,,0.000000,0.000000,4.576705,0.000000
local_crowding,context_int,SEESM w/o Feasibility-Preserving Update,93,9.300,2.200000,-0.350000,0.000000,-0.000000,-2.557200,-0.408000,2.806000,-0.060000,0.420000,pedestrian,crossing,distracted,,0.000000,1.000000,4.094142,3.494142,0.253000,0.253000,0.253000,0.253000,0.000000,0.253000,0.000000,3.494142,3.494142,3.241142,3.241142,0.000000,horizon_mpc_secbf,12,3.277399,true,osqp,optimal,25,3.650839,0,3.603123,accept,false,0.000000,0.000000,0.000000,-0.000000,,,0.000000,0.000000,4.576705,0.000000
local_crowding,context_int,SEESM w/o Feasibility-Preserving Update,94,9.400,2.200000,-0.350000,0.000000,-0.000000,-2.557200,-0.414000,2.848000,-0.060000,0.420000,pedestrian,crossing,distracted,,0.000000,1.000000,4.130399,3.530399,0.253000,0.253000,0.253000,0.253000,0.000000,0.253000,0.000000,3.530399,3.530399,3.277399,3.277399,0.000000,horizon_mpc_secbf,12,3.313773,true,osqp,optimal,25,4.983291,0,3.640560,accept,false,0.000000,0.000000,0.000000,-0.000000,,,0.000000,0.000000,4.576705,0.000000
local_crowding,context_int,SEESM w/o Feasibility-Preserving Update,95,9.500,2.200000,-0.350000,0.000000,-0.000000,-2.557200,-0.420000,2.890000,-0.060000,0.420000,pedestrian,crossing,distracted,,0.000000,1.000000,4.166773,3.566773,0.253000,0.253000,0.253000,0.253000,0.000000,0.253000,0.000000,3.566773,3.566773,3.313773,3.313773,0.000000,horizon_mpc_secbf,12,3.350261,true,osqp,optimal,25,3.498519,0,3.678084,accept,false,0.000000,0.000000,0.000000,-0.000000,,,0.000000,0.000000,4.576705,0.000000
local_crowding,context_int,SEESM w/o Feasibility-Preserving Update,96,9.600,2.200000,-0.350000,0.000000,-0.000000,-2.557200,-0.426000,2.932000,-0.060000,0.420000,pedestrian,crossing,distracted,,0.000000,1.000000,4.203261,3.603261,0.253000,0.253000,0.253000,0.253000,0.000000,0.253000,0.000000,3.603261,3.603261,3.350261,3.350261,0.000000,horizon_mpc_secbf,12,3.386858,true,osqp,optimal,25,3.821971,0,3.715691,accept,false,0.000000,0.000000,0.000000,-0.000000,,,0.000000,0.000000,4.576705,0.000000
local_crowding,context_int,SEESM w/o Feasibility-Preserving Update,97,9.700,2.200000,-0.350000,0.000000,-0.000000,-2.557200,-0.432000,2.974000,-0.060000,0.420000,pedestrian,crossing,distracted,,0.000000,1.000000,4.239858,3.639858,0.253000,0.253000,0.253000,0.253000,0.000000,0.253000,0.000000,3.639858,3.639858,3.386858,3.386858,0.000000,horizon_mpc_secbf,12,3.423564,true,osqp,optimal,25,3.520808,0,3.753380,accept,false,0.000000,0.000000,0.000000,-0.000000,,,0.000000,0.000000,4.576705,0.000000
local_crowding,context_int,SEESM w/o Feasibility-Preserving Update,98,9.800,2.200000,-0.350000,0.000000,-0.000000,-2.557200,-0.438000,3.016000,-0.060000,0.420000,pedestrian,crossing,distracted,,0.000000,1.000000,4.276564,3.676564,0.253000,0.253000,0.253000,0.253000,0.000000,0.253000,0.000000,3.676564,3.676564,3.423564,3.423564,0.000000,horizon_mpc_secbf,12,3.460375,true,osqp,optimal,25,4.813560,0,3.791149,accept,false,0.000000,0.000000,0.000000,-0.000000,,,0.000000,0.000000,4.576705,0.000000
local_crowding,context_int,SEESM w/o Feasibility-Preserving Update,99,9.900,2.200000,-0.350000,0.000000,-0.000000,-2.557200,-0.444000,3.058000,-0.060000,0.420000,pedestrian,crossing,distracted,,0.000000,1.000000,4.313375,3.713375,0.253000,0.253000,0.253000,0.253000,0.000000,0.253000,0.000000,3.713375,3.713375,3.460375,3.460375,0.000000,horizon_mpc_secbf,12,3.497287,true,osqp,optimal,25,3.489808,0,3.828995,accept,false,0.000000,0.000000,0.000000,-0.000000,,,0.000000,0.000000,4.576705,0.000000
local_crowding,context_int,SEESM w/o Feasibility-Preserving Update,100,10.000,2.200000,-0.350000,0.000000,-0.000000,-2.557200,-0.450000,3.100000,-0.060000,0.420000,pedestrian,crossing,distracted,,0.000000,1.000000,4.350287,3.750287,0.253000,0.253000,0.253000,0.253000,0.000000,0.253000,0.000000,3.750287,3.750287,3.497287,3.497287,0.000000,horizon_mpc_secbf,12,3.534300,true,osqp,optimal,25,3.506001,0,3.866918,accept,false,0.000000,0.000000,0.000000,-0.000000,,,0.000000,0.000000,4.576705,0.000000
local_crowding,context_int,SEESM w/o Feasibility-Preserving Update,101,10.100,2.200000,-0.350000,0.000000,-0.000000,-2.557200,-0.456000,3.142000,-0.060000,0.420000,pedestrian,crossing,distracted,,0.000000,1.000000,4.387300,3.787300,0.253000,0.253000,0.253000,0.253000,0.000000,0.253000,0.000000,3.787300,3.787300,3.534300,3.534300,0.000000,horizon_mpc_secbf,12,3.571410,true,osqp,optimal,25,4.000374,0,3.904915,accept,false,0.000000,0.000000,0.000000,-0.000000,,,0.000000,0.000000,4.576705,0.000000
local_crowding,context_int,SEESM w/o Feasibility-Preserving Update,102,10.200,2.200000,-0.350000,0.000000,-0.000000,-2.557200,-0.462000,3.184000,-0.060000,0.420000,pedestrian,crossing,distracted,,0.000000,1.000000,4.424410,3.824410,0.253000,0.253000,0.253000,0.253000,0.000000,0.253000,0.000000,3.824410,3.824410,3.571410,3.571410,0.000000,horizon_mpc_secbf,12,3.608614,true,osqp,optimal,25,4.779340,0,3.942985,accept,false,0.000000,0.000000,0.000000,-0.000000,,,0.000000,0.000000,4.576705,0.000000
local_crowding,context_int,SEESM w/o Feasibility-Preserving Update,103,10.300,2.200000,-0.350000,0.000000,-0.000000,-2.557200,-0.468000,3.226000,-0.060000,0.420000,pedestrian,crossing,distracted,,0.000000,1.000000,4.461614,3.861614,0.253000,0.253000,0.253000,0.253000,0.000000,0.253000,0.000000,3.861614,3.861614,3.608614,3.608614,0.000000,horizon_mpc_secbf,12,3.645911,true,osqp,optimal,25,3.936083,0,3.981125,accept,false,0.000000,0.000000,0.000000,-0.000000,,,0.000000,0.000000,4.576705,0.000000
local_crowding,context_int,SEESM w/o Feasibility-Preserving Update,104,10.400,2.200000,-0.350000,0.000000,-0.000000,-2.557200,-0.474000,3.268000,-0.060000,0.420000,pedestrian,crossing,distracted,,0.000000,1.000000,4.498911,3.898911,0.253000,0.253000,0.253000,0.253000,0.000000,0.253000,0.000000,3.898911,3.898911,3.645911,3.645911,0.000000,horizon_mpc_secbf,12,3.683298,true,osqp,optimal,25,3.463814,0,4.019335,accept,false,0.000000,0.000000,0.000000,-0.000000,,,0.000000,0.000000,4.576705,0.000000
local_crowding,context_int,SEESM w/o Feasibility-Preserving Update,105,10.500,2.200000,-0.350000,0.000000,-0.000000,-2.557200,-0.480000,3.310000,-0.060000,0.420000,pedestrian,crossing,distracted,,0.000000,1.000000,4.536298,3.936298,0.253000,0.253000,0.253000,0.253000,0.000000,0.253000,0.000000,3.936298,3.936298,3.683298,3.683298,0.000000,horizon_mpc_secbf,12,3.720773,true,osqp,optimal,25,3.420768,0,4.057612,accept,false,0.000000,0.000000,0.000000,-0.000000,,,0.000000,0.000000,4.576705,0.000000
local_crowding,context_int,SEESM w/o Feasibility-Preserving Update,106,10.600,2.200000,-0.350000,0.000000,-0.000000,-2.557200,-0.486000,3.352000,-0.060000,0.420000,pedestrian,crossing,distracted,,0.000000,1.000000,4.573773,3.973773,0.253000,0.253000,0.253000,0.253000,0.000000,0.253000,0.000000,3.973773,3.973773,3.720773,3.720773,0.000000,horizon_mpc_secbf,12,3.758334,true,osqp,optimal,25,4.890624,0,4.095956,accept,false,0.000000,0.000000,0.000000,-0.000000,,,0.000000,0.000000,4.576705,0.000000
local_crowding,context_int,SEESM w/o Feasibility-Preserving Update,107,10.700,2.200000,-0.350000,0.000000,-0.000000,-2.557200,-0.492000,3.394000,-0.060000,0.420000,pedestrian,crossing,distracted,,0.000000,1.000000,4.611334,4.011334,0.253000,0.253000,0.253000,0.253000,0.000000,0.253000,0.000000,4.011334,4.011334,3.758334,3.758334,0.000000,horizon_mpc_secbf,12,3.795978,true,osqp,optimal,25,3.570690,0,4.134364,accept,false,0.000000,0.000000,0.000000,-0.000000,,,0.000000,0.000000,4.576705,0.000000
local_crowding,context_int,SEESM w/o Feasibility-Preserving Update,108,10.800,2.200000,-0.350000,0.000000,-0.000000,-2.557200,-0.498000,3.436000,-0.060000,0.420000,pedestrian,crossing,distracted,,0.000000,1.000000,4.648978,4.048978,0.253000,0.253000,0.253000,0.253000,0.000000,0.253000,0.000000,4.048978,4.048978,3.795978,3.795978,0.000000,horizon_mpc_secbf,12,3.833705,true,osqp,optimal,25,3.785653,0,4.172835,accept,false,0.000000,0.000000,0.000000,-0.000000,,,0.000000,0.000000,4.576705,0.000000
local_crowding,context_int,SEESM w/o Feasibility-Preserving Update,109,10.900,2.200000,-0.350000,0.000000,-0.000000,-2.557200,-0.504000,3.478000,-0.060000,0.420000,pedestrian,crossing,distracted,,0.000000,1.000000,4.686705,4.086705,0.253000,0.253000,0.253000,0.253000,0.000000,0.253000,0.000000,4.086705,4.086705,3.833705,3.833705,0.000000,horizon_mpc_secbf,12,3.871511,true,osqp,optimal,25,3.573153,0,4.211369,accept,false,0.000000,0.000000,0.000000,-0.000000,,,0.000000,0.000000,4.576705,0.000000
local_crowding,context_int,SEESM w/o Feasibility-Preserving Update,110,11.000,2.200000,-0.350000,0.000000,-0.000000,-2.557200,-0.510000,3.520000,-0.060000,0.420000,pedestrian,crossing,distracted,,0.000000,1.000000,4.724511,4.124511,0.253000,0.253000,0.253000,0.253000,0.000000,0.253000,0.000000,4.124511,4.124511,3.871511,3.871511,0.000000,horizon_mpc_secbf,12,3.909394,true,osqp,optimal,25,4.613104,0,4.249962,accept,false,0.000000,0.000000,0.000000,-0.000000,,,0.000000,0.000000,4.576705,0.000000
local_crowding,context_int,SEESM w/o Feasibility-Preserving Update,111,11.100,2.200000,-0.350000,0.000000,-0.000000,-2.557200,-0.516000,3.562000,-0.060000,0.420000,pedestrian,crossing,distracted,,0.000000,1.000000,4.762394,4.162394,0.253000,0.253000,0.253000,0.253000,0.000000,0.253000,0.000000,4.162394,4.162394,3.909394,3.909394,0.000000,horizon_mpc_secbf,12,3.947354,true,osqp,optimal,25,3.556406,0,4.288615,accept,false,0.000000,0.000000,0.000000,-0.000000,,,0.000000,0.000000,4.576705,0.000000
local_crowding,context_int,SEESM w/o Feasibility-Preserving Update,112,11.200,2.200000,-0.350000,0.000000,-0.000000,-2.557200,-0.522000,3.604000,-0.060000,0.420000,pedestrian,crossing,distracted,,0.000000,1.000000,4.800354,4.200354,0.253000,0.253000,0.253000,0.253000,0.000000,0.253000,0.000000,4.200354,4.200354,3.947354,3.947354,0.000000,horizon_mpc_secbf,12,3.985388,true,osqp,optimal,25,4.920420,0,4.327326,accept,false,0.000000,0.000000,0.000000,-0.000000,,,0.000000,0.000000,4.576705,0.000000
local_crowding,context_int,SEESM w/o Feasibility-Preserving Update,113,11.300,2.200000,-0.350000,0.000000,-0.000000,-2.557200,-0.528000,3.646000,-0.060000,0.420000,pedestrian,crossing,distracted,,0.000000,1.000000,4.838388,4.238388,0.253000,0.253000,0.253000,0.253000,0.000000,0.253000,0.000000,4.238388,4.238388,3.985388,3.985388,0.000000,horizon_mpc_secbf,12,4.023495,true,osqp,optimal,25,5.007432,0,4.366093,accept,false,0.000000,0.000000,0.000000,-0.000000,,,0.000000,0.000000,4.576705,0.000000
local_crowding,context_int,SEESM w/o Feasibility-Preserving Update,114,11.400,2.200000,-0.350000,0.000000,-0.000000,-2.557200,-0.534000,3.688000,-0.060000,0.420000,pedestrian,crossing,distracted,,0.000000,1.000000,4.876495,4.276495,0.253000,0.253000,0.253000,0.253000,0.000000,0.253000,0.000000,4.276495,4.276495,4.023495,4.023495,0.000000,horizon_mpc_secbf,12,4.061672,true,osqp,optimal,25,4.936033,0,4.404916,accept,false,0.000000,0.000000,0.000000,-0.000000,,,0.000000,0.000000,4.576705,0.000000
local_crowding,context_int,SEESM w/o Feasibility-Preserving Update,115,11.500,2.200000,-0.350000,0.000000,-0.000000,-2.557200,-0.540000,3.730000,-0.060000,0.420000,pedestrian,crossing,distracted,,0.000000,1.000000,4.914672,4.314672,0.253000,0.253000,0.253000,0.253000,0.000000,0.253000,0.000000,4.314672,4.314672,4.061672,4.061672,0.000000,horizon_mpc_secbf,12,4.099918,true,osqp,optimal,25,4.691106,0,4.443793,accept,false,0.000000,0.000000,0.000000,-0.000000,,,0.000000,0.000000,4.576705,0.000000
local_crowding,context_int,SEESM w/o Feasibility-Preserving Update,116,11.600,2.200000,-0.350000,0.000000,-0.000000,-2.557200,-0.546000,3.772000,-0.060000,0.420000,pedestrian,crossing,distracted,,0.000000,1.000000,4.952918,4.352918,0.253000,0.253000,0.253000,0.253000,0.000000,0.253000,0.000000,4.352918,4.352918,4.099918,4.099918,0.000000,horizon_mpc_secbf,12,4.138232,true,osqp,optimal,25,5.275259,0,4.482723,accept,false,0.000000,0.000000,0.000000,-0.000000,,,0.000000,0.000000,4.576705,0.000000
local_crowding,context_int,SEESM w/o Feasibility-Preserving Update,117,11.700,2.200000,-0.350000,0.000000,-0.000000,-2.557200,-0.552000,3.814000,-0.060000,0.420000,pedestrian,crossing,distracted,,0.000000,1.000000,4.991232,4.391232,0.253000,0.253000,0.253000,0.253000,0.000000,0.253000,0.000000,4.391232,4.391232,4.138232,4.138232,0.000000,horizon_mpc_secbf,12,4.176612,true,osqp,optimal,25,5.402620,0,4.521705,accept,false,0.000000,0.000000,0.000000,-0.000000,,,0.000000,0.000000,4.576705,0.000000
local_crowding,context_int,SEESM w/o Feasibility-Preserving Update,118,11.800,2.200000,-0.350000,0.000000,-0.000000,-2.557200,-0.558000,3.856000,-0.060000,0.420000,pedestrian,crossing,distracted,,0.000000,1.000000,5.029612,4.429612,0.253000,0.253000,0.253000,0.253000,0.000000,0.253000,0.000000,4.429612,4.429612,4.176612,4.176612,0.000000,horizon_mpc_secbf,12,4.215057,true,osqp,optimal,25,5.048196,0,4.560737,accept,false,0.000000,0.000000,0.000000,-0.000000,,,0.000000,0.000000,4.576705,0.000000
local_crowding,context_int,SEESM w/o Feasibility-Preserving Update,119,11.900,2.200000,-0.350000,0.000000,-0.000000,-2.557200,-0.564000,3.898000,-0.060000,0.420000,pedestrian,crossing,distracted,,0.000000,1.000000,5.068057,4.468057,0.253000,0.253000,0.253000,0.253000,0.000000,0.253000,0.000000,4.468057,4.468057,4.215057,4.215057,0.000000,horizon_mpc_secbf,12,4.253564,true,osqp,optimal,25,5.245624,0,4.599820,accept,false,0.000000,0.000000,0.000000,-0.000000,,,0.000000,0.000000,4.576705,0.000000
local_crowding,context_int,Proposed MPC-SECBF,0,0.000,-2.200000,-0.350000,0.000000,0.000000,0.000000,0.150000,-1.100000,-0.060000,0.420000,pedestrian,walking,unknown,10.098536,1.000000,1.000000,2.466779,1.866779,0.279000,0.050000,0.279000,0.050000,0.153124,0.203124,0.050000,1.866779,1.713655,1.663655,1.663655,0.000000,horizon_mpc_secbf,12,0.631575,true,osqp,optimal,175,6.070440,0,0.887182,accept,false,0.750000,0.000000,0.621016,0.000000,,,0.621016,0.621016,0.062102,4.400000
local_crowding,context_int,Proposed MPC-SECBF,1,0.100,-2.137898,-0.350000,0.621016,0.000000,0.000000,0.144000,-1.058000,-0.060000,0.420000,pedestrian,walking,unknown,2.308992,1.000000,1.000000,2.389210,1.789210,0.319584,0.100000,0.319584,0.100000,0.762628,0.862628,0.050000,1.789210,1.026582,0.926582,0.926582,0.000106,horizon_mpc_secbf,12,-0.000106,true,osqp,optimal,50,5.071906,0,0.136575,accept,false,0.750000,-0.000000,0.641958,0.016118,,,0.642160,0.026426,0.126318,4.337898
local_crowding,context_int,Proposed MPC-SECBF,2,0.200,-2.073703,-0.348388,0.641958,0.016118,0.025102,0.138000,-1.016000,-0.060000,0.420000,pedestrian,walking,unknown,2.168403,1.000000,1.000000,2.310267,1.710267,0.320000,0.150000,0.320000,0.150000,0.777660,0.927660,0.050000,1.710267,0.932607,0.782607,0.782607,0.000223,horizon_mpc_secbf,12,-0.000222,true,osqp,optimal,50,3.984930,0,0.087520,accept,false,0.750000,-0.000283,0.549918,0.034457,,,0.550997,0.093849,0.181417,4.273703
local_crowding,context_int,Proposed MPC-SECBF,3,0.300,-2.018711,-0.344943,0.549918,0.034457,0.062576,0.132000,-0.974000,-0.060000,0.420000,pedestrian,walking,unknown,2.365574,1.000000,1.000000,2.240819,1.640819,0.318226,0.200000,0.318226,0.200000,0.680902,0.880902,0.050000,1.640819,0.959917,0.759917,0.759917,0.000235,horizon_mpc_secbf,12,-0.000234,true,osqp,optimal,50,4.699250,0,0.092208,accept,false,0.749999,-0.000899,0.523710,0.036333,,,0.524969,0.026275,0.233914,4.218714
local_crowding,context_int,Proposed MPC-SECBF,4,0.400,-1.966340,-0.341309,0.523710,0.036333,0.069264,0.126000,-0.932000,-0.060000,0.420000,pedestrian,walking,unknown,2.363570,1.000000,1.000000,2.174121,1.574121,0.318274,0.250000,0.318274,0.250000,0.651353,0.901353,0.050000,1.574121,0.922768,0.672768,0.672768,0.000302,horizon_mpc_secbf,12,-0.000302,true,osqp,optimal,50,4.332097,0,0.066625,accept,false,0.749998,-0.001564,0.463332,0.041635,,,0.465199,0.060611,0.280434,4.166349
local_crowding,context_int,Proposed MPC-SECBF,5,0.500,-1.920007,-0.337146,0.463332,0.041635,0.089619,0.120000,-0.890000,-0.060000,0.420000,pedestrian,walking,unknown,2.505613,1.000000,1.000000,2.113593,1.513593,0.314865,0.300000,0.314865,0.300000,0.586914,0.886914,0.050000,1.513593,0.926679,0.626679,0.626679,0.000335,horizon_mpc_secbf,12,-0.000334,true,osqp,optimal,50,3.759511,0,0.058936,accept,false,0.749996,-0.002340,0.425964,0.041392,,,0.427970,0.037369,0.323231,4.120027
local_crowding,context_int,Proposed MPC-SECBF,6,0.600,-1.877410,-0.333007,0.425964,0.041392,0.096868,0.114000,-0.848000,-0.060000,0.420000,pedestrian,walking,unknown,2.577355,1.000000,1.000000,2.056923,1.456923,0.313143,0.300000,0.313143,0.300000,0.545312,0.845312,0.000000,1.456923,0.911612,0.611612,0.611612,0.000341,horizon_mpc_secbf,12,-0.000341,true,osqp,optimal,50,5.045248,0,0.057108,fallback,true,0.749993,-0.003126,0.413847,0.036212,,,0.415428,0.013178,0.364774,4.077446
local_crowding,context_int,Proposed MPC-SECBF,7,0.700,-1.836025,-0.329385,0.413847,0.036212,0.087278,0.108000,-0.806000,-0.060000,0.420000,pedestrian,walking,unknown,2.540950,1.000000,1.000000,2.001598,1.401598,0.314017,0.300000,0.314017,0.300000,0.528493,0.828493,0.000000,1.401598,0.873106,0.573106,0.573106,0.000367,horizon_mpc_secbf,12,-0.000367,true,osqp,optimal,50,4.451929,0,0.044216,fallback,true,0.749990,-0.003831,0.389637,0.031311,,,0.390893,0.024702,0.403863,4.036078
local_crowding,context_int,Proposed MPC-SECBF,8,0.800,-1.797062,-0.326254,0.389637,0.031311,0.080186,0.102000,-0.764000,-0.060000,0.420000,pedestrian,walking,unknown,2.567042,1.000000,1.000000,1.948860,1.348860,0.313391,0.300000,0.313391,0.300000,0.498605,0.798605,0.000000,1.348860,0.850255,0.550255,0.550255,0.000379,horizon_mpc_secbf,12,-0.000379,true,osqp,optimal,50,3.870444,0,0.038288,fallback,true,0.749987,-0.004456,0.374684,0.024794,,,0.375504,0.016311,0.441414,3.997132
local_crowding,context_int,Proposed MPC-SECBF,9,0.900,-1.759593,-0.323775,0.374684,0.024794,0.066077,0.096000,-0.722000,-0.060000,0.420000,pedestrian,crossing,distracted,2.555144,1.000000,1.000000,1.897843,1.297843,0.465349,0.300000,0.465349,0.300000,0.476931,0.776931,0.000000,1.297843,0.820912,0.520912,0.520912,0.000397,horizon_mpc_secbf,12,-0.000397,true,osqp,optimal,50,3.904132,0,0.029151,fallback,true,0.749984,-0.004967,0.356986,0.017505,,,0.357415,0.019141,0.477155,3.959680
local_crowding,context_int,Proposed MPC-SECBF,10,1.000,-1.723895,-0.322024,0.356986,0.017505,0.048997,0.090000,-0.680000,-0.060000,0.420000,pedestrian,crossing,distracted,2.564306,1.000000,1.000000,1.848881,1.248881,0.464992,0.300000,0.464992,0.300000,0.451263,0.751263,0.000000,1.248881,0.797618,0.497618,0.497618,0.000409,horizon_mpc_secbf,12,-0.000409,true,osqp,optimal,50,5.146510,0,0.023782,fallback,true,0.749981,-0.005347,0.343573,0.015543,,,0.343924,0.013555,0.511547,3.923995
local_crowding,context_int,Proposed MPC-SECBF,11,1.100,-1.689538,-0.320470,0.343573,0.015543,0.045209,0.084000,-0.638000,-0.060000,0.420000,pedestrian,crossing,distracted,2.564881,1.000000,1.000000,1.801738,1.201738,0.464970,0.300000,0.464970,0.300000,0.429019,0.729019,0.000000,1.201738,0.772720,0.472720,0.472720,0.000422,horizon_mpc_secbf,12,-0.000422,true,osqp,optimal,50,4.038086,0,0.017550,fallback,true,0.749978,-0.005694,0.330149,0.014013,,,0.330447,0.013510,0.544592,3.889650
local_crowding,context_int,Proposed MPC-SECBF,12,1.200,-1.656523,-0.319069,0.330149,0.014013,0.042420,0.078000,-0.596000,-0.060000,0.420000,pedestrian,crossing,distracted,2.574107,1.000000,1.000000,1.756491,1.156491,0.464610,0.300000,0.464610,0.300000,0.405937,0.705937,0.000000,1.156491,0.750553,0.450553,0.450553,0.000433,horizon_mpc_secbf,12,-0.000433,true,osqp,optimal,50,5.274436,0,0.011734,fallback,true,0.749976,-0.006015,0.319341,0.009910,,,0.319495,0.011561,0.576542,3.856647
local_crowding,context_int,Proposed MPC-SECBF,13,1.300,-1.624588,-0.318078,0.319341,0.009910,0.031023,0.072000,-0.554000,-0.060000,0.420000,pedestrian,crossing,distracted,2.574947,1.000000,1.000000,1.712913,1.112913,0.464577,0.300000,0.464577,0.300000,0.384202,0.684202,0.000000,1.112913,0.728712,0.428712,0.428712,0.000442,horizon_mpc_secbf,12,-0.000442,true,osqp,optimal,50,5.459864,0,0.004903,fallback,true,0.749974,-0.006260,0.310293,0.002614,,,0.310304,0.011624,0.607572,3.824722
local_crowding,context_int,Proposed MPC-SECBF,14,1.400,-1.593559,-0.317816,0.310293,0.002614,0.008423,0.066000,-0.512000,-0.060000,0.420000,pedestrian,crossing,distracted,2.572435,1.000000,1.000000,1.670881,1.070881,0.464675,0.300000,0.464675,0.300000,0.362437,0.662437,0.000000,1.070881,0.708444,0.408444,0.408444,0.000450,horizon_mpc_secbf,12,-0.000450,true,osqp,optimal,50,5.112273,0,-0.002654,fallback,true,0.749973,-0.006363,0.304280,-0.007970,,,0.304384,0.012173,0.638010,3.793696
local_crowding,context_int,Proposed MPC-SECBF,15,1.500,-1.563131,-0.318613,0.304280,-0.007970,-0.026188,0.060000,-0.470000,-0.060000,0.420000,pedestrian,crossing,distracted,2.559767,1.000000,1.000000,1.630176,1.030176,0.465169,0.300000,0.465169,0.300000,0.341298,0.641298,0.000000,1.030176,0.688878,0.388878,0.388878,0.000455,horizon_mpc_secbf,12,-0.000455,true,osqp,optimal,50,5.235051,0,-0.011682,fallback,true,0.749974,-0.006255,0.301546,-0.021841,,,0.302336,0.014138,0.668244,3.763262
local_crowding,context_int,Proposed MPC-SECBF,16,1.600,-1.532977,-0.320798,0.301546,-0.021841,-0.072305,0.054000,-0.428000,-0.060000,0.420000,pedestrian,crossing,distracted,2.536711,1.000000,1.000000,1.590593,0.990593,0.466068,0.300000,0.466068,0.300000,0.320293,0.620293,0.000000,0.990593,0.670300,0.370300,0.370300,0.000459,horizon_mpc_secbf,12,-0.000459,true,osqp,optimal,50,5.643656,0,-0.022438,fallback,true,0.749977,-0.005867,0.303105,-0.038729,,,0.305570,0.016960,0.698801,3.733091
local_crowding,context_int,Proposed MPC-SECBF,17,1.700,-1.502666,-0.324670,0.303105,-0.038729,-0.127085,0.048000,-0.386000,-0.060000,0.420000,pedestrian,crossing,distracted,2.498693,1.000000,1.000000,1.551878,0.951878,0.467551,0.300000,0.467551,0.300000,0.299590,0.599590,0.000000,0.951878,0.652288,0.352288,0.352288,0.000459,horizon_mpc_secbf,12,-0.000459,true,osqp,optimal,50,5.404154,0,-0.035557,fallback,true,0.749982,-0.005131,0.309697,-0.058159,,,0.315110,0.020518,0.730312,3.702753
local_crowding,context_int,Proposed MPC-SECBF,18,1.800,-1.471696,-0.330486,0.309697,-0.058159,-0.185632,0.042000,-0.344000,-0.060000,0.420000,pedestrian,crossing,distracted,2.443523,1.000000,1.000000,1.513757,0.913757,0.469703,0.300000,0.469703,0.300000,0.278997,0.578997,0.000000,0.913757,0.634759,0.334759,0.334759,0.000457,horizon_mpc_secbf,12,-0.000457,true,osqp,optimal,50,5.410685,0,-0.051512,fallback,true,0.749989,-0.003986,0.322287,-0.079246,,,0.331887,0.024559,0.763501,3.671748
local_crowding,context_int,Proposed MPC-SECBF,19,1.900,-1.439468,-0.338411,0.322287,-0.079246,-0.241104,0.036000,-0.302000,-0.060000,0.420000,pedestrian,crossing,distracted,2.368278,1.000000,1.000000,1.475917,0.875917,0.472637,0.300000,0.472637,0.300000,0.258554,0.558554,0.000000,0.875917,0.617363,0.317363,0.317363,0.000116,horizon_mpc_secbf,12,-0.000084,true,osqp,optimal,75,5.844713,0,-0.263550,fallback,true,0.749996,-0.002388,0.537273,-0.231080,,,0.584859,0.263197,0.821987,3.639486
local_crowding,context_int,Proposed MPC-SECBF,20,2.000,-1.385740,-0.361519,0.537273,-0.231080,-0.406181,0.030000,-0.260000,-0.060000,0.420000,pedestrian,crossing,distracted,1.492010,1.000000,1.000000,1.419376,0.819376,0.506812,0.300000,0.506812,0.300000,0.307488,0.607488,0.000000,0.819376,0.511888,0.211888,0.211888,0.000106,horizon_mpc_secbf,12,-0.000073,true,osqp,optimal,75,5.509668,0,-0.316658,fallback,true,0.749996,0.002409,0.521794,-0.302163,,,0.602969,0.072749,0.882283,3.585759
local_crowding,context_int,Proposed MPC-SECBF,21,2.100,-1.333561,-0.391735,0.521794,-0.302163,-0.524899,0.024000,-0.218000,-0.060000,0.420000,pedestrian,crossing,distracted,1.583455,1.000000,1.000000,1.368633,0.768633,0.503245,0.300000,0.503245,0.300000,0.183538,0.483538,0.000000,0.768633,0.585095,0.285095,0.285095,0.000075,horizon_mpc_secbf,12,-0.000064,true,osqp,optimal,50,4.805734,0,-0.316149,fallback,true,0.749948,0.008858,0.630040,-0.234941,,,0.672419,0.127421,0.949525,3.533808
local_crowding,context_int,Proposed MPC-SECBF,22,2.200,-1.270557,-0.415229,0.630040,-0.234941,-0.356927,0.018000,-0.176000,-0.060000,0.420000,pedestrian,crossing,distracted,1.271395,1.000000,1.000000,1.310576,0.710576,0.515416,0.300000,0.515416,0.300000,0.234582,0.534582,0.000000,0.710576,0.475994,0.175994,0.175994,0.000119,horizon_mpc_secbf,12,-0.000108,true,osqp,optimal,75,4.833876,0,-0.338905,fallback,true,0.749868,0.014094,0.593520,-0.278602,,,0.655656,0.056921,1.015091,3.471170
local_crowding,context_int,Proposed MPC-SECBF,23,2.300,-1.211205,-0.443090,0.593520,-0.278602,-0.438875,0.012000,-0.134000,-0.060000,0.420000,pedestrian,crossing,distracted,1.430738,1.000000,1.000000,1.261653,0.661653,0.509201,0.300000,0.509201,0.300000,0.104076,0.404076,0.000000,0.661653,0.557577,0.257577,0.257577,0.000004,horizon_mpc_secbf,12,0.000002,true,osqp,optimal,75,3.997139,0,-0.342283,fallback,true,0.749721,0.020459,0.708463,-0.172601,,,0.729185,0.156359,1.088009,3.412475
local_crowding,context_int,Proposed MPC-SECBF,24,2.400,-1.140359,-0.460350,0.708463,-0.172601,-0.238972,0.006000,-0.092000,-0.060000,0.420000,pedestrian,crossing,distracted,1.097668,1.000000,1.000000,1.204085,0.604085,0.520000,0.300000,0.520000,0.300000,0.171500,0.471500,0.000000,0.604085,0.432585,0.132585,0.132585,0.000124,horizon_mpc_secbf,12,-0.000124,true,osqp,optimal,50,3.689530,0,-0.343677,fallback,true,0.749591,0.024763,0.652780,-0.241038,,,0.695860,0.088228,1.157595,3.342181
local_crowding,context_int,Proposed MPC-SECBF,25,2.500,-1.075081,-0.484453,0.652780,-0.241038,-0.353719,0.000000,-0.050000,-0.060000,0.420000,pedestrian,crossing,distracted,1.354233,1.000000,1.000000,1.159547,0.559547,0.512185,0.300000,0.512185,0.300000,0.005699,0.305699,0.000000,0.559547,0.553847,0.253847,0.253847,0.000000,horizon_mpc_secbf,12,0.098569,true,osqp,optimal,75,5.090826,0,-0.245110,fallback,true,0.749369,0.030764,0.718335,-0.174332,,,0.739187,0.093527,1.231514,3.277840
local_crowding,context_int,Proposed MPC-SECBF,26,2.600,-1.003247,-0.501887,0.718335,-0.174332,-0.238085,-0.006000,-0.008000,-0.060000,0.420000,pedestrian,crossing,distracted,1.182443,1.000000,1.000000,1.112846,0.512846,0.518885,0.300000,0.518885,0.300000,0.002827,0.302827,0.000000,0.512846,0.510019,0.210019,0.210019,0.000000,horizon_mpc_secbf,12,0.097583,true,osqp,optimal,75,5.630993,0,-0.234891,fallback,true,0.749158,0.035522,0.727101,-0.166811,,,0.745990,0.011549,1.306113,3.206846
local_crowding,context_int,Proposed MPC-SECBF,27,2.700,-0.930537,-0.518568,0.727101,-0.166811,-0.225517,-0.012000,0.034000,-0.060000,0.420000,pedestrian,crossing,distracted,1.268737,1.000000,1.000000,1.071934,0.471934,0.515519,0.300000,0.515519,0.300000,0.000000,0.300000,0.000000,0.471934,0.546935,0.246935,0.171934,0.000000,horizon_mpc_secbf,12,0.097341,true,osqp,optimal,50,4.892878,0,-0.198978,fallback,true,0.748915,0.040326,0.726596,-0.168028,,,0.745772,0.001318,1.380690,3.135072
local_crowding,context_int,Proposed MPC-SECBF,28,2.800,-0.857878,-0.535371,0.726596,-0.168028,-0.227259,-0.018000,0.076000,-0.060000,0.420000,pedestrian,crossing,distracted,1.513806,1.000000,1.000000,1.038830,0.438830,0.505962,0.300000,0.505962,0.300000,0.000000,0.300000,0.000000,0.438830,0.600582,0.300582,0.138830,0.000000,horizon_mpc_secbf,12,0.094930,true,osqp,optimal,75,5.232780,0,-0.149975,fallback,true,0.748626,0.045382,0.726112,-0.169198,,,0.745564,0.001266,1.455247,3.063491
local_crowding,context_int,Proposed MPC-SECBF,29,2.900,-0.785266,-0.552290,0.726112,-0.169198,-0.228934,-0.024000,0.118000,-0.060000,0.420000,pedestrian,crossing,distracted,2.064953,1.000000,1.000000,1.014305,0.414305,0.484467,0.300000,0.484467,0.300000,0.000000,0.300000,0.000000,0.414305,0.659733,0.359733,0.114305,0.000000,horizon_mpc_secbf,12,0.093274,true,osqp,optimal,75,5.126095,0,-0.087160,fallback,true,0.748284,0.050706,0.726465,-0.168345,,,0.745716,0.000923,1.529818,2.992112
local_crowding,context_int,Proposed MPC-SECBF,30,3.000,-0.712620,-0.569125,0.726465,-0.168345,-0.227712,-0.030000,0.160000,-0.060000,0.420000,pedestrian,crossing,distracted,3.692207,1.000000,1.000000,0.998796,0.398796,0.421004,0.300000,0.421004,0.300000,0.000000,0.300000,0.000000,0.398796,0.721556,0.421556,0.098796,0.000000,horizon_mpc_secbf,12,0.092470,true,osqp,optimal,75,4.701661,0,-0.012471,fallback,true,0.747886,0.056266,0.727797,-0.165130,,,0.746295,0.003480,1.604448,2.920851
local_crowding,context_int,Proposed MPC-SECBF,31,3.100,-0.639840,-0.585638,0.727797,-0.165130,-0.223113,-0.036000,0.202000,-0.060000,0.420000,pedestrian,crossing,distracted,26.259998,1.000000,1.000000,0.992470,0.392470,0.409000,0.300000,0.409000,0.300000,0.000000,0.300000,0.000000,0.392470,0.785038,0.485038,0.092470,0.000000,horizon_mpc_secbf,12,0.095226,true,osqp,optimal,75,5.529184,0,0.071696,fallback,true,0.747431,0.062019,0.730106,-0.159556,,,0.747337,0.006033,1.679182,2.849600
local_crowding,context_int,Proposed MPC-SECBF,32,3.200,-0.566830,-0.601593,0.730106,-0.159556,-0.215156,-0.042000,0.244000,-0.060000,0.420000,pedestrian,crossing,distracted,,0.000000,1.000000,0.995226,0.395226,0.253000,0.253000,0.253000,0.253000,0.000000,0.253000,0.000000,0.395226,0.395226,0.142226,0.142226,0.000000,horizon_mpc_secbf,12,0.153705,true,osqp,optimal,75,4.608956,0,0.209633,accept,false,0.746918,0.067919,0.733346,-0.151736,,,0.748879,0.008464,1.754069,2.778245
local_crowding,context_int,Proposed MPC-SECBF,33,3.300,-0.493495,-0.616767,0.733346,-0.151736,-0.204031,-0.048000,0.286000,-0.060000,0.420000,pedestrian,crossing,distracted,,0.000000,1.000000,1.006705,0.406705,0.253000,0.253000,0.253000,0.253000,0.000000,0.253000,0.000000,0.406705,0.406705,0.153705,0.153705,0.000000,horizon_mpc_secbf,12,0.173357,true,osqp,optimal,75,5.272353,0,0.305058,accept,false,0.746348,0.073919,0.735590,-0.141385,,,0.749054,0.010592,1.828975,2.706673
local_crowding,context_int,Proposed MPC-SECBF,34,3.400,-0.419936,-0.630906,0.735590,-0.141385,-0.189891,-0.054000,0.328000,-0.060000,0.420000,pedestrian,crossing,distracted,,0.000000,1.000000,1.026357,0.426357,0.253000,0.253000,0.253000,0.253000,0.000000,0.253000,0.000000,0.426357,0.426357,0.173357,0.173357,0.000000,horizon_mpc_secbf,12,0.200444,true,osqp,optimal,75,5.321432,0,0.402300,accept,false,0.745726,0.079956,0.735590,-0.128659,,,0.746757,0.012726,1.903651,2.634952
local_crowding,context_int,Proposed MPC-SECBF,35,3.500,-0.346377,-0.643771,0.735590,-0.128659,-0.173154,-0.060000,0.370000,-0.060000,0.420000,pedestrian,crossing,distracted,,0.000000,1.000000,1.053444,0.453444,0.253000,0.253000,0.253000,0.253000,0.000000,0.253000,0.000000,0.453444,0.453444,0.200444,0.200444,0.000000,horizon_mpc_secbf,12,0.234032,true,osqp,optimal,75,4.565439,0,0.498102,accept,false,0.745058,0.085956,0.735591,-0.114051,,,0.744380,0.014608,1.978089,2.563267
local_crowding,context_int,Proposed MPC-SECBF,36,3.600,-0.272818,-0.655176,0.735591,-0.114051,-0.153822,-0.066000,0.412000,-0.060000,0.420000,pedestrian,crossing,distracted,,0.000000,1.000000,1.087032,0.487032,0.253000,0.253000,0.253000,0.253000,0.000000,0.253000,0.000000,0.487032,0.487032,0.234032,0.234032,0.000000,horizon_mpc_secbf,12,0.273177,true,osqp,optimal,75,5.255038,0,0.591078,accept,false,0.744353,0.091862,0.735591,-0.097874,,,0.742074,0.016177,2.052296,2.491578
local_crowding,context_int,Proposed MPC-SECBF,37,3.700,-0.199259,-0.664964,0.735591,-0.097874,-0.132278,-0.072000,0.454000,-0.060000,0.420000,pedestrian,crossing,distracted,,0.000000,1.000000,1.126177,0.526177,0.253000,0.253000,0.253000,0.253000,0.000000,0.253000,0.000000,0.526177,0.526177,0.273177,0.273177,0.000000,horizon_mpc_secbf,12,0.316977,true,osqp,optimal,75,4.952212,0,0.680477,accept,false,0.743620,0.097619,0.735591,-0.080408,,,0.739973,0.017466,2.126293,2.419844
local_crowding,context_int,Proposed MPC-SECBF,38,3.800,-0.125700,-0.673005,0.735591,-0.080408,-0.108878,-0.078000,0.496000,-0.060000,0.420000,pedestrian,crossing,distracted,,0.000000,1.000000,1.169977,0.569977,0.253000,0.253000,0.253000,0.253000,0.000000,0.253000,0.000000,0.569977,0.569977,0.316977,0.316977,0.000000,horizon_mpc_secbf,12,0.364613,true,osqp,optimal,75,4.981167,0,0.766055,accept,false,0.742870,0.103173,0.735591,-0.061914,,,0.738192,0.018494,2.200112,2.348023
local_crowding,context_int,Proposed MPC-SECBF,39,3.900,-0.052141,-0.679196,0.735591,-0.061914,-0.083971,-0.084000,0.538000,-0.060000,0.420000,pedestrian,crossing,distracted,,0.000000,1.000000,1.217613,0.617613,0.253000,0.253000,0.253000,0.253000,0.000000,0.253000,0.000000,0.617613,0.617613,0.364613,0.364613,0.000000,horizon_mpc_secbf,12,0.415363,true,osqp,optimal,75,5.642771,0,0.847911,accept,false,0.742114,0.108475,0.735591,-0.042639,,,0.736825,0.019275,2.273795,2.276073
local_crowding,context_int,Proposed MPC-SECBF,40,4.000,0.021418,-0.683460,0.735591,-0.042639,-0.057901,-0.090000,0.580000,-0.060000,0.420000,pedestrian,crossing,distracted,,0.000000,1.000000,1.268363,0.668363,0.253000,0.253000,0.253000,0.253000,0.000000,0.253000,0.000000,0.668363,0.668363,0.415363,0.415363,0.000000,horizon_mpc_secbf,12,0.468612,true,osqp,optimal,75,4.262552,0,0.926349,accept,false,0.741366,0.113476,0.735590,-0.022809,,,0.735944,0.019830,2.347389,2.203954
local_crowding,context_int,Proposed MPC-SECBF,41,4.100,0.094977,-0.685741,0.735590,-0.022809,-0.030998,-0.096000,0.622000,-0.060000,0.420000,pedestrian,crossing,distracted,,0.000000,1.000000,1.321612,0.721612,0.253000,0.253000,0.253000,0.253000,0.000000,0.253000,0.000000,0.721612,0.721612,0.468612,0.468612,0.000000,horizon_mpc_secbf,12,0.523845,true,osqp,optimal,75,4.941213,0,1.001773,accept,false,0.740639,0.118128,0.735590,-0.002631,,,0.735594,0.020178,2.420949,2.131629
local_crowding,context_int,Proposed MPC-SECBF,42,4.200,0.168536,-0.686004,0.735590,-0.002631,-0.003577,-0.102000,0.664000,-0.060000,0.420000,pedestrian,crossing,distracted,,0.000000,1.000000,1.376845,0.776845,0.253000,0.253000,0.253000,0.253000,0.000000,0.253000,0.000000,0.776845,0.776845,0.523845,0.523845,0.000000,horizon_mpc_secbf,12,0.580637,true,osqp,optimal,75,5.410841,0,1.074621,accept,false,0.739947,0.122387,0.735589,0.017707,,,0.735802,0.020338,2.494529,2.059064
local_crowding,context_int,Proposed MPC-SECBF,43,4.300,0.242095,-0.684233,0.735589,0.017707,0.024067,-0.108000,0.706000,-0.060000,0.420000,pedestrian,crossing,distracted,,0.000000,1.000000,1.433637,0.833637,0.253000,0.253000,0.253000,0.253000,0.000000,0.253000,0.000000,0.833637,0.833637,0.580637,0.580637,0.000000,horizon_mpc_secbf,12,0.638648,true,osqp,optimal,75,4.098931,0,1.145322,accept,false,0.739305,0.126207,0.735588,0.038034,,,0.736570,0.020328,2.568186,1.986228
local_crowding,context_int,Proposed MPC-SECBF,44,4.400,0.315654,-0.680430,0.735588,0.038034,0.051660,-0.114000,0.748000,-0.060000,0.420000,pedestrian,crossing,distracted,,0.000000,1.000000,1.491648,0.891648,0.253000,0.253000,0.253000,0.253000,0.000000,0.253000,0.000000,0.891648,0.891648,0.638648,0.638648,0.000000,horizon_mpc_secbf,12,0.697605,true,osqp,optimal,100,5.775500,0,1.214266,accept,false,0.738728,0.129540,0.735589,0.058210,,,0.737888,0.020176,2.641975,1.913098
local_crowding,context_int,Proposed MPC-SECBF,45,4.500,0.389213,-0.674609,0.735589,0.058210,0.078969,-0.120000,0.790000,-0.060000,0.420000,pedestrian,crossing,distracted,,0.000000,1.000000,1.550605,0.950605,0.253000,0.253000,0.253000,0.253000,0.000000,0.253000,0.000000,0.950605,0.950605,0.697605,0.697605,0.000000,horizon_mpc_secbf,12,0.757298,true,osqp,optimal,100,4.989750,0,1.281840,accept,false,0.738232,0.132338,0.735589,0.078070,,,0.739720,0.019860,2.715947,1.839652
local_crowding,context_int,Proposed MPC-SECBF,46,4.600,0.462772,-0.666802,0.735589,0.078070,0.105737,-0.126000,0.832000,-0.060000,0.420000,pedestrian,crossing,distracted,,0.000000,1.000000,1.610298,1.010298,0.253000,0.253000,0.253000,0.253000,0.000000,0.253000,0.000000,1.010298,1.010298,0.757298,0.757298,0.000000,horizon_mpc_secbf,12,0.817569,true,osqp,optimal,100,5.573262,0,1.348407,accept,false,0.737832,0.134551,0.735588,0.097448,,,0.742015,0.019378,2.790148,1.765878
local_crowding,context_int,Proposed MPC-SECBF,47,4.700,0.536331,-0.657057,0.735588,0.097448,0.131709,-0.132000,0.874000,-0.060000,0.420000,pedestrian,crossing,distracted,,0.000000,1.000000,1.670569,1.070569,0.253000,0.253000,0.253000,0.253000,0.000000,0.253000,0.000000,1.070569,1.070569,0.817569,0.817569,0.000000,horizon_mpc_secbf,12,0.878329,true,osqp,optimal,100,5.473561,0,1.414499,accept,false,0.737543,0.136126,0.735587,0.115963,,,0.744672,0.018516,2.864615,1.691768
local_crowding,context_int,Proposed MPC-SECBF,48,4.800,0.609889,-0.645461,0.735587,0.115963,0.156360,-0.138000,0.916000,-0.060000,0.420000,pedestrian,crossing,distracted,,0.000000,1.000000,1.731329,1.131329,0.253000,0.253000,0.253000,0.253000,0.000000,0.253000,0.000000,1.131329,1.131329,0.878329,0.878329,0.000000,horizon_mpc_secbf,12,0.939656,true,osqp,optimal,200,5.374051,0,1.481793,accept,false,0.737379,0.137013,0.735606,0.131956,,,0.747348,0.015993,2.939350,1.617328
local_crowding,context_int,Proposed MPC-SECBF,49,4.900,0.683450,-0.632265,0.735606,0.131956,0.177496,-0.144000,0.958000,-0.060000,0.420000,pedestrian,crossing,distracted,,0.000000,1.000000,1.792656,1.192656,0.253000,0.253000,0.253000,0.253000,0.000000,0.253000,0.000000,1.192656,1.192656,0.939656,0.939656,0.000000,horizon_mpc_secbf,12,1.002435,true,osqp,optimal,225,5.571888,0,1.558531,accept,false,0.737337,0.137236,0.735599,0.136330,,,0.748126,0.004374,3.014163,1.542594
local_crowding,context_int,Proposed MPC-SECBF,50,5.000,0.757010,-0.618632,0.735599,0.136330,0.183252,-0.150000,1.000000,-0.060000,0.420000,pedestrian,crossing,distracted,,0.000000,1.000000,1.855435,1.255435,0.253000,0.253000,0.253000,0.253000,0.000000,0.253000,0.000000,1.255435,1.255435,1.002435,1.002435,0.000000,horizon_mpc_secbf,12,1.066811,true,osqp,optimal,225,5.661625,0,1.638149,accept,false,0.737332,0.137264,0.735605,0.137104,,,0.748273,0.000774,3.088990,1.467782
local_crowding,context_int,Proposed MPC-SECBF,51,5.100,0.830570,-0.604922,0.735605,0.137104,0.184268,-0.156000,1.042000,-0.060000,0.420000,pedestrian,crossing,distracted,,0.000000,1.000000,1.919811,1.319811,0.253000,0.253000,0.253000,0.253000,0.000000,0.253000,0.000000,1.319811,1.319811,1.066811,1.066811,0.000000,horizon_mpc_secbf,12,1.132680,true,osqp,optimal,250,5.967237,0,1.718239,accept,false,0.737334,0.137256,0.735602,0.137230,,,0.748293,0.000126,3.163819,1.392955
local_crowding,context_int,Proposed MPC-SECBF,52,5.200,0.904131,-0.591199,0.735602,0.137230,0.184434,-0.162000,1.084000,-0.060000,0.420000,pedestrian,crossing,distracted,,0.000000,1.000000,1.985680,1.385680,0.253000,0.253000,0.253000,0.253000,0.000000,0.253000,0.000000,1.385680,1.385680,1.132680,1.132680,0.000000,horizon_mpc_secbf,12,1.199909,true,osqp,optimal,275,6.416510,0,1.798395,accept,false,0.737337,0.137240,0.735601,0.137238,,,0.748294,0.000008,3.238649,1.318125
local_crowding,context_int,Proposed MPC-SECBF,53,5.300,0.977691,-0.577475,0.735601,0.137238,0.184445,-0.168000,1.126000,-0.060000,0.420000,pedestrian,crossing,distracted,,0.000000,1.000000,2.052909,1.452909,0.253000,0.253000,0.253000,0.253000,0.000000,0.253000,0.000000,1.452909,1.452909,1.199909,1.199909,0.000000,horizon_mpc_secbf,12,1.268369,true,osqp,optimal,275,6.863975,0,1.878564,accept,false,0.737340,0.137221,0.735603,0.137224,,,0.748293,0.000014,3.313478,1.243296
local_crowding,context_int,Proposed MPC-SECBF,54,5.400,1.051251,-0.563753,0.735603,0.137224,0.184426,-0.174000,1.168000,-0.060000,0.420000,pedestrian,crossing,distracted,,0.000000,1.000000,2.121369,1.521369,0.253000,0.253000,0.253000,0.253000,0.000000,0.253000,0.000000,1.521369,1.521369,1.268369,1.268369,0.000000,horizon_mpc_secbf,12,1.337947,true,osqp,optimal,275,6.793786,0,1.958747,accept,false,0.737344,0.137201,0.735604,0.137205,,,0.748291,0.000019,3.388307,1.168467
local_crowding,context_int,Proposed MPC-SECBF,55,5.500,1.124811,-0.550032,0.735604,0.137205,0.184401,-0.180000,1.210000,-0.060000,0.420000,pedestrian,crossing,distracted,,0.000000,1.000000,2.190947,1.590947,0.253000,0.253000,0.253000,0.253000,0.000000,0.253000,0.000000,1.590947,1.590947,1.337947,1.337947,0.000000,horizon_mpc_secbf,12,1.408538,true,osqp,optimal,275,6.852135,0,2.038959,accept,false,0.737348,0.137179,0.735605,0.137183,,,0.748287,0.000021,3.463136,1.093638
local_crowding,context_int,Proposed MPC-SECBF,56,5.600,1.198372,-0.536314,0.735605,0.137183,0.184373,-0.186000,1.252000,-0.060000,0.420000,pedestrian,crossing,distracted,,0.000000,1.000000,2.261538,1.661538,0.253000,0.253000,0.253000,0.253000,0.000000,0.253000,0.000000,1.661538,1.661538,1.408538,1.408538,0.000000,horizon_mpc_secbf,12,1.480051,true,osqp,optimal,275,6.045504,0,2.119213,accept,false,0.737352,0.137156,0.735605,0.137160,,,0.748284,0.000023,3.537964,1.018809
local_crowding,context_int,Proposed MPC-SECBF,57,5.700,1.271933,-0.522598,0.735605,0.137160,0.184342,-0.192000,1.294000,-0.060000,0.420000,pedestrian,crossing,distracted,,0.000000,1.000000,2.333051,1.733051,0.253000,0.253000,0.253000,0.253000,0.000000,0.253000,0.000000,1.733051,1.733051,1.480051,1.480051,0.000000,horizon_mpc_secbf,12,1.552404,true,osqp,optimal,275,6.172084,0,2.199523,accept,false,0.737357,0.137130,0.735606,0.137135,,,0.748279,0.000025,3.612792,0.943981
local_crowding,context_int,Proposed MPC-SECBF,58,5.800,1.345493,-0.508884,0.735606,0.137135,0.184309,-0.198000,1.336000,-0.060000,0.420000,pedestrian,crossing,distracted,,0.000000,1.000000,2.405404,1.805404,0.253000,0.253000,0.253000,0.253000,0.000000,0.253000,0.000000,1.805404,1.805404,1.552404,1.552404,0.000000,horizon_mpc_secbf,12,1.625524,true,osqp,optimal,275,4.856366,0,2.279897,accept,false,0.737362,0.137103,0.735606,0.137108,,,0.748274,0.000027,3.687620,0.869153
local_crowding,context_int,Proposed MPC-SECBF,59,5.900,1.419054,-0.495174,0.735606,0.137108,0.184274,-0.204000,1.378000,-0.060000,0.420000,pedestrian,crossing,distracted,,0.000000,1.000000,2.478524,1.878524,0.253000,0.253000,0.253000,0.253000,0.000000,0.253000,0.000000,1.878524,1.878524,1.625524,1.625524,0.000000,horizon_mpc_secbf,12,1.699345,true,osqp,optimal,275,5.153070,0,2.360345,accept,false,0.737368,0.137073,0.735605,0.137079,,,0.748268,0.000030,3.762446,0.794325
local_crowding,context_int,Proposed MPC-SECBF,60,6.000,1.492614,-0.481466,0.735605,0.137079,0.184235,-0.210000,1.420000,-0.060000,0.420000,pedestrian,crossing,distracted,,0.000000,1.000000,2.552345,1.952345,0.253000,0.253000,0.253000,0.253000,0.000000,0.253000,0.000000,1.952345,1.952345,1.699345,1.699345,0.000000,horizon_mpc_secbf,12,1.773809,true,osqp,optimal,275,5.932008,0,2.440874,accept,false,0.737374,0.137039,0.735605,0.137046,,,0.748262,0.000033,3.837273,0.719498
local_crowding,context_int,Proposed MPC-SECBF,61,6.100,1.566175,-0.467761,0.735605,0.137046,0.184192,-0.216000,1.462000,-0.060000,0.420000,pedestrian,crossing,distracted,,0.000000,1.000000,2.626809,2.026809,0.253000,0.253000,0.253000,0.253000,0.000000,0.253000,0.000000,2.026809,2.026809,1.773809,1.773809,0.000000,horizon_mpc_secbf,12,1.848862,true,osqp,optimal,275,4.831110,0,2.521488,accept,false,0.737381,0.137001,0.735603,0.137009,,,0.748253,0.000037,3.912098,0.644672
local_crowding,context_int,Proposed MPC-SECBF,62,6.200,1.639735,-0.454060,0.735603,0.137009,0.184144,-0.222000,1.504000,-0.060000,0.420000,pedestrian,crossing,distracted,,0.000000,1.000000,2.701862,2.101862,0.253000,0.253000,0.253000,0.253000,0.000000,0.253000,0.000000,2.101862,2.101862,1.848862,1.848862,0.000000,horizon_mpc_secbf,12,1.924457,true,osqp,optimal,275,5.042880,0,2.602192,accept,false,0.737389,0.136958,0.735601,0.136967,,,0.748244,0.000042,3.986922,0.569847
local_crowding,context_int,Proposed MPC-SECBF,63,6.300,1.713295,-0.440364,0.735601,0.136967,0.184089,-0.228000,1.546000,-0.060000,0.420000,pedestrian,crossing,distracted,,0.000000,1.000000,2.777457,2.177457,0.253000,0.253000,0.253000,0.253000,0.000000,0.253000,0.000000,2.177457,2.177457,1.924457,1.924457,0.000000,horizon_mpc_secbf,12,2.000552,true,osqp,optimal,250,6.648104,0,2.682996,accept,false,0.737398,0.136908,0.735606,0.136918,,,0.748240,0.000049,4.061746,0.495022
local_crowding,context_int,Proposed MPC-SECBF,64,6.400,1.786856,-0.426672,0.735606,0.136918,0.184024,-0.234000,1.588000,-0.060000,0.420000,pedestrian,crossing,distracted,,0.000000,1.000000,2.853552,2.253552,0.253000,0.253000,0.253000,0.253000,0.000000,0.253000,0.000000,2.253552,2.253552,2.000552,2.000552,0.000000,horizon_mpc_secbf,12,2.077109,true,osqp,optimal,250,6.501910,0,2.763893,accept,false,0.737409,0.136849,0.735604,0.136861,,,0.748227,0.000057,4.136569,0.420199
local_crowding,context_int,Proposed MPC-SECBF,65,6.500,1.860416,-0.412986,0.735604,0.136861,0.183949,-0.240000,1.630000,-0.060000,0.420000,pedestrian,crossing,distracted,,0.000000,1.000000,2.930109,2.330109,0.253000,0.253000,0.253000,0.253000,0.000000,0.253000,0.000000,2.330109,2.330109,2.077109,2.077109,0.000000,horizon_mpc_secbf,12,2.154093,true,osqp,optimal,250,6.370281,0,2.844892,accept,false,0.737423,0.136776,0.735602,0.136791,,,0.748213,0.000070,4.211390,0.345376
local_crowding,context_int,Proposed MPC-SECBF,66,6.600,1.933976,-0.399307,0.735602,0.136791,0.183857,-0.246000,1.672000,-0.060000,0.420000,pedestrian,crossing,distracted,,0.000000,1.000000,3.007093,2.407093,0.253000,0.253000,0.253000,0.253000,0.000000,0.253000,0.000000,2.407093,2.407093,2.154093,2.154093,0.000000,horizon_mpc_secbf,12,2.231474,true,osqp,optimal,250,5.922059,0,2.925998,accept,false,0.737440,0.136682,0.735601,0.136701,,,0.748195,0.000090,4.286210,0.270555
local_crowding,context_int,Proposed MPC-SECBF,67,6.700,2.007536,-0.385637,0.735601,0.136701,0.183739,-0.252000,1.714000,-0.060000,0.420000,pedestrian,crossing,distracted,,0.000000,1.000000,3.084474,2.484474,0.253000,0.253000,0.253000,0.253000,0.000000,0.253000,0.000000,2.484474,2.484474,2.231474,2.231474,0.000000,horizon_mpc_secbf,12,2.309225,true,osqp,optimal,250,6.123182,0,3.007223,accept,false,0.737465,0.136549,0.735600,0.136575,,,0.748171,0.000126,4.361027,0.195735
local_crowding,context_int,Proposed MPC-SECBF,68,6.800,2.081096,-0.371979,0.735600,0.136575,0.183574,-0.258000,1.756000,-0.060000,0.420000,pedestrian,crossing,distracted,,0.000000,1.000000,3.162225,2.562225,0.253000,0.253000,0.253000,0.253000,0.000000,0.253000,0.000000,2.562225,2.562225,2.309225,2.309225,0.000000,horizon_mpc_secbf,12,2.387326,true,osqp,optimal,250,5.921825,0,3.088595,accept,false,0.737506,0.136326,0.735599,0.136369,,,0.748132,0.000206,4.435840,0.120918
local_crowding,context_int,Proposed MPC-SECBF,69,6.900,2.154656,-0.358342,0.735599,0.136369,0.183304,-0.264000,1.798000,-0.060000,0.420000,pedestrian,crossing,distracted,,0.000000,1.000000,3.240326,2.640326,0.253000,0.253000,0.253000,0.253000,0.000000,0.253000,0.000000,2.640326,2.640326,2.387326,2.387326,0.000001,horizon_mpc_secbf,12,2.451082,true,osqp,optimal,75,5.513123,0,3.024641,accept,false,0.453438,0.083422,0.501849,0.092506,,,0.510303,0.237830,4.486871,0.046105
local_crowding,context_int,Proposed MPC-SECBF,70,7.000,2.204841,-0.349092,0.501849,0.092506,0.182284,-0.270000,1.840000,-0.060000,0.420000,pedestrian,crossing,distracted,,0.000000,1.000000,3.304082,2.704082,0.253000,0.253000,0.253000,0.253000,0.000000,0.253000,0.000000,2.704082,2.704082,2.451082,2.451082,0.000000,horizon_mpc_secbf,12,2.483539,true,osqp,optimal,100,5.235830,0,2.774514,accept,false,-0.048411,-0.009084,0.000051,-0.000279,,,0.000283,0.510304,4.486899,0.004926
local_crowding,context_int,Proposed MPC-SECBF,71,7.100,2.204846,-0.349119,0.000051,-0.000279,-1.391265,-0.276000,1.882000,-0.060000,0.420000,pedestrian,crossing,distracted,,0.000000,1.000000,3.336539,2.736539,0.253000,0.253000,0.253000,0.253000,0.000000,0.253000,0.000000,2.736539,2.736539,2.483539,2.483539,0.000000,horizon_mpc_secbf,12,2.513729,true,osqp,optimal,75,5.189629,0,2.784068,accept,false,-0.048462,-0.008806,-0.040138,-0.007343,,,0.040804,0.040805,4.490979,0.004926
local_crowding,context_int,Proposed MPC-SECBF,72,7.200,2.200832,-0.349854,-0.040138,-0.007343,-2.960658,-0.282000,1.924000,-0.060000,0.420000,pedestrian,crossing,distracted,,0.000000,1.000000,3.366729,2.766729,0.253000,0.253000,0.253000,0.253000,0.000000,0.253000,0.000000,2.766729,2.766729,2.513729,2.513729,0.000000,horizon_mpc_secbf,12,2.545787,true,osqp,optimal,75,6.050453,0,2.833146,accept,false,-0.008323,-0.001463,-0.013782,-0.002472,,,0.014002,0.026803,4.492379,0.000845
local_crowding,context_int,Proposed MPC-SECBF,73,7.300,2.199454,-0.350101,-0.013782,-0.002472,-2.964127,-0.288000,1.966000,-0.060000,0.420000,pedestrian,crossing,distracted,,0.000000,1.000000,3.398787,2.798787,0.253000,0.253000,0.253000,0.253000,0.000000,0.253000,0.000000,2.798787,2.798787,2.545787,2.545787,0.000000,horizon_mpc_secbf,12,2.579031,true,osqp,optimal,75,4.167336,0,2.877206,accept,false,0.005459,0.001009,0.002157,0.000412,,,0.002196,0.016198,4.492599,0.000555
local_crowding,context_int,Proposed MPC-SECBF,74,7.400,2.199670,-0.350060,0.002157,0.000412,0.188522,-0.294000,2.008000,-0.060000,0.420000,pedestrian,crossing,distracted,,0.000000,1.000000,3.432031,2.832031,0.253000,0.253000,0.253000,0.253000,0.000000,0.253000,0.000000,2.832031,2.832031,2.579031,2.579031,0.000000,horizon_mpc_secbf,12,2.612533,true,osqp,optimal,75,6.163333,0,2.913065,accept,false,0.003301,0.000597,0.003105,0.000565,,,0.003156,0.000960,4.492915,0.000335
local_crowding,context_int,Proposed MPC-SECBF,75,7.500,2.199980,-0.350003,0.003105,0.000565,0.180106,-0.300000,2.050000,-0.060000,0.420000,pedestrian,crossing,distracted,,0.000000,1.000000,3.465533,2.865533,0.253000,0.253000,0.253000,0.253000,0.000000,0.253000,0.000000,2.865533,2.865533,2.612533,2.612533,0.000000,horizon_mpc_secbf,12,2.646086,true,osqp,optimal,50,3.793868,0,2.947095,accept,false,0.000196,0.000032,0.000694,0.000125,,,0.000705,0.002451,4.492985,0.000020
local_crowding,context_int,Proposed MPC-SECBF,76,7.600,2.200050,-0.349991,0.000694,0.000125,0.177976,-0.306000,2.092000,-0.060000,0.420000,pedestrian,crossing,distracted,,0.000000,1.000000,3.499086,2.899086,0.253000,0.253000,0.253000,0.253000,0.000000,0.253000,0.000000,2.899086,2.899086,2.646086,2.646086,0.000000,horizon_mpc_secbf,12,2.679773,true,osqp,optimal,50,5.455078,0,2.982006,accept,false,-0.000498,-0.000093,-0.000291,-0.000058,,,0.000297,0.001002,4.493015,0.000051
local_crowding,context_int,Proposed MPC-SECBF,77,7.700,2.200021,-0.349996,-0.000291,-0.000058,-2.945227,-0.312000,2.134000,-0.060000,0.420000,pedestrian,crossing,distracted,,0.000000,1.000000,3.532773,2.932773,0.253000,0.253000,0.253000,0.253000,0.000000,0.253000,0.000000,2.932773,2.932773,2.679773,2.679773,0.000000,horizon_mpc_secbf,12,2.713650,true,osqp,optimal,50,5.563168,0,3.017623,accept,false,-0.000207,-0.000035,-0.000220,-0.000040,,,0.000224,0.000073,4.493037,0.000021
local_crowding,context_int,Proposed MPC-SECBF,78,7.800,2.199999,-0.350000,-0.000220,-0.000040,-2.961904,-0.318000,2.176000,-0.060000,0.420000,pedestrian,crossing,distracted,,0.000000,1.000000,3.566650,2.966650,0.253000,0.253000,0.253000,0.253000,0.000000,0.253000,0.000000,2.966650,2.966650,2.713650,2.713650,0.000000,horizon_mpc_secbf,12,2.747721,true,osqp,optimal,25,4.361986,0,3.053459,accept,false,0.000014,0.000005,-0.000002,0.000006,,,0.000007,0.000223,4.493038,0.000001
local_crowding,context_int,Proposed MPC-SECBF,79,7.900,2.199998,-0.350000,-0.000002,0.000006,1.923671,-0.324000,2.218000,-0.060000,0.420000,pedestrian,crossing,distracted,,0.000000,1.000000,3.600721,3.000721,0.253000,0.253000,0.253000,0.253000,0.000000,0.253000,0.000000,3.000721,3.000721,2.747721,2.747721,0.000000,horizon_mpc_secbf,12,2.781969,true,osqp,optimal,25,5.685070,0,3.089327,accept,false,0.000016,-0.000002,0.000012,0.000001,,,0.000012,0.000015,4.493039,0.000002
local_crowding,context_int,Proposed MPC-SECBF,80,8.000,2.200000,-0.350000,0.000012,0.000001,0.061417,-0.330000,2.260000,-0.060000,0.420000,pedestrian,crossing,distracted,,0.000000,1.000000,3.634969,3.034969,0.253000,0.253000,0.253000,0.253000,0.000000,0.253000,0.000000,3.034969,3.034969,2.781969,2.781969,0.000000,horizon_mpc_secbf,12,2.816387,true,osqp,optimal,25,3.514891,0,3.125305,accept,false,0.000004,-0.000002,0.000005,-0.000001,,,0.000005,0.000007,4.493040,0.000000
local_crowding,context_int,Proposed MPC-SECBF,81,8.100,2.200000,-0.350000,0.000005,-0.000001,-0.274186,-0.336000,2.302000,-0.060000,0.420000,pedestrian,crossing,distracted,,0.000000,1.000000,3.669387,3.069387,0.253000,0.253000,0.253000,0.253000,0.000000,0.253000,0.000000,3.069387,3.069387,2.816387,2.816387,0.000000,horizon_mpc_secbf,12,2.850971,true,osqp,optimal,25,4.506709,0,3.161404,accept,false,-0.000001,-0.000001,-0.000000,-0.000001,,,0.000001,0.000005,4.493040,0.000000
local_crowding,context_int,Proposed MPC-SECBF,82,8.200,2.200000,-0.350000,-0.000000,-0.000001,-1.595284,-0.342000,2.344000,-0.060000,0.420000,pedestrian,crossing,distracted,,0.000000,1.000000,3.703971,3.103971,0.253000,0.253000,0.253000,0.253000,0.000000,0.253000,0.000000,3.103971,3.103971,2.850971,2.850971,0.000000,horizon_mpc_secbf,12,2.885716,true,osqp,optimal,25,4.410883,0,3.197625,accept,false,-0.000001,0.000000,-0.000001,-0.000000,,,0.000001,0.000001,4.493040,0.000000
local_crowding,context_int,Proposed MPC-SECBF,83,8.300,2.200000,-0.350000,-0.000001,-0.000000,-2.961941,-0.348000,2.386000,-0.060000,0.420000,pedestrian,crossing,distracted,,0.000000,1.000000,3.738716,3.138716,0.253000,0.253000,0.253000,0.253000,0.000000,0.253000,0.000000,3.138716,3.138716,2.885716,2.885716,0.000000,horizon_mpc_secbf,12,2.920619,true,osqp,optimal,25,4.345574,0,3.233964,accept,false,-0.000000,0.000000,-0.000000,0.000000,,,0.000000,0.000001,4.493040,0.000000
local_crowding,context_int,Proposed MPC-SECBF,84,8.400,2.200000,-0.350000,-0.000000,0.000000,2.699542,-0.354000,2.428000,-0.060000,0.420000,pedestrian,crossing,distracted,,0.000000,1.000000,3.773619,3.173619,0.253000,0.253000,0.253000,0.253000,0.000000,0.253000,0.000000,3.173619,3.173619,2.920619,2.920619,0.000000,horizon_mpc_secbf,12,2.955674,true,osqp,optimal,25,4.242655,0,3.270416,accept,false,0.000000,0.000000,0.000000,0.000000,,,0.000000,0.000000,4.493040,0.000000
local_crowding,context_int,Proposed MPC-SECBF,85,8.500,2.200000,-0.350000,0.000000,0.000000,1.400840,-0.360000,2.470000,-0.060000,0.420000,pedestrian,crossing,distracted,,0.000000,1.000000,3.808674,3.208674,0.253000,0.253000,0.253000,0.253000,0.000000,0.253000,0.000000,3.208674,3.208674,2.955674,2.955674,0.000000,horizon_mpc_secbf,12,2.990878,true,osqp,optimal,25,4.696529,0,3.306978,accept,false,0.000000,-0.000000,0.000000,0.000000,,,0.000000,0.000000,4.493040,0.000000
local_crowding,context_int,Proposed MPC-SECBF,86,8.600,2.200000,-0.350000,0.000000,0.000000,0.261381,-0.366000,2.512000,-0.060000,0.420000,pedestrian,crossing,distracted,,0.000000,1.000000,3.843878,3.243878,0.253000,0.253000,0.253000,0.253000,0.000000,0.253000,0.000000,3.243878,3.243878,2.990878,2.990878,0.000000,horizon_mpc_secbf,12,3.026227,true,osqp,optimal,25,3.782379,0,3.343647,accept,false,0.000000,-0.000000,0.000000,-0.000000,,,0.000000,0.000000,4.493040,0.000000
local_crowding,context_int,Proposed MPC-SECBF,87,8.700,2.200000,-0.350000,0.000000,-0.000000,-0.676890,-0.372000,2.554000,-0.060000,0.420000,pedestrian,crossing,distracted,,0.000000,1.000000,3.879227,3.279227,0.253000,0.253000,0.253000,0.253000,0.000000,0.253000,0.000000,3.279227,3.279227,3.026227,3.026227,0.000000,horizon_mpc_secbf,12,3.061716,true,osqp,optimal,25,4.447304,0,3.380421,accept,false,0.000000,0.000000,0.000000,-0.000000,,,0.000000,0.000000,4.493040,0.000000
local_crowding,context_int,Proposed MPC-SECBF,88,8.800,2.200000,-0.350000,0.000000,-0.000000,-0.675092,-0.378000,2.596000,-0.060000,0.420000,pedestrian,crossing,distracted,,0.000000,1.000000,3.914716,3.314716,0.253000,0.253000,0.253000,0.253000,0.000000,0.253000,0.000000,3.314716,3.314716,3.061716,3.061716,0.000000,horizon_mpc_secbf,12,3.097342,true,osqp,optimal,25,3.584540,0,3.417297,accept,false,-0.000000,-0.000000,-0.000000,-0.000000,,,0.000000,0.000000,4.493040,0.000000
local_crowding,context_int,Proposed MPC-SECBF,89,8.900,2.200000,-0.350000,-0.000000,-0.000000,-2.495082,-0.384000,2.638000,-0.060000,0.420000,pedestrian,crossing,distracted,,0.000000,1.000000,3.950342,3.350342,0.253000,0.253000,0.253000,0.253000,0.000000,0.253000,0.000000,3.350342,3.350342,3.097342,3.097342,0.000000,horizon_mpc_secbf,12,3.133101,true,osqp,optimal,25,3.526922,0,3.454273,accept,false,0.000000,0.000000,-0.000000,-0.000000,,,0.000000,0.000000,4.493040,0.000000
local_crowding,context_int,Proposed MPC-SECBF,90,9.000,2.200000,-0.350000,-0.000000,-0.000000,-2.495082,-0.390000,2.680000,-0.060000,0.420000,pedestrian,crossing,distracted,,0.000000,1.000000,3.986101,3.386101,0.253000,0.253000,0.253000,0.253000,0.000000,0.253000,0.000000,3.386101,3.386101,3.133101,3.133101,0.000000,horizon_mpc_secbf,12,3.168990,true,osqp,optimal,25,3.665891,0,3.491346,accept,false,0.000000,0.000000,0.000000,-0.000000,,,0.000000,0.000000,4.493040,0.000000
local_crowding,context_int,Proposed MPC-SECBF,91,9.100,2.200000,-0.350000,0.000000,-0.000000,-2.495082,-0.396000,2.722000,-0.060000,0.420000,pedestrian,crossing,distracted,,0.000000,1.000000,4.021990,3.421990,0.253000,0.253000,0.253000,0.253000,0.000000,0.253000,0.000000,3.421990,3.421990,3.168990,3.168990,0.000000,horizon_mpc_secbf,12,3.205004,true,osqp,optimal,25,4.481850,0,3.528513,accept,false,0.000000,0.000000,0.000000,-0.000000,,,0.000000,0.000000,4.493040,0.000000
local_crowding,context_int,Proposed MPC-SECBF,92,9.200,2.200000,-0.350000,0.000000,-0.000000,-2.495082,-0.402000,2.764000,-0.060000,0.420000,pedestrian,crossing,distracted,,0.000000,1.000000,4.058004,3.458004,0.253000,0.253000,0.253000,0.253000,0.000000,0.253000,0.000000,3.458004,3.458004,3.205004,3.205004,0.000000,horizon_mpc_secbf,12,3.241142,true,osqp,optimal,25,3.731617,0,3.565773,accept,false,0.000000,0.000000,0.000000,-0.000000,,,0.000000,0.000000,4.493040,0.000000
local_crowding,context_int,Proposed MPC-SECBF,93,9.300,2.200000,-0.350000,0.000000,-0.000000,-2.495082,-0.408000,2.806000,-0.060000,0.420000,pedestrian,crossing,distracted,,0.000000,1.000000,4.094142,3.494142,0.253000,0.253000,0.253000,0.253000,0.000000,0.253000,0.000000,3.494142,3.494142,3.241142,3.241142,0.000000,horizon_mpc_secbf,12,3.277399,true,osqp,optimal,25,3.528960,0,3.603123,accept,false,0.000000,0.000000,0.000000,-0.000000,,,0.000000,0.000000,4.493040,0.000000
local_crowding,context_int,Proposed MPC-SECBF,94,9.400,2.200000,-0.350000,0.000000,-0.000000,-2.495082,-0.414000,2.848000,-0.060000,0.420000,pedestrian,crossing,distracted,,0.000000,1.000000,4.130399,3.530399,0.253000,0.253000,0.253000,0.253000,0.000000,0.253000,0.000000,3.530399,3.530399,3.277399,3.277399,0.000000,horizon_mpc_secbf,12,3.313773,true,osqp,optimal,25,3.272125,0,3.640560,accept,false,0.000000,0.000000,0.000000,-0.000000,,,0.000000,0.000000,4.493040,0.000000
local_crowding,context_int,Proposed MPC-SECBF,95,9.500,2.200000,-0.350000,0.000000,-0.000000,-2.495082,-0.420000,2.890000,-0.060000,0.420000,pedestrian,crossing,distracted,,0.000000,1.000000,4.166773,3.566773,0.253000,0.253000,0.253000,0.253000,0.000000,0.253000,0.000000,3.566773,3.566773,3.313773,3.313773,0.000000,horizon_mpc_secbf,12,3.350261,true,osqp,optimal,25,5.018693,0,3.678084,accept,false,0.000000,0.000000,0.000000,-0.000000,,,0.000000,0.000000,4.493040,0.000000
local_crowding,context_int,Proposed MPC-SECBF,96,9.600,2.200000,-0.350000,0.000000,-0.000000,-2.495082,-0.426000,2.932000,-0.060000,0.420000,pedestrian,crossing,distracted,,0.000000,1.000000,4.203261,3.603261,0.253000,0.253000,0.253000,0.253000,0.000000,0.253000,0.000000,3.603261,3.603261,3.350261,3.350261,0.000000,horizon_mpc_secbf,12,3.386858,true,osqp,optimal,25,3.497322,0,3.715691,accept,false,0.000000,0.000000,0.000000,-0.000000,,,0.000000,0.000000,4.493040,0.000000
local_crowding,context_int,Proposed MPC-SECBF,97,9.700,2.200000,-0.350000,0.000000,-0.000000,-2.495082,-0.432000,2.974000,-0.060000,0.420000,pedestrian,crossing,distracted,,0.000000,1.000000,4.239858,3.639858,0.253000,0.253000,0.253000,0.253000,0.000000,0.253000,0.000000,3.639858,3.639858,3.386858,3.386858,0.000000,horizon_mpc_secbf,12,3.423564,true,osqp,optimal,25,3.749093,0,3.753380,accept,false,0.000000,0.000000,0.000000,-0.000000,,,0.000000,0.000000,4.493040,0.000000
local_crowding,context_int,Proposed MPC-SECBF,98,9.800,2.200000,-0.350000,0.000000,-0.000000,-2.495082,-0.438000,3.016000,-0.060000,0.420000,pedestrian,crossing,distracted,,0.000000,1.000000,4.276564,3.676564,0.253000,0.253000,0.253000,0.253000,0.000000,0.253000,0.000000,3.676564,3.676564,3.423564,3.423564,0.000000,horizon_mpc_secbf,12,3.460375,true,osqp,optimal,25,3.668178,0,3.791149,accept,false,0.000000,0.000000,0.000000,-0.000000,,,0.000000,0.000000,4.493040,0.000000
local_crowding,context_int,Proposed MPC-SECBF,99,9.900,2.200000,-0.350000,0.000000,-0.000000,-2.495082,-0.444000,3.058000,-0.060000,0.420000,pedestrian,crossing,distracted,,0.000000,1.000000,4.313375,3.713375,0.253000,0.253000,0.253000,0.253000,0.000000,0.253000,0.000000,3.713375,3.713375,3.460375,3.460375,0.000000,horizon_mpc_secbf,12,3.497287,true,osqp,optimal,25,5.118694,0,3.828995,accept,false,0.000000,0.000000,0.000000,-0.000000,,,0.000000,0.000000,4.493040,0.000000
local_crowding,context_int,Proposed MPC-SECBF,100,10.000,2.200000,-0.350000,0.000000,-0.000000,-2.495082,-0.450000,3.100000,-0.060000,0.420000,pedestrian,crossing,distracted,,0.000000,1.000000,4.350287,3.750287,0.253000,0.253000,0.253000,0.253000,0.000000,0.253000,0.000000,3.750287,3.750287,3.497287,3.497287,0.000000,horizon_mpc_secbf,12,3.534300,true,osqp,optimal,25,5.199623,0,3.866918,accept,false,0.000000,0.000000,0.000000,-0.000000,,,0.000000,0.000000,4.493040,0.000000
local_crowding,context_int,Proposed MPC-SECBF,101,10.100,2.200000,-0.350000,0.000000,-0.000000,-2.495082,-0.456000,3.142000,-0.060000,0.420000,pedestrian,crossing,distracted,,0.000000,1.000000,4.387300,3.787300,0.253000,0.253000,0.253000,0.253000,0.000000,0.253000,0.000000,3.787300,3.787300,3.534300,3.534300,0.000000,horizon_mpc_secbf,12,3.571410,true,osqp,optimal,25,5.151968,0,3.904915,accept,false,0.000000,0.000000,0.000000,-0.000000,,,0.000000,0.000000,4.493040,0.000000
local_crowding,context_int,Proposed MPC-SECBF,102,10.200,2.200000,-0.350000,0.000000,-0.000000,-2.495082,-0.462000,3.184000,-0.060000,0.420000,pedestrian,crossing,distracted,,0.000000,1.000000,4.424410,3.824410,0.253000,0.253000,0.253000,0.253000,0.000000,0.253000,0.000000,3.824410,3.824410,3.571410,3.571410,0.000000,horizon_mpc_secbf,12,3.608614,true,osqp,optimal,25,5.349557,0,3.942985,accept,false,0.000000,0.000000,0.000000,-0.000000,,,0.000000,0.000000,4.493040,0.000000
local_crowding,context_int,Proposed MPC-SECBF,103,10.300,2.200000,-0.350000,0.000000,-0.000000,-2.495082,-0.468000,3.226000,-0.060000,0.420000,pedestrian,crossing,distracted,,0.000000,1.000000,4.461614,3.861614,0.253000,0.253000,0.253000,0.253000,0.000000,0.253000,0.000000,3.861614,3.861614,3.608614,3.608614,0.000000,horizon_mpc_secbf,12,3.645911,true,osqp,optimal,25,4.872055,0,3.981125,accept,false,0.000000,0.000000,0.000000,-0.000000,,,0.000000,0.000000,4.493040,0.000000
local_crowding,context_int,Proposed MPC-SECBF,104,10.400,2.200000,-0.350000,0.000000,-0.000000,-2.495082,-0.474000,3.268000,-0.060000,0.420000,pedestrian,crossing,distracted,,0.000000,1.000000,4.498911,3.898911,0.253000,0.253000,0.253000,0.253000,0.000000,0.253000,0.000000,3.898911,3.898911,3.645911,3.645911,0.000000,horizon_mpc_secbf,12,3.683298,true,osqp,optimal,25,4.887769,0,4.019335,accept,false,0.000000,0.000000,0.000000,-0.000000,,,0.000000,0.000000,4.493040,0.000000
local_crowding,context_int,Proposed MPC-SECBF,105,10.500,2.200000,-0.350000,0.000000,-0.000000,-2.495082,-0.480000,3.310000,-0.060000,0.420000,pedestrian,crossing,distracted,,0.000000,1.000000,4.536298,3.936298,0.253000,0.253000,0.253000,0.253000,0.000000,0.253000,0.000000,3.936298,3.936298,3.683298,3.683298,0.000000,horizon_mpc_secbf,12,3.720773,true,osqp,optimal,25,5.218339,0,4.057612,accept,false,0.000000,0.000000,0.000000,-0.000000,,,0.000000,0.000000,4.493040,0.000000
local_crowding,context_int,Proposed MPC-SECBF,106,10.600,2.200000,-0.350000,0.000000,-0.000000,-2.495082,-0.486000,3.352000,-0.060000,0.420000,pedestrian,crossing,distracted,,0.000000,1.000000,4.573773,3.973773,0.253000,0.253000,0.253000,0.253000,0.000000,0.253000,0.000000,3.973773,3.973773,3.720773,3.720773,0.000000,horizon_mpc_secbf,12,3.758334,true,osqp,optimal,25,4.876180,0,4.095956,accept,false,0.000000,0.000000,0.000000,-0.000000,,,0.000000,0.000000,4.493040,0.000000
local_crowding,context_int,Proposed MPC-SECBF,107,10.700,2.200000,-0.350000,0.000000,-0.000000,-2.495082,-0.492000,3.394000,-0.060000,0.420000,pedestrian,crossing,distracted,,0.000000,1.000000,4.611334,4.011334,0.253000,0.253000,0.253000,0.253000,0.000000,0.253000,0.000000,4.011334,4.011334,3.758334,3.758334,0.000000,horizon_mpc_secbf,12,3.795978,true,osqp,optimal,25,5.119587,0,4.134364,accept,false,0.000000,0.000000,0.000000,-0.000000,,,0.000000,0.000000,4.493040,0.000000
local_crowding,context_int,Proposed MPC-SECBF,108,10.800,2.200000,-0.350000,0.000000,-0.000000,-2.495082,-0.498000,3.436000,-0.060000,0.420000,pedestrian,crossing,distracted,,0.000000,1.000000,4.648978,4.048978,0.253000,0.253000,0.253000,0.253000,0.000000,0.253000,0.000000,4.048978,4.048978,3.795978,3.795978,0.000000,horizon_mpc_secbf,12,3.833705,true,osqp,optimal,25,5.331481,0,4.172835,accept,false,0.000000,0.000000,0.000000,-0.000000,,,0.000000,0.000000,4.493040,0.000000
local_crowding,context_int,Proposed MPC-SECBF,109,10.900,2.200000,-0.350000,0.000000,-0.000000,-2.495082,-0.504000,3.478000,-0.060000,0.420000,pedestrian,crossing,distracted,,0.000000,1.000000,4.686705,4.086705,0.253000,0.253000,0.253000,0.253000,0.000000,0.253000,0.000000,4.086705,4.086705,3.833705,3.833705,0.000000,horizon_mpc_secbf,12,3.871511,true,osqp,optimal,25,4.920028,0,4.211369,accept,false,0.000000,0.000000,0.000000,-0.000000,,,0.000000,0.000000,4.493040,0.000000
local_crowding,context_int,Proposed MPC-SECBF,110,11.000,2.200000,-0.350000,0.000000,-0.000000,-2.495082,-0.510000,3.520000,-0.060000,0.420000,pedestrian,crossing,distracted,,0.000000,1.000000,4.724511,4.124511,0.253000,0.253000,0.253000,0.253000,0.000000,0.253000,0.000000,4.124511,4.124511,3.871511,3.871511,0.000000,horizon_mpc_secbf,12,3.909394,true,osqp,optimal,25,5.056652,0,4.249962,accept,false,0.000000,0.000000,0.000000,-0.000000,,,0.000000,0.000000,4.493040,0.000000
local_crowding,context_int,Proposed MPC-SECBF,111,11.100,2.200000,-0.350000,0.000000,-0.000000,-2.495082,-0.516000,3.562000,-0.060000,0.420000,pedestrian,crossing,distracted,,0.000000,1.000000,4.762394,4.162394,0.253000,0.253000,0.253000,0.253000,0.000000,0.253000,0.000000,4.162394,4.162394,3.909394,3.909394,0.000000,horizon_mpc_secbf,12,3.947354,true,osqp,optimal,25,5.151169,0,4.288615,accept,false,0.000000,0.000000,0.000000,-0.000000,,,0.000000,0.000000,4.493040,0.000000
local_crowding,context_int,Proposed MPC-SECBF,112,11.200,2.200000,-0.350000,0.000000,-0.000000,-2.495082,-0.522000,3.604000,-0.060000,0.420000,pedestrian,crossing,distracted,,0.000000,1.000000,4.800354,4.200354,0.253000,0.253000,0.253000,0.253000,0.000000,0.253000,0.000000,4.200354,4.200354,3.947354,3.947354,0.000000,horizon_mpc_secbf,12,3.985388,true,osqp,optimal,25,4.677882,0,4.327326,accept,false,0.000000,0.000000,0.000000,-0.000000,,,0.000000,0.000000,4.493040,0.000000
local_crowding,context_int,Proposed MPC-SECBF,113,11.300,2.200000,-0.350000,0.000000,-0.000000,-2.495082,-0.528000,3.646000,-0.060000,0.420000,pedestrian,crossing,distracted,,0.000000,1.000000,4.838388,4.238388,0.253000,0.253000,0.253000,0.253000,0.000000,0.253000,0.000000,4.238388,4.238388,3.985388,3.985388,0.000000,horizon_mpc_secbf,12,4.023495,true,osqp,optimal,25,3.585346,0,4.366093,accept,false,0.000000,0.000000,0.000000,-0.000000,,,0.000000,0.000000,4.493040,0.000000
local_crowding,context_int,Proposed MPC-SECBF,114,11.400,2.200000,-0.350000,0.000000,-0.000000,-2.495082,-0.534000,3.688000,-0.060000,0.420000,pedestrian,crossing,distracted,,0.000000,1.000000,4.876495,4.276495,0.253000,0.253000,0.253000,0.253000,0.000000,0.253000,0.000000,4.276495,4.276495,4.023495,4.023495,0.000000,horizon_mpc_secbf,12,4.061672,true,osqp,optimal,25,3.997723,0,4.404916,accept,false,0.000000,0.000000,0.000000,-0.000000,,,0.000000,0.000000,4.493040,0.000000
local_crowding,context_int,Proposed MPC-SECBF,115,11.500,2.200000,-0.350000,0.000000,-0.000000,-2.495082,-0.540000,3.730000,-0.060000,0.420000,pedestrian,crossing,distracted,,0.000000,1.000000,4.914672,4.314672,0.253000,0.253000,0.253000,0.253000,0.000000,0.253000,0.000000,4.314672,4.314672,4.061672,4.061672,0.000000,horizon_mpc_secbf,12,4.099918,true,osqp,optimal,25,3.855701,0,4.443793,accept,false,0.000000,0.000000,0.000000,-0.000000,,,0.000000,0.000000,4.493040,0.000000
local_crowding,context_int,Proposed MPC-SECBF,116,11.600,2.200000,-0.350000,0.000000,-0.000000,-2.495082,-0.546000,3.772000,-0.060000,0.420000,pedestrian,crossing,distracted,,0.000000,1.000000,4.952918,4.352918,0.253000,0.253000,0.253000,0.253000,0.000000,0.253000,0.000000,4.352918,4.352918,4.099918,4.099918,0.000000,horizon_mpc_secbf,12,4.138232,true,osqp,optimal,25,4.703360,0,4.482723,accept,false,0.000000,0.000000,0.000000,-0.000000,,,0.000000,0.000000,4.493040,0.000000
local_crowding,context_int,Proposed MPC-SECBF,117,11.700,2.200000,-0.350000,0.000000,-0.000000,-2.495082,-0.552000,3.814000,-0.060000,0.420000,pedestrian,crossing,distracted,,0.000000,1.000000,4.991232,4.391232,0.253000,0.253000,0.253000,0.253000,0.000000,0.253000,0.000000,4.391232,4.391232,4.138232,4.138232,0.000000,horizon_mpc_secbf,12,4.176612,true,osqp,optimal,25,3.688179,0,4.521705,accept,false,0.000000,0.000000,0.000000,-0.000000,,,0.000000,0.000000,4.493040,0.000000
local_crowding,context_int,Proposed MPC-SECBF,118,11.800,2.200000,-0.350000,0.000000,-0.000000,-2.495082,-0.558000,3.856000,-0.060000,0.420000,pedestrian,crossing,distracted,,0.000000,1.000000,5.029612,4.429612,0.253000,0.253000,0.253000,0.253000,0.000000,0.253000,0.000000,4.429612,4.429612,4.176612,4.176612,0.000000,horizon_mpc_secbf,12,4.215057,true,osqp,optimal,25,4.589283,0,4.560737,accept,false,0.000000,0.000000,0.000000,-0.000000,,,0.000000,0.000000,4.493040,0.000000
local_crowding,context_int,Proposed MPC-SECBF,119,11.900,2.200000,-0.350000,0.000000,-0.000000,-2.495082,-0.564000,3.898000,-0.060000,0.420000,pedestrian,crossing,distracted,,0.000000,1.000000,5.068057,4.468057,0.253000,0.253000,0.253000,0.253000,0.000000,0.253000,0.000000,4.468057,4.468057,4.215057,4.215057,0.000000,horizon_mpc_secbf,12,4.253564,true,osqp,optimal,25,5.177020,0,4.599820,accept,false,0.000000,0.000000,0.000000,-0.000000,,,0.000000,0.000000,4.493040,0.000000
