scenario,context_level,method,step,time,robot_x,robot_y,robot_vx,robot_vy,robot_theta,human_x,human_y,human_vx,human_vy,human_type,motion_state,attention_state,ttc,head_on_factor,crowding_factor,distance,clearance,beta_candidate,beta_final,beta_requested,beta_applied,beta_dynamic,beta_cbf,delta_beta,h_standard,h_ee,h_see,h_cbf,slack,controller_type,horizon_steps,predicted_min_h,solver_success,solver_backend,solver_status,solver_iterations,solve_time_ms,active_constraints,min_cbf_value,guard_status,guard_active,u_ref_x,u_ref_y,cmd_vx,cmd_vy,cmd_v,cmd_omega,speed,command_step,path_length,goal_error
local_crowding,context_ext,Standard MPC-CBF,0,0.000,-2.200000,-0.350000,0.000000,0.000000,0.000000,0.150000,-1.100000,-0.060000,0.420000,pedestrian,walking,unknown,10.098536,1.000000,1.000000,2.466779,1.866779,0.000000,0.000000,0.000000,0.000000,0.000000,0.000000,0.000000,1.866779,1.866779,1.866779,1.866779,0.000000,horizon_mpc_secbf,12,0.834700,true,osqp,optimal,175,4.589366,0,1.090306,geometric,false,0.750000,0.000000,0.621016,0.000000,,,0.621016,0.621016,0.062102,4.400000
local_crowding,context_ext,Standard MPC-CBF,1,0.100,-2.137898,-0.350000,0.621016,0.000000,0.000000,0.144000,-1.058000,-0.060000,0.420000,pedestrian,walking,unknown,2.308992,1.000000,1.000000,2.389210,1.789210,0.000000,0.000000,0.000000,0.000000,0.000000,0.000000,0.000000,1.789210,1.789210,1.789210,1.789210,0.000000,horizon_mpc_secbf,12,0.750775,true,osqp,optimal,125,3.965329,0,0.913956,geometric,false,0.750000,-0.000000,0.726102,0.000000,,,0.726102,0.105086,0.134712,4.337898
local_crowding,context_ext,Standard MPC-CBF,2,0.200,-2.065288,-0.350000,0.726102,0.000000,0.000000,0.138000,-1.016000,-0.060000,0.420000,pedestrian,walking,unknown,1.947074,1.000000,1.000000,2.301746,1.701746,0.000000,0.000000,0.000000,0.000000,0.000000,0.000000,0.000000,1.701746,1.701746,1.701746,1.701746,0.000000,horizon_mpc_secbf,12,0.667739,true,osqp,optimal,125,4.480182,0,0.818664,geometric,false,0.750000,-0.000000,0.735588,0.000001,,,0.735588,0.009486,0.208271,4.265288
local_crowding,context_ext,Standard MPC-CBF,3,0.300,-1.991729,-0.350000,0.735588,0.000001,0.000001,0.132000,-0.974000,-0.060000,0.420000,pedestrian,walking,unknown,1.829949,1.000000,1.000000,2.213505,1.613505,0.000000,0.000000,0.000000,0.000000,0.000000,0.000000,0.000000,1.613505,1.613505,1.613505,1.613505,0.000000,horizon_mpc_secbf,12,0.586075,true,osqp,optimal,125,4.128733,0,0.731786,geometric,false,0.750000,-0.000000,0.735588,0.000009,,,0.735588,0.000008,0.281830,4.191729
local_crowding,context_ext,Standard MPC-CBF,4,0.400,-1.918170,-0.349999,0.735588,0.000009,0.000013,0.126000,-0.932000,-0.060000,0.420000,pedestrian,walking,unknown,1.733052,1.000000,1.000000,2.125408,1.525408,0.000000,0.000000,0.000000,0.000000,0.000000,0.000000,0.000000,1.525408,1.525408,1.525408,1.525408,0.000000,horizon_mpc_secbf,12,0.505661,true,osqp,optimal,125,4.015238,0,0.645235,geometric,false,0.750000,-0.000000,0.735589,0.000058,,,0.735589,0.000048,0.355388,4.118170
local_crowding,context_ext,Standard MPC-CBF,5,0.500,-1.844612,-0.349993,0.735589,0.000058,0.000078,0.120000,-0.890000,-0.060000,0.420000,pedestrian,walking,unknown,1.636400,1.000000,1.000000,2.037475,1.437475,0.000000,0.000000,0.000000,0.000000,0.000000,0.000000,0.000000,1.437475,1.437475,1.437475,1.437475,0.000000,horizon_mpc_secbf,12,0.426411,true,osqp,optimal,125,3.750650,0,0.559110,geometric,false,0.750000,-0.000001,0.735589,0.000331,,,0.735589,0.000273,0.428947,4.044612
local_crowding,context_ext,Standard MPC-CBF,6,0.600,-1.771053,-0.349960,0.735589,0.000331,0.000449,0.114000,-0.848000,-0.060000,0.420000,pedestrian,walking,unknown,1.540098,1.000000,1.000000,1.949735,1.349735,0.000000,0.000000,0.000000,0.000000,0.000000,0.000000,0.000000,1.349735,1.349735,1.349735,1.349735,0.000000,horizon_mpc_secbf,12,0.348264,true,osqp,optimal,175,5.046027,0,0.473749,geometric,false,0.750000,-0.000008,0.735573,0.001873,,,0.735575,0.001543,0.502505,3.971053
local_crowding,context_ext,Standard MPC-CBF,7,0.700,-1.697495,-0.349773,0.735573,0.001873,0.002546,0.108000,-0.806000,-0.060000,0.420000,pedestrian,walking,unknown,1.444606,1.000000,1.000000,1.862245,1.262245,0.000000,0.000000,0.000000,0.000000,0.000000,0.000000,0.000000,1.262245,1.262245,1.262245,1.262245,0.000000,horizon_mpc_secbf,12,0.271128,true,osqp,optimal,175,4.181457,0,0.390609,geometric,false,0.750000,-0.000044,0.735576,0.010575,,,0.735652,0.008702,0.576070,3.897495
local_crowding,context_ext,Standard MPC-CBF,8,0.800,-1.623938,-0.348715,0.735576,0.010575,0.014375,0.102000,-0.764000,-0.060000,0.420000,pedestrian,walking,unknown,1.351919,1.000000,1.000000,1.775196,1.175196,0.000000,0.000000,0.000000,0.000000,0.000000,0.000000,0.000000,1.175196,1.175196,1.175196,1.175196,0.000000,horizon_mpc_secbf,12,0.194883,true,osqp,optimal,175,4.644781,0,0.310881,geometric,false,0.750000,-0.000252,0.735580,0.031810,,,0.736267,0.021236,0.649697,3.823938
local_crowding,context_ext,Standard MPC-CBF,9,0.900,-1.550380,-0.345534,0.735580,0.031810,0.043218,0.096000,-0.722000,-0.060000,0.420000,child,crossing,distracted,1.263057,1.000000,1.000000,1.688873,1.088873,0.000000,0.000000,0.000000,0.000000,0.000000,0.000000,0.000000,1.088873,1.088873,1.088873,1.088873,0.000000,horizon_mpc_secbf,12,0.119331,true,osqp,optimal,175,4.373096,0,0.231854,geometric,false,0.749999,-0.000893,0.735581,0.054580,,,0.737603,0.022770,0.723457,3.750382
local_crowding,context_ext,Standard MPC-CBF,10,1.000,-1.476822,-0.340076,0.735581,0.054580,0.074065,0.090000,-0.680000,-0.060000,0.420000,child,crossing,distracted,1.173458,1.000000,1.000000,1.603271,1.003271,0.000000,0.000000,0.000000,0.000000,0.000000,0.000000,0.000000,1.003271,1.003271,1.003271,1.003271,0.000000,horizon_mpc_secbf,12,0.044334,true,osqp,optimal,150,4.821078,0,0.153032,geometric,false,0.749997,-0.002024,0.735582,0.076899,,,0.739591,0.022319,0.797416,3.676835
local_crowding,context_ext,Standard MPC-CBF,11,1.100,-1.403263,-0.332386,0.735582,0.076899,0.104164,0.084000,-0.638000,-0.060000,0.420000,child,crossing,distracted,1.082488,1.000000,1.000000,1.518339,0.918339,0.000000,0.000000,0.000000,0.000000,0.000000,0.000000,0.000000,0.918339,0.918339,0.918339,0.918339,0.000034,horizon_mpc_secbf,12,-0.000037,true,osqp,optimal,50,3.644242,0,0.096618,geometric,false,0.749991,-0.003666,0.713435,0.101295,,,0.720590,0.032949,0.869475,3.603307
local_crowding,context_ext,Standard MPC-CBF,12,1.200,-1.331920,-0.322257,0.713435,0.101295,0.141040,0.078000,-0.596000,-0.060000,0.420000,child,crossing,distracted,1.019814,1.000000,1.000000,1.436248,0.836248,0.000000,0.000000,0.000000,0.000000,0.000000,0.000000,0.000000,0.836248,0.836248,0.836248,0.836248,0.000095,horizon_mpc_secbf,12,-0.000096,true,osqp,optimal,50,3.808545,0,0.076864,geometric,false,0.749977,-0.005891,0.656608,0.126141,,,0.668614,0.062022,0.936337,3.532029
local_crowding,context_ext,Standard MPC-CBF,13,1.300,-1.266259,-0.309643,0.656608,0.126141,0.189798,0.072000,-0.554000,-0.060000,0.420000,child,crossing,distracted,1.003496,1.000000,1.000000,1.360385,0.760385,0.000000,0.000000,0.000000,0.000000,0.000000,0.000000,0.000000,0.760385,0.760385,0.760385,0.760385,0.000152,horizon_mpc_secbf,12,-0.000152,true,osqp,optimal,50,4.055363,0,0.064497,geometric,false,0.749949,-0.008732,0.597638,0.146658,,,0.615369,0.062437,0.997874,3.466494
local_crowding,context_ext,Standard MPC-CBF,14,1.400,-1.206495,-0.294977,0.597638,0.146658,0.240641,0.066000,-0.512000,-0.060000,0.420000,child,crossing,distracted,0.995157,1.000000,1.000000,1.290869,0.690869,0.000000,0.000000,0.000000,0.000000,0.000000,0.000000,0.000000,0.690869,0.690869,0.690869,0.690869,0.000204,horizon_mpc_secbf,12,-0.000203,true,osqp,optimal,50,4.294371,0,0.054170,geometric,false,0.749902,-0.012113,0.541878,0.160709,,,0.565207,0.057503,1.054394,3.406940
local_crowding,context_ext,Standard MPC-CBF,15,1.500,-1.152308,-0.278906,0.541878,0.160709,0.288314,0.060000,-0.470000,-0.060000,0.420000,child,crossing,distracted,0.987977,1.000000,1.000000,1.227276,0.627276,0.000000,0.000000,0.000000,0.000000,0.000000,0.000000,0.000000,0.627276,0.627276,0.627276,0.627276,0.000251,horizon_mpc_secbf,12,-0.000251,true,osqp,optimal,50,3.663721,0,0.044294,geometric,false,0.749831,-0.015902,0.490360,0.165759,,,0.517618,0.051765,1.106156,3.353061
local_crowding,context_ext,Standard MPC-CBF,16,1.600,-1.103272,-0.262330,0.490360,0.165759,0.325977,0.054000,-0.428000,-0.060000,0.420000,child,crossing,distracted,0.979746,1.000000,1.000000,1.169070,0.569070,0.000000,0.000000,0.000000,0.000000,0.000000,0.000000,0.000000,0.569070,0.569070,0.569070,0.569070,0.000295,horizon_mpc_secbf,12,-0.000294,true,osqp,optimal,50,5.364490,0,0.032951,geometric,false,0.749736,-0.019898,0.444292,0.157420,,,0.471356,0.046816,1.153292,3.304435
local_crowding,context_ext,Standard MPC-CBF,17,1.700,-1.058842,-0.246588,0.444292,0.157420,0.340514,0.048000,-0.386000,-0.060000,0.420000,child,crossing,distracted,0.967054,1.000000,1.000000,1.115588,0.515588,0.000000,0.000000,0.000000,0.000000,0.000000,0.000000,0.000000,0.515588,0.515588,0.515588,0.515588,0.000333,horizon_mpc_secbf,12,-0.000333,true,osqp,optimal,50,5.528401,0,0.015369,geometric,false,0.749623,-0.023788,0.407717,0.127920,,,0.427313,0.046989,1.196023,3.260483
local_crowding,context_ext,Standard MPC-CBF,18,1.800,-1.018071,-0.233796,0.407717,0.127920,0.304021,0.042000,-0.344000,-0.060000,0.420000,child,crossing,distracted,0.940196,1.000000,1.000000,1.065784,0.465784,0.000000,0.000000,0.000000,0.000000,0.000000,0.000000,0.000000,0.465784,0.465784,0.465784,0.465784,0.000363,horizon_mpc_secbf,12,-0.000361,true,osqp,optimal,50,3.636400,0,-0.021377,geometric,false,0.749512,-0.027065,0.393358,0.066087,,,0.398871,0.063478,1.235910,3.220168
local_crowding,context_ext,Standard MPC-CBF,19,1.900,-0.978735,-0.227187,0.393358,0.066087,0.166454,0.036000,-0.302000,-0.060000,0.420000,child,crossing,distracted,0.873129,1.000000,1.000000,1.017489,0.417489,0.000000,0.000000,0.000000,0.000000,0.000000,0.000000,0.000000,0.417489,0.417489,0.417489,0.417489,0.000380,horizon_mpc_secbf,12,-0.000375,true,osqp,optimal,50,3.878512,0,-0.105114,geometric,false,0.749441,-0.028955,0.431292,-0.029102,,,0.432273,0.102469,1.279137,3.181107
local_crowding,context_ext,Standard MPC-CBF,20,2.000,-0.935606,-0.230098,0.431292,-0.029102,-0.067373,0.030000,-0.260000,-0.060000,0.420000,child,crossing,distracted,0.724950,1.000000,1.000000,0.966069,0.366069,0.000000,0.000000,0.000000,0.000000,0.000000,0.000000,0.000000,0.366069,0.366069,0.366069,0.366069,0.000000,horizon_mpc_secbf,12,0.062188,true,osqp,optimal,75,4.033031,0,-0.366181,geometric,false,0.749452,-0.028658,0.652485,-0.229578,,,0.691695,0.298525,1.348307,3.137897
local_crowding,context_ext,Standard MPC-CBF,21,2.100,-0.870357,-0.253055,0.652485,-0.229578,-0.338323,0.024000,-0.218000,-0.060000,0.420000,child,crossing,distracted,0.429782,1.000000,1.000000,0.895044,0.295044,0.000000,0.000000,0.000000,0.000000,0.000000,0.000000,0.000000,0.295044,0.295044,0.295044,0.295044,0.000000,horizon_mpc_secbf,12,0.057661,true,osqp,optimal,75,4.630977,0,-0.421069,geometric,false,0.749626,-0.023669,0.683764,-0.271434,,,0.735669,0.052252,1.421874,3.071887
local_crowding,context_ext,Standard MPC-CBF,22,2.200,-0.801981,-0.280199,0.683764,-0.271434,-0.377891,0.018000,-0.176000,-0.060000,0.420000,child,crossing,distracted,0.348219,1.000000,1.000000,0.826575,0.226575,0.000000,0.000000,0.000000,0.000000,0.000000,0.000000,0.000000,0.226575,0.226575,0.226575,0.226575,0.000000,horizon_mpc_secbf,12,0.053369,true,osqp,optimal,75,3.869269,0,-0.418175,geometric,false,0.749797,-0.017434,0.679198,-0.282452,,,0.735588,0.011927,1.495433,3.002792
local_crowding,context_ext,Standard MPC-CBF,23,2.300,-0.734061,-0.308444,0.679198,-0.282452,-0.394104,0.012000,-0.134000,-0.060000,0.420000,child,crossing,distracted,0.296836,1.000000,1.000000,0.766184,0.166184,0.000000,0.000000,0.000000,0.000000,0.000000,0.000000,0.000000,0.166184,0.166184,0.166184,0.166184,0.000000,horizon_mpc_secbf,12,0.049537,true,osqp,optimal,75,3.736265,0,-0.389743,geometric,false,0.749925,-0.010621,0.676625,-0.288679,,,0.735634,0.006738,1.568996,2.934355
local_crowding,context_ext,Standard MPC-CBF,24,2.400,-0.666399,-0.337312,0.676625,-0.288679,-0.403264,0.006000,-0.092000,-0.060000,0.420000,child,crossing,distracted,0.257725,1.000000,1.000000,0.715750,0.115750,0.000000,0.000000,0.000000,0.000000,0.000000,0.000000,0.000000,0.115750,0.115750,0.115750,0.115750,0.000000,horizon_mpc_secbf,12,0.046425,true,osqp,optimal,75,4.603304,0,-0.331398,geometric,false,0.749993,-0.003320,0.675506,-0.291371,,,0.735667,0.002915,1.642563,2.866427
local_crowding,context_ext,Standard MPC-CBF,25,2.500,-0.598848,-0.366449,0.675506,-0.291371,-0.407226,0.000000,-0.050000,-0.060000,0.420000,child,crossing,distracted,0.243185,1.000000,1.000000,0.677317,0.077317,0.000000,0.000000,0.000000,0.000000,0.000000,0.000000,0.000000,0.077317,0.077317,0.077317,0.077317,0.000000,horizon_mpc_secbf,12,0.044249,true,osqp,optimal,75,4.171111,0,-0.241354,geometric,false,0.749987,0.004408,0.675872,-0.290488,,,0.735654,0.000955,1.716128,2.798896
local_crowding,context_ext,Standard MPC-CBF,26,2.600,-0.531261,-0.395498,0.675872,-0.290488,-0.405928,-0.006000,-0.008000,-0.060000,0.420000,child,crossing,distracted,0.309471,1.000000,1.000000,0.652728,0.052728,0.000000,0.000000,0.000000,0.000000,0.000000,0.000000,0.000000,0.052728,0.052728,0.052728,0.052728,0.000000,horizon_mpc_secbf,12,0.043178,true,osqp,optimal,75,3.707115,0,-0.121935,geometric,false,0.749896,0.012492,0.677785,-0.285869,,,0.735604,0.005000,1.789689,2.731640
local_crowding,context_ext,Standard MPC-CBF,27,2.700,-0.463482,-0.424085,0.677785,-0.285869,-0.399131,-0.012000,0.034000,-0.060000,0.420000,child,crossing,distracted,2.848540,1.000000,1.000000,0.643178,0.043178,0.000000,0.000000,0.000000,0.000000,0.000000,0.000000,0.000000,0.043178,0.043178,0.043178,0.043178,0.000000,horizon_mpc_secbf,12,0.048852,true,osqp,optimal,75,3.863201,0,0.019638,geometric,false,0.749710,0.020853,0.681247,-0.277512,,,0.735602,0.009045,1.863249,2.664512
local_crowding,context_ext,Standard MPC-CBF,28,2.800,-0.395358,-0.451836,0.681247,-0.277512,-0.386834,-0.018000,0.076000,-0.060000,0.420000,child,crossing,distracted,,0.000000,1.000000,0.648852,0.048852,0.000000,0.000000,0.000000,0.000000,0.000000,0.000000,0.000000,0.048852,0.048852,0.048852,0.048852,0.000000,horizon_mpc_secbf,12,0.068839,true,osqp,optimal,75,4.302152,0,0.172668,geometric,false,0.749423,0.029406,0.686162,-0.265646,,,0.735790,0.012844,1.936828,2.597355
local_crowding,context_ext,Standard MPC-CBF,29,2.900,-0.326741,-0.478400,0.686162,-0.265646,-0.369377,-0.024000,0.118000,-0.060000,0.420000,child,crossing,distracted,,0.000000,1.000000,0.668839,0.068839,0.000000,0.000000,0.000000,0.000000,0.000000,0.000000,0.000000,0.068839,0.068839,0.068839,0.068839,0.000000,horizon_mpc_secbf,12,0.101392,true,osqp,optimal,75,4.785617,0,0.326343,geometric,false,0.749033,0.038063,0.692358,-0.250688,,,0.736345,0.016190,2.010462,2.530002
local_crowding,context_ext,Standard MPC-CBF,30,3.000,-0.257505,-0.503469,0.692358,-0.250688,-0.347394,-0.030000,0.160000,-0.060000,0.420000,child,crossing,distracted,,0.000000,1.000000,0.701392,0.101392,0.000000,0.000000,0.000000,0.000000,0.000000,0.000000,0.000000,0.101392,0.101392,0.101392,0.101392,0.000000,horizon_mpc_secbf,12,0.144374,true,osqp,optimal,75,4.393588,0,0.472842,geometric,false,0.748542,0.046746,0.699619,-0.233158,,,0.737447,0.018974,2.084207,2.462293
local_crowding,context_ext,Standard MPC-CBF,31,3.100,-0.187544,-0.526785,0.699619,-0.233158,-0.321688,-0.036000,0.202000,-0.060000,0.420000,child,crossing,distracted,,0.000000,1.000000,0.744374,0.144374,0.000000,0.000000,0.000000,0.000000,0.000000,0.000000,0.000000,0.144374,0.144374,0.144374,0.144374,0.000000,horizon_mpc_secbf,12,0.195665,true,osqp,optimal,75,3.901779,0,0.608397,geometric,false,0.747952,0.055382,0.707719,-0.213588,,,0.739247,0.021180,2.158132,2.394080
local_crowding,context_ext,Standard MPC-CBF,32,3.200,-0.116772,-0.548144,0.707719,-0.213588,-0.293106,-0.042000,0.244000,-0.060000,0.420000,child,crossing,distracted,,0.000000,1.000000,0.795665,0.195665,0.000000,0.000000,0.000000,0.000000,0.000000,0.000000,0.000000,0.195665,0.195665,0.195665,0.195665,0.000000,horizon_mpc_secbf,12,0.253396,true,osqp,optimal,75,4.085910,0,0.732457,geometric,false,0.747272,0.063911,0.716463,-0.192469,,,0.741865,0.022858,2.232318,2.325229
local_crowding,context_ext,Standard MPC-CBF,33,3.300,-0.045125,-0.567391,0.716463,-0.192469,-0.262442,-0.048000,0.286000,-0.060000,0.420000,child,crossing,distracted,,0.000000,1.000000,0.853396,0.253396,0.000000,0.000000,0.000000,0.000000,0.000000,0.000000,0.000000,0.253396,0.253396,0.253396,0.253396,0.000000,horizon_mpc_secbf,12,0.316040,true,osqp,optimal,75,3.809304,0,0.846255,geometric,false,0.746509,0.072283,0.725685,-0.170216,,,0.745381,0.024089,2.306856,2.255626
local_crowding,context_ext,Standard MPC-CBF,34,3.400,0.027443,-0.584412,0.725685,-0.170216,-0.230394,-0.054000,0.328000,-0.060000,0.420000,child,crossing,distracted,,0.000000,1.000000,0.916040,0.316040,0.000000,0.000000,0.000000,0.000000,0.000000,0.000000,0.000000,0.316040,0.316040,0.316040,0.316040,0.000000,horizon_mpc_secbf,12,0.382358,true,osqp,optimal,75,5.830922,0,0.951264,geometric,false,0.745672,0.080456,0.734160,-0.146862,,,0.748705,0.024844,2.381727,2.185166
local_crowding,context_ext,Standard MPC-CBF,35,3.500,0.100859,-0.599098,0.734160,-0.146862,-0.197435,-0.060000,0.370000,-0.060000,0.420000,child,crossing,distracted,,0.000000,1.000000,0.982358,0.382358,0.000000,0.000000,0.000000,0.000000,0.000000,0.000000,0.000000,0.382358,0.382358,0.382358,0.382358,0.000000,horizon_mpc_secbf,12,0.451107,true,osqp,optimal,75,3.916766,0,1.046762,geometric,false,0.744774,0.088380,0.735587,-0.121436,,,0.745543,0.025465,2.456281,2.113869
local_crowding,context_ext,Standard MPC-CBF,36,3.600,0.174418,-0.611242,0.735587,-0.121436,-0.163612,-0.066000,0.412000,-0.060000,0.420000,child,crossing,distracted,,0.000000,1.000000,1.051107,0.451107,0.000000,0.000000,0.000000,0.000000,0.000000,0.000000,0.000000,0.451107,0.451107,0.451107,0.451107,0.000000,horizon_mpc_secbf,12,0.521391,true,osqp,optimal,100,5.604540,0,1.134709,geometric,false,0.743839,0.095934,0.735589,-0.095289,,,0.741735,0.026147,2.530455,2.042359
local_crowding,context_ext,Standard MPC-CBF,37,3.700,0.247977,-0.620771,0.735589,-0.095289,-0.128824,-0.072000,0.454000,-0.060000,0.420000,child,crossing,distracted,,0.000000,1.000000,1.121391,0.521391,0.000000,0.000000,0.000000,0.000000,0.000000,0.000000,0.000000,0.521391,0.521391,0.521391,0.521391,0.000000,horizon_mpc_secbf,12,0.592580,true,osqp,optimal,100,5.624960,0,1.216992,geometric,false,0.742887,0.103048,0.735589,-0.068914,,,0.738810,0.026375,2.604336,1.970713
local_crowding,context_ext,Standard MPC-CBF,38,3.800,0.321536,-0.627662,0.735589,-0.068914,-0.093413,-0.078000,0.496000,-0.060000,0.420000,child,crossing,distracted,,0.000000,1.000000,1.192580,0.592580,0.000000,0.000000,0.000000,0.000000,0.000000,0.000000,0.000000,0.592580,0.592580,0.592580,0.592580,0.000000,horizon_mpc_secbf,12,0.664217,true,osqp,optimal,100,6.699601,0,1.294958,geometric,false,0.741939,0.109669,0.735589,-0.042573,,,0.736820,0.026341,2.678018,1.898875
local_crowding,context_ext,Standard MPC-CBF,39,3.900,0.395095,-0.631920,0.735589,-0.042573,-0.057811,-0.084000,0.538000,-0.060000,0.420000,child,crossing,distracted,,0.000000,1.000000,1.264217,0.664217,0.000000,0.000000,0.000000,0.000000,0.000000,0.000000,0.000000,0.664217,0.664217,0.664217,0.664217,0.000000,horizon_mpc_secbf,12,0.735978,true,osqp,optimal,100,3.928832,0,1.369634,geometric,false,0.741015,0.115744,0.735589,-0.016472,,,0.735773,0.026100,2.751595,1.826790
local_crowding,context_ext,Standard MPC-CBF,40,4.000,0.468653,-0.633567,0.735589,-0.016472,-0.022390,-0.090000,0.580000,-0.060000,0.420000,child,crossing,distracted,,0.000000,1.000000,1.335978,0.735978,0.000000,0.000000,0.000000,0.000000,0.000000,0.000000,0.000000,0.735978,0.735978,0.735978,0.735978,0.000000,horizon_mpc_secbf,12,0.807640,true,osqp,optimal,100,5.334828,0,1.441813,geometric,false,0.740139,0.121223,0.735588,0.009209,,,0.735646,0.025682,2.825160,1.754415
local_crowding,context_ext,Standard MPC-CBF,41,4.100,0.542212,-0.632646,0.735588,0.009209,0.012519,-0.096000,0.622000,-0.060000,0.420000,child,crossing,distracted,,0.000000,1.000000,1.407640,0.807640,0.000000,0.000000,0.000000,0.000000,0.000000,0.000000,0.000000,0.807640,0.807640,0.807640,0.807640,0.000000,horizon_mpc_secbf,12,0.879053,true,osqp,optimal,100,4.992025,0,1.512119,geometric,false,0.739331,0.126053,0.735586,0.034314,,,0.736386,0.025105,2.898798,1.681710
local_crowding,context_ext,Standard MPC-CBF,42,4.200,0.615771,-0.629215,0.735586,0.034314,0.046615,-0.102000,0.664000,-0.060000,0.420000,child,crossing,distracted,,0.000000,1.000000,1.479053,0.879053,0.000000,0.000000,0.000000,0.000000,0.000000,0.000000,0.000000,0.879053,0.879053,0.879053,0.879053,0.000000,horizon_mpc_secbf,12,0.950126,true,osqp,optimal,100,4.940912,0,1.581050,geometric,false,0.738616,0.130178,0.735582,0.058695,,,0.737920,0.024381,2.972590,1.608646
local_crowding,context_ext,Standard MPC-CBF,43,4.300,0.689329,-0.623345,0.735582,0.058695,0.079626,-0.108000,0.706000,-0.060000,0.420000,child,crossing,distracted,,0.000000,1.000000,1.550126,0.950126,0.000000,0.000000,0.000000,0.000000,0.000000,0.000000,0.000000,0.950126,0.950126,0.950126,0.950126,0.000000,horizon_mpc_secbf,12,1.020815,true,osqp,optimal,100,5.430192,0,1.649034,geometric,false,0.738016,0.133539,0.735577,0.082195,,,0.740155,0.023500,3.046606,1.535202
local_crowding,context_ext,Standard MPC-CBF,44,4.400,0.762887,-0.615126,0.735577,0.082195,0.111281,-0.114000,0.748000,-0.060000,0.420000,child,crossing,distracted,,0.000000,1.000000,1.620815,1.020815,0.000000,0.000000,0.000000,0.000000,0.000000,0.000000,0.000000,1.020815,1.020815,1.020815,1.020815,0.000000,horizon_mpc_secbf,12,1.091124,true,osqp,optimal,250,5.537176,0,1.716561,geometric,false,0.737554,0.136067,0.735599,0.104530,,,0.742988,0.022334,3.120904,1.461364
local_crowding,context_ext,Standard MPC-CBF,45,4.500,0.836447,-0.604673,0.735599,0.104530,0.141156,-0.120000,0.790000,-0.060000,0.420000,child,crossing,distracted,,0.000000,1.000000,1.691124,1.091124,0.000000,0.000000,0.000000,0.000000,0.000000,0.000000,0.000000,1.091124,1.091124,1.091124,1.091124,0.000000,horizon_mpc_secbf,12,1.161166,true,osqp,optimal,325,6.671878,0,1.784753,geometric,false,0.737251,0.137697,0.735592,0.124539,,,0.746060,0.020009,3.195510,1.387132
local_crowding,context_ext,Standard MPC-CBF,46,4.600,0.910006,-0.592219,0.735592,0.124539,0.167714,-0.126000,0.832000,-0.060000,0.420000,child,crossing,distracted,,0.000000,1.000000,1.761166,1.161166,0.000000,0.000000,0.000000,0.000000,0.000000,0.000000,0.000000,1.161166,1.161166,1.161166,1.161166,0.000000,horizon_mpc_secbf,12,1.231552,true,osqp,optimal,275,6.653247,0,1.858824,geometric,false,0.737118,0.138407,0.735605,0.136027,,,0.748076,0.011489,3.270318,1.312538
local_crowding,context_ext,Standard MPC-CBF,47,4.700,0.983566,-0.578616,0.735605,0.136027,0.182853,-0.132000,0.874000,-0.060000,0.420000,child,crossing,distracted,,0.000000,1.000000,1.831552,1.231552,0.000000,0.000000,0.000000,0.000000,0.000000,0.000000,0.000000,1.231552,1.231552,1.231552,1.231552,0.000000,horizon_mpc_secbf,12,1.302923,true,osqp,optimal,275,5.527776,0,1.939718,geometric,false,0.737095,0.138529,0.735605,0.138100,,,0.748456,0.002073,3.345164,1.237730
local_crowding,context_ext,Standard MPC-CBF,48,4.800,1.057127,-0.564806,0.735605,0.138100,0.185576,-0.138000,0.916000,-0.060000,0.420000,child,crossing,distracted,,0.000000,1.000000,1.902923,1.302923,0.000000,0.000000,0.000000,0.000000,0.000000,0.000000,0.000000,1.302923,1.302923,1.302923,1.302923,0.000000,horizon_mpc_secbf,12,1.375294,true,osqp,optimal,275,5.854647,0,2.021685,geometric,false,0.737094,0.138539,0.735605,0.138463,,,0.748523,0.000363,3.420016,1.162885
local_crowding,context_ext,Standard MPC-CBF,49,4.900,1.130687,-0.550960,0.735605,0.138463,0.186054,-0.144000,0.958000,-0.060000,0.420000,child,crossing,distracted,,0.000000,1.000000,1.975294,1.375294,0.000000,0.000000,0.000000,0.000000,0.000000,0.000000,0.000000,1.375294,1.375294,1.375294,1.375294,0.000000,horizon_mpc_secbf,12,1.448582,true,osqp,optimal,275,6.203952,0,2.103741,geometric,false,0.737096,0.138525,0.735604,0.138514,,,0.748532,0.000051,3.494869,1.088032
local_crowding,context_ext,Standard MPC-CBF,50,5.000,1.204248,-0.537108,0.735604,0.138514,0.186121,-0.150000,1.000000,-0.060000,0.420000,child,crossing,distracted,,0.000000,1.000000,2.048582,1.448582,0.000000,0.000000,0.000000,0.000000,0.000000,0.000000,0.000000,1.448582,1.448582,1.448582,1.448582,0.000000,horizon_mpc_secbf,12,1.522696,true,osqp,optimal,275,5.178001,0,2.185740,geometric,false,0.737100,0.138506,0.735603,0.138507,,,0.748529,0.000007,3.569722,1.013179
local_crowding,context_ext,Standard MPC-CBF,51,5.100,1.277808,-0.523258,0.735603,0.138507,0.186112,-0.156000,1.042000,-0.060000,0.420000,child,crossing,distracted,,0.000000,1.000000,2.122696,1.522696,0.000000,0.000000,0.000000,0.000000,0.000000,0.000000,0.000000,1.522696,1.522696,1.522696,1.522696,0.000000,horizon_mpc_secbf,12,1.597552,true,osqp,optimal,275,6.151491,0,2.267682,geometric,false,0.737104,0.138484,0.735602,0.138488,,,0.748525,0.000019,3.644575,0.938326
local_crowding,context_ext,Standard MPC-CBF,52,5.200,1.351368,-0.509409,0.735602,0.138488,0.186086,-0.162000,1.084000,-0.060000,0.420000,child,crossing,distracted,,0.000000,1.000000,2.197552,1.597552,0.000000,0.000000,0.000000,0.000000,0.000000,0.000000,0.000000,1.597552,1.597552,1.597552,1.597552,0.000000,horizon_mpc_secbf,12,1.673078,true,osqp,optimal,275,6.619283,0,2.349588,geometric,false,0.737108,0.138460,0.735601,0.138465,,,0.748520,0.000023,3.719427,0.863474
local_crowding,context_ext,Standard MPC-CBF,53,5.300,1.424928,-0.495562,0.735601,0.138465,0.186056,-0.168000,1.126000,-0.060000,0.420000,child,crossing,distracted,,0.000000,1.000000,2.273078,1.673078,0.000000,0.000000,0.000000,0.000000,0.000000,0.000000,0.000000,1.673078,1.673078,1.673078,1.673078,0.000000,horizon_mpc_secbf,12,1.749210,true,osqp,optimal,275,6.114664,0,2.431478,geometric,false,0.737113,0.138434,0.735600,0.138439,,,0.748513,0.000026,3.794278,0.788622
local_crowding,context_ext,Standard MPC-CBF,54,5.400,1.498488,-0.481718,0.735600,0.138439,0.186023,-0.174000,1.168000,-0.060000,0.420000,child,crossing,distracted,,0.000000,1.000000,2.349210,1.749210,0.000000,0.000000,0.000000,0.000000,0.000000,0.000000,0.000000,1.749210,1.749210,1.749210,1.749210,0.000000,horizon_mpc_secbf,12,1.825891,true,osqp,optimal,250,6.707765,0,2.513374,geometric,false,0.737119,0.138404,0.735604,0.138410,,,0.748512,0.000029,3.869129,0.713771
local_crowding,context_ext,Standard MPC-CBF,55,5.500,1.572049,-0.467877,0.735604,0.138410,0.185984,-0.180000,1.210000,-0.060000,0.420000,child,crossing,distracted,,0.000000,1.000000,2.425891,1.825891,0.000000,0.000000,0.000000,0.000000,0.000000,0.000000,0.000000,1.825891,1.825891,1.825891,1.825891,0.000000,horizon_mpc_secbf,12,1.903071,true,osqp,optimal,250,6.513900,0,2.595283,geometric,false,0.737125,0.138371,0.735602,0.138378,,,0.748504,0.000032,3.943979,0.638919
local_crowding,context_ext,Standard MPC-CBF,56,5.600,1.645609,-0.454040,0.735602,0.138378,0.185942,-0.186000,1.252000,-0.060000,0.420000,child,crossing,distracted,,0.000000,1.000000,2.503071,1.903071,0.000000,0.000000,0.000000,0.000000,0.000000,0.000000,0.000000,1.903071,1.903071,1.903071,1.903071,0.000000,horizon_mpc_secbf,12,1.980704,true,osqp,optimal,250,6.244304,0,2.677220,geometric,false,0.737132,0.138334,0.735600,0.138341,,,0.748496,0.000037,4.018829,0.564069
local_crowding,context_ext,Standard MPC-CBF,57,5.700,1.719169,-0.440205,0.735600,0.138341,0.185894,-0.192000,1.294000,-0.060000,0.420000,child,crossing,distracted,,0.000000,1.000000,2.580704,1.980704,0.000000,0.000000,0.000000,0.000000,0.000000,0.000000,0.000000,1.980704,1.980704,1.980704,1.980704,0.000000,horizon_mpc_secbf,12,2.058753,true,osqp,optimal,250,6.865521,0,2.759194,geometric,false,0.737140,0.138290,0.735599,0.138299,,,0.748487,0.000042,4.093678,0.489219
local_crowding,context_ext,Standard MPC-CBF,58,5.800,1.792729,-0.426376,0.735599,0.138299,0.185839,-0.198000,1.336000,-0.060000,0.420000,child,crossing,distracted,,0.000000,1.000000,2.658753,2.058753,0.000000,0.000000,0.000000,0.000000,0.000000,0.000000,0.000000,2.058753,2.058753,2.058753,2.058753,0.000000,horizon_mpc_secbf,12,2.137183,true,osqp,optimal,225,6.152549,0,2.841220,geometric,false,0.737150,0.138238,0.735605,0.138248,,,0.748484,0.000051,4.168526,0.414371
local_crowding,context_ext,Standard MPC-CBF,59,5.900,1.866289,-0.412551,0.735605,0.138248,0.185771,-0.204000,1.378000,-0.060000,0.420000,child,crossing,distracted,,0.000000,1.000000,2.737183,2.137183,0.000000,0.000000,0.000000,0.000000,0.000000,0.000000,0.000000,2.137183,2.137183,2.137183,2.137183,0.000000,horizon_mpc_secbf,12,2.215962,true,osqp,optimal,225,5.992393,0,2.923295,geometric,false,0.737162,0.138174,0.735604,0.138187,,,0.748471,0.000062,4.243373,0.339522
local_crowding,context_ext,Standard MPC-CBF,60,6.000,1.939850,-0.398732,0.735604,0.138187,0.185690,-0.210000,1.420000,-0.060000,0.420000,child,crossing,distracted,,0.000000,1.000000,2.815962,2.215962,0.000000,0.000000,0.000000,0.000000,0.000000,0.000000,0.000000,2.215962,2.215962,2.215962,2.215962,0.000000,horizon_mpc_secbf,12,2.295063,true,osqp,optimal,225,4.767065,0,3.005431,geometric,false,0.737178,0.138090,0.735603,0.138107,,,0.748455,0.000080,4.318219,0.264675
local_crowding,context_ext,Standard MPC-CBF,61,6.100,2.013410,-0.384921,0.735603,0.138107,0.185586,-0.216000,1.462000,-0.060000,0.420000,child,crossing,distracted,,0.000000,1.000000,2.895063,2.295063,0.000000,0.000000,0.000000,0.000000,0.000000,0.000000,0.000000,2.295063,2.295063,2.295063,2.295063,0.000000,horizon_mpc_secbf,12,2.374462,true,osqp,optimal,225,4.251310,0,3.087641,geometric,false,0.737200,0.137972,0.735602,0.137995,,,0.748434,0.000112,4.393062,0.189830
local_crowding,context_ext,Standard MPC-CBF,62,6.200,2.086970,-0.371122,0.735602,0.137995,0.185439,-0.222000,1.504000,-0.060000,0.420000,child,crossing,distracted,,0.000000,1.000000,2.974462,2.374462,0.000000,0.000000,0.000000,0.000000,0.000000,0.000000,0.000000,2.374462,2.374462,2.374462,2.374462,0.000000,horizon_mpc_secbf,12,2.454142,true,osqp,optimal,225,4.408512,0,3.169955,geometric,false,0.737238,0.137769,0.735601,0.137807,,,0.748398,0.000187,4.467902,0.114986
local_crowding,context_ext,Standard MPC-CBF,63,6.300,2.160530,-0.357341,0.735601,0.137807,0.185193,-0.228000,1.546000,-0.060000,0.420000,child,crossing,distracted,,0.000000,1.000000,3.054142,2.454142,0.000000,0.000000,0.000000,0.000000,0.000000,0.000000,0.000000,2.454142,2.454142,2.454142,2.454142,0.000001,horizon_mpc_secbf,12,2.515193,true,osqp,optimal,75,4.758308,0,3.064594,geometric,false,0.394696,0.073413,0.453186,0.084461,,,0.460990,0.287409,4.514001,0.040147
local_crowding,context_ext,Standard MPC-CBF,64,6.400,2.205849,-0.348895,0.453186,0.084461,0.184258,-0.234000,1.588000,-0.060000,0.420000,child,crossing,distracted,,0.000000,1.000000,3.115193,2.515193,0.000000,0.000000,0.000000,0.000000,0.000000,0.000000,0.000000,2.515193,2.515193,2.515193,2.515193,0.000000,horizon_mpc_secbf,12,2.546156,true,osqp,optimal,100,3.932859,0,2.823470,geometric,false,-0.058490,-0.011048,0.000034,-0.000192,,,0.000195,0.460991,4.514020,0.005952
local_crowding,context_ext,Standard MPC-CBF,65,6.500,2.205852,-0.348914,0.000034,-0.000192,-1.393691,-0.240000,1.630000,-0.060000,0.420000,child,crossing,distracted,,0.000000,1.000000,3.146156,2.546156,0.000000,0.000000,0.000000,0.000000,0.000000,0.000000,0.000000,2.546156,2.546156,2.546156,2.546156,0.000000,horizon_mpc_secbf,12,2.574205,true,osqp,optimal,75,3.848944,0,2.824969,geometric,false,-0.058524,-0.010856,-0.048477,-0.009027,,,0.049310,0.049309,4.518951,0.005952
local_crowding,context_ext,Standard MPC-CBF,66,6.600,2.201005,-0.349817,-0.048477,-0.009027,-2.957495,-0.246000,1.672000,-0.060000,0.420000,child,crossing,distracted,,0.000000,1.000000,3.174205,2.574205,0.000000,0.000000,0.000000,0.000000,0.000000,0.000000,0.000000,2.574205,2.574205,2.574205,2.574205,0.000000,horizon_mpc_secbf,12,2.604634,true,osqp,optimal,75,3.705613,0,2.877103,geometric,false,-0.010047,-0.001830,-0.016641,-0.003065,,,0.016920,0.032390,4.520643,0.001021
local_crowding,context_ext,Standard MPC-CBF,67,6.700,2.199341,-0.350123,-0.016641,-0.003065,-2.959472,-0.252000,1.714000,-0.060000,0.420000,child,crossing,distracted,,0.000000,1.000000,3.204634,2.604634,0.000000,0.000000,0.000000,0.000000,0.000000,0.000000,0.000000,2.604634,2.604634,2.604634,2.604634,0.000000,horizon_mpc_secbf,12,2.636565,true,osqp,optimal,75,4.243736,0,2.922728,geometric,false,0.006594,0.001235,0.002607,0.000497,,,0.002654,0.019575,4.520909,0.000671
local_crowding,context_ext,Standard MPC-CBF,68,6.800,2.199601,-0.350074,0.002607,0.000497,0.188421,-0.258000,1.756000,-0.060000,0.420000,child,crossing,distracted,,0.000000,1.000000,3.236565,2.636565,0.000000,0.000000,0.000000,0.000000,0.000000,0.000000,0.000000,2.636565,2.636565,2.636565,2.636565,0.000000,horizon_mpc_secbf,12,2.668807,true,osqp,optimal,75,3.778618,0,2.957818,geometric,false,0.003986,0.000738,0.003750,0.000696,,,0.003814,0.001160,4.521290,0.000405
local_crowding,context_ext,Standard MPC-CBF,69,6.900,2.199976,-0.350004,0.003750,0.000696,0.183625,-0.264000,1.798000,-0.060000,0.420000,child,crossing,distracted,,0.000000,1.000000,3.268807,2.668807,0.000000,0.000000,0.000000,0.000000,0.000000,0.000000,0.000000,2.668807,2.668807,2.668807,2.668807,0.000000,horizon_mpc_secbf,12,2.701098,true,osqp,optimal,50,3.614135,0,2.990554,geometric,false,0.000237,0.000041,0.000837,0.000156,,,0.000852,0.002962,4.521375,0.000024
local_crowding,context_ext,Standard MPC-CBF,70,7.000,2.200060,-0.349989,0.000837,0.000156,0.183917,-0.270000,1.840000,-0.060000,0.420000,child,crossing,distracted,,0.000000,1.000000,3.301098,2.701098,0.000000,0.000000,0.000000,0.000000,0.000000,0.000000,0.000000,2.701098,2.701098,2.701098,2.701098,0.000000,horizon_mpc_secbf,12,2.733542,true,osqp,optimal,50,4.039223,0,3.024411,geometric,false,-0.000601,-0.000114,-0.000350,-0.000072,,,0.000358,0.001209,4.521411,0.000061
local_crowding,context_ext,Standard MPC-CBF,71,7.100,2.200025,-0.349996,-0.000350,-0.000072,-2.940042,-0.276000,1.882000,-0.060000,0.420000,child,crossing,distracted,,0.000000,1.000000,3.333542,2.733542,0.000000,0.000000,0.000000,0.000000,0.000000,0.000000,0.000000,2.733542,2.733542,2.733542,2.733542,0.000000,horizon_mpc_secbf,12,2.766214,true,osqp,optimal,50,4.274916,0,3.059157,geometric,false,-0.000250,-0.000043,-0.000266,-0.000049,,,0.000270,0.000087,4.521438,0.000025
local_crowding,context_ext,Standard MPC-CBF,72,7.200,2.199998,-0.350001,-0.000266,-0.000049,-2.957962,-0.282000,1.924000,-0.060000,0.420000,child,crossing,distracted,,0.000000,1.000000,3.366214,2.766214,0.000000,0.000000,0.000000,0.000000,0.000000,0.000000,0.000000,2.766214,2.766214,2.766214,2.766214,0.000000,horizon_mpc_secbf,12,2.799116,true,osqp,optimal,25,3.577115,0,3.094169,geometric,false,0.000016,0.000006,-0.000004,0.000009,,,0.000010,0.000268,4.521439,0.000002
local_crowding,context_ext,Standard MPC-CBF,73,7.300,2.199998,-0.350000,-0.000004,0.000009,1.966851,-0.288000,1.966000,-0.060000,0.420000,child,crossing,distracted,,0.000000,1.000000,3.399116,2.799116,0.000000,0.000000,0.000000,0.000000,0.000000,0.000000,0.000000,2.799116,2.799116,2.799116,2.799116,0.000000,horizon_mpc_secbf,12,2.832229,true,osqp,optimal,25,3.514312,0,3.129212,geometric,false,0.000020,-0.000003,0.000014,0.000001,,,0.000014,0.000020,4.521441,0.000002
local_crowding,context_ext,Standard MPC-CBF,74,7.400,2.199999,-0.350000,0.000014,0.000001,0.035663,-0.294000,2.008000,-0.060000,0.420000,child,crossing,distracted,,0.000000,1.000000,3.432229,2.832229,0.000000,0.000000,0.000000,0.000000,0.000000,0.000000,0.000000,2.832229,2.832229,2.832229,2.832229,0.000000,horizon_mpc_secbf,12,2.865545,true,osqp,optimal,25,3.846568,0,3.164381,geometric,false,0.000005,-0.000003,0.000006,-0.000002,,,0.000007,0.000008,4.521441,0.000001
local_crowding,context_ext,Standard MPC-CBF,75,7.500,2.200000,-0.350000,0.000006,-0.000002,-0.338296,-0.300000,2.050000,-0.060000,0.420000,child,crossing,distracted,,0.000000,1.000000,3.465545,2.865545,0.000000,0.000000,0.000000,0.000000,0.000000,0.000000,0.000000,2.865545,2.865545,2.865545,2.865545,0.000000,horizon_mpc_secbf,12,2.899057,true,osqp,optimal,25,4.545510,0,3.199692,geometric,false,-0.000001,-0.000001,0.000000,-0.000001,,,0.000001,0.000006,4.521442,0.000000
local_crowding,context_ext,Standard MPC-CBF,76,7.600,2.200000,-0.350000,0.000000,-0.000001,-1.406912,-0.306000,2.092000,-0.060000,0.420000,child,crossing,distracted,,0.000000,1.000000,3.499057,2.899057,0.000000,0.000000,0.000000,0.000000,0.000000,0.000000,0.000000,2.899057,2.899057,2.899057,2.899057,0.000000,horizon_mpc_secbf,12,2.932761,true,osqp,optimal,25,3.634310,0,3.235147,geometric,false,-0.000001,0.000000,-0.000001,-0.000000,,,0.000001,0.000002,4.521442,0.000000
local_crowding,context_ext,Standard MPC-CBF,77,7.700,2.200000,-0.350000,-0.000001,-0.000000,-2.925924,-0.312000,2.134000,-0.060000,0.420000,child,crossing,distracted,,0.000000,1.000000,3.532761,2.932761,0.000000,0.000000,0.000000,0.000000,0.000000,0.000000,0.000000,2.932761,2.932761,2.932761,2.932761,0.000000,horizon_mpc_secbf,12,2.966651,true,osqp,optimal,25,3.753918,0,3.270740,geometric,false,-0.000000,0.000000,-0.000000,0.000000,,,0.000000,0.000001,4.521442,0.000000
local_crowding,context_ext,Standard MPC-CBF,78,7.800,2.200000,-0.350000,-0.000000,0.000000,2.654914,-0.318000,2.176000,-0.060000,0.420000,child,crossing,distracted,,0.000000,1.000000,3.566651,2.966651,0.000000,0.000000,0.000000,0.000000,0.000000,0.000000,0.000000,2.966651,2.966651,2.966651,2.966651,0.000000,horizon_mpc_secbf,12,3.000722,true,osqp,optimal,25,4.231762,0,3.306466,geometric,false,0.000000,0.000000,-0.000000,0.000000,,,0.000000,0.000000,4.521442,0.000000
local_crowding,context_ext,Standard MPC-CBF,79,7.900,2.200000,-0.350000,-0.000000,0.000000,1.624331,-0.324000,2.218000,-0.060000,0.420000,child,crossing,distracted,,0.000000,1.000000,3.600722,3.000722,0.000000,0.000000,0.000000,0.000000,0.000000,0.000000,0.000000,3.000722,3.000722,3.000722,3.000722,0.000000,horizon_mpc_secbf,12,3.034969,true,osqp,optimal,25,4.729770,0,3.342320,geometric,false,0.000000,-0.000000,0.000000,0.000000,,,0.000000,0.000000,4.521442,0.000000
local_crowding,context_ext,Standard MPC-CBF,80,8.000,2.200000,-0.350000,0.000000,0.000000,0.379546,-0.330000,2.260000,-0.060000,0.420000,child,crossing,distracted,,0.000000,1.000000,3.634969,3.034969,0.000000,0.000000,0.000000,0.000000,0.000000,0.000000,0.000000,3.034969,3.034969,3.034969,3.034969,0.000000,horizon_mpc_secbf,12,3.069387,true,osqp,optimal,25,3.326906,0,3.378301,geometric,false,0.000000,-0.000000,0.000000,-0.000000,,,0.000000,0.000000,4.521442,0.000000
local_crowding,context_ext,Standard MPC-CBF,81,8.100,2.200000,-0.350000,0.000000,-0.000000,-0.686423,-0.336000,2.302000,-0.060000,0.420000,child,crossing,distracted,,0.000000,1.000000,3.669387,3.069387,0.000000,0.000000,0.000000,0.000000,0.000000,0.000000,0.000000,3.069387,3.069387,3.069387,3.069387,0.000000,horizon_mpc_secbf,12,3.103971,true,osqp,optimal,25,3.522038,0,3.414404,geometric,false,-0.000000,-0.000000,-0.000000,-0.000000,,,0.000000,0.000000,4.521442,0.000000
local_crowding,context_ext,Standard MPC-CBF,82,8.200,2.200000,-0.350000,-0.000000,-0.000000,-1.589122,-0.342000,2.344000,-0.060000,0.420000,child,crossing,distracted,,0.000000,1.000000,3.703971,3.103971,0.000000,0.000000,0.000000,0.000000,0.000000,0.000000,0.000000,3.103971,3.103971,3.103971,3.103971,0.000000,horizon_mpc_secbf,12,3.138716,true,osqp,optimal,25,4.054324,0,3.450626,geometric,false,0.000000,0.000000,0.000000,-0.000000,,,0.000000,0.000000,4.521442,0.000000
local_crowding,context_ext,Standard MPC-CBF,83,8.300,2.200000,-0.350000,0.000000,-0.000000,-1.562163,-0.348000,2.386000,-0.060000,0.420000,child,crossing,distracted,,0.000000,1.000000,3.738716,3.138716,0.000000,0.000000,0.000000,0.000000,0.000000,0.000000,0.000000,3.138716,3.138716,3.138716,3.138716,0.000000,horizon_mpc_secbf,12,3.173619,true,osqp,optimal,25,3.824076,0,3.486964,geometric,false,0.000000,0.000000,0.000000,-0.000000,,,0.000000,0.000000,4.521442,0.000000
local_crowding,context_ext,Standard MPC-CBF,84,8.400,2.200000,-0.350000,0.000000,-0.000000,-1.562163,-0.354000,2.428000,-0.060000,0.420000,child,crossing,distracted,,0.000000,1.000000,3.773619,3.173619,0.000000,0.000000,0.000000,0.000000,0.000000,0.000000,0.000000,3.173619,3.173619,3.173619,3.173619,0.000000,horizon_mpc_secbf,12,3.208674,true,osqp,optimal,25,3.633177,0,3.523416,geometric,false,0.000000,0.000000,0.000000,-0.000000,,,0.000000,0.000000,4.521442,0.000000
local_crowding,context_ext,Standard MPC-CBF,85,8.500,2.200000,-0.350000,0.000000,-0.000000,-1.562163,-0.360000,2.470000,-0.060000,0.420000,child,crossing,distracted,,0.000000,1.000000,3.808674,3.208674,0.000000,0.000000,0.000000,0.000000,0.000000,0.000000,0.000000,3.208674,3.208674,3.208674,3.208674,0.000000,horizon_mpc_secbf,12,3.243878,true,osqp,optimal,25,3.601358,0,3.559978,geometric,false,0.000000,0.000000,0.000000,-0.000000,,,0.000000,0.000000,4.521442,0.000000
local_crowding,context_ext,Standard MPC-CBF,86,8.600,2.200000,-0.350000,0.000000,-0.000000,-1.562163,-0.366000,2.512000,-0.060000,0.420000,child,crossing,distracted,,0.000000,1.000000,3.843878,3.243878,0.000000,0.000000,0.000000,0.000000,0.000000,0.000000,0.000000,3.243878,3.243878,3.243878,3.243878,0.000000,horizon_mpc_secbf,12,3.279227,true,osqp,optimal,25,3.895356,0,3.596647,geometric,false,0.000000,0.000000,0.000000,-0.000000,,,0.000000,0.000000,4.521442,0.000000
local_crowding,context_ext,Standard MPC-CBF,87,8.700,2.200000,-0.350000,0.000000,-0.000000,-1.562163,-0.372000,2.554000,-0.060000,0.420000,child,crossing,distracted,,0.000000,1.000000,3.879227,3.279227,0.000000,0.000000,0.000000,0.000000,0.000000,0.000000,0.000000,3.279227,3.279227,3.279227,3.279227,0.000000,horizon_mpc_secbf,12,3.314716,true,osqp,optimal,25,5.856238,0,3.633421,geometric,false,0.000000,0.000000,0.000000,-0.000000,,,0.000000,0.000000,4.521442,0.000000
local_crowding,context_ext,Standard MPC-CBF,88,8.800,2.200000,-0.350000,0.000000,-0.000000,-1.562163,-0.378000,2.596000,-0.060000,0.420000,child,crossing,distracted,,0.000000,1.000000,3.914716,3.314716,0.000000,0.000000,0.000000,0.000000,0.000000,0.000000,0.000000,3.314716,3.314716,3.314716,3.314716,0.000000,horizon_mpc_secbf,12,3.350342,true,osqp,optimal,25,3.713182,0,3.670297,geometric,false,0.000000,0.000000,0.000000,-0.000000,,,0.000000,0.000000,4.521442,0.000000
local_crowding,context_ext,Standard MPC-CBF,89,8.900,2.200000,-0.350000,0.000000,-0.000000,-1.562163,-0.384000,2.638000,-0.060000,0.420000,child,crossing,distracted,,0.000000,1.000000,3.950342,3.350342,0.000000,0.000000,0.000000,0.000000,0.000000,0.000000,0.000000,3.350342,3.350342,3.350342,3.350342,0.000000,horizon_mpc_secbf,12,3.386101,true,osqp,optimal,25,4.792181,0,3.707273,geometric,false,0.000000,0.000000,0.000000,-0.000000,,,0.000000,0.000000,4.521442,0.000000
local_crowding,context_ext,Standard MPC-CBF,90,9.000,2.200000,-0.350000,0.000000,-0.000000,-1.562163,-0.390000,2.680000,-0.060000,0.420000,child,crossing,distracted,,0.000000,1.000000,3.986101,3.386101,0.000000,0.000000,0.000000,0.000000,0.000000,0.000000,0.000000,3.386101,3.386101,3.386101,3.386101,0.000000,horizon_mpc_secbf,12,3.421990,true,osqp,optimal,25,5.421655,0,3.744346,geometric,false,0.000000,0.000000,0.000000,-0.000000,,,0.000000,0.000000,4.521442,0.000000
local_crowding,context_ext,Standard MPC-CBF,91,9.100,2.200000,-0.350000,0.000000,-0.000000,-1.562163,-0.396000,2.722000,-0.060000,0.420000,child,crossing,distracted,,0.000000,1.000000,4.021990,3.421990,0.000000,0.000000,0.000000,0.000000,0.000000,0.000000,0.000000,3.421990,3.421990,3.421990,3.421990,0.000000,horizon_mpc_secbf,12,3.458004,true,osqp,optimal,25,4.384989,0,3.781513,geometric,false,0.000000,0.000000,0.000000,-0.000000,,,0.000000,0.000000,4.521442,0.000000
local_crowding,context_ext,Standard MPC-CBF,92,9.200,2.200000,-0.350000,0.000000,-0.000000,-1.562163,-0.402000,2.764000,-0.060000,0.420000,child,crossing,distracted,,0.000000,1.000000,4.058004,3.458004,0.000000,0.000000,0.000000,0.000000,0.000000,0.000000,0.000000,3.458004,3.458004,3.458004,3.458004,0.000000,horizon_mpc_secbf,12,3.494142,true,osqp,optimal,25,4.614257,0,3.818773,geometric,false,0.000000,0.000000,0.000000,-0.000000,,,0.000000,0.000000,4.521442,0.000000
local_crowding,context_ext,Standard MPC-CBF,93,9.300,2.200000,-0.350000,0.000000,-0.000000,-1.562163,-0.408000,2.806000,-0.060000,0.420000,child,crossing,distracted,,0.000000,1.000000,4.094142,3.494142,0.000000,0.000000,0.000000,0.000000,0.000000,0.000000,0.000000,3.494142,3.494142,3.494142,3.494142,0.000000,horizon_mpc_secbf,12,3.530399,true,osqp,optimal,25,4.084979,0,3.856123,geometric,false,0.000000,0.000000,0.000000,-0.000000,,,0.000000,0.000000,4.521442,0.000000
local_crowding,context_ext,Standard MPC-CBF,94,9.400,2.200000,-0.350000,0.000000,-0.000000,-1.562163,-0.414000,2.848000,-0.060000,0.420000,child,crossing,distracted,,0.000000,1.000000,4.130399,3.530399,0.000000,0.000000,0.000000,0.000000,0.000000,0.000000,0.000000,3.530399,3.530399,3.530399,3.530399,0.000000,horizon_mpc_secbf,12,3.566773,true,osqp,optimal,25,3.544509,0,3.893560,geometric,false,0.000000,0.000000,0.000000,-0.000000,,,0.000000,0.000000,4.521442,0.000000
local_crowding,context_ext,Standard MPC-CBF,95,9.500,2.200000,-0.350000,0.000000,-0.000000,-1.562163,-0.420000,2.890000,-0.060000,0.420000,child,crossing,distracted,,0.000000,1.000000,4.166773,3.566773,0.000000,0.000000,0.000000,0.000000,0.000000,0.000000,0.000000,3.566773,3.566773,3.566773,3.566773,0.000000,horizon_mpc_secbf,12,3.603261,true,osqp,optimal,25,3.376241,0,3.931084,geometric,false,0.000000,0.000000,0.000000,-0.000000,,,0.000000,0.000000,4.521442,0.000000
local_crowding,context_ext,Standard MPC-CBF,96,9.600,2.200000,-0.350000,0.000000,-0.000000,-1.562163,-0.426000,2.932000,-0.060000,0.420000,child,crossing,distracted,,0.000000,1.000000,4.203261,3.603261,0.000000,0.000000,0.000000,0.000000,0.000000,0.000000,0.000000,3.603261,3.603261,3.603261,3.603261,0.000000,horizon_mpc_secbf,12,3.639858,true,osqp,optimal,25,3.695290,0,3.968691,geometric,false,0.000000,0.000000,0.000000,-0.000000,,,0.000000,0.000000,4.521442,0.000000
local_crowding,context_ext,Standard MPC-CBF,97,9.700,2.200000,-0.350000,0.000000,-0.000000,-1.562163,-0.432000,2.974000,-0.060000,0.420000,child,crossing,distracted,,0.000000,1.000000,4.239858,3.639858,0.000000,0.000000,0.000000,0.000000,0.000000,0.000000,0.000000,3.639858,3.639858,3.639858,3.639858,0.000000,horizon_mpc_secbf,12,3.676564,true,osqp,optimal,25,4.331726,0,4.006380,geometric,false,0.000000,0.000000,0.000000,-0.000000,,,0.000000,0.000000,4.521442,0.000000
local_crowding,context_ext,Standard MPC-CBF,98,9.800,2.200000,-0.350000,0.000000,-0.000000,-1.562163,-0.438000,3.016000,-0.060000,0.420000,child,crossing,distracted,,0.000000,1.000000,4.276564,3.676564,0.000000,0.000000,0.000000,0.000000,0.000000,0.000000,0.000000,3.676564,3.676564,3.676564,3.676564,0.000000,horizon_mpc_secbf,12,3.713375,true,osqp,optimal,25,4.075676,0,4.044149,geometric,false,0.000000,0.000000,0.000000,-0.000000,,,0.000000,0.000000,4.521442,0.000000
local_crowding,context_ext,Standard MPC-CBF,99,9.900,2.200000,-0.350000,0.000000,-0.000000,-1.562163,-0.444000,3.058000,-0.060000,0.420000,child,crossing,distracted,,0.000000,1.000000,4.313375,3.713375,0.000000,0.000000,0.000000,0.000000,0.000000,0.000000,0.000000,3.713375,3.713375,3.713375,3.713375,0.000000,horizon_mpc_secbf,12,3.750287,true,osqp,optimal,25,3.730246,0,4.081995,geometric,false,0.000000,0.000000,0.000000,-0.000000,,,0.000000,0.000000,4.521442,0.000000
local_crowding,context_ext,Standard MPC-CBF,100,10.000,2.200000,-0.350000,0.000000,-0.000000,-1.562163,-0.450000,3.100000,-0.060000,0.420000,child,crossing,distracted,,0.000000,1.000000,4.350287,3.750287,0.000000,0.000000,0.000000,0.000000,0.000000,0.000000,0.000000,3.750287,3.750287,3.750287,3.750287,0.000000,horizon_mpc_secbf,12,3.787300,true,osqp,optimal,25,3.550949,0,4.119918,geometric,false,0.000000,0.000000,0.000000,-0.000000,,,0.000000,0.000000,4.521442,0.000000
local_crowding,context_ext,Standard MPC-CBF,101,10.100,2.200000,-0.350000,0.000000,-0.000000,-1.562163,-0.456000,3.142000,-0.060000,0.420000,child,crossing,distracted,,0.000000,1.000000,4.387300,3.787300,0.000000,0.000000,0.000000,0.000000,0.000000,0.000000,0.000000,3.787300,3.787300,3.787300,3.787300,0.000000,horizon_mpc_secbf,12,3.824410,true,osqp,optimal,25,4.400266,0,4.157915,geometric,false,0.000000,0.000000,0.000000,-0.000000,,,0.000000,0.000000,4.521442,0.000000
local_crowding,context_ext,Standard MPC-CBF,102,10.200,2.200000,-0.350000,0.000000,-0.000000,-1.562163,-0.462000,3.184000,-0.060000,0.420000,child,crossing,distracted,,0.000000,1.000000,4.424410,3.824410,0.000000,0.000000,0.000000,0.000000,0.000000,0.000000,0.000000,3.824410,3.824410,3.824410,3.824410,0.000000,horizon_mpc_secbf,12,3.861614,true,osqp,optimal,25,4.064713,0,4.195985,geometric,false,0.000000,0.000000,0.000000,-0.000000,,,0.000000,0.000000,4.521442,0.000000
local_crowding,context_ext,Standard MPC-CBF,103,10.300,2.200000,-0.350000,0.000000,-0.000000,-1.562163,-0.468000,3.226000,-0.060000,0.420000,child,crossing,distracted,,0.000000,1.000000,4.461614,3.861614,0.000000,0.000000,0.000000,0.000000,0.000000,0.000000,0.000000,3.861614,3.861614,3.861614,3.861614,0.000000,horizon_mpc_secbf,12,3.898911,true,osqp,optimal,25,3.338168,0,4.234125,geometric,false,0.000000,0.000000,0.000000,-0.000000,,,0.000000,0.000000,4.521442,0.000000
local_crowding,context_ext,Standard MPC-CBF,104,10.400,2.200000,-0.350000,0.000000,-0.000000,-1.562163,-0.474000,3.268000,-0.060000,0.420000,child,crossing,distracted,,0.000000,1.000000,4.498911,3.898911,0.000000,0.000000,0.000000,0.000000,0.000000,0.000000,0.000000,3.898911,3.898911,3.898911,3.898911,0.000000,horizon_mpc_secbf,12,3.936298,true,osqp,optimal,25,3.269497,0,4.272335,geometric,false,0.000000,0.000000,0.000000,-0.000000,,,0.000000,0.000000,4.521442,0.000000
local_crowding,context_ext,Standard MPC-CBF,105,10.500,2.200000,-0.350000,0.000000,-0.000000,-1.562163,-0.480000,3.310000,-0.060000,0.420000,child,crossing,distracted,,0.000000,1.000000,4.536298,3.936298,0.000000,0.000000,0.000000,0.000000,0.000000,0.000000,0.000000,3.936298,3.936298,3.936298,3.936298,0.000000,horizon_mpc_secbf,12,3.973773,true,osqp,optimal,25,4.237577,0,4.310612,geometric,false,0.000000,0.000000,0.000000,-0.000000,,,0.000000,0.000000,4.521442,0.000000
local_crowding,context_ext,Standard MPC-CBF,106,10.600,2.200000,-0.350000,0.000000,-0.000000,-1.562163,-0.486000,3.352000,-0.060000,0.420000,child,crossing,distracted,,0.000000,1.000000,4.573773,3.973773,0.000000,0.000000,0.000000,0.000000,0.000000,0.000000,0.000000,3.973773,3.973773,3.973773,3.973773,0.000000,horizon_mpc_secbf,12,4.011334,true,osqp,optimal,25,3.775595,0,4.348956,geometric,false,0.000000,0.000000,0.000000,-0.000000,,,0.000000,0.000000,4.521442,0.000000
local_crowding,context_ext,Standard MPC-CBF,107,10.700,2.200000,-0.350000,0.000000,-0.000000,-1.562163,-0.492000,3.394000,-0.060000,0.420000,child,crossing,distracted,,0.000000,1.000000,4.611334,4.011334,0.000000,0.000000,0.000000,0.000000,0.000000,0.000000,0.000000,4.011334,4.011334,4.011334,4.011334,0.000000,horizon_mpc_secbf,12,4.048978,true,osqp,optimal,25,3.721107,0,4.387364,geometric,false,0.000000,0.000000,0.000000,-0.000000,,,0.000000,0.000000,4.521442,0.000000
local_crowding,context_ext,Standard MPC-CBF,108,10.800,2.200000,-0.350000,0.000000,-0.000000,-1.562163,-0.498000,3.436000,-0.060000,0.420000,child,crossing,distracted,,0.000000,1.000000,4.648978,4.048978,0.000000,0.000000,0.000000,0.000000,0.000000,0.000000,0.000000,4.048978,4.048978,4.048978,4.048978,0.000000,horizon_mpc_secbf,12,4.086705,true,osqp,optimal,25,3.347552,0,4.425835,geometric,false,0.000000,0.000000,0.000000,-0.000000,,,0.000000,0.000000,4.521442,0.000000
local_crowding,context_ext,Standard MPC-CBF,109,10.900,2.200000,-0.350000,0.000000,-0.000000,-1.562163,-0.504000,3.478000,-0.060000,0.420000,child,crossing,distracted,,0.000000,1.000000,4.686705,4.086705,0.000000,0.000000,0.000000,0.000000,0.000000,0.000000,0.000000,4.086705,4.086705,4.086705,4.086705,0.000000,horizon_mpc_secbf,12,4.124511,true,osqp,optimal,25,3.478195,0,4.464369,geometric,false,0.000000,0.000000,0.000000,-0.000000,,,0.000000,0.000000,4.521442,0.000000
local_crowding,context_ext,Standard MPC-CBF,110,11.000,2.200000,-0.350000,0.000000,-0.000000,-1.562163,-0.510000,3.520000,-0.060000,0.420000,child,crossing,distracted,,0.000000,1.000000,4.724511,4.124511,0.000000,0.000000,0.000000,0.000000,0.000000,0.000000,0.000000,4.124511,4.124511,4.124511,4.124511,0.000000,horizon_mpc_secbf,12,4.162394,true,osqp,optimal,25,4.928998,0,4.502962,geometric,false,0.000000,0.000000,0.000000,-0.000000,,,0.000000,0.000000,4.521442,0.000000
local_crowding,context_ext,Standard MPC-CBF,111,11.100,2.200000,-0.350000,0.000000,-0.000000,-1.562163,-0.516000,3.562000,-0.060000,0.420000,child,crossing,distracted,,0.000000,1.000000,4.762394,4.162394,0.000000,0.000000,0.000000,0.000000,0.000000,0.000000,0.000000,4.162394,4.162394,4.162394,4.162394,0.000000,horizon_mpc_secbf,12,4.200354,true,osqp,optimal,25,3.325166,0,4.541615,geometric,false,0.000000,0.000000,0.000000,-0.000000,,,0.000000,0.000000,4.521442,0.000000
local_crowding,context_ext,Standard MPC-CBF,112,11.200,2.200000,-0.350000,0.000000,-0.000000,-1.562163,-0.522000,3.604000,-0.060000,0.420000,child,crossing,distracted,,0.000000,1.000000,4.800354,4.200354,0.000000,0.000000,0.000000,0.000000,0.000000,0.000000,0.000000,4.200354,4.200354,4.200354,4.200354,0.000000,horizon_mpc_secbf,12,4.238388,true,osqp,optimal,25,3.840773,0,4.580326,geometric,false,0.000000,0.000000,0.000000,-0.000000,,,0.000000,0.000000,4.521442,0.000000
local_crowding,context_ext,Standard MPC-CBF,113,11.300,2.200000,-0.350000,0.000000,-0.000000,-1.562163,-0.528000,3.646000,-0.060000,0.420000,child,crossing,distracted,,0.000000,1.000000,4.838388,4.238388,0.000000,0.000000,0.000000,0.000000,0.000000,0.000000,0.000000,4.238388,4.238388,4.238388,4.238388,0.000000,horizon_mpc_secbf,12,4.276495,true,osqp,optimal,25,3.496839,0,4.619093,geometric,false,0.000000,0.000000,0.000000,-0.000000,,,0.000000,0.000000,4.521442,0.000000
local_crowding,context_ext,Standard MPC-CBF,114,11.400,2.200000,-0.350000,0.000000,-0.000000,-1.562163,-0.534000,3.688000,-0.060000,0.420000,child,crossing,distracted,,0.000000,1.000000,4.876495,4.276495,0.000000,0.000000,0.000000,0.000000,0.000000,0.000000,0.000000,4.276495,4.276495,4.276495,4.276495,0.000000,horizon_mpc_secbf,12,4.314672,true,osqp,optimal,25,3.918349,0,4.657916,geometric,false,0.000000,0.000000,0.000000,-0.000000,,,0.000000,0.000000,4.521442,0.000000
local_crowding,context_ext,Standard MPC-CBF,115,11.500,2.200000,-0.350000,0.000000,-0.000000,-1.562163,-0.540000,3.730000,-0.060000,0.420000,child,crossing,distracted,,0.000000,1.000000,4.914672,4.314672,0.000000,0.000000,0.000000,0.000000,0.000000,0.000000,0.000000,4.314672,4.314672,4.314672,4.314672,0.000000,horizon_mpc_secbf,12,4.352918,true,osqp,optimal,25,3.426503,0,4.696793,geometric,false,0.000000,0.000000,0.000000,-0.000000,,,0.000000,0.000000,4.521442,0.000000
local_crowding,context_ext,Standard MPC-CBF,116,11.600,2.200000,-0.350000,0.000000,-0.000000,-1.562163,-0.546000,3.772000,-0.060000,0.420000,child,crossing,distracted,,0.000000,1.000000,4.952918,4.352918,0.000000,0.000000,0.000000,0.000000,0.000000,0.000000,0.000000,4.352918,4.352918,4.352918,4.352918,0.000000,horizon_mpc_secbf,12,4.391232,true,osqp,optimal,25,3.499346,0,4.735723,geometric,false,0.000000,0.000000,0.000000,-0.000000,,,0.000000,0.000000,4.521442,0.000000
local_crowding,context_ext,Standard MPC-CBF,117,11.700,2.200000,-0.350000,0.000000,-0.000000,-1.562163,-0.552000,3.814000,-0.060000,0.420000,child,crossing,distracted,,0.000000,1.000000,4.991232,4.391232,0.000000,0.000000,0.000000,0.000000,0.000000,0.000000,0.000000,4.391232,4.391232,4.391232,4.391232,0.000000,horizon_mpc_secbf,12,4.429612,true,osqp,optimal,25,3.693497,0,4.774705,geometric,false,0.000000,0.000000,0.000000,-0.000000,,,0.000000,0.000000,4.521442,0.000000
local_crowding,context_ext,Standard MPC-CBF,118,11.800,2.200000,-0.350000,0.000000,-0.000000,-1.562163,-0.558000,3.856000,-0.060000,0.420000,child,crossing,distracted,,0.000000,1.000000,5.029612,4.429612,0.000000,0.000000,0.000000,0.000000,0.000000,0.000000,0.000000,4.429612,4.429612,4.429612,4.429612,0.000000,horizon_mpc_secbf,12,4.468057,true,osqp,optimal,25,4.423267,0,4.813737,geometric,false,0.000000,0.000000,0.000000,-0.000000,,,0.000000,0.000000,4.521442,0.000000
local_crowding,context_ext,Standard MPC-CBF,119,11.900,2.200000,-0.350000,0.000000,-0.000000,-1.562163,-0.564000,3.898000,-0.060000,0.420000,child,crossing,distracted,,0.000000,1.000000,5.068057,4.468057,0.000000,0.000000,0.000000,0.000000,0.000000,0.000000,0.000000,4.468057,4.468057,4.468057,4.468057,0.000000,horizon_mpc_secbf,12,4.506564,true,osqp,optimal,25,3.478538,0,4.852820,geometric,false,0.000000,0.000000,0.000000,-0.000000,,,0.000000,0.000000,4.521442,0.000000
local_crowding,context_ext,EESM-MPC-ECBF,0,0.000,-2.200000,-0.350000,0.000000,0.000000,0.000000,0.150000,-1.100000,-0.060000,0.420000,pedestrian,walking,unknown,10.098536,1.000000,1.000000,2.466779,1.866779,0.000000,0.000000,0.000000,0.000000,0.153124,0.153124,0.000000,1.866779,1.713655,1.713655,1.713655,0.000000,horizon_mpc_secbf,12,0.681575,true,osqp,optimal,175,4.004422,0,0.937182,geometric,false,0.750000,0.000000,0.621016,0.000000,,,0.621016,0.621016,0.062102,4.400000
local_crowding,context_ext,EESM-MPC-ECBF,1,0.100,-2.137898,-0.350000,0.621016,0.000000,0.000000,0.144000,-1.058000,-0.060000,0.420000,pedestrian,walking,unknown,2.308992,1.000000,1.000000,2.389210,1.789210,0.000000,0.000000,0.000000,0.000000,0.762628,0.762628,0.000000,1.789210,1.026582,1.026582,1.026582,0.000021,horizon_mpc_secbf,12,-0.000021,true,osqp,optimal,75,3.686691,0,0.166768,geometric,false,0.750000,-0.000000,0.710943,0.003176,,,0.710950,0.089983,0.133197,4.337898
local_crowding,context_ext,EESM-MPC-ECBF,2,0.200,-2.066804,-0.349682,0.710943,0.003176,0.004467,0.138000,-1.016000,-0.060000,0.420000,pedestrian,walking,unknown,1.983887,1.000000,1.000000,2.303289,1.703289,0.000000,0.000000,0.000000,0.000000,0.847884,0.847884,0.000000,1.703289,0.855405,0.855405,0.855405,0.000162,horizon_mpc_secbf,12,-0.000162,true,osqp,optimal,50,5.255818,0,0.098302,geometric,false,0.750000,-0.000056,0.611372,0.023858,,,0.611837,0.101696,0.194380,4.266804
local_crowding,context_ext,EESM-MPC-ECBF,3,0.300,-2.005667,-0.347297,0.611372,0.023858,0.039004,0.132000,-0.974000,-0.060000,0.420000,pedestrian,walking,unknown,2.153809,1.000000,1.000000,2.227639,1.627639,0.000000,0.000000,0.000000,0.000000,0.743328,0.743328,0.000000,1.627639,0.884311,0.884311,0.884311,0.000130,horizon_mpc_secbf,12,-0.000131,true,osqp,optimal,50,3.651753,0,0.119556,geometric,false,0.750000,-0.000482,0.620159,0.021194,,,0.620521,0.009182,0.256432,4.205668
local_crowding,context_ext,EESM-MPC-ECBF,4,0.400,-1.943651,-0.345177,0.620159,0.021194,0.034161,0.126000,-0.932000,-0.060000,0.420000,pedestrian,walking,unknown,2.032669,1.000000,1.000000,2.151236,1.551236,0.000000,0.000000,0.000000,0.000000,0.749081,0.749081,0.000000,1.551236,0.802155,0.802155,0.802155,0.000193,horizon_mpc_secbf,12,-0.000193,true,osqp,optimal,50,3.786135,0,0.089585,geometric,false,0.749999,-0.000873,0.569461,0.027112,,,0.570106,0.051042,0.313443,4.143654
local_crowding,context_ext,EESM-MPC-ECBF,5,0.500,-1.886705,-0.342466,0.569461,0.027112,0.047574,0.120000,-0.890000,-0.060000,0.420000,pedestrian,walking,unknown,2.082594,1.000000,1.000000,2.080062,1.480062,0.000000,0.000000,0.000000,0.000000,0.694163,0.694163,0.000000,1.480062,0.785899,0.785899,0.785899,0.000200,horizon_mpc_secbf,12,-0.000199,true,osqp,optimal,50,3.586487,0,0.088973,geometric,false,0.749999,-0.001383,0.555217,0.026405,,,0.555844,0.014262,0.369028,4.086712
local_crowding,context_ext,EESM-MPC-ECBF,6,0.600,-1.831183,-0.339825,0.555217,0.026405,0.047523,0.114000,-0.848000,-0.060000,0.420000,pedestrian,walking,unknown,2.030250,1.000000,1.000000,2.010467,1.410467,0.000000,0.000000,0.000000,0.000000,0.675574,0.675574,0.000000,1.410467,0.734893,0.734893,0.734893,0.000236,horizon_mpc_secbf,12,-0.000235,true,osqp,optimal,50,4.779149,0,0.072103,geometric,false,0.749998,-0.001893,0.522760,0.027581,,,0.523487,0.032478,0.421376,4.031196
local_crowding,context_ext,EESM-MPC-ECBF,7,0.700,-1.778907,-0.337067,0.522760,0.027581,0.052712,0.108000,-0.806000,-0.060000,0.420000,pedestrian,walking,unknown,2.036203,1.000000,1.000000,1.944304,1.344304,0.000000,0.000000,0.000000,0.000000,0.637914,0.637914,0.000000,1.344304,0.706390,0.706390,0.706390,0.000252,horizon_mpc_secbf,12,-0.000252,true,osqp,optimal,50,3.509347,0,0.065348,geometric,false,0.749996,-0.002438,0.503157,0.027092,,,0.503885,0.019609,0.471765,3.978928
local_crowding,context_ext,EESM-MPC-ECBF,8,0.800,-1.728592,-0.334358,0.503157,0.027092,0.053791,0.102000,-0.764000,-0.060000,0.420000,pedestrian,walking,unknown,2.006683,1.000000,1.000000,1.880334,1.280334,0.000000,0.000000,0.000000,0.000000,0.612367,0.612367,0.000000,1.280334,0.667967,0.667967,0.667967,0.000277,horizon_mpc_secbf,12,-0.000277,true,osqp,optimal,50,3.555566,0,0.054316,geometric,false,0.749994,-0.002986,0.478720,0.028474,,,0.479566,0.024476,0.519721,3.928623
local_crowding,context_ext,EESM-MPC-ECBF,9,0.900,-1.680720,-0.331511,0.478720,0.028474,0.059410,0.096000,-0.722000,-0.060000,0.420000,child,crossing,distracted,1.997891,1.000000,1.000000,1.819125,1.219125,0.000000,0.000000,0.000000,0.000000,0.581124,0.581124,0.000000,1.219125,0.638000,0.638000,0.638000,0.000295,horizon_mpc_secbf,12,-0.000294,true,osqp,optimal,50,3.644513,0,0.049109,geometric,false,0.749991,-0.003573,0.459364,0.038329,,,0.460960,0.021720,0.565817,3.880764
local_crowding,context_ext,EESM-MPC-ECBF,10,1.000,-1.634783,-0.327678,0.459364,0.038329,0.083247,0.090000,-0.680000,-0.060000,0.420000,child,crossing,distracted,1.982767,1.000000,1.000000,1.760400,1.160400,0.000000,0.000000,0.000000,0.000000,0.554624,0.554624,0.000000,1.160400,0.605776,0.605776,0.605776,0.000315,horizon_mpc_secbf,12,-0.000314,true,osqp,optimal,50,4.521747,0,0.042688,geometric,false,0.749987,-0.004366,0.438929,0.047412,,,0.441482,0.022363,0.609966,3.834848
local_crowding,context_ext,EESM-MPC-ECBF,11,1.100,-1.590890,-0.322937,0.438929,0.047412,0.107600,0.084000,-0.638000,-0.060000,0.420000,child,crossing,distracted,1.974694,1.000000,1.000000,1.704266,1.104266,0.000000,0.000000,0.000000,0.000000,0.526899,0.526899,0.000000,1.104266,0.577367,0.577367,0.577367,0.000331,horizon_mpc_secbf,12,-0.000331,true,osqp,optimal,50,4.350982,0,0.037389,geometric,false,0.749981,-0.005354,0.420857,0.053571,,,0.424253,0.019092,0.652391,3.790987
local_crowding,context_ext,EESM-MPC-ECBF,12,1.200,-1.548805,-0.317580,0.420857,0.053571,0.126609,0.078000,-0.596000,-0.060000,0.420000,child,crossing,distracted,1.960614,1.000000,1.000000,1.650458,1.050458,0.000000,0.000000,0.000000,0.000000,0.501136,0.501136,0.000000,1.050458,0.549322,0.549322,0.549322,0.000347,horizon_mpc_secbf,12,-0.000347,true,osqp,optimal,50,3.499180,0,0.031411,geometric,false,0.749972,-0.006486,0.403551,0.056316,,,0.407461,0.017523,0.693137,3.748945
local_crowding,context_ext,EESM-MPC-ECBF,13,1.300,-1.508449,-0.311948,0.403551,0.056316,0.138655,0.072000,-0.554000,-0.060000,0.420000,child,crossing,distracted,1.946123,1.000000,1.000000,1.598878,0.998878,0.000000,0.000000,0.000000,0.000000,0.475375,0.475375,0.000000,0.998878,0.523502,0.523502,0.523502,0.000361,horizon_mpc_secbf,12,-0.000361,true,osqp,optimal,50,3.998487,0,0.025356,geometric,false,0.749961,-0.007695,0.388455,0.055234,,,0.392362,0.015134,0.732373,3.708645
local_crowding,context_ext,EESM-MPC-ECBF,14,1.400,-1.469604,-0.306425,0.388455,0.055234,0.141241,0.066000,-0.512000,-0.060000,0.420000,child,crossing,distracted,1.925993,1.000000,1.000000,1.549303,0.949303,0.000000,0.000000,0.000000,0.000000,0.450561,0.450561,0.000000,0.949303,0.498742,0.498742,0.498742,0.000374,horizon_mpc_secbf,12,-0.000374,true,osqp,optimal,50,4.223502,0,0.018330,geometric,false,0.749947,-0.008905,0.375533,0.049931,,,0.378838,0.013968,0.770257,3.669863
local_crowding,context_ext,EESM-MPC-ECBF,15,1.500,-1.432051,-0.301432,0.375533,0.049931,0.132185,0.060000,-0.470000,-0.060000,0.420000,child,crossing,distracted,1.900684,1.000000,1.000000,1.501543,0.901543,0.000000,0.000000,0.000000,0.000000,0.425982,0.425982,0.000000,0.901543,0.475561,0.475561,0.475561,0.000384,horizon_mpc_secbf,12,-0.000384,true,osqp,optimal,50,4.231742,0,0.010067,geometric,false,0.749933,-0.010028,0.365918,0.040069,,,0.368106,0.013774,0.807068,3.632375
local_crowding,context_ext,EESM-MPC-ECBF,16,1.600,-1.395459,-0.297425,0.365918,0.040069,0.109067,0.054000,-0.428000,-0.060000,0.420000,child,crossing,distracted,1.866352,1.000000,1.000000,1.455328,0.855328,0.000000,0.000000,0.000000,0.000000,0.401852,0.401852,0.000000,0.855328,0.453477,0.453477,0.453477,0.000392,horizon_mpc_secbf,12,-0.000393,true,osqp,optimal,50,3.588432,0,-0.000363,geometric,false,0.749920,-0.010966,0.360523,0.025382,,,0.361415,0.015646,0.843209,3.595843
local_crowding,context_ext,EESM-MPC-ECBF,17,1.700,-1.359407,-0.294886,0.360523,0.025382,0.070288,0.048000,-0.386000,-0.060000,0.420000,child,crossing,distracted,1.820454,1.000000,1.000000,1.410353,0.810353,0.000000,0.000000,0.000000,0.000000,0.377853,0.377853,0.000000,0.810353,0.432499,0.432499,0.432499,0.000398,horizon_mpc_secbf,12,-0.000398,true,osqp,optimal,50,3.871206,0,-0.013895,geometric,false,0.749910,-0.011612,0.360921,0.005941,,,0.360970,0.019445,0.879306,3.559833
local_crowding,context_ext,EESM-MPC-ECBF,18,1.800,-1.323314,-0.294292,0.360921,0.005941,0.016459,0.042000,-0.344000,-0.060000,0.420000,child,crossing,distracted,1.758564,1.000000,1.000000,1.366219,0.766219,0.000000,0.000000,0.000000,0.000000,0.353979,0.353979,0.000000,0.766219,0.412240,0.412240,0.412240,0.000399,horizon_mpc_secbf,12,-0.000399,true,osqp,optimal,50,3.941578,0,-0.031873,geometric,false,0.749906,-0.011857,0.368874,-0.017635,,,0.369296,0.024881,0.916236,3.523755
local_crowding,context_ext,EESM-MPC-ECBF,19,1.900,-1.286427,-0.296056,0.368874,-0.017635,-0.047772,0.036000,-0.302000,-0.060000,0.420000,child,crossing,distracted,1.676830,1.000000,1.000000,1.322440,0.722440,0.000000,0.000000,0.000000,0.000000,0.330073,0.330073,0.000000,0.722440,0.392368,0.392368,0.392368,0.000081,horizon_mpc_secbf,12,-0.000051,true,osqp,optimal,75,4.219917,0,-0.290239,geometric,false,0.749910,-0.011603,0.619965,-0.186991,,,0.647551,0.302866,0.980991,3.486844
local_crowding,context_ext,EESM-MPC-ECBF,20,2.000,-1.224430,-0.314755,0.619965,-0.186991,-0.292938,0.030000,-0.260000,-0.060000,0.420000,child,crossing,distracted,1.004252,1.000000,1.000000,1.255625,0.655625,0.000000,0.000000,0.000000,0.000000,0.379316,0.379316,0.000000,0.655625,0.276309,0.276309,0.276309,0.000149,horizon_mpc_secbf,12,-0.000149,true,osqp,optimal,75,5.272406,0,-0.369267,geometric,false,0.749960,-0.007719,0.616292,-0.266195,,,0.671323,0.079289,1.048123,3.424612
local_crowding,context_ext,EESM-MPC-ECBF,21,2.100,-1.162801,-0.341374,0.616292,-0.266195,-0.407725,0.024000,-0.218000,-0.060000,0.420000,child,crossing,distracted,0.985842,1.000000,1.000000,1.193197,0.593197,0.000000,0.000000,0.000000,0.000000,0.236106,0.236106,0.000000,0.593197,0.357090,0.357090,0.357090,0.000000,horizon_mpc_secbf,12,0.035519,true,osqp,optimal,100,5.612443,0,-0.340316,geometric,false,0.749998,-0.001924,0.705822,-0.201974,,,0.734151,0.110181,1.121538,3.362812
local_crowding,context_ext,EESM-MPC-ECBF,22,2.200,-1.092219,-0.361572,0.705822,-0.201974,-0.278706,0.018000,-0.176000,-0.060000,0.420000,child,crossing,distracted,0.805176,1.000000,1.000000,1.125621,0.525621,0.000000,0.000000,0.000000,0.000000,0.247704,0.247704,0.000000,0.525621,0.277918,0.277918,0.277918,0.000000,horizon_mpc_secbf,12,0.019204,true,osqp,optimal,75,4.967605,0,-0.383512,geometric,false,0.749995,0.002636,0.713984,-0.198482,,,0.741059,0.008878,1.195644,3.292239
local_crowding,context_ext,EESM-MPC-ECBF,23,2.300,-1.020821,-0.381420,0.713984,-0.198482,-0.271146,0.012000,-0.134000,-0.060000,0.420000,child,crossing,distracted,0.759187,1.000000,1.000000,1.062043,0.462043,0.000000,0.000000,0.000000,0.000000,0.158282,0.158282,0.000000,0.462043,0.303761,0.303761,0.303761,0.000000,horizon_mpc_secbf,12,0.104498,true,osqp,optimal,75,5.260384,0,-0.300531,geometric,false,0.749964,0.007316,0.711175,-0.205260,,,0.740204,0.007336,1.269664,3.220974
local_crowding,context_ext,EESM-MPC-ECBF,24,2.400,-0.949703,-0.401946,0.711175,-0.205260,-0.280984,0.006000,-0.092000,-0.060000,0.420000,child,crossing,distracted,0.748523,1.000000,1.000000,1.004706,0.404706,0.000000,0.000000,0.000000,0.000000,0.051470,0.051470,0.000000,0.404706,0.353237,0.353237,0.353237,0.000000,horizon_mpc_secbf,12,0.207544,true,osqp,optimal,50,5.524142,0,-0.182419,geometric,false,0.749898,0.012368,0.708217,-0.212405,,,0.739383,0.007733,1.343603,3.150132
local_crowding,context_ext,EESM-MPC-ECBF,25,2.500,-0.878882,-0.423186,0.708217,-0.212405,-0.291379,0.000000,-0.050000,-0.060000,0.420000,child,crossing,distracted,0.771467,1.000000,1.000000,0.954830,0.354830,0.000000,0.000000,0.000000,0.000000,0.000000,0.000000,0.000000,0.354830,0.411662,0.411662,0.354830,0.000000,horizon_mpc_secbf,12,0.255709,true,osqp,optimal,75,5.299121,0,-0.101157,geometric,false,0.749788,0.017823,0.706094,-0.217524,,,0.738841,0.005542,1.417487,3.079751
local_crowding,context_ext,EESM-MPC-ECBF,26,2.600,-0.808272,-0.444939,0.706094,-0.217524,-0.298841,-0.006000,-0.008000,-0.060000,0.420000,child,crossing,distracted,0.852331,1.000000,1.000000,0.913540,0.313540,0.000000,0.000000,0.000000,0.000000,0.000000,0.000000,0.000000,0.313540,0.475072,0.475072,0.313540,0.000000,horizon_mpc_secbf,12,0.253058,true,osqp,optimal,75,5.359502,0,-0.052165,geometric,false,0.749627,0.023658,0.705034,-0.220086,,,0.738586,0.002772,1.491346,3.009770
local_crowding,context_ext,EESM-MPC-ECBF,27,2.700,-0.737769,-0.466947,0.705034,-0.220086,-0.302578,-0.012000,0.034000,-0.060000,0.420000,child,crossing,distracted,1.059596,1.000000,1.000000,0.881867,0.281867,0.000000,0.000000,0.000000,0.000000,0.000000,0.000000,0.000000,0.281867,0.541708,0.541708,0.281867,0.000000,horizon_mpc_secbf,12,0.251221,true,osqp,optimal,75,5.664720,0,0.015660,geometric,false,0.749406,0.029833,0.705122,-0.219873,,,0.738607,0.000230,1.565206,2.940096
local_crowding,context_ext,EESM-MPC-ECBF,28,2.800,-0.667257,-0.488935,0.705122,-0.219873,-0.302268,-0.018000,0.076000,-0.060000,0.420000,child,crossing,distracted,1.658173,1.000000,1.000000,0.860631,0.260631,0.000000,0.000000,0.000000,0.000000,0.000000,0.000000,0.000000,0.260631,0.610367,0.610367,0.260631,0.000000,horizon_mpc_secbf,12,0.250323,true,osqp,optimal,75,5.362589,0,0.100482,geometric,false,0.749121,0.036299,0.706391,-0.216809,,,0.738914,0.003317,1.639098,2.870621
local_crowding,context_ext,EESM-MPC-ECBF,29,2.900,-0.596617,-0.510616,0.706391,-0.216809,-0.297798,-0.024000,0.118000,-0.060000,0.420000,child,crossing,distracted,5.522840,1.000000,1.000000,0.850323,0.250323,0.000000,0.000000,0.000000,0.000000,0.000000,0.000000,0.000000,0.250323,0.680175,0.680175,0.250323,0.000000,horizon_mpc_secbf,12,0.251006,true,osqp,optimal,75,3.922798,0,0.198999,geometric,false,0.748766,0.043003,0.708831,-0.210918,,,0.739546,0.006376,1.713052,2.801226
local_crowding,context_ext,EESM-MPC-ECBF,30,3.000,-0.525734,-0.531707,0.708831,-0.210918,-0.289214,-0.030000,0.160000,-0.060000,0.420000,child,crossing,distracted,,0.000000,1.000000,0.851006,0.251006,0.000000,0.000000,0.000000,0.000000,0.000000,0.000000,0.000000,0.251006,0.251006,0.251006,0.251006,0.000000,horizon_mpc_secbf,12,0.262302,true,osqp,optimal,75,4.142612,0,0.306903,geometric,false,0.748339,0.049887,0.712389,-0.202327,,,0.740564,0.009298,1.787109,2.731784
local_crowding,context_ext,EESM-MPC-ECBF,31,3.100,-0.454495,-0.551940,0.712389,-0.202327,-0.276725,-0.036000,0.202000,-0.060000,0.420000,child,crossing,distracted,,0.000000,1.000000,0.862302,0.262302,0.000000,0.000000,0.000000,0.000000,0.000000,0.000000,0.000000,0.262302,0.262302,0.262302,0.262302,0.000000,horizon_mpc_secbf,12,0.283445,true,osqp,optimal,75,3.740031,0,0.419657,geometric,false,0.747839,0.056892,0.716976,-0.191253,,,0.742046,0.011986,1.861313,2.662166
local_crowding,context_ext,EESM-MPC-ECBF,32,3.200,-0.382798,-0.571065,0.716976,-0.191253,-0.260680,-0.042000,0.244000,-0.060000,0.420000,child,crossing,distracted,,0.000000,1.000000,0.883445,0.283445,0.000000,0.000000,0.000000,0.000000,0.000000,0.000000,0.000000,0.283445,0.283445,0.283445,0.283445,0.000000,horizon_mpc_secbf,12,0.313410,true,osqp,optimal,75,3.749061,0,0.533289,geometric,false,0.747268,0.063960,0.722475,-0.177976,,,0.744074,0.014371,1.935721,2.592241
local_crowding,context_ext,EESM-MPC-ECBF,33,3.300,-0.310550,-0.588863,0.722475,-0.177976,-0.241533,-0.048000,0.286000,-0.060000,0.420000,child,crossing,distracted,,0.000000,1.000000,0.913410,0.313410,0.000000,0.000000,0.000000,0.000000,0.000000,0.000000,0.000000,0.313410,0.313410,0.313410,0.313410,0.000000,horizon_mpc_secbf,12,0.351049,true,osqp,optimal,75,3.576664,0,0.644903,geometric,false,0.746628,0.071037,0.728759,-0.162809,,,0.746724,0.016417,2.010393,2.521888
local_crowding,context_ext,EESM-MPC-ECBF,34,3.400,-0.237674,-0.605144,0.728759,-0.162809,-0.219796,-0.054000,0.328000,-0.060000,0.420000,child,crossing,distracted,,0.000000,1.000000,0.951049,0.351049,0.000000,0.000000,0.000000,0.000000,0.000000,0.000000,0.000000,0.351049,0.351049,0.351049,0.351049,0.000000,horizon_mpc_secbf,12,0.395194,true,osqp,optimal,75,4.312432,0,0.752702,geometric,false,0.745925,0.078074,0.734775,-0.145799,,,0.749100,0.018043,2.085303,2.450991
local_crowding,context_ext,EESM-MPC-ECBF,35,3.500,-0.164197,-0.619724,0.734775,-0.145799,-0.195882,-0.060000,0.370000,-0.060000,0.420000,child,crossing,distracted,,0.000000,1.000000,0.995194,0.395194,0.000000,0.000000,0.000000,0.000000,0.000000,0.000000,0.000000,0.395194,0.395194,0.395194,0.395194,0.000000,horizon_mpc_secbf,12,0.444652,true,osqp,optimal,75,4.966277,0,0.855273,geometric,false,0.745166,0.085014,0.735591,-0.126381,,,0.746369,0.019435,2.159940,2.379533
local_crowding,context_ext,EESM-MPC-ECBF,36,3.600,-0.090638,-0.632362,0.735591,-0.126381,-0.170147,-0.066000,0.412000,-0.060000,0.420000,child,crossing,distracted,,0.000000,1.000000,1.044652,0.444652,0.000000,0.000000,0.000000,0.000000,0.000000,0.000000,0.000000,0.444652,0.444652,0.444652,0.444652,0.000000,horizon_mpc_secbf,12,0.498297,true,osqp,optimal,75,4.877423,0,0.951352,geometric,false,0.744366,0.091756,0.735591,-0.105610,,,0.743134,0.020771,2.234253,2.307975
local_crowding,context_ext,EESM-MPC-ECBF,37,3.700,-0.017079,-0.642923,0.735591,-0.105610,-0.142597,-0.072000,0.454000,-0.060000,0.420000,child,crossing,distracted,,0.000000,1.000000,1.098297,0.498297,0.000000,0.000000,0.000000,0.000000,0.000000,0.000000,0.000000,0.498297,0.498297,0.498297,0.498297,0.000000,horizon_mpc_secbf,12,0.555170,true,osqp,optimal,75,4.632595,0,1.041373,geometric,false,0.743538,0.098237,0.735590,-0.083923,,,0.740362,0.021687,2.308289,2.236346
local_crowding,context_ext,EESM-MPC-ECBF,38,3.800,0.056480,-0.651315,0.735590,-0.083923,-0.113598,-0.078000,0.496000,-0.060000,0.420000,child,crossing,distracted,,0.000000,1.000000,1.155170,0.555170,0.000000,0.000000,0.000000,0.000000,0.000000,0.000000,0.000000,0.555170,0.555170,0.555170,0.555170,0.000000,horizon_mpc_secbf,12,0.614487,true,osqp,optimal,75,4.795150,0,1.126131,geometric,false,0.742698,0.104401,0.735589,-0.061617,,,0.738165,0.022306,2.382106,2.164594
local_crowding,context_ext,EESM-MPC-ECBF,39,3.900,0.130039,-0.657477,0.735589,-0.061617,-0.083570,-0.084000,0.538000,-0.060000,0.420000,child,crossing,distracted,,0.000000,1.000000,1.214487,0.614487,0.000000,0.000000,0.000000,0.000000,0.000000,0.000000,0.000000,0.614487,0.614487,0.614487,0.614487,0.000000,horizon_mpc_secbf,12,0.675618,true,osqp,optimal,75,5.184212,0,1.206458,geometric,false,0.741860,0.110198,0.735588,-0.038942,,,0.736618,0.022675,2.455768,2.092673
local_crowding,context_ext,EESM-MPC-ECBF,40,4.000,0.203598,-0.661371,0.735588,-0.038942,-0.052890,-0.090000,0.580000,-0.060000,0.420000,child,crossing,distracted,,0.000000,1.000000,1.275618,0.675618,0.000000,0.000000,0.000000,0.000000,0.000000,0.000000,0.000000,0.675618,0.675618,0.675618,0.675618,0.000000,horizon_mpc_secbf,12,0.738068,true,osqp,optimal,75,5.281045,0,1.283138,geometric,false,0.741041,0.115577,0.735585,-0.016115,,,0.735762,0.022827,2.529344,2.020538
local_crowding,context_ext,EESM-MPC-ECBF,41,4.100,0.277157,-0.662982,0.735585,-0.016115,-0.021904,-0.096000,0.622000,-0.060000,0.420000,child,crossing,distracted,,0.000000,1.000000,1.338068,0.738068,0.000000,0.000000,0.000000,0.000000,0.000000,0.000000,0.000000,0.738068,0.738068,0.738068,0.738068,0.000000,horizon_mpc_secbf,12,0.801449,true,osqp,optimal,100,5.841156,0,1.356859,geometric,false,0.740258,0.120492,0.735589,0.006683,,,0.735619,0.022798,2.602906,1.948149
local_crowding,context_ext,EESM-MPC-ECBF,42,4.200,0.350715,-0.662314,0.735589,0.006683,0.009085,-0.102000,0.664000,-0.060000,0.420000,child,crossing,distracted,,0.000000,1.000000,1.401449,0.801449,0.000000,0.000000,0.000000,0.000000,0.000000,0.000000,0.000000,0.801449,0.801449,0.801449,0.801449,0.000000,horizon_mpc_secbf,12,0.865469,true,osqp,optimal,100,5.010280,0,1.428239,geometric,false,0.739528,0.124894,0.735589,0.029264,,,0.736171,0.022581,2.676523,1.875472
local_crowding,context_ext,EESM-MPC-ECBF,43,4.300,0.424274,-0.659388,0.735589,0.029264,0.039762,-0.108000,0.706000,-0.060000,0.420000,child,crossing,distracted,,0.000000,1.000000,1.465469,0.865469,0.000000,0.000000,0.000000,0.000000,0.000000,0.000000,0.000000,0.865469,0.865469,0.865469,0.865469,0.000000,horizon_mpc_secbf,12,0.929907,true,osqp,optimal,100,4.187217,0,1.497789,geometric,false,0.738869,0.128734,0.735589,0.051479,,,0.737388,0.022215,2.750262,1.802477
local_crowding,context_ext,EESM-MPC-ECBF,44,4.400,0.497833,-0.654240,0.735589,0.051479,0.069870,-0.114000,0.748000,-0.060000,0.420000,child,crossing,distracted,,0.000000,1.000000,1.529907,0.929907,0.000000,0.000000,0.000000,0.000000,0.000000,0.000000,0.000000,0.929907,0.929907,0.929907,0.929907,0.000000,horizon_mpc_secbf,12,0.994605,true,osqp,optimal,100,4.605883,0,1.565949,geometric,false,0.738300,0.131961,0.735588,0.073185,,,0.739219,0.021705,2.824184,1.729143
local_crowding,context_ext,EESM-MPC-ECBF,45,4.500,0.571392,-0.646921,0.735588,0.073185,0.099165,-0.120000,0.790000,-0.060000,0.420000,child,crossing,distracted,,0.000000,1.000000,1.594605,0.994605,0.000000,0.000000,0.000000,0.000000,0.000000,0.000000,0.000000,0.994605,0.994605,0.994605,0.994605,0.000000,horizon_mpc_secbf,12,1.059457,true,osqp,optimal,100,4.067585,0,1.633131,geometric,false,0.737838,0.134520,0.735586,0.094210,,,0.741594,0.021025,2.898343,1.655454
local_crowding,context_ext,EESM-MPC-ECBF,46,4.600,0.644950,-0.637500,0.735586,0.094210,0.127381,-0.126000,0.832000,-0.060000,0.420000,child,crossing,distracted,,0.000000,1.000000,1.659457,1.059457,0.000000,0.000000,0.000000,0.000000,0.000000,0.000000,0.000000,1.059457,1.059457,1.059457,1.059457,0.000000,horizon_mpc_secbf,12,1.124417,true,osqp,optimal,100,3.927276,0,1.699890,geometric,false,0.737502,0.136351,0.735584,0.114171,,,0.744391,0.019961,2.972782,1.581403
local_crowding,context_ext,EESM-MPC-ECBF,47,4.700,0.718509,-0.626083,0.735584,0.114171,0.153983,-0.132000,0.874000,-0.060000,0.420000,child,crossing,distracted,,0.000000,1.000000,1.724417,1.124417,0.000000,0.000000,0.000000,0.000000,0.000000,0.000000,0.000000,1.124417,1.124417,1.124417,1.124417,0.000000,horizon_mpc_secbf,12,1.189609,true,osqp,optimal,275,5.482024,0,1.767886,geometric,false,0.737307,0.137401,0.735601,0.131387,,,0.747243,0.017216,3.047507,1.506996
local_crowding,context_ext,EESM-MPC-ECBF,48,4.800,0.792069,-0.612945,0.735601,0.131387,0.176748,-0.138000,0.916000,-0.060000,0.420000,child,crossing,distracted,,0.000000,1.000000,1.789609,1.189609,0.000000,0.000000,0.000000,0.000000,0.000000,0.000000,0.000000,1.189609,1.189609,1.189609,1.189609,0.000000,horizon_mpc_secbf,12,1.255932,true,osqp,optimal,275,4.943095,0,1.845202,geometric,false,0.737253,0.137689,0.735601,0.136608,,,0.748178,0.005220,3.122324,1.432274
local_crowding,context_ext,EESM-MPC-ECBF,49,4.900,0.865629,-0.599284,0.735601,0.136608,0.183617,-0.144000,0.958000,-0.060000,0.420000,child,crossing,distracted,,0.000000,1.000000,1.855932,1.255932,0.000000,0.000000,0.000000,0.000000,0.000000,0.000000,0.000000,1.255932,1.255932,1.255932,1.255932,0.000000,horizon_mpc_secbf,12,1.323601,true,osqp,optimal,275,4.549634,0,1.925751,geometric,false,0.737245,0.137730,0.735603,0.137538,,,0.748350,0.000930,3.197159,1.357456
local_crowding,context_ext,EESM-MPC-ECBF,50,5.000,0.939189,-0.585530,0.735603,0.137538,0.184838,-0.150000,1.000000,-0.060000,0.420000,child,crossing,distracted,,0.000000,1.000000,1.923601,1.323601,0.000000,0.000000,0.000000,0.000000,0.000000,0.000000,0.000000,1.323601,1.323601,1.323601,1.323601,0.000000,horizon_mpc_secbf,12,1.392536,true,osqp,optimal,275,5.593703,0,2.006784,geometric,false,0.737246,0.137724,0.735604,0.137692,,,0.748380,0.000154,3.271997,1.282621
local_crowding,context_ext,EESM-MPC-ECBF,51,5.100,1.012750,-0.571761,0.735604,0.137692,0.185041,-0.156000,1.042000,-0.060000,0.420000,child,crossing,distracted,,0.000000,1.000000,1.992536,1.392536,0.000000,0.000000,0.000000,0.000000,0.000000,0.000000,0.000000,1.392536,1.392536,1.392536,1.392536,0.000000,horizon_mpc_secbf,12,1.462622,true,osqp,optimal,275,6.574363,0,2.087841,geometric,false,0.737249,0.137707,0.735605,0.137705,,,0.748383,0.000013,3.346836,1.207783
local_crowding,context_ext,EESM-MPC-ECBF,52,5.200,1.086310,-0.557990,0.735605,0.137705,0.185057,-0.162000,1.084000,-0.060000,0.420000,child,crossing,distracted,,0.000000,1.000000,2.062622,1.462622,0.000000,0.000000,0.000000,0.000000,0.000000,0.000000,0.000000,1.462622,1.462622,1.462622,1.462622,0.000000,horizon_mpc_secbf,12,1.533748,true,osqp,optimal,275,6.244451,0,2.168865,geometric,false,0.737253,0.137688,0.735605,0.137691,,,0.748381,0.000014,3.421674,1.132945
local_crowding,context_ext,EESM-MPC-ECBF,53,5.300,1.159871,-0.544221,0.735605,0.137691,0.185039,-0.168000,1.126000,-0.060000,0.420000,child,crossing,distracted,,0.000000,1.000000,2.133748,1.533748,0.000000,0.000000,0.000000,0.000000,0.000000,0.000000,0.000000,1.533748,1.533748,1.533748,1.533748,0.000000,horizon_mpc_secbf,12,1.605813,true,osqp,optimal,275,6.649944,0,2.249865,geometric,false,0.737257,0.137667,0.735606,0.137671,,,0.748377,0.000020,3.496511,1.058107
local_crowding,context_ext,EESM-MPC-ECBF,54,5.400,1.233431,-0.530454,0.735606,0.137671,0.185012,-0.174000,1.168000,-0.060000,0.420000,child,crossing,distracted,,0.000000,1.000000,2.205813,1.605813,0.000000,0.000000,0.000000,0.000000,0.000000,0.000000,0.000000,1.605813,1.605813,1.605813,1.605813,0.000000,horizon_mpc_secbf,12,1.678728,true,osqp,optimal,275,6.732126,0,2.330861,geometric,false,0.737261,0.137644,0.735605,0.137648,,,0.748373,0.000023,3.571349,0.983269
local_crowding,context_ext,EESM-MPC-ECBF,55,5.500,1.306992,-0.516689,0.735605,0.137648,0.184983,-0.180000,1.210000,-0.060000,0.420000,child,crossing,distracted,,0.000000,1.000000,2.278728,1.678728,0.000000,0.000000,0.000000,0.000000,0.000000,0.000000,0.000000,1.678728,1.678728,1.678728,1.678728,0.000000,horizon_mpc_secbf,12,1.752415,true,osqp,optimal,275,5.898442,0,2.411871,geometric,false,0.737266,0.137619,0.735605,0.137624,,,0.748368,0.000025,3.646186,0.908432
local_crowding,context_ext,EESM-MPC-ECBF,56,5.600,1.380552,-0.502927,0.735605,0.137624,0.184951,-0.186000,1.252000,-0.060000,0.420000,child,crossing,distracted,,0.000000,1.000000,2.352415,1.752415,0.000000,0.000000,0.000000,0.000000,0.000000,0.000000,0.000000,1.752415,1.752415,1.752415,1.752415,0.000000,horizon_mpc_secbf,12,1.826803,true,osqp,optimal,275,6.227357,0,2.492910,geometric,false,0.737271,0.137591,0.735604,0.137597,,,0.748362,0.000027,3.721022,0.833595
local_crowding,context_ext,EESM-MPC-ECBF,57,5.700,1.454113,-0.489167,0.735604,0.137597,0.184916,-0.192000,1.294000,-0.060000,0.420000,child,crossing,distracted,,0.000000,1.000000,2.426803,1.826803,0.000000,0.000000,0.000000,0.000000,0.000000,0.000000,0.000000,1.826803,1.826803,1.826803,1.826803,0.000000,horizon_mpc_secbf,12,1.901831,true,osqp,optimal,275,6.167134,0,2.573991,geometric,false,0.737277,0.137561,0.735603,0.137567,,,0.748356,0.000030,3.795857,0.758759
local_crowding,context_ext,EESM-MPC-ECBF,58,5.800,1.527673,-0.475411,0.735603,0.137567,0.184877,-0.198000,1.336000,-0.060000,0.420000,child,crossing,distracted,,0.000000,1.000000,2.501831,1.901831,0.000000,0.000000,0.000000,0.000000,0.000000,0.000000,0.000000,1.901831,1.901831,1.901831,1.901831,0.000000,horizon_mpc_secbf,12,1.977442,true,osqp,optimal,275,5.171965,0,2.655123,geometric,false,0.737283,0.137527,0.735601,0.137534,,,0.748348,0.000033,3.870692,0.683923
local_crowding,context_ext,EESM-MPC-ECBF,59,5.900,1.601233,-0.461657,0.735601,0.137534,0.184834,-0.204000,1.378000,-0.060000,0.420000,child,crossing,distracted,,0.000000,1.000000,2.577442,1.977442,0.000000,0.000000,0.000000,0.000000,0.000000,0.000000,0.000000,1.977442,1.977442,1.977442,1.977442,0.000000,horizon_mpc_secbf,12,2.053588,true,osqp,optimal,250,6.228152,0,2.736320,geometric,false,0.737290,0.137489,0.735606,0.137497,,,0.748346,0.000038,3.945527,0.609089
local_crowding,context_ext,EESM-MPC-ECBF,60,6.000,1.674794,-0.447908,0.735606,0.137497,0.184784,-0.210000,1.420000,-0.060000,0.420000,child,crossing,distracted,,0.000000,1.000000,2.653588,2.053588,0.000000,0.000000,0.000000,0.000000,0.000000,0.000000,0.000000,2.053588,2.053588,2.053588,2.053588,0.000000,horizon_mpc_secbf,12,2.130223,true,osqp,optimal,250,5.378389,0,2.817579,geometric,false,0.737298,0.137445,0.735604,0.137454,,,0.748336,0.000043,4.020360,0.534254
local_crowding,context_ext,EESM-MPC-ECBF,61,6.100,1.748354,-0.434162,0.735604,0.137454,0.184729,-0.216000,1.462000,-0.060000,0.420000,child,crossing,distracted,,0.000000,1.000000,2.730223,2.130223,0.000000,0.000000,0.000000,0.000000,0.000000,0.000000,0.000000,2.130223,2.130223,2.130223,2.130223,0.000000,horizon_mpc_secbf,12,2.207309,true,osqp,optimal,250,5.634995,0,2.898912,geometric,false,0.737308,0.137394,0.735602,0.137404,,,0.748325,0.000050,4.095193,0.459421
local_crowding,context_ext,EESM-MPC-ECBF,62,6.200,1.821914,-0.420422,0.735602,0.137404,0.184664,-0.222000,1.504000,-0.060000,0.420000,child,crossing,distracted,,0.000000,1.000000,2.807309,2.207309,0.000000,0.000000,0.000000,0.000000,0.000000,0.000000,0.000000,2.207309,2.207309,2.207309,2.207309,0.000000,horizon_mpc_secbf,12,2.284810,true,osqp,optimal,250,4.700050,0,2.980323,geometric,false,0.737319,0.137332,0.735601,0.137345,,,0.748313,0.000060,4.170024,0.384588
local_crowding,context_ext,EESM-MPC-ECBF,63,6.300,1.895474,-0.406687,0.735601,0.137345,0.184586,-0.228000,1.546000,-0.060000,0.420000,child,crossing,distracted,,0.000000,1.000000,2.884810,2.284810,0.000000,0.000000,0.000000,0.000000,0.000000,0.000000,0.000000,2.284810,2.284810,2.284810,2.284810,0.000000,horizon_mpc_secbf,12,2.362695,true,osqp,optimal,250,4.720327,0,3.061818,geometric,false,0.737334,0.137255,0.735599,0.137270,,,0.748298,0.000075,4.244854,0.309757
local_crowding,context_ext,EESM-MPC-ECBF,64,6.400,1.969034,-0.392960,0.735599,0.137270,0.184488,-0.234000,1.588000,-0.060000,0.420000,child,crossing,distracted,,0.000000,1.000000,2.962695,2.362695,0.000000,0.000000,0.000000,0.000000,0.000000,0.000000,0.000000,2.362695,2.362695,2.362695,2.362695,0.000000,horizon_mpc_secbf,12,2.440937,true,osqp,optimal,225,4.895217,0,3.143411,geometric,false,0.737353,0.137150,0.735606,0.137171,,,0.748286,0.000100,4.319682,0.234927
local_crowding,context_ext,EESM-MPC-ECBF,65,6.500,2.042595,-0.379243,0.735606,0.137171,0.184356,-0.240000,1.630000,-0.060000,0.420000,child,crossing,distracted,,0.000000,1.000000,3.040937,2.440937,0.000000,0.000000,0.000000,0.000000,0.000000,0.000000,0.000000,2.440937,2.440937,2.440937,2.440937,0.000000,horizon_mpc_secbf,12,2.519511,true,osqp,optimal,225,4.205390,0,3.225107,geometric,false,0.737382,0.136994,0.735605,0.137024,,,0.748258,0.000147,4.394508,0.160098
local_crowding,context_ext,EESM-MPC-ECBF,66,6.600,2.116155,-0.365541,0.735605,0.137024,0.184163,-0.246000,1.672000,-0.060000,0.420000,child,crossing,distracted,,0.000000,1.000000,3.119511,2.519511,0.000000,0.000000,0.000000,0.000000,0.000000,0.000000,0.000000,2.519511,2.519511,2.519511,2.519511,0.000000,horizon_mpc_secbf,12,2.598403,true,osqp,optimal,225,4.328524,0,3.306969,geometric,false,0.737439,0.136687,0.735603,0.136745,,,0.748205,0.000279,4.469329,0.085273
local_crowding,context_ext,EESM-MPC-ECBF,67,6.700,2.189716,-0.351866,0.735603,0.136745,0.183797,-0.252000,1.714000,-0.060000,0.420000,child,crossing,distracted,,0.000000,1.000000,3.198403,2.598403,0.000000,0.000000,0.000000,0.000000,0.000000,0.000000,0.000000,2.598403,2.598403,2.598403,2.598403,0.000000,horizon_mpc_secbf,12,2.643757,true,osqp,optimal,75,4.089169,0,3.051739,geometric,false,0.102842,0.018664,0.211407,0.038924,,,0.214960,0.533245,4.490825,0.010452
local_crowding,context_ext,EESM-MPC-ECBF,68,6.800,2.210856,-0.347974,0.211407,0.038924,0.182078,-0.258000,1.756000,-0.060000,0.420000,child,crossing,distracted,,0.000000,1.000000,3.243757,2.643757,0.000000,0.000000,0.000000,0.000000,0.000000,0.000000,0.000000,2.643757,2.643757,2.643757,2.643757,0.000000,horizon_mpc_secbf,12,2.672296,true,osqp,optimal,75,3.828198,0,2.927554,geometric,false,-0.108565,-0.020259,-0.053666,-0.010105,,,0.054609,0.269569,4.496286,0.011044
local_crowding,context_ext,EESM-MPC-ECBF,69,6.900,2.205490,-0.348985,-0.053666,-0.010105,-2.955474,-0.264000,1.798000,-0.060000,0.420000,child,crossing,distracted,,0.000000,1.000000,3.272296,2.672296,0.000000,0.000000,0.000000,0.000000,0.000000,0.000000,0.000000,2.672296,2.672296,2.672296,2.672296,0.000000,horizon_mpc_secbf,12,2.701076,true,osqp,optimal,75,3.710206,0,2.958529,geometric,false,-0.054898,-0.010154,-0.054687,-0.010146,,,0.055620,0.001022,4.501848,0.005583
local_crowding,context_ext,EESM-MPC-ECBF,70,7.000,2.200021,-0.349999,-0.054687,-0.010146,-2.958153,-0.270000,1.840000,-0.060000,0.420000,child,crossing,distracted,,0.000000,1.000000,3.301076,2.701076,0.000000,0.000000,0.000000,0.000000,0.000000,0.000000,0.000000,2.701076,2.701076,2.701076,2.701076,0.000000,horizon_mpc_secbf,12,2.732949,true,osqp,optimal,75,3.497222,0,3.018615,geometric,false,-0.000211,-0.000008,-0.009558,-0.001748,,,0.009716,0.045904,4.502819,0.000021
local_crowding,context_ext,EESM-MPC-ECBF,71,7.100,2.199065,-0.350174,-0.009558,-0.001748,-2.960736,-0.276000,1.882000,-0.060000,0.420000,child,crossing,distracted,,0.000000,1.000000,3.332949,2.732949,0.000000,0.000000,0.000000,0.000000,0.000000,0.000000,0.000000,2.732949,2.732949,2.732949,2.732949,0.000000,horizon_mpc_secbf,12,2.766016,true,osqp,optimal,75,4.904839,0,3.062560,geometric,false,0.009347,0.001739,0.006103,0.001141,,,0.006209,0.015925,4.503440,0.000951
local_crowding,context_ext,EESM-MPC-ECBF,72,7.200,2.199676,-0.350060,0.006103,0.001141,0.184827,-0.282000,1.924000,-0.060000,0.420000,child,crossing,distracted,,0.000000,1.000000,3.366016,2.766016,0.000000,0.000000,0.000000,0.000000,0.000000,0.000000,0.000000,2.766016,2.766016,2.766016,2.766016,0.000000,horizon_mpc_secbf,12,2.799147,true,osqp,optimal,75,4.412893,0,3.096288,geometric,false,0.003243,0.000598,0.003734,0.000691,,,0.003798,0.002411,4.503820,0.000330
local_crowding,context_ext,EESM-MPC-ECBF,73,7.300,2.200049,-0.349991,0.003734,0.000691,0.183084,-0.288000,1.966000,-0.060000,0.420000,child,crossing,distracted,,0.000000,1.000000,3.399147,2.799147,0.000000,0.000000,0.000000,0.000000,0.000000,0.000000,0.000000,2.799147,2.799147,2.799147,2.799147,0.000000,horizon_mpc_secbf,12,2.832259,true,osqp,optimal,50,4.690368,0,3.129233,geometric,false,-0.000491,-0.000093,-0.000001,-0.000005,,,0.000005,0.003799,4.503821,0.000050
local_crowding,context_ext,EESM-MPC-ECBF,74,7.400,2.200049,-0.349991,-0.000001,-0.000005,-1.678017,-0.294000,2.008000,-0.060000,0.420000,child,crossing,distracted,,0.000000,1.000000,3.432259,2.832259,0.000000,0.000000,0.000000,0.000000,0.000000,0.000000,0.000000,2.832259,2.832259,2.832259,2.832259,0.000000,horizon_mpc_secbf,12,2.865550,true,osqp,optimal,50,3.421045,0,3.164161,geometric,false,-0.000490,-0.000088,-0.000404,-0.000076,,,0.000411,0.000409,4.503862,0.000050
local_crowding,context_ext,EESM-MPC-ECBF,75,7.500,2.200009,-0.349999,-0.000404,-0.000076,-2.955009,-0.300000,2.050000,-0.060000,0.420000,child,crossing,distracted,,0.000000,1.000000,3.465550,2.865550,0.000000,0.000000,0.000000,0.000000,0.000000,0.000000,0.000000,2.865550,2.865550,2.865550,2.865550,0.000000,horizon_mpc_secbf,12,2.899055,true,osqp,optimal,25,4.379307,0,3.199617,geometric,false,-0.000086,-0.000011,-0.000136,-0.000027,,,0.000139,0.000272,4.503876,0.000009
local_crowding,context_ext,EESM-MPC-ECBF,76,7.600,2.199995,-0.350002,-0.000136,-0.000027,-2.943813,-0.306000,2.092000,-0.060000,0.420000,child,crossing,distracted,,0.000000,1.000000,3.499055,2.899055,0.000000,0.000000,0.000000,0.000000,0.000000,0.000000,0.000000,2.899055,2.899055,2.899055,2.899055,0.000000,horizon_mpc_secbf,12,2.932759,true,osqp,optimal,25,3.438018,0,3.235150,geometric,false,0.000050,0.000016,0.000016,0.000010,,,0.000019,0.000157,4.503878,0.000005
local_crowding,context_ext,EESM-MPC-ECBF,77,7.700,2.199997,-0.350001,0.000016,0.000010,0.551184,-0.312000,2.134000,-0.060000,0.420000,child,crossing,distracted,,0.000000,1.000000,3.532759,2.932759,0.000000,0.000000,0.000000,0.000000,0.000000,0.000000,0.000000,2.932759,2.932759,2.932759,2.932759,0.000000,horizon_mpc_secbf,12,2.966651,true,osqp,optimal,25,3.551187,0,3.270754,geometric,false,0.000034,0.000006,0.000029,0.000008,,,0.000030,0.000013,4.503881,0.000003
local_crowding,context_ext,EESM-MPC-ECBF,78,7.800,2.200000,-0.350000,0.000029,0.000008,0.266817,-0.318000,2.176000,-0.060000,0.420000,child,crossing,distracted,,0.000000,1.000000,3.566651,2.966651,0.000000,0.000000,0.000000,0.000000,0.000000,0.000000,0.000000,2.966651,2.966651,2.966651,2.966651,0.000000,horizon_mpc_secbf,12,3.000722,true,osqp,optimal,25,3.997714,0,3.306471,geometric,false,0.000004,-0.000002,0.000008,-0.000000,,,0.000008,0.000022,4.503881,0.000000
local_crowding,context_ext,EESM-MPC-ECBF,79,7.900,2.200000,-0.350000,0.000008,-0.000000,-0.010534,-0.324000,2.218000,-0.060000,0.420000,child,crossing,distracted,,0.000000,1.000000,3.600722,3.000722,0.000000,0.000000,0.000000,0.000000,0.000000,0.000000,0.000000,3.000722,3.000722,3.000722,3.000722,0.000000,horizon_mpc_secbf,12,3.034969,true,osqp,optimal,25,4.541939,0,3.342320,geometric,false,-0.000004,-0.000002,-0.000002,-0.000002,,,0.000003,0.000010,4.503882,0.000000
local_crowding,context_ext,EESM-MPC-ECBF,80,8.000,2.200000,-0.350000,-0.000002,-0.000002,-2.332287,-0.330000,2.260000,-0.060000,0.420000,child,crossing,distracted,,0.000000,1.000000,3.634969,3.034969,0.000000,0.000000,0.000000,0.000000,0.000000,0.000000,0.000000,3.034969,3.034969,3.034969,3.034969,0.000000,horizon_mpc_secbf,12,3.069387,true,osqp,optimal,25,3.484576,0,3.378300,geometric,false,-0.000002,-0.000000,-0.000002,-0.000001,,,0.000002,0.000001,4.503882,0.000000
local_crowding,context_ext,EESM-MPC-ECBF,81,8.100,2.200000,-0.350000,-0.000002,-0.000001,-2.826144,-0.336000,2.302000,-0.060000,0.420000,child,crossing,distracted,,0.000000,1.000000,3.669387,3.069387,0.000000,0.000000,0.000000,0.000000,0.000000,0.000000,0.000000,3.069387,3.069387,3.069387,3.069387,0.000000,horizon_mpc_secbf,12,3.103971,true,osqp,optimal,25,3.342126,0,3.414403,geometric,false,-0.000000,0.000000,-0.000000,0.000000,,,0.000000,0.000002,4.503882,0.000000
local_crowding,context_ext,EESM-MPC-ECBF,82,8.200,2.200000,-0.350000,-0.000000,0.000000,2.794386,-0.342000,2.344000,-0.060000,0.420000,child,crossing,distracted,,0.000000,1.000000,3.703971,3.103971,0.000000,0.000000,0.000000,0.000000,0.000000,0.000000,0.000000,3.103971,3.103971,3.103971,3.103971,0.000000,horizon_mpc_secbf,12,3.138716,true,osqp,optimal,25,3.951480,0,3.450626,geometric,false,0.000000,0.000000,0.000000,0.000000,,,0.000000,0.000001,4.503882,0.000000
local_crowding,context_ext,EESM-MPC-ECBF,83,8.300,2.200000,-0.350000,0.000000,0.000000,0.873698,-0.348000,2.386000,-0.060000,0.420000,child,crossing,distracted,,0.000000,1.000000,3.738716,3.138716,0.000000,0.000000,0.000000,0.000000,0.000000,0.000000,0.000000,3.138716,3.138716,3.138716,3.138716,0.000000,horizon_mpc_secbf,12,3.173619,true,osqp,optimal,25,4.891694,0,3.486964,geometric,false,0.000000,0.000000,0.000000,0.000000,,,0.000000,0.000000,4.503882,0.000000
local_crowding,context_ext,EESM-MPC-ECBF,84,8.400,2.200000,-0.350000,0.000000,0.000000,0.335992,-0.354000,2.428000,-0.060000,0.420000,child,crossing,distracted,,0.000000,1.000000,3.773619,3.173619,0.000000,0.000000,0.000000,0.000000,0.000000,0.000000,0.000000,3.173619,3.173619,3.173619,3.173619,0.000000,horizon_mpc_secbf,12,3.208674,true,osqp,optimal,25,3.907011,0,3.523416,geometric,false,-0.000000,-0.000000,0.000000,-0.000000,,,0.000000,0.000000,4.503882,0.000000
local_crowding,context_ext,EESM-MPC-ECBF,85,8.500,2.200000,-0.350000,0.000000,-0.000000,-0.870528,-0.360000,2.470000,-0.060000,0.420000,child,crossing,distracted,,0.000000,1.000000,3.808674,3.208674,0.000000,0.000000,0.000000,0.000000,0.000000,0.000000,0.000000,3.208674,3.208674,3.208674,3.208674,0.000000,horizon_mpc_secbf,12,3.243878,true,osqp,optimal,25,3.495277,0,3.559978,geometric,false,-0.000000,-0.000000,-0.000000,-0.000000,,,0.000000,0.000000,4.503882,0.000000
local_crowding,context_ext,EESM-MPC-ECBF,86,8.600,2.200000,-0.350000,-0.000000,-0.000000,-2.244026,-0.366000,2.512000,-0.060000,0.420000,child,crossing,distracted,,0.000000,1.000000,3.843878,3.243878,0.000000,0.000000,0.000000,0.000000,0.000000,0.000000,0.000000,3.243878,3.243878,3.243878,3.243878,0.000000,horizon_mpc_secbf,12,3.279227,true,osqp,optimal,25,3.368695,0,3.596647,geometric,false,0.000000,0.000000,-0.000000,-0.000000,,,0.000000,0.000000,4.503882,0.000000
local_crowding,context_ext,EESM-MPC-ECBF,87,8.700,2.200000,-0.350000,-0.000000,-0.000000,-1.572507,-0.372000,2.554000,-0.060000,0.420000,child,crossing,distracted,,0.000000,1.000000,3.879227,3.279227,0.000000,0.000000,0.000000,0.000000,0.000000,0.000000,0.000000,3.279227,3.279227,3.279227,3.279227,0.000000,horizon_mpc_secbf,12,3.314716,true,osqp,optimal,25,4.541764,0,3.633421,geometric,false,0.000000,0.000000,0.000000,-0.000000,,,0.000000,0.000000,4.503882,0.000000
local_crowding,context_ext,EESM-MPC-ECBF,88,8.800,2.200000,-0.350000,0.000000,-0.000000,-1.572507,-0.378000,2.596000,-0.060000,0.420000,child,crossing,distracted,,0.000000,1.000000,3.914716,3.314716,0.000000,0.000000,0.000000,0.000000,0.000000,0.000000,0.000000,3.314716,3.314716,3.314716,3.314716,0.000000,horizon_mpc_secbf,12,3.350342,true,osqp,optimal,25,3.387832,0,3.670297,geometric,false,0.000000,0.000000,0.000000,-0.000000,,,0.000000,0.000000,4.503882,0.000000
local_crowding,context_ext,EESM-MPC-ECBF,89,8.900,2.200000,-0.350000,0.000000,-0.000000,-1.572507,-0.384000,2.638000,-0.060000,0.420000,child,crossing,distracted,,0.000000,1.000000,3.950342,3.350342,0.000000,0.000000,0.000000,0.000000,0.000000,0.000000,0.000000,3.350342,3.350342,3.350342,3.350342,0.000000,horizon_mpc_secbf,12,3.386101,true,osqp,optimal,25,3.461913,0,3.707273,geometric,false,0.000000,0.000000,0.000000,-0.000000,,,0.000000,0.000000,4.503882,0.000000
local_crowding,context_ext,EESM-MPC-ECBF,90,9.000,2.200000,-0.350000,0.000000,-0.000000,-1.572507,-0.390000,2.680000,-0.060000,0.420000,child,crossing,distracted,,0.000000,1.000000,3.986101,3.386101,0.000000,0.000000,0.000000,0.000000,0.000000,0.000000,0.000000,3.386101,3.386101,3.386101,3.386101,0.000000,horizon_mpc_secbf,12,3.421990,true,osqp,optimal,25,3.391941,0,3.744346,geometric,false,0.000000,0.000000,0.000000,-0.000000,,,0.000000,0.000000,4.503882,0.000000
local_crowding,context_ext,EESM-MPC-ECBF,91,9.100,2.200000,-0.350000,0.000000,-0.000000,-1.572507,-0.396000,2.722000,-0.060000,0.420000,child,crossing,distracted,,0.000000,1.000000,4.021990,3.421990,0.000000,0.000000,0.000000,0.000000,0.000000,0.000000,0.000000,3.421990,3.421990,3.421990,3.421990,0.000000,horizon_mpc_secbf,12,3.458004,true,osqp,optimal,25,4.236115,0,3.781513,geometric,false,0.000000,0.000000,0.000000,-0.000000,,,0.000000,0.000000,4.503882,0.000000
local_crowding,context_ext,EESM-MPC-ECBF,92,9.200,2.200000,-0.350000,0.000000,-0.000000,-1.572507,-0.402000,2.764000,-0.060000,0.420000,child,crossing,distracted,,0.000000,1.000000,4.058004,3.458004,0.000000,0.000000,0.000000,0.000000,0.000000,0.000000,0.000000,3.458004,3.458004,3.458004,3.458004,0.000000,horizon_mpc_secbf,12,3.494142,true,osqp,optimal,25,3.804393,0,3.818773,geometric,false,0.000000,0.000000,0.000000,-0.000000,,,0.000000,0.000000,4.503882,0.000000
local_crowding,context_ext,EESM-MPC-ECBF,93,9.300,2.200000,-0.350000,0.000000,-0.000000,-1.572507,-0.408000,2.806000,-0.060000,0.420000,child,crossing,distracted,,0.000000,1.000000,4.094142,3.494142,0.000000,0.000000,0.000000,0.000000,0.000000,0.000000,0.000000,3.494142,3.494142,3.494142,3.494142,0.000000,horizon_mpc_secbf,12,3.530399,true,osqp,optimal,25,3.383424,0,3.856123,geometric,false,0.000000,0.000000,0.000000,-0.000000,,,0.000000,0.000000,4.503882,0.000000
local_crowding,context_ext,EESM-MPC-ECBF,94,9.400,2.200000,-0.350000,0.000000,-0.000000,-1.572507,-0.414000,2.848000,-0.060000,0.420000,child,crossing,distracted,,0.000000,1.000000,4.130399,3.530399,0.000000,0.000000,0.000000,0.000000,0.000000,0.000000,0.000000,3.530399,3.530399,3.530399,3.530399,0.000000,horizon_mpc_secbf,12,3.566773,true,osqp,optimal,25,3.235671,0,3.893560,geometric,false,0.000000,0.000000,0.000000,-0.000000,,,0.000000,0.000000,4.503882,0.000000
local_crowding,context_ext,EESM-MPC-ECBF,95,9.500,2.200000,-0.350000,0.000000,-0.000000,-1.572507,-0.420000,2.890000,-0.060000,0.420000,child,crossing,distracted,,0.000000,1.000000,4.166773,3.566773,0.000000,0.000000,0.000000,0.000000,0.000000,0.000000,0.000000,3.566773,3.566773,3.566773,3.566773,0.000000,horizon_mpc_secbf,12,3.603261,true,osqp,optimal,25,3.862890,0,3.931084,geometric,false,0.000000,0.000000,0.000000,-0.000000,,,0.000000,0.000000,4.503882,0.000000
local_crowding,context_ext,EESM-MPC-ECBF,96,9.600,2.200000,-0.350000,0.000000,-0.000000,-1.572507,-0.426000,2.932000,-0.060000,0.420000,child,crossing,distracted,,0.000000,1.000000,4.203261,3.603261,0.000000,0.000000,0.000000,0.000000,0.000000,0.000000,0.000000,3.603261,3.603261,3.603261,3.603261,0.000000,horizon_mpc_secbf,12,3.639858,true,osqp,optimal,25,4.236235,0,3.968691,geometric,false,0.000000,0.000000,0.000000,-0.000000,,,0.000000,0.000000,4.503882,0.000000
local_crowding,context_ext,EESM-MPC-ECBF,97,9.700,2.200000,-0.350000,0.000000,-0.000000,-1.572507,-0.432000,2.974000,-0.060000,0.420000,child,crossing,distracted,,0.000000,1.000000,4.239858,3.639858,0.000000,0.000000,0.000000,0.000000,0.000000,0.000000,0.000000,3.639858,3.639858,3.639858,3.639858,0.000000,horizon_mpc_secbf,12,3.676564,true,osqp,optimal,25,3.701061,0,4.006380,geometric,false,0.000000,0.000000,0.000000,-0.000000,,,0.000000,0.000000,4.503882,0.000000
local_crowding,context_ext,EESM-MPC-ECBF,98,9.800,2.200000,-0.350000,0.000000,-0.000000,-1.572507,-0.438000,3.016000,-0.060000,0.420000,child,crossing,distracted,,0.000000,1.000000,4.276564,3.676564,0.000000,0.000000,0.000000,0.000000,0.000000,0.000000,0.000000,3.676564,3.676564,3.676564,3.676564,0.000000,horizon_mpc_secbf,12,3.713375,true,osqp,optimal,25,3.421428,0,4.044149,geometric,false,0.000000,0.000000,0.000000,-0.000000,,,0.000000,0.000000,4.503882,0.000000
local_crowding,context_ext,EESM-MPC-ECBF,99,9.900,2.200000,-0.350000,0.000000,-0.000000,-1.572507,-0.444000,3.058000,-0.060000,0.420000,child,crossing,distracted,,0.000000,1.000000,4.313375,3.713375,0.000000,0.000000,0.000000,0.000000,0.000000,0.000000,0.000000,3.713375,3.713375,3.713375,3.713375,0.000000,horizon_mpc_secbf,12,3.750287,true,osqp,optimal,25,3.466109,0,4.081995,geometric,false,0.000000,0.000000,0.000000,-0.000000,,,0.000000,0.000000,4.503882,0.000000
local_crowding,context_ext,EESM-MPC-ECBF,100,10.000,2.200000,-0.350000,0.000000,-0.000000,-1.572507,-0.450000,3.100000,-0.060000,0.420000,child,crossing,distracted,,0.000000,1.000000,4.350287,3.750287,0.000000,0.000000,0.000000,0.000000,0.000000,0.000000,0.000000,3.750287,3.750287,3.750287,3.750287,0.000000,horizon_mpc_secbf,12,3.787300,true,osqp,optimal,25,3.960362,0,4.119918,geometric,false,0.000000,0.000000,0.000000,-0.000000,,,0.000000,0.000000,4.503882,0.000000
local_crowding,context_ext,EESM-MPC-ECBF,101,10.100,2.200000,-0.350000,0.000000,-0.000000,-1.572507,-0.456000,3.142000,-0.060000,0.420000,child,crossing,distracted,,0.000000,1.000000,4.387300,3.787300,0.000000,0.000000,0.000000,0.000000,0.000000,0.000000,0.000000,3.787300,3.787300,3.787300,3.787300,0.000000,horizon_mpc_secbf,12,3.824410,true,osqp,optimal,25,3.435310,0,4.157915,geometric,false,0.000000,0.000000,0.000000,-0.000000,,,0.000000,0.000000,4.503882,0.000000
local_crowding,context_ext,EESM-MPC-ECBF,102,10.200,2.200000,-0.350000,0.000000,-0.000000,-1.572507,-0.462000,3.184000,-0.060000,0.420000,child,crossing,distracted,,0.000000,1.000000,4.424410,3.824410,0.000000,0.000000,0.000000,0.000000,0.000000,0.000000,0.000000,3.824410,3.824410,3.824410,3.824410,0.000000,horizon_mpc_secbf,12,3.861614,true,osqp,optimal,25,3.460743,0,4.195985,geometric,false,0.000000,0.000000,0.000000,-0.000000,,,0.000000,0.000000,4.503882,0.000000
local_crowding,context_ext,EESM-MPC-ECBF,103,10.300,2.200000,-0.350000,0.000000,-0.000000,-1.572507,-0.468000,3.226000,-0.060000,0.420000,child,crossing,distracted,,0.000000,1.000000,4.461614,3.861614,0.000000,0.000000,0.000000,0.000000,0.000000,0.000000,0.000000,3.861614,3.861614,3.861614,3.861614,0.000000,horizon_mpc_secbf,12,3.898911,true,osqp,optimal,25,4.289927,0,4.234125,geometric,false,0.000000,0.000000,0.000000,-0.000000,,,0.000000,0.000000,4.503882,0.000000
local_crowding,context_ext,EESM-MPC-ECBF,104,10.400,2.200000,-0.350000,0.000000,-0.000000,-1.572507,-0.474000,3.268000,-0.060000,0.420000,child,crossing,distracted,,0.000000,1.000000,4.498911,3.898911,0.000000,0.000000,0.000000,0.000000,0.000000,0.000000,0.000000,3.898911,3.898911,3.898911,3.898911,0.000000,horizon_mpc_secbf,12,3.936298,true,osqp,optimal,25,4.472318,0,4.272335,geometric,false,0.000000,0.000000,0.000000,-0.000000,,,0.000000,0.000000,4.503882,0.000000
local_crowding,context_ext,EESM-MPC-ECBF,105,10.500,2.200000,-0.350000,0.000000,-0.000000,-1.572507,-0.480000,3.310000,-0.060000,0.420000,child,crossing,distracted,,0.000000,1.000000,4.536298,3.936298,0.000000,0.000000,0.000000,0.000000,0.000000,0.000000,0.000000,3.936298,3.936298,3.936298,3.936298,0.000000,horizon_mpc_secbf,12,3.973773,true,osqp,optimal,25,3.517106,0,4.310612,geometric,false,0.000000,0.000000,0.000000,-0.000000,,,0.000000,0.000000,4.503882,0.000000
local_crowding,context_ext,EESM-MPC-ECBF,106,10.600,2.200000,-0.350000,0.000000,-0.000000,-1.572507,-0.486000,3.352000,-0.060000,0.420000,child,crossing,distracted,,0.000000,1.000000,4.573773,3.973773,0.000000,0.000000,0.000000,0.000000,0.000000,0.000000,0.000000,3.973773,3.973773,3.973773,3.973773,0.000000,horizon_mpc_secbf,12,4.011334,true,osqp,optimal,25,3.519705,0,4.348956,geometric,false,0.000000,0.000000,0.000000,-0.000000,,,0.000000,0.000000,4.503882,0.000000
local_crowding,context_ext,EESM-MPC-ECBF,107,10.700,2.200000,-0.350000,0.000000,-0.000000,-1.572507,-0.492000,3.394000,-0.060000,0.420000,child,crossing,distracted,,0.000000,1.000000,4.611334,4.011334,0.000000,0.000000,0.000000,0.000000,0.000000,0.000000,0.000000,4.011334,4.011334,4.011334,4.011334,0.000000,horizon_mpc_secbf,12,4.048978,true,osqp,optimal,25,3.476145,0,4.387364,geometric,false,0.000000,0.000000,0.000000,-0.000000,,,0.000000,0.000000,4.503882,0.000000
local_crowding,context_ext,EESM-MPC-ECBF,108,10.800,2.200000,-0.350000,0.000000,-0.000000,-1.572507,-0.498000,3.436000,-0.060000,0.420000,child,crossing,distracted,,0.000000,1.000000,4.648978,4.048978,0.000000,0.000000,0.000000,0.000000,0.000000,0.000000,0.000000,4.048978,4.048978,4.048978,4.048978,0.000000,horizon_mpc_secbf,12,4.086705,true,osqp,optimal,25,5.077770,0,4.425835,geometric,false,0.000000,0.000000,0.000000,-0.000000,,,0.000000,0.000000,4.503882,0.000000
local_crowding,context_ext,EESM-MPC-ECBF,109,10.900,2.200000,-0.350000,0.000000,-0.000000,-1.572507,-0.504000,3.478000,-0.060000,0.420000,child,crossing,distracted,,0.000000,1.000000,4.686705,4.086705,0.000000,0.000000,0.000000,0.000000,0.000000,0.000000,0.000000,4.086705,4.086705,4.086705,4.086705,0.000000,horizon_mpc_secbf,12,4.124511,true,osqp,optimal,25,4.150831,0,4.464369,geometric,false,0.000000,0.000000,0.000000,-0.000000,,,0.000000,0.000000,4.503882,0.000000
local_crowding,context_ext,EESM-MPC-ECBF,110,11.000,2.200000,-0.350000,0.000000,-0.000000,-1.572507,-0.510000,3.520000,-0.060000,0.420000,child,crossing,distracted,,0.000000,1.000000,4.724511,4.124511,0.000000,0.000000,0.000000,0.000000,0.000000,0.000000,0.000000,4.124511,4.124511,4.124511,4.124511,0.000000,horizon_mpc_secbf,12,4.162394,true,osqp,optimal,25,3.475291,0,4.502962,geometric,false,0.000000,0.000000,0.000000,-0.000000,,,0.000000,0.000000,4.503882,0.000000
local_crowding,context_ext,EESM-MPC-ECBF,111,11.100,2.200000,-0.350000,0.000000,-0.000000,-1.572507,-0.516000,3.562000,-0.060000,0.420000,child,crossing,distracted,,0.000000,1.000000,4.762394,4.162394,0.000000,0.000000,0.000000,0.000000,0.000000,0.000000,0.000000,4.162394,4.162394,4.162394,4.162394,0.000000,horizon_mpc_secbf,12,4.200354,true,osqp,optimal,25,4.174425,0,4.541615,geometric,false,0.000000,0.000000,0.000000,-0.000000,,,0.000000,0.000000,4.503882,0.000000
local_crowding,context_ext,EESM-MPC-ECBF,112,11.200,2.200000,-0.350000,0.000000,-0.000000,-1.572507,-0.522000,3.604000,-0.060000,0.420000,child,crossing,distracted,,0.000000,1.000000,4.800354,4.200354,0.000000,0.000000,0.000000,0.000000,0.000000,0.000000,0.000000,4.200354,4.200354,4.200354,4.200354,0.000000,horizon_mpc_secbf,12,4.238388,true,osqp,optimal,25,4.343710,0,4.580326,geometric,false,0.000000,0.000000,0.000000,-0.000000,,,0.000000,0.000000,4.503882,0.000000
local_crowding,context_ext,EESM-MPC-ECBF,113,11.300,2.200000,-0.350000,0.000000,-0.000000,-1.572507,-0.528000,3.646000,-0.060000,0.420000,child,crossing,distracted,,0.000000,1.000000,4.838388,4.238388,0.000000,0.000000,0.000000,0.000000,0.000000,0.000000,0.000000,4.238388,4.238388,4.238388,4.238388,0.000000,horizon_mpc_secbf,12,4.276495,true,osqp,optimal,25,3.526682,0,4.619093,geometric,false,0.000000,0.000000,0.000000,-0.000000,,,0.000000,0.000000,4.503882,0.000000
local_crowding,context_ext,EESM-MPC-ECBF,114,11.400,2.200000,-0.350000,0.000000,-0.000000,-1.572507,-0.534000,3.688000,-0.060000,0.420000,child,crossing,distracted,,0.000000,1.000000,4.876495,4.276495,0.000000,0.000000,0.000000,0.000000,0.000000,0.000000,0.000000,4.276495,4.276495,4.276495,4.276495,0.000000,horizon_mpc_secbf,12,4.314672,true,osqp,optimal,25,3.307801,0,4.657916,geometric,false,0.000000,0.000000,0.000000,-0.000000,,,0.000000,0.000000,4.503882,0.000000
local_crowding,context_ext,EESM-MPC-ECBF,115,11.500,2.200000,-0.350000,0.000000,-0.000000,-1.572507,-0.540000,3.730000,-0.060000,0.420000,child,crossing,distracted,,0.000000,1.000000,4.914672,4.314672,0.000000,0.000000,0.000000,0.000000,0.000000,0.000000,0.000000,4.314672,4.314672,4.314672,4.314672,0.000000,horizon_mpc_secbf,12,4.352918,true,osqp,optimal,25,3.729630,0,4.696793,geometric,false,0.000000,0.000000,0.000000,-0.000000,,,0.000000,0.000000,4.503882,0.000000
local_crowding,context_ext,EESM-MPC-ECBF,116,11.600,2.200000,-0.350000,0.000000,-0.000000,-1.572507,-0.546000,3.772000,-0.060000,0.420000,child,crossing,distracted,,0.000000,1.000000,4.952918,4.352918,0.000000,0.000000,0.000000,0.000000,0.000000,0.000000,0.000000,4.352918,4.352918,4.352918,4.352918,0.000000,horizon_mpc_secbf,12,4.391232,true,osqp,optimal,25,4.317581,0,4.735723,geometric,false,0.000000,0.000000,0.000000,-0.000000,,,0.000000,0.000000,4.503882,0.000000
local_crowding,context_ext,EESM-MPC-ECBF,117,11.700,2.200000,-0.350000,0.000000,-0.000000,-1.572507,-0.552000,3.814000,-0.060000,0.420000,child,crossing,distracted,,0.000000,1.000000,4.991232,4.391232,0.000000,0.000000,0.000000,0.000000,0.000000,0.000000,0.000000,4.391232,4.391232,4.391232,4.391232,0.000000,horizon_mpc_secbf,12,4.429612,true,osqp,optimal,25,3.696615,0,4.774705,geometric,false,0.000000,0.000000,0.000000,-0.000000,,,0.000000,0.000000,4.503882,0.000000
local_crowding,context_ext,EESM-MPC-ECBF,118,11.800,2.200000,-0.350000,0.000000,-0.000000,-1.572507,-0.558000,3.856000,-0.060000,0.420000,child,crossing,distracted,,0.000000,1.000000,5.029612,4.429612,0.000000,0.000000,0.000000,0.000000,0.000000,0.000000,0.000000,4.429612,4.429612,4.429612,4.429612,0.000000,horizon_mpc_secbf,12,4.468057,true,osqp,optimal,25,3.566965,0,4.813737,geometric,false,0.000000,0.000000,0.000000,-0.000000,,,0.000000,0.000000,4.503882,0.000000
local_crowding,context_ext,EESM-MPC-ECBF,119,11.900,2.200000,-0.350000,0.000000,-0.000000,-1.572507,-0.564000,3.898000,-0.060000,0.420000,child,crossing,distracted,,0.000000,1.000000,5.068057,4.468057,0.000000,0.000000,0.000000,0.000000,0.000000,0.000000,0.000000,4.468057,4.468057,4.468057,4.468057,0.000000,horizon_mpc_secbf,12,4.506564,true,osqp,optimal,25,4.100838,0,4.852820,geometric,false,0.000000,0.000000,0.000000,-0.000000,,,0.000000,0.000000,4.503882,0.000000
local_crowding,context_ext,SEESM w/o Feasibility-Preserving Update,0,0.000,-2.200000,-0.350000,0.000000,0.000000,0.000000,0.150000,-1.100000,-0.060000,0.420000,pedestrian,walking,unknown,10.098536,1.000000,1.000000,2.466779,1.866779,0.279000,0.279000,0.279000,0.279000,0.153124,0.432124,0.279000,1.866779,1.713655,1.434655,1.434655,0.000000,horizon_mpc_secbf,12,0.402575,true,osqp,optimal,175,5.503342,0,0.658182,accept,false,0.750000,0.000000,0.621016,0.000000,,,0.621016,0.621016,0.062102,4.400000
local_crowding,context_ext,SEESM w/o Feasibility-Preserving Update,1,0.100,-2.137898,-0.350000,0.621016,0.000000,0.000000,0.144000,-1.058000,-0.060000,0.420000,pedestrian,walking,unknown,2.308992,1.000000,1.000000,2.389210,1.789210,0.319584,0.319584,0.319584,0.319584,0.762628,1.082212,0.040584,1.789210,1.026582,0.706998,0.706998,0.000292,horizon_mpc_secbf,12,-0.000291,true,osqp,optimal,50,3.816775,0,0.070274,accept,false,0.750000,-0.000000,0.490478,0.044537,,,0.492495,0.137927,0.111351,4.337898
local_crowding,context_ext,SEESM w/o Feasibility-Preserving Update,2,0.200,-2.088851,-0.345546,0.490478,0.044537,0.090554,0.138000,-1.016000,-0.060000,0.420000,pedestrian,walking,unknown,2.715972,1.000000,1.000000,2.325591,1.725591,0.309817,0.309817,0.309817,0.309817,0.623461,0.933278,0.000000,1.725591,1.102130,0.792313,0.792313,0.000212,horizon_mpc_secbf,12,-0.000212,true,osqp,optimal,50,3.722365,0,0.115071,accept,false,0.750000,-0.000779,0.532186,0.037019,,,0.533472,0.042381,0.164698,4.288853
local_crowding,context_ext,SEESM w/o Feasibility-Preserving Update,3,0.300,-2.035632,-0.341844,0.532186,0.037019,0.069448,0.132000,-0.974000,-0.060000,0.420000,pedestrian,walking,unknown,2.453548,1.000000,1.000000,2.257930,1.657930,0.316115,0.316115,0.316115,0.316115,0.662902,0.979016,0.006298,1.657930,0.995029,0.678914,0.678914,0.000304,horizon_mpc_secbf,12,-0.000304,true,osqp,optimal,50,3.971956,0,0.071123,accept,false,0.749999,-0.001444,0.463999,0.044775,,,0.466154,0.068627,0.211314,4.235640
local_crowding,context_ext,SEESM w/o Feasibility-Preserving Update,4,0.400,-1.989232,-0.337367,0.463999,0.044775,0.096201,0.126000,-0.932000,-0.060000,0.420000,pedestrian,walking,unknown,2.635720,1.000000,1.000000,2.197224,1.597224,0.311743,0.311743,0.311743,0.311743,0.590936,0.902678,0.000000,1.597224,1.006289,0.694546,0.694546,0.000284,horizon_mpc_secbf,12,-0.000284,true,osqp,optimal,50,3.806384,0,0.083557,accept,false,0.749997,-0.002262,0.467935,0.039263,,,0.469579,0.006774,0.258272,4.189251
local_crowding,context_ext,SEESM w/o Feasibility-Preserving Update,5,0.500,-1.942439,-0.333441,0.467935,0.039263,0.083710,0.120000,-0.890000,-0.060000,0.420000,pedestrian,walking,unknown,2.522942,1.000000,1.000000,2.136214,1.536214,0.314449,0.314449,0.314449,0.314449,0.591671,0.906120,0.002707,1.536214,0.944544,0.630094,0.630094,0.000333,horizon_mpc_secbf,12,-0.000333,true,osqp,optimal,50,3.476795,0,0.060145,accept,false,0.749994,-0.002998,0.427848,0.038931,,,0.429616,0.040088,0.301233,4.142472
local_crowding,context_ext,SEESM w/o Feasibility-Preserving Update,6,0.600,-1.899654,-0.329548,0.427848,0.038931,0.090743,0.114000,-0.848000,-0.060000,0.420000,pedestrian,walking,unknown,2.606948,1.000000,1.000000,2.079325,1.479325,0.312433,0.312433,0.312433,0.312433,0.547348,0.859781,0.000000,1.479325,0.931978,0.619545,0.619545,0.000335,horizon_mpc_secbf,12,-0.000335,true,osqp,optimal,50,4.020328,0,0.060103,accept,false,0.749991,-0.003742,0.418479,0.033333,,,0.419804,0.010915,0.343214,4.099705
local_crowding,context_ext,SEESM w/o Feasibility-Preserving Update,7,0.700,-1.857806,-0.326214,0.418479,0.033333,0.079484,0.108000,-0.806000,-0.060000,0.420000,pedestrian,walking,unknown,2.557897,1.000000,1.000000,2.023509,1.423509,0.313610,0.313610,0.313610,0.313610,0.533269,0.846880,0.001177,1.423509,0.890240,0.576629,0.576629,0.000365,horizon_mpc_secbf,12,-0.000365,true,osqp,optimal,50,4.297020,0,0.045399,accept,false,0.749987,-0.004396,0.391654,0.028528,,,0.392692,0.027251,0.382483,4.057876
local_crowding,context_ext,SEESM w/o Feasibility-Preserving Update,8,0.800,-1.818641,-0.323361,0.391654,0.028528,0.072713,0.102000,-0.764000,-0.060000,0.420000,pedestrian,walking,unknown,2.596919,1.000000,1.000000,1.970539,1.370539,0.312674,0.312674,0.312674,0.312674,0.500730,0.813404,0.000000,1.370539,0.869809,0.557135,0.557135,0.000375,horizon_mpc_secbf,12,-0.000375,true,osqp,optimal,50,3.783211,0,0.040717,accept,false,0.749984,-0.004971,0.378689,0.021046,,,0.379274,0.014969,0.420410,4.018729
local_crowding,context_ext,SEESM w/o Feasibility-Preserving Update,9,0.900,-1.780772,-0.321257,0.378689,0.021046,0.055518,0.096000,-0.722000,-0.060000,0.420000,child,crossing,distracted,2.574680,1.000000,1.000000,1.919080,1.319080,0.685174,0.685174,0.685174,0.685174,0.480996,1.166170,0.372500,1.319080,0.838084,0.152909,0.152909,0.000710,horizon_mpc_secbf,12,-0.000709,true,osqp,optimal,50,3.690117,0,-0.084233,accept,false,0.749980,-0.005415,0.098489,0.023217,,,0.101189,0.280208,0.430529,3.980875
local_crowding,context_ext,SEESM w/o Feasibility-Preserving Update,10,1.000,-1.770923,-0.318935,0.098489,0.023217,0.231501,0.090000,-0.680000,-0.060000,0.420000,child,crossing,distracted,5.604793,1.000000,1.000000,1.895627,1.295627,0.605000,0.605000,0.605000,0.605000,0.192819,0.797819,0.000000,1.295627,1.102808,0.497808,0.497808,0.000406,horizon_mpc_secbf,12,-0.000406,true,osqp,optimal,50,3.588847,0,0.063704,accept,false,0.749977,-0.005867,0.301549,0.002193,,,0.301557,0.204145,0.460685,3.971044
local_crowding,context_ext,SEESM w/o Feasibility-Preserving Update,11,1.100,-1.740768,-0.318716,0.301549,0.002193,0.007271,0.084000,-0.638000,-0.060000,0.420000,child,crossing,distracted,2.925361,1.000000,1.000000,1.852490,1.252490,0.665448,0.665448,0.665448,0.665448,0.385958,1.051406,0.060448,1.252490,0.866532,0.201084,0.201084,0.000653,horizon_mpc_secbf,12,-0.000654,true,osqp,optimal,50,4.496987,0,-0.062000,accept,false,0.749976,-0.005954,0.132037,-0.012679,,,0.132645,0.170163,0.473949,3.940892
local_crowding,context_ext,SEESM w/o Feasibility-Preserving Update,12,1.200,-1.727564,-0.319984,0.132037,-0.012679,-0.095734,0.078000,-0.596000,-0.060000,0.420000,child,crossing,distracted,4.805891,1.000000,1.000000,1.826540,1.226540,0.605000,0.605000,0.605000,0.605000,0.205425,0.810425,0.000000,1.226540,1.021115,0.416115,0.416115,0.000460,horizon_mpc_secbf,12,-0.000460,true,osqp,optimal,50,3.989307,0,0.029720,accept,false,0.749978,-0.005732,0.264072,-0.020089,,,0.264835,0.132243,0.500433,3.927679
local_crowding,context_ext,SEESM w/o Feasibility-Preserving Update,13,1.300,-1.701157,-0.321993,0.264072,-0.020089,-0.075927,0.072000,-0.554000,-0.060000,0.420000,child,crossing,distracted,3.140006,1.000000,1.000000,1.788271,1.188271,0.653375,0.653375,0.653375,0.653375,0.324323,0.977697,0.048375,1.188271,0.863948,0.210574,0.210574,0.000627,horizon_mpc_secbf,12,-0.000627,true,osqp,optimal,50,3.807161,0,-0.058510,accept,false,0.749981,-0.005384,0.150970,-0.046507,,,0.157971,0.116146,0.516230,3.901257
local_crowding,context_ext,SEESM w/o Feasibility-Preserving Update,14,1.400,-1.686060,-0.326643,0.150970,-0.046507,-0.298827,0.066000,-0.512000,-0.060000,0.420000,child,crossing,distracted,4.487959,1.000000,1.000000,1.761837,1.161837,0.605000,0.605000,0.605000,0.605000,0.195312,0.800312,0.000000,1.161837,0.966526,0.361526,0.361526,0.000486,horizon_mpc_secbf,12,-0.000486,true,osqp,optimal,50,3.591949,0,0.004136,accept,false,0.749986,-0.004508,0.250079,-0.050668,,,0.255161,0.099197,0.541746,3.886130
local_crowding,context_ext,SEESM w/o Feasibility-Preserving Update,15,1.500,-1.661052,-0.331710,0.250079,-0.050668,-0.199903,0.060000,-0.470000,-0.060000,0.420000,child,crossing,distracted,3.248735,1.000000,1.000000,1.726599,1.126599,0.647259,0.647259,0.647259,0.647259,0.277006,0.924265,0.042259,1.126599,0.849593,0.202334,0.202334,0.000611,horizon_mpc_secbf,12,-0.000611,true,osqp,optimal,50,4.183757,0,-0.067598,accept,false,0.749992,-0.003553,0.170615,-0.087758,,,0.191862,0.087694,0.560932,3.861095
local_crowding,context_ext,SEESM w/o Feasibility-Preserving Update,16,1.600,-1.643990,-0.340486,0.170615,-0.087758,-0.475073,0.054000,-0.428000,-0.060000,0.420000,child,crossing,distracted,4.290375,1.000000,1.000000,1.700244,1.100244,0.605000,0.605000,0.605000,0.605000,0.173878,0.778878,0.000000,1.100244,0.926367,0.321367,0.321367,0.000494,horizon_mpc_secbf,12,-0.000494,true,osqp,optimal,50,4.185135,0,-0.020887,accept,false,0.749998,-0.001856,0.256960,-0.089170,,,0.271992,0.086356,0.588131,3.844002
local_crowding,context_ext,SEESM w/o Feasibility-Preserving Update,17,1.700,-1.618294,-0.349403,0.256960,-0.089170,-0.334016,0.048000,-0.386000,-0.060000,0.420000,child,crossing,distracted,3.251492,1.000000,1.000000,1.666696,1.066696,0.647104,0.647104,0.647104,0.647104,0.237001,0.884104,0.042104,1.066696,0.829695,0.182592,0.182592,0.000597,horizon_mpc_secbf,12,-0.000598,true,osqp,optimal,50,3.558371,0,-0.088354,accept,false,0.750000,-0.000117,0.199406,-0.135588,,,0.241137,0.073940,0.612245,3.818294
local_crowding,context_ext,SEESM w/o Feasibility-Preserving Update,18,1.800,-1.598354,-0.362962,0.199406,-0.135588,-0.597150,0.042000,-0.344000,-0.060000,0.420000,child,crossing,distracted,4.113040,1.000000,1.000000,1.640463,1.040463,0.605000,0.605000,0.605000,0.605000,0.144762,0.749762,0.000000,1.040463,0.895702,0.290702,0.290702,0.000109,horizon_mpc_secbf,12,-0.000073,true,osqp,optimal,75,3.743890,0,-0.211691,accept,false,0.749996,0.002559,0.450273,-0.249332,,,0.514696,0.275448,0.663715,3.798376
local_crowding,context_ext,SEESM w/o Feasibility-Preserving Update,19,1.900,-1.553327,-0.387895,0.450273,-0.249332,-0.505707,0.036000,-0.302000,-0.060000,0.420000,child,crossing,distracted,2.094698,1.000000,1.000000,1.591646,0.991646,0.712173,0.712173,0.712173,0.712173,0.274556,0.986729,0.107173,0.991646,0.717090,0.004917,0.004917,0.000144,horizon_mpc_secbf,12,-0.000038,true,osqp,optimal,75,4.143995,0,-0.065158,accept,false,0.749962,0.007572,0.055954,-0.424367,,,0.428040,0.431421,0.706519,3.753518
local_crowding,context_ext,SEESM w/o Feasibility-Preserving Update,20,2.000,-1.547731,-0.430332,0.055954,-0.424367,-1.439699,0.030000,-0.260000,-0.060000,0.420000,child,crossing,distracted,40.031041,1.000000,1.000000,1.586899,0.986899,0.605000,0.605000,0.605000,0.605000,0.000000,0.605000,0.000000,0.986899,1.179439,0.574439,0.381899,0.000098,horizon_mpc_secbf,12,-0.000072,true,osqp,optimal,50,4.123676,0,-0.168553,accept,false,0.749828,0.016072,0.560947,-0.202436,,,0.596357,0.551607,0.766154,3.748592
local_crowding,context_ext,SEESM w/o Feasibility-Preserving Update,21,2.100,-1.491636,-0.450575,0.560947,-0.202436,-0.346337,0.024000,-0.218000,-0.060000,0.420000,child,crossing,distracted,1.797187,1.000000,1.000000,1.533377,0.933377,0.728908,0.728908,0.728908,0.728908,0.295833,1.024742,0.123908,0.933377,0.637544,-0.091365,-0.091365,0.078276,horizon_mpc_secbf,12,-0.077436,true,osqp,optimal,800,6.778718,0,0.083075,accept,false,0.749722,0.020426,0.020037,-0.735590,,,0.735863,0.759497,0.839741,3.693006
local_crowding,context_ext,SEESM w/o Feasibility-Preserving Update,22,2.200,-1.489633,-0.524134,0.020037,-0.735590,-1.543563,0.018000,-0.176000,-0.060000,0.420000,child,crossing,distracted,,0.000000,1.000000,1.547305,0.947305,0.380000,0.380000,0.380000,0.380000,0.000000,0.380000,0.000000,0.947305,0.947305,0.567305,0.567305,0.000000,horizon_mpc_secbf,12,0.180289,true,osqp,optimal,100,4.560317,0,0.035637,accept,false,0.749166,0.035357,0.622746,-0.173667,,,0.646508,0.824023,0.904391,3.693740
local_crowding,context_ext,SEESM w/o Feasibility-Preserving Update,23,2.300,-1.427358,-0.541501,0.622746,-0.173667,-0.271964,0.012000,-0.134000,-0.060000,0.420000,child,crossing,distracted,1.809204,1.000000,1.000000,1.495931,0.895931,0.728232,0.728232,0.728232,0.728232,0.241020,0.969252,0.348232,0.895931,0.654911,-0.073322,-0.073322,0.047646,horizon_mpc_secbf,12,-0.047086,true,osqp,optimal,875,8.229724,0,0.194020,accept,false,0.748957,0.039540,0.038832,-0.735590,,,0.736614,0.810378,0.978053,3.632410
local_crowding,context_ext,SEESM w/o Feasibility-Preserving Update,24,2.400,-1.423475,-0.615060,0.038832,-0.735590,-1.518055,0.006000,-0.092000,-0.060000,0.420000,child,crossing,distracted,,0.000000,1.000000,1.522166,0.922166,0.380000,0.380000,0.380000,0.380000,0.000000,0.380000,0.000000,0.922166,0.922166,0.542166,0.542166,0.000000,horizon_mpc_secbf,12,0.254463,true,osqp,optimal,100,3.741979,0,0.097010,accept,false,0.748001,0.054717,0.626741,-0.161343,,,0.647175,0.821825,1.042770,3.633157
local_crowding,context_ext,SEESM w/o Feasibility-Preserving Update,25,2.500,-1.360801,-0.631194,0.626741,-0.161343,-0.251960,0.000000,-0.050000,-0.060000,0.420000,child,crossing,distracted,2.181760,1.000000,1.000000,1.479718,0.879718,0.707276,0.707276,0.707276,0.707276,0.135899,0.843175,0.327276,0.879718,0.743819,0.036543,0.036543,0.000081,horizon_mpc_secbf,12,-0.000069,true,osqp,optimal,75,4.182457,0,-0.194447,accept,false,0.747672,0.059043,0.497149,-0.296196,,,0.578696,0.187028,1.100640,3.571886
local_crowding,context_ext,SEESM w/o Feasibility-Preserving Update,26,2.600,-1.311086,-0.660814,0.497149,-0.296196,-0.537317,-0.006000,-0.008000,-0.060000,0.420000,child,crossing,distracted,4.830260,1.000000,1.000000,1.459252,0.859252,0.605000,0.605000,0.605000,0.605000,0.000000,0.605000,0.000000,0.859252,0.959999,0.354999,0.254252,0.000000,horizon_mpc_secbf,12,0.049849,true,osqp,optimal,75,4.384380,0,-0.202064,accept,false,0.747078,0.066134,0.704642,-0.088634,,,0.710194,0.293487,1.171659,3.524816
local_crowding,context_ext,SEESM w/o Feasibility-Preserving Update,27,2.700,-1.240622,-0.669677,0.704642,-0.088634,-0.125129,-0.012000,0.034000,-0.060000,0.420000,child,crossing,distracted,1.986367,1.000000,1.000000,1.415865,0.815865,0.718267,0.718267,0.718267,0.718267,0.117798,0.836065,0.113267,0.815865,0.698066,-0.020200,-0.020200,0.000513,horizon_mpc_secbf,12,-0.000501,true,osqp,optimal,100,4.568117,0,0.147735,accept,false,0.746784,0.069386,0.252439,-0.462388,,,0.526810,0.586668,1.224340,3.455441
local_crowding,context_ext,SEESM w/o Feasibility-Preserving Update,28,2.800,-1.215378,-0.715916,0.252439,-0.462388,-1.071071,-0.018000,0.076000,-0.060000,0.420000,child,crossing,distracted,,0.000000,1.000000,1.435564,0.835564,0.380000,0.380000,0.380000,0.380000,0.000000,0.380000,0.000000,0.835564,0.835564,0.455564,0.455564,0.000000,horizon_mpc_secbf,12,0.328306,true,osqp,optimal,75,5.345065,0,0.143695,accept,false,0.745732,0.079896,0.663634,-0.108787,,,0.672492,0.542324,1.291590,3.434924
local_crowding,context_ext,SEESM w/o Feasibility-Preserving Update,29,2.900,-1.149014,-0.726795,0.663634,-0.108787,-0.162481,-0.024000,0.118000,-0.060000,0.420000,child,crossing,distracted,3.089976,1.000000,1.000000,1.406889,0.806889,0.656189,0.656189,0.656189,0.656189,0.000000,0.656189,0.276189,0.806889,0.831025,0.174837,0.150700,0.000000,horizon_mpc_secbf,12,0.048396,true,osqp,optimal,75,4.927924,0,-0.200879,accept,false,0.745298,0.083853,0.732633,-0.050045,,,0.734340,0.090617,1.365024,3.370144
local_crowding,context_ext,SEESM w/o Feasibility-Preserving Update,30,3.000,-1.075751,-0.731799,0.732633,-0.050045,-0.068202,-0.030000,0.160000,-0.060000,0.420000,child,crossing,distracted,2.597627,1.000000,1.000000,1.374373,0.774373,0.683883,0.683883,0.683883,0.683883,0.000000,0.683883,0.027695,0.774373,0.785167,0.101284,0.090490,0.000000,horizon_mpc_secbf,12,0.018293,true,osqp,optimal,75,4.760678,0,-0.214146,accept,false,0.744957,0.086827,0.735590,-0.043453,,,0.736872,0.007225,1.438711,3.297926
local_crowding,context_ext,SEESM w/o Feasibility-Preserving Update,31,3.100,-1.002192,-0.736145,0.735590,-0.043453,-0.059003,-0.036000,0.202000,-0.060000,0.420000,child,crossing,distracted,3.011654,1.000000,1.000000,1.346715,0.746715,0.660594,0.660594,0.660594,0.660594,0.000000,0.660594,0.000000,0.746715,0.811942,0.151347,0.086121,0.000000,horizon_mpc_secbf,12,0.039690,true,osqp,optimal,75,3.756667,0,-0.160999,accept,false,0.744606,0.089790,0.735590,-0.044632,,,0.736942,0.001180,1.512405,3.225390
local_crowding,context_ext,SEESM w/o Feasibility-Preserving Update,32,3.200,-0.928633,-0.740608,0.735590,-0.044632,-0.060601,-0.042000,0.244000,-0.060000,0.420000,child,crossing,distracted,3.874640,1.000000,1.000000,1.324980,0.724980,0.612051,0.612051,0.612051,0.612051,0.000000,0.612051,0.000000,0.724980,0.852097,0.240046,0.112928,0.000000,horizon_mpc_secbf,12,0.086756,true,osqp,optimal,75,5.469113,0,-0.073456,accept,false,0.744222,0.092916,0.735589,-0.045607,,,0.737002,0.000975,1.586105,3.152922
local_crowding,context_ext,SEESM w/o Feasibility-Preserving Update,33,3.300,-0.855074,-0.745169,0.735589,-0.045607,-0.061922,-0.048000,0.286000,-0.060000,0.420000,child,crossing,distracted,5.735305,1.000000,1.000000,1.309457,0.709457,0.605000,0.605000,0.605000,0.605000,0.000000,0.605000,0.000000,0.709457,0.896820,0.291820,0.104457,0.000000,horizon_mpc_secbf,12,0.092802,true,osqp,optimal,50,3.749172,0,-0.019749,accept,false,0.743804,0.096210,0.735592,-0.044967,,,0.736965,0.000640,1.659802,3.080525
local_crowding,context_ext,SEESM w/o Feasibility-Preserving Update,34,3.400,-0.781515,-0.749665,0.735592,-0.044967,-0.061055,-0.054000,0.328000,-0.060000,0.420000,child,crossing,distracted,11.714103,1.000000,1.000000,1.300246,0.700246,0.605000,0.605000,0.605000,0.605000,0.000000,0.605000,0.000000,0.700246,0.944134,0.339134,0.095246,0.000000,horizon_mpc_secbf,12,0.092317,true,osqp,optimal,75,3.803431,0,0.033417,accept,false,0.743351,0.099645,0.735589,-0.042490,,,0.736815,0.002477,1.733483,3.008183
local_crowding,context_ext,SEESM w/o Feasibility-Preserving Update,35,3.500,-0.707956,-0.753914,0.735589,-0.042490,-0.057700,-0.060000,0.370000,-0.060000,0.420000,child,crossing,distracted,,0.000000,1.000000,1.297317,0.697317,0.380000,0.380000,0.380000,0.380000,0.000000,0.380000,0.000000,0.697317,0.697317,0.317317,0.317317,0.000000,horizon_mpc_secbf,12,0.320521,true,osqp,optimal,75,4.101195,0,0.316914,accept,false,0.742868,0.103184,0.735589,-0.038206,,,0.736581,0.004284,1.807141,2.935874
local_crowding,context_ext,SEESM w/o Feasibility-Preserving Update,36,3.600,-0.634397,-0.757735,0.735589,-0.038206,-0.051893,-0.066000,0.412000,-0.060000,0.420000,child,crossing,distracted,,0.000000,1.000000,1.300521,0.700521,0.380000,0.380000,0.380000,0.380000,0.000000,0.380000,0.000000,0.700521,0.700521,0.320521,0.320521,0.000000,horizon_mpc_secbf,12,0.329610,true,osqp,optimal,75,4.838644,0,0.379533,accept,false,0.742358,0.106790,0.735589,-0.032202,,,0.736294,0.006004,1.880771,2.863574
local_crowding,context_ext,SEESM w/o Feasibility-Preserving Update,37,3.700,-0.560838,-0.760955,0.735589,-0.032202,-0.043749,-0.072000,0.454000,-0.060000,0.420000,child,crossing,distracted,,0.000000,1.000000,1.309610,0.709610,0.380000,0.380000,0.380000,0.380000,0.000000,0.380000,0.000000,0.709610,0.709610,0.329610,0.329610,0.000000,horizon_mpc_secbf,12,0.344249,true,osqp,optimal,75,3.731631,0,0.445103,accept,false,0.741827,0.110422,0.735589,-0.024597,,,0.736000,0.007606,1.954371,2.791256
local_crowding,context_ext,SEESM w/o Feasibility-Preserving Update,38,3.800,-0.487279,-0.763415,0.735589,-0.024597,-0.033425,-0.078000,0.496000,-0.060000,0.420000,child,crossing,distracted,,0.000000,1.000000,1.324249,0.724249,0.380000,0.380000,0.380000,0.380000,0.000000,0.380000,0.000000,0.724249,0.724249,0.344249,0.344249,0.000000,horizon_mpc_secbf,12,0.364039,true,osqp,optimal,75,3.566193,0,0.512566,accept,false,0.741279,0.114039,0.735590,-0.015529,,,0.735753,0.009068,2.027946,2.718893
local_crowding,context_ext,SEESM w/o Feasibility-Preserving Update,39,3.900,-0.413720,-0.764968,0.735590,-0.015529,-0.021108,-0.084000,0.538000,-0.060000,0.420000,child,crossing,distracted,,0.000000,1.000000,1.344039,0.744039,0.380000,0.380000,0.380000,0.380000,0.000000,0.380000,0.000000,0.744039,0.744039,0.364039,0.364039,0.000000,horizon_mpc_secbf,12,0.388541,true,osqp,optimal,75,4.041091,0,0.581025,accept,false,0.740723,0.117601,0.735590,-0.005152,,,0.735608,0.010377,2.101507,2.646457
local_crowding,context_ext,SEESM w/o Feasibility-Preserving Update,40,4.000,-0.340161,-0.765483,0.735590,-0.005152,-0.007004,-0.090000,0.580000,-0.060000,0.420000,child,crossing,distracted,,0.000000,1.000000,1.368541,0.768541,0.380000,0.380000,0.380000,0.380000,0.000000,0.380000,0.000000,0.768541,0.768541,0.388541,0.388541,0.000000,horizon_mpc_secbf,12,0.417300,true,osqp,optimal,75,4.170049,0,0.649770,accept,false,0.740164,0.121065,0.735590,0.006373,,,0.735618,0.011525,2.175069,2.573916
local_crowding,context_ext,SEESM w/o Feasibility-Preserving Update,41,4.100,-0.266602,-0.764846,0.735590,0.006373,0.008663,-0.096000,0.622000,-0.060000,0.420000,child,crossing,distracted,,0.000000,1.000000,1.397300,0.797300,0.380000,0.380000,0.380000,0.380000,0.000000,0.380000,0.000000,0.797300,0.797300,0.417300,0.417300,0.000000,horizon_mpc_secbf,12,0.449859,true,osqp,optimal,75,4.180516,0,0.718281,accept,false,0.739613,0.124392,0.735590,0.018881,,,0.735832,0.012508,2.248652,2.501245
local_crowding,context_ext,SEESM w/o Feasibility-Preserving Update,42,4.200,-0.193043,-0.762958,0.735590,0.018881,0.025662,-0.102000,0.664000,-0.060000,0.420000,child,crossing,distracted,,0.000000,1.000000,1.429859,0.829859,0.380000,0.380000,0.380000,0.380000,0.000000,0.380000,0.000000,0.829859,0.829859,0.449859,0.449859,0.000000,horizon_mpc_secbf,12,0.485782,true,osqp,optimal,75,3.589812,0,0.786207,accept,false,0.739076,0.127539,0.735590,0.032208,,,0.736295,0.013327,2.322281,2.428413
local_crowding,context_ext,SEESM w/o Feasibility-Preserving Update,43,4.300,-0.119484,-0.759737,0.735590,0.032208,0.043757,-0.108000,0.706000,-0.060000,0.420000,child,crossing,distracted,,0.000000,1.000000,1.465782,0.865782,0.380000,0.380000,0.380000,0.380000,0.000000,0.380000,0.000000,0.865782,0.865782,0.485782,0.485782,0.000000,horizon_mpc_secbf,12,0.524658,true,osqp,optimal,75,4.211879,0,0.853343,accept,false,0.738565,0.130467,0.735590,0.046194,,,0.737040,0.013986,2.395985,2.355396
local_crowding,context_ext,SEESM w/o Feasibility-Preserving Update,44,4.400,-0.045925,-0.755117,0.735590,0.046194,0.062717,-0.114000,0.748000,-0.060000,0.420000,child,crossing,distracted,,0.000000,1.000000,1.504658,0.904658,0.380000,0.380000,0.380000,0.380000,0.000000,0.380000,0.000000,0.904658,0.904658,0.524658,0.524658,0.000000,horizon_mpc_secbf,12,0.566114,true,osqp,optimal,75,4.295707,0,0.919600,accept,false,0.738089,0.133136,0.735591,0.060685,,,0.738090,0.014491,2.469794,2.282170
local_crowding,context_ext,SEESM w/o Feasibility-Preserving Update,45,4.500,0.027634,-0.749049,0.735591,0.060685,0.082312,-0.120000,0.790000,-0.060000,0.420000,child,crossing,distracted,,0.000000,1.000000,1.546114,0.946114,0.380000,0.380000,0.380000,0.380000,0.000000,0.380000,0.000000,0.946114,0.946114,0.566114,0.566114,0.000000,horizon_mpc_secbf,12,0.609813,true,osqp,optimal,75,3.737817,0,0.984975,accept,false,0.737658,0.135503,0.735591,0.075533,,,0.739459,0.014848,2.543740,2.208713
local_crowding,context_ext,SEESM w/o Feasibility-Preserving Update,46,4.600,0.101193,-0.741496,0.735591,0.075533,0.102325,-0.126000,0.832000,-0.060000,0.420000,child,crossing,distracted,,0.000000,1.000000,1.589813,0.989813,0.380000,0.380000,0.380000,0.380000,0.000000,0.380000,0.000000,0.989813,0.989813,0.609813,0.609813,0.000000,horizon_mpc_secbf,12,0.655461,true,osqp,optimal,75,3.688372,0,1.049532,accept,false,0.737283,0.137527,0.735592,0.090594,,,0.741149,0.015061,2.617855,2.135008
local_crowding,context_ext,SEESM w/o Feasibility-Preserving Update,47,4.700,0.174752,-0.732436,0.735592,0.090594,0.122542,-0.132000,0.874000,-0.060000,0.420000,child,crossing,distracted,,0.000000,1.000000,1.635461,1.035461,0.380000,0.380000,0.380000,0.380000,0.000000,0.380000,0.000000,1.035461,1.035461,0.655461,0.655461,0.000000,horizon_mpc_secbf,12,0.702807,true,osqp,optimal,75,4.020217,0,1.113397,accept,false,0.736975,0.139166,0.735593,0.105711,,,0.743150,0.015116,2.692170,2.061040
local_crowding,context_ext,SEESM w/o Feasibility-Preserving Update,48,4.800,0.248311,-0.721865,0.735593,0.105711,0.142731,-0.138000,0.916000,-0.060000,0.420000,child,crossing,distracted,,0.000000,1.000000,1.682807,1.082807,0.380000,0.380000,0.380000,0.380000,0.000000,0.380000,0.000000,1.082807,1.082807,0.702807,0.702807,0.000000,horizon_mpc_secbf,12,0.751651,true,osqp,optimal,75,3.881728,0,1.176864,accept,false,0.736746,0.140376,0.735596,0.120587,,,0.745415,0.014876,2.766712,1.986800
local_crowding,context_ext,SEESM w/o Feasibility-Preserving Update,49,4.900,0.321871,-0.709806,0.735596,0.120587,0.162485,-0.144000,0.958000,-0.060000,0.420000,child,crossing,distracted,,0.000000,1.000000,1.731651,1.131651,0.380000,0.380000,0.380000,0.380000,0.000000,0.380000,0.000000,1.131651,1.131651,0.751651,0.751651,0.000000,horizon_mpc_secbf,12,0.801926,true,osqp,optimal,75,3.818224,0,1.241069,accept,false,0.736604,0.141117,0.735602,0.134083,,,0.747722,0.013496,2.841484,1.912284
local_crowding,context_ext,SEESM w/o Feasibility-Preserving Update,50,5.000,0.395431,-0.696398,0.735602,0.134083,0.180297,-0.150000,1.000000,-0.060000,0.420000,child,crossing,distracted,,0.000000,1.000000,1.781926,1.181926,0.380000,0.380000,0.380000,0.380000,0.000000,0.380000,0.000000,1.181926,1.181926,0.801926,0.801926,0.000000,horizon_mpc_secbf,12,0.854153,true,osqp,optimal,100,4.045713,0,1.311883,accept,false,0.736553,0.141386,0.735589,0.140133,,,0.748818,0.006050,2.916366,1.837515
local_crowding,context_ext,SEESM w/o Feasibility-Preserving Update,51,5.100,0.468990,-0.682385,0.735589,0.140133,0.188248,-0.156000,1.042000,-0.060000,0.420000,child,crossing,distracted,,0.000000,1.000000,1.834153,1.234153,0.380000,0.380000,0.380000,0.380000,0.000000,0.380000,0.000000,1.234153,1.234153,0.854153,0.854153,0.000000,horizon_mpc_secbf,12,0.908602,true,osqp,optimal,100,4.252050,0,1.387359,accept,false,0.736544,0.141430,0.735589,0.141207,,,0.749019,0.001074,2.991267,1.762633
local_crowding,context_ext,SEESM w/o Feasibility-Preserving Update,52,5.200,0.542549,-0.668264,0.735589,0.141207,0.189657,-0.162000,1.084000,-0.060000,0.420000,child,crossing,distracted,,0.000000,1.000000,1.888602,1.288602,0.380000,0.380000,0.380000,0.380000,0.000000,0.380000,0.000000,1.288602,1.288602,0.908602,0.908602,0.000000,horizon_mpc_secbf,12,0.965166,true,osqp,optimal,175,4.358908,0,1.463898,accept,false,0.736544,0.141431,0.735601,0.141393,,,0.749066,0.000186,3.066174,1.687731
local_crowding,context_ext,SEESM w/o Feasibility-Preserving Update,53,5.300,0.616109,-0.654125,0.735601,0.141393,0.189898,-0.168000,1.126000,-0.060000,0.420000,child,crossing,distracted,,0.000000,1.000000,1.945166,1.345166,0.380000,0.380000,0.380000,0.380000,0.000000,0.380000,0.000000,1.345166,1.345166,0.965166,0.965166,0.000000,horizon_mpc_secbf,12,1.023678,true,osqp,optimal,200,4.222819,0,1.540821,accept,false,0.736545,0.141425,0.735598,0.141419,,,0.749069,0.000027,3.141081,1.612824
local_crowding,context_ext,SEESM w/o Feasibility-Preserving Update,54,5.400,0.689669,-0.639983,0.735598,0.141419,0.189933,-0.174000,1.168000,-0.060000,0.420000,child,crossing,distracted,,0.000000,1.000000,2.003678,1.403678,0.380000,0.380000,0.380000,0.380000,0.000000,0.380000,0.000000,1.403678,1.403678,1.023678,1.023678,0.000000,horizon_mpc_secbf,12,1.083975,true,osqp,optimal,200,4.722162,0,1.617990,accept,false,0.736547,0.141417,0.735602,0.141417,,,0.749073,0.000005,3.215988,1.537918
local_crowding,context_ext,SEESM w/o Feasibility-Preserving Update,55,5.500,0.763229,-0.625841,0.735602,0.141417,0.189929,-0.180000,1.210000,-0.060000,0.420000,child,crossing,distracted,,0.000000,1.000000,2.063975,1.463975,0.380000,0.380000,0.380000,0.380000,0.000000,0.380000,0.000000,1.463975,1.463975,1.083975,1.083975,0.000000,horizon_mpc_secbf,12,1.145906,true,osqp,optimal,225,6.600095,0,1.695359,accept,false,0.736549,0.141408,0.735600,0.141409,,,0.749069,0.000008,3.290895,1.463010
local_crowding,context_ext,SEESM w/o Feasibility-Preserving Update,56,5.600,0.836789,-0.611700,0.735600,0.141409,0.189920,-0.186000,1.252000,-0.060000,0.420000,child,crossing,distracted,,0.000000,1.000000,2.125906,1.525906,0.380000,0.380000,0.380000,0.380000,0.000000,0.380000,0.000000,1.525906,1.525906,1.145906,1.145906,0.000000,horizon_mpc_secbf,12,1.209332,true,osqp,optimal,225,5.581198,0,1.772915,accept,false,0.736550,0.141398,0.735604,0.141400,,,0.749071,0.000010,3.365802,1.388103
local_crowding,context_ext,SEESM w/o Feasibility-Preserving Update,57,5.700,0.910349,-0.597560,0.735604,0.141400,0.189906,-0.192000,1.294000,-0.060000,0.420000,child,crossing,distracted,,0.000000,1.000000,2.189332,1.589332,0.380000,0.380000,0.380000,0.380000,0.000000,0.380000,0.000000,1.589332,1.589332,1.209332,1.209332,0.000000,horizon_mpc_secbf,12,1.274127,true,osqp,optimal,250,6.404368,0,1.850641,accept,false,0.736552,0.141388,0.735601,0.141390,,,0.749066,0.000011,3.440709,1.313196
local_crowding,context_ext,SEESM w/o Feasibility-Preserving Update,58,5.800,0.983909,-0.583421,0.735601,0.141390,0.189894,-0.198000,1.336000,-0.060000,0.420000,child,crossing,distracted,,0.000000,1.000000,2.254127,1.654127,0.380000,0.380000,0.380000,0.380000,0.000000,0.380000,0.000000,1.654127,1.654127,1.274127,1.274127,0.000000,horizon_mpc_secbf,12,1.340177,true,osqp,optimal,250,5.866340,0,1.928537,accept,false,0.736554,0.141377,0.735604,0.141379,,,0.749067,0.000011,3.515616,1.238290
local_crowding,context_ext,SEESM w/o Feasibility-Preserving Update,59,5.900,1.057470,-0.569283,0.735604,0.141379,0.189879,-0.204000,1.378000,-0.060000,0.420000,child,crossing,distracted,,0.000000,1.000000,2.320177,1.720177,0.380000,0.380000,0.380000,0.380000,0.000000,0.380000,0.000000,1.720177,1.720177,1.340177,1.340177,0.000000,horizon_mpc_secbf,12,1.407376,true,osqp,optimal,275,6.634396,0,2.006593,accept,false,0.736557,0.141366,0.735603,0.141368,,,0.749064,0.000011,3.590522,1.163383
local_crowding,context_ext,SEESM w/o Feasibility-Preserving Update,60,6.000,1.131030,-0.555147,0.735603,0.141368,0.189865,-0.210000,1.420000,-0.060000,0.420000,child,crossing,distracted,,0.000000,1.000000,2.387376,1.787376,0.380000,0.380000,0.380000,0.380000,0.000000,0.380000,0.000000,1.787376,1.787376,1.407376,1.407376,0.000000,horizon_mpc_secbf,12,1.475632,true,osqp,optimal,300,6.221361,0,2.084811,accept,false,0.736559,0.141353,0.735604,0.141356,,,0.749062,0.000012,3.665428,1.088477
local_crowding,context_ext,SEESM w/o Feasibility-Preserving Update,61,6.100,1.204591,-0.541011,0.735604,0.141356,0.189849,-0.216000,1.462000,-0.060000,0.420000,child,crossing,distracted,,0.000000,1.000000,2.455632,1.855632,0.380000,0.380000,0.380000,0.380000,0.000000,0.380000,0.000000,1.855632,1.855632,1.475632,1.475632,0.000000,horizon_mpc_secbf,12,1.544859,true,osqp,optimal,325,6.432638,0,2.163187,accept,false,0.736562,0.141340,0.735604,0.141343,,,0.749060,0.000013,3.740334,1.013570
local_crowding,context_ext,SEESM w/o Feasibility-Preserving Update,62,6.200,1.278151,-0.526877,0.735604,0.141343,0.189832,-0.222000,1.504000,-0.060000,0.420000,child,crossing,distracted,,0.000000,1.000000,2.524859,1.924859,0.380000,0.380000,0.380000,0.380000,0.000000,0.380000,0.000000,1.924859,1.924859,1.544859,1.544859,0.000000,horizon_mpc_secbf,12,1.614978,true,osqp,optimal,325,6.992631,0,2.241713,accept,false,0.736564,0.141326,0.735594,0.141328,,,0.749047,0.000018,3.815239,0.938664
local_crowding,context_ext,SEESM w/o Feasibility-Preserving Update,63,6.300,1.351710,-0.512744,0.735594,0.141328,0.189815,-0.228000,1.546000,-0.060000,0.420000,child,crossing,distracted,,0.000000,1.000000,2.594978,1.994978,0.380000,0.380000,0.380000,0.380000,0.000000,0.380000,0.000000,1.994978,1.994978,1.614978,1.614978,0.000000,horizon_mpc_secbf,12,1.685920,true,osqp,optimal,325,5.082149,0,2.320400,accept,false,0.736567,0.141310,0.735595,0.141313,,,0.749045,0.000016,3.890143,0.863760
local_crowding,context_ext,SEESM w/o Feasibility-Preserving Update,64,6.400,1.425270,-0.498613,0.735595,0.141313,0.189794,-0.234000,1.588000,-0.060000,0.420000,child,crossing,distracted,,0.000000,1.000000,2.665920,2.065920,0.380000,0.380000,0.380000,0.380000,0.000000,0.380000,0.000000,2.065920,2.065920,1.685920,1.685920,0.000000,horizon_mpc_secbf,12,1.757620,true,osqp,optimal,325,7.294656,0,2.399240,accept,false,0.736571,0.141293,0.735595,0.141296,,,0.749042,0.000017,3.965048,0.788855
local_crowding,context_ext,SEESM w/o Feasibility-Preserving Update,65,6.500,1.498829,-0.484483,0.735595,0.141296,0.189772,-0.240000,1.630000,-0.060000,0.420000,child,crossing,distracted,,0.000000,1.000000,2.737620,2.137620,0.380000,0.380000,0.380000,0.380000,0.000000,0.380000,0.000000,2.137620,2.137620,1.757620,1.757620,0.000000,horizon_mpc_secbf,12,1.830023,true,osqp,optimal,350,6.811489,0,2.478237,accept,false,0.736574,0.141273,0.735604,0.141277,,,0.749047,0.000020,4.039952,0.713951
local_crowding,context_ext,SEESM w/o Feasibility-Preserving Update,66,6.600,1.572390,-0.470355,0.735604,0.141277,0.189746,-0.246000,1.672000,-0.060000,0.420000,child,crossing,distracted,,0.000000,1.000000,2.810023,2.210023,0.380000,0.380000,0.380000,0.380000,0.000000,0.380000,0.000000,2.210023,2.210023,1.830023,1.830023,0.000000,horizon_mpc_secbf,12,1.903073,true,osqp,optimal,350,8.106069,0,2.557377,accept,false,0.736579,0.141252,0.735602,0.141256,,,0.749042,0.000021,4.114856,0.639046
local_crowding,context_ext,SEESM w/o Feasibility-Preserving Update,67,6.700,1.645950,-0.456230,0.735602,0.141256,0.189719,-0.252000,1.714000,-0.060000,0.420000,child,crossing,distracted,,0.000000,1.000000,2.883073,2.283073,0.380000,0.380000,0.380000,0.380000,0.000000,0.380000,0.000000,2.283073,2.283073,1.903073,1.903073,0.000000,horizon_mpc_secbf,12,1.976724,true,osqp,optimal,325,7.444896,0,2.636668,accept,false,0.736583,0.141227,0.735605,0.141232,,,0.749040,0.000024,4.189760,0.564142
local_crowding,context_ext,SEESM w/o Feasibility-Preserving Update,68,6.800,1.719510,-0.442107,0.735605,0.141232,0.189686,-0.258000,1.756000,-0.060000,0.420000,child,crossing,distracted,,0.000000,1.000000,2.956724,2.356724,0.380000,0.380000,0.380000,0.380000,0.000000,0.380000,0.000000,2.356724,2.356724,1.976724,1.976724,0.000000,horizon_mpc_secbf,12,2.050933,true,osqp,optimal,325,7.714114,0,2.716102,accept,false,0.736589,0.141199,0.735603,0.141205,,,0.749033,0.000028,4.264664,0.489238
local_crowding,context_ext,SEESM w/o Feasibility-Preserving Update,69,6.900,1.793071,-0.427986,0.735603,0.141205,0.189651,-0.264000,1.798000,-0.060000,0.420000,child,crossing,distracted,,0.000000,1.000000,3.030933,2.430933,0.380000,0.380000,0.380000,0.380000,0.000000,0.380000,0.000000,2.430933,2.430933,2.050933,2.050933,0.000000,horizon_mpc_secbf,12,2.125659,true,osqp,optimal,300,7.429645,0,2.795682,accept,false,0.736595,0.141165,0.735606,0.141172,,,0.749030,0.000033,4.339567,0.414335
local_crowding,context_ext,SEESM w/o Feasibility-Preserving Update,70,7.000,1.866631,-0.413869,0.735606,0.141172,0.189607,-0.270000,1.840000,-0.060000,0.420000,child,crossing,distracted,,0.000000,1.000000,3.105659,2.505659,0.380000,0.380000,0.380000,0.380000,0.000000,0.380000,0.000000,2.505659,2.505659,2.125659,2.125659,0.000000,horizon_mpc_secbf,12,2.200867,true,osqp,optimal,300,7.125880,0,2.875402,accept,false,0.736603,0.141123,0.735603,0.141131,,,0.749020,0.000040,4.414469,0.339432
local_crowding,context_ext,SEESM w/o Feasibility-Preserving Update,71,7.100,1.940192,-0.399756,0.735603,0.141131,0.189554,-0.276000,1.882000,-0.060000,0.420000,child,crossing,distracted,,0.000000,1.000000,3.180867,2.580867,0.380000,0.380000,0.380000,0.380000,0.000000,0.380000,0.000000,2.580867,2.580867,2.200867,2.200867,0.000000,horizon_mpc_secbf,12,2.276524,true,osqp,optimal,300,8.014698,0,2.955263,accept,false,0.736614,0.141068,0.735601,0.141079,,,0.749008,0.000052,4.489369,0.264530
local_crowding,context_ext,SEESM w/o Feasibility-Preserving Update,72,7.200,2.013752,-0.385648,0.735601,0.141079,0.189487,-0.282000,1.924000,-0.060000,0.420000,child,crossing,distracted,,0.000000,1.000000,3.256524,2.656524,0.380000,0.380000,0.380000,0.380000,0.000000,0.380000,0.000000,2.656524,2.656524,2.276524,2.276524,0.000000,horizon_mpc_secbf,12,2.352602,true,osqp,optimal,275,7.384230,0,3.035275,accept,false,0.736629,0.140990,0.735605,0.141006,,,0.748998,0.000074,4.564269,0.189629
local_crowding,context_ext,SEESM w/o Feasibility-Preserving Update,73,7.300,2.087312,-0.371547,0.735605,0.141006,0.189389,-0.288000,1.966000,-0.060000,0.420000,child,crossing,distracted,,0.000000,1.000000,3.332602,2.732602,0.380000,0.380000,0.380000,0.380000,0.000000,0.380000,0.000000,2.732602,2.732602,2.352602,2.352602,0.000000,horizon_mpc_secbf,12,2.429075,true,osqp,optimal,275,7.922789,0,3.115446,accept,false,0.736654,0.140857,0.735604,0.140883,,,0.748973,0.000123,4.639167,0.114729
local_crowding,context_ext,SEESM w/o Feasibility-Preserving Update,74,7.400,2.160873,-0.357459,0.735604,0.140883,0.189228,-0.294000,2.008000,-0.060000,0.420000,child,crossing,distracted,,0.000000,1.000000,3.409075,2.809075,0.380000,0.380000,0.380000,0.380000,0.000000,0.380000,0.000000,2.809075,2.809075,2.429075,2.429075,0.000001,horizon_mpc_secbf,12,2.489022,true,osqp,optimal,75,5.863221,0,3.028358,accept,false,0.391274,0.074590,0.450352,0.085964,,,0.458483,0.290490,4.685015,0.039832
local_crowding,context_ext,SEESM w/o Feasibility-Preserving Update,75,7.500,2.205908,-0.348863,0.450352,0.085964,0.188613,-0.300000,2.050000,-0.060000,0.420000,child,crossing,distracted,,0.000000,1.000000,3.469022,2.869022,0.380000,0.380000,0.380000,0.380000,0.000000,0.380000,0.000000,2.869022,2.869022,2.489022,2.489022,0.000000,horizon_mpc_secbf,12,2.522508,true,osqp,optimal,100,5.352580,0,2.822901,accept,false,-0.059078,-0.011374,0.000023,-0.000124,,,0.000126,0.458484,4.685028,0.006016
local_crowding,context_ext,SEESM w/o Feasibility-Preserving Update,76,7.600,2.205910,-0.348875,0.000023,-0.000124,-1.390393,-0.306000,2.092000,-0.060000,0.420000,child,crossing,distracted,,0.000000,1.000000,3.502508,2.902508,0.380000,0.380000,0.380000,0.380000,0.000000,0.380000,0.000000,2.902508,2.902508,2.522508,2.522508,0.000000,horizon_mpc_secbf,12,2.553348,true,osqp,optimal,75,6.138538,0,2.829633,accept,false,-0.059100,-0.011250,-0.048956,-0.009341,,,0.049839,0.049839,4.690011,0.006016
local_crowding,context_ext,SEESM w/o Feasibility-Preserving Update,77,7.700,2.201014,-0.349809,-0.048956,-0.009341,-2.953060,-0.312000,2.134000,-0.060000,0.420000,child,crossing,distracted,,0.000000,1.000000,3.533348,2.933348,0.380000,0.380000,0.380000,0.380000,0.000000,0.380000,0.000000,2.933348,2.933348,2.553348,2.553348,0.000000,horizon_mpc_secbf,12,2.586271,true,osqp,optimal,75,5.209637,0,2.881553,accept,false,-0.010144,-0.001909,-0.016803,-0.003184,,,0.017102,0.032737,4.691722,0.001032
local_crowding,context_ext,SEESM w/o Feasibility-Preserving Update,78,7.800,2.199334,-0.350128,-0.016803,-0.003184,-2.954328,-0.318000,2.176000,-0.060000,0.420000,child,crossing,distracted,,0.000000,1.000000,3.566271,2.966271,0.380000,0.380000,0.380000,0.380000,0.000000,0.380000,0.000000,2.966271,2.966271,2.586271,2.586271,0.000000,horizon_mpc_secbf,12,2.620495,true,osqp,optimal,75,5.777156,0,2.927624,accept,false,0.006659,0.001275,0.002634,0.000510,,,0.002683,0.019785,4.691990,0.000678
local_crowding,context_ext,SEESM w/o Feasibility-Preserving Update,79,7.900,2.199597,-0.350077,0.002634,0.000510,0.191307,-0.324000,2.218000,-0.060000,0.420000,child,crossing,distracted,,0.000000,1.000000,3.600495,3.000495,0.380000,0.380000,0.380000,0.380000,0.000000,0.380000,0.000000,3.000495,3.000495,2.620495,2.620495,0.000000,horizon_mpc_secbf,12,2.654956,true,osqp,optimal,75,4.578023,0,2.964256,accept,false,0.004025,0.000765,0.003787,0.000721,,,0.003855,0.001172,4.692375,0.000410
local_crowding,context_ext,SEESM w/o Feasibility-Preserving Update,80,8.000,2.199976,-0.350004,0.003787,0.000721,0.188230,-0.330000,2.260000,-0.060000,0.420000,child,crossing,distracted,,0.000000,1.000000,3.634956,3.034956,0.380000,0.380000,0.380000,0.380000,0.000000,0.380000,0.000000,3.034956,3.034956,2.654956,2.654956,0.000000,horizon_mpc_secbf,12,2.689420,true,osqp,optimal,50,3.673421,0,2.998762,accept,false,0.000239,0.000044,0.000846,0.000161,,,0.000862,0.002993,4.692462,0.000024
local_crowding,context_ext,SEESM w/o Feasibility-Preserving Update,81,8.100,2.200061,-0.349988,0.000846,0.000161,0.188381,-0.336000,2.302000,-0.060000,0.420000,child,crossing,distracted,,0.000000,1.000000,3.669420,3.069420,0.380000,0.380000,0.380000,0.380000,0.000000,0.380000,0.000000,3.069420,3.069420,2.689420,2.689420,0.000000,horizon_mpc_secbf,12,2.723985,true,osqp,optimal,50,3.701181,0,3.034239,accept,false,-0.000608,-0.000118,-0.000356,-0.000072,,,0.000363,0.001225,4.692498,0.000062
local_crowding,context_ext,SEESM w/o Feasibility-Preserving Update,82,8.200,2.200025,-0.349995,-0.000356,-0.000072,-2.942364,-0.342000,2.344000,-0.060000,0.420000,child,crossing,distracted,,0.000000,1.000000,3.703985,3.103985,0.380000,0.380000,0.380000,0.380000,0.000000,0.380000,0.000000,3.103985,3.103985,2.723985,2.723985,0.000000,horizon_mpc_secbf,12,2.758716,true,osqp,optimal,50,3.847718,0,3.070491,accept,false,-0.000251,-0.000046,-0.000269,-0.000051,,,0.000273,0.000090,4.692525,0.000026
local_crowding,context_ext,SEESM w/o Feasibility-Preserving Update,83,8.300,2.199998,-0.350001,-0.000269,-0.000051,-2.953438,-0.348000,2.386000,-0.060000,0.420000,child,crossing,distracted,,0.000000,1.000000,3.738716,3.138716,0.380000,0.380000,0.380000,0.380000,0.000000,0.380000,0.000000,3.138716,3.138716,2.758716,2.758716,0.000000,horizon_mpc_secbf,12,2.793618,true,osqp,optimal,25,4.478614,0,3.106958,accept,false,0.000017,0.000005,-0.000002,0.000006,,,0.000006,0.000273,4.692526,0.000002
local_crowding,context_ext,SEESM w/o Feasibility-Preserving Update,84,8.400,2.199998,-0.350000,-0.000002,0.000006,1.887176,-0.354000,2.428000,-0.060000,0.420000,child,crossing,distracted,,0.000000,1.000000,3.773618,3.173618,0.380000,0.380000,0.380000,0.380000,0.000000,0.380000,0.000000,3.173618,3.173618,2.793618,2.793618,0.000000,horizon_mpc_secbf,12,2.828674,true,osqp,optimal,25,3.494760,0,3.143423,accept,false,0.000019,-0.000000,0.000015,0.000002,,,0.000015,0.000017,4.692527,0.000002
local_crowding,context_ext,SEESM w/o Feasibility-Preserving Update,85,8.500,2.200000,-0.350000,0.000015,0.000002,0.105949,-0.360000,2.470000,-0.060000,0.420000,child,crossing,distracted,,0.000000,1.000000,3.808674,3.208674,0.380000,0.380000,0.380000,0.380000,0.000000,0.380000,0.000000,3.208674,3.208674,2.828674,2.828674,0.000000,horizon_mpc_secbf,12,2.863878,true,osqp,optimal,25,3.601261,0,3.179982,accept,false,0.000004,-0.000002,0.000006,-0.000001,,,0.000006,0.000009,4.692528,0.000000
local_crowding,context_ext,SEESM w/o Feasibility-Preserving Update,86,8.600,2.200000,-0.350000,0.000006,-0.000001,-0.176018,-0.366000,2.512000,-0.060000,0.420000,child,crossing,distracted,,0.000000,1.000000,3.843878,3.243878,0.380000,0.380000,0.380000,0.380000,0.000000,0.380000,0.000000,3.243878,3.243878,2.863878,2.863878,0.000000,horizon_mpc_secbf,12,2.899227,true,osqp,optimal,25,4.459772,0,3.216648,accept,false,-0.000002,-0.000001,-0.000000,-0.000001,,,0.000001,0.000006,4.692528,0.000000
local_crowding,context_ext,SEESM w/o Feasibility-Preserving Update,87,8.700,2.200000,-0.350000,-0.000000,-0.000001,-1.806247,-0.372000,2.554000,-0.060000,0.420000,child,crossing,distracted,,0.000000,1.000000,3.879227,3.279227,0.380000,0.380000,0.380000,0.380000,0.000000,0.380000,0.000000,3.279227,3.279227,2.899227,2.899227,0.000000,horizon_mpc_secbf,12,2.934716,true,osqp,optimal,25,3.646414,0,3.253421,accept,false,-0.000001,0.000000,-0.000001,-0.000000,,,0.000001,0.000001,4.692528,0.000000
local_crowding,context_ext,SEESM w/o Feasibility-Preserving Update,88,8.800,2.200000,-0.350000,-0.000001,-0.000000,-2.952348,-0.378000,2.596000,-0.060000,0.420000,child,crossing,distracted,,0.000000,1.000000,3.914716,3.314716,0.380000,0.380000,0.380000,0.380000,0.000000,0.380000,0.000000,3.314716,3.314716,2.934716,2.934716,0.000000,horizon_mpc_secbf,12,2.970342,true,osqp,optimal,25,3.865367,0,3.290297,accept,false,-0.000000,0.000000,-0.000000,0.000000,,,0.000000,0.000001,4.692528,0.000000
local_crowding,context_ext,SEESM w/o Feasibility-Preserving Update,89,8.900,2.200000,-0.350000,-0.000000,0.000000,2.785019,-0.384000,2.638000,-0.060000,0.420000,child,crossing,distracted,,0.000000,1.000000,3.950342,3.350342,0.380000,0.380000,0.380000,0.380000,0.000000,0.380000,0.000000,3.350342,3.350342,2.970342,2.970342,0.000000,horizon_mpc_secbf,12,3.006101,true,osqp,optimal,25,3.418100,0,3.327273,accept,false,0.000000,0.000000,0.000000,0.000000,,,0.000000,0.000000,4.692528,0.000000
local_crowding,context_ext,SEESM w/o Feasibility-Preserving Update,90,9.000,2.200000,-0.350000,0.000000,0.000000,1.176129,-0.390000,2.680000,-0.060000,0.420000,child,crossing,distracted,,0.000000,1.000000,3.986101,3.386101,0.380000,0.380000,0.380000,0.380000,0.000000,0.380000,0.000000,3.386101,3.386101,3.006101,3.006101,0.000000,horizon_mpc_secbf,12,3.041990,true,osqp,optimal,25,3.913527,0,3.364346,accept,false,0.000000,-0.000000,0.000000,0.000000,,,0.000000,0.000000,4.692528,0.000000
local_crowding,context_ext,SEESM w/o Feasibility-Preserving Update,91,9.100,2.200000,-0.350000,0.000000,0.000000,0.233007,-0.396000,2.722000,-0.060000,0.420000,child,crossing,distracted,,0.000000,1.000000,4.021990,3.421990,0.380000,0.380000,0.380000,0.380000,0.000000,0.380000,0.000000,3.421990,3.421990,3.041990,3.041990,0.000000,horizon_mpc_secbf,12,3.078004,true,osqp,optimal,25,3.738593,0,3.401513,accept,false,0.000000,-0.000000,0.000000,-0.000000,,,0.000000,0.000000,4.692528,0.000000
local_crowding,context_ext,SEESM w/o Feasibility-Preserving Update,92,9.200,2.200000,-0.350000,0.000000,-0.000000,-0.631049,-0.402000,2.764000,-0.060000,0.420000,child,crossing,distracted,,0.000000,1.000000,4.058004,3.458004,0.380000,0.380000,0.380000,0.380000,0.000000,0.380000,0.000000,3.458004,3.458004,3.078004,3.078004,0.000000,horizon_mpc_secbf,12,3.114142,true,osqp,optimal,25,3.462204,0,3.438773,accept,false,-0.000000,-0.000000,-0.000000,-0.000000,,,0.000000,0.000000,4.692528,0.000000
local_crowding,context_ext,SEESM w/o Feasibility-Preserving Update,93,9.300,2.200000,-0.350000,-0.000000,-0.000000,-2.043401,-0.408000,2.806000,-0.060000,0.420000,child,crossing,distracted,,0.000000,1.000000,4.094142,3.494142,0.380000,0.380000,0.380000,0.380000,0.000000,0.380000,0.000000,3.494142,3.494142,3.114142,3.114142,0.000000,horizon_mpc_secbf,12,3.150399,true,osqp,optimal,25,3.505910,0,3.476123,accept,false,0.000000,0.000000,0.000000,-0.000000,,,0.000000,0.000000,4.692528,0.000000
local_crowding,context_ext,SEESM w/o Feasibility-Preserving Update,94,9.400,2.200000,-0.350000,0.000000,-0.000000,-1.570090,-0.414000,2.848000,-0.060000,0.420000,child,crossing,distracted,,0.000000,1.000000,4.130399,3.530399,0.380000,0.380000,0.380000,0.380000,0.000000,0.380000,0.000000,3.530399,3.530399,3.150399,3.150399,0.000000,horizon_mpc_secbf,12,3.186773,true,osqp,optimal,25,3.670479,0,3.513560,accept,false,0.000000,0.000000,0.000000,-0.000000,,,0.000000,0.000000,4.692528,0.000000
local_crowding,context_ext,SEESM w/o Feasibility-Preserving Update,95,9.500,2.200000,-0.350000,0.000000,-0.000000,-1.570090,-0.420000,2.890000,-0.060000,0.420000,child,crossing,distracted,,0.000000,1.000000,4.166773,3.566773,0.380000,0.380000,0.380000,0.380000,0.000000,0.380000,0.000000,3.566773,3.566773,3.186773,3.186773,0.000000,horizon_mpc_secbf,12,3.223261,true,osqp,optimal,25,4.807967,0,3.551084,accept,false,0.000000,0.000000,0.000000,-0.000000,,,0.000000,0.000000,4.692528,0.000000
local_crowding,context_ext,SEESM w/o Feasibility-Preserving Update,96,9.600,2.200000,-0.350000,0.000000,-0.000000,-1.570090,-0.426000,2.932000,-0.060000,0.420000,child,crossing,distracted,,0.000000,1.000000,4.203261,3.603261,0.380000,0.380000,0.380000,0.380000,0.000000,0.380000,0.000000,3.603261,3.603261,3.223261,3.223261,0.000000,horizon_mpc_secbf,12,3.259858,true,osqp,optimal,25,4.828050,0,3.588691,accept,false,0.000000,0.000000,0.000000,-0.000000,,,0.000000,0.000000,4.692528,0.000000
local_crowding,context_ext,SEESM w/o Feasibility-Preserving Update,97,9.700,2.200000,-0.350000,0.000000,-0.000000,-1.570090,-0.432000,2.974000,-0.060000,0.420000,child,crossing,distracted,,0.000000,1.000000,4.239858,3.639858,0.380000,0.380000,0.380000,0.380000,0.000000,0.380000,0.000000,3.639858,3.639858,3.259858,3.259858,0.000000,horizon_mpc_secbf,12,3.296564,true,osqp,optimal,25,3.586613,0,3.626380,accept,false,0.000000,0.000000,0.000000,-0.000000,,,0.000000,0.000000,4.692528,0.000000
local_crowding,context_ext,SEESM w/o Feasibility-Preserving Update,98,9.800,2.200000,-0.350000,0.000000,-0.000000,-1.570090,-0.438000,3.016000,-0.060000,0.420000,child,crossing,distracted,,0.000000,1.000000,4.276564,3.676564,0.380000,0.380000,0.380000,0.380000,0.000000,0.380000,0.000000,3.676564,3.676564,3.296564,3.296564,0.000000,horizon_mpc_secbf,12,3.333375,true,osqp,optimal,25,4.656873,0,3.664149,accept,false,0.000000,0.000000,0.000000,-0.000000,,,0.000000,0.000000,4.692528,0.000000
local_crowding,context_ext,SEESM w/o Feasibility-Preserving Update,99,9.900,2.200000,-0.350000,0.000000,-0.000000,-1.570090,-0.444000,3.058000,-0.060000,0.420000,child,crossing,distracted,,0.000000,1.000000,4.313375,3.713375,0.380000,0.380000,0.380000,0.380000,0.000000,0.380000,0.000000,3.713375,3.713375,3.333375,3.333375,0.000000,horizon_mpc_secbf,12,3.370287,true,osqp,optimal,25,4.816354,0,3.701995,accept,false,0.000000,0.000000,0.000000,-0.000000,,,0.000000,0.000000,4.692528,0.000000
local_crowding,context_ext,SEESM w/o Feasibility-Preserving Update,100,10.000,2.200000,-0.350000,0.000000,-0.000000,-1.570090,-0.450000,3.100000,-0.060000,0.420000,child,crossing,distracted,,0.000000,1.000000,4.350287,3.750287,0.380000,0.380000,0.380000,0.380000,0.000000,0.380000,0.000000,3.750287,3.750287,3.370287,3.370287,0.000000,horizon_mpc_secbf,12,3.407300,true,osqp,optimal,25,3.543618,0,3.739918,accept,false,0.000000,0.000000,0.000000,-0.000000,,,0.000000,0.000000,4.692528,0.000000
local_crowding,context_ext,SEESM w/o Feasibility-Preserving Update,101,10.100,2.200000,-0.350000,0.000000,-0.000000,-1.570090,-0.456000,3.142000,-0.060000,0.420000,child,crossing,distracted,,0.000000,1.000000,4.387300,3.787300,0.380000,0.380000,0.380000,0.380000,0.000000,0.380000,0.000000,3.787300,3.787300,3.407300,3.407300,0.000000,horizon_mpc_secbf,12,3.444410,true,osqp,optimal,25,3.411509,0,3.777915,accept,false,0.000000,0.000000,0.000000,-0.000000,,,0.000000,0.000000,4.692528,0.000000
local_crowding,context_ext,SEESM w/o Feasibility-Preserving Update,102,10.200,2.200000,-0.350000,0.000000,-0.000000,-1.570090,-0.462000,3.184000,-0.060000,0.420000,child,crossing,distracted,,0.000000,1.000000,4.424410,3.824410,0.380000,0.380000,0.380000,0.380000,0.000000,0.380000,0.000000,3.824410,3.824410,3.444410,3.444410,0.000000,horizon_mpc_secbf,12,3.481614,true,osqp,optimal,25,4.706678,0,3.815985,accept,false,0.000000,0.000000,0.000000,-0.000000,,,0.000000,0.000000,4.692528,0.000000
local_crowding,context_ext,SEESM w/o Feasibility-Preserving Update,103,10.300,2.200000,-0.350000,0.000000,-0.000000,-1.570090,-0.468000,3.226000,-0.060000,0.420000,child,crossing,distracted,,0.000000,1.000000,4.461614,3.861614,0.380000,0.380000,0.380000,0.380000,0.000000,0.380000,0.000000,3.861614,3.861614,3.481614,3.481614,0.000000,horizon_mpc_secbf,12,3.518911,true,osqp,optimal,25,3.339872,0,3.854125,accept,false,0.000000,0.000000,0.000000,-0.000000,,,0.000000,0.000000,4.692528,0.000000
local_crowding,context_ext,SEESM w/o Feasibility-Preserving Update,104,10.400,2.200000,-0.350000,0.000000,-0.000000,-1.570090,-0.474000,3.268000,-0.060000,0.420000,child,crossing,distracted,,0.000000,1.000000,4.498911,3.898911,0.380000,0.380000,0.380000,0.380000,0.000000,0.380000,0.000000,3.898911,3.898911,3.518911,3.518911,0.000000,horizon_mpc_secbf,12,3.556298,true,osqp,optimal,25,3.692508,0,3.892335,accept,false,0.000000,0.000000,0.000000,-0.000000,,,0.000000,0.000000,4.692528,0.000000
local_crowding,context_ext,SEESM w/o Feasibility-Preserving Update,105,10.500,2.200000,-0.350000,0.000000,-0.000000,-1.570090,-0.480000,3.310000,-0.060000,0.420000,child,crossing,distracted,,0.000000,1.000000,4.536298,3.936298,0.380000,0.380000,0.380000,0.380000,0.000000,0.380000,0.000000,3.936298,3.936298,3.556298,3.556298,0.000000,horizon_mpc_secbf,12,3.593773,true,osqp,optimal,25,3.581361,0,3.930612,accept,false,0.000000,0.000000,0.000000,-0.000000,,,0.000000,0.000000,4.692528,0.000000
local_crowding,context_ext,SEESM w/o Feasibility-Preserving Update,106,10.600,2.200000,-0.350000,0.000000,-0.000000,-1.570090,-0.486000,3.352000,-0.060000,0.420000,child,crossing,distracted,,0.000000,1.000000,4.573773,3.973773,0.380000,0.380000,0.380000,0.380000,0.000000,0.380000,0.000000,3.973773,3.973773,3.593773,3.593773,0.000000,horizon_mpc_secbf,12,3.631334,true,osqp,optimal,25,4.234350,0,3.968956,accept,false,0.000000,0.000000,0.000000,-0.000000,,,0.000000,0.000000,4.692528,0.000000
local_crowding,context_ext,SEESM w/o Feasibility-Preserving Update,107,10.700,2.200000,-0.350000,0.000000,-0.000000,-1.570090,-0.492000,3.394000,-0.060000,0.420000,child,crossing,distracted,,0.000000,1.000000,4.611334,4.011334,0.380000,0.380000,0.380000,0.380000,0.000000,0.380000,0.000000,4.011334,4.011334,3.631334,3.631334,0.000000,horizon_mpc_secbf,12,3.668978,true,osqp,optimal,25,3.526265,0,4.007364,accept,false,0.000000,0.000000,0.000000,-0.000000,,,0.000000,0.000000,4.692528,0.000000
local_crowding,context_ext,SEESM w/o Feasibility-Preserving Update,108,10.800,2.200000,-0.350000,0.000000,-0.000000,-1.570090,-0.498000,3.436000,-0.060000,0.420000,child,crossing,distracted,,0.000000,1.000000,4.648978,4.048978,0.380000,0.380000,0.380000,0.380000,0.000000,0.380000,0.000000,4.048978,4.048978,3.668978,3.668978,0.000000,horizon_mpc_secbf,12,3.706705,true,osqp,optimal,25,3.557443,0,4.045835,accept,false,0.000000,0.000000,0.000000,-0.000000,,,0.000000,0.000000,4.692528,0.000000
local_crowding,context_ext,SEESM w/o Feasibility-Preserving Update,109,10.900,2.200000,-0.350000,0.000000,-0.000000,-1.570090,-0.504000,3.478000,-0.060000,0.420000,child,crossing,distracted,,0.000000,1.000000,4.686705,4.086705,0.380000,0.380000,0.380000,0.380000,0.000000,0.380000,0.000000,4.086705,4.086705,3.706705,3.706705,0.000000,horizon_mpc_secbf,12,3.744511,true,osqp,optimal,25,3.491301,0,4.084369,accept,false,0.000000,0.000000,0.000000,-0.000000,,,0.000000,0.000000,4.692528,0.000000
local_crowding,context_ext,SEESM w/o Feasibility-Preserving Update,110,11.000,2.200000,-0.350000,0.000000,-0.000000,-1.570090,-0.510000,3.520000,-0.060000,0.420000,child,crossing,distracted,,0.000000,1.000000,4.724511,4.124511,0.380000,0.380000,0.380000,0.380000,0.000000,0.380000,0.000000,4.124511,4.124511,3.744511,3.744511,0.000000,horizon_mpc_secbf,12,3.782394,true,osqp,optimal,25,4.716865,0,4.122962,accept,false,0.000000,0.000000,0.000000,-0.000000,,,0.000000,0.000000,4.692528,0.000000
local_crowding,context_ext,SEESM w/o Feasibility-Preserving Update,111,11.100,2.200000,-0.350000,0.000000,-0.000000,-1.570090,-0.516000,3.562000,-0.060000,0.420000,child,crossing,distracted,,0.000000,1.000000,4.762394,4.162394,0.380000,0.380000,0.380000,0.380000,0.000000,0.380000,0.000000,4.162394,4.162394,3.782394,3.782394,0.000000,horizon_mpc_secbf,12,3.820354,true,osqp,optimal,25,4.883010,0,4.161615,accept,false,0.000000,0.000000,0.000000,-0.000000,,,0.000000,0.000000,4.692528,0.000000
local_crowding,context_ext,SEESM w/o Feasibility-Preserving Update,112,11.200,2.200000,-0.350000,0.000000,-0.000000,-1.570090,-0.522000,3.604000,-0.060000,0.420000,child,crossing,distracted,,0.000000,1.000000,4.800354,4.200354,0.380000,0.380000,0.380000,0.380000,0.000000,0.380000,0.000000,4.200354,4.200354,3.820354,3.820354,0.000000,horizon_mpc_secbf,12,3.858388,true,osqp,optimal,25,3.493728,0,4.200326,accept,false,0.000000,0.000000,0.000000,-0.000000,,,0.000000,0.000000,4.692528,0.000000
local_crowding,context_ext,SEESM w/o Feasibility-Preserving Update,113,11.300,2.200000,-0.350000,0.000000,-0.000000,-1.570090,-0.528000,3.646000,-0.060000,0.420000,child,crossing,distracted,,0.000000,1.000000,4.838388,4.238388,0.380000,0.380000,0.380000,0.380000,0.000000,0.380000,0.000000,4.238388,4.238388,3.858388,3.858388,0.000000,horizon_mpc_secbf,12,3.896495,true,osqp,optimal,25,3.686565,0,4.239093,accept,false,0.000000,0.000000,0.000000,-0.000000,,,0.000000,0.000000,4.692528,0.000000
local_crowding,context_ext,SEESM w/o Feasibility-Preserving Update,114,11.400,2.200000,-0.350000,0.000000,-0.000000,-1.570090,-0.534000,3.688000,-0.060000,0.420000,child,crossing,distracted,,0.000000,1.000000,4.876495,4.276495,0.380000,0.380000,0.380000,0.380000,0.000000,0.380000,0.000000,4.276495,4.276495,3.896495,3.896495,0.000000,horizon_mpc_secbf,12,3.934672,true,osqp,optimal,25,4.732162,0,4.277916,accept,false,0.000000,0.000000,0.000000,-0.000000,,,0.000000,0.000000,4.692528,0.000000
local_crowding,context_ext,SEESM w/o Feasibility-Preserving Update,115,11.500,2.200000,-0.350000,0.000000,-0.000000,-1.570090,-0.540000,3.730000,-0.060000,0.420000,child,crossing,distracted,,0.000000,1.000000,4.914672,4.314672,0.380000,0.380000,0.380000,0.380000,0.000000,0.380000,0.000000,4.314672,4.314672,3.934672,3.934672,0.000000,horizon_mpc_secbf,12,3.972918,true,osqp,optimal,25,3.565272,0,4.316793,accept,false,0.000000,0.000000,0.000000,-0.000000,,,0.000000,0.000000,4.692528,0.000000
local_crowding,context_ext,SEESM w/o Feasibility-Preserving Update,116,11.600,2.200000,-0.350000,0.000000,-0.000000,-1.570090,-0.546000,3.772000,-0.060000,0.420000,child,crossing,distracted,,0.000000,1.000000,4.952918,4.352918,0.380000,0.380000,0.380000,0.380000,0.000000,0.380000,0.000000,4.352918,4.352918,3.972918,3.972918,0.000000,horizon_mpc_secbf,12,4.011232,true,osqp,optimal,25,3.293601,0,4.355723,accept,false,0.000000,0.000000,0.000000,-0.000000,,,0.000000,0.000000,4.692528,0.000000
local_crowding,context_ext,SEESM w/o Feasibility-Preserving Update,117,11.700,2.200000,-0.350000,0.000000,-0.000000,-1.570090,-0.552000,3.814000,-0.060000,0.420000,child,crossing,distracted,,0.000000,1.000000,4.991232,4.391232,0.380000,0.380000,0.380000,0.380000,0.000000,0.380000,0.000000,4.391232,4.391232,4.011232,4.011232,0.000000,horizon_mpc_secbf,12,4.049612,true,osqp,optimal,25,3.661501,0,4.394705,accept,false,0.000000,0.000000,0.000000,-0.000000,,,0.000000,0.000000,4.692528,0.000000
local_crowding,context_ext,SEESM w/o Feasibility-Preserving Update,118,11.800,2.200000,-0.350000,0.000000,-0.000000,-1.570090,-0.558000,3.856000,-0.060000,0.420000,child,crossing,distracted,,0.000000,1.000000,5.029612,4.429612,0.380000,0.380000,0.380000,0.380000,0.000000,0.380000,0.000000,4.429612,4.429612,4.049612,4.049612,0.000000,horizon_mpc_secbf,12,4.088057,true,osqp,optimal,25,4.287103,0,4.433737,accept,false,0.000000,0.000000,0.000000,-0.000000,,,0.000000,0.000000,4.692528,0.000000
local_crowding,context_ext,SEESM w/o Feasibility-Preserving Update,119,11.900,2.200000,-0.350000,0.000000,-0.000000,-1.570090,-0.564000,3.898000,-0.060000,0.420000,child,crossing,distracted,,0.000000,1.000000,5.068057,4.468057,0.380000,0.380000,0.380000,0.380000,0.000000,0.380000,0.000000,4.468057,4.468057,4.088057,4.088057,0.000000,horizon_mpc_secbf,12,4.126564,true,osqp,optimal,25,3.542975,0,4.472820,accept,false,0.000000,0.000000,0.000000,-0.000000,,,0.000000,0.000000,4.692528,0.000000
local_crowding,context_ext,Proposed MPC-SECBF,0,0.000,-2.200000,-0.350000,0.000000,0.000000,0.000000,0.150000,-1.100000,-0.060000,0.420000,pedestrian,walking,unknown,10.098536,1.000000,1.000000,2.466779,1.866779,0.279000,0.050000,0.279000,0.050000,0.153124,0.203124,0.050000,1.866779,1.713655,1.663655,1.663655,0.000000,horizon_mpc_secbf,12,0.631575,true,osqp,optimal,175,4.239093,0,0.887182,accept,false,0.750000,0.000000,0.621016,0.000000,,,0.621016,0.621016,0.062102,4.400000
local_crowding,context_ext,Proposed MPC-SECBF,1,0.100,-2.137898,-0.350000,0.621016,0.000000,0.000000,0.144000,-1.058000,-0.060000,0.420000,pedestrian,walking,unknown,2.308992,1.000000,1.000000,2.389210,1.789210,0.319584,0.100000,0.319584,0.100000,0.762628,0.862628,0.050000,1.789210,1.026582,0.926582,0.926582,0.000106,horizon_mpc_secbf,12,-0.000106,true,osqp,optimal,50,3.559519,0,0.136575,accept,false,0.750000,-0.000000,0.641958,0.016118,,,0.642160,0.026426,0.126318,4.337898
local_crowding,context_ext,Proposed MPC-SECBF,2,0.200,-2.073703,-0.348388,0.641958,0.016118,0.025102,0.138000,-1.016000,-0.060000,0.420000,pedestrian,walking,unknown,2.168403,1.000000,1.000000,2.310267,1.710267,0.320000,0.150000,0.320000,0.150000,0.777660,0.927660,0.050000,1.710267,0.932607,0.782607,0.782607,0.000223,horizon_mpc_secbf,12,-0.000222,true,osqp,optimal,50,5.023406,0,0.087520,accept,false,0.750000,-0.000283,0.549918,0.034457,,,0.550997,0.093849,0.181417,4.273703
local_crowding,context_ext,Proposed MPC-SECBF,3,0.300,-2.018711,-0.344943,0.549918,0.034457,0.062576,0.132000,-0.974000,-0.060000,0.420000,pedestrian,walking,unknown,2.365574,1.000000,1.000000,2.240819,1.640819,0.318226,0.200000,0.318226,0.200000,0.680902,0.880902,0.050000,1.640819,0.959917,0.759917,0.759917,0.000235,horizon_mpc_secbf,12,-0.000234,true,osqp,optimal,50,3.821930,0,0.092208,accept,false,0.749999,-0.000899,0.523710,0.036333,,,0.524969,0.026275,0.233914,4.218714
local_crowding,context_ext,Proposed MPC-SECBF,4,0.400,-1.966340,-0.341309,0.523710,0.036333,0.069264,0.126000,-0.932000,-0.060000,0.420000,pedestrian,walking,unknown,2.363570,1.000000,1.000000,2.174121,1.574121,0.318274,0.200000,0.318274,0.200000,0.651353,0.851353,0.000000,1.574121,0.922768,0.722768,0.722768,0.000260,horizon_mpc_secbf,12,-0.000259,true,osqp,optimal,50,3.990105,0,0.081776,fallback,true,0.749998,-0.001564,0.498048,0.036497,,,0.499383,0.025663,0.283853,4.166349
local_crowding,context_ext,Proposed MPC-SECBF,5,0.500,-1.916535,-0.337660,0.498048,0.036497,0.073149,0.120000,-0.890000,-0.060000,0.420000,pedestrian,walking,unknown,2.363324,1.000000,1.000000,2.110108,1.510108,0.318280,0.200000,0.318280,0.200000,0.622012,0.822012,0.000000,1.510108,0.888096,0.688096,0.688096,0.000283,horizon_mpc_secbf,12,-0.000282,true,osqp,optimal,50,3.435224,0,0.071949,fallback,true,0.749997,-0.002248,0.474337,0.035206,,,0.475642,0.023746,0.331417,4.116553
local_crowding,context_ext,Proposed MPC-SECBF,6,0.600,-1.869101,-0.334139,0.474337,0.035206,0.074085,0.114000,-0.848000,-0.060000,0.420000,pedestrian,walking,unknown,2.360143,1.000000,1.000000,2.048596,1.448596,0.318357,0.200000,0.318357,0.200000,0.594094,0.794094,0.000000,1.448596,0.854502,0.654502,0.654502,0.000305,horizon_mpc_secbf,12,-0.000304,true,osqp,optimal,50,4.611758,0,0.062181,fallback,true,0.749994,-0.002923,0.451812,0.032588,,,0.452985,0.022677,0.376715,4.069132
local_crowding,context_ext,Proposed MPC-SECBF,7,0.700,-1.823920,-0.330880,0.451812,0.032588,0.072003,0.108000,-0.806000,-0.060000,0.420000,pedestrian,walking,unknown,2.356969,1.000000,1.000000,1.989486,1.389486,0.318433,0.200000,0.318433,0.200000,0.566671,0.766671,0.000000,1.389486,0.822814,0.622814,0.622814,0.000325,horizon_mpc_secbf,12,-0.000325,true,osqp,optimal,50,3.714157,0,0.052907,fallback,true,0.749992,-0.003564,0.430979,0.028651,,,0.431930,0.021201,0.419908,4.023966
local_crowding,context_ext,Proposed MPC-SECBF,8,0.800,-1.780822,-0.328015,0.430979,0.028651,0.066382,0.102000,-0.764000,-0.060000,0.420000,pedestrian,walking,unknown,2.351968,1.000000,1.000000,1.932641,1.332641,0.318553,0.200000,0.318553,0.200000,0.540082,0.740082,0.000000,1.332641,0.792559,0.592559,0.592559,0.000343,horizon_mpc_secbf,12,-0.000343,true,osqp,optimal,50,5.296443,0,0.044219,fallback,true,0.749989,-0.004142,0.411630,0.024544,,,0.412361,0.019780,0.461144,3.980883
local_crowding,context_ext,Proposed MPC-SECBF,9,0.900,-1.739659,-0.325561,0.411630,0.024544,0.059557,0.096000,-0.722000,-0.060000,0.420000,child,crossing,distracted,2.347150,1.000000,1.000000,1.877980,1.277980,0.697973,0.200000,0.697973,0.200000,0.513950,0.713950,0.000000,1.277980,0.764030,0.564030,0.564030,0.000360,horizon_mpc_secbf,12,-0.000360,true,osqp,optimal,50,5.349163,0,0.036436,fallback,true,0.749986,-0.004652,0.393946,0.020955,,,0.394503,0.018044,0.500595,3.939735
local_crowding,context_ext,Proposed MPC-SECBF,10,1.000,-1.700265,-0.323465,0.393946,0.020955,0.053143,0.090000,-0.680000,-0.060000,0.420000,child,crossing,distracted,2.342421,1.000000,1.000000,1.825422,1.225422,0.698239,0.200000,0.698239,0.200000,0.488427,0.688427,0.000000,1.225422,0.736994,0.536994,0.536994,0.000375,horizon_mpc_secbf,12,-0.000375,true,osqp,optimal,50,5.073172,0,0.030576,fallback,true,0.749983,-0.005102,0.377843,0.023807,,,0.378593,0.016353,0.538454,3.900355
local_crowding,context_ext,Proposed MPC-SECBF,11,1.100,-1.662480,-0.321084,0.377843,0.023807,0.062926,0.084000,-0.638000,-0.060000,0.420000,child,crossing,distracted,2.342759,1.000000,1.000000,1.775001,1.175001,0.698220,0.200000,0.698220,0.200000,0.463965,0.663965,0.000000,1.175001,0.711036,0.511036,0.511036,0.000389,horizon_mpc_secbf,12,-0.000390,true,osqp,optimal,50,4.754936,0,0.024769,fallback,true,0.749979,-0.005615,0.362959,0.025176,,,0.363831,0.014947,0.574837,3.862589
local_crowding,context_ext,Proposed MPC-SECBF,12,1.200,-1.626184,-0.318567,0.362959,0.025176,0.069253,0.078000,-0.596000,-0.060000,0.420000,child,crossing,distracted,2.342712,1.000000,1.000000,1.726619,1.126619,0.698222,0.200000,0.698222,0.200000,0.440027,0.640027,0.000000,1.126619,0.686592,0.486592,0.486592,0.000402,horizon_mpc_secbf,12,-0.000402,true,osqp,optimal,50,5.337333,0,0.018775,fallback,true,0.749975,-0.006161,0.349840,0.023534,,,0.350631,0.013222,0.609900,3.826313
local_crowding,context_ext,Proposed MPC-SECBF,13,1.300,-1.591200,-0.316213,0.349840,0.023534,0.067169,0.072000,-0.554000,-0.060000,0.420000,child,crossing,distracted,2.338784,1.000000,1.000000,1.680112,1.080112,0.698443,0.200000,0.698443,0.200000,0.416747,0.616747,0.000000,1.080112,0.663365,0.463365,0.463365,0.000413,horizon_mpc_secbf,12,-0.000413,true,osqp,optimal,50,5.101063,0,0.012181,fallback,true,0.749970,-0.006684,0.338782,0.018467,,,0.339285,0.012164,0.643829,3.791351
local_crowding,context_ext,Proposed MPC-SECBF,14,1.400,-1.557322,-0.314367,0.338782,0.018467,0.054455,0.066000,-0.512000,-0.060000,0.420000,child,crossing,distracted,2.329751,1.000000,1.000000,1.635308,1.035308,0.698952,0.200000,0.698952,0.200000,0.393909,0.593909,0.000000,1.035308,0.641400,0.441400,0.441400,0.000422,horizon_mpc_secbf,12,-0.000422,true,osqp,optimal,50,4.965841,0,0.004701,fallback,true,0.749966,-0.007112,0.330408,0.009793,,,0.330553,0.012056,0.676884,3.757491
local_crowding,context_ext,Proposed MPC-SECBF,15,1.500,-1.524281,-0.313387,0.330408,0.009793,0.029632,0.060000,-0.470000,-0.060000,0.420000,child,crossing,distracted,2.313072,1.000000,1.000000,1.592003,0.992003,0.699890,0.200000,0.699890,0.200000,0.371494,0.571494,0.000000,0.992003,0.620509,0.420509,0.420509,0.000430,horizon_mpc_secbf,12,-0.000430,true,osqp,optimal,50,5.342858,0,-0.004141,fallback,true,0.749964,-0.007373,0.325381,-0.002550,,,0.325391,0.013328,0.709423,3.724461
local_crowding,context_ext,Proposed MPC-SECBF,16,1.600,-1.491743,-0.313642,0.325381,-0.002550,-0.007837,0.054000,-0.428000,-0.060000,0.420000,child,crossing,distracted,2.286290,1.000000,1.000000,1.549968,0.949968,0.701396,0.200000,0.701396,0.200000,0.349374,0.549374,0.000000,0.949968,0.600593,0.400593,0.400593,0.000435,horizon_mpc_secbf,12,-0.000434,true,osqp,optimal,50,5.275786,0,-0.014866,fallback,true,0.749964,-0.007386,0.324593,-0.018444,,,0.325117,0.015913,0.741935,3.691922
local_crowding,context_ext,Proposed MPC-SECBF,17,1.700,-1.459284,-0.315487,0.324593,-0.018444,-0.056760,0.048000,-0.386000,-0.060000,0.420000,child,crossing,distracted,2.246154,1.000000,1.000000,1.508932,0.908932,0.703654,0.200000,0.703654,0.200000,0.327489,0.527489,0.000000,0.908932,0.581443,0.381443,0.381443,0.000437,horizon_mpc_secbf,12,-0.000437,true,osqp,optimal,50,5.056548,0,-0.028132,fallback,true,0.749967,-0.007073,0.329058,-0.037488,,,0.331187,0.019560,0.775053,3.659447
local_crowding,context_ext,Proposed MPC-SECBF,18,1.800,-1.426378,-0.319235,0.329058,-0.037488,-0.113435,0.042000,-0.344000,-0.060000,0.420000,child,crossing,distracted,2.189435,1.000000,1.000000,1.468587,0.868587,0.706844,0.200000,0.706844,0.200000,0.305754,0.505754,0.000000,0.868587,0.562833,0.362833,0.362833,0.000436,horizon_mpc_secbf,12,-0.000436,true,osqp,optimal,50,5.449583,0,-0.044648,fallback,true,0.749973,-0.006362,0.339899,-0.058855,,,0.344957,0.023960,0.809549,3.626509
local_crowding,context_ext,Proposed MPC-SECBF,19,1.900,-1.392388,-0.325121,0.339899,-0.058855,-0.171453,0.036000,-0.302000,-0.060000,0.420000,child,crossing,distracted,2.113193,1.000000,1.000000,1.428575,0.828575,0.711133,0.200000,0.711133,0.200000,0.284124,0.484124,0.000000,0.828575,0.544452,0.344452,0.344452,0.000113,horizon_mpc_secbf,12,-0.000048,true,osqp,optimal,50,5.320800,0,-0.271650,fallback,true,0.749982,-0.005194,0.566594,-0.216247,,,0.606458,0.275977,0.870195,3.592474
local_crowding,context_ext,Proposed MPC-SECBF,20,2.000,-1.335729,-0.346746,0.566594,-0.216247,-0.364597,0.030000,-0.260000,-0.060000,0.420000,child,crossing,distracted,1.313635,1.000000,1.000000,1.368481,0.768481,0.750000,0.200000,0.750000,0.200000,0.334538,0.534538,0.000000,0.768481,0.433943,0.233943,0.233943,0.000117,horizon_mpc_secbf,12,-0.000078,true,osqp,optimal,75,5.099246,0,-0.334013,fallback,true,0.750000,-0.000690,0.554331,-0.290287,,,0.625740,0.075049,0.932769,3.535730
local_crowding,context_ext,Proposed MPC-SECBF,21,2.100,-1.280296,-0.375774,0.554331,-0.290287,-0.482405,0.024000,-0.218000,-0.060000,0.420000,child,crossing,distracted,1.360695,1.000000,1.000000,1.313804,0.713804,0.750000,0.200000,0.750000,0.200000,0.204939,0.404939,0.000000,0.713804,0.508865,0.308865,0.308865,0.000053,horizon_mpc_secbf,12,-0.000053,true,osqp,optimal,50,4.342344,0,-0.331526,fallback,true,0.749979,0.005554,0.662188,-0.217161,,,0.696887,0.130309,1.002457,3.480391
local_crowding,context_ext,Proposed MPC-SECBF,22,2.200,-1.214077,-0.397490,0.662188,-0.217161,-0.316893,0.018000,-0.176000,-0.060000,0.420000,child,crossing,distracted,1.089906,1.000000,1.000000,1.251827,0.651827,0.750000,0.200000,0.750000,0.200000,0.253194,0.453194,0.000000,0.651827,0.398633,0.198633,0.198633,0.000128,horizon_mpc_secbf,12,-0.000127,true,osqp,optimal,50,4.727910,0,-0.361003,fallback,true,0.749927,0.010432,0.630916,-0.259644,,,0.682254,0.052751,1.070683,3.414407
local_crowding,context_ext,Proposed MPC-SECBF,23,2.300,-1.150985,-0.423455,0.630916,-0.259644,-0.390410,0.012000,-0.134000,-0.060000,0.420000,child,crossing,distracted,1.182004,1.000000,1.000000,1.198465,0.598465,0.750000,0.200000,0.750000,0.200000,0.120504,0.320504,0.000000,0.598465,0.477961,0.277961,0.277961,0.000000,horizon_mpc_secbf,12,0.037715,true,osqp,optimal,100,3.933961,0,-0.326623,fallback,true,0.749820,0.016436,0.713145,-0.183147,,,0.736287,0.112309,1.144312,3.351790
local_crowding,context_ext,Proposed MPC-SECBF,24,2.400,-1.079671,-0.441769,0.713145,-0.183147,-0.251383,0.006000,-0.092000,-0.060000,0.420000,child,crossing,distracted,0.981266,1.000000,1.000000,1.140622,0.540622,0.750000,0.200000,0.750000,0.200000,0.137766,0.337766,0.000000,0.540622,0.402857,0.202857,0.202857,0.000000,horizon_mpc_secbf,12,0.016228,true,osqp,optimal,75,3.724205,0,-0.359678,fallback,true,0.749707,0.020978,0.723141,-0.176373,,,0.744339,0.012074,1.218745,3.280954
local_crowding,context_ext,Proposed MPC-SECBF,25,2.500,-1.007357,-0.459407,0.723141,-0.176373,-0.239228,0.000000,-0.050000,-0.060000,0.420000,child,crossing,distracted,0.972858,1.000000,1.000000,1.087374,0.487374,0.750000,0.200000,0.750000,0.200000,0.056905,0.256905,0.000000,0.487374,0.430469,0.230469,0.230469,0.000000,horizon_mpc_secbf,12,0.093578,true,osqp,optimal,75,4.679346,0,-0.267403,fallback,true,0.749564,0.025569,0.721452,-0.180449,,,0.743676,0.004412,1.293113,3.209222
local_crowding,context_ext,Proposed MPC-SECBF,26,2.600,-0.935212,-0.477452,0.721452,-0.180449,-0.245091,-0.006000,-0.008000,-0.060000,0.420000,child,crossing,distracted,1.033601,1.000000,1.000000,1.041066,0.441066,0.750000,0.200000,0.750000,0.200000,0.000000,0.200000,0.000000,0.441066,0.480056,0.280056,0.241066,0.000000,horizon_mpc_secbf,12,0.147462,true,osqp,optimal,50,3.548814,0,-0.181939,fallback,true,0.749381,0.030464,0.719573,-0.184985,,,0.742970,0.004910,1.367410,3.137801
local_crowding,context_ext,Proposed MPC-SECBF,27,2.700,-0.863254,-0.495950,0.719573,-0.184985,-0.251628,-0.012000,0.034000,-0.060000,0.420000,child,crossing,distracted,1.177364,1.000000,1.000000,1.002737,0.402737,0.750000,0.200000,0.750000,0.200000,0.000000,0.200000,0.000000,0.402737,0.537197,0.337197,0.202737,0.000000,horizon_mpc_secbf,12,0.145043,true,osqp,optimal,75,4.824691,0,-0.137053,fallback,true,0.749150,0.035694,0.718501,-0.187572,,,0.742581,0.002800,1.441668,3.066729
local_crowding,context_ext,Proposed MPC-SECBF,28,2.800,-0.791404,-0.514707,0.718501,-0.187572,-0.255361,-0.018000,0.076000,-0.060000,0.420000,child,crossing,distracted,1.493339,1.000000,1.000000,0.973185,0.373185,0.746000,0.200000,0.746000,0.200000,0.000000,0.200000,0.000000,0.373185,0.598290,0.398290,0.173185,0.000000,horizon_mpc_secbf,12,0.143367,true,osqp,optimal,75,5.347533,0,-0.076592,fallback,true,0.748866,0.041233,0.718447,-0.187703,,,0.742562,0.000142,1.515924,2.995935
local_crowding,context_ext,Proposed MPC-SECBF,29,2.900,-0.719559,-0.533478,0.718447,-0.187703,-0.255550,-0.024000,0.118000,-0.060000,0.420000,child,crossing,distracted,2.311358,1.000000,1.000000,0.953009,0.353009,0.699986,0.200000,0.699986,0.200000,0.000000,0.200000,0.000000,0.353009,0.661906,0.461906,0.153009,0.000000,horizon_mpc_secbf,12,0.142549,true,osqp,optimal,75,5.159064,0,-0.002118,fallback,true,0.748523,0.047040,0.719455,-0.185270,,,0.742927,0.002634,1.590217,2.925319
local_crowding,context_ext,Proposed MPC-SECBF,30,3.000,-0.647614,-0.552005,0.719455,-0.185270,-0.252038,-0.030000,0.160000,-0.060000,0.420000,child,crossing,distracted,6.400137,1.000000,1.000000,0.942549,0.342549,0.605000,0.200000,0.605000,0.200000,0.000000,0.200000,0.000000,0.342549,0.727179,0.527179,0.142549,0.000000,horizon_mpc_secbf,12,0.141837,true,osqp,optimal,75,5.064069,0,0.083916,fallback,true,0.748120,0.053070,0.721516,-0.180293,,,0.743701,0.005387,1.664587,2.854770
local_crowding,context_ext,Proposed MPC-SECBF,31,3.100,-0.575462,-0.570034,0.721516,-0.180293,-0.244867,-0.036000,0.202000,-0.060000,0.420000,child,crossing,distracted,,0.000000,1.000000,0.941837,0.341837,0.380000,0.200000,0.380000,0.200000,0.000000,0.200000,0.000000,0.341837,0.341837,0.141837,0.141837,0.000000,horizon_mpc_secbf,12,0.150589,true,osqp,optimal,75,5.319124,0,0.178431,fallback,true,0.747654,0.059273,0.724588,-0.172878,,,0.744926,0.008027,1.739080,2.784171
local_crowding,context_ext,Proposed MPC-SECBF,32,3.200,-0.503004,-0.587322,0.724588,-0.172878,-0.234209,-0.042000,0.244000,-0.060000,0.420000,child,crossing,distracted,,0.000000,1.000000,0.950589,0.350589,0.380000,0.200000,0.380000,0.200000,0.000000,0.200000,0.000000,0.350589,0.350589,0.150589,0.150589,0.000000,horizon_mpc_secbf,12,0.168243,true,osqp,optimal,75,5.465129,0,0.278169,fallback,true,0.747126,0.065597,0.728599,-0.163195,,,0.746652,0.010481,1.813745,2.713402
local_crowding,context_ext,Proposed MPC-SECBF,33,3.300,-0.430144,-0.603641,0.728599,-0.163195,-0.220348,-0.048000,0.286000,-0.060000,0.420000,child,crossing,distracted,,0.000000,1.000000,0.968243,0.368243,0.380000,0.200000,0.380000,0.200000,0.000000,0.200000,0.000000,0.368243,0.368243,0.168243,0.168243,0.000000,horizon_mpc_secbf,12,0.194030,true,osqp,optimal,75,3.684502,0,0.380167,fallback,true,0.746537,0.071993,0.733456,-0.151475,,,0.748934,0.012686,1.888638,2.642346
local_crowding,context_ext,Proposed MPC-SECBF,34,3.400,-0.356798,-0.618789,0.733456,-0.151475,-0.203660,-0.054000,0.328000,-0.060000,0.420000,child,crossing,distracted,,0.000000,1.000000,0.994030,0.394030,0.380000,0.200000,0.380000,0.200000,0.000000,0.200000,0.000000,0.394030,0.394030,0.194030,0.194030,0.000000,horizon_mpc_secbf,12,0.227059,true,osqp,optimal,75,3.671726,0,0.482349,fallback,true,0.745890,0.078413,0.735591,-0.137148,,,0.748267,0.014486,1.963465,2.570888
local_crowding,context_ext,Proposed MPC-SECBF,35,3.500,-0.283239,-0.632504,0.735591,-0.137148,-0.184330,-0.060000,0.370000,-0.060000,0.420000,child,crossing,distracted,,0.000000,1.000000,1.027059,0.427059,0.380000,0.200000,0.380000,0.200000,0.000000,0.200000,0.000000,0.427059,0.427059,0.227059,0.227059,0.000000,horizon_mpc_secbf,12,0.266307,true,osqp,optimal,75,4.803357,0,0.581995,fallback,true,0.745193,0.084776,0.735591,-0.120794,,,0.745443,0.016354,2.038009,2.499257
local_crowding,context_ext,Proposed MPC-SECBF,36,3.600,-0.209680,-0.644583,0.735591,-0.120794,-0.162761,-0.066000,0.412000,-0.060000,0.420000,child,crossing,distracted,,0.000000,1.000000,1.066307,0.466307,0.380000,0.200000,0.380000,0.200000,0.000000,0.200000,0.000000,0.466307,0.466307,0.266307,0.266307,0.000000,horizon_mpc_secbf,12,0.310729,true,osqp,optimal,75,3.693714,0,0.677271,fallback,true,0.744458,0.091010,0.735591,-0.102935,,,0.742758,0.017859,2.112285,2.427620
local_crowding,context_ext,Proposed MPC-SECBF,37,3.700,-0.136121,-0.654876,0.735591,-0.102935,-0.139032,-0.072000,0.454000,-0.060000,0.420000,child,crossing,distracted,,0.000000,1.000000,1.110729,0.510729,0.380000,0.200000,0.380000,0.200000,0.000000,0.200000,0.000000,0.510729,0.510729,0.310729,0.310729,0.000000,horizon_mpc_secbf,12,0.359369,true,osqp,optimal,75,3.729429,0,0.767861,fallback,true,0.743694,0.097056,0.735591,-0.083901,,,0.740360,0.019034,2.186321,2.355931
local_crowding,context_ext,Proposed MPC-SECBF,38,3.800,-0.062562,-0.663267,0.735591,-0.083901,-0.113569,-0.078000,0.496000,-0.060000,0.420000,child,crossing,distracted,,0.000000,1.000000,1.159369,0.559369,0.380000,0.200000,0.380000,0.200000,0.000000,0.200000,0.000000,0.559369,0.559369,0.359369,0.359369,0.000000,horizon_mpc_secbf,12,0.411394,true,osqp,optimal,75,3.809310,0,0.853891,fallback,true,0.742913,0.102861,0.735591,-0.063971,,,0.738367,0.019930,2.260158,2.284146
local_crowding,context_ext,Proposed MPC-SECBF,39,3.900,0.010997,-0.669664,0.735591,-0.063971,-0.086747,-0.084000,0.538000,-0.060000,0.420000,child,crossing,distracted,,0.000000,1.000000,1.211394,0.611394,0.380000,0.200000,0.380000,0.200000,0.000000,0.200000,0.000000,0.611394,0.611394,0.411394,0.411394,0.000000,horizon_mpc_secbf,12,0.466094,true,osqp,optimal,75,4.605107,0,0.935752,fallback,true,0.742129,0.108374,0.735590,-0.043395,,,0.736869,0.020576,2.333845,2.212220
local_crowding,context_ext,Proposed MPC-SECBF,40,4.000,0.084556,-0.674003,0.735590,-0.043395,-0.058925,-0.090000,0.580000,-0.060000,0.420000,child,crossing,distracted,,0.000000,1.000000,1.266094,0.666094,0.380000,0.200000,0.380000,0.200000,0.000000,0.200000,0.000000,0.666094,0.666094,0.466094,0.466094,0.000000,horizon_mpc_secbf,12,0.522880,true,osqp,optimal,75,3.844646,0,1.013958,fallback,true,0.741355,0.113547,0.735589,-0.022401,,,0.735930,0.020994,2.407438,2.140112
local_crowding,context_ext,Proposed MPC-SECBF,41,4.100,0.158115,-0.676243,0.735589,-0.022401,-0.030444,-0.096000,0.622000,-0.060000,0.420000,child,crossing,distracted,,0.000000,1.000000,1.322880,0.722880,0.380000,0.200000,0.380000,0.200000,0.000000,0.200000,0.000000,0.722880,0.722880,0.522880,0.522880,0.000000,horizon_mpc_secbf,12,0.581271,true,osqp,optimal,75,3.779430,0,1.089055,fallback,true,0.740606,0.118331,0.735588,-0.001193,,,0.735589,0.021208,2.480997,2.067783
local_crowding,context_ext,Proposed MPC-SECBF,42,4.200,0.231674,-0.676363,0.735588,-0.001193,-0.001622,-0.102000,0.664000,-0.060000,0.420000,child,crossing,distracted,,0.000000,1.000000,1.381271,0.781271,0.380000,0.200000,0.380000,0.200000,0.000000,0.200000,0.000000,0.781271,0.781271,0.581271,0.581271,0.000000,horizon_mpc_secbf,12,0.640885,true,osqp,optimal,75,3.768225,0,1.161571,fallback,true,0.739898,0.122680,0.735587,0.020045,,,0.735860,0.021238,2.554583,1.995199
local_crowding,context_ext,Proposed MPC-SECBF,43,4.300,0.305233,-0.674358,0.735587,0.020045,0.027244,-0.108000,0.706000,-0.060000,0.420000,child,crossing,distracted,,0.000000,1.000000,1.440885,0.840885,0.380000,0.200000,0.380000,0.200000,0.000000,0.200000,0.000000,0.840885,0.840885,0.640885,0.640885,0.000000,horizon_mpc_secbf,12,0.701417,true,osqp,optimal,100,5.132244,0,1.231978,fallback,true,0.739247,0.126549,0.735589,0.041161,,,0.736740,0.021116,2.628257,1.922330
local_crowding,context_ext,Proposed MPC-SECBF,44,4.400,0.378792,-0.670242,0.735589,0.041161,0.055898,-0.114000,0.748000,-0.060000,0.420000,child,crossing,distracted,,0.000000,1.000000,1.501417,0.901417,0.380000,0.200000,0.380000,0.200000,0.000000,0.200000,0.000000,0.901417,0.901417,0.701417,0.701417,0.000000,horizon_mpc_secbf,12,0.762635,true,osqp,optimal,100,4.769524,0,1.300724,fallback,true,0.738667,0.129888,0.735589,0.061986,,,0.738196,0.020825,2.702076,1.849150
local_crowding,context_ext,Proposed MPC-SECBF,45,4.500,0.452351,-0.664043,0.735589,0.061986,0.084069,-0.120000,0.790000,-0.060000,0.420000,child,crossing,distracted,,0.000000,1.000000,1.562635,0.962635,0.380000,0.200000,0.380000,0.200000,0.000000,0.200000,0.000000,0.962635,0.962635,0.762635,0.762635,0.000000,horizon_mpc_secbf,12,0.824362,true,osqp,optimal,100,3.841368,0,1.368197,fallback,true,0.738177,0.132646,0.735588,0.082378,,,0.740187,0.020392,2.776095,1.775641
local_crowding,context_ext,Proposed MPC-SECBF,46,4.600,0.525909,-0.655806,0.735588,0.082378,0.111525,-0.126000,0.832000,-0.060000,0.420000,child,crossing,distracted,,0.000000,1.000000,1.624362,1.024362,0.380000,0.200000,0.380000,0.200000,0.000000,0.200000,0.000000,1.024362,1.024362,0.824362,0.824362,0.000000,horizon_mpc_secbf,12,0.886478,true,osqp,optimal,100,4.357249,0,1.434811,fallback,true,0.737792,0.134772,0.735587,0.102122,,,0.742642,0.019744,2.850359,1.701792
local_crowding,context_ext,Proposed MPC-SECBF,47,4.700,0.599468,-0.645593,0.735587,0.102122,0.137949,-0.132000,0.874000,-0.060000,0.420000,child,crossing,distracted,,0.000000,1.000000,1.686478,1.086478,0.380000,0.200000,0.380000,0.200000,0.000000,0.200000,0.000000,1.086478,1.086478,0.886478,0.886478,0.000000,horizon_mpc_secbf,12,0.948954,true,osqp,optimal,100,3.817980,0,1.501378,fallback,true,0.737528,0.136210,0.735586,0.120532,,,0.745396,0.018410,2.924899,1.627599
local_crowding,context_ext,Proposed MPC-SECBF,48,4.800,0.673027,-0.633540,0.735586,0.120532,0.162415,-0.138000,0.916000,-0.060000,0.420000,child,crossing,distracted,,0.000000,1.000000,1.748954,1.148954,0.380000,0.200000,0.380000,0.200000,0.000000,0.200000,0.000000,1.148954,1.148954,0.948954,0.948954,0.000000,horizon_mpc_secbf,12,1.012080,true,osqp,optimal,225,4.923676,0,1.571182,fallback,true,0.737395,0.136925,0.735601,0.134112,,,0.747726,0.013580,2.999671,1.553075
local_crowding,context_ext,Proposed MPC-SECBF,49,4.900,0.746587,-0.620129,0.735601,0.134112,0.180336,-0.144000,0.958000,-0.060000,0.420000,child,crossing,distracted,,0.000000,1.000000,1.812080,1.212080,0.380000,0.200000,0.380000,0.200000,0.000000,0.200000,0.000000,1.212080,1.212080,1.012080,1.012080,0.000000,horizon_mpc_secbf,12,1.076685,true,osqp,optimal,250,4.817975,0,1.649956,fallback,true,0.737372,0.137047,0.735599,0.136543,,,0.748164,0.002431,3.074488,1.478303
local_crowding,context_ext,Proposed MPC-SECBF,50,5.000,0.820147,-0.606475,0.735599,0.136543,0.183533,-0.150000,1.000000,-0.060000,0.420000,child,crossing,distracted,,0.000000,1.000000,1.876685,1.276685,0.380000,0.200000,0.380000,0.200000,0.000000,0.200000,0.000000,1.276685,1.276685,1.076685,1.076685,0.000000,horizon_mpc_secbf,12,1.142777,true,osqp,optimal,250,5.203290,0,1.730251,fallback,true,0.737371,0.137056,0.735605,0.136968,,,0.748248,0.000424,3.149313,1.403487
local_crowding,context_ext,Proposed MPC-SECBF,51,5.100,0.893707,-0.592778,0.735605,0.136968,0.184089,-0.156000,1.042000,-0.060000,0.420000,child,crossing,distracted,,0.000000,1.000000,1.942777,1.342777,0.380000,0.200000,0.380000,0.200000,0.000000,0.200000,0.000000,1.342777,1.342777,1.142777,1.142777,0.000000,horizon_mpc_secbf,12,1.210239,true,osqp,optimal,275,4.466279,0,1.810761,fallback,true,0.737373,0.137043,0.735602,0.137030,,,0.748256,0.000062,3.224138,1.328662
local_crowding,context_ext,Proposed MPC-SECBF,52,5.200,0.967267,-0.579075,0.735602,0.137030,0.184171,-0.162000,1.084000,-0.060000,0.420000,child,crossing,distracted,,0.000000,1.000000,2.010239,1.410239,0.380000,0.200000,0.380000,0.200000,0.000000,0.200000,0.000000,1.410239,1.410239,1.210239,1.210239,0.000000,horizon_mpc_secbf,12,1.278943,true,osqp,optimal,275,4.788091,0,1.891281,fallback,true,0.737377,0.137024,0.735604,0.137025,,,0.748257,0.000005,3.298964,1.253836
local_crowding,context_ext,Proposed MPC-SECBF,53,5.300,1.040828,-0.565372,0.735604,0.137025,0.184165,-0.168000,1.126000,-0.060000,0.420000,child,crossing,distracted,,0.000000,1.000000,2.078943,1.478943,0.380000,0.200000,0.380000,0.200000,0.000000,0.200000,0.000000,1.478943,1.478943,1.278943,1.278943,0.000000,horizon_mpc_secbf,12,1.348770,true,osqp,optimal,275,5.952186,0,1.971793,fallback,true,0.737380,0.137004,0.735605,0.137008,,,0.748255,0.000018,3.373789,1.179010
local_crowding,context_ext,Proposed MPC-SECBF,54,5.400,1.114388,-0.551672,0.735605,0.137008,0.184142,-0.174000,1.168000,-0.060000,0.420000,child,crossing,distracted,,0.000000,1.000000,2.148770,1.548770,0.380000,0.200000,0.380000,0.200000,0.000000,0.200000,0.000000,1.548770,1.548770,1.348770,1.348770,0.000000,horizon_mpc_secbf,12,1.419615,true,osqp,optimal,275,4.608361,0,2.052307,fallback,true,0.737384,0.136982,0.735605,0.136986,,,0.748251,0.000021,3.448615,1.104185
local_crowding,context_ext,Proposed MPC-SECBF,55,5.500,1.187949,-0.537973,0.735605,0.136986,0.184114,-0.180000,1.210000,-0.060000,0.420000,child,crossing,distracted,,0.000000,1.000000,2.219615,1.619615,0.380000,0.200000,0.380000,0.200000,0.000000,0.200000,0.000000,1.619615,1.619615,1.419615,1.419615,0.000000,horizon_mpc_secbf,12,1.491384,true,osqp,optimal,275,4.469775,0,2.132842,fallback,true,0.737389,0.136959,0.735606,0.136963,,,0.748248,0.000023,3.523439,1.029360
local_crowding,context_ext,Proposed MPC-SECBF,56,5.600,1.261509,-0.524277,0.735606,0.136963,0.184083,-0.186000,1.252000,-0.060000,0.420000,child,crossing,distracted,,0.000000,1.000000,2.291384,1.691384,0.380000,0.200000,0.380000,0.200000,0.000000,0.200000,0.000000,1.691384,1.691384,1.491384,1.491384,0.000000,horizon_mpc_secbf,12,1.563993,true,osqp,optimal,275,5.203939,0,2.213412,fallback,true,0.737394,0.136933,0.735606,0.136938,,,0.748243,0.000025,3.598264,0.954535
local_crowding,context_ext,Proposed MPC-SECBF,57,5.700,1.335070,-0.510583,0.735606,0.136938,0.184050,-0.192000,1.294000,-0.060000,0.420000,child,crossing,distracted,,0.000000,1.000000,2.363993,1.763993,0.380000,0.200000,0.380000,0.200000,0.000000,0.200000,0.000000,1.763993,1.763993,1.563993,1.563993,0.000000,horizon_mpc_secbf,12,1.637366,true,osqp,optimal,275,4.643834,0,2.294030,fallback,true,0.737399,0.136905,0.735606,0.136911,,,0.748238,0.000027,3.673087,0.879711
local_crowding,context_ext,Proposed MPC-SECBF,58,5.800,1.408630,-0.496892,0.735606,0.136911,0.184014,-0.198000,1.336000,-0.060000,0.420000,child,crossing,distracted,,0.000000,1.000000,2.437366,1.837366,0.380000,0.200000,0.380000,0.200000,0.000000,0.200000,0.000000,1.837366,1.837366,1.637366,1.637366,0.000000,horizon_mpc_secbf,12,1.711438,true,osqp,optimal,275,4.661952,0,2.374707,fallback,true,0.737404,0.136875,0.735605,0.136881,,,0.748232,0.000030,3.747911,0.804887
local_crowding,context_ext,Proposed MPC-SECBF,59,5.900,1.482191,-0.483204,0.735605,0.136881,0.183975,-0.204000,1.378000,-0.060000,0.420000,child,crossing,distracted,,0.000000,1.000000,2.511438,1.911438,0.380000,0.200000,0.380000,0.200000,0.000000,0.200000,0.000000,1.911438,1.911438,1.711438,1.711438,0.000000,horizon_mpc_secbf,12,1.786147,true,osqp,optimal,275,5.551494,0,2.455451,fallback,true,0.737411,0.136841,0.735603,0.136848,,,0.748224,0.000033,3.822733,0.730064
local_crowding,context_ext,Proposed MPC-SECBF,60,6.000,1.555751,-0.469519,0.735603,0.136848,0.183932,-0.210000,1.420000,-0.060000,0.420000,child,crossing,distracted,,0.000000,1.000000,2.586147,1.986147,0.380000,0.200000,0.380000,0.200000,0.000000,0.200000,0.000000,1.986147,1.986147,1.786147,1.786147,0.000000,horizon_mpc_secbf,12,1.861442,true,osqp,optimal,275,4.976997,0,2.536269,fallback,true,0.737418,0.136803,0.735601,0.136811,,,0.748215,0.000037,3.897555,0.655241
local_crowding,context_ext,Proposed MPC-SECBF,61,6.100,1.629311,-0.455838,0.735601,0.136811,0.183884,-0.216000,1.462000,-0.060000,0.420000,child,crossing,distracted,,0.000000,1.000000,2.661442,2.061442,0.380000,0.200000,0.380000,0.200000,0.000000,0.200000,0.000000,2.061442,2.061442,1.861442,1.861442,0.000000,horizon_mpc_secbf,12,1.937275,true,osqp,optimal,250,4.629886,0,2.617173,fallback,true,0.737426,0.136760,0.735606,0.136769,,,0.748213,0.000042,3.972376,0.580420
local_crowding,context_ext,Proposed MPC-SECBF,62,6.200,1.702872,-0.442161,0.735606,0.136769,0.183827,-0.222000,1.504000,-0.060000,0.420000,child,crossing,distracted,,0.000000,1.000000,2.737275,2.137275,0.380000,0.200000,0.380000,0.200000,0.000000,0.200000,0.000000,2.137275,2.137275,1.937275,1.937275,0.000000,horizon_mpc_secbf,12,2.013602,true,osqp,optimal,250,4.993913,0,2.698157,fallback,true,0.737435,0.136711,0.735604,0.136720,,,0.748202,0.000048,4.047196,0.505599
local_crowding,context_ext,Proposed MPC-SECBF,63,6.300,1.776432,-0.428489,0.735604,0.136720,0.183764,-0.228000,1.546000,-0.060000,0.420000,child,crossing,distracted,,0.000000,1.000000,2.813602,2.213602,0.380000,0.200000,0.380000,0.200000,0.000000,0.200000,0.000000,2.213602,2.213602,2.013602,2.013602,0.000000,horizon_mpc_secbf,12,2.090385,true,osqp,optimal,250,5.521750,0,2.779231,fallback,true,0.737446,0.136652,0.735602,0.136663,,,0.748190,0.000057,4.122015,0.430778
local_crowding,context_ext,Proposed MPC-SECBF,64,6.400,1.849993,-0.414822,0.735602,0.136663,0.183690,-0.234000,1.588000,-0.060000,0.420000,child,crossing,distracted,,0.000000,1.000000,2.890385,2.290385,0.380000,0.200000,0.380000,0.200000,0.000000,0.200000,0.000000,2.290385,2.290385,2.090385,2.090385,0.000000,horizon_mpc_secbf,12,2.167589,true,osqp,optimal,250,4.897948,0,2.860399,fallback,true,0.737459,0.136580,0.735601,0.136594,,,0.748176,0.000069,4.196833,0.355959
local_crowding,context_ext,Proposed MPC-SECBF,65,6.500,1.923553,-0.401163,0.735601,0.136594,0.183599,-0.240000,1.630000,-0.060000,0.420000,child,crossing,distracted,,0.000000,1.000000,2.967589,2.367589,0.380000,0.200000,0.380000,0.200000,0.000000,0.200000,0.000000,2.367589,2.367589,2.167589,2.167589,0.000000,horizon_mpc_secbf,12,2.245184,true,osqp,optimal,250,4.870538,0,2.941667,fallback,true,0.737476,0.136487,0.735600,0.136506,,,0.748159,0.000088,4.271648,0.281142
local_crowding,context_ext,Proposed MPC-SECBF,66,6.600,1.997113,-0.387513,0.735600,0.136506,0.183483,-0.246000,1.672000,-0.060000,0.420000,child,crossing,distracted,,0.000000,1.000000,3.045184,2.445184,0.380000,0.200000,0.380000,0.200000,0.000000,0.200000,0.000000,2.445184,2.445184,2.245184,2.245184,0.000000,horizon_mpc_secbf,12,2.323144,true,osqp,optimal,250,5.484676,0,3.023045,fallback,true,0.737500,0.136359,0.735599,0.136384,,,0.748135,0.000122,4.346462,0.206326
local_crowding,context_ext,Proposed MPC-SECBF,67,6.700,2.070673,-0.373874,0.735599,0.136384,0.183324,-0.252000,1.714000,-0.060000,0.420000,child,crossing,distracted,,0.000000,1.000000,3.123144,2.523144,0.380000,0.200000,0.380000,0.200000,0.000000,0.200000,0.000000,2.523144,2.523144,2.323144,2.323144,0.000000,horizon_mpc_secbf,12,2.401446,true,osqp,optimal,225,5.917351,0,3.104565,fallback,true,0.737538,0.136151,0.735606,0.136191,,,0.748107,0.000193,4.421273,0.131513
local_crowding,context_ext,Proposed MPC-SECBF,68,6.800,2.144233,-0.360255,0.735606,0.136191,0.183068,-0.258000,1.756000,-0.060000,0.420000,child,crossing,distracted,,0.000000,1.000000,3.201446,2.601446,0.380000,0.200000,0.380000,0.200000,0.000000,0.200000,0.000000,2.601446,2.601446,2.401446,2.401446,0.000001,horizon_mpc_secbf,12,2.470745,true,osqp,optimal,75,5.514645,0,3.093857,fallback,true,0.557668,0.102550,0.588198,0.108322,,,0.598089,0.150020,4.481081,0.056702
local_crowding,context_ext,Proposed MPC-SECBF,69,6.900,2.203053,-0.349423,0.588198,0.108322,0.182119,-0.264000,1.798000,-0.060000,0.420000,child,crossing,distracted,,0.000000,1.000000,3.270745,2.670745,0.380000,0.200000,0.380000,0.200000,0.000000,0.200000,0.000000,2.670745,2.670745,2.470745,2.470745,0.000000,horizon_mpc_secbf,12,2.503001,true,osqp,optimal,100,5.451698,0,2.792137,fallback,true,-0.030529,-0.005772,0.000089,-0.000480,,,0.000488,0.598088,4.481130,0.003107
local_crowding,context_ext,Proposed MPC-SECBF,70,7.000,2.203062,-0.349471,0.000089,-0.000480,-1.386854,-0.270000,1.840000,-0.060000,0.420000,child,crossing,distracted,,0.000000,1.000000,3.303001,2.703001,0.380000,0.200000,0.380000,0.200000,0.000000,0.200000,0.000000,2.703001,2.703001,2.503001,2.503001,0.000000,horizon_mpc_secbf,12,2.533863,true,osqp,optimal,75,5.032012,0,2.810312,fallback,true,-0.030619,-0.005292,-0.025350,-0.004467,,,0.025740,0.025750,4.483704,0.003107
local_crowding,context_ext,Proposed MPC-SECBF,71,7.100,2.200527,-0.349917,-0.025350,-0.004467,-2.967187,-0.276000,1.882000,-0.060000,0.420000,child,crossing,distracted,,0.000000,1.000000,3.333863,2.733863,0.380000,0.200000,0.380000,0.200000,0.000000,0.200000,0.000000,2.733863,2.733863,2.533863,2.533863,0.000000,horizon_mpc_secbf,12,2.566003,true,osqp,optimal,75,5.372149,0,2.854108,fallback,true,-0.005269,-0.000826,-0.008714,-0.001450,,,0.008834,0.016907,4.484588,0.000533
local_crowding,context_ext,Proposed MPC-SECBF,72,7.200,2.199655,-0.350062,-0.008714,-0.001450,-2.976660,-0.282000,1.924000,-0.060000,0.420000,child,crossing,distracted,,0.000000,1.000000,3.366003,2.766003,0.380000,0.200000,0.380000,0.200000,0.000000,0.200000,0.000000,2.766003,2.766003,2.566003,2.566003,0.000000,horizon_mpc_secbf,12,2.598989,true,osqp,optimal,75,5.523666,0,2.894810,fallback,true,0.003445,0.000625,0.001359,0.000269,,,0.001385,0.010219,4.484726,0.000350
local_crowding,context_ext,Proposed MPC-SECBF,73,7.300,2.199791,-0.350036,0.001359,0.000269,0.195134,-0.288000,1.966000,-0.060000,0.420000,child,crossing,distracted,,0.000000,1.000000,3.398989,2.798989,0.380000,0.200000,0.380000,0.200000,0.000000,0.200000,0.000000,2.798989,2.798989,2.598989,2.598989,0.000000,horizon_mpc_secbf,12,2.632222,true,osqp,optimal,75,5.509188,0,2.930291,fallback,true,0.002086,0.000356,0.001961,0.000341,,,0.001991,0.000607,4.484925,0.000212
local_crowding,context_ext,Proposed MPC-SECBF,74,7.400,2.199988,-0.350001,0.001961,0.000341,0.172143,-0.294000,2.008000,-0.060000,0.420000,child,crossing,distracted,,0.000000,1.000000,3.432222,2.832222,0.380000,0.200000,0.380000,0.200000,0.000000,0.200000,0.000000,2.832222,2.832222,2.632222,2.632222,0.000000,horizon_mpc_secbf,12,2.665563,true,osqp,optimal,50,5.620891,0,2.964637,fallback,true,0.000125,0.000015,0.000439,0.000072,,,0.000445,0.001546,4.484970,0.000013
local_crowding,context_ext,Proposed MPC-SECBF,75,7.500,2.200031,-0.349994,0.000439,0.000072,0.162450,-0.300000,2.050000,-0.060000,0.420000,child,crossing,distracted,,0.000000,1.000000,3.465563,2.865563,0.380000,0.200000,0.380000,0.200000,0.000000,0.200000,0.000000,2.865563,2.865563,2.665563,2.665563,0.000000,horizon_mpc_secbf,12,2.699065,true,osqp,optimal,50,5.134320,0,2.999601,fallback,true,-0.000314,-0.000057,-0.000184,-0.000036,,,0.000187,0.000632,4.484989,0.000032
local_crowding,context_ext,Proposed MPC-SECBF,76,7.600,2.200013,-0.349998,-0.000184,-0.000036,-2.945975,-0.306000,2.092000,-0.060000,0.420000,child,crossing,distracted,,0.000000,1.000000,3.499065,2.899065,0.380000,0.200000,0.380000,0.200000,0.000000,0.200000,0.000000,2.899065,2.899065,2.699065,2.699065,0.000000,horizon_mpc_secbf,12,2.732761,true,osqp,optimal,50,5.278539,0,3.035072,fallback,true,-0.000131,-0.000021,-0.000139,-0.000024,,,0.000141,0.000046,4.485003,0.000013
local_crowding,context_ext,Proposed MPC-SECBF,77,7.700,2.199999,-0.350000,-0.000139,-0.000024,-2.970992,-0.312000,2.134000,-0.060000,0.420000,child,crossing,distracted,,0.000000,1.000000,3.532761,2.932761,0.380000,0.200000,0.380000,0.200000,0.000000,0.200000,0.000000,2.932761,2.932761,2.732761,2.732761,0.000000,horizon_mpc_secbf,12,2.766650,true,osqp,optimal,25,5.394253,0,3.070735,fallback,true,0.000008,0.000003,-0.000002,0.000005,,,0.000005,0.000140,4.485003,0.000001
local_crowding,context_ext,Proposed MPC-SECBF,78,7.800,2.199999,-0.350000,-0.000002,0.000005,1.956871,-0.318000,2.176000,-0.060000,0.420000,child,crossing,distracted,,0.000000,1.000000,3.566650,2.966650,0.380000,0.200000,0.380000,0.200000,0.000000,0.200000,0.000000,2.966650,2.966650,2.766650,2.766650,0.000000,horizon_mpc_secbf,12,2.800722,true,osqp,optimal,25,4.870904,0,3.106470,fallback,true,0.000010,-0.000002,0.000008,0.000000,,,0.000008,0.000011,4.485004,0.000001
local_crowding,context_ext,Proposed MPC-SECBF,79,7.900,2.200000,-0.350000,0.000008,0.000000,0.025885,-0.324000,2.218000,-0.060000,0.420000,child,crossing,distracted,,0.000000,1.000000,3.600722,3.000722,0.380000,0.200000,0.380000,0.200000,0.000000,0.200000,0.000000,3.000722,3.000722,2.800722,2.800722,0.000000,horizon_mpc_secbf,12,2.834969,true,osqp,optimal,25,3.352425,0,3.142323,fallback,true,0.000003,-0.000002,0.000003,-0.000001,,,0.000004,0.000005,4.485004,0.000000
local_crowding,context_ext,Proposed MPC-SECBF,80,8.000,2.200000,-0.350000,0.000003,-0.000001,-0.334110,-0.330000,2.260000,-0.060000,0.420000,child,crossing,distracted,,0.000000,1.000000,3.634969,3.034969,0.380000,0.200000,0.380000,0.200000,0.000000,0.200000,0.000000,3.034969,3.034969,2.834969,2.834969,0.000000,horizon_mpc_secbf,12,2.869387,true,osqp,optimal,25,3.436683,0,3.178301,fallback,true,-0.000001,-0.000001,0.000000,-0.000001,,,0.000001,0.000003,4.485004,0.000000
local_crowding,context_ext,Proposed MPC-SECBF,81,8.100,2.200000,-0.350000,0.000000,-0.000001,-1.502246,-0.336000,2.302000,-0.060000,0.420000,child,crossing,distracted,,0.000000,1.000000,3.669387,3.069387,0.380000,0.200000,0.380000,0.200000,0.000000,0.200000,0.000000,3.069387,3.069387,2.869387,2.869387,0.000000,horizon_mpc_secbf,12,2.903971,true,osqp,optimal,25,4.243085,0,3.214403,fallback,true,-0.000001,0.000000,-0.000001,-0.000000,,,0.000001,0.000001,4.485004,0.000000
local_crowding,context_ext,Proposed MPC-SECBF,82,8.200,2.200000,-0.350000,-0.000001,-0.000000,-2.982860,-0.342000,2.344000,-0.060000,0.420000,child,crossing,distracted,,0.000000,1.000000,3.703971,3.103971,0.380000,0.200000,0.380000,0.200000,0.000000,0.200000,0.000000,3.103971,3.103971,2.903971,2.903971,0.000000,horizon_mpc_secbf,12,2.938716,true,osqp,optimal,25,3.376791,0,3.250626,fallback,true,-0.000000,0.000000,-0.000000,0.000000,,,0.000000,0.000000,4.485004,0.000000
local_crowding,context_ext,Proposed MPC-SECBF,83,8.300,2.200000,-0.350000,-0.000000,0.000000,2.650790,-0.348000,2.386000,-0.060000,0.420000,child,crossing,distracted,,0.000000,1.000000,3.738716,3.138716,0.380000,0.200000,0.380000,0.200000,0.000000,0.200000,0.000000,3.138716,3.138716,2.938716,2.938716,0.000000,horizon_mpc_secbf,12,2.973619,true,osqp,optimal,25,3.541277,0,3.286964,fallback,true,0.000000,0.000000,0.000000,0.000000,,,0.000000,0.000000,4.485004,0.000000
local_crowding,context_ext,Proposed MPC-SECBF,84,8.400,2.200000,-0.350000,0.000000,0.000000,1.499639,-0.354000,2.428000,-0.060000,0.420000,child,crossing,distracted,,0.000000,1.000000,3.773619,3.173619,0.380000,0.200000,0.380000,0.200000,0.000000,0.200000,0.000000,3.173619,3.173619,2.973619,2.973619,0.000000,horizon_mpc_secbf,12,3.008674,true,osqp,optimal,25,3.372034,0,3.323416,fallback,true,0.000000,-0.000000,0.000000,0.000000,,,0.000000,0.000000,4.485004,0.000000
local_crowding,context_ext,Proposed MPC-SECBF,85,8.500,2.200000,-0.350000,0.000000,0.000000,0.257700,-0.360000,2.470000,-0.060000,0.420000,child,crossing,distracted,,0.000000,1.000000,3.808674,3.208674,0.380000,0.200000,0.380000,0.200000,0.000000,0.200000,0.000000,3.208674,3.208674,3.008674,3.008674,0.000000,horizon_mpc_secbf,12,3.043878,true,osqp,optimal,25,3.830212,0,3.359978,fallback,true,0.000000,-0.000000,0.000000,-0.000000,,,0.000000,0.000000,4.485004,0.000000
local_crowding,context_ext,Proposed MPC-SECBF,86,8.600,2.200000,-0.350000,0.000000,-0.000000,-0.703361,-0.366000,2.512000,-0.060000,0.420000,child,crossing,distracted,,0.000000,1.000000,3.843878,3.243878,0.380000,0.200000,0.380000,0.200000,0.000000,0.200000,0.000000,3.243878,3.243878,3.043878,3.043878,0.000000,horizon_mpc_secbf,12,3.079227,true,osqp,optimal,25,3.641553,0,3.396647,fallback,true,0.000000,0.000000,0.000000,-0.000000,,,0.000000,0.000000,4.485004,0.000000
local_crowding,context_ext,Proposed MPC-SECBF,87,8.700,2.200000,-0.350000,0.000000,-0.000000,-0.701801,-0.372000,2.554000,-0.060000,0.420000,child,crossing,distracted,,0.000000,1.000000,3.879227,3.279227,0.380000,0.200000,0.380000,0.200000,0.000000,0.200000,0.000000,3.279227,3.279227,3.079227,3.079227,0.000000,horizon_mpc_secbf,12,3.114716,true,osqp,optimal,25,3.561961,0,3.433421,fallback,true,0.000000,0.000000,0.000000,-0.000000,,,0.000000,0.000000,4.485004,0.000000
local_crowding,context_ext,Proposed MPC-SECBF,88,8.800,2.200000,-0.350000,0.000000,-0.000000,-0.701801,-0.378000,2.596000,-0.060000,0.420000,child,crossing,distracted,,0.000000,1.000000,3.914716,3.314716,0.380000,0.200000,0.380000,0.200000,0.000000,0.200000,0.000000,3.314716,3.314716,3.114716,3.114716,0.000000,horizon_mpc_secbf,12,3.150342,true,osqp,optimal,25,4.006571,0,3.470297,fallback,true,0.000000,0.000000,0.000000,-0.000000,,,0.000000,0.000000,4.485004,0.000000
local_crowding,context_ext,Proposed MPC-SECBF,89,8.900,2.200000,-0.350000,0.000000,-0.000000,-0.701801,-0.384000,2.638000,-0.060000,0.420000,child,crossing,distracted,,0.000000,1.000000,3.950342,3.350342,0.380000,0.200000,0.380000,0.200000,0.000000,0.200000,0.000000,3.350342,3.350342,3.150342,3.150342,0.000000,horizon_mpc_secbf,12,3.186101,true,osqp,optimal,25,4.125549,0,3.507273,fallback,true,0.000000,0.000000,0.000000,-0.000000,,,0.000000,0.000000,4.485004,0.000000
local_crowding,context_ext,Proposed MPC-SECBF,90,9.000,2.200000,-0.350000,0.000000,-0.000000,-0.701801,-0.390000,2.680000,-0.060000,0.420000,child,crossing,distracted,,0.000000,1.000000,3.986101,3.386101,0.380000,0.200000,0.380000,0.200000,0.000000,0.200000,0.000000,3.386101,3.386101,3.186101,3.186101,0.000000,horizon_mpc_secbf,12,3.221990,true,osqp,optimal,25,3.851171,0,3.544346,fallback,true,0.000000,0.000000,0.000000,-0.000000,,,0.000000,0.000000,4.485004,0.000000
local_crowding,context_ext,Proposed MPC-SECBF,91,9.100,2.200000,-0.350000,0.000000,-0.000000,-0.701801,-0.396000,2.722000,-0.060000,0.420000,child,crossing,distracted,,0.000000,1.000000,4.021990,3.421990,0.380000,0.200000,0.380000,0.200000,0.000000,0.200000,0.000000,3.421990,3.421990,3.221990,3.221990,0.000000,horizon_mpc_secbf,12,3.258004,true,osqp,optimal,25,3.530429,0,3.581513,fallback,true,0.000000,0.000000,0.000000,-0.000000,,,0.000000,0.000000,4.485004,0.000000
local_crowding,context_ext,Proposed MPC-SECBF,92,9.200,2.200000,-0.350000,0.000000,-0.000000,-0.701801,-0.402000,2.764000,-0.060000,0.420000,child,crossing,distracted,,0.000000,1.000000,4.058004,3.458004,0.380000,0.200000,0.380000,0.200000,0.000000,0.200000,0.000000,3.458004,3.458004,3.258004,3.258004,0.000000,horizon_mpc_secbf,12,3.294142,true,osqp,optimal,25,4.093430,0,3.618773,fallback,true,0.000000,0.000000,0.000000,-0.000000,,,0.000000,0.000000,4.485004,0.000000
local_crowding,context_ext,Proposed MPC-SECBF,93,9.300,2.200000,-0.350000,0.000000,-0.000000,-0.701801,-0.408000,2.806000,-0.060000,0.420000,child,crossing,distracted,,0.000000,1.000000,4.094142,3.494142,0.380000,0.200000,0.380000,0.200000,0.000000,0.200000,0.000000,3.494142,3.494142,3.294142,3.294142,0.000000,horizon_mpc_secbf,12,3.330399,true,osqp,optimal,25,4.937043,0,3.656123,fallback,true,0.000000,0.000000,0.000000,-0.000000,,,0.000000,0.000000,4.485004,0.000000
local_crowding,context_ext,Proposed MPC-SECBF,94,9.400,2.200000,-0.350000,0.000000,-0.000000,-0.701801,-0.414000,2.848000,-0.060000,0.420000,child,crossing,distracted,,0.000000,1.000000,4.130399,3.530399,0.380000,0.200000,0.380000,0.200000,0.000000,0.200000,0.000000,3.530399,3.530399,3.330399,3.330399,0.000000,horizon_mpc_secbf,12,3.366773,true,osqp,optimal,25,3.605016,0,3.693560,fallback,true,0.000000,0.000000,0.000000,-0.000000,,,0.000000,0.000000,4.485004,0.000000
local_crowding,context_ext,Proposed MPC-SECBF,95,9.500,2.200000,-0.350000,0.000000,-0.000000,-0.701801,-0.420000,2.890000,-0.060000,0.420000,child,crossing,distracted,,0.000000,1.000000,4.166773,3.566773,0.380000,0.200000,0.380000,0.200000,0.000000,0.200000,0.000000,3.566773,3.566773,3.366773,3.366773,0.000000,horizon_mpc_secbf,12,3.403261,true,osqp,optimal,25,3.588787,0,3.731084,fallback,true,0.000000,0.000000,0.000000,-0.000000,,,0.000000,0.000000,4.485004,0.000000
local_crowding,context_ext,Proposed MPC-SECBF,96,9.600,2.200000,-0.350000,0.000000,-0.000000,-0.701801,-0.426000,2.932000,-0.060000,0.420000,child,crossing,distracted,,0.000000,1.000000,4.203261,3.603261,0.380000,0.200000,0.380000,0.200000,0.000000,0.200000,0.000000,3.603261,3.603261,3.403261,3.403261,0.000000,horizon_mpc_secbf,12,3.439858,true,osqp,optimal,25,3.382063,0,3.768691,fallback,true,0.000000,0.000000,0.000000,-0.000000,,,0.000000,0.000000,4.485004,0.000000
local_crowding,context_ext,Proposed MPC-SECBF,97,9.700,2.200000,-0.350000,0.000000,-0.000000,-0.701801,-0.432000,2.974000,-0.060000,0.420000,child,crossing,distracted,,0.000000,1.000000,4.239858,3.639858,0.380000,0.200000,0.380000,0.200000,0.000000,0.200000,0.000000,3.639858,3.639858,3.439858,3.439858,0.000000,horizon_mpc_secbf,12,3.476564,true,osqp,optimal,25,4.897038,0,3.806380,fallback,true,0.000000,0.000000,0.000000,-0.000000,,,0.000000,0.000000,4.485004,0.000000
local_crowding,context_ext,Proposed MPC-SECBF,98,9.800,2.200000,-0.350000,0.000000,-0.000000,-0.701801,-0.438000,3.016000,-0.060000,0.420000,child,crossing,distracted,,0.000000,1.000000,4.276564,3.676564,0.380000,0.200000,0.380000,0.200000,0.000000,0.200000,0.000000,3.676564,3.676564,3.476564,3.476564,0.000000,horizon_mpc_secbf,12,3.513375,true,osqp,optimal,25,3.567864,0,3.844149,fallback,true,0.000000,0.000000,0.000000,-0.000000,,,0.000000,0.000000,4.485004,0.000000
local_crowding,context_ext,Proposed MPC-SECBF,99,9.900,2.200000,-0.350000,0.000000,-0.000000,-0.701801,-0.444000,3.058000,-0.060000,0.420000,child,crossing,distracted,,0.000000,1.000000,4.313375,3.713375,0.380000,0.200000,0.380000,0.200000,0.000000,0.200000,0.000000,3.713375,3.713375,3.513375,3.513375,0.000000,horizon_mpc_secbf,12,3.550287,true,osqp,optimal,25,3.813167,0,3.881995,fallback,true,0.000000,0.000000,0.000000,-0.000000,,,0.000000,0.000000,4.485004,0.000000
local_crowding,context_ext,Proposed MPC-SECBF,100,10.000,2.200000,-0.350000,0.000000,-0.000000,-0.701801,-0.450000,3.100000,-0.060000,0.420000,child,crossing,distracted,,0.000000,1.000000,4.350287,3.750287,0.380000,0.200000,0.380000,0.200000,0.000000,0.200000,0.000000,3.750287,3.750287,3.550287,3.550287,0.000000,horizon_mpc_secbf,12,3.587300,true,osqp,optimal,25,3.377689,0,3.919918,fallback,true,0.000000,0.000000,0.000000,-0.000000,,,0.000000,0.000000,4.485004,0.000000
local_crowding,context_ext,Proposed MPC-SECBF,101,10.100,2.200000,-0.350000,0.000000,-0.000000,-0.701801,-0.456000,3.142000,-0.060000,0.420000,child,crossing,distracted,,0.000000,1.000000,4.387300,3.787300,0.380000,0.200000,0.380000,0.200000,0.000000,0.200000,0.000000,3.787300,3.787300,3.587300,3.587300,0.000000,horizon_mpc_secbf,12,3.624410,true,osqp,optimal,25,4.286374,0,3.957915,fallback,true,0.000000,0.000000,0.000000,-0.000000,,,0.000000,0.000000,4.485004,0.000000
local_crowding,context_ext,Proposed MPC-SECBF,102,10.200,2.200000,-0.350000,0.000000,-0.000000,-0.701801,-0.462000,3.184000,-0.060000,0.420000,child,crossing,distracted,,0.000000,1.000000,4.424410,3.824410,0.380000,0.200000,0.380000,0.200000,0.000000,0.200000,0.000000,3.824410,3.824410,3.624410,3.624410,0.000000,horizon_mpc_secbf,12,3.661614,true,osqp,optimal,25,3.650606,0,3.995985,fallback,true,0.000000,0.000000,0.000000,-0.000000,,,0.000000,0.000000,4.485004,0.000000
local_crowding,context_ext,Proposed MPC-SECBF,103,10.300,2.200000,-0.350000,0.000000,-0.000000,-0.701801,-0.468000,3.226000,-0.060000,0.420000,child,crossing,distracted,,0.000000,1.000000,4.461614,3.861614,0.380000,0.200000,0.380000,0.200000,0.000000,0.200000,0.000000,3.861614,3.861614,3.661614,3.661614,0.000000,horizon_mpc_secbf,12,3.698911,true,osqp,optimal,25,3.395122,0,4.034125,fallback,true,0.000000,0.000000,0.000000,-0.000000,,,0.000000,0.000000,4.485004,0.000000
local_crowding,context_ext,Proposed MPC-SECBF,104,10.400,2.200000,-0.350000,0.000000,-0.000000,-0.701801,-0.474000,3.268000,-0.060000,0.420000,child,crossing,distracted,,0.000000,1.000000,4.498911,3.898911,0.380000,0.200000,0.380000,0.200000,0.000000,0.200000,0.000000,3.898911,3.898911,3.698911,3.698911,0.000000,horizon_mpc_secbf,12,3.736298,true,osqp,optimal,25,3.389421,0,4.072335,fallback,true,0.000000,0.000000,0.000000,-0.000000,,,0.000000,0.000000,4.485004,0.000000
local_crowding,context_ext,Proposed MPC-SECBF,105,10.500,2.200000,-0.350000,0.000000,-0.000000,-0.701801,-0.480000,3.310000,-0.060000,0.420000,child,crossing,distracted,,0.000000,1.000000,4.536298,3.936298,0.380000,0.200000,0.380000,0.200000,0.000000,0.200000,0.000000,3.936298,3.936298,3.736298,3.736298,0.000000,horizon_mpc_secbf,12,3.773773,true,osqp,optimal,25,4.520001,0,4.110612,fallback,true,0.000000,0.000000,0.000000,-0.000000,,,0.000000,0.000000,4.485004,0.000000
local_crowding,context_ext,Proposed MPC-SECBF,106,10.600,2.200000,-0.350000,0.000000,-0.000000,-0.701801,-0.486000,3.352000,-0.060000,0.420000,child,crossing,distracted,,0.000000,1.000000,4.573773,3.973773,0.380000,0.200000,0.380000,0.200000,0.000000,0.200000,0.000000,3.973773,3.973773,3.773773,3.773773,0.000000,horizon_mpc_secbf,12,3.811334,true,osqp,optimal,25,4.087723,0,4.148956,fallback,true,0.000000,0.000000,0.000000,-0.000000,,,0.000000,0.000000,4.485004,0.000000
local_crowding,context_ext,Proposed MPC-SECBF,107,10.700,2.200000,-0.350000,0.000000,-0.000000,-0.701801,-0.492000,3.394000,-0.060000,0.420000,child,crossing,distracted,,0.000000,1.000000,4.611334,4.011334,0.380000,0.200000,0.380000,0.200000,0.000000,0.200000,0.000000,4.011334,4.011334,3.811334,3.811334,0.000000,horizon_mpc_secbf,12,3.848978,true,osqp,optimal,25,3.664994,0,4.187364,fallback,true,0.000000,0.000000,0.000000,-0.000000,,,0.000000,0.000000,4.485004,0.000000
local_crowding,context_ext,Proposed MPC-SECBF,108,10.800,2.200000,-0.350000,0.000000,-0.000000,-0.701801,-0.498000,3.436000,-0.060000,0.420000,child,crossing,distracted,,0.000000,1.000000,4.648978,4.048978,0.380000,0.200000,0.380000,0.200000,0.000000,0.200000,0.000000,4.048978,4.048978,3.848978,3.848978,0.000000,horizon_mpc_secbf,12,3.886705,true,osqp,optimal,25,3.417905,0,4.225835,fallback,true,0.000000,0.000000,0.000000,-0.000000,,,0.000000,0.000000,4.485004,0.000000
local_crowding,context_ext,Proposed MPC-SECBF,109,10.900,2.200000,-0.350000,0.000000,-0.000000,-0.701801,-0.504000,3.478000,-0.060000,0.420000,child,crossing,distracted,,0.000000,1.000000,4.686705,4.086705,0.380000,0.200000,0.380000,0.200000,0.000000,0.200000,0.000000,4.086705,4.086705,3.886705,3.886705,0.000000,horizon_mpc_secbf,12,3.924511,true,osqp,optimal,25,4.089989,0,4.264369,fallback,true,0.000000,0.000000,0.000000,-0.000000,,,0.000000,0.000000,4.485004,0.000000
local_crowding,context_ext,Proposed MPC-SECBF,110,11.000,2.200000,-0.350000,0.000000,-0.000000,-0.701801,-0.510000,3.520000,-0.060000,0.420000,child,crossing,distracted,,0.000000,1.000000,4.724511,4.124511,0.380000,0.200000,0.380000,0.200000,0.000000,0.200000,0.000000,4.124511,4.124511,3.924511,3.924511,0.000000,horizon_mpc_secbf,12,3.962394,true,osqp,optimal,25,3.601526,0,4.302962,fallback,true,0.000000,0.000000,0.000000,-0.000000,,,0.000000,0.000000,4.485004,0.000000
local_crowding,context_ext,Proposed MPC-SECBF,111,11.100,2.200000,-0.350000,0.000000,-0.000000,-0.701801,-0.516000,3.562000,-0.060000,0.420000,child,crossing,distracted,,0.000000,1.000000,4.762394,4.162394,0.380000,0.200000,0.380000,0.200000,0.000000,0.200000,0.000000,4.162394,4.162394,3.962394,3.962394,0.000000,horizon_mpc_secbf,12,4.000354,true,osqp,optimal,25,3.617721,0,4.341615,fallback,true,0.000000,0.000000,0.000000,-0.000000,,,0.000000,0.000000,4.485004,0.000000
local_crowding,context_ext,Proposed MPC-SECBF,112,11.200,2.200000,-0.350000,0.000000,-0.000000,-0.701801,-0.522000,3.604000,-0.060000,0.420000,child,crossing,distracted,,0.000000,1.000000,4.800354,4.200354,0.380000,0.200000,0.380000,0.200000,0.000000,0.200000,0.000000,4.200354,4.200354,4.000354,4.000354,0.000000,horizon_mpc_secbf,12,4.038388,true,osqp,optimal,25,3.706906,0,4.380326,fallback,true,0.000000,0.000000,0.000000,-0.000000,,,0.000000,0.000000,4.485004,0.000000
local_crowding,context_ext,Proposed MPC-SECBF,113,11.300,2.200000,-0.350000,0.000000,-0.000000,-0.701801,-0.528000,3.646000,-0.060000,0.420000,child,crossing,distracted,,0.000000,1.000000,4.838388,4.238388,0.380000,0.200000,0.380000,0.200000,0.000000,0.200000,0.000000,4.238388,4.238388,4.038388,4.038388,0.000000,horizon_mpc_secbf,12,4.076495,true,osqp,optimal,25,3.983235,0,4.419093,fallback,true,0.000000,0.000000,0.000000,-0.000000,,,0.000000,0.000000,4.485004,0.000000
local_crowding,context_ext,Proposed MPC-SECBF,114,11.400,2.200000,-0.350000,0.000000,-0.000000,-0.701801,-0.534000,3.688000,-0.060000,0.420000,child,crossing,distracted,,0.000000,1.000000,4.876495,4.276495,0.380000,0.200000,0.380000,0.200000,0.000000,0.200000,0.000000,4.276495,4.276495,4.076495,4.076495,0.000000,horizon_mpc_secbf,12,4.114672,true,osqp,optimal,25,3.945828,0,4.457916,fallback,true,0.000000,0.000000,0.000000,-0.000000,,,0.000000,0.000000,4.485004,0.000000
local_crowding,context_ext,Proposed MPC-SECBF,115,11.500,2.200000,-0.350000,0.000000,-0.000000,-0.701801,-0.540000,3.730000,-0.060000,0.420000,child,crossing,distracted,,0.000000,1.000000,4.914672,4.314672,0.380000,0.200000,0.380000,0.200000,0.000000,0.200000,0.000000,4.314672,4.314672,4.114672,4.114672,0.000000,horizon_mpc_secbf,12,4.152918,true,osqp,optimal,25,3.565470,0,4.496793,fallback,true,0.000000,0.000000,0.000000,-0.000000,,,0.000000,0.000000,4.485004,0.000000
local_crowding,context_ext,Proposed MPC-SECBF,116,11.600,2.200000,-0.350000,0.000000,-0.000000,-0.701801,-0.546000,3.772000,-0.060000,0.420000,child,crossing,distracted,,0.000000,1.000000,4.952918,4.352918,0.380000,0.200000,0.380000,0.200000,0.000000,0.200000,0.000000,4.352918,4.352918,4.152918,4.152918,0.000000,horizon_mpc_secbf,12,4.191232,true,osqp,optimal,25,3.682114,0,4.535723,fallback,true,0.000000,0.000000,0.000000,-0.000000,,,0.000000,0.000000,4.485004,0.000000
local_crowding,context_ext,Proposed MPC-SECBF,117,11.700,2.200000,-0.350000,0.000000,-0.000000,-0.701801,-0.552000,3.814000,-0.060000,0.420000,child,crossing,distracted,,0.000000,1.000000,4.991232,4.391232,0.380000,0.200000,0.380000,0.200000,0.000000,0.200000,0.000000,4.391232,4.391232,4.191232,4.191232,0.000000,horizon_mpc_secbf,12,4.229612,true,osqp,optimal,25,5.234154,0,4.574705,fallback,true,0.000000,0.000000,0.000000,-0.000000,,,0.000000,0.000000,4.485004,0.000000
local_crowding,context_ext,Proposed MPC-SECBF,118,11.800,2.200000,-0.350000,0.000000,-0.000000,-0.701801,-0.558000,3.856000,-0.060000,0.420000,child,crossing,distracted,,0.000000,1.000000,5.029612,4.429612,0.380000,0.200000,0.380000,0.200000,0.000000,0.200000,0.000000,4.429612,4.429612,4.229612,4.229612,0.000000,horizon_mpc_secbf,12,4.268057,true,osqp,optimal,25,4.900697,0,4.613737,fallback,true,0.000000,0.000000,0.000000,-0.000000,,,0.000000,0.000000,4.485004,0.000000
local_crowding,context_ext,Proposed MPC-SECBF,119,11.900,2.200000,-0.350000,0.000000,-0.000000,-0.701801,-0.564000,3.898000,-0.060000,0.420000,child,crossing,distracted,,0.000000,1.000000,5.068057,4.468057,0.380000,0.200000,0.380000,0.200000,0.000000,0.200000,0.000000,4.468057,4.468057,4.268057,4.268057,0.000000,horizon_mpc_secbf,12,4.306564,true,osqp,optimal,25,4.662942,0,4.652820,fallback,true,0.000000,0.000000,0.000000,-0.000000,,,0.000000,0.000000,4.485004,0.000000
