scenario,context_level,method,step,time,robot_x,robot_y,robot_vx,robot_vy,robot_theta,human_x,human_y,human_vx,human_vy,human_type,motion_state,attention_state,ttc,head_on_factor,crowding_factor,distance,clearance,beta_candidate,beta_final,beta_requested,beta_applied,beta_dynamic,beta_cbf,delta_beta,h_standard,h_ee,h_see,h_cbf,slack,controller_type,horizon_steps,predicted_min_h,solver_success,solver_backend,solver_status,solver_iterations,solve_time_ms,active_constraints,min_cbf_value,guard_status,guard_active,u_ref_x,u_ref_y,cmd_vx,cmd_vy,cmd_v,cmd_omega,speed,command_step,path_length,goal_error
local_crowding,context_ext,Standard MPC-CBF,0,0.000,-2.200000,-0.350000,0.000000,0.000000,0.000000,0.150000,-1.100000,-0.060000,0.420000,pedestrian,walking,unknown,10.098536,1.000000,1.000000,2.466779,1.866779,0.000000,0.000000,0.000000,0.000000,0.000000,0.000000,0.000000,1.866779,1.866779,1.866779,1.866779,0.000000,horizon_mpc_secbf,4,1.525407,true,osqp,optimal,50,2.545652,0,1.090306,geometric,false,0.750000,0.000000,0.621017,0.000000,,,0.621017,0.621017,0.062102,4.400000
local_crowding,context_ext,Standard MPC-CBF,1,0.100,-2.137898,-0.350000,0.621017,0.000000,0.000000,0.144000,-1.058000,-0.060000,0.420000,pedestrian,walking,unknown,2.308990,1.000000,1.000000,2.389210,1.789210,0.000000,0.000000,0.000000,0.000000,0.000000,0.000000,0.000000,1.789210,1.789210,1.789210,1.789210,0.000000,horizon_mpc_secbf,4,1.437473,true,osqp,optimal,50,2.406120,0,0.913957,geometric,false,0.750000,-0.000000,0.726101,-0.000000,,,0.726101,0.105085,0.134712,4.337898
local_crowding,context_ext,Standard MPC-CBF,2,0.200,-2.065288,-0.350000,0.726101,-0.000000,-0.000000,0.138000,-1.016000,-0.060000,0.420000,pedestrian,walking,unknown,1.947076,1.000000,1.000000,2.301746,1.701746,0.000000,0.000000,0.000000,0.000000,0.000000,0.000000,0.000000,1.701746,1.701746,1.701746,1.701746,0.000000,horizon_mpc_secbf,4,1.349725,true,osqp,optimal,50,2.970123,0,0.818662,geometric,false,0.750000,0.000000,0.735590,-0.000000,,,0.735590,0.009489,0.208271,4.265288
local_crowding,context_ext,Standard MPC-CBF,3,0.300,-1.991729,-0.350000,0.735590,-0.000000,-0.000000,0.132000,-0.974000,-0.060000,0.420000,pedestrian,walking,unknown,1.829945,1.000000,1.000000,2.213504,1.613504,0.000000,0.000000,0.000000,0.000000,0.000000,0.000000,0.000000,1.613504,1.613504,1.613504,1.613504,0.000000,horizon_mpc_secbf,4,1.262187,true,osqp,optimal,50,2.476785,0,0.731780,geometric,false,0.750000,0.000000,0.735591,-0.000000,,,0.735591,0.000001,0.281830,4.191729
local_crowding,context_ext,Standard MPC-CBF,4,0.400,-1.918170,-0.350000,0.735591,-0.000000,-0.000000,0.126000,-0.932000,-0.060000,0.420000,pedestrian,walking,unknown,1.733041,1.000000,1.000000,2.125407,1.525407,0.000000,0.000000,0.000000,0.000000,0.000000,0.000000,0.000000,1.525407,1.525407,1.525407,1.525407,0.000000,horizon_mpc_secbf,4,1.175092,true,osqp,optimal,50,2.352237,0,0.645226,geometric,false,0.750000,0.000000,0.735591,0.000035,,,0.735591,0.000035,0.355389,4.118170
local_crowding,context_ext,Standard MPC-CBF,5,0.500,-1.844611,-0.349997,0.735591,0.000035,0.000047,0.120000,-0.890000,-0.060000,0.420000,pedestrian,walking,unknown,1.636383,1.000000,1.000000,2.037474,1.437474,0.000000,0.000000,0.000000,0.000000,0.000000,0.000000,0.000000,1.437474,1.437474,1.437474,1.437474,0.000000,horizon_mpc_secbf,4,1.088782,true,osqp,optimal,50,2.385660,0,0.559099,geometric,false,0.750000,-0.000001,0.735591,0.000303,,,0.735591,0.000269,0.428948,4.044611
local_crowding,context_ext,Standard MPC-CBF,6,0.600,-1.771052,-0.349966,0.735591,0.000303,0.000412,0.114000,-0.848000,-0.060000,0.420000,pedestrian,walking,unknown,1.540080,1.000000,1.000000,1.949733,1.349733,0.000000,0.000000,0.000000,0.000000,0.000000,0.000000,0.000000,1.349733,1.349733,1.349733,1.349733,0.000000,horizon_mpc_secbf,4,1.003209,true,osqp,optimal,50,2.155524,0,0.473722,geometric,false,0.750000,-0.000006,0.735591,0.001845,,,0.735594,0.001542,0.502508,3.971052
local_crowding,context_ext,Standard MPC-CBF,7,0.700,-1.697493,-0.349782,0.735591,0.001845,0.002508,0.108000,-0.806000,-0.060000,0.420000,pedestrian,walking,unknown,1.444560,1.000000,1.000000,1.862240,1.262240,0.000000,0.000000,0.000000,0.000000,0.000000,0.000000,0.000000,1.262240,1.262240,1.262240,1.262240,0.000000,horizon_mpc_secbf,4,0.918321,true,osqp,optimal,50,2.286421,0,0.390584,geometric,false,0.750000,-0.000042,0.735591,0.010548,,,0.735667,0.008703,0.576074,3.897493
local_crowding,context_ext,Standard MPC-CBF,8,0.800,-1.623933,-0.348727,0.735591,0.010548,0.014339,0.102000,-0.764000,-0.060000,0.420000,pedestrian,walking,unknown,1.351880,1.000000,1.000000,1.775190,1.175190,0.000000,0.000000,0.000000,0.000000,0.000000,0.000000,0.000000,1.175190,1.175190,1.175190,1.175190,0.000000,horizon_mpc_secbf,4,0.834060,true,osqp,optimal,50,2.755289,0,0.310858,geometric,false,0.750000,-0.000250,0.735592,0.031786,,,0.736278,0.021237,0.649702,3.823934
local_crowding,context_ext,Standard MPC-CBF,9,0.900,-1.550374,-0.345548,0.735592,0.031786,0.043184,0.096000,-0.722000,-0.060000,0.420000,child,crossing,distracted,1.263025,1.000000,1.000000,1.688865,1.088865,0.000000,0.000000,0.000000,0.000000,0.000000,0.000000,0.000000,1.088865,1.088865,1.088865,1.088865,0.000000,horizon_mpc_secbf,4,0.750351,true,osqp,optimal,50,2.351520,0,0.231832,geometric,false,0.749999,-0.000890,0.735592,0.054557,,,0.737612,0.022772,0.723463,3.750377
local_crowding,context_ext,Standard MPC-CBF,10,1.000,-1.476815,-0.340093,0.735592,0.054557,0.074032,0.090000,-0.680000,-0.060000,0.420000,child,crossing,distracted,1.173428,1.000000,1.000000,1.603261,1.003261,0.000000,0.000000,0.000000,0.000000,0.000000,0.000000,0.000000,1.003261,1.003261,1.003261,1.003261,0.000000,horizon_mpc_secbf,4,0.667142,true,osqp,optimal,50,2.117016,0,0.153011,geometric,false,0.749997,-0.002021,0.735591,0.076879,,,0.739598,0.022322,0.797423,3.676829
local_crowding,context_ext,Standard MPC-CBF,11,1.100,-1.403256,-0.332405,0.735591,0.076879,0.104135,0.084000,-0.638000,-0.060000,0.420000,child,crossing,distracted,1.082461,1.000000,1.000000,1.518328,0.918328,0.000000,0.000000,0.000000,0.000000,0.000000,0.000000,0.000000,0.918328,0.918328,0.918328,0.918328,0.000000,horizon_mpc_secbf,4,0.585021,true,osqp,optimal,50,2.529120,0,0.074279,geometric,false,0.749991,-0.003662,0.735592,0.098354,,,0.742138,0.021476,0.871637,3.603299
local_crowding,context_ext,Standard MPC-CBF,12,1.200,-1.329697,-0.322569,0.735592,0.098354,0.132920,0.078000,-0.596000,-0.060000,0.420000,child,crossing,distracted,0.990124,1.000000,1.000000,1.434007,0.834007,0.000000,0.000000,0.000000,0.000000,0.000000,0.000000,0.000000,0.834007,0.834007,0.834007,0.834007,0.000000,horizon_mpc_secbf,4,0.503954,true,osqp,optimal,50,2.568381,0,-0.004407,geometric,false,0.749977,-0.005828,0.735590,0.118863,,,0.745132,0.020509,0.946150,3.529803
local_crowding,context_ext,Standard MPC-CBF,13,1.300,-1.256138,-0.310683,0.735590,0.118863,0.160204,0.072000,-0.554000,-0.060000,0.420000,child,crossing,distracted,0.896527,1.000000,1.000000,1.350242,0.750242,0.000000,0.000000,0.000000,0.000000,0.000000,0.000000,0.000000,0.750242,0.750242,0.750242,0.750242,0.000000,horizon_mpc_secbf,4,0.423803,true,osqp,optimal,50,2.440847,0,-0.083089,geometric,false,0.749951,-0.008531,0.735589,0.138284,,,0.748474,0.019421,1.020998,3.456361
local_crowding,context_ext,Standard MPC-CBF,14,1.400,-1.182579,-0.296855,0.735589,0.138284,0.185823,0.066000,-0.512000,-0.060000,0.420000,child,crossing,distracted,0.801781,1.000000,1.000000,1.266979,0.666979,0.000000,0.000000,0.000000,0.000000,0.000000,0.000000,0.000000,0.666979,0.666979,0.666979,0.666979,0.000000,horizon_mpc_secbf,4,0.344511,true,osqp,optimal,50,2.657618,0,-0.157766,geometric,false,0.749907,-0.011782,0.731459,0.156287,,,0.747969,0.018471,1.095794,3.382996
local_crowding,context_ext,Standard MPC-CBF,15,1.500,-1.109433,-0.281226,0.731459,0.156287,0.210500,0.060000,-0.470000,-0.060000,0.420000,child,crossing,distracted,0.709974,1.000000,1.000000,1.184571,0.584571,0.000000,0.000000,0.000000,0.000000,0.000000,0.000000,0.000000,0.584571,0.584571,0.584571,0.584571,0.000000,horizon_mpc_secbf,4,0.266054,true,osqp,optimal,50,2.448113,0,-0.229601,geometric,false,0.749838,-0.015583,0.724755,0.172472,,,0.744995,0.017518,1.170294,3.310148
local_crowding,context_ext,Standard MPC-CBF,16,1.600,-1.036958,-0.263979,0.724755,0.172472,0.233628,0.054000,-0.428000,-0.060000,0.420000,child,crossing,distracted,0.619091,1.000000,1.000000,1.103219,0.503219,0.000000,0.000000,0.000000,0.000000,0.000000,0.000000,0.000000,0.503219,0.503219,0.503219,0.503219,0.000000,horizon_mpc_secbf,4,0.188359,true,osqp,optimal,50,2.207575,0,-0.301100,geometric,false,0.749735,-0.019924,0.718437,0.187727,,,0.742558,0.016512,1.244550,3.238100
local_crowding,context_ext,Standard MPC-CBF,17,1.700,-0.965114,-0.245206,0.718437,0.187727,0.255585,0.048000,-0.386000,-0.060000,0.420000,child,crossing,distracted,0.526589,1.000000,1.000000,1.022850,0.422850,0.000000,0.000000,0.000000,0.000000,0.000000,0.000000,0.000000,0.422850,0.422850,0.422850,0.422850,0.000000,horizon_mpc_secbf,4,0.111365,true,osqp,optimal,50,2.265667,0,-0.372339,geometric,false,0.749589,-0.024818,0.712533,0.201981,,,0.740607,0.015428,1.318610,3.166848
local_crowding,context_ext,Standard MPC-CBF,18,1.800,-0.893861,-0.225008,0.712533,0.201981,0.276223,0.042000,-0.344000,-0.060000,0.420000,child,crossing,distracted,0.432563,1.000000,1.000000,0.943395,0.343395,0.000000,0.000000,0.000000,0.000000,0.000000,0.000000,0.000000,0.343395,0.343395,0.343395,0.343395,0.000000,horizon_mpc_secbf,4,0.035019,true,osqp,optimal,50,2.281184,0,-0.443365,geometric,false,0.749389,-0.030275,0.707055,0.215206,,,0.739081,0.014314,1.392519,3.096384
local_crowding,context_ext,Standard MPC-CBF,19,1.900,-0.823155,-0.203487,0.707055,0.215206,0.295460,0.036000,-0.302000,-0.060000,0.420000,child,crossing,distracted,0.337137,1.000000,1.000000,0.864784,0.264784,0.000000,0.000000,0.000000,0.000000,0.000000,0.000000,0.000000,0.264784,0.264784,0.264784,0.264784,0.000119,horizon_mpc_secbf,4,-0.000119,true,osqp,optimal,50,2.401961,0,-0.424344,geometric,false,0.749121,-0.036305,0.612811,0.237260,,,0.657137,0.096790,1.458232,3.026703
local_crowding,context_ext,Standard MPC-CBF,20,2.000,-0.761874,-0.179761,0.612811,0.237260,0.369395,0.030000,-0.260000,-0.060000,0.420000,child,crossing,distracted,0.284861,1.000000,1.000000,0.795929,0.195929,0.000000,0.000000,0.000000,0.000000,0.000000,0.000000,0.000000,0.195929,0.195929,0.195929,0.195929,0.000290,horizon_mpc_secbf,4,-0.000301,true,osqp,optimal,25,3.629575,0,-0.331000,geometric,false,0.748764,-0.043037,0.452866,0.251713,,,0.518119,0.160596,1.510044,2.966762
local_crowding,context_ext,Standard MPC-CBF,21,2.100,-0.716587,-0.154590,0.452866,0.251713,0.507302,0.024000,-0.218000,-0.060000,0.420000,child,crossing,distracted,0.272763,1.000000,1.000000,0.743297,0.143297,0.000000,0.000000,0.000000,0.000000,0.000000,0.000000,0.000000,0.143297,0.143297,0.143297,0.143297,0.000415,horizon_mpc_secbf,4,-0.000415,true,osqp,optimal,50,2.445370,0,-0.249082,geometric,false,0.748322,-0.050137,0.319814,0.251609,,,0.406925,0.133053,1.550737,2.923126
local_crowding,context_ext,Standard MPC-CBF,22,2.200,-0.684606,-0.129429,0.319814,0.251609,0.666601,0.018000,-0.176000,-0.060000,0.420000,child,crossing,distracted,0.266964,1.000000,1.000000,0.704148,0.104148,0.000000,0.000000,0.000000,0.000000,0.000000,0.000000,0.000000,0.104148,0.104148,0.104148,0.104148,0.000266,horizon_mpc_secbf,4,-0.000095,true,osqp,optimal,50,2.164334,0,-0.421010,geometric,false,0.747817,-0.057182,0.414104,-0.371653,,,0.556424,0.630354,1.606379,2.893027
local_crowding,context_ext,Standard MPC-CBF,23,2.300,-0.643196,-0.166594,0.414104,-0.371653,-0.731425,0.012000,-0.134000,-0.060000,0.420000,child,crossing,distracted,0.128991,1.000000,1.000000,0.656006,0.056006,0.000000,0.000000,0.000000,0.000000,0.000000,0.000000,0.000000,0.056006,0.056006,0.056006,0.056006,0.000251,horizon_mpc_secbf,4,-0.000256,true,osqp,optimal,50,2.196013,0,-0.370376,geometric,false,0.748444,-0.048280,0.412573,-0.492880,,,0.642765,0.121237,1.670656,2.849105
local_crowding,context_ext,Standard MPC-CBF,24,2.400,-0.601938,-0.215882,0.412573,-0.492880,-0.873860,0.006000,-0.092000,-0.060000,0.420000,child,crossing,distracted,0.072768,1.000000,1.000000,0.620432,0.020432,0.000000,0.000000,0.000000,0.000000,0.000000,0.000000,0.000000,0.020432,0.020432,0.020432,0.020432,0.000229,horizon_mpc_secbf,4,-0.000232,true,osqp,optimal,50,2.234355,0,-0.250170,geometric,false,0.749142,-0.035859,0.407683,-0.518722,,,0.659756,0.026300,1.736631,2.805146
local_crowding,context_ext,Standard MPC-CBF,25,2.500,-0.561170,-0.267754,0.407683,-0.518722,-0.904688,0.000000,-0.050000,-0.060000,0.420000,child,crossing,distracted,0.020094,1.000000,1.000000,0.601937,0.001937,0.000000,0.000000,0.000000,0.000000,0.000000,0.000000,0.000000,0.001937,0.001937,0.001937,0.001937,0.000220,horizon_mpc_secbf,4,-0.000221,true,osqp,optimal,75,2.531212,0,-0.110754,geometric,false,0.749668,-0.022330,0.422459,-0.511215,,,0.663183,0.016574,1.802950,2.762395
local_crowding,context_ext,Standard MPC-CBF,26,2.600,-0.518924,-0.318876,0.422459,-0.511215,-0.880174,-0.006000,-0.008000,-0.060000,0.420000,child,crossing,distracted,,0.000000,1.000000,0.599779,-0.000221,0.000000,0.000000,0.000000,0.000000,0.000000,0.000000,0.000000,-0.000221,-0.000221,-0.000221,-0.000221,0.000150,horizon_mpc_secbf,4,-0.000150,true,osqp,optimal,50,3.068236,0,-0.090133,geometric,false,0.749951,-0.008585,0.555867,-0.422379,,,0.698134,0.160279,1.872763,2.719102
local_crowding,context_ext,Standard MPC-CBF,27,2.700,-0.463337,-0.361114,0.555867,-0.422379,-0.649780,-0.012000,0.034000,-0.060000,0.420000,child,crossing,distracted,,0.000000,1.000000,0.599850,-0.000150,0.000000,0.000000,0.000000,0.000000,0.000000,0.000000,0.000000,-0.000150,-0.000150,-0.000150,-0.000150,0.000000,horizon_mpc_secbf,4,0.003823,true,osqp,optimal,50,2.713355,0,-0.050004,geometric,false,0.749993,0.003130,0.660073,-0.326851,,,0.736565,0.141367,1.946419,2.663361
local_crowding,context_ext,Standard MPC-CBF,28,2.800,-0.397330,-0.393799,0.660073,-0.326851,-0.459779,-0.018000,0.076000,-0.060000,0.420000,child,crossing,distracted,,0.000000,1.000000,0.603823,0.003823,0.000000,0.000000,0.000000,0.000000,0.000000,0.000000,0.000000,0.003823,0.003823,0.003823,0.003823,0.000000,horizon_mpc_secbf,4,0.021844,true,osqp,optimal,50,2.162056,0,0.099734,geometric,false,0.749893,0.012645,0.673715,-0.295697,,,0.735750,0.034010,2.019994,2.597699
local_crowding,context_ext,Standard MPC-CBF,29,2.900,-0.329959,-0.423368,0.673715,-0.295697,-0.413589,-0.024000,0.118000,-0.060000,0.420000,child,crossing,distracted,,0.000000,1.000000,0.621844,0.021844,0.000000,0.000000,0.000000,0.000000,0.000000,0.000000,0.000000,0.021844,0.021844,0.021844,0.021844,0.000000,horizon_mpc_secbf,4,0.053582,true,osqp,optimal,50,2.274068,0,0.264043,geometric,false,0.749685,0.021741,0.681377,-0.277197,,,0.735604,0.020024,2.093555,2.531022
local_crowding,context_ext,Standard MPC-CBF,30,3.000,-0.261821,-0.451088,0.681377,-0.277197,-0.386371,-0.030000,0.160000,-0.060000,0.420000,child,crossing,distracted,,0.000000,1.000000,0.653582,0.053582,0.000000,0.000000,0.000000,0.000000,0.000000,0.000000,0.000000,0.053582,0.053582,0.053582,0.053582,0.000000,horizon_mpc_secbf,4,0.096865,true,osqp,optimal,50,2.243091,0,0.422573,geometric,false,0.749369,0.030771,0.689002,-0.258789,,,0.736000,0.019925,2.167155,2.463895
local_crowding,context_ext,Standard MPC-CBF,31,3.100,-0.192921,-0.476967,0.689002,-0.258789,-0.359296,-0.036000,0.202000,-0.060000,0.420000,child,crossing,distracted,,0.000000,1.000000,0.696865,0.096865,0.000000,0.000000,0.000000,0.000000,0.000000,0.000000,0.000000,0.096865,0.096865,0.096865,0.096865,0.000000,horizon_mpc_secbf,4,0.149245,true,osqp,optimal,50,2.194745,0,0.568075,geometric,false,0.748946,0.039739,0.697338,-0.238665,,,0.737049,0.021782,2.240860,2.396287
local_crowding,context_ext,Standard MPC-CBF,32,3.200,-0.123187,-0.500834,0.697338,-0.238665,-0.329755,-0.042000,0.244000,-0.060000,0.420000,child,crossing,distracted,,0.000000,1.000000,0.749245,0.149245,0.000000,0.000000,0.000000,0.000000,0.000000,0.000000,0.000000,0.149245,0.149245,0.149245,0.149245,0.000000,horizon_mpc_secbf,4,0.208541,true,osqp,optimal,50,2.604136,0,0.699401,geometric,false,0.748424,0.048592,0.706335,-0.216945,,,0.738901,0.023510,2.314750,2.328078
local_crowding,context_ext,Standard MPC-CBF,33,3.300,-0.052553,-0.522528,0.706335,-0.216945,-0.297995,-0.048000,0.286000,-0.060000,0.420000,child,crossing,distracted,,0.000000,1.000000,0.808541,0.208541,0.000000,0.000000,0.000000,0.000000,0.000000,0.000000,0.000000,0.208541,0.208541,0.208541,0.208541,0.000000,horizon_mpc_secbf,4,0.272990,true,osqp,optimal,50,2.733168,0,0.818179,geometric,false,0.747810,0.057276,0.715832,-0.194017,,,0.741659,0.024817,2.388916,2.259151
local_crowding,context_ext,Standard MPC-CBF,34,3.400,0.019030,-0.541930,0.715832,-0.194017,-0.264678,-0.054000,0.328000,-0.060000,0.420000,child,crossing,distracted,,0.000000,1.000000,0.872990,0.272990,0.000000,0.000000,0.000000,0.000000,0.000000,0.000000,0.000000,0.272990,0.272990,0.272990,0.272990,0.000000,horizon_mpc_secbf,4,0.341243,true,osqp,optimal,50,2.317356,0,0.926897,geometric,false,0.747113,0.065747,0.725676,-0.170251,,,0.745380,0.025724,2.463454,2.189399
local_crowding,context_ext,Standard MPC-CBF,35,3.500,0.091597,-0.558955,0.725676,-0.170251,-0.230442,-0.060000,0.370000,-0.060000,0.420000,child,crossing,distracted,,0.000000,1.000000,0.941243,0.341243,0.000000,0.000000,0.000000,0.000000,0.000000,0.000000,0.000000,0.341243,0.341243,0.341243,0.341243,0.000000,horizon_mpc_secbf,4,0.412227,true,osqp,optimal,50,2.220128,0,1.027339,geometric,false,0.746344,0.073967,0.734330,-0.145544,,,0.748614,0.026178,2.538315,2.118732
local_crowding,context_ext,Standard MPC-CBF,36,3.600,0.165030,-0.573509,0.734330,-0.145544,-0.195664,-0.066000,0.412000,-0.060000,0.420000,child,crossing,distracted,,0.000000,1.000000,1.012227,0.412227,0.000000,0.000000,0.000000,0.000000,0.000000,0.000000,0.000000,0.412227,0.412227,0.412227,0.412227,0.000000,horizon_mpc_secbf,4,0.484819,true,osqp,optimal,50,2.270099,0,1.118565,geometric,false,0.745517,0.081883,0.735589,-0.118979,,,0.745150,0.026595,2.612830,2.047207
local_crowding,context_ext,Standard MPC-CBF,37,3.700,0.238589,-0.585407,0.735589,-0.118979,-0.160358,-0.072000,0.454000,-0.060000,0.420000,child,crossing,distracted,,0.000000,1.000000,1.084819,0.484819,0.000000,0.000000,0.000000,0.000000,0.000000,0.000000,0.000000,0.484819,0.484819,0.484819,0.484819,0.000000,horizon_mpc_secbf,4,0.558284,true,osqp,optimal,50,2.800797,0,1.203086,geometric,false,0.744656,0.089373,0.735590,-0.091915,,,0.741311,0.027064,2.686961,1.975487
local_crowding,context_ext,Standard MPC-CBF,38,3.800,0.312148,-0.594599,0.735590,-0.091915,-0.124309,-0.078000,0.496000,-0.060000,0.420000,child,crossing,distracted,,0.000000,1.000000,1.158284,0.558284,0.000000,0.000000,0.000000,0.000000,0.000000,0.000000,0.000000,0.558284,0.558284,0.558284,0.558284,0.000000,horizon_mpc_secbf,4,0.632123,true,osqp,optimal,50,2.527410,0,1.282740,geometric,false,0.743783,0.096368,0.735591,-0.064804,,,0.738440,0.027110,2.760805,1.903631
local_crowding,context_ext,Standard MPC-CBF,39,3.900,0.385708,-0.601079,0.735591,-0.064804,-0.087872,-0.084000,0.538000,-0.060000,0.420000,child,crossing,distracted,,0.000000,1.000000,1.232123,0.632123,0.000000,0.000000,0.000000,0.000000,0.000000,0.000000,0.000000,0.632123,0.632123,0.632123,0.632123,0.000000,horizon_mpc_secbf,4,0.705990,true,osqp,optimal,50,3.150191,0,1.358739,geometric,false,0.742920,0.102812,0.735591,-0.037901,,,0.736567,0.026904,2.834462,1.831583
local_crowding,context_ext,Standard MPC-CBF,40,4.000,0.459267,-0.604869,0.735591,-0.037901,-0.051478,-0.090000,0.580000,-0.060000,0.420000,child,crossing,distracted,,0.000000,1.000000,1.305990,0.705990,0.000000,0.000000,0.000000,0.000000,0.000000,0.000000,0.000000,0.705990,0.705990,0.705990,0.705990,0.000000,horizon_mpc_secbf,4,0.779648,true,osqp,optimal,50,2.286318,0,1.431985,geometric,false,0.742088,0.108653,0.735591,-0.011399,,,0.735680,0.026502,2.908030,1.759293
local_crowding,context_ext,Standard MPC-CBF,41,4.100,0.532826,-0.606009,0.735591,-0.011399,-0.015495,-0.096000,0.622000,-0.060000,0.420000,child,crossing,distracted,,0.000000,1.000000,1.379648,0.779648,0.000000,0.000000,0.000000,0.000000,0.000000,0.000000,0.000000,0.779648,0.779648,0.779648,0.779648,0.000000,horizon_mpc_secbf,4,0.852943,true,osqp,optimal,50,2.371935,0,1.503170,geometric,false,0.741311,0.113835,0.735592,0.014533,,,0.735735,0.025932,2.981603,1.686716
local_crowding,context_ext,Standard MPC-CBF,42,4.200,0.606385,-0.604556,0.735592,0.014533,0.019755,-0.102000,0.664000,-0.060000,0.420000,child,crossing,distracted,,0.000000,1.000000,1.452943,0.852943,0.000000,0.000000,0.000000,0.000000,0.000000,0.000000,0.000000,0.852943,0.852943,0.852943,0.852943,0.000000,horizon_mpc_secbf,4,0.925782,true,osqp,optimal,50,2.288506,0,1.572833,geometric,false,0.740611,0.118301,0.735592,0.039746,,,0.736665,0.025213,3.055270,1.613818
local_crowding,context_ext,Standard MPC-CBF,43,4.300,0.679944,-0.600581,0.735592,0.039746,0.053980,-0.108000,0.706000,-0.060000,0.420000,child,crossing,distracted,,0.000000,1.000000,1.525782,0.925782,0.000000,0.000000,0.000000,0.000000,0.000000,0.000000,0.000000,0.925782,0.925782,0.925782,0.925782,0.000000,horizon_mpc_secbf,4,0.998119,true,osqp,optimal,50,2.478133,0,1.641413,geometric,false,0.740012,0.121991,0.735592,0.064097,,,0.738379,0.024351,3.129108,1.540572
local_crowding,context_ext,Standard MPC-CBF,44,4.400,0.753503,-0.594171,0.735592,0.064097,0.086917,-0.114000,0.748000,-0.060000,0.420000,child,crossing,distracted,,0.000000,1.000000,1.598119,0.998119,0.000000,0.000000,0.000000,0.000000,0.000000,0.000000,0.000000,0.998119,0.998119,0.998119,0.998119,0.000000,horizon_mpc_secbf,4,1.069957,true,osqp,optimal,50,3.045125,0,1.709372,geometric,false,0.739538,0.124835,0.735591,0.087338,,,0.740758,0.023241,3.203184,1.466960
local_crowding,context_ext,Standard MPC-CBF,45,4.500,0.827062,-0.585437,0.735591,0.087338,0.118179,-0.120000,0.790000,-0.060000,0.420000,child,crossing,distracted,,0.000000,1.000000,1.669957,1.069957,0.000000,0.000000,0.000000,0.000000,0.000000,0.000000,0.000000,1.069957,1.069957,1.069957,1.069957,0.000000,horizon_mpc_secbf,4,1.141372,true,osqp,optimal,50,3.510168,0,1.777524,geometric,false,0.739210,0.126763,0.735592,0.108731,,,0.743584,0.021392,3.277542,1.392978
local_crowding,context_ext,Standard MPC-CBF,46,4.600,0.900622,-0.574564,0.735592,0.108731,0.146751,-0.126000,0.832000,-0.060000,0.420000,child,crossing,distracted,,0.000000,1.000000,1.741372,1.141372,0.000000,0.000000,0.000000,0.000000,0.000000,0.000000,0.000000,1.141372,1.141372,1.141372,1.141372,0.000000,horizon_mpc_secbf,4,1.212752,true,osqp,optimal,50,2.835861,0,1.849123,geometric,false,0.739044,0.127725,0.735590,0.124466,,,0.746046,0.015735,3.352147,1.318641
local_crowding,context_ext,Standard MPC-CBF,47,4.700,0.974181,-0.562118,0.735590,0.124466,0.167618,-0.132000,0.874000,-0.060000,0.420000,child,crossing,distracted,,0.000000,1.000000,1.812752,1.212752,0.000000,0.000000,0.000000,0.000000,0.000000,0.000000,0.000000,1.212752,1.212752,1.212752,1.212752,0.000000,horizon_mpc_secbf,4,1.285031,true,osqp,optimal,50,2.175118,0,1.930128,geometric,false,0.739017,0.127881,0.735590,0.127295,,,0.746523,0.002829,3.426799,1.244037
local_crowding,context_ext,Standard MPC-CBF,48,4.800,1.047740,-0.549388,0.735590,0.127295,0.171354,-0.138000,0.916000,-0.060000,0.420000,child,crossing,distracted,,0.000000,1.000000,1.885031,1.285031,0.000000,0.000000,0.000000,0.000000,0.000000,0.000000,0.000000,1.285031,1.285031,1.285031,1.285031,0.000000,horizon_mpc_secbf,4,1.358275,true,osqp,optimal,50,2.688836,0,2.012647,geometric,false,0.739017,0.127880,0.735590,0.127780,,,0.746606,0.000485,3.501459,1.169384
local_crowding,context_ext,Standard MPC-CBF,49,4.900,1.121299,-0.536610,0.735590,0.127780,0.171994,-0.144000,0.958000,-0.060000,0.420000,child,crossing,distracted,,0.000000,1.000000,1.958275,1.358275,0.000000,0.000000,0.000000,0.000000,0.000000,0.000000,0.000000,1.358275,1.358275,1.358275,1.358275,0.000000,horizon_mpc_secbf,4,1.432410,true,osqp,optimal,50,2.372384,0,2.095317,geometric,false,0.739023,0.127848,0.735590,0.127836,,,0.746616,0.000056,3.576121,1.094724
local_crowding,context_ext,Standard MPC-CBF,50,5.000,1.194858,-0.523827,0.735590,0.127836,0.172068,-0.150000,1.000000,-0.060000,0.420000,child,crossing,distracted,,0.000000,1.000000,2.032410,1.432410,0.000000,0.000000,0.000000,0.000000,0.000000,0.000000,0.000000,1.432410,1.432410,1.432410,1.432410,0.000000,horizon_mpc_secbf,4,1.507347,true,osqp,optimal,50,2.890687,0,2.177929,geometric,false,0.739030,0.127806,0.735590,0.127811,,,0.746611,0.000025,3.650782,1.020062
local_crowding,context_ext,Standard MPC-CBF,51,5.100,1.268417,-0.511046,0.735590,0.127811,0.172036,-0.156000,1.042000,-0.060000,0.420000,child,crossing,distracted,,0.000000,1.000000,2.107347,1.507347,0.000000,0.000000,0.000000,0.000000,0.000000,0.000000,0.000000,1.507347,1.507347,1.507347,1.507347,0.000000,horizon_mpc_secbf,4,1.583006,true,osqp,optimal,50,2.321827,0,2.260475,geometric,false,0.739038,0.127760,0.735590,0.127769,,,0.746604,0.000043,3.725443,0.945401
local_crowding,context_ext,Standard MPC-CBF,52,5.200,1.341976,-0.498269,0.735590,0.127769,0.171979,-0.162000,1.084000,-0.060000,0.420000,child,crossing,distracted,,0.000000,1.000000,2.183006,1.583006,0.000000,0.000000,0.000000,0.000000,0.000000,0.000000,0.000000,1.583006,1.583006,1.583006,1.583006,0.000000,horizon_mpc_secbf,4,1.659315,true,osqp,optimal,50,2.487183,0,2.342974,geometric,false,0.739047,0.127709,0.735590,0.127719,,,0.746596,0.000049,3.800102,0.870741
local_crowding,context_ext,Standard MPC-CBF,53,5.300,1.415535,-0.485497,0.735590,0.127719,0.171915,-0.168000,1.126000,-0.060000,0.420000,child,crossing,distracted,,0.000000,1.000000,2.259315,1.659315,0.000000,0.000000,0.000000,0.000000,0.000000,0.000000,0.000000,1.659315,1.659315,1.659315,1.659315,0.000000,horizon_mpc_secbf,4,1.736210,true,osqp,optimal,50,3.251314,0,2.425451,geometric,false,0.739057,0.127654,0.735590,0.127665,,,0.746586,0.000054,3.874761,0.796081
local_crowding,context_ext,Standard MPC-CBF,54,5.400,1.489094,-0.472730,0.735590,0.127665,0.171843,-0.174000,1.168000,-0.060000,0.420000,child,crossing,distracted,,0.000000,1.000000,2.336210,1.736210,0.000000,0.000000,0.000000,0.000000,0.000000,0.000000,0.000000,1.736210,1.736210,1.736210,1.736210,0.000000,horizon_mpc_secbf,4,1.813636,true,osqp,optimal,50,3.429649,0,2.507923,geometric,false,0.739067,0.127592,0.735590,0.127605,,,0.746576,0.000060,3.949418,0.721423
local_crowding,context_ext,Standard MPC-CBF,55,5.500,1.562653,-0.459970,0.735590,0.127605,0.171763,-0.180000,1.210000,-0.060000,0.420000,child,crossing,distracted,,0.000000,1.000000,2.413636,1.813636,0.000000,0.000000,0.000000,0.000000,0.000000,0.000000,0.000000,1.813636,1.813636,1.813636,1.813636,0.000000,horizon_mpc_secbf,4,1.891544,true,osqp,optimal,50,3.431870,0,2.590407,geometric,false,0.739079,0.127523,0.735590,0.127537,,,0.746564,0.000068,4.024075,0.646765
local_crowding,context_ext,Standard MPC-CBF,56,5.600,1.636212,-0.447216,0.735590,0.127537,0.171674,-0.186000,1.252000,-0.060000,0.420000,child,crossing,distracted,,0.000000,1.000000,2.491544,1.891544,0.000000,0.000000,0.000000,0.000000,0.000000,0.000000,0.000000,1.891544,1.891544,1.891544,1.891544,0.000000,horizon_mpc_secbf,4,1.969891,true,osqp,optimal,50,3.088392,0,2.672915,geometric,false,0.739093,0.127445,0.735590,0.127460,,,0.746551,0.000077,4.098730,0.572109
local_crowding,context_ext,Standard MPC-CBF,57,5.700,1.709771,-0.434470,0.735590,0.127460,0.171573,-0.192000,1.294000,-0.060000,0.420000,child,crossing,distracted,,0.000000,1.000000,2.569891,1.969891,0.000000,0.000000,0.000000,0.000000,0.000000,0.000000,0.000000,1.969891,1.969891,1.969891,1.969891,0.000000,horizon_mpc_secbf,4,2.048640,true,osqp,optimal,50,3.241819,0,2.755461,geometric,false,0.739108,0.127354,0.735590,0.127372,,,0.746536,0.000088,4.173384,0.497454
local_crowding,context_ext,Standard MPC-CBF,58,5.800,1.783330,-0.421733,0.735590,0.127372,0.171456,-0.198000,1.336000,-0.060000,0.420000,child,crossing,distracted,,0.000000,1.000000,2.648640,2.048640,0.000000,0.000000,0.000000,0.000000,0.000000,0.000000,0.000000,2.048640,2.048640,2.048640,2.048640,0.000000,horizon_mpc_secbf,4,2.127756,true,osqp,optimal,50,3.507208,0,2.838053,geometric,false,0.739127,0.127246,0.735590,0.127268,,,0.746518,0.000104,4.248035,0.422800
local_crowding,context_ext,Standard MPC-CBF,59,5.900,1.856889,-0.409006,0.735590,0.127268,0.171319,-0.204000,1.378000,-0.060000,0.420000,child,crossing,distracted,,0.000000,1.000000,2.727756,2.127756,0.000000,0.000000,0.000000,0.000000,0.000000,0.000000,0.000000,2.127756,2.127756,2.127756,2.127756,0.000000,horizon_mpc_secbf,4,2.207211,true,osqp,optimal,50,2.835474,0,2.920702,geometric,false,0.739149,0.127114,0.735590,0.127141,,,0.746497,0.000127,4.322685,0.348148
local_crowding,context_ext,Standard MPC-CBF,60,6.000,1.930448,-0.396292,0.735590,0.127141,0.171151,-0.210000,1.420000,-0.060000,0.420000,child,crossing,distracted,,0.000000,1.000000,2.807211,2.207211,0.000000,0.000000,0.000000,0.000000,0.000000,0.000000,0.000000,2.207211,2.207211,2.207211,2.207211,0.000000,horizon_mpc_secbf,4,2.286979,true,osqp,optimal,50,3.218693,0,3.003422,geometric,false,0.739179,0.126944,0.735590,0.126978,,,0.746469,0.000163,4.397332,0.273498
local_crowding,context_ext,Standard MPC-CBF,61,6.100,2.004007,-0.383594,0.735590,0.126978,0.170936,-0.216000,1.462000,-0.060000,0.420000,child,crossing,distracted,,0.000000,1.000000,2.886979,2.286979,0.000000,0.000000,0.000000,0.000000,0.000000,0.000000,0.000000,2.286979,2.286979,2.286979,2.286979,0.000000,horizon_mpc_secbf,4,2.367040,true,osqp,optimal,50,2.326246,0,3.086233,geometric,false,0.739220,0.126706,0.735590,0.126753,,,0.746431,0.000225,4.471975,0.198852
local_crowding,context_ext,Standard MPC-CBF,62,6.200,2.077566,-0.370919,0.735590,0.126753,0.170639,-0.222000,1.504000,-0.060000,0.420000,child,crossing,distracted,,0.000000,1.000000,2.967040,2.367040,0.000000,0.000000,0.000000,0.000000,0.000000,0.000000,0.000000,2.367040,2.367040,2.367040,2.367040,0.000000,horizon_mpc_secbf,4,2.447379,true,osqp,optimal,50,2.228771,0,3.169189,geometric,false,0.739287,0.126314,0.735590,0.126389,,,0.746369,0.000364,4.546612,0.124209
local_crowding,context_ext,Standard MPC-CBF,63,6.300,2.151125,-0.358280,0.735590,0.126389,0.170159,-0.228000,1.546000,-0.060000,0.420000,child,crossing,distracted,,0.000000,1.000000,3.047379,2.447379,0.000000,0.000000,0.000000,0.000000,0.000000,0.000000,0.000000,2.447379,2.447379,2.447379,2.447379,0.000001,horizon_mpc_secbf,4,2.514151,true,osqp,optimal,25,2.072068,0,3.114899,geometric,false,0.488753,0.082801,0.531103,0.090281,,,0.538721,0.207651,4.600484,0.049572
local_crowding,context_ext,Standard MPC-CBF,64,6.400,2.204235,-0.349252,0.531103,0.090281,0.168377,-0.234000,1.588000,-0.060000,0.420000,child,crossing,distracted,,0.000000,1.000000,3.114151,2.514151,0.000000,0.000000,0.000000,0.000000,0.000000,0.000000,0.000000,2.514151,2.514151,2.514151,2.514151,0.000000,horizon_mpc_secbf,4,2.545156,true,osqp,optimal,50,2.146068,0,2.822849,geometric,false,-0.042349,-0.007479,0.000106,-0.000585,,,0.000595,0.538716,4.600544,0.004300
local_crowding,context_ext,Standard MPC-CBF,65,6.500,2.204246,-0.349311,0.000106,-0.000585,-1.392206,-0.240000,1.630000,-0.060000,0.420000,child,crossing,distracted,,0.000000,1.000000,3.145156,2.545156,0.000000,0.000000,0.000000,0.000000,0.000000,0.000000,0.000000,2.545156,2.545156,2.545156,2.545156,0.000000,horizon_mpc_secbf,4,2.574041,true,osqp,optimal,25,2.161226,0,2.832438,geometric,false,-0.042455,-0.006894,-0.035153,-0.005812,,,0.035630,0.035644,4.604107,0.004301
local_crowding,context_ext,Standard MPC-CBF,66,6.600,2.200730,-0.349892,-0.035153,-0.005812,-2.977743,-0.246000,1.672000,-0.060000,0.420000,child,crossing,distracted,,0.000000,1.000000,3.174041,2.574041,0.000000,0.000000,0.000000,0.000000,0.000000,0.000000,0.000000,2.574041,2.574041,2.574041,2.574041,0.000000,horizon_mpc_secbf,4,2.604745,true,osqp,optimal,25,2.324915,0,2.879730,geometric,false,-0.007302,-0.001082,-0.012081,-0.001894,,,0.012228,0.023402,4.605329,0.000738
local_crowding,context_ext,Standard MPC-CBF,67,6.700,2.199522,-0.350081,-0.012081,-0.001894,-2.986098,-0.252000,1.714000,-0.060000,0.420000,child,crossing,distracted,,0.000000,1.000000,3.204745,2.604745,0.000000,0.000000,0.000000,0.000000,0.000000,0.000000,0.000000,2.604745,2.604745,2.604745,2.604745,0.000000,horizon_mpc_secbf,4,2.636630,true,osqp,optimal,25,2.758149,0,2.922372,geometric,false,0.004778,0.000812,0.001886,0.000347,,,0.001917,0.014145,4.605521,0.000485
local_crowding,context_ext,Standard MPC-CBF,68,6.800,2.199711,-0.350046,0.001886,0.000347,0.182168,-0.258000,1.756000,-0.060000,0.420000,child,crossing,distracted,,0.000000,1.000000,3.236630,2.636630,0.000000,0.000000,0.000000,0.000000,0.000000,0.000000,0.000000,2.636630,2.636630,2.636630,2.636630,0.000000,horizon_mpc_secbf,4,2.668811,true,osqp,optimal,25,2.465923,0,2.957257,geometric,false,0.002893,0.000464,0.002720,0.000444,,,0.002756,0.000840,4.605797,0.000293
local_crowding,context_ext,Standard MPC-CBF,69,6.900,2.199983,-0.350002,0.002720,0.000444,0.161861,-0.264000,1.798000,-0.060000,0.420000,child,crossing,distracted,,0.000000,1.000000,3.268811,2.668811,0.000000,0.000000,0.000000,0.000000,0.000000,0.000000,0.000000,2.668811,2.668811,2.668811,2.668811,0.000000,horizon_mpc_secbf,4,2.701088,true,osqp,optimal,25,2.781468,0,2.990427,geometric,false,0.000173,0.000020,0.000610,0.000093,,,0.000617,0.002139,4.605858,0.000017
local_crowding,context_ext,Standard MPC-CBF,70,7.000,2.200044,-0.349993,0.000610,0.000093,0.151012,-0.270000,1.840000,-0.060000,0.420000,child,crossing,distracted,,0.000000,1.000000,3.301088,2.701088,0.000000,0.000000,0.000000,0.000000,0.000000,0.000000,0.000000,2.701088,2.701088,2.701088,2.701088,0.000000,horizon_mpc_secbf,4,2.733538,true,osqp,optimal,25,2.188376,0,3.024455,geometric,false,-0.000437,-0.000073,-0.000257,-0.000044,,,0.000261,0.000878,4.605884,0.000044
local_crowding,context_ext,Standard MPC-CBF,71,7.100,2.200018,-0.349997,-0.000257,-0.000044,-2.970924,-0.276000,1.882000,-0.060000,0.420000,child,crossing,distracted,,0.000000,1.000000,3.333538,2.733538,0.000000,0.000000,0.000000,0.000000,0.000000,0.000000,0.000000,2.733538,2.733538,2.733538,2.733538,0.000000,horizon_mpc_secbf,4,2.766214,true,osqp,optimal,25,2.181732,0,3.059196,geometric,false,-0.000180,-0.000028,-0.000193,-0.000031,,,0.000195,0.000066,4.605904,0.000018
local_crowding,context_ext,Standard MPC-CBF,72,7.200,2.199999,-0.350000,-0.000193,-0.000031,-2.981572,-0.282000,1.924000,-0.060000,0.420000,child,crossing,distracted,,0.000000,1.000000,3.366214,2.766214,0.000000,0.000000,0.000000,0.000000,0.000000,0.000000,0.000000,2.766214,2.766214,2.766214,2.766214,0.000000,horizon_mpc_secbf,4,2.799117,true,osqp,optimal,25,2.343833,0,3.094177,geometric,false,0.000013,0.000003,-0.000000,0.000001,,,0.000001,0.000195,4.605904,0.000001
local_crowding,context_ext,Standard MPC-CBF,73,7.300,2.199999,-0.350000,-0.000000,0.000001,1.898418,-0.288000,1.966000,-0.060000,0.420000,child,crossing,distracted,,0.000000,1.000000,3.399117,2.799117,0.000000,0.000000,0.000000,0.000000,0.000000,0.000000,0.000000,2.799117,2.799117,2.799117,2.799117,0.000000,horizon_mpc_secbf,4,2.832229,true,osqp,optimal,25,3.025416,0,3.129210,geometric,false,0.000014,0.000001,0.000011,0.000001,,,0.000011,0.000012,4.605905,0.000001
local_crowding,context_ext,Standard MPC-CBF,74,7.400,2.200000,-0.350000,0.000011,0.000001,0.119647,-0.294000,2.008000,-0.060000,0.420000,child,crossing,distracted,,0.000000,1.000000,3.432229,2.832229,0.000000,0.000000,0.000000,0.000000,0.000000,0.000000,0.000000,2.832229,2.832229,2.832229,2.832229,0.000000,horizon_mpc_secbf,4,2.865545,true,osqp,optimal,25,2.690265,0,3.164378,geometric,false,0.000002,-0.000000,0.000004,0.000000,,,0.000004,0.000007,4.605906,0.000000
local_crowding,context_ext,Standard MPC-CBF,75,7.500,2.200000,-0.350000,0.000004,0.000000,0.058428,-0.300000,2.050000,-0.060000,0.420000,child,crossing,distracted,,0.000000,1.000000,3.465545,2.865545,0.000000,0.000000,0.000000,0.000000,0.000000,0.000000,0.000000,2.865545,2.865545,2.865545,2.865545,0.000000,horizon_mpc_secbf,4,2.899057,true,osqp,optimal,25,2.221839,0,3.199691,geometric,false,-0.000002,-0.000000,-0.000001,-0.000000,,,0.000001,0.000005,4.605906,0.000000
local_crowding,context_ext,Standard MPC-CBF,76,7.600,2.200000,-0.350000,-0.000001,-0.000000,-2.882907,-0.306000,2.092000,-0.060000,0.420000,child,crossing,distracted,,0.000000,1.000000,3.499057,2.899057,0.000000,0.000000,0.000000,0.000000,0.000000,0.000000,0.000000,2.899057,2.899057,2.899057,2.899057,0.000000,horizon_mpc_secbf,4,2.932761,true,osqp,optimal,25,2.364225,0,3.235147,geometric,false,-0.000001,-0.000000,-0.000001,-0.000000,,,0.000001,0.000000,4.605906,0.000000
local_crowding,context_ext,Standard MPC-CBF,77,7.700,2.200000,-0.350000,-0.000001,-0.000000,-3.036714,-0.312000,2.134000,-0.060000,0.420000,child,crossing,distracted,,0.000000,1.000000,3.532761,2.932761,0.000000,0.000000,0.000000,0.000000,0.000000,0.000000,0.000000,2.932761,2.932761,2.932761,2.932761,0.000000,horizon_mpc_secbf,4,2.966651,true,osqp,optimal,25,2.208035,0,3.270740,geometric,false,-0.000000,0.000000,-0.000000,-0.000000,,,0.000000,0.000001,4.605906,0.000000
local_crowding,context_ext,Standard MPC-CBF,78,7.800,2.200000,-0.350000,-0.000000,-0.000000,-3.115080,-0.318000,2.176000,-0.060000,0.420000,child,crossing,distracted,,0.000000,1.000000,3.566651,2.966651,0.000000,0.000000,0.000000,0.000000,0.000000,0.000000,0.000000,2.966651,2.966651,2.966651,2.966651,0.000000,horizon_mpc_secbf,4,3.000722,true,osqp,optimal,25,2.434867,0,3.306466,geometric,false,0.000000,0.000000,0.000000,0.000000,,,0.000000,0.000000,4.605906,0.000000
local_crowding,context_ext,Standard MPC-CBF,79,7.900,2.200000,-0.350000,0.000000,0.000000,0.170535,-0.324000,2.218000,-0.060000,0.420000,child,crossing,distracted,,0.000000,1.000000,3.600722,3.000722,0.000000,0.000000,0.000000,0.000000,0.000000,0.000000,0.000000,3.000722,3.000722,3.000722,3.000722,0.000000,horizon_mpc_secbf,4,3.034969,true,osqp,optimal,25,2.974725,0,3.342320,geometric,false,0.000000,0.000000,0.000000,0.000000,,,0.000000,0.000000,4.605906,0.000000
local_crowding,context_ext,Standard MPC-CBF,80,8.000,2.200000,-0.350000,0.000000,0.000000,0.091349,-0.330000,2.260000,-0.060000,0.420000,child,crossing,distracted,,0.000000,1.000000,3.634969,3.034969,0.000000,0.000000,0.000000,0.000000,0.000000,0.000000,0.000000,3.034969,3.034969,3.034969,3.034969,0.000000,horizon_mpc_secbf,4,3.069387,true,osqp,optimal,25,2.496279,0,3.378301,geometric,false,0.000000,0.000000,0.000000,0.000000,,,0.000000,0.000000,4.605906,0.000000
local_crowding,context_ext,Standard MPC-CBF,81,8.100,2.200000,-0.350000,0.000000,0.000000,0.091351,-0.336000,2.302000,-0.060000,0.420000,child,crossing,distracted,,0.000000,1.000000,3.669387,3.069387,0.000000,0.000000,0.000000,0.000000,0.000000,0.000000,0.000000,3.069387,3.069387,3.069387,3.069387,0.000000,horizon_mpc_secbf,4,3.103971,true,osqp,optimal,25,2.177648,0,3.414404,geometric,false,-0.000000,-0.000000,-0.000000,-0.000000,,,0.000000,0.000000,4.605906,0.000000
local_crowding,context_ext,Standard MPC-CBF,82,8.200,2.200000,-0.350000,-0.000000,-0.000000,-2.943137,-0.342000,2.344000,-0.060000,0.420000,child,crossing,distracted,,0.000000,1.000000,3.703971,3.103971,0.000000,0.000000,0.000000,0.000000,0.000000,0.000000,0.000000,3.103971,3.103971,3.103971,3.103971,0.000000,horizon_mpc_secbf,4,3.138716,true,osqp,optimal,25,2.216618,0,3.450626,geometric,false,0.000000,0.000000,-0.000000,-0.000000,,,0.000000,0.000000,4.605906,0.000000
local_crowding,context_ext,Standard MPC-CBF,83,8.300,2.200000,-0.350000,-0.000000,-0.000000,-2.943137,-0.348000,2.386000,-0.060000,0.420000,child,crossing,distracted,,0.000000,1.000000,3.738716,3.138716,0.000000,0.000000,0.000000,0.000000,0.000000,0.000000,0.000000,3.138716,3.138716,3.138716,3.138716,0.000000,horizon_mpc_secbf,4,3.173619,true,osqp,optimal,25,2.430743,0,3.486964,geometric,false,0.000000,0.000000,-0.000000,-0.000000,,,0.000000,0.000000,4.605906,0.000000
local_crowding,context_ext,Standard MPC-CBF,84,8.400,2.200000,-0.350000,-0.000000,-0.000000,-2.943137,-0.354000,2.428000,-0.060000,0.420000,child,crossing,distracted,,0.000000,1.000000,3.773619,3.173619,0.000000,0.000000,0.000000,0.000000,0.000000,0.000000,0.000000,3.173619,3.173619,3.173619,3.173619,0.000000,horizon_mpc_secbf,4,3.208674,true,osqp,optimal,25,2.177192,0,3.523416,geometric,false,0.000000,0.000000,0.000000,-0.000000,,,0.000000,0.000000,4.605906,0.000000
local_crowding,context_ext,Standard MPC-CBF,85,8.500,2.200000,-0.350000,0.000000,-0.000000,-2.943137,-0.360000,2.470000,-0.060000,0.420000,child,crossing,distracted,,0.000000,1.000000,3.808674,3.208674,0.000000,0.000000,0.000000,0.000000,0.000000,0.000000,0.000000,3.208674,3.208674,3.208674,3.208674,0.000000,horizon_mpc_secbf,4,3.243878,true,osqp,optimal,25,2.788220,0,3.559978,geometric,false,0.000000,0.000000,0.000000,-0.000000,,,0.000000,0.000000,4.605906,0.000000
local_crowding,context_ext,Standard MPC-CBF,86,8.600,2.200000,-0.350000,0.000000,-0.000000,-2.943137,-0.366000,2.512000,-0.060000,0.420000,child,crossing,distracted,,0.000000,1.000000,3.843878,3.243878,0.000000,0.000000,0.000000,0.000000,0.000000,0.000000,0.000000,3.243878,3.243878,3.243878,3.243878,0.000000,horizon_mpc_secbf,4,3.279227,true,osqp,optimal,25,2.513539,0,3.596647,geometric,false,0.000000,0.000000,0.000000,-0.000000,,,0.000000,0.000000,4.605906,0.000000
local_crowding,context_ext,Standard MPC-CBF,87,8.700,2.200000,-0.350000,0.000000,-0.000000,-2.943137,-0.372000,2.554000,-0.060000,0.420000,child,crossing,distracted,,0.000000,1.000000,3.879227,3.279227,0.000000,0.000000,0.000000,0.000000,0.000000,0.000000,0.000000,3.279227,3.279227,3.279227,3.279227,0.000000,horizon_mpc_secbf,4,3.314716,true,osqp,optimal,25,2.303120,0,3.633421,geometric,false,0.000000,0.000000,0.000000,-0.000000,,,0.000000,0.000000,4.605906,0.000000
local_crowding,context_ext,Standard MPC-CBF,88,8.800,2.200000,-0.350000,0.000000,-0.000000,-2.943137,-0.378000,2.596000,-0.060000,0.420000,child,crossing,distracted,,0.000000,1.000000,3.914716,3.314716,0.000000,0.000000,0.000000,0.000000,0.000000,0.000000,0.000000,3.314716,3.314716,3.314716,3.314716,0.000000,horizon_mpc_secbf,4,3.350342,true,osqp,optimal,25,2.635537,0,3.670297,geometric,false,0.000000,0.000000,0.000000,-0.000000,,,0.000000,0.000000,4.605906,0.000000
local_crowding,context_ext,Standard MPC-CBF,89,8.900,2.200000,-0.350000,0.000000,-0.000000,-2.943137,-0.384000,2.638000,-0.060000,0.420000,child,crossing,distracted,,0.000000,1.000000,3.950342,3.350342,0.000000,0.000000,0.000000,0.000000,0.000000,0.000000,0.000000,3.350342,3.350342,3.350342,3.350342,0.000000,horizon_mpc_secbf,4,3.386101,true,osqp,optimal,25,2.731649,0,3.707273,geometric,false,0.000000,0.000000,0.000000,-0.000000,,,0.000000,0.000000,4.605906,0.000000
local_crowding,context_ext,Standard MPC-CBF,90,9.000,2.200000,-0.350000,0.000000,-0.000000,-2.943137,-0.390000,2.680000,-0.060000,0.420000,child,crossing,distracted,,0.000000,1.000000,3.986101,3.386101,0.000000,0.000000,0.000000,0.000000,0.000000,0.000000,0.000000,3.386101,3.386101,3.386101,3.386101,0.000000,horizon_mpc_secbf,4,3.421990,true,osqp,optimal,25,2.239418,0,3.744346,geometric,false,0.000000,0.000000,0.000000,-0.000000,,,0.000000,0.000000,4.605906,0.000000
local_crowding,context_ext,Standard MPC-CBF,91,9.100,2.200000,-0.350000,0.000000,-0.000000,-2.943137,-0.396000,2.722000,-0.060000,0.420000,child,crossing,distracted,,0.000000,1.000000,4.021990,3.421990,0.000000,0.000000,0.000000,0.000000,0.000000,0.000000,0.000000,3.421990,3.421990,3.421990,3.421990,0.000000,horizon_mpc_secbf,4,3.458004,true,osqp,optimal,25,3.546366,0,3.781513,geometric,false,0.000000,0.000000,0.000000,-0.000000,,,0.000000,0.000000,4.605906,0.000000
local_crowding,context_ext,Standard MPC-CBF,92,9.200,2.200000,-0.350000,0.000000,-0.000000,-2.943137,-0.402000,2.764000,-0.060000,0.420000,child,crossing,distracted,,0.000000,1.000000,4.058004,3.458004,0.000000,0.000000,0.000000,0.000000,0.000000,0.000000,0.000000,3.458004,3.458004,3.458004,3.458004,0.000000,horizon_mpc_secbf,4,3.494142,true,osqp,optimal,25,2.922598,0,3.818773,geometric,false,0.000000,0.000000,0.000000,-0.000000,,,0.000000,0.000000,4.605906,0.000000
local_crowding,context_ext,Standard MPC-CBF,93,9.300,2.200000,-0.350000,0.000000,-0.000000,-2.943137,-0.408000,2.806000,-0.060000,0.420000,child,crossing,distracted,,0.000000,1.000000,4.094142,3.494142,0.000000,0.000000,0.000000,0.000000,0.000000,0.000000,0.000000,3.494142,3.494142,3.494142,3.494142,0.000000,horizon_mpc_secbf,4,3.530399,true,osqp,optimal,25,3.356897,0,3.856123,geometric,false,0.000000,0.000000,0.000000,-0.000000,,,0.000000,0.000000,4.605906,0.000000
local_crowding,context_ext,Standard MPC-CBF,94,9.400,2.200000,-0.350000,0.000000,-0.000000,-2.943137,-0.414000,2.848000,-0.060000,0.420000,child,crossing,distracted,,0.000000,1.000000,4.130399,3.530399,0.000000,0.000000,0.000000,0.000000,0.000000,0.000000,0.000000,3.530399,3.530399,3.530399,3.530399,0.000000,horizon_mpc_secbf,4,3.566773,true,osqp,optimal,25,4.286022,0,3.893560,geometric,false,0.000000,0.000000,0.000000,-0.000000,,,0.000000,0.000000,4.605906,0.000000
local_crowding,context_ext,Standard MPC-CBF,95,9.500,2.200000,-0.350000,0.000000,-0.000000,-2.943137,-0.420000,2.890000,-0.060000,0.420000,child,crossing,distracted,,0.000000,1.000000,4.166773,3.566773,0.000000,0.000000,0.000000,0.000000,0.000000,0.000000,0.000000,3.566773,3.566773,3.566773,3.566773,0.000000,horizon_mpc_secbf,4,3.603261,true,osqp,optimal,25,4.524897,0,3.931084,geometric,false,0.000000,0.000000,0.000000,-0.000000,,,0.000000,0.000000,4.605906,0.000000
local_crowding,context_ext,Standard MPC-CBF,96,9.600,2.200000,-0.350000,0.000000,-0.000000,-2.943137,-0.426000,2.932000,-0.060000,0.420000,child,crossing,distracted,,0.000000,1.000000,4.203261,3.603261,0.000000,0.000000,0.000000,0.000000,0.000000,0.000000,0.000000,3.603261,3.603261,3.603261,3.603261,0.000000,horizon_mpc_secbf,4,3.639858,true,osqp,optimal,25,4.511270,0,3.968691,geometric,false,0.000000,0.000000,0.000000,-0.000000,,,0.000000,0.000000,4.605906,0.000000
local_crowding,context_ext,Standard MPC-CBF,97,9.700,2.200000,-0.350000,0.000000,-0.000000,-2.943137,-0.432000,2.974000,-0.060000,0.420000,child,crossing,distracted,,0.000000,1.000000,4.239858,3.639858,0.000000,0.000000,0.000000,0.000000,0.000000,0.000000,0.000000,3.639858,3.639858,3.639858,3.639858,0.000000,horizon_mpc_secbf,4,3.676564,true,osqp,optimal,25,4.274193,0,4.006380,geometric,false,0.000000,0.000000,0.000000,-0.000000,,,0.000000,0.000000,4.605906,0.000000
local_crowding,context_ext,Standard MPC-CBF,98,9.800,2.200000,-0.350000,0.000000,-0.000000,-2.943137,-0.438000,3.016000,-0.060000,0.420000,child,crossing,distracted,,0.000000,1.000000,4.276564,3.676564,0.000000,0.000000,0.000000,0.000000,0.000000,0.000000,0.000000,3.676564,3.676564,3.676564,3.676564,0.000000,horizon_mpc_secbf,4,3.713375,true,osqp,optimal,25,4.257963,0,4.044149,geometric,false,0.000000,0.000000,0.000000,-0.000000,,,0.000000,0.000000,4.605906,0.000000
local_crowding,context_ext,Standard MPC-CBF,99,9.900,2.200000,-0.350000,0.000000,-0.000000,-2.943137,-0.444000,3.058000,-0.060000,0.420000,child,crossing,distracted,,0.000000,1.000000,4.313375,3.713375,0.000000,0.000000,0.000000,0.000000,0.000000,0.000000,0.000000,3.713375,3.713375,3.713375,3.713375,0.000000,horizon_mpc_secbf,4,3.750287,true,osqp,optimal,25,4.807016,0,4.081995,geometric,false,0.000000,0.000000,0.000000,-0.000000,,,0.000000,0.000000,4.605906,0.000000
local_crowding,context_ext,Standard MPC-CBF,100,10.000,2.200000,-0.350000,0.000000,-0.000000,-2.943137,-0.450000,3.100000,-0.060000,0.420000,child,crossing,distracted,,0.000000,1.000000,4.350287,3.750287,0.000000,0.000000,0.000000,0.000000,0.000000,0.000000,0.000000,3.750287,3.750287,3.750287,3.750287,0.000000,horizon_mpc_secbf,4,3.787300,true,osqp,optimal,25,4.521322,0,4.119918,geometric,false,0.000000,0.000000,0.000000,-0.000000,,,0.000000,0.000000,4.605906,0.000000
local_crowding,context_ext,Standard MPC-CBF,101,10.100,2.200000,-0.350000,0.000000,-0.000000,-2.943137,-0.456000,3.142000,-0.060000,0.420000,child,crossing,distracted,,0.000000,1.000000,4.387300,3.787300,0.000000,0.000000,0.000000,0.000000,0.000000,0.000000,0.000000,3.787300,3.787300,3.787300,3.787300,0.000000,horizon_mpc_secbf,4,3.824410,true,osqp,optimal,25,4.496740,0,4.157915,geometric,false,0.000000,0.000000,0.000000,-0.000000,,,0.000000,0.000000,4.605906,0.000000
local_crowding,context_ext,Standard MPC-CBF,102,10.200,2.200000,-0.350000,0.000000,-0.000000,-2.943137,-0.462000,3.184000,-0.060000,0.420000,child,crossing,distracted,,0.000000,1.000000,4.424410,3.824410,0.000000,0.000000,0.000000,0.000000,0.000000,0.000000,0.000000,3.824410,3.824410,3.824410,3.824410,0.000000,horizon_mpc_secbf,4,3.861614,true,osqp,optimal,25,4.557435,0,4.195985,geometric,false,0.000000,0.000000,0.000000,-0.000000,,,0.000000,0.000000,4.605906,0.000000
local_crowding,context_ext,Standard MPC-CBF,103,10.300,2.200000,-0.350000,0.000000,-0.000000,-2.943137,-0.468000,3.226000,-0.060000,0.420000,child,crossing,distracted,,0.000000,1.000000,4.461614,3.861614,0.000000,0.000000,0.000000,0.000000,0.000000,0.000000,0.000000,3.861614,3.861614,3.861614,3.861614,0.000000,horizon_mpc_secbf,4,3.898911,true,osqp,optimal,25,2.742502,0,4.234125,geometric,false,0.000000,0.000000,0.000000,-0.000000,,,0.000000,0.000000,4.605906,0.000000
local_crowding,context_ext,Standard MPC-CBF,104,10.400,2.200000,-0.350000,0.000000,-0.000000,-2.943137,-0.474000,3.268000,-0.060000,0.420000,child,crossing,distracted,,0.000000,1.000000,4.498911,3.898911,0.000000,0.000000,0.000000,0.000000,0.000000,0.000000,0.000000,3.898911,3.898911,3.898911,3.898911,0.000000,horizon_mpc_secbf,4,3.936298,true,osqp,optimal,25,2.289654,0,4.272335,geometric,false,0.000000,0.000000,0.000000,-0.000000,,,0.000000,0.000000,4.605906,0.000000
local_crowding,context_ext,Standard MPC-CBF,105,10.500,2.200000,-0.350000,0.000000,-0.000000,-2.943137,-0.480000,3.310000,-0.060000,0.420000,child,crossing,distracted,,0.000000,1.000000,4.536298,3.936298,0.000000,0.000000,0.000000,0.000000,0.000000,0.000000,0.000000,3.936298,3.936298,3.936298,3.936298,0.000000,horizon_mpc_secbf,4,3.973773,true,osqp,optimal,25,3.284512,0,4.310612,geometric,false,0.000000,0.000000,0.000000,-0.000000,,,0.000000,0.000000,4.605906,0.000000
local_crowding,context_ext,Standard MPC-CBF,106,10.600,2.200000,-0.350000,0.000000,-0.000000,-2.943137,-0.486000,3.352000,-0.060000,0.420000,child,crossing,distracted,,0.000000,1.000000,4.573773,3.973773,0.000000,0.000000,0.000000,0.000000,0.000000,0.000000,0.000000,3.973773,3.973773,3.973773,3.973773,0.000000,horizon_mpc_secbf,4,4.011334,true,osqp,optimal,25,3.288925,0,4.348956,geometric,false,0.000000,0.000000,0.000000,-0.000000,,,0.000000,0.000000,4.605906,0.000000
local_crowding,context_ext,Standard MPC-CBF,107,10.700,2.200000,-0.350000,0.000000,-0.000000,-2.943137,-0.492000,3.394000,-0.060000,0.420000,child,crossing,distracted,,0.000000,1.000000,4.611334,4.011334,0.000000,0.000000,0.000000,0.000000,0.000000,0.000000,0.000000,4.011334,4.011334,4.011334,4.011334,0.000000,horizon_mpc_secbf,4,4.048978,true,osqp,optimal,25,3.443581,0,4.387364,geometric,false,0.000000,0.000000,0.000000,-0.000000,,,0.000000,0.000000,4.605906,0.000000
local_crowding,context_ext,Standard MPC-CBF,108,10.800,2.200000,-0.350000,0.000000,-0.000000,-2.943137,-0.498000,3.436000,-0.060000,0.420000,child,crossing,distracted,,0.000000,1.000000,4.648978,4.048978,0.000000,0.000000,0.000000,0.000000,0.000000,0.000000,0.000000,4.048978,4.048978,4.048978,4.048978,0.000000,horizon_mpc_secbf,4,4.086705,true,osqp,optimal,25,3.406427,0,4.425835,geometric,false,0.000000,0.000000,0.000000,-0.000000,,,0.000000,0.000000,4.605906,0.000000
local_crowding,context_ext,Standard MPC-CBF,109,10.900,2.200000,-0.350000,0.000000,-0.000000,-2.943137,-0.504000,3.478000,-0.060000,0.420000,child,crossing,distracted,,0.000000,1.000000,4.686705,4.086705,0.000000,0.000000,0.000000,0.000000,0.000000,0.000000,0.000000,4.086705,4.086705,4.086705,4.086705,0.000000,horizon_mpc_secbf,4,4.124511,true,osqp,optimal,25,3.338105,0,4.464369,geometric,false,0.000000,0.000000,0.000000,-0.000000,,,0.000000,0.000000,4.605906,0.000000
local_crowding,context_ext,Standard MPC-CBF,110,11.000,2.200000,-0.350000,0.000000,-0.000000,-2.943137,-0.510000,3.520000,-0.060000,0.420000,child,crossing,distracted,,0.000000,1.000000,4.724511,4.124511,0.000000,0.000000,0.000000,0.000000,0.000000,0.000000,0.000000,4.124511,4.124511,4.124511,4.124511,0.000000,horizon_mpc_secbf,4,4.162394,true,osqp,optimal,25,3.255308,0,4.502962,geometric,false,0.000000,0.000000,0.000000,-0.000000,,,0.000000,0.000000,4.605906,0.000000
local_crowding,context_ext,Standard MPC-CBF,111,11.100,2.200000,-0.350000,0.000000,-0.000000,-2.943137,-0.516000,3.562000,-0.060000,0.420000,child,crossing,distracted,,0.000000,1.000000,4.762394,4.162394,0.000000,0.000000,0.000000,0.000000,0.000000,0.000000,0.000000,4.162394,4.162394,4.162394,4.162394,0.000000,horizon_mpc_secbf,4,4.200354,true,osqp,optimal,25,3.494568,0,4.541615,geometric,false,0.000000,0.000000,0.000000,-0.000000,,,0.000000,0.000000,4.605906,0.000000
local_crowding,context_ext,Standard MPC-CBF,112,11.200,2.200000,-0.350000,0.000000,-0.000000,-2.943137,-0.522000,3.604000,-0.060000,0.420000,child,crossing,distracted,,0.000000,1.000000,4.800354,4.200354,0.000000,0.000000,0.000000,0.000000,0.000000,0.000000,0.000000,4.200354,4.200354,4.200354,4.200354,0.000000,horizon_mpc_secbf,4,4.238388,true,osqp,optimal,25,3.481347,0,4.580326,geometric,false,0.000000,0.000000,0.000000,-0.000000,,,0.000000,0.000000,4.605906,0.000000
local_crowding,context_ext,Standard MPC-CBF,113,11.300,2.200000,-0.350000,0.000000,-0.000000,-2.943137,-0.528000,3.646000,-0.060000,0.420000,child,crossing,distracted,,0.000000,1.000000,4.838388,4.238388,0.000000,0.000000,0.000000,0.000000,0.000000,0.000000,0.000000,4.238388,4.238388,4.238388,4.238388,0.000000,horizon_mpc_secbf,4,4.276495,true,osqp,optimal,25,3.314202,0,4.619093,geometric,false,0.000000,0.000000,0.000000,-0.000000,,,0.000000,0.000000,4.605906,0.000000
local_crowding,context_ext,Standard MPC-CBF,114,11.400,2.200000,-0.350000,0.000000,-0.000000,-2.943137,-0.534000,3.688000,-0.060000,0.420000,child,crossing,distracted,,0.000000,1.000000,4.876495,4.276495,0.000000,0.000000,0.000000,0.000000,0.000000,0.000000,0.000000,4.276495,4.276495,4.276495,4.276495,0.000000,horizon_mpc_secbf,4,4.314672,true,osqp,optimal,25,3.254675,0,4.657916,geometric,false,0.000000,0.000000,0.000000,-0.000000,,,0.000000,0.000000,4.605906,0.000000
local_crowding,context_ext,Standard MPC-CBF,115,11.500,2.200000,-0.350000,0.000000,-0.000000,-2.943137,-0.540000,3.730000,-0.060000,0.420000,child,crossing,distracted,,0.000000,1.000000,4.914672,4.314672,0.000000,0.000000,0.000000,0.000000,0.000000,0.000000,0.000000,4.314672,4.314672,4.314672,4.314672,0.000000,horizon_mpc_secbf,4,4.352918,true,osqp,optimal,25,3.300837,0,4.696793,geometric,false,0.000000,0.000000,0.000000,-0.000000,,,0.000000,0.000000,4.605906,0.000000
local_crowding,context_ext,Standard MPC-CBF,116,11.600,2.200000,-0.350000,0.000000,-0.000000,-2.943137,-0.546000,3.772000,-0.060000,0.420000,child,crossing,distracted,,0.000000,1.000000,4.952918,4.352918,0.000000,0.000000,0.000000,0.000000,0.000000,0.000000,0.000000,4.352918,4.352918,4.352918,4.352918,0.000000,horizon_mpc_secbf,4,4.391232,true,osqp,optimal,25,3.549369,0,4.735723,geometric,false,0.000000,0.000000,0.000000,-0.000000,,,0.000000,0.000000,4.605906,0.000000
local_crowding,context_ext,Standard MPC-CBF,117,11.700,2.200000,-0.350000,0.000000,-0.000000,-2.943137,-0.552000,3.814000,-0.060000,0.420000,child,crossing,distracted,,0.000000,1.000000,4.991232,4.391232,0.000000,0.000000,0.000000,0.000000,0.000000,0.000000,0.000000,4.391232,4.391232,4.391232,4.391232,0.000000,horizon_mpc_secbf,4,4.429612,true,osqp,optimal,25,3.561774,0,4.774705,geometric,false,0.000000,0.000000,0.000000,-0.000000,,,0.000000,0.000000,4.605906,0.000000
local_crowding,context_ext,Standard MPC-CBF,118,11.800,2.200000,-0.350000,0.000000,-0.000000,-2.943137,-0.558000,3.856000,-0.060000,0.420000,child,crossing,distracted,,0.000000,1.000000,5.029612,4.429612,0.000000,0.000000,0.000000,0.000000,0.000000,0.000000,0.000000,4.429612,4.429612,4.429612,4.429612,0.000000,horizon_mpc_secbf,4,4.468057,true,osqp,optimal,25,3.662816,0,4.813737,geometric,false,0.000000,0.000000,0.000000,-0.000000,,,0.000000,0.000000,4.605906,0.000000
local_crowding,context_ext,Standard MPC-CBF,119,11.900,2.200000,-0.350000,0.000000,-0.000000,-2.943137,-0.564000,3.898000,-0.060000,0.420000,child,crossing,distracted,,0.000000,1.000000,5.068057,4.468057,0.000000,0.000000,0.000000,0.000000,0.000000,0.000000,0.000000,4.468057,4.468057,4.468057,4.468057,0.000000,horizon_mpc_secbf,4,4.506564,true,osqp,optimal,25,3.475126,0,4.852820,geometric,false,0.000000,0.000000,0.000000,-0.000000,,,0.000000,0.000000,4.605906,0.000000
local_crowding,context_ext,EESM-MPC-ECBF,0,0.000,-2.200000,-0.350000,0.000000,0.000000,0.000000,0.150000,-1.100000,-0.060000,0.420000,pedestrian,walking,unknown,10.098536,1.000000,1.000000,2.466779,1.866779,0.000000,0.000000,0.000000,0.000000,0.153124,0.153124,0.000000,1.866779,1.713655,1.713655,1.713655,0.000000,horizon_mpc_secbf,4,1.372283,true,osqp,optimal,50,3.153427,0,0.937181,geometric,false,0.750000,0.000000,0.621017,0.000000,,,0.621017,0.621017,0.062102,4.400000
local_crowding,context_ext,EESM-MPC-ECBF,1,0.100,-2.137898,-0.350000,0.621017,0.000000,0.000000,0.144000,-1.058000,-0.060000,0.420000,pedestrian,walking,unknown,2.308990,1.000000,1.000000,2.389210,1.789210,0.000000,0.000000,0.000000,0.000000,0.762629,0.762629,0.000000,1.789210,1.026581,1.026581,1.026581,0.000000,horizon_mpc_secbf,4,0.674844,true,osqp,optimal,50,3.267190,0,0.151328,geometric,false,0.750000,-0.000000,0.726101,-0.000000,,,0.726101,0.105085,0.134712,4.337898
local_crowding,context_ext,EESM-MPC-ECBF,2,0.200,-2.065288,-0.350000,0.726101,-0.000000,-0.000000,0.138000,-1.016000,-0.060000,0.420000,pedestrian,walking,unknown,1.947076,1.000000,1.000000,2.301746,1.701746,0.000000,0.000000,0.000000,0.000000,0.863367,0.863367,0.000000,1.701746,0.838379,0.838379,0.838379,0.000000,horizon_mpc_secbf,4,0.486358,true,osqp,optimal,50,3.216656,0,-0.044704,geometric,false,0.750000,0.000000,0.735590,-0.000000,,,0.735590,0.009489,0.208271,4.265288
local_crowding,context_ext,EESM-MPC-ECBF,3,0.300,-1.991729,-0.350000,0.735590,-0.000000,-0.000000,0.132000,-0.974000,-0.060000,0.420000,pedestrian,walking,unknown,1.829945,1.000000,1.000000,2.213504,1.613504,0.000000,0.000000,0.000000,0.000000,0.869790,0.869790,0.000000,1.613504,0.743715,0.743715,0.743715,0.000000,horizon_mpc_secbf,4,0.392398,true,osqp,optimal,50,3.120354,0,-0.138010,geometric,false,0.750000,0.000000,0.735591,-0.000000,,,0.735591,0.000001,0.281830,4.191729
local_crowding,context_ext,EESM-MPC-ECBF,4,0.400,-1.918170,-0.350000,0.735591,-0.000000,-0.000000,0.126000,-0.932000,-0.060000,0.420000,pedestrian,walking,unknown,1.733041,1.000000,1.000000,2.125407,1.525407,0.000000,0.000000,0.000000,0.000000,0.866363,0.866363,0.000000,1.525407,0.659044,0.659044,0.659044,0.000000,horizon_mpc_secbf,4,0.308729,true,osqp,optimal,50,3.162676,0,-0.221137,geometric,false,0.750000,0.000000,0.735591,0.000035,,,0.735591,0.000035,0.355389,4.118170
local_crowding,context_ext,EESM-MPC-ECBF,5,0.500,-1.844611,-0.349997,0.735591,0.000035,0.000047,0.120000,-0.890000,-0.060000,0.420000,pedestrian,walking,unknown,1.636383,1.000000,1.000000,2.037474,1.437474,0.000000,0.000000,0.000000,0.000000,0.862308,0.862308,0.000000,1.437474,0.575166,0.575166,0.575166,0.000000,horizon_mpc_secbf,4,0.226475,true,osqp,optimal,50,3.173460,0,-0.303208,geometric,false,0.750000,-0.000001,0.735591,0.000303,,,0.735591,0.000269,0.428948,4.044611
local_crowding,context_ext,EESM-MPC-ECBF,6,0.600,-1.771052,-0.349966,0.735591,0.000303,0.000412,0.114000,-0.848000,-0.060000,0.420000,pedestrian,walking,unknown,1.540080,1.000000,1.000000,1.949733,1.349733,0.000000,0.000000,0.000000,0.000000,0.857460,0.857460,0.000000,1.349733,0.492273,0.492273,0.492273,0.000000,horizon_mpc_secbf,4,0.145750,true,osqp,optimal,50,3.266453,0,-0.383737,geometric,false,0.750000,-0.000006,0.735591,0.001845,,,0.735594,0.001542,0.502508,3.971052
local_crowding,context_ext,EESM-MPC-ECBF,7,0.700,-1.697493,-0.349782,0.735591,0.001845,0.002508,0.108000,-0.806000,-0.060000,0.420000,pedestrian,walking,unknown,1.444560,1.000000,1.000000,1.862240,1.262240,0.000000,0.000000,0.000000,0.000000,0.851622,0.851622,0.000000,1.262240,0.410618,0.410618,0.410618,0.000000,horizon_mpc_secbf,4,0.066699,true,osqp,optimal,50,3.190346,0,-0.461038,geometric,false,0.750000,-0.000042,0.735591,0.010548,,,0.735667,0.008703,0.576074,3.897493
local_crowding,context_ext,EESM-MPC-ECBF,8,0.800,-1.623933,-0.348727,0.735591,0.010548,0.014339,0.102000,-0.764000,-0.060000,0.420000,pedestrian,walking,unknown,1.351880,1.000000,1.000000,1.775190,1.175190,0.000000,0.000000,0.000000,0.000000,0.844829,0.844829,0.000000,1.175190,0.330360,0.330360,0.330360,0.000039,horizon_mpc_secbf,4,-0.000039,true,osqp,optimal,50,3.045108,0,-0.512611,geometric,false,0.750000,-0.000250,0.715146,0.037957,,,0.716152,0.034194,0.647690,3.823934
local_crowding,context_ext,EESM-MPC-ECBF,9,0.900,-1.552419,-0.344931,0.715146,0.037957,0.053026,0.096000,-0.722000,-0.060000,0.420000,child,crossing,distracted,1.297539,1.000000,1.000000,1.690995,1.090995,0.000000,0.000000,0.000000,0.000000,0.817708,0.817708,0.000000,1.090995,0.273287,0.273287,0.273287,0.000179,horizon_mpc_secbf,4,-0.000188,true,osqp,optimal,25,3.013896,0,-0.441840,geometric,false,0.749999,-0.001013,0.596442,0.081899,,,0.602038,0.126576,0.707893,3.752422
local_crowding,context_ext,EESM-MPC-ECBF,10,1.000,-1.492775,-0.336741,0.596442,0.081899,0.136459,0.090000,-0.680000,-0.060000,0.420000,child,crossing,distracted,1.429594,1.000000,1.000000,1.619569,1.019569,0.000000,0.000000,0.000000,0.000000,0.693221,0.693221,0.000000,1.019569,0.326347,0.326347,0.326347,0.000025,horizon_mpc_secbf,4,-0.000025,true,osqp,optimal,50,3.307656,0,-0.488319,geometric,false,0.749995,-0.002693,0.700074,0.080835,,,0.704725,0.103638,0.778366,3.692799
local_crowding,context_ext,EESM-MPC-ECBF,11,1.100,-1.422767,-0.328658,0.700074,0.080835,0.114957,0.084000,-0.638000,-0.060000,0.420000,child,crossing,distracted,1.154340,1.000000,1.000000,1.538194,0.938194,0.000000,0.000000,0.000000,0.000000,0.790905,0.790905,0.000000,0.938194,0.147289,0.147289,0.147289,0.000493,horizon_mpc_secbf,4,-0.000493,true,osqp,optimal,50,3.200083,0,-0.289836,geometric,false,0.749987,-0.004418,0.333189,0.159139,,,0.369243,0.375148,0.815290,3.622830
local_crowding,context_ext,EESM-MPC-ECBF,12,1.200,-1.389448,-0.312744,0.333189,0.159139,0.445586,0.078000,-0.596000,-0.060000,0.420000,child,crossing,distracted,2.054029,1.000000,1.000000,1.494536,0.894536,0.000000,0.000000,0.000000,0.000000,0.420044,0.420044,0.000000,0.894536,0.474492,0.474492,0.474492,0.000000,horizon_mpc_secbf,4,0.149672,true,osqp,optimal,50,2.931318,0,-0.302447,geometric,false,0.749960,-0.007784,0.672276,0.114316,,,0.681926,0.342037,0.883483,3.589642
local_crowding,context_ext,EESM-MPC-ECBF,13,1.300,-1.322221,-0.301312,0.672276,0.114316,0.168433,0.072000,-0.554000,-0.060000,0.420000,child,crossing,distracted,1.054038,1.000000,1.000000,1.416934,0.816934,0.000000,0.000000,0.000000,0.000000,0.752872,0.752872,0.000000,0.816934,0.064062,0.064062,0.064062,0.000697,horizon_mpc_secbf,4,-0.000697,true,osqp,optimal,50,2.209056,0,-0.187065,geometric,false,0.749928,-0.010366,0.155861,0.198936,,,0.252722,0.523302,0.908755,3.522557
local_crowding,context_ext,EESM-MPC-ECBF,14,1.400,-1.306635,-0.281419,0.155861,0.198936,0.906214,0.066000,-0.512000,-0.060000,0.420000,child,crossing,distracted,3.173804,1.000000,1.000000,1.391867,0.791867,0.000000,0.000000,0.000000,0.000000,0.235055,0.235055,0.000000,0.791867,0.556812,0.556812,0.556812,0.000000,horizon_mpc_secbf,4,0.240202,true,osqp,optimal,50,2.588037,0,-0.179465,geometric,false,0.749857,-0.014665,0.639221,0.137997,,,0.653947,0.487186,0.974150,3.507305
local_crowding,context_ext,EESM-MPC-ECBF,15,1.500,-1.242713,-0.267619,0.639221,0.137997,0.212620,0.060000,-0.470000,-0.060000,0.420000,child,crossing,distracted,0.978365,1.000000,1.000000,1.318339,0.718339,0.000000,0.000000,0.000000,0.000000,0.709618,0.709618,0.000000,0.718339,0.008722,0.008722,0.008722,0.010878,horizon_mpc_secbf,4,0.003828,true,osqp,optimal,2675,6.736693,0,-0.008635,geometric,false,0.749785,-0.017942,0.017601,0.735589,,,0.735800,0.862280,1.047730,3.443698
local_crowding,context_ext,EESM-MPC-ECBF,16,1.600,-1.240952,-0.194060,0.017601,0.735589,1.546873,0.054000,-0.428000,-0.060000,0.420000,child,crossing,distracted,35.335518,1.000000,1.000000,1.315914,0.715914,0.000000,0.000000,0.000000,0.000000,0.000000,0.000000,0.000000,0.715914,0.735637,0.735637,0.715914,0.000000,horizon_mpc_secbf,4,0.403056,true,osqp,optimal,50,2.402697,0,0.017736,geometric,false,0.749231,-0.033954,0.615335,0.230996,,,0.657264,0.782240,1.113456,3.444484
local_crowding,context_ext,EESM-MPC-ECBF,17,1.700,-1.179419,-0.170961,0.615335,0.230996,0.359120,0.048000,-0.386000,-0.060000,0.420000,child,crossing,distracted,0.925904,1.000000,1.000000,1.246114,0.646114,0.000000,0.000000,0.000000,0.000000,0.693416,0.693416,0.000000,0.646114,-0.047303,-0.047303,-0.047303,0.072462,horizon_mpc_secbf,4,-0.057531,true,osqp,optimal,925,3.455690,0,-0.017864,geometric,false,0.748950,-0.039679,0.038969,0.735589,,,0.736621,0.766037,1.187118,3.384158
local_crowding,context_ext,EESM-MPC-ECBF,18,1.800,-1.175522,-0.097402,0.038969,0.735589,1.517870,0.042000,-0.344000,-0.060000,0.420000,child,crossing,distracted,18.696272,1.000000,1.000000,1.242244,0.642244,0.000000,0.000000,0.000000,0.000000,0.000000,0.000000,0.000000,0.642244,0.651885,0.651885,0.642244,0.000000,horizon_mpc_secbf,4,0.327598,true,osqp,optimal,50,2.737698,0,-0.061475,geometric,false,0.747909,-0.055968,0.619337,0.229070,,,0.660342,0.770318,1.253152,3.384960
local_crowding,context_ext,EESM-MPC-ECBF,19,1.900,-1.113588,-0.074495,0.619337,0.229070,0.354259,0.036000,-0.302000,-0.060000,0.420000,child,crossing,distracted,0.812937,1.000000,1.000000,1.171884,0.571884,0.000000,0.000000,0.000000,0.000000,0.700212,0.700212,0.000000,0.571884,-0.128328,-0.128328,-0.128328,0.158789,horizon_mpc_secbf,4,-0.143661,true,osqp,optimal,3050,7.805396,0,-0.027121,geometric,false,0.747421,-0.062144,0.061154,0.735589,,,0.738127,0.753744,1.326965,3.325022
local_crowding,context_ext,EESM-MPC-ECBF,20,2.000,-1.107473,-0.000936,0.061154,0.735589,1.487851,0.030000,-0.260000,-0.060000,0.420000,child,crossing,distracted,11.792665,1.000000,1.000000,1.166601,0.566601,0.000000,0.000000,0.000000,0.000000,0.000000,0.000000,0.000000,0.566601,0.567532,0.567532,0.566601,0.000000,horizon_mpc_secbf,4,0.250101,true,osqp,optimal,50,2.410903,0,-0.142785,geometric,false,0.745858,-0.078716,0.623535,0.226730,,,0.663477,0.758425,1.393313,3.325842
local_crowding,context_ext,EESM-MPC-ECBF,21,2.100,-1.045119,0.021737,0.623535,0.226730,0.348758,0.024000,-0.218000,-0.060000,0.420000,child,crossing,distracted,0.698854,1.000000,1.000000,1.095669,0.495669,0.000000,0.000000,0.000000,0.000000,0.707294,0.707294,0.000000,0.495669,-0.211625,-0.211625,-0.211625,0.246954,horizon_mpc_secbf,4,-0.231701,true,osqp,optimal,3275,6.643066,0,-0.036378,geometric,false,0.745127,-0.085356,0.084254,0.735590,,,0.740399,0.741459,1.467353,3.266342
local_crowding,context_ext,EESM-MPC-ECBF,22,2.200,-1.036694,0.095296,0.084254,0.735590,1.456753,0.018000,-0.176000,-0.060000,0.420000,child,crossing,distracted,8.005377,1.000000,1.000000,1.089028,0.489028,0.000000,0.000000,0.000000,0.000000,0.005821,0.005821,0.000000,0.489028,0.483206,0.483206,0.483206,0.000000,horizon_mpc_secbf,4,0.164792,true,osqp,optimal,50,3.080799,0,-0.231915,geometric,false,0.743001,-0.102220,0.627959,0.223901,,,0.666681,0.746619,1.534021,3.267182
local_crowding,context_ext,EESM-MPC-ECBF,23,2.300,-0.973898,0.117686,0.627959,0.223901,0.342502,0.012000,-0.134000,-0.060000,0.420000,child,crossing,distracted,0.583870,1.000000,1.000000,1.017517,0.417517,0.000000,0.000000,0.000000,0.000000,0.714437,0.714437,0.000000,0.417517,-0.296919,-0.296919,-0.296919,0.336406,horizon_mpc_secbf,4,-0.321184,true,osqp,optimal,2300,5.996469,0,-0.045598,geometric,false,0.741988,-0.109335,0.108379,0.735590,,,0.743531,0.729238,1.608374,3.208171
local_crowding,context_ext,EESM-MPC-ECBF,24,2.400,-0.963060,0.191245,0.108379,0.735590,1.424512,0.006000,-0.092000,-0.060000,0.420000,child,crossing,distracted,5.605041,1.000000,1.000000,1.009607,0.409607,0.000000,0.000000,0.000000,0.000000,0.009760,0.009760,0.000000,0.409607,0.399847,0.399847,0.399847,0.000000,horizon_mpc_secbf,4,0.079533,true,osqp,optimal,50,2.378018,0,-0.320944,geometric,false,0.739255,-0.126497,0.632636,0.220492,,,0.669958,0.734963,1.675370,3.209034
local_crowding,context_ext,EESM-MPC-ECBF,25,2.500,-0.899797,0.213295,0.632636,0.220492,0.335364,0.000000,-0.050000,-0.060000,0.420000,child,crossing,distracted,0.468275,1.000000,1.000000,0.937528,0.337528,0.000000,0.000000,0.000000,0.000000,0.720769,0.720769,0.000000,0.337528,-0.383241,-0.383241,-0.383241,0.425734,horizon_mpc_secbf,4,-0.410852,true,osqp,optimal,1925,5.005242,0,-0.054769,geometric,false,0.737915,-0.134094,0.133687,0.735588,,,0.747637,0.717128,1.750134,3.150562
local_crowding,context_ext,EESM-MPC-ECBF,26,2.600,-0.886428,0.286853,0.133687,0.735588,1.391017,-0.006000,-0.008000,-0.060000,0.420000,child,crossing,distracted,3.936714,1.000000,1.000000,0.928489,0.328489,0.000000,0.000000,0.000000,0.000000,0.009658,0.009658,0.000000,0.328489,0.318831,0.318831,0.318831,0.000009,horizon_mpc_secbf,4,0.000054,true,osqp,optimal,25,3.375703,0,-0.399652,geometric,false,0.734526,-0.151562,0.630318,0.218757,,,0.667200,0.716768,1.816854,3.151447
local_crowding,context_ext,EESM-MPC-ECBF,27,2.700,-0.823396,0.308729,0.630318,0.218757,0.334051,-0.012000,0.034000,-0.060000,0.420000,child,crossing,distracted,0.357247,1.000000,1.000000,0.856644,0.256644,0.000000,0.000000,0.000000,0.000000,0.715011,0.715011,0.000000,0.256644,-0.458367,-0.458367,-0.458367,0.502207,horizon_mpc_secbf,4,-0.488643,true,osqp,optimal,2400,5.436846,0,-0.064204,geometric,false,0.732808,-0.159662,0.159127,0.730282,,,0.747417,0.695470,1.891595,3.094325
local_crowding,context_ext,EESM-MPC-ECBF,28,2.800,-0.807483,0.381757,0.159127,0.730282,1.356252,-0.018000,0.076000,-0.060000,0.420000,child,crossing,distracted,2.672566,1.000000,1.000000,0.846624,0.246624,0.000000,0.000000,0.000000,0.000000,0.007094,0.007094,0.000000,0.246624,0.239530,0.239530,0.239530,0.000221,horizon_mpc_secbf,4,-0.000174,true,osqp,optimal,50,2.371980,0,-0.308351,geometric,false,0.728739,-0.177311,0.473162,0.278993,,,0.549290,0.549799,1.946524,3.095226
local_crowding,context_ext,EESM-MPC-ECBF,29,2.900,-0.760167,0.409657,0.473162,0.278993,0.532765,-0.024000,0.118000,-0.060000,0.420000,child,crossing,distracted,0.350314,1.000000,1.000000,0.791837,0.191837,0.000000,0.000000,0.000000,0.000000,0.539039,0.539039,0.000000,0.191837,-0.347202,-0.347202,-0.347202,0.390688,horizon_mpc_secbf,4,-0.379586,true,osqp,optimal,2025,4.902768,0,-0.073631,geometric,false,0.726460,-0.186429,0.184704,0.719687,,,0.743011,0.526705,2.020825,3.056087
local_crowding,context_ext,EESM-MPC-ECBF,30,3.000,-0.741697,0.481625,0.184704,0.719687,1.319573,-0.030000,0.160000,-0.060000,0.420000,child,crossing,distracted,1.817671,1.000000,1.000000,0.780996,0.180996,0.000000,0.000000,0.000000,0.000000,0.003751,0.003751,0.000000,0.180996,0.177246,0.177246,0.177246,0.000387,horizon_mpc_secbf,4,-0.000354,true,osqp,optimal,50,3.066479,0,-0.238536,geometric,false,0.721714,-0.204030,0.363168,0.345816,,,0.501477,0.414280,2.070973,3.056989
local_crowding,context_ext,EESM-MPC-ECBF,31,3.100,-0.705380,0.516207,0.363168,0.345816,0.760930,-0.036000,0.202000,-0.060000,0.420000,child,crossing,distracted,0.336374,1.000000,1.000000,0.739456,0.139456,0.000000,0.000000,0.000000,0.000000,0.395608,0.395608,0.000000,0.139456,-0.256152,-0.256152,-0.256152,0.296789,horizon_mpc_secbf,4,-0.289068,true,osqp,optimal,2200,5.074207,0,-0.082263,geometric,false,0.718737,-0.214283,0.211275,0.708685,,,0.739507,0.393376,2.144924,3.031757
local_crowding,context_ext,EESM-MPC-ECBF,32,3.200,-0.684253,0.587075,0.211275,0.708685,1.281062,-0.042000,0.244000,-0.060000,0.420000,child,crossing,distracted,1.240973,1.000000,1.000000,0.728141,0.128141,0.000000,0.000000,0.000000,0.000000,0.000000,0.000000,0.000000,0.128141,0.132629,0.132629,0.128141,0.000516,horizon_mpc_secbf,4,-0.000497,true,osqp,optimal,50,2.345308,0,-0.187594,geometric,false,0.713298,-0.231746,0.300111,0.422937,,,0.518597,0.299239,2.196783,3.032659
local_crowding,context_ext,EESM-MPC-ECBF,33,3.300,-0.654241,0.629369,0.300111,0.422937,0.953664,-0.048000,0.286000,-0.060000,0.420000,child,crossing,distracted,0.310133,1.000000,1.000000,0.696729,0.096729,0.000000,0.000000,0.000000,0.000000,0.271867,0.271867,0.000000,0.096729,-0.175138,-0.175138,-0.175138,0.209911,horizon_mpc_secbf,4,-0.206242,true,osqp,optimal,2450,5.960742,0,-0.088989,geometric,false,0.709401,-0.243415,0.239194,0.697121,,,0.737015,0.280869,2.270485,3.017591
local_crowding,context_ext,EESM-MPC-ECBF,34,3.400,-0.630322,0.699081,0.239194,0.697121,1.240267,-0.054000,0.328000,-0.060000,0.420000,child,crossing,distracted,0.841629,1.000000,1.000000,0.685455,0.085455,0.000000,0.000000,0.000000,0.000000,0.000000,0.000000,0.000000,0.085455,0.104958,0.104958,0.085455,0.000620,horizon_mpc_secbf,4,-0.000615,true,osqp,optimal,50,3.257955,0,-0.151922,geometric,false,0.703246,-0.260664,0.284587,0.515551,,,0.588882,0.187158,2.329373,3.018492
local_crowding,context_ext,EESM-MPC-ECBF,35,3.500,-0.601863,0.750636,0.284587,0.515551,1.066415,-0.060000,0.370000,-0.060000,0.420000,child,crossing,distracted,0.273923,1.000000,1.000000,0.662193,0.062193,0.000000,0.000000,0.000000,0.000000,0.146759,0.146759,0.000000,0.062193,-0.084566,-0.084566,-0.084566,0.110708,horizon_mpc_secbf,4,-0.110327,true,osqp,optimal,2175,5.464611,0,-0.090870,geometric,false,0.698072,-0.274219,0.268992,0.684777,,,0.735715,0.169943,2.402945,3.010289
local_crowding,context_ext,EESM-MPC-ECBF,36,3.600,-0.574964,0.819114,0.268992,0.684777,1.196498,-0.066000,0.412000,-0.060000,0.420000,child,crossing,distracted,0.565503,1.000000,1.000000,0.651756,0.051756,0.000000,0.000000,0.000000,0.000000,0.000000,0.000000,0.000000,0.051756,0.095577,0.095577,0.051756,0.000686,horizon_mpc_secbf,4,-0.000686,true,osqp,optimal,50,2.228980,0,-0.142046,geometric,false,0.691163,-0.291193,0.338836,0.607255,,,0.695391,0.104345,2.472484,3.011188
local_crowding,context_ext,EESM-MPC-ECBF,37,3.700,-0.541081,0.879840,0.338836,0.607255,1.061847,-0.072000,0.454000,-0.060000,0.420000,child,crossing,distracted,0.197963,1.000000,1.000000,0.633542,0.033542,0.000000,0.000000,0.000000,0.000000,0.016436,0.016436,0.000000,0.033542,0.017106,0.017106,0.017106,0.000820,horizon_mpc_secbf,4,-0.000020,true,osqp,optimal,200,2.232850,0,-0.093154,geometric,false,0.684281,-0.307016,0.313611,0.666289,,,0.736405,0.064197,2.546124,3.004335
local_crowding,context_ext,EESM-MPC-ECBF,38,3.800,-0.509720,0.946468,0.313611,0.666289,1.130877,-0.078000,0.496000,-0.060000,0.420000,child,crossing,distracted,0.296694,1.000000,1.000000,0.623942,0.023942,0.000000,0.000000,0.000000,0.000000,0.000000,0.000000,0.000000,0.023942,0.099177,0.099177,0.023942,0.000874,horizon_mpc_secbf,4,0.001392,true,osqp,optimal,125,2.514270,0,-0.105413,geometric,false,0.676551,-0.323696,0.363601,0.645590,,,0.740940,0.054106,2.620218,3.003899
local_crowding,context_ext,EESM-MPC-ECBF,39,3.900,-0.473359,1.011027,0.363601,0.645590,1.057870,-0.084000,0.538000,-0.060000,0.420000,child,crossing,distracted,0.133247,1.000000,1.000000,0.612663,0.012663,0.000000,0.000000,0.000000,0.000000,0.000000,0.000000,0.000000,0.012663,0.099456,0.099456,0.012663,0.001076,horizon_mpc_secbf,4,0.001513,true,osqp,optimal,200,2.886847,0,-0.081952,geometric,false,0.668368,-0.340271,0.364282,0.645297,,,0.741019,0.000741,2.694320,2.999874
local_crowding,context_ext,EESM-MPC-ECBF,40,4.000,-0.436931,1.075557,0.364282,0.645297,1.056875,-0.090000,0.580000,-0.060000,0.420000,child,crossing,distracted,0.083862,1.000000,1.000000,0.604928,0.004928,0.000000,0.000000,0.000000,0.000000,0.000000,0.000000,0.000000,0.004928,0.124992,0.124992,0.004928,0.001387,horizon_mpc_secbf,4,0.001291,true,osqp,optimal,250,2.490343,0,-0.048804,geometric,false,0.659760,-0.356674,0.360298,0.646959,,,0.740520,0.004317,2.768372,2.997602
local_crowding,context_ext,EESM-MPC-ECBF,41,4.100,-0.400901,1.140253,0.360298,0.646959,1.062663,-0.096000,0.622000,-0.060000,0.420000,child,crossing,distracted,0.073749,1.000000,1.000000,0.601291,0.001291,0.000000,0.000000,0.000000,0.000000,0.000000,0.000000,0.000000,0.001291,0.154093,0.154093,0.001291,0.001790,horizon_mpc_secbf,4,-0.000002,true,osqp,optimal,325,2.483696,0,-0.029808,geometric,false,0.650748,-0.372863,0.378096,0.639584,,,0.742983,0.019266,2.842671,2.997589
local_crowding,context_ext,EESM-MPC-ECBF,42,4.200,-0.363092,1.204211,0.378096,0.639584,1.036902,-0.102000,0.664000,-0.060000,0.420000,child,crossing,distracted,,0.000000,1.000000,0.599998,-0.000002,0.000000,0.000000,0.000000,0.000000,0.000000,0.000000,0.000000,-0.000002,-0.000002,-0.000002,-0.000002,0.001198,horizon_mpc_secbf,4,-0.000169,true,osqp,optimal,1550,4.359338,1,-0.022863,geometric,false,0.641307,-0.388877,0.416625,0.623638,,,0.750000,0.041698,2.917671,2.997501
local_crowding,context_ext,EESM-MPC-ECBF,43,4.300,-0.321429,1.266575,0.416625,0.623638,0.981833,-0.108000,0.706000,-0.060000,0.420000,child,crossing,distracted,,0.000000,1.000000,0.599830,-0.000170,0.000000,0.000000,0.000000,0.000000,0.000000,0.000000,0.000000,-0.000170,-0.000170,-0.000170,-0.000170,0.001372,horizon_mpc_secbf,4,0.000073,true,osqp,optimal,250,2.669530,0,-0.020439,geometric,false,0.631378,-0.404798,0.449467,0.590814,,,0.742349,0.046433,2.991906,2.995150
local_crowding,context_ext,EESM-MPC-ECBF,44,4.400,-0.276483,1.325657,0.449467,0.590814,0.920445,-0.114000,0.748000,-0.060000,0.420000,child,crossing,distracted,,0.000000,1.000000,0.600073,0.000073,0.000000,0.000000,0.000000,0.000000,0.000000,0.000000,0.000000,0.000073,0.000073,0.000073,0.000073,0.001562,horizon_mpc_secbf,4,0.000114,true,osqp,optimal,400,3.027480,1,-0.024737,geometric,false,0.621167,-0.420299,0.492321,0.547961,,,0.736642,0.060604,3.065570,2.990116
local_crowding,context_ext,EESM-MPC-ECBF,45,4.500,-0.227251,1.380453,0.492321,0.547961,0.838833,-0.120000,0.790000,-0.060000,0.420000,child,crossing,distracted,,0.000000,1.000000,0.600114,0.000114,0.000000,0.000000,0.000000,0.000000,0.000000,0.000000,0.000000,0.000114,0.000114,0.000114,0.000114,0.000811,horizon_mpc_secbf,4,0.000116,true,osqp,optimal,975,4.177496,0,-0.029771,geometric,false,0.610692,-0.435379,0.542113,0.498170,,,0.736247,0.070416,3.139194,2.980941
local_crowding,context_ext,EESM-MPC-ECBF,46,4.600,-0.173039,1.430270,0.542113,0.498170,0.743181,-0.126000,0.832000,-0.060000,0.420000,child,crossing,distracted,,0.000000,1.000000,0.600116,0.000116,0.000000,0.000000,0.000000,0.000000,0.000000,0.000000,0.000000,0.000116,0.000116,0.000116,0.000116,0.000627,horizon_mpc_secbf,4,-0.000219,true,osqp,optimal,275,3.844274,0,-0.039845,geometric,false,0.599941,-0.450079,0.608435,0.431843,,,0.746111,0.093796,3.213805,2.966593
local_crowding,context_ext,EESM-MPC-ECBF,47,4.700,-0.112196,1.473454,0.608435,0.431843,0.617247,-0.132000,0.874000,-0.060000,0.420000,child,crossing,distracted,,0.000000,1.000000,0.599781,-0.000219,0.000000,0.000000,0.000000,0.000000,0.000000,0.000000,0.000000,-0.000219,-0.000219,-0.000219,-0.000219,0.000334,horizon_mpc_secbf,4,0.000137,true,osqp,optimal,225,2.389912,0,-0.038421,geometric,false,0.588905,-0.464425,0.647883,0.358057,,,0.740241,0.083670,3.287830,2.944696
local_crowding,context_ext,EESM-MPC-ECBF,48,4.800,-0.047407,1.509260,0.647883,0.358057,0.504881,-0.138000,0.916000,-0.060000,0.420000,child,crossing,distracted,,0.000000,1.000000,0.600137,0.000137,0.000000,0.000000,0.000000,0.000000,0.000000,0.000000,0.000000,0.000137,0.000137,0.000137,0.000137,0.000274,horizon_mpc_secbf,4,-0.000042,true,osqp,optimal,225,3.482272,0,-0.050690,geometric,false,0.577880,-0.478074,0.691152,0.253604,,,0.736211,0.113061,3.361451,2.916794
local_crowding,context_ext,EESM-MPC-ECBF,49,4.900,0.021708,1.534620,0.691152,0.253604,0.351676,-0.144000,0.958000,-0.060000,0.420000,child,crossing,distracted,,0.000000,1.000000,0.599958,-0.000042,0.000000,0.000000,0.000000,0.000000,0.000000,0.000000,0.000000,-0.000042,-0.000042,-0.000042,-0.000042,0.000236,horizon_mpc_secbf,4,-0.000018,true,osqp,optimal,125,3.536123,1,-0.059353,geometric,false,0.567183,-0.490717,0.735594,0.129407,,,0.746890,0.131908,3.436140,2.880408
local_crowding,context_ext,EESM-MPC-ECBF,50,5.000,0.095267,1.547561,0.735594,0.129407,0.174140,-0.150000,1.000000,-0.060000,0.420000,child,crossing,distracted,,0.000000,1.000000,0.599982,-0.000018,0.000000,0.000000,0.000000,0.000000,0.000000,0.000000,0.000000,-0.000018,-0.000018,-0.000018,-0.000018,0.000252,horizon_mpc_secbf,4,-0.000169,true,osqp,optimal,125,3.390242,1,-0.069647,geometric,false,0.557036,-0.502206,0.735593,-0.012939,,,0.735706,0.142346,3.509710,2.833838
local_crowding,context_ext,EESM-MPC-ECBF,51,5.100,0.168826,1.546267,0.735593,-0.012939,-0.017588,-0.156000,1.042000,-0.060000,0.420000,child,crossing,distracted,,0.000000,1.000000,0.599831,-0.000169,0.000000,0.000000,0.000000,0.000000,0.000000,0.000000,0.000000,-0.000169,-0.000169,-0.000169,-0.000169,0.000032,horizon_mpc_secbf,4,-0.000024,true,osqp,optimal,50,2.341180,0,-0.079548,geometric,false,0.548223,-0.511811,0.722307,-0.178388,,,0.744009,0.165982,3.584111,2.778758
local_crowding,context_ext,EESM-MPC-ECBF,52,5.200,0.241057,1.528428,0.722307,-0.178388,-0.242125,-0.162000,1.084000,-0.060000,0.420000,child,crossing,distracted,,0.000000,1.000000,0.599976,-0.000024,0.000000,0.000000,0.000000,0.000000,0.000000,0.000000,0.000000,-0.000024,-0.000024,-0.000024,-0.000024,0.000000,horizon_mpc_secbf,4,0.010814,true,osqp,optimal,50,3.316620,1,0.025646,geometric,false,0.541338,-0.519089,0.699289,-0.233954,,,0.737387,0.060145,3.657850,2.714028
local_crowding,context_ext,EESM-MPC-ECBF,53,5.300,0.310986,1.505033,0.699289,-0.233954,-0.322854,-0.168000,1.126000,-0.060000,0.420000,child,crossing,distracted,,0.000000,1.000000,0.610814,0.010814,0.000000,0.000000,0.000000,0.000000,0.000000,0.000000,0.000000,0.010814,0.010814,0.010814,0.010814,0.000000,horizon_mpc_secbf,4,0.035547,true,osqp,optimal,50,3.713160,0,0.179689,geometric,false,0.535121,-0.525495,0.690202,-0.255892,,,0.736112,0.023745,3.731461,2.647550
local_crowding,context_ext,EESM-MPC-ECBF,54,5.400,0.380006,1.479443,0.690202,-0.255892,-0.355039,-0.174000,1.168000,-0.060000,0.420000,child,crossing,distracted,,0.000000,1.000000,0.635547,0.035547,0.000000,0.000000,0.000000,0.000000,0.000000,0.000000,0.000000,0.035547,0.035547,0.035547,0.035547,0.000000,horizon_mpc_secbf,4,0.073273,true,osqp,optimal,50,2.153456,0,0.342706,geometric,false,0.528955,-0.531702,0.682621,-0.274196,,,0.735632,0.019812,3.805024,2.580550
local_crowding,context_ext,EESM-MPC-ECBF,55,5.500,0.448268,1.452024,0.682621,-0.274196,-0.381954,-0.180000,1.210000,-0.060000,0.420000,child,crossing,distracted,,0.000000,1.000000,0.673273,0.073273,0.000000,0.000000,0.000000,0.000000,0.000000,0.000000,0.000000,0.073273,0.073273,0.073273,0.073273,0.000000,horizon_mpc_secbf,4,0.122166,true,osqp,optimal,50,2.567714,0,0.502049,geometric,false,0.522773,-0.537781,0.674481,-0.293847,,,0.735711,0.021271,3.878595,2.513136
local_crowding,context_ext,EESM-MPC-ECBF,56,5.600,0.515716,1.422639,0.674481,-0.293847,-0.410869,-0.186000,1.252000,-0.060000,0.420000,child,crossing,distracted,,0.000000,1.000000,0.722166,0.122166,0.000000,0.000000,0.000000,0.000000,0.000000,0.000000,0.000000,0.122166,0.122166,0.122166,0.122166,0.000000,horizon_mpc_secbf,4,0.180338,true,osqp,optimal,50,3.153507,0,0.653432,geometric,false,0.516607,-0.543707,0.665569,-0.315362,,,0.736502,0.023288,3.952246,2.445212
local_crowding,context_ext,EESM-MPC-ECBF,57,5.700,0.582273,1.391103,0.665569,-0.315362,-0.442488,-0.192000,1.294000,-0.060000,0.420000,child,crossing,distracted,,0.000000,1.000000,0.780338,0.180338,0.000000,0.000000,0.000000,0.000000,0.000000,0.000000,0.000000,0.180338,0.180338,0.180338,0.180338,0.000000,horizon_mpc_secbf,4,0.246138,true,osqp,optimal,50,3.354100,0,0.796369,geometric,false,0.510506,-0.549440,0.655982,-0.338508,,,0.738173,0.025053,4.026063,2.376653
local_crowding,context_ext,EESM-MPC-ECBF,58,5.800,0.647872,1.357252,0.655982,-0.338508,-0.476391,-0.198000,1.336000,-0.060000,0.420000,child,crossing,distracted,,0.000000,1.000000,0.846138,0.246138,0.000000,0.000000,0.000000,0.000000,0.000000,0.000000,0.000000,0.246138,0.246138,0.246138,0.246138,0.000000,horizon_mpc_secbf,4,0.318230,true,osqp,optimal,50,3.019600,0,0.932099,geometric,false,0.504519,-0.554942,0.645848,-0.362973,,,0.740857,0.026480,4.100149,2.307339
local_crowding,context_ext,EESM-MPC-ECBF,59,5.900,0.712456,1.320955,0.645848,-0.362973,-0.512016,-0.204000,1.378000,-0.060000,0.420000,child,crossing,distracted,,0.000000,1.000000,0.918230,0.318230,0.000000,0.000000,0.000000,0.000000,0.000000,0.000000,0.000000,0.318230,0.318230,0.318230,0.318230,0.000000,horizon_mpc_secbf,4,0.395581,true,osqp,optimal,50,2.605554,0,1.062404,geometric,false,0.498694,-0.560182,0.635291,-0.388460,,,0.744645,0.027588,4.174613,2.237158
local_crowding,context_ext,EESM-MPC-ECBF,60,6.000,0.775985,1.282109,0.635291,-0.388460,-0.548809,-0.210000,1.420000,-0.060000,0.420000,child,crossing,distracted,,0.000000,1.000000,0.995581,0.395581,0.000000,0.000000,0.000000,0.000000,0.000000,0.000000,0.000000,0.395581,0.395581,0.395581,0.395581,0.000000,horizon_mpc_secbf,4,0.477296,true,osqp,optimal,50,3.385299,0,1.187870,geometric,false,0.493078,-0.565132,0.623348,-0.414111,,,0.748365,0.028295,4.249450,2.166009
local_crowding,context_ext,EESM-MPC-ECBF,61,6.100,0.838320,1.240698,0.623348,-0.414111,-0.586386,-0.216000,1.462000,-0.060000,0.420000,child,crossing,distracted,,0.000000,1.000000,1.077296,0.477296,0.000000,0.000000,0.000000,0.000000,0.000000,0.000000,0.000000,0.477296,0.477296,0.477296,0.477296,0.000000,horizon_mpc_secbf,4,0.562008,true,osqp,optimal,50,2.614440,0,1.303237,geometric,false,0.487727,-0.569757,0.604261,-0.436019,,,0.745147,0.029056,4.323964,2.093918
local_crowding,context_ext,EESM-MPC-ECBF,62,6.200,0.898746,1.197096,0.604261,-0.436019,-0.625058,-0.222000,1.504000,-0.060000,0.420000,child,crossing,distracted,,0.000000,1.000000,1.162008,0.562008,0.000000,0.000000,0.000000,0.000000,0.000000,0.000000,0.000000,0.562008,0.562008,0.562008,0.562008,0.000000,horizon_mpc_secbf,4,0.649038,true,osqp,optimal,50,2.152768,0,1.413998,geometric,false,0.482762,-0.573969,0.583170,-0.457110,,,0.740970,0.029828,4.398061,2.021575
local_crowding,context_ext,EESM-MPC-ECBF,63,6.300,0.957063,1.151385,0.583170,-0.457110,-0.664807,-0.228000,1.546000,-0.060000,0.420000,child,crossing,distracted,,0.000000,1.000000,1.249038,0.649038,0.000000,0.000000,0.000000,0.000000,0.000000,0.000000,0.000000,0.649038,0.649038,0.649038,0.649038,0.000000,horizon_mpc_secbf,4,0.738031,true,osqp,optimal,50,3.255858,0,1.522881,geometric,false,0.478270,-0.577718,0.561846,-0.478434,,,0.737950,0.030156,4.471856,1.949115
local_crowding,context_ext,EESM-MPC-ECBF,64,6.400,1.013248,1.103541,0.561846,-0.478434,-0.705387,-0.234000,1.588000,-0.060000,0.420000,child,crossing,distracted,,0.000000,1.000000,1.338031,0.738031,0.000000,0.000000,0.000000,0.000000,0.000000,0.000000,0.000000,0.738031,0.738031,0.738031,0.738031,0.000000,horizon_mpc_secbf,4,0.828742,true,osqp,optimal,50,3.698264,0,1.630803,geometric,false,0.474327,-0.580959,0.540485,-0.499795,,,0.736151,0.030210,4.545472,1.876476
local_crowding,context_ext,EESM-MPC-ECBF,65,6.500,1.067296,1.053562,0.540485,-0.499795,-0.746304,-0.240000,1.630000,-0.060000,0.420000,child,crossing,distracted,,0.000000,1.000000,1.428742,0.828742,0.000000,0.000000,0.000000,0.000000,0.000000,0.000000,0.000000,0.828742,0.828742,0.828742,0.828742,0.000000,horizon_mpc_secbf,4,0.921005,true,osqp,optimal,50,2.574620,0,1.738423,geometric,false,0.471016,-0.583647,0.519253,-0.521027,,,0.735590,0.030027,4.619031,1.803608
local_crowding,context_ext,EESM-MPC-ECBF,66,6.600,1.119222,1.001459,0.519253,-0.521027,-0.787104,-0.246000,1.672000,-0.060000,0.420000,child,crossing,distracted,,0.000000,1.000000,1.521005,0.921005,0.000000,0.000000,0.000000,0.000000,0.000000,0.000000,0.000000,0.921005,0.921005,0.921005,0.921005,0.000000,horizon_mpc_secbf,4,1.014710,true,osqp,optimal,50,2.271037,0,1.846263,geometric,false,0.468418,-0.585734,0.498404,-0.541876,,,0.736231,0.029484,4.692654,1.730469
local_crowding,context_ext,EESM-MPC-ECBF,67,6.700,1.169062,0.947272,0.498404,-0.541876,-0.827162,-0.252000,1.714000,-0.060000,0.420000,child,crossing,distracted,,0.000000,1.000000,1.614710,1.014710,0.000000,0.000000,0.000000,0.000000,0.000000,0.000000,0.000000,1.014710,1.014710,1.014710,1.014710,0.000000,horizon_mpc_secbf,4,1.109805,true,osqp,optimal,50,3.140441,0,1.954833,geometric,false,0.466620,-0.587167,0.478539,-0.561741,,,0.737938,0.028093,4.766447,1.657029
local_crowding,context_ext,EESM-MPC-ECBF,68,6.800,1.216916,0.891098,0.478539,-0.561741,-0.865208,-0.258000,1.756000,-0.060000,0.420000,child,crossing,distracted,,0.000000,1.000000,1.709805,1.109805,0.000000,0.000000,0.000000,0.000000,0.000000,0.000000,0.000000,1.109805,1.109805,1.109805,1.109805,0.000000,horizon_mpc_secbf,4,1.206331,true,osqp,optimal,50,3.431409,0,2.065207,geometric,false,0.465687,-0.587908,0.462377,-0.577903,,,0.740111,0.022857,4.840458,1.583281
local_crowding,context_ext,EESM-MPC-ECBF,69,6.900,1.263154,0.833307,0.462377,-0.577903,-0.895998,-0.264000,1.798000,-0.060000,0.420000,child,crossing,distracted,,0.000000,1.000000,1.806331,1.206331,0.000000,0.000000,0.000000,0.000000,0.000000,0.000000,0.000000,1.206331,1.206331,1.206331,1.206331,0.000000,horizon_mpc_secbf,4,1.304549,true,osqp,optimal,50,2.701804,0,2.180018,geometric,false,0.465546,-0.588020,0.459499,-0.580781,,,0.740571,0.004070,4.914516,1.509270
local_crowding,context_ext,EESM-MPC-ECBF,70,7.000,1.309104,0.775229,0.459499,-0.580781,-0.901460,-0.270000,1.840000,-0.060000,0.420000,child,crossing,distracted,,0.000000,1.000000,1.904549,1.304549,0.000000,0.000000,0.000000,0.000000,0.000000,0.000000,0.000000,1.304549,1.304549,1.304549,1.304549,0.000000,horizon_mpc_secbf,4,1.404286,true,osqp,optimal,50,2.489790,0,2.294650,geometric,false,0.465556,-0.588012,0.459013,-0.581267,,,0.740651,0.000688,4.988581,1.435213
local_crowding,context_ext,EESM-MPC-ECBF,71,7.100,1.355005,0.717103,0.459013,-0.581267,-0.902382,-0.276000,1.882000,-0.060000,0.420000,child,crossing,distracted,,0.000000,1.000000,2.004286,1.404286,0.000000,0.000000,0.000000,0.000000,0.000000,0.000000,0.000000,1.404286,1.404286,1.404286,1.404286,0.000000,horizon_mpc_secbf,4,1.505340,true,osqp,optimal,50,2.199147,0,2.408565,geometric,false,0.465597,-0.587979,0.458960,-0.581320,,,0.740660,0.000075,5.062647,1.361148
local_crowding,context_ext,EESM-MPC-ECBF,72,7.200,1.400901,0.658970,0.458960,-0.581320,-0.902483,-0.282000,1.924000,-0.060000,0.420000,child,crossing,distracted,,0.000000,1.000000,2.105340,1.505340,0.000000,0.000000,0.000000,0.000000,0.000000,0.000000,0.000000,1.505340,1.505340,1.505340,1.505340,0.000000,horizon_mpc_secbf,4,1.607530,true,osqp,optimal,50,2.089157,0,2.521836,geometric,false,0.465646,-0.587941,0.458987,-0.581293,,,0.740656,0.000038,5.136712,1.287082
local_crowding,context_ext,EESM-MPC-ECBF,73,7.300,1.446800,0.600841,0.458987,-0.581293,-0.902431,-0.288000,1.966000,-0.060000,0.420000,child,crossing,distracted,,0.000000,1.000000,2.207530,1.607530,0.000000,0.000000,0.000000,0.000000,0.000000,0.000000,0.000000,1.607530,1.607530,1.607530,1.607530,0.000000,horizon_mpc_secbf,4,1.710706,true,osqp,optimal,50,2.887480,0,2.634596,geometric,false,0.465699,-0.587899,0.459031,-0.581249,,,0.740649,0.000062,5.210777,1.213017
local_crowding,context_ext,EESM-MPC-ECBF,74,7.400,1.492703,0.542716,0.459031,-0.581249,-0.902348,-0.294000,2.008000,-0.060000,0.420000,child,crossing,distracted,,0.000000,1.000000,2.310706,1.710706,0.000000,0.000000,0.000000,0.000000,0.000000,0.000000,0.000000,1.710706,1.710706,1.710706,1.710706,0.000000,horizon_mpc_secbf,4,1.814742,true,osqp,optimal,50,3.449707,0,2.746963,geometric,false,0.465755,-0.587854,0.459081,-0.581200,,,0.740641,0.000070,5.284841,1.138952
local_crowding,context_ext,EESM-MPC-ECBF,75,7.500,1.538611,0.484596,0.459081,-0.581200,-0.902254,-0.300000,2.050000,-0.060000,0.420000,child,crossing,distracted,,0.000000,1.000000,2.414742,1.814742,0.000000,0.000000,0.000000,0.000000,0.000000,0.000000,0.000000,1.814742,1.814742,1.814742,1.814742,0.000000,horizon_mpc_secbf,4,1.919530,true,osqp,optimal,50,3.649623,0,2.859029,geometric,false,0.465816,-0.587806,0.459134,-0.581146,,,0.740632,0.000076,5.358904,1.064888
local_crowding,context_ext,EESM-MPC-ECBF,76,7.600,1.584524,0.426482,0.459134,-0.581146,-0.902152,-0.306000,2.092000,-0.060000,0.420000,child,crossing,distracted,,0.000000,1.000000,2.519530,1.919530,0.000000,0.000000,0.000000,0.000000,0.000000,0.000000,0.000000,1.919530,1.919530,1.919530,1.919530,0.000000,horizon_mpc_secbf,4,2.024981,true,osqp,optimal,50,3.299896,0,2.970868,geometric,false,0.465881,-0.587754,0.459192,-0.581089,,,0.740622,0.000082,5.432967,0.990825
local_crowding,context_ext,EESM-MPC-ECBF,77,7.700,1.630444,0.368373,0.459192,-0.581089,-0.902043,-0.312000,2.134000,-0.060000,0.420000,child,crossing,distracted,,0.000000,1.000000,2.624981,2.024981,0.000000,0.000000,0.000000,0.000000,0.000000,0.000000,0.000000,2.024981,2.024981,2.024981,2.024981,0.000000,horizon_mpc_secbf,4,2.131017,true,osqp,optimal,50,2.513161,0,3.082536,geometric,false,0.465952,-0.587698,0.459255,-0.581026,,,0.740612,0.000088,5.507028,0.916763
local_crowding,context_ext,EESM-MPC-ECBF,78,7.800,1.676369,0.310270,0.459255,-0.581026,-0.901925,-0.318000,2.176000,-0.060000,0.420000,child,crossing,distracted,,0.000000,1.000000,2.731017,2.131017,0.000000,0.000000,0.000000,0.000000,0.000000,0.000000,0.000000,2.131017,2.131017,2.131017,2.131017,0.000000,horizon_mpc_secbf,4,2.237573,true,osqp,optimal,50,3.461900,0,3.194079,geometric,false,0.466029,-0.587637,0.459322,-0.580959,,,0.740601,0.000096,5.581088,0.842702
local_crowding,context_ext,EESM-MPC-ECBF,79,7.900,1.722301,0.252174,0.459322,-0.580959,-0.901796,-0.324000,2.218000,-0.060000,0.420000,child,crossing,distracted,,0.000000,1.000000,2.837573,2.237573,0.000000,0.000000,0.000000,0.000000,0.000000,0.000000,0.000000,2.237573,2.237573,2.237573,2.237573,0.000000,horizon_mpc_secbf,4,2.344591,true,osqp,optimal,50,3.684400,0,3.305530,geometric,false,0.466113,-0.587570,0.459397,-0.580884,,,0.740589,0.000105,5.655147,0.768642
local_crowding,context_ext,EESM-MPC-ECBF,80,8.000,1.768241,0.194086,0.459397,-0.580884,-0.901655,-0.330000,2.260000,-0.060000,0.420000,child,crossing,distracted,,0.000000,1.000000,2.944591,2.344591,0.000000,0.000000,0.000000,0.000000,0.000000,0.000000,0.000000,2.344591,2.344591,2.344591,2.344591,0.000000,horizon_mpc_secbf,4,2.452023,true,osqp,optimal,50,3.776091,0,3.416918,geometric,false,0.466207,-0.587496,0.459479,-0.580802,,,0.740575,0.000116,5.729204,0.694583
local_crowding,context_ext,EESM-MPC-ECBF,81,8.100,1.814189,0.136006,0.459479,-0.580802,-0.901499,-0.336000,2.302000,-0.060000,0.420000,child,crossing,distracted,,0.000000,1.000000,3.052023,2.452023,0.000000,0.000000,0.000000,0.000000,0.000000,0.000000,0.000000,2.452023,2.452023,2.452023,2.452023,0.000000,horizon_mpc_secbf,4,2.559826,true,osqp,optimal,50,2.202983,0,3.528262,geometric,false,0.466312,-0.587412,0.459571,-0.580710,,,0.740560,0.000130,5.803260,0.620525
local_crowding,context_ext,EESM-MPC-ECBF,82,8.200,1.860146,0.077935,0.459571,-0.580710,-0.901324,-0.342000,2.344000,-0.060000,0.420000,child,crossing,distracted,,0.000000,1.000000,3.159826,2.559826,0.000000,0.000000,0.000000,0.000000,0.000000,0.000000,0.000000,2.559826,2.559826,2.559826,2.559826,0.000000,horizon_mpc_secbf,4,2.667963,true,osqp,optimal,50,2.174122,0,3.639581,geometric,false,0.466431,-0.587317,0.459676,-0.580605,,,0.740543,0.000148,5.877315,0.546469
local_crowding,context_ext,EESM-MPC-ECBF,83,8.300,1.906113,0.019874,0.459676,-0.580605,-0.901126,-0.348000,2.386000,-0.060000,0.420000,child,crossing,distracted,,0.000000,1.000000,3.267963,2.667963,0.000000,0.000000,0.000000,0.000000,0.000000,0.000000,0.000000,2.667963,2.667963,2.667963,2.667963,0.000000,horizon_mpc_secbf,4,2.776401,true,osqp,optimal,50,2.172050,0,3.750885,geometric,false,0.466570,-0.587207,0.459797,-0.580484,,,0.740523,0.000171,5.951367,0.472415
local_crowding,context_ext,EESM-MPC-ECBF,84,8.400,1.952093,-0.038174,0.459797,-0.580484,-0.900896,-0.354000,2.428000,-0.060000,0.420000,child,crossing,distracted,,0.000000,1.000000,3.376401,2.776401,0.000000,0.000000,0.000000,0.000000,0.000000,0.000000,0.000000,2.776401,2.776401,2.776401,2.776401,0.000000,horizon_mpc_secbf,4,2.885111,true,osqp,optimal,50,2.337280,0,3.862185,geometric,false,0.466735,-0.587076,0.459940,-0.580340,,,0.740500,0.000203,6.025417,0.398363
local_crowding,context_ext,EESM-MPC-ECBF,85,8.500,1.998087,-0.096208,0.459940,-0.580340,-0.900624,-0.360000,2.470000,-0.060000,0.420000,child,crossing,distracted,,0.000000,1.000000,3.485111,2.885111,0.000000,0.000000,0.000000,0.000000,0.000000,0.000000,0.000000,2.885111,2.885111,2.885111,2.885111,0.000000,horizon_mpc_secbf,4,2.994069,true,osqp,optimal,50,3.456117,0,3.973486,geometric,false,0.466939,-0.586914,0.460117,-0.580164,,,0.740471,0.000249,6.099464,0.324313
local_crowding,context_ext,EESM-MPC-ECBF,86,8.600,2.044099,-0.154225,0.460117,-0.580164,-0.900289,-0.366000,2.512000,-0.060000,0.420000,child,crossing,distracted,,0.000000,1.000000,3.594069,2.994069,0.000000,0.000000,0.000000,0.000000,0.000000,0.000000,0.000000,2.994069,2.994069,2.994069,2.994069,0.000000,horizon_mpc_secbf,4,3.103250,true,osqp,optimal,50,3.637966,0,4.084792,geometric,false,0.467206,-0.586701,0.460345,-0.579935,,,0.740434,0.000323,6.173508,0.250266
local_crowding,context_ext,EESM-MPC-ECBF,87,8.700,2.090133,-0.212218,0.460345,-0.579935,-0.899855,-0.372000,2.554000,-0.060000,0.420000,child,crossing,distracted,,0.000000,1.000000,3.703250,3.103250,0.000000,0.000000,0.000000,0.000000,0.000000,0.000000,0.000000,3.103250,3.103250,3.103250,3.103250,0.000000,horizon_mpc_secbf,4,3.212635,true,osqp,optimal,50,2.691147,0,4.196101,geometric,false,0.467589,-0.586396,0.460670,-0.579611,,,0.740382,0.000459,6.247546,0.176223
local_crowding,context_ext,EESM-MPC-ECBF,88,8.800,2.136200,-0.270179,0.460670,-0.579611,-0.899239,-0.378000,2.596000,-0.060000,0.420000,child,crossing,distracted,,0.000000,1.000000,3.812635,3.212635,0.000000,0.000000,0.000000,0.000000,0.000000,0.000000,0.000000,3.212635,3.212635,3.212635,3.212635,0.000000,horizon_mpc_secbf,4,3.322202,true,osqp,optimal,50,2.150762,0,4.307399,geometric,false,0.468266,-0.585856,0.461230,-0.579051,,,0.740292,0.000792,6.321575,0.102185
local_crowding,context_ext,EESM-MPC-ECBF,89,8.900,2.182323,-0.328084,0.461230,-0.579051,-0.898177,-0.384000,2.638000,-0.060000,0.420000,child,crossing,distracted,,0.000000,1.000000,3.922202,3.322202,0.000000,0.000000,0.000000,0.000000,0.000000,0.000000,0.000000,3.322202,3.322202,3.322202,3.322202,0.000001,horizon_mpc_secbf,4,3.393965,true,osqp,optimal,25,2.156241,0,4.039098,geometric,false,0.176767,-0.219157,0.225571,-0.280903,,,0.360262,0.380036,6.357601,0.028156
local_crowding,context_ext,EESM-MPC-ECBF,90,9.000,2.204880,-0.356175,0.225571,-0.280903,-0.894215,-0.390000,2.680000,-0.060000,0.420000,child,crossing,distracted,,0.000000,1.000000,3.993965,3.393965,0.000000,0.000000,0.000000,0.000000,0.000000,0.000000,0.000000,3.393965,3.393965,3.393965,3.393965,0.000000,horizon_mpc_secbf,4,3.429518,true,osqp,optimal,25,2.761673,0,3.748857,geometric,false,-0.048804,0.061746,-0.001729,0.002956,,,0.003424,0.363650,6.357944,0.007870
local_crowding,context_ext,EESM-MPC-ECBF,91,9.100,2.204708,-0.355879,-0.001729,0.002956,2.099898,-0.396000,2.722000,-0.060000,0.420000,child,crossing,distracted,,0.000000,1.000000,4.029518,3.429518,0.000000,0.000000,0.000000,0.000000,0.000000,0.000000,0.000000,3.429518,3.429518,3.429518,3.429518,0.000000,horizon_mpc_secbf,4,3.459239,true,osqp,optimal,25,2.770571,0,3.726104,geometric,false,-0.047076,0.058789,-0.039295,0.049209,,,0.062973,0.059587,6.364241,0.007531
local_crowding,context_ext,EESM-MPC-ECBF,92,9.200,2.200778,-0.350958,-0.039295,0.049209,2.244635,-0.402000,2.764000,-0.060000,0.420000,child,crossing,distracted,,0.000000,1.000000,4.059239,3.459239,0.000000,0.000000,0.000000,0.000000,0.000000,0.000000,0.000000,3.459239,3.459239,3.459239,3.459239,0.000000,horizon_mpc_secbf,4,3.493274,true,osqp,optimal,25,2.294190,0,3.798983,geometric,false,-0.007781,0.009580,-0.013188,0.016379,,,0.021028,0.041945,6.366344,0.001234
local_crowding,context_ext,EESM-MPC-ECBF,93,9.300,2.199459,-0.349320,-0.013188,0.016379,2.248666,-0.408000,2.806000,-0.060000,0.420000,child,crossing,distracted,,0.000000,1.000000,4.093274,3.493274,0.000000,0.000000,0.000000,0.000000,0.000000,0.000000,0.000000,3.493274,3.493274,3.493274,3.493274,0.000000,horizon_mpc_secbf,4,3.529890,true,osqp,optimal,25,2.592457,0,3.858841,geometric,false,0.005407,-0.006799,0.002216,-0.002822,,,0.003589,0.024617,6.366703,0.000869
local_crowding,context_ext,EESM-MPC-ECBF,94,9.400,2.199681,-0.349602,0.002216,-0.002822,-0.905062,-0.414000,2.848000,-0.060000,0.420000,child,crossing,distracted,,0.000000,1.000000,4.129890,3.529890,0.000000,0.000000,0.000000,0.000000,0.000000,0.000000,0.000000,3.529890,3.529890,3.529890,3.529890,0.000000,horizon_mpc_secbf,4,3.566747,true,osqp,optimal,25,3.134867,0,3.897889,geometric,false,0.003190,-0.003977,0.003023,-0.003779,,,0.004839,0.001251,6.367187,0.000510
local_crowding,context_ext,EESM-MPC-ECBF,95,9.500,2.199983,-0.349980,0.003023,-0.003779,-0.896015,-0.420000,2.890000,-0.060000,0.420000,child,crossing,distracted,,0.000000,1.000000,4.166747,3.566747,0.000000,0.000000,0.000000,0.000000,0.000000,0.000000,0.000000,3.566747,3.566747,3.566747,3.566747,0.000000,horizon_mpc_secbf,4,3.603339,true,osqp,optimal,25,3.386165,0,3.932103,geometric,false,0.000167,-0.000198,0.000657,-0.000812,,,0.001045,0.003794,6.367291,0.000026
local_crowding,context_ext,EESM-MPC-ECBF,96,9.600,2.200049,-0.350061,0.000657,-0.000812,-0.890684,-0.426000,2.932000,-0.060000,0.420000,child,crossing,distracted,,0.000000,1.000000,4.203339,3.603339,0.000000,0.000000,0.000000,0.000000,0.000000,0.000000,0.000000,3.603339,3.603339,3.603339,3.603339,0.000000,horizon_mpc_secbf,4,3.639890,true,osqp,optimal,25,2.410426,0,3.968298,geometric,false,-0.000490,0.000614,-0.000293,0.000370,,,0.000472,0.001517,6.367338,0.000079
local_crowding,context_ext,EESM-MPC-ECBF,97,9.700,2.200020,-0.350024,-0.000293,0.000370,2.241526,-0.432000,2.974000,-0.060000,0.420000,child,crossing,distracted,,0.000000,1.000000,4.239890,3.639890,0.000000,0.000000,0.000000,0.000000,0.000000,0.000000,0.000000,3.639890,3.639890,3.639890,3.639890,0.000000,horizon_mpc_secbf,4,3.676561,true,osqp,optimal,25,2.804649,0,4.006070,geometric,false,-0.000197,0.000245,-0.000213,0.000266,,,0.000341,0.000131,6.367372,0.000031
local_crowding,context_ext,EESM-MPC-ECBF,98,9.800,2.199998,-0.349998,-0.000213,0.000266,2.246457,-0.438000,3.016000,-0.060000,0.420000,child,crossing,distracted,,0.000000,1.000000,4.276561,3.676561,0.000000,0.000000,0.000000,0.000000,0.000000,0.000000,0.000000,3.676561,3.676561,3.676561,3.676561,0.000000,horizon_mpc_secbf,4,3.713372,true,osqp,optimal,25,3.322925,0,4.044146,geometric,false,0.000017,-0.000021,-0.000001,-0.000001,,,0.000001,0.000341,6.367372,0.000003
local_crowding,context_ext,EESM-MPC-ECBF,99,9.900,2.199998,-0.349998,-0.000001,-0.000001,-2.467648,-0.444000,3.058000,-0.060000,0.420000,child,crossing,distracted,,0.000000,1.000000,4.313372,3.713372,0.000000,0.000000,0.000000,0.000000,0.000000,0.000000,0.000000,3.713372,3.713372,3.713372,3.713372,0.000000,horizon_mpc_secbf,4,3.750287,true,osqp,optimal,25,3.330038,0,4.082015,geometric,false,0.000017,-0.000021,0.000014,-0.000017,,,0.000022,0.000022,6.367375,0.000003
local_crowding,context_ext,EESM-MPC-ECBF,100,10.000,2.200000,-0.350000,0.000014,-0.000017,-0.882370,-0.450000,3.100000,-0.060000,0.420000,child,crossing,distracted,,0.000000,1.000000,4.350287,3.750287,0.000000,0.000000,0.000000,0.000000,0.000000,0.000000,0.000000,3.750287,3.750287,3.750287,3.750287,0.000000,horizon_mpc_secbf,4,3.787300,true,osqp,optimal,25,2.596464,0,4.119925,geometric,false,0.000003,-0.000003,0.000005,-0.000006,,,0.000008,0.000015,6.367375,0.000000
local_crowding,context_ext,EESM-MPC-ECBF,101,10.100,2.200000,-0.350000,0.000005,-0.000006,-0.859110,-0.456000,3.142000,-0.060000,0.420000,child,crossing,distracted,,0.000000,1.000000,4.387300,3.787300,0.000000,0.000000,0.000000,0.000000,0.000000,0.000000,0.000000,3.787300,3.787300,3.787300,3.787300,0.000000,horizon_mpc_secbf,4,3.824410,true,osqp,optimal,25,2.794592,0,4.157914,geometric,false,-0.000002,0.000002,-0.000001,0.000001,,,0.000001,0.000009,6.367376,0.000000
local_crowding,context_ext,EESM-MPC-ECBF,102,10.200,2.200000,-0.350000,-0.000001,0.000001,2.208313,-0.462000,3.184000,-0.060000,0.420000,child,crossing,distracted,,0.000000,1.000000,4.424410,3.824410,0.000000,0.000000,0.000000,0.000000,0.000000,0.000000,0.000000,3.824410,3.824410,3.824410,3.824410,0.000000,horizon_mpc_secbf,4,3.861614,true,osqp,optimal,25,2.510486,0,4.195983,geometric,false,-0.000001,0.000001,-0.000001,0.000001,,,0.000002,0.000001,6.367376,0.000000
local_crowding,context_ext,EESM-MPC-ECBF,103,10.300,2.200000,-0.350000,-0.000001,0.000001,2.264779,-0.468000,3.226000,-0.060000,0.420000,child,crossing,distracted,,0.000000,1.000000,4.461614,3.861614,0.000000,0.000000,0.000000,0.000000,0.000000,0.000000,0.000000,3.861614,3.861614,3.861614,3.861614,0.000000,horizon_mpc_secbf,4,3.898911,true,osqp,optimal,25,2.172816,0,4.234125,geometric,false,-0.000000,0.000000,-0.000000,0.000000,,,0.000000,0.000001,6.367376,0.000000
local_crowding,context_ext,EESM-MPC-ECBF,104,10.400,2.200000,-0.350000,-0.000000,0.000000,2.294875,-0.474000,3.268000,-0.060000,0.420000,child,crossing,distracted,,0.000000,1.000000,4.498911,3.898911,0.000000,0.000000,0.000000,0.000000,0.000000,0.000000,0.000000,3.898911,3.898911,3.898911,3.898911,0.000000,horizon_mpc_secbf,4,3.936298,true,osqp,optimal,25,2.137402,0,4.272335,geometric,false,0.000000,-0.000000,0.000000,-0.000000,,,0.000000,0.000001,6.367376,0.000000
local_crowding,context_ext,EESM-MPC-ECBF,105,10.500,2.200000,-0.350000,0.000000,-0.000000,-0.901222,-0.480000,3.310000,-0.060000,0.420000,child,crossing,distracted,,0.000000,1.000000,4.536298,3.936298,0.000000,0.000000,0.000000,0.000000,0.000000,0.000000,0.000000,3.936298,3.936298,3.936298,3.936298,0.000000,horizon_mpc_secbf,4,3.973773,true,osqp,optimal,25,2.056678,0,4.310612,geometric,false,0.000000,-0.000000,0.000000,-0.000000,,,0.000000,0.000000,6.367376,0.000000
local_crowding,context_ext,EESM-MPC-ECBF,106,10.600,2.200000,-0.350000,0.000000,-0.000000,-0.871698,-0.486000,3.352000,-0.060000,0.420000,child,crossing,distracted,,0.000000,1.000000,4.573773,3.973773,0.000000,0.000000,0.000000,0.000000,0.000000,0.000000,0.000000,3.973773,3.973773,3.973773,3.973773,0.000000,horizon_mpc_secbf,4,4.011334,true,osqp,optimal,25,2.256349,0,4.348956,geometric,false,0.000000,0.000000,0.000000,-0.000000,,,0.000000,0.000000,6.367376,0.000000
local_crowding,context_ext,EESM-MPC-ECBF,107,10.700,2.200000,-0.350000,0.000000,-0.000000,-0.871698,-0.492000,3.394000,-0.060000,0.420000,child,crossing,distracted,,0.000000,1.000000,4.611334,4.011334,0.000000,0.000000,0.000000,0.000000,0.000000,0.000000,0.000000,4.011334,4.011334,4.011334,4.011334,0.000000,horizon_mpc_secbf,4,4.048978,true,osqp,optimal,25,3.315028,0,4.387364,geometric,false,-0.000000,0.000000,-0.000000,0.000000,,,0.000000,0.000000,6.367376,0.000000
local_crowding,context_ext,EESM-MPC-ECBF,108,10.800,2.200000,-0.350000,-0.000000,0.000000,2.230173,-0.498000,3.436000,-0.060000,0.420000,child,crossing,distracted,,0.000000,1.000000,4.648978,4.048978,0.000000,0.000000,0.000000,0.000000,0.000000,0.000000,0.000000,4.048978,4.048978,4.048978,4.048978,0.000000,horizon_mpc_secbf,4,4.086705,true,osqp,optimal,25,3.698966,0,4.425835,geometric,false,0.000000,0.000000,-0.000000,0.000000,,,0.000000,0.000000,6.367376,0.000000
local_crowding,context_ext,EESM-MPC-ECBF,109,10.900,2.200000,-0.350000,-0.000000,0.000000,1.582492,-0.504000,3.478000,-0.060000,0.420000,child,crossing,distracted,,0.000000,1.000000,4.686705,4.086705,0.000000,0.000000,0.000000,0.000000,0.000000,0.000000,0.000000,4.086705,4.086705,4.086705,4.086705,0.000000,horizon_mpc_secbf,4,4.124511,true,osqp,optimal,25,2.230277,0,4.464369,geometric,false,0.000000,0.000000,-0.000000,0.000000,,,0.000000,0.000000,6.367376,0.000000
local_crowding,context_ext,EESM-MPC-ECBF,110,11.000,2.200000,-0.350000,-0.000000,0.000000,1.582492,-0.510000,3.520000,-0.060000,0.420000,child,crossing,distracted,,0.000000,1.000000,4.724511,4.124511,0.000000,0.000000,0.000000,0.000000,0.000000,0.000000,0.000000,4.124511,4.124511,4.124511,4.124511,0.000000,horizon_mpc_secbf,4,4.162394,true,osqp,optimal,25,2.063120,0,4.502962,geometric,false,0.000000,0.000000,-0.000000,0.000000,,,0.000000,0.000000,6.367376,0.000000
local_crowding,context_ext,EESM-MPC-ECBF,111,11.100,2.200000,-0.350000,-0.000000,0.000000,1.582492,-0.516000,3.562000,-0.060000,0.420000,child,crossing,distracted,,0.000000,1.000000,4.762394,4.162394,0.000000,0.000000,0.000000,0.000000,0.000000,0.000000,0.000000,4.162394,4.162394,4.162394,4.162394,0.000000,horizon_mpc_secbf,4,4.200354,true,osqp,optimal,25,2.396563,0,4.541615,geometric,false,0.000000,0.000000,-0.000000,0.000000,,,0.000000,0.000000,6.367376,0.000000
local_crowding,context_ext,EESM-MPC-ECBF,112,11.200,2.200000,-0.350000,-0.000000,0.000000,1.582492,-0.522000,3.604000,-0.060000,0.420000,child,crossing,distracted,,0.000000,1.000000,4.800354,4.200354,0.000000,0.000000,0.000000,0.000000,0.000000,0.000000,0.000000,4.200354,4.200354,4.200354,4.200354,0.000000,horizon_mpc_secbf,4,4.238388,true,osqp,optimal,25,2.146366,0,4.580326,geometric,false,0.000000,0.000000,-0.000000,0.000000,,,0.000000,0.000000,6.367376,0.000000
local_crowding,context_ext,EESM-MPC-ECBF,113,11.300,2.200000,-0.350000,-0.000000,0.000000,1.582492,-0.528000,3.646000,-0.060000,0.420000,child,crossing,distracted,,0.000000,1.000000,4.838388,4.238388,0.000000,0.000000,0.000000,0.000000,0.000000,0.000000,0.000000,4.238388,4.238388,4.238388,4.238388,0.000000,horizon_mpc_secbf,4,4.276495,true,osqp,optimal,25,2.553024,0,4.619093,geometric,false,0.000000,0.000000,-0.000000,0.000000,,,0.000000,0.000000,6.367376,0.000000
local_crowding,context_ext,EESM-MPC-ECBF,114,11.400,2.200000,-0.350000,-0.000000,0.000000,1.582492,-0.534000,3.688000,-0.060000,0.420000,child,crossing,distracted,,0.000000,1.000000,4.876495,4.276495,0.000000,0.000000,0.000000,0.000000,0.000000,0.000000,0.000000,4.276495,4.276495,4.276495,4.276495,0.000000,horizon_mpc_secbf,4,4.314672,true,osqp,optimal,25,3.204660,0,4.657916,geometric,false,0.000000,0.000000,-0.000000,0.000000,,,0.000000,0.000000,6.367376,0.000000
local_crowding,context_ext,EESM-MPC-ECBF,115,11.500,2.200000,-0.350000,-0.000000,0.000000,1.582492,-0.540000,3.730000,-0.060000,0.420000,child,crossing,distracted,,0.000000,1.000000,4.914672,4.314672,0.000000,0.000000,0.000000,0.000000,0.000000,0.000000,0.000000,4.314672,4.314672,4.314672,4.314672,0.000000,horizon_mpc_secbf,4,4.352918,true,osqp,optimal,25,2.171855,0,4.696793,geometric,false,0.000000,0.000000,-0.000000,0.000000,,,0.000000,0.000000,6.367376,0.000000
local_crowding,context_ext,EESM-MPC-ECBF,116,11.600,2.200000,-0.350000,-0.000000,0.000000,1.582492,-0.546000,3.772000,-0.060000,0.420000,child,crossing,distracted,,0.000000,1.000000,4.952918,4.352918,0.000000,0.000000,0.000000,0.000000,0.000000,0.000000,0.000000,4.352918,4.352918,4.352918,4.352918,0.000000,horizon_mpc_secbf,4,4.391232,true,osqp,optimal,25,2.034451,0,4.735723,geometric,false,0.000000,0.000000,-0.000000,0.000000,,,0.000000,0.000000,6.367376,0.000000
local_crowding,context_ext,EESM-MPC-ECBF,117,11.700,2.200000,-0.350000,-0.000000,0.000000,1.582492,-0.552000,3.814000,-0.060000,0.420000,child,crossing,distracted,,0.000000,1.000000,4.991232,4.391232,0.000000,0.000000,0.000000,0.000000,0.000000,0.000000,0.000000,4.391232,4.391232,4.391232,4.391232,0.000000,horizon_mpc_secbf,4,4.429612,true,osqp,optimal,25,2.040141,0,4.774705,geometric,false,0.000000,0.000000,-0.000000,0.000000,,,0.000000,0.000000,6.367376,0.000000
local_crowding,context_ext,EESM-MPC-ECBF,118,11.800,2.200000,-0.350000,-0.000000,0.000000,1.582492,-0.558000,3.856000,-0.060000,0.420000,child,crossing,distracted,,0.000000,1.000000,5.029612,4.429612,0.000000,0.000000,0.000000,0.000000,0.000000,0.000000,0.000000,4.429612,4.429612,4.429612,4.429612,0.000000,horizon_mpc_secbf,4,4.468057,true,osqp,optimal,25,2.909766,0,4.813737,geometric,false,0.000000,0.000000,-0.000000,0.000000,,,0.000000,0.000000,6.367376,0.000000
local_crowding,context_ext,EESM-MPC-ECBF,119,11.900,2.200000,-0.350000,-0.000000,0.000000,1.582492,-0.564000,3.898000,-0.060000,0.420000,child,crossing,distracted,,0.000000,1.000000,5.068057,4.468057,0.000000,0.000000,0.000000,0.000000,0.000000,0.000000,0.000000,4.468057,4.468057,4.468057,4.468057,0.000000,horizon_mpc_secbf,4,4.506564,true,osqp,optimal,25,3.524487,0,4.852820,geometric,false,0.000000,0.000000,0.000000,0.000000,,,0.000000,0.000000,6.367376,0.000000
local_crowding,context_ext,SEESM w/o Feasibility-Preserving Update,0,0.000,-2.200000,-0.350000,0.000000,0.000000,0.000000,0.150000,-1.100000,-0.060000,0.420000,pedestrian,walking,unknown,10.098536,1.000000,1.000000,2.466779,1.866779,0.279000,0.279000,0.279000,0.279000,0.153124,0.432124,0.279000,1.866779,1.713655,1.434655,1.434655,0.000000,horizon_mpc_secbf,4,1.093283,true,osqp,optimal,50,3.265561,0,0.658181,accept,false,0.750000,0.000000,0.621017,0.000000,,,0.621017,0.621017,0.062102,4.400000
local_crowding,context_ext,SEESM w/o Feasibility-Preserving Update,1,0.100,-2.137898,-0.350000,0.621017,0.000000,0.000000,0.144000,-1.058000,-0.060000,0.420000,pedestrian,walking,unknown,2.308990,1.000000,1.000000,2.389210,1.789210,0.319584,0.319584,0.319584,0.319584,0.762629,1.082213,0.040584,1.789210,1.026581,0.706997,0.706997,0.000000,horizon_mpc_secbf,4,0.355260,true,osqp,optimal,50,2.241910,0,-0.168256,accept,false,0.750000,-0.000000,0.726101,-0.000000,,,0.726101,0.105085,0.134712,4.337898
local_crowding,context_ext,SEESM w/o Feasibility-Preserving Update,2,0.200,-2.065288,-0.350000,0.726101,-0.000000,-0.000000,0.138000,-1.016000,-0.060000,0.420000,pedestrian,walking,unknown,1.947076,1.000000,1.000000,2.301746,1.701746,0.320000,0.320000,0.320000,0.320000,0.863367,1.183367,0.000416,1.701746,0.838379,0.518379,0.518379,0.000000,horizon_mpc_secbf,4,0.166358,true,osqp,optimal,50,3.012594,0,-0.364704,accept,false,0.750000,0.000000,0.735590,-0.000000,,,0.735590,0.009489,0.208271,4.265288
local_crowding,context_ext,SEESM w/o Feasibility-Preserving Update,3,0.300,-1.991729,-0.350000,0.735590,-0.000000,-0.000000,0.132000,-0.974000,-0.060000,0.420000,pedestrian,walking,unknown,1.829945,1.000000,1.000000,2.213504,1.613504,0.320000,0.320000,0.320000,0.320000,0.869790,1.189790,0.000000,1.613504,0.743715,0.423715,0.423715,0.000000,horizon_mpc_secbf,4,0.072398,true,osqp,optimal,50,3.523105,0,-0.458010,accept,false,0.750000,0.000000,0.735591,-0.000000,,,0.735591,0.000001,0.281830,4.191729
local_crowding,context_ext,SEESM w/o Feasibility-Preserving Update,4,0.400,-1.918170,-0.350000,0.735591,-0.000000,-0.000000,0.126000,-0.932000,-0.060000,0.420000,pedestrian,walking,unknown,1.733041,1.000000,1.000000,2.125407,1.525407,0.320000,0.320000,0.320000,0.320000,0.866363,1.186363,0.000000,1.525407,0.659044,0.339044,0.339044,0.000044,horizon_mpc_secbf,4,-0.000044,true,osqp,optimal,50,3.422837,0,-0.516485,accept,false,0.750000,0.000000,0.712416,0.008502,,,0.712467,0.024686,0.353077,4.118170
local_crowding,context_ext,SEESM w/o Feasibility-Preserving Update,5,0.500,-1.846928,-0.349150,0.712416,0.008502,0.011934,0.120000,-0.890000,-0.060000,0.420000,pedestrian,walking,unknown,1.686353,1.000000,1.000000,2.039933,1.439933,0.320000,0.320000,0.320000,0.320000,0.838437,1.158437,0.000000,1.439933,0.601496,0.281496,0.281496,0.000189,horizon_mpc_secbf,4,-0.000199,true,osqp,optimal,25,2.371444,0,-0.447349,accept,false,0.750000,-0.000158,0.590685,0.036661,,,0.591821,0.124946,0.412259,4.046929
local_crowding,context_ext,SEESM w/o Feasibility-Preserving Update,6,0.600,-1.787860,-0.345484,0.590685,0.036661,0.061985,0.114000,-0.848000,-0.060000,0.420000,pedestrian,walking,unknown,1.880450,1.000000,1.000000,1.967128,1.367128,0.320000,0.320000,0.320000,0.320000,0.710290,1.030290,0.000000,1.367128,0.656838,0.336838,0.336838,0.000032,horizon_mpc_secbf,4,-0.000032,true,osqp,optimal,50,3.303737,0,-0.499044,accept,false,0.750000,-0.000849,0.696875,0.012292,,,0.696983,0.108950,0.481957,3.987863
local_crowding,context_ext,SEESM w/o Feasibility-Preserving Update,7,0.700,-1.718172,-0.344254,0.696875,0.012292,0.017637,0.108000,-0.806000,-0.060000,0.420000,pedestrian,walking,unknown,1.539649,1.000000,1.000000,1.883644,1.283644,0.320000,0.320000,0.320000,0.320000,0.812982,1.132982,0.000000,1.283644,0.470662,0.150662,0.150662,0.000520,horizon_mpc_secbf,4,-0.000520,true,osqp,optimal,50,3.343117,0,-0.296081,accept,false,0.749999,-0.001100,0.318710,0.093208,,,0.332060,0.386725,0.515163,3.918177
local_crowding,context_ext,SEESM w/o Feasibility-Preserving Update,8,0.800,-1.686301,-0.334934,0.318710,0.093208,0.284520,0.102000,-0.764000,-0.060000,0.420000,pedestrian,walking,unknown,2.787512,1.000000,1.000000,1.839054,1.239054,0.308100,0.308100,0.308100,0.308100,0.425757,0.733857,0.000000,1.239054,0.813297,0.505197,0.505197,0.000000,horizon_mpc_secbf,4,0.168928,true,osqp,optimal,50,2.565237,0,-0.301205,accept,false,0.749994,-0.002908,0.675504,0.029120,,,0.676132,0.362505,0.582776,3.886331
local_crowding,context_ext,SEESM w/o Feasibility-Preserving Update,9,0.900,-1.618751,-0.332022,0.675504,0.029120,0.043082,0.096000,-0.722000,-0.060000,0.420000,child,crossing,distracted,1.441194,1.000000,1.000000,1.758538,1.158538,0.748933,0.748933,0.748933,0.748933,0.779291,1.528223,0.440833,1.158538,0.379247,-0.369686,-0.369686,0.374306,horizon_mpc_secbf,4,-0.368581,true,osqp,optimal,1700,5.878179,0,0.012722,accept,false,0.749992,-0.003531,0.003467,0.735606,,,0.735614,0.975067,0.656338,3.818793
local_crowding,context_ext,SEESM w/o Feasibility-Preserving Update,10,1.000,-1.618404,-0.258461,0.003467,0.735606,1.566083,0.090000,-0.680000,-0.060000,0.420000,child,crossing,distracted,,0.000000,1.000000,1.759642,1.159642,0.380000,0.380000,0.380000,0.380000,0.000000,0.380000,0.000000,1.159642,1.159642,0.779642,0.779642,0.000000,horizon_mpc_secbf,4,0.452291,true,osqp,optimal,50,2.309297,0,0.052327,accept,false,0.749785,-0.017975,0.621327,0.145218,,,0.638072,0.854582,0.720145,3.819501
local_crowding,context_ext,SEESM w/o Feasibility-Preserving Update,11,1.100,-1.556272,-0.243939,0.621327,0.145218,0.229600,0.084000,-0.638000,-0.060000,0.420000,child,crossing,distracted,1.495794,1.000000,1.000000,1.686942,1.086942,0.745862,0.745862,0.745862,0.745862,0.720609,1.466470,0.365862,1.086942,0.366334,-0.379528,-0.379528,0.389028,horizon_mpc_secbf,4,-0.379693,true,osqp,optimal,2250,5.298694,0,0.004699,accept,false,0.749701,-0.021168,0.020755,0.735592,,,0.735884,0.842157,0.793733,3.757769
local_crowding,context_ext,SEESM w/o Feasibility-Preserving Update,12,1.200,-1.554196,-0.170380,0.020755,0.735592,1.542588,0.078000,-0.596000,-0.060000,0.420000,child,crossing,distracted,,0.000000,1.000000,1.686777,1.086777,0.380000,0.380000,0.380000,0.380000,0.000000,0.380000,0.000000,1.086777,1.086777,0.706777,0.706777,0.000000,horizon_mpc_secbf,4,0.378512,true,osqp,optimal,50,2.281245,0,-0.024131,accept,false,0.749143,-0.035843,0.624231,0.147269,,,0.641368,0.842797,0.857870,3.758491
local_crowding,context_ext,SEESM w/o Feasibility-Preserving Update,13,1.300,-1.491773,-0.155653,0.624231,0.147269,0.231684,0.072000,-0.554000,-0.060000,0.420000,child,crossing,distracted,1.387923,1.000000,1.000000,1.613712,1.013712,0.750000,0.750000,0.750000,0.750000,0.725245,1.475245,0.370000,1.013712,0.288467,-0.461533,-0.461533,0.475863,horizon_mpc_secbf,4,-0.463811,true,osqp,optimal,2500,6.542543,0,-0.003420,accept,false,0.748963,-0.039428,0.038708,0.735592,,,0.736609,0.830037,0.931531,3.696885
local_crowding,context_ext,SEESM w/o Feasibility-Preserving Update,14,1.400,-1.487902,-0.082094,0.038708,0.735592,1.518223,0.066000,-0.512000,-0.060000,0.420000,child,crossing,distracted,92.163162,1.000000,1.000000,1.612275,1.012275,0.605000,0.605000,0.605000,0.605000,0.000000,0.605000,0.000000,1.012275,1.035040,0.430040,0.407275,0.000000,horizon_mpc_secbf,4,0.078053,true,osqp,optimal,50,2.303071,0,-0.327329,accept,false,0.748029,-0.054340,0.627250,0.149091,,,0.644725,0.830881,0.996004,3.697620
local_crowding,context_ext,SEESM w/o Feasibility-Preserving Update,15,1.500,-1.425177,-0.067185,0.627250,0.149091,0.233360,0.060000,-0.470000,-0.060000,0.420000,child,crossing,distracted,1.278715,1.000000,1.000000,1.538834,0.938834,0.750000,0.750000,0.750000,0.750000,0.730078,1.480078,0.145000,0.938834,0.208756,-0.541244,-0.541244,0.560300,horizon_mpc_secbf,4,-0.547631,true,osqp,optimal,1775,4.685238,0,-0.011609,accept,false,0.747728,-0.058333,0.057369,0.735592,,,0.737825,0.817770,1.069786,3.636192
local_crowding,context_ext,SEESM w/o Feasibility-Preserving Update,16,1.600,-1.419440,0.006374,0.057369,0.735592,1.492963,0.054000,-0.428000,-0.060000,0.420000,child,crossing,distracted,40.110625,1.000000,1.000000,1.536134,0.936134,0.605000,0.605000,0.605000,0.605000,0.000000,0.605000,0.000000,0.936134,0.949638,0.344638,0.331134,0.000000,horizon_mpc_secbf,4,0.000917,true,osqp,optimal,50,3.353186,0,-0.407257,accept,false,0.746391,-0.073490,0.630395,0.150622,,,0.648140,0.818870,1.134600,3.636942
local_crowding,context_ext,SEESM w/o Feasibility-Preserving Update,17,1.700,-1.356401,0.021436,0.630395,0.150622,0.234536,0.048000,-0.386000,-0.060000,0.420000,child,crossing,distracted,1.168263,1.000000,1.000000,1.462308,0.862308,0.750000,0.750000,0.750000,0.750000,0.735078,1.485078,0.145000,0.862308,0.127230,-0.622770,-0.622770,0.646384,horizon_mpc_secbf,4,-0.633724,true,osqp,optimal,1925,6.264049,0,-0.019847,accept,false,0.745943,-0.077907,0.076810,0.735591,,,0.739591,0.805385,1.208559,3.575745
local_crowding,context_ext,SEESM w/o Feasibility-Preserving Update,18,1.800,-1.348720,0.094996,0.076810,0.735591,1.466753,0.042000,-0.344000,-0.060000,0.420000,child,crossing,distracted,24.202588,1.000000,1.000000,1.458361,0.858361,0.605000,0.605000,0.605000,0.605000,0.000000,0.605000,0.000000,0.858361,0.863451,0.258451,0.253361,0.000209,horizon_mpc_secbf,4,-0.000176,true,osqp,optimal,25,2.481285,0,-0.315796,accept,false,0.744172,-0.093316,0.466993,0.198033,,,0.507247,0.664237,1.259284,3.576511
local_crowding,context_ext,SEESM w/o Feasibility-Preserving Update,19,1.900,-1.302020,0.114799,0.466993,0.198033,0.401074,0.036000,-0.302000,-0.060000,0.420000,child,crossing,distracted,1.408097,1.000000,1.000000,1.401435,0.801435,0.750000,0.750000,0.750000,0.750000,0.567334,1.317334,0.145000,0.801435,0.234101,-0.515899,-0.515899,0.544328,horizon_mpc_secbf,4,-0.531542,true,osqp,optimal,1600,6.261624,0,-0.028226,accept,false,0.743480,-0.098677,0.097646,0.735586,,,0.742039,0.652212,1.333488,3.532730
local_crowding,context_ext,SEESM w/o Feasibility-Preserving Update,20,2.000,-1.292256,0.188358,0.097646,0.735586,1.438822,0.030000,-0.260000,-0.060000,0.420000,child,crossing,distracted,16.603747,1.000000,1.000000,1.396204,0.796204,0.605000,0.605000,0.605000,0.605000,0.003391,0.608391,0.000000,0.796204,0.792812,0.187812,0.187812,0.000386,horizon_mpc_secbf,4,-0.000344,true,osqp,optimal,50,3.738028,0,-0.240115,accept,false,0.741244,-0.114268,0.331669,0.241290,,,0.410153,0.546897,1.374503,3.533508
local_crowding,context_ext,SEESM w/o Feasibility-Preserving Update,21,2.100,-1.259089,0.212487,0.331669,0.241290,0.628947,0.024000,-0.218000,-0.060000,0.420000,child,crossing,distracted,1.759527,1.000000,1.000000,1.353379,0.753379,0.731027,0.731027,0.731027,0.731027,0.427085,1.158112,0.126027,0.753379,0.326294,-0.404733,-0.404733,0.438059,horizon_mpc_secbf,4,-0.425056,true,osqp,optimal,1425,5.783140,0,-0.036589,accept,false,0.740277,-0.120377,0.119625,0.735581,,,0.745244,0.537853,1.449028,3.504524
local_crowding,context_ext,SEESM w/o Feasibility-Preserving Update,22,2.200,-1.247126,0.286045,0.119625,0.735581,1.409581,0.018000,-0.176000,-0.060000,0.420000,child,crossing,distracted,12.352173,1.000000,1.000000,1.346859,0.746859,0.605000,0.605000,0.605000,0.605000,0.011564,0.616564,0.000000,0.746859,0.735295,0.130295,0.130295,0.000543,horizon_mpc_secbf,4,-0.000502,true,osqp,optimal,50,3.509200,0,-0.173898,accept,false,0.737550,-0.136089,0.214556,0.283455,,,0.355501,0.461984,1.484578,3.505315
local_crowding,context_ext,SEESM w/o Feasibility-Preserving Update,23,2.300,-1.225671,0.314390,0.214556,0.283455,0.922874,0.012000,-0.134000,-0.060000,0.420000,child,crossing,distracted,2.351535,1.000000,1.000000,1.316390,0.716390,0.697726,0.697726,0.697726,0.697726,0.304047,1.001774,0.092726,0.716390,0.412342,-0.285384,-0.285384,0.323571,horizon_mpc_secbf,4,-0.310286,true,osqp,optimal,2575,7.041366,0,-0.044849,accept,false,0.736280,-0.142798,0.142651,0.735591,,,0.749295,0.457818,1.559507,3.489503
local_crowding,context_ext,SEESM w/o Feasibility-Preserving Update,24,2.400,-1.211406,0.387949,0.142651,0.735591,1.379247,0.006000,-0.092000,-0.060000,0.420000,child,crossing,distracted,9.736040,1.000000,1.000000,1.308598,0.708598,0.605000,0.605000,0.605000,0.605000,0.019175,0.624175,0.000000,0.708598,0.689423,0.084423,0.084423,0.000671,horizon_mpc_secbf,4,-0.000632,true,osqp,optimal,50,2.809302,0,-0.121380,accept,false,0.733045,-0.158571,0.123246,0.321850,,,0.344640,0.414196,1.593971,3.490309
local_crowding,context_ext,SEESM w/o Feasibility-Preserving Update,25,2.500,-1.199081,0.420134,0.123246,0.321850,1.205092,0.000000,-0.050000,-0.060000,0.420000,child,crossing,distracted,3.332638,1.000000,1.000000,1.287952,0.687952,0.642539,0.642539,0.642539,0.642539,0.206152,0.848691,0.037539,0.687952,0.481801,-0.160738,-0.160738,0.204010,horizon_mpc_secbf,4,-0.190868,true,osqp,optimal,2775,5.854333,0,-0.053748,accept,false,0.731460,-0.165728,0.164924,0.727881,,,0.746332,0.408164,1.668604,3.485234
local_crowding,context_ext,SEESM w/o Feasibility-Preserving Update,26,2.600,-1.182589,0.492922,0.164924,0.727881,1.347978,-0.006000,-0.008000,-0.060000,0.420000,child,crossing,distracted,7.861135,1.000000,1.000000,1.278782,0.678782,0.605000,0.605000,0.605000,0.605000,0.029851,0.634851,0.000000,0.678782,0.648931,0.043931,0.043931,0.003529,horizon_mpc_secbf,4,0.005979,true,osqp,optimal,325,2.724285,0,-0.066753,accept,false,0.727745,-0.181350,0.161866,0.649559,,,0.669423,0.078382,1.735547,3.486033
local_crowding,context_ext,SEESM w/o Feasibility-Preserving Update,27,2.700,-1.166402,0.557878,0.161866,0.649559,1.326577,-0.012000,0.034000,-0.060000,0.420000,child,crossing,distracted,6.230360,1.000000,1.000000,1.267711,0.667711,0.605000,0.605000,0.605000,0.605000,0.068841,0.673841,0.000000,0.667711,0.598871,-0.006129,-0.006129,0.052057,horizon_mpc_secbf,4,-0.040256,true,osqp,optimal,1325,4.711271,0,-0.062193,accept,false,0.724129,-0.195289,0.193147,0.716192,,,0.741779,0.073611,1.809725,3.486675
local_crowding,context_ext,SEESM w/o Feasibility-Preserving Update,28,2.800,-1.147087,0.629497,0.193147,0.716192,1.307377,-0.018000,0.076000,-0.060000,0.420000,child,crossing,distracted,6.782887,1.000000,1.000000,1.257457,0.657457,0.605000,0.605000,0.605000,0.605000,0.037111,0.642111,0.000000,0.657457,0.620345,0.015345,0.015345,0.031332,horizon_mpc_secbf,4,-0.020351,true,osqp,optimal,1550,4.789769,0,-0.066091,accept,false,0.719811,-0.210647,0.207809,0.710118,,,0.739901,0.015871,1.883715,3.487464
local_crowding,context_ext,SEESM w/o Feasibility-Preserving Update,29,2.900,-1.126306,0.700509,0.207809,0.710118,1.286105,-0.024000,0.118000,-0.060000,0.420000,child,crossing,distracted,6.388832,1.000000,1.000000,1.246754,0.646754,0.605000,0.605000,0.605000,0.605000,0.039334,0.644334,0.000000,0.646754,0.607420,0.002420,0.002420,0.044747,horizon_mpc_secbf,4,-0.034601,true,osqp,optimal,1175,3.959872,0,-0.069749,accept,false,0.715181,-0.225867,0.222363,0.704090,,,0.738369,0.015753,1.957552,3.488249
local_crowding,context_ext,SEESM w/o Feasibility-Preserving Update,30,3.000,-1.104070,0.770918,0.222363,0.704090,1.264893,-0.030000,0.160000,-0.060000,0.420000,child,crossing,distracted,6.054883,1.000000,1.000000,1.235657,0.635657,0.605000,0.605000,0.605000,0.605000,0.040734,0.645734,0.000000,0.635657,0.594922,-0.010078,-0.010078,0.057454,horizon_mpc_secbf,4,-0.048162,true,osqp,optimal,1300,4.099073,0,-0.073144,accept,false,0.710241,-0.240952,0.236831,0.698098,,,0.737176,0.015659,2.031269,3.489031
local_crowding,context_ext,SEESM w/o Feasibility-Preserving Update,31,3.100,-1.080387,0.840728,0.236831,0.698098,1.243729,-0.036000,0.202000,-0.060000,0.420000,child,crossing,distracted,5.772770,1.000000,1.000000,1.224221,0.624221,0.605000,0.605000,0.605000,0.605000,0.041255,0.646255,0.000000,0.624221,0.582966,-0.022034,-0.022034,0.069315,horizon_mpc_secbf,4,-0.060893,true,osqp,optimal,1000,4.393173,0,-0.076247,accept,false,0.704993,-0.255901,0.251231,0.692133,,,0.736318,0.015587,2.104901,3.489810
local_crowding,context_ext,SEESM w/o Feasibility-Preserving Update,32,3.200,-1.055264,0.909941,0.251231,0.692133,1.222604,-0.042000,0.244000,-0.060000,0.420000,child,crossing,distracted,5.536779,1.000000,1.000000,1.212510,0.612510,0.605000,0.605000,0.605000,0.605000,0.040831,0.645831,0.000000,0.612510,0.571679,-0.033321,-0.033321,0.080181,horizon_mpc_secbf,4,-0.072644,true,osqp,optimal,1000,3.719383,0,-0.079025,accept,false,0.699438,-0.270716,0.265585,0.686187,,,0.735791,0.015536,2.178480,3.490587
local_crowding,context_ext,SEESM w/o Feasibility-Preserving Update,33,3.300,-1.028705,0.978560,0.265585,0.686187,1.201508,-0.048000,0.286000,-0.060000,0.420000,child,crossing,distracted,5.343126,1.000000,1.000000,1.200592,0.600592,0.605000,0.605000,0.605000,0.605000,0.039395,0.644395,0.000000,0.600592,0.561197,-0.043803,-0.043803,0.089893,horizon_mpc_secbf,4,-0.083251,true,osqp,optimal,1425,4.209630,0,-0.081439,accept,false,0.693577,-0.285396,0.279911,0.680254,,,0.735592,0.015506,2.252039,3.491362
local_crowding,context_ext,SEESM w/o Feasibility-Preserving Update,34,3.400,-1.000714,1.046585,0.279911,0.680254,1.180433,-0.054000,0.328000,-0.060000,0.420000,child,crossing,distracted,5.189843,1.000000,1.000000,1.188542,0.588542,0.605000,0.605000,0.605000,0.605000,0.036876,0.641876,0.000000,0.588542,0.551667,-0.053333,-0.053333,0.098280,horizon_mpc_secbf,4,-0.092538,true,osqp,optimal,1900,5.611982,0,-0.083445,accept,false,0.687412,-0.299942,0.294228,0.674323,,,0.735719,0.015497,2.325611,3.492137
local_crowding,context_ext,SEESM w/o Feasibility-Preserving Update,35,3.500,-0.971291,1.114018,0.294228,0.674323,1.159368,-0.060000,0.370000,-0.060000,0.420000,child,crossing,distracted,5.076588,1.000000,1.000000,1.176441,0.576441,0.605000,0.605000,0.605000,0.605000,0.033198,0.638198,0.000000,0.576441,0.543243,-0.061757,-0.061757,0.105165,horizon_mpc_secbf,4,-0.100317,true,osqp,optimal,2025,5.041763,0,-0.084993,accept,false,0.680941,-0.314355,0.308556,0.668389,,,0.736173,0.015509,2.399228,3.492912
local_crowding,context_ext,SEESM w/o Feasibility-Preserving Update,36,3.600,-0.940436,1.180857,0.308556,0.668389,1.138303,-0.066000,0.412000,-0.060000,0.420000,child,crossing,distracted,5.004827,1.000000,1.000000,1.164379,0.564379,0.605000,0.605000,0.605000,0.605000,0.028288,0.633288,0.000000,0.564379,0.536091,-0.068909,-0.068909,0.110361,horizon_mpc_secbf,4,-0.106391,true,osqp,optimal,2100,5.134523,0,-0.086025,accept,false,0.674166,-0.328633,0.322914,0.662442,,,0.736955,0.015541,2.472924,3.493688
local_crowding,context_ext,SEESM w/o Feasibility-Preserving Update,37,3.700,-0.908144,1.247101,0.322914,0.662442,1.117231,-0.072000,0.454000,-0.060000,0.420000,child,crossing,distracted,4.978281,1.000000,1.000000,1.152452,0.552452,0.605000,0.605000,0.605000,0.605000,0.022069,0.627069,0.000000,0.552452,0.530383,-0.074617,-0.074617,0.113674,horizon_mpc_secbf,4,-0.110550,true,osqp,optimal,2125,5.771096,0,-0.086474,accept,false,0.667086,-0.342778,0.337321,0.656475,,,0.738068,0.015594,2.546731,3.494466
local_crowding,context_ext,SEESM w/o Feasibility-Preserving Update,38,3.800,-0.874412,1.312748,0.337321,0.656475,1.096141,-0.078000,0.496000,-0.060000,0.420000,child,crossing,distracted,5.003526,1.000000,1.000000,1.140767,0.540767,0.605000,0.605000,0.605000,0.605000,0.014467,0.619467,0.000000,0.540767,0.526300,-0.078700,-0.078700,0.114908,horizon_mpc_secbf,4,-0.112576,true,osqp,optimal,2100,4.991480,0,-0.086268,accept,false,0.659699,-0.356788,0.351797,0.650479,,,0.739516,0.015669,2.620682,3.495246
local_crowding,context_ext,SEESM w/o Feasibility-Preserving Update,39,3.900,-0.839233,1.377796,0.351797,0.650479,1.075023,-0.084000,0.538000,-0.060000,0.420000,child,crossing,distracted,5.091389,1.000000,1.000000,1.129440,0.529440,0.605000,0.605000,0.605000,0.605000,0.005413,0.610413,0.000000,0.529440,0.524027,-0.080973,-0.080973,0.113859,horizon_mpc_secbf,4,-0.112247,true,osqp,optimal,2000,5.035172,0,-0.085326,accept,false,0.652004,-0.370663,0.366361,0.644446,,,0.741304,0.015764,2.694813,3.496028
local_crowding,context_ext,SEESM w/o Feasibility-Preserving Update,40,4.000,-0.802597,1.442241,0.366361,0.644446,1.053868,-0.090000,0.580000,-0.060000,0.420000,child,crossing,distracted,5.259403,1.000000,1.000000,1.118594,0.518594,0.605000,0.605000,0.605000,0.605000,0.000000,0.605000,0.000000,0.518594,0.523752,-0.081248,-0.086406,0.115485,horizon_mpc_secbf,4,-0.114492,true,osqp,optimal,1675,6.056061,0,-0.083557,accept,false,0.644000,-0.384401,0.381036,0.638368,,,0.743439,0.015883,2.769157,3.496815
local_crowding,context_ext,SEESM w/o Feasibility-Preserving Update,41,4.100,-0.764493,1.506077,0.381036,0.638368,1.032667,-0.096000,0.622000,-0.060000,0.420000,child,crossing,distracted,5.536289,1.000000,1.000000,1.108366,0.508366,0.605000,0.605000,0.605000,0.605000,0.000000,0.605000,0.000000,0.508366,0.525665,-0.079335,-0.096634,0.121410,horizon_mpc_secbf,4,-0.120909,true,osqp,optimal,1850,4.664287,0,-0.080869,accept,false,0.635683,-0.398003,0.395840,0.632236,,,0.745930,0.016024,2.843750,3.497605
local_crowding,context_ext,SEESM w/o Feasibility-Preserving Update,42,4.200,-0.724909,1.569301,0.395840,0.632236,1.011409,-0.102000,0.664000,-0.060000,0.420000,child,crossing,distracted,5.971537,1.000000,1.000000,1.098902,0.498902,0.605000,0.605000,0.605000,0.605000,0.000000,0.605000,0.000000,0.498902,0.529956,-0.075044,-0.106098,0.126069,horizon_mpc_secbf,4,-0.125904,true,osqp,optimal,2150,5.102933,0,-0.077166,accept,false,0.627053,-0.411467,0.410802,0.626034,,,0.748783,0.016196,2.918628,3.498401
local_crowding,context_ext,SEESM w/o Feasibility-Preserving Update,43,4.300,-0.683829,1.631904,0.410802,0.626034,0.990077,-0.108000,0.706000,-0.060000,0.420000,child,crossing,distracted,6.655551,1.000000,1.000000,1.090357,0.490357,0.605000,0.605000,0.605000,0.605000,0.000000,0.605000,0.000000,0.490357,0.536800,-0.068200,-0.114643,0.130285,horizon_mpc_secbf,4,-0.130172,true,osqp,optimal,1850,5.706234,0,-0.072912,accept,false,0.618104,-0.424791,0.423726,0.616552,,,0.748118,0.016030,2.993440,3.499202
local_crowding,context_ext,SEESM w/o Feasibility-Preserving Update,44,4.400,-0.641456,1.693560,0.423726,0.616552,0.968678,-0.114000,0.748000,-0.060000,0.420000,child,crossing,distracted,7.542791,1.000000,1.000000,1.082725,0.482725,0.605000,0.605000,0.605000,0.605000,0.000000,0.605000,0.000000,0.482725,0.542949,-0.062051,-0.122275,0.134653,horizon_mpc_secbf,4,-0.134604,true,osqp,optimal,2050,4.900311,0,-0.067200,accept,false,0.608883,-0.437905,0.435181,0.605102,,,0.745339,0.016196,3.067974,3.500001
local_crowding,context_ext,SEESM w/o Feasibility-Preserving Update,45,4.500,-0.597938,1.754070,0.435181,0.605102,0.947310,-0.120000,0.790000,-0.060000,0.420000,child,crossing,distracted,8.799050,1.000000,1.000000,1.076037,0.476037,0.605000,0.605000,0.605000,0.605000,0.000000,0.605000,0.000000,0.476037,0.549301,-0.055699,-0.128963,0.137794,horizon_mpc_secbf,4,-0.137794,true,osqp,optimal,1725,4.400231,0,-0.060456,accept,false,0.599422,-0.450770,0.446513,0.593770,,,0.742924,0.016026,3.142266,3.500795
local_crowding,context_ext,SEESM w/o Feasibility-Preserving Update,46,4.600,-0.553287,1.813447,0.446513,0.593770,0.926018,-0.126000,0.832000,-0.060000,0.420000,child,crossing,distracted,10.975335,1.000000,1.000000,1.070426,0.470426,0.605000,0.605000,0.605000,0.605000,0.000000,0.605000,0.000000,0.470426,0.557930,-0.047070,-0.134574,0.140628,horizon_mpc_secbf,4,-0.140617,true,osqp,optimal,1150,4.197731,0,-0.051588,accept,false,0.589723,-0.463386,0.457741,0.582539,,,0.740863,0.015881,3.216352,3.501584
local_crowding,context_ext,SEESM w/o Feasibility-Preserving Update,47,4.700,-0.507513,1.871701,0.457741,0.582539,0.904793,-0.132000,0.874000,-0.060000,0.420000,child,crossing,distracted,15.403075,1.000000,1.000000,1.066028,0.466028,0.605000,0.605000,0.605000,0.605000,0.000000,0.605000,0.000000,0.466028,0.568924,-0.036075,-0.138972,0.142222,horizon_mpc_secbf,4,-0.142220,true,osqp,optimal,1375,4.086654,0,-0.041354,accept,false,0.579789,-0.475757,0.468877,0.571399,,,0.739150,0.015752,3.290267,3.502368
local_crowding,context_ext,SEESM w/o Feasibility-Preserving Update,48,4.800,-0.460625,1.928841,0.468877,0.571399,0.883633,-0.138000,0.916000,-0.060000,0.420000,child,crossing,distracted,28.470282,1.000000,1.000000,1.062983,0.462983,0.605000,0.605000,0.605000,0.605000,0.000000,0.605000,0.000000,0.462983,0.582368,-0.022632,-0.142017,0.143570,horizon_mpc_secbf,4,-0.143569,true,osqp,optimal,1125,3.730176,0,-0.028597,accept,false,0.569622,-0.487884,0.479936,0.560345,,,0.737784,0.015636,3.364046,3.503147
local_crowding,context_ext,SEESM w/o Feasibility-Preserving Update,49,4.900,-0.412631,1.984875,0.479936,0.560345,0.862540,-0.144000,0.958000,-0.060000,0.420000,child,crossing,distracted,528.617890,0.999999,1.000000,1.061431,0.461431,0.605000,0.605000,0.605000,0.605000,0.000000,0.605000,0.000000,0.461431,0.598336,-0.006663,-0.143569,0.143492,horizon_mpc_secbf,4,-0.143490,true,osqp,optimal,1150,3.746506,0,-0.014378,accept,false,0.559223,-0.499770,0.490939,0.549344,,,0.736749,0.015559,3.437721,3.503924
local_crowding,context_ext,SEESM w/o Feasibility-Preserving Update,50,5.000,-0.363537,2.039809,0.490939,0.549344,0.841483,-0.150000,1.000000,-0.060000,0.420000,child,crossing,distracted,,0.000000,1.000000,1.061509,0.461509,0.380000,0.380000,0.380000,0.380000,0.000000,0.380000,0.000000,0.461509,0.461509,0.081509,0.081509,0.000562,horizon_mpc_secbf,4,-0.000216,true,osqp,optimal,75,2.796322,0,-0.200828,accept,false,0.548593,-0.511415,0.678991,0.282957,,,0.735591,0.326076,3.511280,3.504699
local_crowding,context_ext,SEESM w/o Feasibility-Preserving Update,51,5.100,-0.295638,2.068105,0.678991,0.282957,0.394847,-0.156000,1.042000,-0.060000,0.420000,child,crossing,distracted,1.850005,1.000000,1.000000,1.035563,0.435563,0.725937,0.725937,0.725937,0.725937,0.000000,0.725937,0.345937,0.435563,0.472220,-0.253717,-0.290374,0.285773,horizon_mpc_secbf,4,-0.285725,true,osqp,optimal,900,4.757422,0,0.025634,accept,false,0.538631,-0.521897,0.511933,0.528345,,,0.735679,0.296857,3.584848,3.474974
local_crowding,context_ext,SEESM w/o Feasibility-Preserving Update,52,5.200,-0.244445,2.120940,0.511933,0.528345,0.801174,-0.162000,1.084000,-0.060000,0.420000,child,crossing,distracted,,0.000000,1.000000,1.040212,0.440212,0.380000,0.380000,0.380000,0.380000,0.000000,0.380000,0.000000,0.440212,0.440212,0.060212,0.060212,0.000587,horizon_mpc_secbf,4,0.000573,true,osqp,optimal,100,2.455353,0,-0.177649,accept,false,0.527464,-0.533181,0.696396,0.240939,,,0.736898,0.341510,3.658538,3.475752
local_crowding,context_ext,SEESM w/o Feasibility-Preserving Update,53,5.300,-0.174805,2.145034,0.696396,0.240939,0.333089,-0.168000,1.126000,-0.060000,0.420000,child,crossing,distracted,2.276139,1.000000,1.000000,1.019056,0.419056,0.701967,0.701967,0.701967,0.701967,0.000000,0.701967,0.321967,0.419056,0.525806,-0.176161,-0.282911,0.273031,horizon_mpc_secbf,4,-0.272864,true,osqp,optimal,775,3.663130,0,0.073461,accept,false,0.517080,-0.543258,0.532969,0.507302,,,0.735807,0.312502,3.732118,3.444545
local_crowding,context_ext,SEESM w/o Feasibility-Preserving Update,54,5.400,-0.121509,2.195764,0.532969,0.507302,0.760730,-0.174000,1.168000,-0.060000,0.420000,child,crossing,distracted,,0.000000,1.000000,1.029103,0.429103,0.380000,0.380000,0.380000,0.380000,0.000000,0.380000,0.000000,0.429103,0.429103,0.049103,0.049103,0.000495,horizon_mpc_secbf,4,0.001029,true,osqp,optimal,450,2.780277,0,-0.183224,accept,false,0.505359,-0.554177,0.735604,0.146240,,,0.750000,0.414038,3.807118,3.445332
local_crowding,context_ext,SEESM w/o Feasibility-Preserving Update,55,5.500,-0.047948,2.210388,0.735604,0.146240,0.196243,-0.180000,1.210000,-0.060000,0.420000,child,crossing,distracted,2.445266,1.000000,1.000000,1.009066,0.409066,0.692454,0.692454,0.692454,0.692454,0.000000,0.692454,0.312454,0.409066,0.578361,-0.114093,-0.283388,0.267391,horizon_mpc_secbf,4,-0.267020,true,osqp,optimal,925,4.004366,0,0.130120,accept,false,0.494826,-0.563602,0.553927,0.486346,,,0.737134,0.385589,3.880832,3.407177
local_crowding,context_ext,SEESM w/o Feasibility-Preserving Update,56,5.600,0.007445,2.259022,0.553927,0.486346,0.720525,-0.186000,1.252000,-0.060000,0.420000,child,crossing,distracted,,0.000000,1.000000,1.025434,0.425434,0.380000,0.380000,0.380000,0.380000,0.000000,0.380000,0.000000,0.425434,0.425434,0.045434,0.045434,0.000420,horizon_mpc_secbf,4,0.000882,true,osqp,optimal,100,2.635355,0,-0.176914,accept,false,0.482520,-0.574173,0.735590,0.040330,,,0.736694,0.481593,3.954501,3.407976
local_crowding,context_ext,SEESM w/o Feasibility-Preserving Update,57,5.700,0.081004,2.263055,0.735590,0.040330,0.054772,-0.192000,1.294000,-0.060000,0.420000,child,crossing,distracted,2.717131,1.000000,1.000000,1.006777,0.406777,0.677161,0.677161,0.677161,0.677161,0.000000,0.677161,0.297161,0.406777,0.620355,-0.056806,-0.270385,0.247678,horizon_mpc_secbf,4,-0.247030,true,osqp,optimal,1000,3.561138,0,0.193458,accept,false,0.472392,-0.582534,0.574449,0.465842,,,0.739594,0.455002,4.028461,3.364254
local_crowding,context_ext,SEESM w/o Feasibility-Preserving Update,58,5.800,0.138448,2.309640,0.574449,0.465842,0.681374,-0.198000,1.336000,-0.060000,0.420000,child,crossing,distracted,,0.000000,1.000000,1.030132,0.430132,0.380000,0.380000,0.380000,0.380000,0.000000,0.380000,0.000000,0.430132,0.430132,0.050132,0.050132,0.000229,horizon_mpc_secbf,4,0.000206,true,osqp,optimal,75,2.275013,0,-0.204132,accept,false,0.459475,-0.592776,0.735047,-0.123994,,,0.745432,0.611308,4.103004,3.365067
local_crowding,context_ext,SEESM w/o Feasibility-Preserving Update,59,5.900,0.211953,2.297240,0.735047,-0.123994,-0.167115,-0.204000,1.378000,-0.060000,0.420000,child,crossing,distracted,2.436470,1.000000,1.000000,1.008970,0.408970,0.692949,0.692949,0.692949,0.692949,0.000000,0.692949,0.312949,0.408970,0.667805,-0.025143,-0.283979,0.253984,horizon_mpc_secbf,4,-0.252982,true,osqp,optimal,1725,4.780963,0,0.263501,accept,false,0.450379,-0.599715,0.594104,0.446165,,,0.742983,0.587321,4.177302,3.310621
local_crowding,context_ext,SEESM w/o Feasibility-Preserving Update,60,6.000,0.271364,2.341857,0.594104,0.446165,0.644133,-0.210000,1.420000,-0.060000,0.420000,child,crossing,distracted,,0.000000,1.000000,1.039967,0.439967,0.380000,0.380000,0.380000,0.380000,0.000000,0.380000,0.000000,0.439967,0.439967,0.059967,0.059967,0.000074,horizon_mpc_secbf,4,0.000174,true,osqp,optimal,50,3.128371,0,-0.217924,accept,false,0.436810,-0.609669,0.642607,-0.260456,,,0.693384,0.708284,4.246640,3.311454
local_crowding,context_ext,SEESM w/o Feasibility-Preserving Update,61,6.100,0.335624,2.315811,0.642607,-0.260456,-0.385077,-0.216000,1.462000,-0.060000,0.420000,child,crossing,distracted,2.189073,1.000000,1.000000,1.016505,0.416505,0.706865,0.706865,0.706865,0.706865,0.000000,0.706865,0.326865,0.416505,0.666155,-0.040710,-0.290360,0.253278,horizon_mpc_secbf,4,-0.251968,true,osqp,optimal,2075,5.056556,0,0.331103,accept,false,0.429835,-0.614607,0.623585,0.416696,,,0.749996,0.677419,4.321640,3.253067
local_crowding,context_ext,SEESM w/o Feasibility-Preserving Update,62,6.200,0.397983,2.357481,0.623585,0.416696,0.589082,-0.222000,1.504000,-0.060000,0.420000,child,crossing,distracted,,0.000000,1.000000,1.054897,0.454897,0.380000,0.380000,0.380000,0.380000,0.000000,0.380000,0.000000,0.454897,0.454897,0.074897,0.074897,0.000000,horizon_mpc_secbf,4,0.032853,true,osqp,optimal,50,2.260507,0,-0.149703,accept,false,0.415551,-0.624354,0.584463,-0.325754,,,0.669114,0.743480,4.388551,3.252340
local_crowding,context_ext,SEESM w/o Feasibility-Preserving Update,63,6.300,0.456429,2.324905,0.584463,-0.325754,-0.508472,-0.228000,1.546000,-0.060000,0.420000,child,crossing,distracted,3.240792,1.000000,1.000000,1.036888,0.436888,0.647705,0.647705,0.647705,0.647705,0.000000,0.647705,0.267705,0.436888,0.729306,0.081601,-0.210817,0.166839,horizon_mpc_secbf,4,-0.165060,true,osqp,optimal,1875,5.335238,0,0.400926,accept,false,0.409547,-0.628308,0.626932,0.408651,,,0.748358,0.735632,4.463387,3.192986
local_crowding,context_ext,SEESM w/o Feasibility-Preserving Update,64,6.400,0.519122,2.365770,0.626932,0.408651,0.577658,-0.234000,1.588000,-0.060000,0.420000,child,crossing,distracted,,0.000000,1.000000,1.082645,0.482645,0.380000,0.380000,0.380000,0.380000,0.000000,0.380000,0.000000,0.482645,0.482645,0.102645,0.102645,0.000001,horizon_mpc_secbf,4,0.089408,true,osqp,optimal,25,3.246345,0,-0.015003,accept,false,0.394713,-0.637732,0.565464,-0.349408,,,0.664707,0.760547,4.529858,3.193863
local_crowding,context_ext,SEESM w/o Feasibility-Preserving Update,65,6.500,0.575669,2.330830,0.565464,-0.349408,-0.553487,-0.240000,1.630000,-0.060000,0.420000,child,crossing,distracted,17.597017,1.000000,1.000000,1.075397,0.475397,0.605000,0.605000,0.605000,0.605000,0.000000,0.605000,0.225000,0.475397,0.842763,0.237763,-0.129603,0.080096,horizon_mpc_secbf,4,-0.077996,true,osqp,optimal,1050,3.652460,0,0.456346,accept,false,0.388654,-0.641442,0.636457,0.385633,,,0.744171,0.738461,4.604275,3.134533
local_crowding,context_ext,SEESM w/o Feasibility-Preserving Update,66,6.600,0.639314,2.369393,0.636457,0.385633,0.544750,-0.246000,1.672000,-0.060000,0.420000,child,crossing,distracted,,0.000000,1.000000,1.127004,0.527004,0.380000,0.380000,0.380000,0.380000,0.000000,0.380000,0.000000,0.527004,0.527004,0.147004,0.147004,0.000001,horizon_mpc_secbf,4,0.149543,true,osqp,optimal,25,2.389793,0,0.128039,accept,false,0.373320,-0.650486,0.543912,-0.377293,,,0.661959,0.768518,4.670471,3.135417
local_crowding,context_ext,SEESM w/o Feasibility-Preserving Update,67,6.700,0.693706,2.331664,0.543912,-0.377293,-0.606462,-0.252000,1.714000,-0.060000,0.420000,child,crossing,distracted,,0.000000,1.000000,1.129543,0.529543,0.380000,0.380000,0.380000,0.380000,0.000000,0.380000,0.000000,0.529543,0.529543,0.149543,0.149543,0.000001,horizon_mpc_secbf,4,0.152473,true,osqp,optimal,25,2.363700,0,0.125407,accept,false,0.367299,-0.653905,0.520646,-0.513168,,,0.731036,0.137853,4.743574,3.075751
local_crowding,context_ext,SEESM w/o Feasibility-Preserving Update,68,6.800,0.745770,2.280347,0.520646,-0.513168,-0.778165,-0.258000,1.756000,-0.060000,0.420000,child,crossing,distracted,,0.000000,1.000000,1.132473,0.532473,0.380000,0.380000,0.380000,0.380000,0.000000,0.380000,0.000000,0.532473,0.532473,0.152473,0.152473,0.000001,horizon_mpc_secbf,4,0.163684,true,osqp,optimal,25,2.323211,0,0.210754,accept,false,0.362883,-0.656366,0.504851,-0.535435,,,0.735911,0.027300,4.817166,3.005580
local_crowding,context_ext,SEESM w/o Feasibility-Preserving Update,69,6.900,0.796255,2.226803,0.504851,-0.535435,-0.814789,-0.264000,1.798000,-0.060000,0.420000,child,crossing,distracted,,0.000000,1.000000,1.143684,0.543684,0.380000,0.380000,0.380000,0.380000,0.000000,0.380000,0.000000,0.543684,0.543684,0.163684,0.163684,0.000001,horizon_mpc_secbf,4,0.184201,true,osqp,optimal,25,2.873736,0,0.316500,accept,false,0.358788,-0.658613,0.495168,-0.545121,,,0.736443,0.013696,4.890810,2.934351
local_crowding,context_ext,SEESM w/o Feasibility-Preserving Update,70,7.000,0.845772,2.172291,0.495168,-0.545121,-0.833380,-0.270000,1.840000,-0.060000,0.420000,child,crossing,distracted,,0.000000,1.000000,1.164201,0.564201,0.380000,0.380000,0.380000,0.380000,0.000000,0.380000,0.000000,0.564201,0.564201,0.184201,0.184201,0.000001,horizon_mpc_secbf,4,0.213679,true,osqp,optimal,25,2.741452,0,0.429132,accept,false,0.354777,-0.660783,0.485782,-0.554509,,,0.737200,0.013275,4.964530,2.862846
local_crowding,context_ext,SEESM w/o Feasibility-Preserving Update,71,7.100,0.894350,2.116840,0.485782,-0.554509,-0.851367,-0.276000,1.882000,-0.060000,0.420000,child,crossing,distracted,,0.000000,1.000000,1.193679,0.593679,0.380000,0.380000,0.380000,0.380000,0.000000,0.380000,0.000000,0.593679,0.593679,0.213679,0.213679,0.000001,horizon_mpc_secbf,4,0.251442,true,osqp,optimal,25,2.287911,0,0.544634,accept,false,0.350848,-0.662877,0.475214,-0.565077,,,0.738337,0.014945,5.038364,2.791061
local_crowding,context_ext,SEESM w/o Feasibility-Preserving Update,72,7.200,0.941872,2.060333,0.475214,-0.565077,-0.871567,-0.282000,1.924000,-0.060000,0.420000,child,crossing,distracted,,0.000000,1.000000,1.231442,0.631442,0.380000,0.380000,0.380000,0.380000,0.000000,0.380000,0.000000,0.631442,0.631442,0.251442,0.251442,0.000001,horizon_mpc_secbf,4,0.296733,true,osqp,optimal,25,2.067013,0,0.661210,accept,false,0.347047,-0.664875,0.463355,-0.576936,,,0.739968,0.016771,5.112360,2.718932
local_crowding,context_ext,SEESM w/o Feasibility-Preserving Update,73,7.300,0.988207,2.002639,0.463355,-0.576936,-0.894149,-0.288000,1.966000,-0.060000,0.420000,child,crossing,distracted,,0.000000,1.000000,1.276733,0.676733,0.380000,0.380000,0.380000,0.380000,0.000000,0.380000,0.000000,0.676733,0.676733,0.296733,0.296733,0.000001,horizon_mpc_secbf,4,0.348801,true,osqp,optimal,25,2.065635,0,0.777880,accept,false,0.343429,-0.666751,0.450339,-0.589945,,,0.742186,0.018402,5.186579,2.646385
local_crowding,context_ext,SEESM w/o Feasibility-Preserving Update,74,7.400,1.033241,1.943645,0.450339,-0.589945,-0.918800,-0.294000,2.008000,-0.060000,0.420000,child,crossing,distracted,,0.000000,1.000000,1.328801,0.728801,0.380000,0.380000,0.380000,0.380000,0.000000,0.380000,0.000000,0.728801,0.728801,0.348801,0.348801,0.000000,horizon_mpc_secbf,4,0.406937,true,osqp,optimal,50,2.283790,0,0.894163,accept,false,0.340051,-0.668480,0.436355,-0.603924,,,0.745071,0.019773,5.261086,2.573350
local_crowding,context_ext,SEESM w/o Feasibility-Preserving Update,75,7.500,1.076877,1.883252,0.436355,-0.603924,-0.945107,-0.300000,2.050000,-0.060000,0.420000,child,crossing,distracted,,0.000000,1.000000,1.386937,0.786937,0.380000,0.380000,0.380000,0.380000,0.000000,0.380000,0.000000,0.786937,0.786937,0.406937,0.406937,0.000000,horizon_mpc_secbf,4,0.470508,true,osqp,optimal,50,2.236966,0,1.009964,accept,false,0.336969,-0.670039,0.421648,-0.618632,,,0.748660,0.020799,5.335952,2.499764
local_crowding,context_ext,SEESM w/o Feasibility-Preserving Update,76,7.600,1.119042,1.821389,0.421648,-0.618632,-0.972539,-0.306000,2.092000,-0.060000,0.420000,child,crossing,distracted,,0.000000,1.000000,1.450508,0.850508,0.380000,0.380000,0.380000,0.380000,0.000000,0.380000,0.000000,0.850508,0.850508,0.470508,0.470508,0.000000,horizon_mpc_secbf,4,0.538490,true,osqp,optimal,50,3.049089,0,1.120918,accept,false,0.334238,-0.671405,0.402762,-0.629366,,,0.747207,0.021724,5.410673,2.425572
local_crowding,context_ext,SEESM w/o Feasibility-Preserving Update,77,7.700,1.159318,1.758452,0.402762,-0.629366,-1.001520,-0.312000,2.134000,-0.060000,0.420000,child,crossing,distracted,,0.000000,1.000000,1.518490,0.918490,0.380000,0.380000,0.380000,0.380000,0.000000,0.380000,0.000000,0.918490,0.918490,0.538490,0.538490,0.000000,horizon_mpc_secbf,4,0.610114,true,osqp,optimal,50,2.344545,0,1.228336,accept,false,0.331950,-0.672540,0.381912,-0.638003,,,0.743575,0.022567,5.485030,2.351296
local_crowding,context_ext,SEESM w/o Feasibility-Preserving Update,78,7.800,1.197509,1.694652,0.381912,-0.638003,-1.031403,-0.318000,2.176000,-0.060000,0.420000,child,crossing,distracted,,0.000000,1.000000,1.590114,0.990114,0.380000,0.380000,0.380000,0.380000,0.000000,0.380000,0.000000,0.990114,0.990114,0.610114,0.610114,0.000000,horizon_mpc_secbf,4,0.684886,true,osqp,optimal,50,2.187202,0,1.334061,accept,false,0.330174,-0.673413,0.360766,-0.646762,,,0.740576,0.022889,5.559088,2.277189
local_crowding,context_ext,SEESM w/o Feasibility-Preserving Update,79,7.900,1.233586,1.629976,0.360766,-0.646762,-1.061982,-0.324000,2.218000,-0.060000,0.420000,child,crossing,distracted,,0.000000,1.000000,1.664886,1.064886,0.380000,0.380000,0.380000,0.380000,0.000000,0.380000,0.000000,1.064886,1.064886,0.684886,0.684886,0.000000,horizon_mpc_secbf,4,0.762471,true,osqp,optimal,50,2.224719,0,1.439284,accept,false,0.328975,-0.674000,0.340466,-0.655171,,,0.738353,0.021972,5.632923,2.203239
local_crowding,context_ext,SEESM w/o Feasibility-Preserving Update,80,8.000,1.267632,1.564459,0.340466,-0.655171,-1.091545,-0.330000,2.260000,-0.060000,0.420000,child,crossing,distracted,,0.000000,1.000000,1.742471,1.142471,0.380000,0.380000,0.380000,0.380000,0.000000,0.380000,0.000000,1.142471,1.142471,0.762471,0.762471,0.000000,horizon_mpc_secbf,4,0.842966,true,osqp,optimal,50,2.209815,0,1.548198,accept,false,0.328387,-0.674286,0.326326,-0.661028,,,0.737188,0.015305,5.706642,2.129428
local_crowding,context_ext,SEESM w/o Feasibility-Preserving Update,81,8.100,1.300265,1.498356,0.326326,-0.661028,-1.112230,-0.336000,2.302000,-0.060000,0.420000,child,crossing,distracted,,0.000000,1.000000,1.822966,1.222966,0.380000,0.380000,0.380000,0.380000,0.000000,0.380000,0.000000,1.222966,1.222966,0.842966,0.842966,0.000000,horizon_mpc_secbf,4,0.926805,true,osqp,optimal,50,2.468854,0,1.664478,accept,false,0.328257,-0.674350,0.323790,-0.662078,,,0.737013,0.002745,5.780343,2.055710
local_crowding,context_ext,SEESM w/o Feasibility-Preserving Update,82,8.200,1.332644,1.432148,0.323790,-0.662078,-1.115947,-0.342000,2.344000,-0.060000,0.420000,child,crossing,distracted,,0.000000,1.000000,1.906805,1.306805,0.380000,0.380000,0.380000,0.380000,0.000000,0.380000,0.000000,1.306805,1.306805,0.926805,0.926805,0.000000,horizon_mpc_secbf,4,1.013702,true,osqp,optimal,50,3.166159,0,1.781004,accept,false,0.328211,-0.674372,0.323315,-0.662275,,,0.736981,0.000513,5.854041,1.982009
local_crowding,context_ext,SEESM w/o Feasibility-Preserving Update,83,8.300,1.364975,1.365921,0.323315,-0.662275,-1.116642,-0.348000,2.386000,-0.060000,0.420000,child,crossing,distracted,,0.000000,1.000000,1.993702,1.393702,0.380000,0.380000,0.380000,0.380000,0.000000,0.380000,0.000000,1.393702,1.393702,1.013702,1.013702,0.000000,horizon_mpc_secbf,4,1.103296,true,osqp,optimal,50,2.711176,0,1.896721,accept,false,0.328180,-0.674387,0.323207,-0.662320,,,0.736974,0.000117,5.927739,1.908311
local_crowding,context_ext,SEESM w/o Feasibility-Preserving Update,84,8.400,1.397296,1.299689,0.323207,-0.662320,-1.116800,-0.354000,2.428000,-0.060000,0.420000,child,crossing,distracted,,0.000000,1.000000,2.083296,1.483296,0.380000,0.380000,0.380000,0.380000,0.000000,0.380000,0.000000,1.483296,1.483296,1.103296,1.103296,0.000000,horizon_mpc_secbf,4,1.195260,true,osqp,optimal,50,2.302705,0,2.011591,accept,false,0.328150,-0.674402,0.323163,-0.662338,,,0.736971,0.000047,6.001436,1.834614
local_crowding,context_ext,SEESM w/o Feasibility-Preserving Update,85,8.500,1.429612,1.233455,0.323163,-0.662338,-1.116865,-0.360000,2.470000,-0.060000,0.420000,child,crossing,distracted,,0.000000,1.000000,2.175260,1.575260,0.380000,0.380000,0.380000,0.380000,0.000000,0.380000,0.000000,1.575260,1.575260,1.195260,1.195260,0.000000,horizon_mpc_secbf,4,1.289305,true,osqp,optimal,50,2.503280,0,2.125738,accept,false,0.328119,-0.674417,0.323130,-0.662352,,,0.736969,0.000036,6.075133,1.760916
local_crowding,context_ext,SEESM w/o Feasibility-Preserving Update,86,8.600,1.461925,1.167220,0.323130,-0.662352,-1.116914,-0.366000,2.512000,-0.060000,0.420000,child,crossing,distracted,,0.000000,1.000000,2.269305,1.669305,0.380000,0.380000,0.380000,0.380000,0.000000,0.380000,0.000000,1.669305,1.669305,1.289305,1.289305,0.000000,horizon_mpc_secbf,4,1.385183,true,osqp,optimal,50,2.165829,0,2.239295,accept,false,0.328088,-0.674432,0.323098,-0.662365,,,0.736967,0.000035,6.148829,1.687220
local_crowding,context_ext,SEESM w/o Feasibility-Preserving Update,87,8.700,1.494235,1.100983,0.323098,-0.662365,-1.116961,-0.372000,2.554000,-0.060000,0.420000,child,crossing,distracted,,0.000000,1.000000,2.365183,1.765183,0.380000,0.380000,0.380000,0.380000,0.000000,0.380000,0.000000,1.765183,1.765183,1.385183,1.385183,0.000000,horizon_mpc_secbf,4,1.482680,true,osqp,optimal,50,2.264465,0,2.352382,accept,false,0.328055,-0.674448,0.323064,-0.662379,,,0.736964,0.000036,6.222526,1.613523
local_crowding,context_ext,SEESM w/o Feasibility-Preserving Update,88,8.800,1.526541,1.034745,0.323064,-0.662379,-1.117011,-0.378000,2.596000,-0.060000,0.420000,child,crossing,distracted,,0.000000,1.000000,2.462680,1.862680,0.380000,0.380000,0.380000,0.380000,0.000000,0.380000,0.000000,1.862680,1.862680,1.482680,1.482680,0.000000,horizon_mpc_secbf,4,1.581612,true,osqp,optimal,50,2.856523,0,2.465100,accept,false,0.328020,-0.674465,0.323029,-0.662394,,,0.736962,0.000038,6.296222,1.539827
local_crowding,context_ext,SEESM w/o Feasibility-Preserving Update,89,8.900,1.558844,0.968506,0.323029,-0.662394,-1.117062,-0.384000,2.638000,-0.060000,0.420000,child,crossing,distracted,,0.000000,1.000000,2.561612,1.961612,0.380000,0.380000,0.380000,0.380000,0.000000,0.380000,0.000000,1.961612,1.961612,1.581612,1.581612,0.000000,horizon_mpc_secbf,4,1.681817,true,osqp,optimal,50,2.505902,0,2.577535,accept,false,0.327984,-0.674483,0.322992,-0.662409,,,0.736960,0.000040,6.369918,1.466130
local_crowding,context_ext,SEESM w/o Feasibility-Preserving Update,90,9.000,1.591144,0.902265,0.322992,-0.662409,-1.117116,-0.390000,2.680000,-0.060000,0.420000,child,crossing,distracted,,0.000000,1.000000,2.661817,2.061817,0.380000,0.380000,0.380000,0.380000,0.000000,0.380000,0.000000,2.061817,2.061817,1.681817,1.681817,0.000000,horizon_mpc_secbf,4,1.783158,true,osqp,optimal,50,2.391838,0,2.689756,accept,false,0.327945,-0.674501,0.322953,-0.662425,,,0.736957,0.000042,6.443614,1.392435
local_crowding,context_ext,SEESM w/o Feasibility-Preserving Update,91,9.100,1.623439,0.836023,0.322953,-0.662425,-1.117173,-0.396000,2.722000,-0.060000,0.420000,child,crossing,distracted,,0.000000,1.000000,2.763158,2.163158,0.380000,0.380000,0.380000,0.380000,0.000000,0.380000,0.000000,2.163158,2.163158,1.783158,1.783158,0.000000,horizon_mpc_secbf,4,1.885514,true,osqp,optimal,50,2.472144,0,2.801822,accept,false,0.327905,-0.674521,0.322912,-0.662442,,,0.736954,0.000044,6.517309,1.318739
local_crowding,context_ext,SEESM w/o Feasibility-Preserving Update,92,9.200,1.655730,0.769778,0.322912,-0.662442,-1.117234,-0.402000,2.764000,-0.060000,0.420000,child,crossing,distracted,,0.000000,1.000000,2.865514,2.265514,0.380000,0.380000,0.380000,0.380000,0.000000,0.380000,0.000000,2.265514,2.265514,1.885514,1.885514,0.000000,horizon_mpc_secbf,4,1.988780,true,osqp,optimal,50,2.464868,0,2.913778,accept,false,0.327862,-0.674542,0.322868,-0.662460,,,0.736951,0.000047,6.591004,1.245044
local_crowding,context_ext,SEESM w/o Feasibility-Preserving Update,93,9.300,1.688017,0.703532,0.322868,-0.662460,-1.117297,-0.408000,2.806000,-0.060000,0.420000,child,crossing,distracted,,0.000000,1.000000,2.968780,2.368780,0.380000,0.380000,0.380000,0.380000,0.000000,0.380000,0.000000,2.368780,2.368780,1.988780,1.988780,0.000000,horizon_mpc_secbf,4,2.092864,true,osqp,optimal,50,2.352453,0,3.025664,accept,false,0.327817,-0.674564,0.322822,-0.662479,,,0.736948,0.000050,6.664699,1.171348
local_crowding,context_ext,SEESM w/o Feasibility-Preserving Update,94,9.400,1.720299,0.637284,0.322822,-0.662479,-1.117365,-0.414000,2.848000,-0.060000,0.420000,child,crossing,distracted,,0.000000,1.000000,3.072864,2.472864,0.380000,0.380000,0.380000,0.380000,0.000000,0.380000,0.000000,2.472864,2.472864,2.092864,2.092864,0.000000,horizon_mpc_secbf,4,2.197686,true,osqp,optimal,50,3.035546,0,3.137509,accept,false,0.327768,-0.674587,0.322773,-0.662499,,,0.736945,0.000053,6.738394,1.097654
local_crowding,context_ext,SEESM w/o Feasibility-Preserving Update,95,9.500,1.752576,0.571034,0.322773,-0.662499,-1.117437,-0.420000,2.890000,-0.060000,0.420000,child,crossing,distracted,,0.000000,1.000000,3.177686,2.577686,0.380000,0.380000,0.380000,0.380000,0.000000,0.380000,0.000000,2.577686,2.577686,2.197686,2.197686,0.000000,horizon_mpc_secbf,4,2.303175,true,osqp,optimal,50,2.516970,0,3.249338,accept,false,0.327716,-0.674613,0.322720,-0.662521,,,0.736942,0.000057,6.812088,1.023959
local_crowding,context_ext,SEESM w/o Feasibility-Preserving Update,96,9.600,1.784848,0.504782,0.322720,-0.662521,-1.117514,-0.426000,2.932000,-0.060000,0.420000,child,crossing,distracted,,0.000000,1.000000,3.283175,2.683175,0.380000,0.380000,0.380000,0.380000,0.000000,0.380000,0.000000,2.683175,2.683175,2.303175,2.303175,0.000000,horizon_mpc_secbf,4,2.409268,true,osqp,optimal,50,2.342922,0,3.361170,accept,false,0.327660,-0.674640,0.322664,-0.662545,,,0.736938,0.000061,6.885782,0.950265
local_crowding,context_ext,SEESM w/o Feasibility-Preserving Update,97,9.700,1.817115,0.438528,0.322664,-0.662545,-1.117597,-0.432000,2.974000,-0.060000,0.420000,child,crossing,distracted,,0.000000,1.000000,3.389268,2.789268,0.380000,0.380000,0.380000,0.380000,0.000000,0.380000,0.000000,2.789268,2.789268,2.409268,2.409268,0.000000,horizon_mpc_secbf,4,2.515910,true,osqp,optimal,50,2.155509,0,3.473020,accept,false,0.327599,-0.674669,0.322602,-0.662570,,,0.736934,0.000066,6.959475,0.876571
local_crowding,context_ext,SEESM w/o Feasibility-Preserving Update,98,9.800,1.849375,0.372271,0.322602,-0.662570,-1.117687,-0.438000,3.016000,-0.060000,0.420000,child,crossing,distracted,,0.000000,1.000000,3.495910,2.895910,0.380000,0.380000,0.380000,0.380000,0.000000,0.380000,0.000000,2.895910,2.895910,2.515910,2.515910,0.000000,horizon_mpc_secbf,4,2.623053,true,osqp,optimal,50,2.689230,0,3.584901,accept,false,0.327533,-0.674702,0.322535,-0.662598,,,0.736929,0.000072,7.033168,0.802878
local_crowding,context_ext,SEESM w/o Feasibility-Preserving Update,99,9.900,1.881629,0.306011,0.322535,-0.662598,-1.117785,-0.444000,3.058000,-0.060000,0.420000,child,crossing,distracted,,0.000000,1.000000,3.603053,3.003053,0.380000,0.380000,0.380000,0.380000,0.000000,0.380000,0.000000,3.003053,3.003053,2.623053,2.623053,0.000000,horizon_mpc_secbf,4,2.730653,true,osqp,optimal,50,2.560663,0,3.696822,accept,false,0.327459,-0.674737,0.322462,-0.662628,,,0.736925,0.000080,7.106860,0.729185
local_crowding,context_ext,SEESM w/o Feasibility-Preserving Update,100,10.000,1.913875,0.239748,0.322462,-0.662628,-1.117893,-0.450000,3.100000,-0.060000,0.420000,child,crossing,distracted,,0.000000,1.000000,3.710653,3.110653,0.380000,0.380000,0.380000,0.380000,0.000000,0.380000,0.000000,3.110653,3.110653,2.730653,2.730653,0.000000,horizon_mpc_secbf,4,2.838670,true,osqp,optimal,50,3.440273,0,3.808788,accept,false,0.327378,-0.674777,0.322380,-0.662662,,,0.736919,0.000088,7.180552,0.655493
local_crowding,context_ext,SEESM w/o Feasibility-Preserving Update,101,10.100,1.946113,0.173482,0.322380,-0.662662,-1.118013,-0.456000,3.142000,-0.060000,0.420000,child,crossing,distracted,,0.000000,1.000000,3.818670,3.218670,0.380000,0.380000,0.380000,0.380000,0.000000,0.380000,0.000000,3.218670,3.218670,2.838670,2.838670,0.000000,horizon_mpc_secbf,4,2.947072,true,osqp,optimal,50,2.284751,0,3.920805,accept,false,0.327286,-0.674821,0.322288,-0.662700,,,0.736913,0.000100,7.254244,0.581801
local_crowding,context_ext,SEESM w/o Feasibility-Preserving Update,102,10.200,1.978342,0.107212,0.322288,-0.662700,-1.118148,-0.462000,3.184000,-0.060000,0.420000,child,crossing,distracted,,0.000000,1.000000,3.927072,3.327072,0.380000,0.380000,0.380000,0.380000,0.000000,0.380000,0.000000,3.327072,3.327072,2.947072,2.947072,0.000000,horizon_mpc_secbf,4,3.055825,true,osqp,optimal,50,2.208936,0,4.032876,accept,false,0.327181,-0.674872,0.322183,-0.662744,,,0.736906,0.000114,7.327934,0.508110
local_crowding,context_ext,SEESM w/o Feasibility-Preserving Update,103,10.300,2.010560,0.040938,0.322183,-0.662744,-1.118302,-0.468000,3.226000,-0.060000,0.420000,child,crossing,distracted,,0.000000,1.000000,4.035825,3.435825,0.380000,0.380000,0.380000,0.380000,0.000000,0.380000,0.000000,3.435825,3.435825,3.055825,3.055825,0.000000,horizon_mpc_secbf,4,3.164902,true,osqp,optimal,50,2.223452,0,4.145002,accept,false,0.327058,-0.674932,0.322060,-0.662795,,,0.736899,0.000133,7.401624,0.434419
local_crowding,context_ext,SEESM w/o Feasibility-Preserving Update,104,10.400,2.042766,-0.025342,0.322060,-0.662795,-1.118482,-0.474000,3.268000,-0.060000,0.420000,child,crossing,distracted,,0.000000,1.000000,4.144902,3.544902,0.380000,0.380000,0.380000,0.380000,0.000000,0.380000,0.000000,3.544902,3.544902,3.164902,3.164902,0.000000,horizon_mpc_secbf,4,3.274277,true,osqp,optimal,50,2.149439,0,4.257183,accept,false,0.326909,-0.675004,0.321913,-0.662856,,,0.736889,0.000160,7.475313,0.360729
local_crowding,context_ext,SEESM w/o Feasibility-Preserving Update,105,10.500,2.074957,-0.091627,0.321913,-0.662856,-1.118698,-0.480000,3.310000,-0.060000,0.420000,child,crossing,distracted,,0.000000,1.000000,4.254277,3.654277,0.380000,0.380000,0.380000,0.380000,0.000000,0.380000,0.000000,3.654277,3.654277,3.274277,3.274277,0.000000,horizon_mpc_secbf,4,3.383928,true,osqp,optimal,50,2.095833,0,4.369418,accept,false,0.326721,-0.675095,0.321728,-0.662932,,,0.736877,0.000200,7.549001,0.287040
local_crowding,context_ext,SEESM w/o Feasibility-Preserving Update,106,10.600,2.107130,-0.157921,0.321728,-0.662932,-1.118969,-0.486000,3.352000,-0.060000,0.420000,child,crossing,distracted,,0.000000,1.000000,4.363928,3.763928,0.380000,0.380000,0.380000,0.380000,0.000000,0.380000,0.000000,3.763928,3.763928,3.383928,3.383928,0.000000,horizon_mpc_secbf,4,3.493832,true,osqp,optimal,50,2.884193,0,4.481699,accept,false,0.326467,-0.675218,0.321480,-0.663035,,,0.736861,0.000268,7.622687,0.213353
local_crowding,context_ext,SEESM w/o Feasibility-Preserving Update,107,10.700,2.139278,-0.224224,0.321480,-0.663035,-1.119332,-0.492000,3.394000,-0.060000,0.420000,child,crossing,distracted,,0.000000,1.000000,4.473832,3.873832,0.380000,0.380000,0.380000,0.380000,0.000000,0.380000,0.000000,3.873832,3.873832,3.493832,3.493832,0.000000,horizon_mpc_secbf,4,3.603967,true,osqp,optimal,50,2.746598,0,4.594011,accept,false,0.326073,-0.675408,0.321104,-0.663191,,,0.736838,0.000408,7.696371,0.139667
local_crowding,context_ext,SEESM w/o Feasibility-Preserving Update,108,10.800,2.171388,-0.290543,0.321104,-0.663191,-1.119884,-0.498000,3.436000,-0.060000,0.420000,child,crossing,distracted,,0.000000,1.000000,4.583967,3.983967,0.380000,0.380000,0.380000,0.380000,0.000000,0.380000,0.000000,3.983967,3.983967,3.603967,3.603967,0.000001,horizon_mpc_secbf,4,3.708012,true,osqp,optimal,25,2.186498,0,4.643383,accept,false,0.286116,-0.594569,0.292118,-0.606341,,,0.673039,0.063813,7.763675,0.065983
local_crowding,context_ext,SEESM w/o Feasibility-Preserving Update,109,10.900,2.200600,-0.351177,0.292118,-0.606341,-1.121837,-0.504000,3.478000,-0.060000,0.420000,child,crossing,distracted,,0.000000,1.000000,4.688012,4.088012,0.380000,0.380000,0.380000,0.380000,0.000000,0.380000,0.000000,4.088012,4.088012,3.708012,3.708012,0.000000,horizon_mpc_secbf,4,3.745783,true,osqp,optimal,50,2.128489,0,4.085312,accept,false,-0.006002,0.011772,-0.002317,-0.001181,,,0.002601,0.672986,7.763935,0.001321
local_crowding,context_ext,SEESM w/o Feasibility-Preserving Update,110,11.000,2.200368,-0.351295,-0.002317,-0.001181,-2.670123,-0.510000,3.520000,-0.060000,0.420000,child,crossing,distracted,,0.000000,1.000000,4.725783,4.125783,0.380000,0.380000,0.380000,0.380000,0.000000,0.380000,0.000000,4.125783,4.125783,3.745783,3.745783,0.000000,horizon_mpc_secbf,4,3.782607,true,osqp,optimal,25,2.131973,0,4.113650,accept,false,-0.003685,0.012953,-0.003450,0.010528,,,0.011079,0.011764,7.765043,0.001347
local_crowding,context_ext,SEESM w/o Feasibility-Preserving Update,111,11.100,2.200023,-0.350243,-0.003450,0.010528,1.887462,-0.516000,3.562000,-0.060000,0.420000,child,crossing,distracted,,0.000000,1.000000,4.762607,4.162607,0.380000,0.380000,0.380000,0.380000,0.000000,0.380000,0.000000,4.162607,4.162607,3.782607,3.782607,0.000000,horizon_mpc_secbf,4,3.820208,true,osqp,optimal,25,2.150092,0,4.158250,accept,false,-0.000235,0.002425,-0.000786,0.003815,,,0.003896,0.007222,7.765432,0.000244
local_crowding,context_ext,SEESM w/o Feasibility-Preserving Update,112,11.200,2.199945,-0.349861,-0.000786,0.003815,1.774042,-0.522000,3.604000,-0.060000,0.420000,child,crossing,distracted,,0.000000,1.000000,4.800208,4.200208,0.380000,0.380000,0.380000,0.380000,0.000000,0.380000,0.000000,4.200208,4.200208,3.820208,3.820208,0.000000,horizon_mpc_secbf,4,3.858301,true,osqp,optimal,25,2.177278,0,4.200771,accept,false,0.000552,-0.001390,0.000322,-0.000497,,,0.000592,0.004453,7.765491,0.000150
local_crowding,context_ext,SEESM w/o Feasibility-Preserving Update,113,11.300,2.199977,-0.349911,0.000322,-0.000497,-0.995854,-0.528000,3.646000,-0.060000,0.420000,child,crossing,distracted,,0.000000,1.000000,4.838301,4.238301,0.380000,0.380000,0.380000,0.380000,0.000000,0.380000,0.000000,4.238301,4.238301,3.858301,3.858301,0.000000,horizon_mpc_secbf,4,3.896490,true,osqp,optimal,25,3.055607,0,4.239825,accept,false,0.000230,-0.000893,0.000245,-0.000825,,,0.000861,0.000337,7.765577,0.000092
local_crowding,context_ext,SEESM w/o Feasibility-Preserving Update,114,11.400,2.200002,-0.349993,0.000245,-0.000825,-1.281699,-0.534000,3.688000,-0.060000,0.420000,child,crossing,distracted,,0.000000,1.000000,4.876490,4.276490,0.380000,0.380000,0.380000,0.380000,0.000000,0.380000,0.000000,4.276490,4.276490,3.896490,3.896490,0.000000,horizon_mpc_secbf,4,3.934685,true,osqp,optimal,25,2.297144,0,4.278091,accept,false,-0.000016,-0.000068,0.000029,-0.000198,,,0.000200,0.000664,7.765597,0.000007
local_crowding,context_ext,SEESM w/o Feasibility-Preserving Update,115,11.500,2.200004,-0.350013,0.000029,-0.000198,-1.425478,-0.540000,3.730000,-0.060000,0.420000,child,crossing,distracted,,0.000000,1.000000,4.914685,4.314685,0.380000,0.380000,0.380000,0.380000,0.000000,0.380000,0.000000,4.314685,4.314685,3.934685,3.934685,0.000000,horizon_mpc_secbf,4,3.972924,true,osqp,optimal,25,2.261333,0,4.316727,accept,false,-0.000045,0.000130,-0.000032,0.000074,,,0.000080,0.000278,7.765605,0.000014
local_crowding,context_ext,SEESM w/o Feasibility-Preserving Update,116,11.600,2.200001,-0.350006,-0.000032,0.000074,1.982501,-0.546000,3.772000,-0.060000,0.420000,child,crossing,distracted,,0.000000,1.000000,4.952924,4.352924,0.380000,0.380000,0.380000,0.380000,0.000000,0.380000,0.000000,4.352924,4.352924,3.972924,3.972924,0.000000,horizon_mpc_secbf,4,4.011232,true,osqp,optimal,25,2.322759,0,4.355670,accept,false,-0.000013,0.000056,-0.000016,0.000059,,,0.000061,0.000022,7.765612,0.000006
local_crowding,context_ext,SEESM w/o Feasibility-Preserving Update,117,11.700,2.200000,-0.350000,-0.000016,0.000059,1.834756,-0.552000,3.814000,-0.060000,0.420000,child,crossing,distracted,,0.000000,1.000000,4.991232,4.391232,0.380000,0.380000,0.380000,0.380000,0.000000,0.380000,0.000000,4.391232,4.391232,4.011232,4.011232,0.000000,horizon_mpc_secbf,4,4.049612,true,osqp,optimal,25,2.076522,0,4.394703,accept,false,0.000003,-0.000003,0.000004,0.000004,,,0.000006,0.000058,7.765612,0.000000
local_crowding,context_ext,SEESM w/o Feasibility-Preserving Update,118,11.800,2.200000,-0.349999,0.000004,0.000004,0.841389,-0.558000,3.856000,-0.060000,0.420000,child,crossing,distracted,,0.000000,1.000000,5.029612,4.429612,0.380000,0.380000,0.380000,0.380000,0.000000,0.380000,0.000000,4.429612,4.429612,4.049612,4.049612,0.000000,horizon_mpc_secbf,4,4.088057,true,osqp,optimal,25,2.152593,0,4.433741,accept,false,-0.000000,-0.000007,0.000000,-0.000005,,,0.000005,0.000010,7.765613,0.000001
local_crowding,context_ext,SEESM w/o Feasibility-Preserving Update,119,11.900,2.200000,-0.350000,0.000000,-0.000005,-1.522219,-0.564000,3.898000,-0.060000,0.420000,child,crossing,distracted,,0.000000,1.000000,5.068057,4.468057,0.380000,0.380000,0.380000,0.380000,0.000000,0.380000,0.000000,4.468057,4.468057,4.088057,4.088057,0.000000,horizon_mpc_secbf,4,4.126564,true,osqp,optimal,25,2.647814,0,4.472821,accept,false,-0.000001,-0.000002,-0.000001,-0.000003,,,0.000003,0.000003,7.765613,0.000000
local_crowding,context_ext,Proposed MPC-SECBF,0,0.000,-2.200000,-0.350000,0.000000,0.000000,0.000000,0.150000,-1.100000,-0.060000,0.420000,pedestrian,walking,unknown,10.098536,1.000000,1.000000,2.466779,1.866779,0.279000,0.050000,0.279000,0.050000,0.153124,0.203124,0.050000,1.866779,1.713655,1.663655,1.663655,0.000000,horizon_mpc_secbf,4,1.322283,true,osqp,optimal,50,3.109475,0,0.887181,accept,false,0.750000,0.000000,0.621017,0.000000,,,0.621017,0.621017,0.062102,4.400000
local_crowding,context_ext,Proposed MPC-SECBF,1,0.100,-2.137898,-0.350000,0.621017,0.000000,0.000000,0.144000,-1.058000,-0.060000,0.420000,pedestrian,walking,unknown,2.308990,1.000000,1.000000,2.389210,1.789210,0.319584,0.100000,0.319584,0.100000,0.762629,0.862629,0.050000,1.789210,1.026581,0.926581,0.926581,0.000000,horizon_mpc_secbf,4,0.574844,true,osqp,optimal,50,2.427630,0,0.051328,accept,false,0.750000,-0.000000,0.726101,-0.000000,,,0.726101,0.105085,0.134712,4.337898
local_crowding,context_ext,Proposed MPC-SECBF,2,0.200,-2.065288,-0.350000,0.726101,-0.000000,-0.000000,0.138000,-1.016000,-0.060000,0.420000,pedestrian,walking,unknown,1.947076,1.000000,1.000000,2.301746,1.701746,0.320000,0.150000,0.320000,0.150000,0.863367,1.013367,0.050000,1.701746,0.838379,0.688379,0.688379,0.000000,horizon_mpc_secbf,4,0.336358,true,osqp,optimal,50,2.335408,0,-0.194704,accept,false,0.750000,0.000000,0.735590,-0.000000,,,0.735590,0.009489,0.208271,4.265288
local_crowding,context_ext,Proposed MPC-SECBF,3,0.300,-1.991729,-0.350000,0.735590,-0.000000,-0.000000,0.132000,-0.974000,-0.060000,0.420000,pedestrian,walking,unknown,1.829945,1.000000,1.000000,2.213504,1.613504,0.320000,0.200000,0.320000,0.200000,0.869790,1.069790,0.050000,1.613504,0.743715,0.543715,0.543715,0.000000,horizon_mpc_secbf,4,0.192398,true,osqp,optimal,50,2.234849,0,-0.338010,accept,false,0.750000,0.000000,0.735591,-0.000000,,,0.735591,0.000001,0.281830,4.191729
local_crowding,context_ext,Proposed MPC-SECBF,4,0.400,-1.918170,-0.350000,0.735591,-0.000000,-0.000000,0.126000,-0.932000,-0.060000,0.420000,pedestrian,walking,unknown,1.733041,1.000000,1.000000,2.125407,1.525407,0.320000,0.200000,0.320000,0.200000,0.866363,1.066363,0.000000,1.525407,0.659044,0.459044,0.459044,0.000000,horizon_mpc_secbf,4,0.108729,true,osqp,optimal,50,2.140842,0,-0.421137,fallback,true,0.750000,0.000000,0.735591,0.000035,,,0.735591,0.000035,0.355389,4.118170
local_crowding,context_ext,Proposed MPC-SECBF,5,0.500,-1.844611,-0.349997,0.735591,0.000035,0.000047,0.120000,-0.890000,-0.060000,0.420000,pedestrian,walking,unknown,1.636383,1.000000,1.000000,2.037474,1.437474,0.320000,0.200000,0.320000,0.200000,0.862308,1.062308,0.000000,1.437474,0.575166,0.375166,0.375166,0.000000,horizon_mpc_secbf,4,0.026475,true,osqp,optimal,50,2.578606,0,-0.503208,fallback,true,0.750000,-0.000001,0.735591,0.000303,,,0.735591,0.000269,0.428948,4.044611
local_crowding,context_ext,Proposed MPC-SECBF,6,0.600,-1.771052,-0.349966,0.735591,0.000303,0.000412,0.114000,-0.848000,-0.060000,0.420000,pedestrian,walking,unknown,1.540080,1.000000,1.000000,1.949733,1.349733,0.320000,0.200000,0.320000,0.200000,0.857460,1.057460,0.000000,1.349733,0.492273,0.292273,0.292273,0.000156,horizon_mpc_secbf,4,-0.000164,true,osqp,optimal,25,2.907337,0,-0.466032,fallback,true,0.750000,-0.000006,0.621265,0.029310,,,0.621956,0.117948,0.491144,3.971052
local_crowding,context_ext,Proposed MPC-SECBF,7,0.700,-1.708925,-0.347035,0.621265,0.029310,0.047142,0.108000,-0.806000,-0.060000,0.420000,pedestrian,walking,unknown,1.684731,1.000000,1.000000,1.873997,1.273997,0.320000,0.200000,0.320000,0.200000,0.736287,0.936287,0.000000,1.273997,0.537711,0.337711,0.337711,0.000023,horizon_mpc_secbf,4,-0.000023,true,osqp,optimal,50,2.409228,0,-0.506790,fallback,true,0.750000,-0.000569,0.708996,0.015987,,,0.709176,0.088736,0.562061,3.908926
local_crowding,context_ext,Proposed MPC-SECBF,8,0.800,-1.638026,-0.345437,0.708996,0.015987,0.022546,0.102000,-0.764000,-0.060000,0.420000,pedestrian,walking,unknown,1.412633,1.000000,1.000000,1.789660,1.189660,0.320000,0.200000,0.320000,0.200000,0.818522,1.018522,0.000000,1.189660,0.371139,0.171139,0.171139,0.000457,horizon_mpc_secbf,4,-0.000457,true,osqp,optimal,50,2.282058,0,-0.321450,fallback,true,0.749999,-0.000892,0.370427,0.101217,,,0.384006,0.349132,0.600462,3.838028
local_crowding,context_ext,Proposed MPC-SECBF,9,0.900,-1.600983,-0.335315,0.370427,0.101217,0.266734,0.096000,-0.722000,-0.060000,0.420000,child,crossing,distracted,2.325171,1.000000,1.000000,1.740482,1.140482,0.699209,0.200000,0.699209,0.200000,0.472107,0.672107,0.000000,1.140482,0.668375,0.468375,0.468375,0.000000,horizon_mpc_secbf,4,0.134235,true,osqp,optimal,50,2.150898,0,-0.338130,fallback,true,0.749994,-0.002898,0.683559,0.053033,,,0.685613,0.316818,0.669023,3.801011
local_crowding,context_ext,Proposed MPC-SECBF,10,1.000,-1.532627,-0.330011,0.683559,0.053033,0.077429,0.090000,-0.680000,-0.060000,0.420000,child,crossing,distracted,1.317982,1.000000,1.000000,1.659943,1.059943,0.750000,0.229232,0.750000,0.229232,0.780711,1.009943,0.029232,1.059943,0.279232,0.050000,0.050000,0.000770,horizon_mpc_secbf,4,-0.000770,true,osqp,optimal,100,2.352311,0,-0.166437,project,true,0.749989,-0.004016,0.107923,0.168353,,,0.199976,0.587073,0.689021,3.732681
local_crowding,context_ext,Proposed MPC-SECBF,11,1.100,-1.521835,-0.313176,0.107923,0.168353,1.000736,0.084000,-0.638000,-0.060000,0.420000,child,crossing,distracted,4.841238,1.000000,1.000000,1.638358,1.038358,0.605000,0.229232,0.605000,0.229232,0.198585,0.427817,0.000000,1.038358,0.839772,0.610540,0.610540,0.000000,horizon_mpc_secbf,4,0.285582,true,osqp,optimal,50,2.368004,0,-0.139474,fallback,true,0.749963,-0.007420,0.637225,0.083932,,,0.642729,0.535992,0.753294,3.722017
local_crowding,context_ext,Proposed MPC-SECBF,12,1.200,-1.458112,-0.304783,0.637225,0.083932,0.130960,0.078000,-0.596000,-0.060000,0.420000,child,crossing,distracted,1.288719,1.000000,1.000000,1.563473,0.963473,0.750000,0.190085,0.750000,0.190085,0.723388,0.913473,0.000000,0.963473,0.240085,0.050000,0.050000,0.000749,horizon_mpc_secbf,4,-0.000749,true,osqp,optimal,100,2.929372,0,-0.164916,project,true,0.749943,-0.009270,0.112156,0.170235,,,0.203860,0.532115,0.773680,3.658392
local_crowding,context_ext,Proposed MPC-SECBF,13,1.300,-1.446897,-0.287759,0.112156,0.170235,0.988238,0.072000,-0.554000,-0.060000,0.420000,child,crossing,distracted,4.429162,1.000000,1.000000,1.542054,0.942054,0.605000,0.190085,0.605000,0.190085,0.195213,0.385298,0.000000,0.942054,0.746841,0.556756,0.556756,0.000000,horizon_mpc_secbf,4,0.235397,true,osqp,optimal,50,2.276351,0,-0.184082,fallback,true,0.749891,-0.012798,0.636281,0.101367,,,0.644305,0.528630,0.838110,3.647428
local_crowding,context_ext,Proposed MPC-SECBF,14,1.400,-1.383268,-0.277623,0.636281,0.101367,0.157984,0.066000,-0.512000,-0.060000,0.420000,child,crossing,distracted,1.175934,1.000000,1.000000,1.468098,0.868098,0.750000,0.107686,0.750000,0.107686,0.710412,0.818098,0.000000,0.868098,0.157686,0.050000,0.050000,0.000736,horizon_mpc_secbf,4,-0.000736,true,osqp,optimal,75,2.246040,0,-0.165455,project,true,0.749847,-0.015146,0.118290,0.168272,,,0.205689,0.522295,0.858679,3.583999
local_crowding,context_ext,Proposed MPC-SECBF,15,1.500,-1.371439,-0.260796,0.118290,0.168272,0.958081,0.060000,-0.470000,-0.060000,0.420000,child,crossing,distracted,3.978247,1.000000,1.000000,1.446646,0.846646,0.606224,0.157686,0.606224,0.157686,0.192775,0.350462,0.050000,0.846646,0.653871,0.496185,0.496185,0.000000,horizon_mpc_secbf,4,0.179413,true,osqp,optimal,50,2.260326,0,-0.235523,accept,false,0.749766,-0.018727,0.635225,0.117184,,,0.645943,0.519453,0.923274,3.572553
local_crowding,context_ext,Proposed MPC-SECBF,16,1.600,-1.307917,-0.249077,0.635225,0.117184,0.182425,0.054000,-0.428000,-0.060000,0.420000,child,crossing,distracted,1.061578,1.000000,1.000000,1.373620,0.773620,0.750000,0.028106,0.750000,0.028106,0.695513,0.723620,0.000000,0.773620,0.078106,0.050000,0.050000,0.000723,horizon_mpc_secbf,4,-0.000723,true,osqp,optimal,50,2.250272,0,-0.165780,project,true,0.749690,-0.021569,0.124577,0.162827,,,0.205017,0.512683,0.943775,3.509368
local_crowding,context_ext,Proposed MPC-SECBF,17,1.700,-1.295459,-0.232795,0.124577,0.162827,0.917708,0.048000,-0.386000,-0.060000,0.420000,child,crossing,distracted,3.539157,1.000000,1.000000,1.352167,0.752167,0.630922,0.078106,0.630922,0.078106,0.188630,0.266737,0.050000,0.752167,0.563537,0.485430,0.485430,0.000000,horizon_mpc_secbf,4,0.173531,true,osqp,optimal,50,2.494915,0,-0.236716,accept,false,0.749579,-0.025134,0.633920,0.131443,,,0.647404,0.510309,1.008516,3.497424
local_crowding,context_ext,Proposed MPC-SECBF,18,1.800,-1.232067,-0.219650,0.633920,0.131443,0.204452,0.042000,-0.344000,-0.060000,0.420000,child,crossing,distracted,0.946363,1.000000,1.000000,1.280121,0.680121,0.750000,0.000000,0.750000,0.000000,0.677183,0.677183,0.000000,0.680121,0.002938,0.002938,0.002938,0.029089,horizon_mpc_secbf,4,-0.028628,true,osqp,optimal,925,4.982664,0,-0.047312,zero,true,0.749460,-0.028464,0.013552,0.356847,,,0.357105,0.660048,1.044226,3.434542
local_crowding,context_ext,Proposed MPC-SECBF,19,1.900,-1.230712,-0.183965,0.013552,0.356847,1.532837,0.036000,-0.302000,-0.060000,0.420000,child,crossing,distracted,8.498702,1.000000,1.000000,1.272199,0.672199,0.605000,0.050000,0.605000,0.050000,0.077778,0.127778,0.050000,0.672199,0.594421,0.544421,0.544421,0.000000,horizon_mpc_secbf,4,0.238048,true,osqp,optimal,50,2.302504,0,-0.149073,accept,false,0.749123,-0.036255,0.613456,0.172714,,,0.637305,0.627526,1.107957,3.434727
local_crowding,context_ext,Proposed MPC-SECBF,20,2.000,-1.169366,-0.166694,0.613456,0.172714,0.274439,0.030000,-0.260000,-0.060000,0.420000,child,crossing,distracted,0.873131,1.000000,1.000000,1.202990,0.602990,0.750000,0.000000,0.750000,0.000000,0.655001,0.655001,0.000000,0.602990,-0.052011,-0.052011,-0.052011,0.066150,horizon_mpc_secbf,4,-0.057426,true,osqp,optimal,2025,5.084253,0,-0.095409,zero,true,0.748893,-0.040743,-0.040021,-0.735589,,,0.736677,1.118949,1.181624,3.374349
local_crowding,context_ext,Proposed MPC-SECBF,21,2.100,-1.173369,-0.240253,-0.040021,-0.735589,-1.625150,0.024000,-0.218000,-0.060000,0.420000,child,crossing,distracted,,0.000000,1.000000,1.197575,0.597575,0.380000,0.050000,0.380000,0.050000,0.000000,0.050000,0.050000,0.597575,0.597575,0.547575,0.547575,0.000000,horizon_mpc_secbf,4,0.303137,true,osqp,optimal,50,2.344515,0,-0.087945,accept,false,0.749603,-0.024387,0.589028,-0.300905,,,0.661436,0.764626,1.247768,3.375153
local_crowding,context_ext,Proposed MPC-SECBF,22,2.200,-1.114466,-0.270344,0.589028,-0.300905,-0.472291,0.018000,-0.176000,-0.060000,0.420000,child,crossing,distracted,0.913878,1.000000,1.000000,1.136389,0.536389,0.750000,0.100000,0.750000,0.100000,0.188579,0.288579,0.050000,0.536389,0.347810,0.247810,0.247810,0.000000,horizon_mpc_secbf,4,0.016319,true,osqp,optimal,50,2.832149,0,-0.449176,accept,false,0.749783,-0.018020,0.693758,-0.232500,,,0.731681,0.125091,1.320936,3.315423
local_crowding,context_ext,Proposed MPC-SECBF,23,2.300,-1.045090,-0.293594,0.693758,-0.232500,-0.323368,0.012000,-0.134000,-0.060000,0.420000,child,crossing,distracted,0.723978,1.000000,1.000000,1.069069,0.469069,0.750000,0.150000,0.750000,0.150000,0.202175,0.352175,0.050000,0.469069,0.266895,0.116895,0.116895,0.000232,horizon_mpc_secbf,4,-0.000232,true,osqp,optimal,50,2.585690,0,-0.368226,accept,false,0.749887,-0.013035,0.543376,-0.325308,,,0.633311,0.176715,1.384267,3.245580
local_crowding,context_ext,Proposed MPC-SECBF,24,2.400,-0.990752,-0.326124,0.543376,-0.325308,-0.539448,0.006000,-0.092000,-0.060000,0.420000,child,crossing,distracted,1.016585,1.000000,1.000000,1.023880,0.423880,0.750000,0.200000,0.750000,0.200000,0.000000,0.200000,0.050000,0.423880,0.455478,0.255478,0.223880,0.000000,horizon_mpc_secbf,4,0.059278,true,osqp,optimal,50,2.296546,0,-0.346434,accept,false,0.749979,-0.005612,0.682599,-0.247403,,,0.726051,0.159538,1.456872,3.190842
local_crowding,context_ext,Proposed MPC-SECBF,25,2.500,-0.922493,-0.350865,0.682599,-0.247403,-0.347716,0.000000,-0.050000,-0.060000,0.420000,child,crossing,distracted,0.742028,1.000000,1.000000,0.970315,0.370315,0.750000,0.200000,0.750000,0.200000,0.000000,0.200000,0.000000,0.370315,0.384837,0.184837,0.170315,0.000000,horizon_mpc_secbf,4,0.042049,true,osqp,optimal,50,2.091818,0,-0.347361,fallback,true,0.750000,0.000208,0.698454,-0.235971,,,0.737238,0.019546,1.530596,3.122493
local_crowding,context_ext,Proposed MPC-SECBF,26,2.600,-0.852647,-0.374462,0.698454,-0.235971,-0.325808,-0.006000,-0.008000,-0.060000,0.420000,child,crossing,distracted,0.740684,1.000000,1.000000,0.922554,0.322554,0.750000,0.200000,0.750000,0.200000,0.000000,0.200000,0.000000,0.322554,0.426229,0.226229,0.122554,0.000000,horizon_mpc_secbf,4,0.036366,true,osqp,optimal,50,2.131047,0,-0.312584,fallback,true,0.749976,0.006010,0.698271,-0.236412,,,0.737207,0.000478,1.604317,3.052745
local_crowding,context_ext,Proposed MPC-SECBF,27,2.700,-0.782820,-0.398103,0.698271,-0.236412,-0.326454,-0.012000,0.034000,-0.060000,0.420000,child,crossing,distracted,0.833208,1.000000,1.000000,0.883672,0.283672,0.750000,0.200000,0.750000,0.200000,0.000000,0.200000,0.000000,0.283672,0.488588,0.288588,0.083672,0.000000,horizon_mpc_secbf,4,0.033656,true,osqp,optimal,50,2.136644,0,-0.255976,fallback,true,0.749902,0.012093,0.697877,-0.237365,,,0.737139,0.001031,1.678031,2.983208
local_crowding,context_ext,Proposed MPC-SECBF,28,2.800,-0.713032,-0.421839,0.697877,-0.237365,-0.327850,-0.018000,0.076000,-0.060000,0.420000,child,crossing,distracted,1.092569,1.000000,1.000000,0.854935,0.254935,0.750000,0.200000,0.750000,0.200000,0.000000,0.200000,0.000000,0.254935,0.556912,0.356912,0.054935,0.000000,horizon_mpc_secbf,4,0.031725,true,osqp,optimal,50,2.410515,0,-0.179651,fallback,true,0.749772,0.018490,0.698440,-0.236004,,,0.737236,0.001473,1.751754,2.913918
local_crowding,context_ext,Proposed MPC-SECBF,29,2.900,-0.643188,-0.445440,0.698440,-0.236004,-0.325856,-0.024000,0.118000,-0.060000,0.420000,child,crossing,distracted,1.985575,1.000000,1.000000,0.837173,0.237173,0.718311,0.200000,0.718311,0.200000,0.000000,0.200000,0.000000,0.237173,0.627369,0.427369,0.037173,0.000000,horizon_mpc_secbf,4,0.030781,true,osqp,optimal,50,2.908176,0,-0.086387,fallback,true,0.749578,0.025162,0.700179,-0.231805,,,0.737553,0.004544,1.825510,2.844790
local_crowding,context_ext,Proposed MPC-SECBF,30,3.000,-0.573170,-0.468620,0.700179,-0.231805,-0.319708,-0.030000,0.160000,-0.060000,0.420000,child,crossing,distracted,60.506046,1.000000,1.000000,0.830781,0.230781,0.605000,0.200000,0.605000,0.200000,0.000000,0.200000,0.000000,0.230781,0.698685,0.498685,0.030781,0.000000,horizon_mpc_secbf,4,0.035667,true,osqp,optimal,50,2.229807,0,0.019714,fallback,true,0.749315,0.032051,0.703103,-0.224746,,,0.738150,0.007641,1.899325,2.775706
local_crowding,context_ext,Proposed MPC-SECBF,31,3.100,-0.502860,-0.491095,0.703103,-0.224746,-0.309384,-0.036000,0.202000,-0.060000,0.420000,child,crossing,distracted,,0.000000,1.000000,0.835667,0.235667,0.380000,0.185667,0.380000,0.185667,0.000000,0.185667,0.000000,0.235667,0.235667,0.050000,0.050000,0.000000,horizon_mpc_secbf,4,0.065595,true,osqp,optimal,50,2.264138,0,0.148066,project,true,0.748980,0.039098,0.707149,-0.214980,,,0.739104,0.010571,1.973235,2.706540
local_crowding,context_ext,Proposed MPC-SECBF,32,3.200,-0.432145,-0.512593,0.707149,-0.214980,-0.295131,-0.042000,0.244000,-0.060000,0.420000,child,crossing,distracted,,0.000000,1.000000,0.851262,0.251262,0.380000,0.201262,0.380000,0.201262,0.000000,0.201262,0.015595,0.251262,0.251262,0.050000,0.050000,0.000000,horizon_mpc_secbf,4,0.075362,true,osqp,optimal,50,2.160483,0,0.249589,project,true,0.748573,0.046241,0.712210,-0.202760,,,0.740510,0.013226,2.047286,2.637162
local_crowding,context_ext,Proposed MPC-SECBF,33,3.300,-0.360924,-0.532869,0.712210,-0.202760,-0.277354,-0.048000,0.286000,-0.060000,0.420000,child,crossing,distracted,,0.000000,1.000000,0.876623,0.276623,0.380000,0.226623,0.380000,0.226623,0.000000,0.226623,0.025362,0.276623,0.276623,0.050000,0.050000,0.000000,horizon_mpc_secbf,4,0.083961,true,osqp,optimal,50,2.114114,0,0.340541,project,true,0.748095,0.053420,0.718159,-0.188399,,,0.742459,0.015544,2.121532,2.567445
local_crowding,context_ext,Proposed MPC-SECBF,34,3.400,-0.289108,-0.551709,0.718159,-0.188399,-0.256556,-0.054000,0.328000,-0.060000,0.420000,child,crossing,distracted,,0.000000,1.000000,0.910584,0.310584,0.380000,0.226623,0.380000,0.226623,0.000000,0.226623,0.000000,0.310584,0.310584,0.083961,0.083961,0.000000,horizon_mpc_secbf,4,0.125282,true,osqp,optimal,50,2.212159,0,0.453466,fallback,true,0.747549,0.060579,0.724855,-0.172232,,,0.745036,0.017500,2.196036,2.497268
local_crowding,context_ext,Proposed MPC-SECBF,35,3.500,-0.216623,-0.568932,0.724855,-0.172232,-0.233282,-0.060000,0.370000,-0.060000,0.420000,child,crossing,distracted,,0.000000,1.000000,0.951906,0.351906,0.380000,0.226623,0.380000,0.226623,0.000000,0.226623,0.000000,0.351906,0.351906,0.125282,0.125282,0.000000,horizon_mpc_secbf,4,0.172772,true,osqp,optimal,50,3.408659,0,0.561720,fallback,true,0.746941,0.067669,0.732156,-0.154607,,,0.748302,0.019077,2.270866,2.426520
local_crowding,context_ext,Proposed MPC-SECBF,36,3.600,-0.143407,-0.584393,0.732156,-0.154607,-0.208109,-0.066000,0.412000,-0.060000,0.420000,child,crossing,distracted,,0.000000,1.000000,0.999395,0.399395,0.380000,0.226623,0.380000,0.226623,0.000000,0.226623,0.000000,0.399395,0.399395,0.172772,0.172772,0.000000,horizon_mpc_secbf,4,0.225245,true,osqp,optimal,50,2.731746,0,0.664211,fallback,true,0.746276,0.074644,0.735589,-0.134727,,,0.747825,0.020174,2.345648,2.355100
local_crowding,context_ext,Proposed MPC-SECBF,37,3.700,-0.069848,-0.597866,0.735589,-0.134727,-0.181148,-0.072000,0.454000,-0.060000,0.420000,child,crossing,distracted,,0.000000,1.000000,1.051868,0.451868,0.380000,0.226623,0.380000,0.226623,0.000000,0.226623,0.000000,0.451868,0.451868,0.225245,0.225245,0.000000,horizon_mpc_secbf,4,0.281588,true,osqp,optimal,50,2.177172,0,0.760158,fallback,true,0.745568,0.081415,0.735590,-0.113287,,,0.744262,0.021440,2.420074,2.283342
local_crowding,context_ext,Proposed MPC-SECBF,38,3.800,0.003711,-0.609194,0.735590,-0.113287,-0.152808,-0.078000,0.496000,-0.060000,0.420000,child,crossing,distracted,,0.000000,1.000000,1.108211,0.508211,0.380000,0.226623,0.380000,0.226623,0.000000,0.226623,0.000000,0.508211,0.508211,0.281588,0.281588,0.000000,horizon_mpc_secbf,4,0.340859,true,osqp,optimal,50,2.499633,0,0.849817,fallback,true,0.744831,0.087901,0.735590,-0.090960,,,0.741193,0.022327,2.494194,2.211531
local_crowding,context_ext,Proposed MPC-SECBF,39,3.900,0.077270,-0.618290,0.735590,-0.090960,-0.123031,-0.084000,0.538000,-0.060000,0.420000,child,crossing,distracted,,0.000000,1.000000,1.167482,0.567482,0.380000,0.226623,0.380000,0.226623,0.000000,0.226623,0.000000,0.567482,0.567482,0.340859,0.340859,0.000000,horizon_mpc_secbf,4,0.402304,true,osqp,optimal,50,2.256576,0,0.934164,fallback,true,0.744080,0.094044,0.735591,-0.068085,,,0.738735,0.022875,2.568067,2.139618
local_crowding,context_ext,Proposed MPC-SECBF,40,4.000,0.150829,-0.625099,0.735591,-0.068085,-0.092296,-0.090000,0.580000,-0.060000,0.420000,child,crossing,distracted,,0.000000,1.000000,1.228927,0.628927,0.380000,0.226623,0.380000,0.226623,0.000000,0.226623,0.000000,0.628927,0.628927,0.402304,0.402304,0.000000,horizon_mpc_secbf,4,0.465324,true,osqp,optimal,50,2.307498,0,1.014115,fallback,true,0.743331,0.099791,0.735591,-0.044917,,,0.736961,0.023169,2.641763,2.067555
local_crowding,context_ext,Proposed MPC-SECBF,41,4.100,0.224388,-0.629590,0.735591,-0.044917,-0.060986,-0.096000,0.622000,-0.060000,0.420000,child,crossing,distracted,,0.000000,1.000000,1.291947,0.691947,0.380000,0.226623,0.380000,0.226623,0.000000,0.226623,0.000000,0.691947,0.691947,0.465324,0.465324,0.000000,horizon_mpc_secbf,4,0.529454,true,osqp,optimal,50,2.870105,0,1.090495,fallback,true,0.742600,0.105093,0.735591,-0.021670,,,0.735910,0.023247,2.715354,1.995298
local_crowding,context_ext,Proposed MPC-SECBF,42,4.200,0.297947,-0.631757,0.735591,-0.021670,-0.029451,-0.102000,0.664000,-0.060000,0.420000,child,crossing,distracted,,0.000000,1.000000,1.356077,0.756077,0.380000,0.226623,0.380000,0.226623,0.000000,0.226623,0.000000,0.756077,0.756077,0.529454,0.529454,0.000000,horizon_mpc_secbf,4,0.594338,true,osqp,optimal,50,2.557077,0,1.164016,fallback,true,0.741904,0.109901,0.735591,0.001465,,,0.735593,0.023135,2.788914,1.922809
local_crowding,context_ext,Proposed MPC-SECBF,43,4.300,0.371506,-0.631611,0.735591,0.001465,0.001991,-0.108000,0.706000,-0.060000,0.420000,child,crossing,distracted,,0.000000,1.000000,1.420961,0.820961,0.380000,0.226623,0.380000,0.226623,0.000000,0.226623,0.000000,0.820961,0.820961,0.594338,0.594338,0.000000,horizon_mpc_secbf,4,0.659707,true,osqp,optimal,50,2.211104,0,1.235284,fallback,true,0.741260,0.114163,0.735591,0.024318,,,0.735993,0.022854,2.862513,1.850053
local_crowding,context_ext,Proposed MPC-SECBF,44,4.400,0.445065,-0.629179,0.735591,0.024318,0.033047,-0.114000,0.748000,-0.060000,0.420000,child,crossing,distracted,,0.000000,1.000000,1.486330,0.886330,0.380000,0.226623,0.380000,0.226623,0.000000,0.226623,0.000000,0.886330,0.886330,0.659707,0.659707,0.000000,horizon_mpc_secbf,4,0.725365,true,osqp,optimal,50,3.240721,0,1.304808,fallback,true,0.740686,0.117830,0.735591,0.046740,,,0.737075,0.022421,2.936220,1.777002
local_crowding,context_ext,Proposed MPC-SECBF,45,4.500,0.518624,-0.624505,0.735591,0.046740,0.063455,-0.120000,0.790000,-0.060000,0.420000,child,crossing,distracted,,0.000000,1.000000,1.551988,0.951988,0.380000,0.226623,0.380000,0.226623,0.000000,0.226623,0.000000,0.951988,0.951988,0.725365,0.725365,0.000000,horizon_mpc_secbf,4,0.791173,true,osqp,optimal,50,3.165050,0,1.373028,fallback,true,0.740200,0.120847,0.735591,0.068582,,,0.738781,0.021843,3.010099,1.703637
local_crowding,context_ext,Proposed MPC-SECBF,46,4.600,0.592183,-0.617647,0.735591,0.068582,0.092966,-0.126000,0.832000,-0.060000,0.420000,child,crossing,distracted,,0.000000,1.000000,1.617796,1.017796,0.380000,0.226623,0.380000,0.226623,0.000000,0.226623,0.000000,1.017796,1.017796,0.791173,0.791173,0.000000,horizon_mpc_secbf,4,0.857050,true,osqp,optimal,50,3.190427,0,1.440425,fallback,true,0.739819,0.123155,0.735591,0.089591,,,0.741027,0.021008,3.084201,1.629941
local_crowding,context_ext,Proposed MPC-SECBF,47,4.700,0.665742,-0.608688,0.735591,0.089591,0.121197,-0.132000,0.874000,-0.060000,0.420000,child,crossing,distracted,,0.000000,1.000000,1.683673,1.083673,0.380000,0.226623,0.380000,0.226623,0.000000,0.226623,0.000000,1.083673,1.083673,0.857050,0.857050,0.000000,horizon_mpc_secbf,4,0.923011,true,osqp,optimal,50,3.150109,0,1.507909,fallback,true,0.739561,0.124696,0.735591,0.108973,,,0.743619,0.019382,3.158563,1.555913
local_crowding,context_ext,Proposed MPC-SECBF,48,4.800,0.739302,-0.597791,0.735591,0.108973,0.147073,-0.138000,0.916000,-0.060000,0.420000,child,crossing,distracted,,0.000000,1.000000,1.749634,1.149634,0.380000,0.226623,0.380000,0.226623,0.000000,0.226623,0.000000,1.149634,1.149634,0.923011,0.923011,0.000000,horizon_mpc_secbf,4,0.989434,true,osqp,optimal,50,3.051589,0,1.579237,fallback,true,0.739436,0.125437,0.735590,0.122612,,,0.745739,0.013639,3.233137,1.481567
local_crowding,context_ext,Proposed MPC-SECBF,49,4.900,0.812861,-0.585529,0.735590,0.122612,0.165167,-0.144000,0.958000,-0.060000,0.420000,child,crossing,distracted,,0.000000,1.000000,1.816058,1.216058,0.380000,0.226623,0.380000,0.226623,0.000000,0.226623,0.000000,1.216058,1.216058,0.989434,0.989434,0.000000,horizon_mpc_secbf,4,1.057142,true,osqp,optimal,50,3.099662,0,1.659314,fallback,true,0.739417,0.125549,0.735590,0.125045,,,0.746143,0.002433,3.307751,1.406993
local_crowding,context_ext,Proposed MPC-SECBF,50,5.000,0.886420,-0.573025,0.735590,0.125045,0.168384,-0.150000,1.000000,-0.060000,0.420000,child,crossing,distracted,,0.000000,1.000000,1.883766,1.283766,0.380000,0.226623,0.380000,0.226623,0.000000,0.226623,0.000000,1.283766,1.283766,1.057142,1.057142,0.000000,horizon_mpc_secbf,4,1.126156,true,osqp,optimal,50,3.313717,0,1.740821,fallback,true,0.739418,0.125541,0.735590,0.125456,,,0.746212,0.000411,3.382372,1.332379
local_crowding,context_ext,Proposed MPC-SECBF,51,5.100,0.959979,-0.560479,0.735590,0.125456,0.168926,-0.156000,1.042000,-0.060000,0.420000,child,crossing,distracted,,0.000000,1.000000,1.952780,1.352780,0.380000,0.226623,0.380000,0.226623,0.000000,0.226623,0.000000,1.352780,1.352780,1.126156,1.126156,0.000000,horizon_mpc_secbf,4,1.196371,true,osqp,optimal,50,3.433766,0,1.822493,fallback,true,0.739424,0.125509,0.735590,0.125500,,,0.746219,0.000043,3.456994,1.257758
local_crowding,context_ext,Proposed MPC-SECBF,52,5.200,1.033538,-0.547929,0.735590,0.125500,0.168984,-0.162000,1.084000,-0.060000,0.420000,child,crossing,distracted,,0.000000,1.000000,2.022994,1.422994,0.380000,0.226623,0.380000,0.226623,0.000000,0.226623,0.000000,1.422994,1.422994,1.196371,1.196371,0.000000,horizon_mpc_secbf,4,1.267669,true,osqp,optimal,50,3.287020,0,1.904135,fallback,true,0.739431,0.125469,0.735590,0.125474,,,0.746215,0.000025,3.531616,1.183136
local_crowding,context_ext,Proposed MPC-SECBF,53,5.300,1.107097,-0.535382,0.735590,0.125474,0.168950,-0.168000,1.126000,-0.060000,0.420000,child,crossing,distracted,,0.000000,1.000000,2.094292,1.494292,0.380000,0.226623,0.380000,0.226623,0.000000,0.226623,0.000000,1.494292,1.494292,1.267669,1.267669,0.000000,horizon_mpc_secbf,4,1.339947,true,osqp,optimal,50,3.139571,0,1.985736,fallback,true,0.739438,0.125426,0.735590,0.125434,,,0.746208,0.000040,3.606237,1.108514
local_crowding,context_ext,Proposed MPC-SECBF,54,5.400,1.180656,-0.522838,0.735590,0.125434,0.168897,-0.174000,1.168000,-0.060000,0.420000,child,crossing,distracted,,0.000000,1.000000,2.166570,1.566570,0.380000,0.226623,0.380000,0.226623,0.000000,0.226623,0.000000,1.566570,1.566570,1.339947,1.339947,0.000000,horizon_mpc_secbf,4,1.413110,true,osqp,optimal,50,3.170302,0,2.067314,fallback,true,0.739446,0.125379,0.735590,0.125389,,,0.746200,0.000045,3.680857,1.033894
local_crowding,context_ext,Proposed MPC-SECBF,55,5.500,1.254215,-0.510300,0.735590,0.125389,0.168837,-0.180000,1.210000,-0.060000,0.420000,child,crossing,distracted,,0.000000,1.000000,2.239733,1.639733,0.380000,0.226623,0.380000,0.226623,0.000000,0.226623,0.000000,1.639733,1.639733,1.413110,1.413110,0.000000,horizon_mpc_secbf,4,1.487073,true,osqp,optimal,50,3.308326,0,2.148890,fallback,true,0.739454,0.125329,0.735590,0.125339,,,0.746192,0.000050,3.755476,0.959274
local_crowding,context_ext,Proposed MPC-SECBF,56,5.600,1.327774,-0.497766,0.735590,0.125339,0.168772,-0.186000,1.252000,-0.060000,0.420000,child,crossing,distracted,,0.000000,1.000000,2.313696,1.713696,0.380000,0.226623,0.380000,0.226623,0.000000,0.226623,0.000000,1.713696,1.713696,1.487073,1.487073,0.000000,horizon_mpc_secbf,4,1.561764,true,osqp,optimal,50,3.464619,0,2.230483,fallback,true,0.739464,0.125274,0.735590,0.125285,,,0.746183,0.000054,3.830094,0.884654
local_crowding,context_ext,Proposed MPC-SECBF,57,5.700,1.401333,-0.485237,0.735590,0.125285,0.168700,-0.192000,1.294000,-0.060000,0.420000,child,crossing,distracted,,0.000000,1.000000,2.388387,1.788387,0.380000,0.226623,0.380000,0.226623,0.000000,0.226623,0.000000,1.788387,1.788387,1.561764,1.561764,0.000000,horizon_mpc_secbf,4,1.637117,true,osqp,optimal,50,3.218466,0,2.312108,fallback,true,0.739474,0.125214,0.735590,0.125226,,,0.746173,0.000059,3.904712,0.810036
local_crowding,context_ext,Proposed MPC-SECBF,58,5.800,1.474892,-0.472715,0.735590,0.125226,0.168623,-0.198000,1.336000,-0.060000,0.420000,child,crossing,distracted,,0.000000,1.000000,2.463740,1.863740,0.380000,0.226623,0.380000,0.226623,0.000000,0.226623,0.000000,1.863740,1.863740,1.637117,1.637117,0.000000,horizon_mpc_secbf,4,1.713073,true,osqp,optimal,50,3.159250,0,2.393778,fallback,true,0.739485,0.125148,0.735590,0.125161,,,0.746162,0.000065,3.979328,0.735419
local_crowding,context_ext,Proposed MPC-SECBF,59,5.900,1.548451,-0.460198,0.735590,0.125161,0.168536,-0.204000,1.378000,-0.060000,0.420000,child,crossing,distracted,,0.000000,1.000000,2.539696,1.939696,0.380000,0.226623,0.380000,0.226623,0.000000,0.226623,0.000000,1.939696,1.939696,1.713073,1.713073,0.000000,horizon_mpc_secbf,4,1.789581,true,osqp,optimal,50,2.672939,0,2.475502,fallback,true,0.739498,0.125073,0.735590,0.125088,,,0.746150,0.000073,4.053943,0.660803
local_crowding,context_ext,Proposed MPC-SECBF,60,6.000,1.622010,-0.447690,0.735590,0.125088,0.168440,-0.210000,1.420000,-0.060000,0.420000,child,crossing,distracted,,0.000000,1.000000,2.616204,2.016204,0.380000,0.226623,0.380000,0.226623,0.000000,0.226623,0.000000,2.016204,2.016204,1.789581,1.789581,0.000000,horizon_mpc_secbf,4,1.866594,true,osqp,optimal,50,2.135212,0,2.557291,fallback,true,0.739512,0.124989,0.735590,0.125006,,,0.746136,0.000082,4.128556,0.586188
local_crowding,context_ext,Proposed MPC-SECBF,61,6.100,1.695569,-0.435189,0.735590,0.125006,0.168332,-0.216000,1.462000,-0.060000,0.420000,child,crossing,distracted,,0.000000,1.000000,2.693218,2.093218,0.380000,0.226623,0.380000,0.226623,0.000000,0.226623,0.000000,2.093218,2.093218,1.866594,1.866594,0.000000,horizon_mpc_secbf,4,1.944072,true,osqp,optimal,50,2.957665,0,2.639151,fallback,true,0.739528,0.124892,0.735590,0.124912,,,0.746121,0.000094,4.203168,0.511574
local_crowding,context_ext,Proposed MPC-SECBF,62,6.200,1.769128,-0.422698,0.735590,0.124912,0.168207,-0.222000,1.504000,-0.060000,0.420000,child,crossing,distracted,,0.000000,1.000000,2.770696,2.170696,0.380000,0.226623,0.380000,0.226623,0.000000,0.226623,0.000000,2.170696,2.170696,1.944072,1.944072,0.000000,horizon_mpc_secbf,4,2.021979,true,osqp,optimal,50,2.230288,0,2.721091,fallback,true,0.739547,0.124778,0.735590,0.124801,,,0.746102,0.000111,4.277779,0.436962
local_crowding,context_ext,Proposed MPC-SECBF,63,6.300,1.842687,-0.410218,0.735590,0.124801,0.168061,-0.228000,1.546000,-0.060000,0.420000,child,crossing,distracted,,0.000000,1.000000,2.848602,2.248602,0.380000,0.226623,0.380000,0.226623,0.000000,0.226623,0.000000,2.248602,2.248602,2.021979,2.021979,0.000000,horizon_mpc_secbf,4,2.100280,true,osqp,optimal,50,2.533855,0,2.803118,fallback,true,0.739571,0.124639,0.735590,0.124667,,,0.746080,0.000134,4.352387,0.362352
local_crowding,context_ext,Proposed MPC-SECBF,64,6.400,1.916246,-0.397751,0.735590,0.124667,0.167884,-0.234000,1.588000,-0.060000,0.420000,child,crossing,distracted,,0.000000,1.000000,2.926903,2.326903,0.380000,0.226623,0.380000,0.226623,0.000000,0.226623,0.000000,2.326903,2.326903,2.100280,2.100280,0.000000,horizon_mpc_secbf,4,2.178950,true,osqp,optimal,50,2.443631,0,2.885243,fallback,true,0.739601,0.124462,0.735590,0.124497,,,0.746051,0.000170,4.426992,0.287744
local_crowding,context_ext,Proposed MPC-SECBF,65,6.500,1.989805,-0.385301,0.735590,0.124497,0.167659,-0.240000,1.630000,-0.060000,0.420000,child,crossing,distracted,,0.000000,1.000000,3.005573,2.405573,0.380000,0.226623,0.380000,0.226623,0.000000,0.226623,0.000000,2.405573,2.405573,2.178950,2.178950,0.000000,horizon_mpc_secbf,4,2.257963,true,osqp,optimal,50,2.569684,0,2.967486,fallback,true,0.739642,0.124219,0.735590,0.124267,,,0.746013,0.000230,4.501593,0.213139
local_crowding,context_ext,Proposed MPC-SECBF,66,6.600,2.063364,-0.372875,0.735590,0.124267,0.167355,-0.246000,1.672000,-0.060000,0.420000,child,crossing,distracted,,0.000000,1.000000,3.084586,2.484586,0.380000,0.226623,0.380000,0.226623,0.000000,0.226623,0.000000,2.484586,2.484586,2.257963,2.257963,0.000000,horizon_mpc_secbf,4,2.337304,true,osqp,optimal,50,2.669917,0,3.049893,fallback,true,0.739706,0.123836,0.735590,0.123910,,,0.745953,0.000357,4.576188,0.138538
local_crowding,context_ext,Proposed MPC-SECBF,67,6.700,2.136923,-0.360484,0.735590,0.123910,0.166883,-0.252000,1.714000,-0.060000,0.420000,child,crossing,distracted,,0.000000,1.000000,3.163927,2.563927,0.380000,0.226623,0.380000,0.226623,0.000000,0.226623,0.000000,2.563927,2.563927,2.337304,2.337304,0.000001,horizon_mpc_secbf,4,2.411349,true,osqp,optimal,25,2.953000,0,3.076945,fallback,true,0.630771,0.104836,0.648754,0.108110,,,0.657700,0.088262,4.641958,0.063942
local_crowding,context_ext,Proposed MPC-SECBF,68,6.800,2.201798,-0.349673,0.648754,0.108110,0.165125,-0.258000,1.756000,-0.060000,0.420000,child,crossing,distracted,,0.000000,1.000000,3.237972,2.637972,0.380000,0.226623,0.380000,0.226623,0.000000,0.226623,0.000000,2.637972,2.637972,2.411349,2.411349,0.000000,horizon_mpc_secbf,4,2.443472,true,osqp,optimal,50,2.587312,0,2.731372,fallback,true,-0.017982,-0.003274,0.000307,-0.001663,,,0.001691,0.657672,4.642127,0.001828
local_crowding,context_ext,Proposed MPC-SECBF,69,6.900,2.201829,-0.349839,0.000307,-0.001663,-1.388222,-0.264000,1.798000,-0.060000,0.420000,child,crossing,distracted,,0.000000,1.000000,3.270095,2.670095,0.380000,0.226623,0.380000,0.226623,0.000000,0.226623,0.000000,2.670095,2.670095,2.443472,2.443472,0.000000,horizon_mpc_secbf,4,2.474677,true,osqp,optimal,25,2.046269,0,2.754256,fallback,true,-0.018289,-0.001612,-0.015098,-0.001620,,,0.015185,0.015405,4.643646,0.001836
local_crowding,context_ext,Proposed MPC-SECBF,70,7.000,2.200319,-0.350001,-0.015098,-0.001620,-3.034678,-0.270000,1.840000,-0.060000,0.420000,child,crossing,distracted,,0.000000,1.000000,3.301300,2.701300,0.380000,0.226623,0.380000,0.226623,0.000000,0.226623,0.000000,2.701300,2.701300,2.474677,2.474677,0.000000,horizon_mpc_secbf,4,2.506771,true,osqp,optimal,25,2.388083,0,2.794455,fallback,true,-0.003191,0.000009,-0.005234,-0.000271,,,0.005241,0.009957,4.644170,0.000319
local_crowding,context_ext,Proposed MPC-SECBF,71,7.100,2.199796,-0.350028,-0.005234,-0.000271,-3.089913,-0.276000,1.882000,-0.060000,0.420000,child,crossing,distracted,,0.000000,1.000000,3.333394,2.733394,0.380000,0.226623,0.380000,0.226623,0.000000,0.226623,0.000000,2.733394,2.733394,2.506771,2.506771,0.000000,horizon_mpc_secbf,4,2.539506,true,osqp,optimal,25,2.099400,0,2.833031,fallback,true,0.002043,0.000280,0.000795,0.000185,,,0.000816,0.006045,4.644252,0.000206
local_crowding,context_ext,Proposed MPC-SECBF,72,7.200,2.199875,-0.350009,0.000795,0.000185,0.228967,-0.282000,1.924000,-0.060000,0.420000,child,crossing,distracted,,0.000000,1.000000,3.366129,2.766129,0.380000,0.226623,0.380000,0.226623,0.000000,0.226623,0.000000,2.766129,2.766129,2.539506,2.539506,0.000000,horizon_mpc_secbf,4,2.572488,true,osqp,optimal,25,2.015170,0,2.868267,fallback,true,0.001249,0.000094,0.001171,0.000110,,,0.001176,0.000384,4.644369,0.000125
local_crowding,context_ext,Proposed MPC-SECBF,73,7.300,2.199992,-0.349998,0.001171,0.000110,0.093681,-0.288000,1.966000,-0.060000,0.420000,child,crossing,distracted,,0.000000,1.000000,3.399111,2.799111,0.380000,0.226623,0.380000,0.226623,0.000000,0.226623,0.000000,2.799111,2.799111,2.572488,2.572488,0.000000,horizon_mpc_secbf,4,2.605619,true,osqp,optimal,25,2.100845,0,2.902764,fallback,true,0.000078,-0.000016,0.000265,0.000006,,,0.000265,0.000911,4.644396,0.000008
local_crowding,context_ext,Proposed MPC-SECBF,74,7.400,2.200019,-0.349998,0.000265,0.000006,0.022475,-0.294000,2.008000,-0.060000,0.420000,child,crossing,distracted,,0.000000,1.000000,3.432242,2.832242,0.380000,0.226623,0.380000,0.226623,0.000000,0.226623,0.000000,2.832242,2.832242,2.605619,2.605619,0.000000,horizon_mpc_secbf,4,2.638927,true,osqp,optimal,25,2.656341,0,2.937695,fallback,true,-0.000187,-0.000022,-0.000110,-0.000017,,,0.000111,0.000376,4.644407,0.000019
local_crowding,context_ext,Proposed MPC-SECBF,75,7.500,2.200008,-0.350000,-0.000110,-0.000017,-2.989499,-0.300000,2.050000,-0.060000,0.420000,child,crossing,distracted,,0.000000,1.000000,3.465550,2.865550,0.380000,0.226623,0.380000,0.226623,0.000000,0.226623,0.000000,2.865550,2.865550,2.638927,2.638927,0.000000,horizon_mpc_secbf,4,2.672434,true,osqp,optimal,25,2.390177,0,2.973018,fallback,true,-0.000078,-0.000005,-0.000083,-0.000007,,,0.000083,0.000028,4.644415,0.000008
local_crowding,context_ext,Proposed MPC-SECBF,76,7.600,2.199999,-0.350000,-0.000083,-0.000007,-3.060084,-0.306000,2.092000,-0.060000,0.420000,child,crossing,distracted,,0.000000,1.000000,3.499057,2.899057,0.380000,0.226623,0.380000,0.226623,0.000000,0.226623,0.000000,2.899057,2.899057,2.672434,2.672434,0.000000,horizon_mpc_secbf,4,2.706137,true,osqp,optimal,25,2.228377,0,3.008521,fallback,true,0.000006,0.000002,-0.000001,0.000004,,,0.000004,0.000082,4.644416,0.000001
local_crowding,context_ext,Proposed MPC-SECBF,77,7.700,2.199999,-0.350000,-0.000001,0.000004,1.943927,-0.312000,2.134000,-0.060000,0.420000,child,crossing,distracted,,0.000000,1.000000,3.532760,2.932760,0.380000,0.226623,0.380000,0.226623,0.000000,0.226623,0.000000,2.932760,2.932760,2.706137,2.706137,0.000000,horizon_mpc_secbf,4,2.740028,true,osqp,optimal,25,3.202822,0,3.044121,fallback,true,0.000007,-0.000002,0.000006,-0.000001,,,0.000006,0.000008,4.644416,0.000001
local_crowding,context_ext,Proposed MPC-SECBF,78,7.800,2.200000,-0.350000,0.000006,-0.000001,-0.126287,-0.318000,2.176000,-0.060000,0.420000,child,crossing,distracted,,0.000000,1.000000,3.566651,2.966651,0.380000,0.226623,0.380000,0.226623,0.000000,0.226623,0.000000,2.966651,2.966651,2.740028,2.740028,0.000000,horizon_mpc_secbf,4,2.774099,true,osqp,optimal,25,3.150308,0,3.079845,fallback,true,0.000001,-0.000001,0.000002,-0.000001,,,0.000002,0.000003,4.644416,0.000000
local_crowding,context_ext,Proposed MPC-SECBF,79,7.900,2.200000,-0.350000,0.000002,-0.000001,-0.387513,-0.324000,2.218000,-0.060000,0.420000,child,crossing,distracted,,0.000000,1.000000,3.600722,3.000722,0.380000,0.226623,0.380000,0.226623,0.000000,0.226623,0.000000,3.000722,3.000722,2.774099,2.774099,0.000000,horizon_mpc_secbf,4,2.808346,true,osqp,optimal,25,3.312972,0,3.115697,fallback,true,-0.000001,-0.000000,-0.000000,-0.000000,,,0.000000,0.000002,4.644416,0.000000
local_crowding,context_ext,Proposed MPC-SECBF,80,8.000,2.200000,-0.350000,-0.000000,-0.000000,-2.437900,-0.330000,2.260000,-0.060000,0.420000,child,crossing,distracted,,0.000000,1.000000,3.634969,3.034969,0.380000,0.226623,0.380000,0.226623,0.000000,0.226623,0.000000,3.034969,3.034969,2.808346,2.808346,0.000000,horizon_mpc_secbf,4,2.842764,true,osqp,optimal,25,3.103634,0,3.151677,fallback,true,-0.000000,0.000000,-0.000000,0.000000,,,0.000000,0.000000,4.644416,0.000000
local_crowding,context_ext,Proposed MPC-SECBF,81,8.100,2.200000,-0.350000,-0.000000,0.000000,2.943638,-0.336000,2.302000,-0.060000,0.420000,child,crossing,distracted,,0.000000,1.000000,3.669387,3.069387,0.380000,0.226623,0.380000,0.226623,0.000000,0.226623,0.000000,3.069387,3.069387,2.842764,2.842764,0.000000,horizon_mpc_secbf,4,2.877348,true,osqp,optimal,25,2.858374,0,3.187780,fallback,true,-0.000000,0.000000,-0.000000,0.000000,,,0.000000,0.000000,4.644416,0.000000
local_crowding,context_ext,Proposed MPC-SECBF,82,8.200,2.200000,-0.350000,-0.000000,0.000000,2.651810,-0.342000,2.344000,-0.060000,0.420000,child,crossing,distracted,,0.000000,1.000000,3.703971,3.103971,0.380000,0.226623,0.380000,0.226623,0.000000,0.226623,0.000000,3.103971,3.103971,2.877348,2.877348,0.000000,horizon_mpc_secbf,4,2.912093,true,osqp,optimal,25,3.004857,0,3.224003,fallback,true,0.000000,-0.000000,0.000000,0.000000,,,0.000000,0.000000,4.644416,0.000000
local_crowding,context_ext,Proposed MPC-SECBF,83,8.300,2.200000,-0.350000,0.000000,0.000000,0.159999,-0.348000,2.386000,-0.060000,0.420000,child,crossing,distracted,,0.000000,1.000000,3.738716,3.138716,0.380000,0.226623,0.380000,0.226623,0.000000,0.226623,0.000000,3.138716,3.138716,2.912093,2.912093,0.000000,horizon_mpc_secbf,4,2.946996,true,osqp,optimal,25,3.361207,0,3.260341,fallback,true,0.000000,-0.000000,0.000000,-0.000000,,,0.000000,0.000000,4.644416,0.000000
local_crowding,context_ext,Proposed MPC-SECBF,84,8.400,2.200000,-0.350000,0.000000,-0.000000,-0.258618,-0.354000,2.428000,-0.060000,0.420000,child,crossing,distracted,,0.000000,1.000000,3.773619,3.173619,0.380000,0.226623,0.380000,0.226623,0.000000,0.226623,0.000000,3.173619,3.173619,2.946996,2.946996,0.000000,horizon_mpc_secbf,4,2.982051,true,osqp,optimal,25,3.414288,0,3.296793,fallback,true,0.000000,0.000000,0.000000,-0.000000,,,0.000000,0.000000,4.644416,0.000000
local_crowding,context_ext,Proposed MPC-SECBF,85,8.500,2.200000,-0.350000,0.000000,-0.000000,-0.258617,-0.360000,2.470000,-0.060000,0.420000,child,crossing,distracted,,0.000000,1.000000,3.808674,3.208674,0.380000,0.226623,0.380000,0.226623,0.000000,0.226623,0.000000,3.208674,3.208674,2.982051,2.982051,0.000000,horizon_mpc_secbf,4,3.017255,true,osqp,optimal,25,3.142698,0,3.333355,fallback,true,0.000000,0.000000,0.000000,-0.000000,,,0.000000,0.000000,4.644416,0.000000
local_crowding,context_ext,Proposed MPC-SECBF,86,8.600,2.200000,-0.350000,0.000000,-0.000000,-0.258617,-0.366000,2.512000,-0.060000,0.420000,child,crossing,distracted,,0.000000,1.000000,3.843878,3.243878,0.380000,0.226623,0.380000,0.226623,0.000000,0.226623,0.000000,3.243878,3.243878,3.017255,3.017255,0.000000,horizon_mpc_secbf,4,3.052604,true,osqp,optimal,25,3.094675,0,3.370024,fallback,true,0.000000,0.000000,0.000000,-0.000000,,,0.000000,0.000000,4.644416,0.000000
local_crowding,context_ext,Proposed MPC-SECBF,87,8.700,2.200000,-0.350000,0.000000,-0.000000,-0.258617,-0.372000,2.554000,-0.060000,0.420000,child,crossing,distracted,,0.000000,1.000000,3.879227,3.279227,0.380000,0.226623,0.380000,0.226623,0.000000,0.226623,0.000000,3.279227,3.279227,3.052604,3.052604,0.000000,horizon_mpc_secbf,4,3.088093,true,osqp,optimal,25,3.151416,0,3.406798,fallback,true,0.000000,0.000000,0.000000,-0.000000,,,0.000000,0.000000,4.644416,0.000000
local_crowding,context_ext,Proposed MPC-SECBF,88,8.800,2.200000,-0.350000,0.000000,-0.000000,-0.258617,-0.378000,2.596000,-0.060000,0.420000,child,crossing,distracted,,0.000000,1.000000,3.914716,3.314716,0.380000,0.226623,0.380000,0.226623,0.000000,0.226623,0.000000,3.314716,3.314716,3.088093,3.088093,0.000000,horizon_mpc_secbf,4,3.123719,true,osqp,optimal,25,3.202427,0,3.443674,fallback,true,0.000000,0.000000,0.000000,-0.000000,,,0.000000,0.000000,4.644416,0.000000
local_crowding,context_ext,Proposed MPC-SECBF,89,8.900,2.200000,-0.350000,0.000000,-0.000000,-0.258617,-0.384000,2.638000,-0.060000,0.420000,child,crossing,distracted,,0.000000,1.000000,3.950342,3.350342,0.380000,0.226623,0.380000,0.226623,0.000000,0.226623,0.000000,3.350342,3.350342,3.123719,3.123719,0.000000,horizon_mpc_secbf,4,3.159478,true,osqp,optimal,25,3.481969,0,3.480650,fallback,true,0.000000,0.000000,0.000000,-0.000000,,,0.000000,0.000000,4.644416,0.000000
local_crowding,context_ext,Proposed MPC-SECBF,90,9.000,2.200000,-0.350000,0.000000,-0.000000,-0.258617,-0.390000,2.680000,-0.060000,0.420000,child,crossing,distracted,,0.000000,1.000000,3.986101,3.386101,0.380000,0.226623,0.380000,0.226623,0.000000,0.226623,0.000000,3.386101,3.386101,3.159478,3.159478,0.000000,horizon_mpc_secbf,4,3.195366,true,osqp,optimal,25,3.151068,0,3.517723,fallback,true,0.000000,0.000000,0.000000,-0.000000,,,0.000000,0.000000,4.644416,0.000000
local_crowding,context_ext,Proposed MPC-SECBF,91,9.100,2.200000,-0.350000,0.000000,-0.000000,-0.258617,-0.396000,2.722000,-0.060000,0.420000,child,crossing,distracted,,0.000000,1.000000,4.021990,3.421990,0.380000,0.226623,0.380000,0.226623,0.000000,0.226623,0.000000,3.421990,3.421990,3.195366,3.195366,0.000000,horizon_mpc_secbf,4,3.231381,true,osqp,optimal,25,3.132822,0,3.554890,fallback,true,0.000000,0.000000,0.000000,-0.000000,,,0.000000,0.000000,4.644416,0.000000
local_crowding,context_ext,Proposed MPC-SECBF,92,9.200,2.200000,-0.350000,0.000000,-0.000000,-0.258617,-0.402000,2.764000,-0.060000,0.420000,child,crossing,distracted,,0.000000,1.000000,4.058004,3.458004,0.380000,0.226623,0.380000,0.226623,0.000000,0.226623,0.000000,3.458004,3.458004,3.231381,3.231381,0.000000,horizon_mpc_secbf,4,3.267519,true,osqp,optimal,25,2.961993,0,3.592150,fallback,true,0.000000,0.000000,0.000000,-0.000000,,,0.000000,0.000000,4.644416,0.000000
local_crowding,context_ext,Proposed MPC-SECBF,93,9.300,2.200000,-0.350000,0.000000,-0.000000,-0.258617,-0.408000,2.806000,-0.060000,0.420000,child,crossing,distracted,,0.000000,1.000000,4.094142,3.494142,0.380000,0.226623,0.380000,0.226623,0.000000,0.226623,0.000000,3.494142,3.494142,3.267519,3.267519,0.000000,horizon_mpc_secbf,4,3.303776,true,osqp,optimal,25,2.387781,0,3.629500,fallback,true,0.000000,0.000000,0.000000,-0.000000,,,0.000000,0.000000,4.644416,0.000000
local_crowding,context_ext,Proposed MPC-SECBF,94,9.400,2.200000,-0.350000,0.000000,-0.000000,-0.258617,-0.414000,2.848000,-0.060000,0.420000,child,crossing,distracted,,0.000000,1.000000,4.130399,3.530399,0.380000,0.226623,0.380000,0.226623,0.000000,0.226623,0.000000,3.530399,3.530399,3.303776,3.303776,0.000000,horizon_mpc_secbf,4,3.340150,true,osqp,optimal,25,2.392903,0,3.666937,fallback,true,0.000000,0.000000,0.000000,-0.000000,,,0.000000,0.000000,4.644416,0.000000
local_crowding,context_ext,Proposed MPC-SECBF,95,9.500,2.200000,-0.350000,0.000000,-0.000000,-0.258617,-0.420000,2.890000,-0.060000,0.420000,child,crossing,distracted,,0.000000,1.000000,4.166773,3.566773,0.380000,0.226623,0.380000,0.226623,0.000000,0.226623,0.000000,3.566773,3.566773,3.340150,3.340150,0.000000,horizon_mpc_secbf,4,3.376638,true,osqp,optimal,25,2.081495,0,3.704461,fallback,true,0.000000,0.000000,0.000000,-0.000000,,,0.000000,0.000000,4.644416,0.000000
local_crowding,context_ext,Proposed MPC-SECBF,96,9.600,2.200000,-0.350000,0.000000,-0.000000,-0.258617,-0.426000,2.932000,-0.060000,0.420000,child,crossing,distracted,,0.000000,1.000000,4.203261,3.603261,0.380000,0.226623,0.380000,0.226623,0.000000,0.226623,0.000000,3.603261,3.603261,3.376638,3.376638,0.000000,horizon_mpc_secbf,4,3.413235,true,osqp,optimal,25,2.406422,0,3.742068,fallback,true,0.000000,0.000000,0.000000,-0.000000,,,0.000000,0.000000,4.644416,0.000000
local_crowding,context_ext,Proposed MPC-SECBF,97,9.700,2.200000,-0.350000,0.000000,-0.000000,-0.258617,-0.432000,2.974000,-0.060000,0.420000,child,crossing,distracted,,0.000000,1.000000,4.239858,3.639858,0.380000,0.226623,0.380000,0.226623,0.000000,0.226623,0.000000,3.639858,3.639858,3.413235,3.413235,0.000000,horizon_mpc_secbf,4,3.449941,true,osqp,optimal,25,2.265346,0,3.779757,fallback,true,0.000000,0.000000,0.000000,-0.000000,,,0.000000,0.000000,4.644416,0.000000
local_crowding,context_ext,Proposed MPC-SECBF,98,9.800,2.200000,-0.350000,0.000000,-0.000000,-0.258617,-0.438000,3.016000,-0.060000,0.420000,child,crossing,distracted,,0.000000,1.000000,4.276564,3.676564,0.380000,0.226623,0.380000,0.226623,0.000000,0.226623,0.000000,3.676564,3.676564,3.449941,3.449941,0.000000,horizon_mpc_secbf,4,3.486751,true,osqp,optimal,25,2.429016,0,3.817526,fallback,true,0.000000,0.000000,0.000000,-0.000000,,,0.000000,0.000000,4.644416,0.000000
local_crowding,context_ext,Proposed MPC-SECBF,99,9.900,2.200000,-0.350000,0.000000,-0.000000,-0.258617,-0.444000,3.058000,-0.060000,0.420000,child,crossing,distracted,,0.000000,1.000000,4.313375,3.713375,0.380000,0.226623,0.380000,0.226623,0.000000,0.226623,0.000000,3.713375,3.713375,3.486751,3.486751,0.000000,horizon_mpc_secbf,4,3.523664,true,osqp,optimal,25,2.129192,0,3.855372,fallback,true,0.000000,0.000000,0.000000,-0.000000,,,0.000000,0.000000,4.644416,0.000000
local_crowding,context_ext,Proposed MPC-SECBF,100,10.000,2.200000,-0.350000,0.000000,-0.000000,-0.258617,-0.450000,3.100000,-0.060000,0.420000,child,crossing,distracted,,0.000000,1.000000,4.350287,3.750287,0.380000,0.226623,0.380000,0.226623,0.000000,0.226623,0.000000,3.750287,3.750287,3.523664,3.523664,0.000000,horizon_mpc_secbf,4,3.560677,true,osqp,optimal,25,3.106656,0,3.893295,fallback,true,0.000000,0.000000,0.000000,-0.000000,,,0.000000,0.000000,4.644416,0.000000
local_crowding,context_ext,Proposed MPC-SECBF,101,10.100,2.200000,-0.350000,0.000000,-0.000000,-0.258617,-0.456000,3.142000,-0.060000,0.420000,child,crossing,distracted,,0.000000,1.000000,4.387300,3.787300,0.380000,0.226623,0.380000,0.226623,0.000000,0.226623,0.000000,3.787300,3.787300,3.560677,3.560677,0.000000,horizon_mpc_secbf,4,3.597786,true,osqp,optimal,25,2.712203,0,3.931292,fallback,true,0.000000,0.000000,0.000000,-0.000000,,,0.000000,0.000000,4.644416,0.000000
local_crowding,context_ext,Proposed MPC-SECBF,102,10.200,2.200000,-0.350000,0.000000,-0.000000,-0.258617,-0.462000,3.184000,-0.060000,0.420000,child,crossing,distracted,,0.000000,1.000000,4.424410,3.824410,0.380000,0.226623,0.380000,0.226623,0.000000,0.226623,0.000000,3.824410,3.824410,3.597786,3.597786,0.000000,horizon_mpc_secbf,4,3.634991,true,osqp,optimal,25,2.137980,0,3.969361,fallback,true,0.000000,0.000000,0.000000,-0.000000,,,0.000000,0.000000,4.644416,0.000000
local_crowding,context_ext,Proposed MPC-SECBF,103,10.300,2.200000,-0.350000,0.000000,-0.000000,-0.258617,-0.468000,3.226000,-0.060000,0.420000,child,crossing,distracted,,0.000000,1.000000,4.461614,3.861614,0.380000,0.226623,0.380000,0.226623,0.000000,0.226623,0.000000,3.861614,3.861614,3.634991,3.634991,0.000000,horizon_mpc_secbf,4,3.672288,true,osqp,optimal,25,2.244525,0,4.007502,fallback,true,0.000000,0.000000,0.000000,-0.000000,,,0.000000,0.000000,4.644416,0.000000
local_crowding,context_ext,Proposed MPC-SECBF,104,10.400,2.200000,-0.350000,0.000000,-0.000000,-0.258617,-0.474000,3.268000,-0.060000,0.420000,child,crossing,distracted,,0.000000,1.000000,4.498911,3.898911,0.380000,0.226623,0.380000,0.226623,0.000000,0.226623,0.000000,3.898911,3.898911,3.672288,3.672288,0.000000,horizon_mpc_secbf,4,3.709675,true,osqp,optimal,25,2.255177,0,4.045712,fallback,true,0.000000,0.000000,0.000000,-0.000000,,,0.000000,0.000000,4.644416,0.000000
local_crowding,context_ext,Proposed MPC-SECBF,105,10.500,2.200000,-0.350000,0.000000,-0.000000,-0.258617,-0.480000,3.310000,-0.060000,0.420000,child,crossing,distracted,,0.000000,1.000000,4.536298,3.936298,0.380000,0.226623,0.380000,0.226623,0.000000,0.226623,0.000000,3.936298,3.936298,3.709675,3.709675,0.000000,horizon_mpc_secbf,4,3.747150,true,osqp,optimal,25,2.141385,0,4.083989,fallback,true,0.000000,0.000000,0.000000,-0.000000,,,0.000000,0.000000,4.644416,0.000000
local_crowding,context_ext,Proposed MPC-SECBF,106,10.600,2.200000,-0.350000,0.000000,-0.000000,-0.258617,-0.486000,3.352000,-0.060000,0.420000,child,crossing,distracted,,0.000000,1.000000,4.573773,3.973773,0.380000,0.226623,0.380000,0.226623,0.000000,0.226623,0.000000,3.973773,3.973773,3.747150,3.747150,0.000000,horizon_mpc_secbf,4,3.784711,true,osqp,optimal,25,2.790791,0,4.122333,fallback,true,0.000000,0.000000,0.000000,-0.000000,,,0.000000,0.000000,4.644416,0.000000
local_crowding,context_ext,Proposed MPC-SECBF,107,10.700,2.200000,-0.350000,0.000000,-0.000000,-0.258617,-0.492000,3.394000,-0.060000,0.420000,child,crossing,distracted,,0.000000,1.000000,4.611334,4.011334,0.380000,0.226623,0.380000,0.226623,0.000000,0.226623,0.000000,4.011334,4.011334,3.784711,3.784711,0.000000,horizon_mpc_secbf,4,3.822355,true,osqp,optimal,25,2.260447,0,4.160741,fallback,true,0.000000,0.000000,0.000000,-0.000000,,,0.000000,0.000000,4.644416,0.000000
local_crowding,context_ext,Proposed MPC-SECBF,108,10.800,2.200000,-0.350000,0.000000,-0.000000,-0.258617,-0.498000,3.436000,-0.060000,0.420000,child,crossing,distracted,,0.000000,1.000000,4.648978,4.048978,0.380000,0.226623,0.380000,0.226623,0.000000,0.226623,0.000000,4.048978,4.048978,3.822355,3.822355,0.000000,horizon_mpc_secbf,4,3.860081,true,osqp,optimal,25,2.254123,0,4.199212,fallback,true,0.000000,0.000000,0.000000,-0.000000,,,0.000000,0.000000,4.644416,0.000000
local_crowding,context_ext,Proposed MPC-SECBF,109,10.900,2.200000,-0.350000,0.000000,-0.000000,-0.258617,-0.504000,3.478000,-0.060000,0.420000,child,crossing,distracted,,0.000000,1.000000,4.686705,4.086705,0.380000,0.226623,0.380000,0.226623,0.000000,0.226623,0.000000,4.086705,4.086705,3.860081,3.860081,0.000000,horizon_mpc_secbf,4,3.897887,true,osqp,optimal,25,2.193417,0,4.237746,fallback,true,0.000000,0.000000,0.000000,-0.000000,,,0.000000,0.000000,4.644416,0.000000
local_crowding,context_ext,Proposed MPC-SECBF,110,11.000,2.200000,-0.350000,0.000000,-0.000000,-0.258617,-0.510000,3.520000,-0.060000,0.420000,child,crossing,distracted,,0.000000,1.000000,4.724511,4.124511,0.380000,0.226623,0.380000,0.226623,0.000000,0.226623,0.000000,4.124511,4.124511,3.897887,3.897887,0.000000,horizon_mpc_secbf,4,3.935771,true,osqp,optimal,25,2.372693,0,4.276339,fallback,true,0.000000,0.000000,0.000000,-0.000000,,,0.000000,0.000000,4.644416,0.000000
local_crowding,context_ext,Proposed MPC-SECBF,111,11.100,2.200000,-0.350000,0.000000,-0.000000,-0.258617,-0.516000,3.562000,-0.060000,0.420000,child,crossing,distracted,,0.000000,1.000000,4.762394,4.162394,0.380000,0.226623,0.380000,0.226623,0.000000,0.226623,0.000000,4.162394,4.162394,3.935771,3.935771,0.000000,horizon_mpc_secbf,4,3.973731,true,osqp,optimal,25,2.741427,0,4.314992,fallback,true,0.000000,0.000000,0.000000,-0.000000,,,0.000000,0.000000,4.644416,0.000000
local_crowding,context_ext,Proposed MPC-SECBF,112,11.200,2.200000,-0.350000,0.000000,-0.000000,-0.258617,-0.522000,3.604000,-0.060000,0.420000,child,crossing,distracted,,0.000000,1.000000,4.800354,4.200354,0.380000,0.226623,0.380000,0.226623,0.000000,0.226623,0.000000,4.200354,4.200354,3.973731,3.973731,0.000000,horizon_mpc_secbf,4,4.011765,true,osqp,optimal,25,2.655690,0,4.353703,fallback,true,0.000000,0.000000,0.000000,-0.000000,,,0.000000,0.000000,4.644416,0.000000
local_crowding,context_ext,Proposed MPC-SECBF,113,11.300,2.200000,-0.350000,0.000000,-0.000000,-0.258617,-0.528000,3.646000,-0.060000,0.420000,child,crossing,distracted,,0.000000,1.000000,4.838388,4.238388,0.380000,0.226623,0.380000,0.226623,0.000000,0.226623,0.000000,4.238388,4.238388,4.011765,4.011765,0.000000,horizon_mpc_secbf,4,4.049872,true,osqp,optimal,25,3.191895,0,4.392470,fallback,true,0.000000,0.000000,0.000000,-0.000000,,,0.000000,0.000000,4.644416,0.000000
local_crowding,context_ext,Proposed MPC-SECBF,114,11.400,2.200000,-0.350000,0.000000,-0.000000,-0.258617,-0.534000,3.688000,-0.060000,0.420000,child,crossing,distracted,,0.000000,1.000000,4.876495,4.276495,0.380000,0.226623,0.380000,0.226623,0.000000,0.226623,0.000000,4.276495,4.276495,4.049872,4.049872,0.000000,horizon_mpc_secbf,4,4.088049,true,osqp,optimal,25,2.537156,0,4.431293,fallback,true,0.000000,0.000000,0.000000,-0.000000,,,0.000000,0.000000,4.644416,0.000000
local_crowding,context_ext,Proposed MPC-SECBF,115,11.500,2.200000,-0.350000,0.000000,-0.000000,-0.258617,-0.540000,3.730000,-0.060000,0.420000,child,crossing,distracted,,0.000000,1.000000,4.914672,4.314672,0.380000,0.226623,0.380000,0.226623,0.000000,0.226623,0.000000,4.314672,4.314672,4.088049,4.088049,0.000000,horizon_mpc_secbf,4,4.126295,true,osqp,optimal,25,2.381996,0,4.470170,fallback,true,0.000000,0.000000,0.000000,-0.000000,,,0.000000,0.000000,4.644416,0.000000
local_crowding,context_ext,Proposed MPC-SECBF,116,11.600,2.200000,-0.350000,0.000000,-0.000000,-0.258617,-0.546000,3.772000,-0.060000,0.420000,child,crossing,distracted,,0.000000,1.000000,4.952918,4.352918,0.380000,0.226623,0.380000,0.226623,0.000000,0.226623,0.000000,4.352918,4.352918,4.126295,4.126295,0.000000,horizon_mpc_secbf,4,4.164609,true,osqp,optimal,25,2.218157,0,4.509100,fallback,true,0.000000,0.000000,0.000000,-0.000000,,,0.000000,0.000000,4.644416,0.000000
local_crowding,context_ext,Proposed MPC-SECBF,117,11.700,2.200000,-0.350000,0.000000,-0.000000,-0.258617,-0.552000,3.814000,-0.060000,0.420000,child,crossing,distracted,,0.000000,1.000000,4.991232,4.391232,0.380000,0.226623,0.380000,0.226623,0.000000,0.226623,0.000000,4.391232,4.391232,4.164609,4.164609,0.000000,horizon_mpc_secbf,4,4.202989,true,osqp,optimal,25,2.442130,0,4.548082,fallback,true,0.000000,0.000000,0.000000,-0.000000,,,0.000000,0.000000,4.644416,0.000000
local_crowding,context_ext,Proposed MPC-SECBF,118,11.800,2.200000,-0.350000,0.000000,-0.000000,-0.258617,-0.558000,3.856000,-0.060000,0.420000,child,crossing,distracted,,0.000000,1.000000,5.029612,4.429612,0.380000,0.226623,0.380000,0.226623,0.000000,0.226623,0.000000,4.429612,4.429612,4.202989,4.202989,0.000000,horizon_mpc_secbf,4,4.241434,true,osqp,optimal,25,3.062542,0,4.587114,fallback,true,0.000000,0.000000,0.000000,-0.000000,,,0.000000,0.000000,4.644416,0.000000
local_crowding,context_ext,Proposed MPC-SECBF,119,11.900,2.200000,-0.350000,0.000000,-0.000000,-0.258617,-0.564000,3.898000,-0.060000,0.420000,child,crossing,distracted,,0.000000,1.000000,5.068057,4.468057,0.380000,0.226623,0.380000,0.226623,0.000000,0.226623,0.000000,4.468057,4.468057,4.241434,4.241434,0.000000,horizon_mpc_secbf,4,4.279941,true,osqp,optimal,25,3.022734,0,4.626197,fallback,true,0.000000,0.000000,0.000000,-0.000000,,,0.000000,0.000000,4.644416,0.000000
