scenario,context_level,method,step,time,robot_x,robot_y,robot_vx,robot_vy,robot_theta,human_x,human_y,human_vx,human_vy,human_type,motion_state,attention_state,ttc,head_on_factor,crowding_factor,distance,clearance,beta_candidate,beta_final,beta_requested,beta_applied,beta_dynamic,beta_cbf,delta_beta,h_standard,h_ee,h_see,h_cbf,slack,controller_type,horizon_steps,predicted_min_h,solver_success,solver_backend,solver_status,solver_iterations,solve_time_ms,active_constraints,min_cbf_value,guard_status,guard_active,u_ref_x,u_ref_y,cmd_vx,cmd_vy,cmd_v,cmd_omega,speed,command_step,path_length,goal_error
head_on,context_ext,Standard MPC-CBF,0,0.000,-2.200000,0.000000,0.000000,0.000000,0.000000,2.000000,0.080000,-0.500000,0.000000,unknown,walking,unknown,7.202830,1.000000,0.625000,4.200762,3.600762,0.000000,0.000000,0.000000,0.000000,0.000000,0.000000,0.000000,3.600762,3.600762,3.600762,3.600762,0.000000,horizon_mpc_secbf,8,2.624927,true,osqp,optimal,75,3.649011,0,2.479948,geometric,false,0.750000,0.000000,0.621017,-0.000000,,,0.621017,0.621017,0.062102,4.400000
head_on,context_ext,Standard MPC-CBF,1,0.100,-2.137898,-0.000000,0.621017,-0.000000,-0.000000,1.950000,0.080000,-0.500000,0.000000,unknown,walking,unknown,3.112664,1.000000,0.625000,4.088681,3.488681,0.000000,0.000000,0.000000,0.000000,0.000000,0.000000,0.000000,3.488681,3.488681,3.488681,3.488681,0.000000,horizon_mpc_secbf,8,2.501408,true,osqp,optimal,75,5.335566,0,2.262815,geometric,false,0.750000,0.000000,0.726100,-0.000000,,,0.726100,0.105084,0.134712,4.337898
head_on,context_ext,Standard MPC-CBF,2,0.200,-2.065288,-0.000000,0.726100,-0.000000,-0.000000,1.900000,0.080000,-0.500000,0.000000,unknown,walking,unknown,2.745926,1.000000,0.625000,3.966095,3.366095,0.000000,0.000000,0.000000,0.000000,0.000000,0.000000,0.000000,3.366095,3.366095,3.366095,3.366095,0.000000,horizon_mpc_secbf,8,2.377892,true,osqp,optimal,75,3.826095,0,2.130758,geometric,false,0.750000,0.000000,0.735588,-0.000000,,,0.735588,0.009488,0.208271,4.265288
head_on,context_ext,Standard MPC-CBF,3,0.300,-1.991729,-0.000000,0.735588,-0.000000,-0.000000,1.850000,0.080000,-0.500000,0.000000,unknown,walking,unknown,2.624875,1.000000,0.625000,3.842562,3.242562,0.000000,0.000000,0.000000,0.000000,0.000000,0.000000,0.000000,3.242562,3.242562,3.242562,3.242562,0.000000,horizon_mpc_secbf,8,2.254380,true,osqp,optimal,75,3.837384,0,2.007242,geometric,false,0.750000,0.000000,0.735588,-0.000000,,,0.735588,0.000000,0.281829,4.191729
head_on,context_ext,Standard MPC-CBF,4,0.400,-1.918171,-0.000000,0.735588,-0.000000,-0.000000,1.800000,0.080000,-0.500000,0.000000,unknown,walking,unknown,2.524913,1.000000,0.625000,3.719031,3.119031,0.000000,0.000000,0.000000,0.000000,0.000000,0.000000,0.000000,3.119031,3.119031,3.119031,3.119031,0.000000,horizon_mpc_secbf,8,2.130872,true,osqp,optimal,75,3.361546,0,1.883729,geometric,false,0.750000,0.000000,0.735588,-0.000000,,,0.735588,0.000000,0.355388,4.118171
head_on,context_ext,Standard MPC-CBF,5,0.500,-1.844612,-0.000000,0.735588,-0.000000,-0.000000,1.750000,0.080000,-0.500000,0.000000,unknown,walking,unknown,2.424953,1.000000,0.625000,3.595502,2.995502,0.000000,0.000000,0.000000,0.000000,0.000000,0.000000,0.000000,2.995502,2.995502,2.995502,2.995502,0.000000,horizon_mpc_secbf,8,2.007368,true,osqp,optimal,75,3.219451,0,1.760219,geometric,false,0.750000,0.000000,0.735588,-0.000000,,,0.735588,0.000000,0.428947,4.044612
head_on,context_ext,Standard MPC-CBF,6,0.600,-1.771053,-0.000000,0.735588,-0.000000,-0.000000,1.700000,0.080000,-0.500000,0.000000,unknown,walking,unknown,2.324995,1.000000,0.625000,3.471975,2.871975,0.000000,0.000000,0.000000,0.000000,0.000000,0.000000,0.000000,2.871975,2.871975,2.871975,2.871975,0.000000,horizon_mpc_secbf,8,1.883871,true,osqp,optimal,75,3.250571,0,1.636714,geometric,false,0.750000,0.000000,0.735588,-0.000000,,,0.735588,0.000000,0.502506,3.971053
head_on,context_ext,Standard MPC-CBF,7,0.700,-1.697494,-0.000000,0.735588,-0.000000,-0.000000,1.650000,0.080000,-0.500000,0.000000,unknown,walking,unknown,2.225041,1.000000,0.625000,3.348450,2.748450,0.000000,0.000000,0.000000,0.000000,0.000000,0.000000,0.000000,2.748450,2.748450,2.748450,2.748450,0.000000,horizon_mpc_secbf,8,1.760379,true,osqp,optimal,75,3.834990,0,1.513214,geometric,false,0.750000,0.000000,0.735588,-0.000000,,,0.735588,0.000000,0.576065,3.897494
head_on,context_ext,Standard MPC-CBF,8,0.800,-1.623935,-0.000000,0.735588,-0.000000,-0.000000,1.600000,0.080000,-0.500000,0.000000,unknown,walking,unknown,2.125089,1.000000,0.625000,3.224928,2.624928,0.000000,0.000000,0.000000,0.000000,0.000000,0.000000,0.000000,2.624928,2.624928,2.624928,2.624928,0.000000,horizon_mpc_secbf,8,1.636895,true,osqp,optimal,75,3.292048,0,1.389720,geometric,false,0.750000,0.000000,0.735588,-0.000000,,,0.735588,0.000000,0.649624,3.823935
head_on,context_ext,Standard MPC-CBF,9,0.900,-1.550376,-0.000000,0.735588,-0.000000,-0.000000,1.550000,0.080000,-0.500000,0.000000,unknown,walking,unknown,2.025141,1.000000,0.625000,3.101408,2.501408,0.000000,0.000000,0.000000,0.000000,0.000000,0.000000,0.000000,2.501408,2.501408,2.501408,2.501408,0.000000,horizon_mpc_secbf,8,1.513420,true,osqp,optimal,75,3.939685,0,1.266231,geometric,false,0.750000,0.000000,0.735588,-0.000000,,,0.735588,0.000000,0.723182,3.750376
head_on,context_ext,Standard MPC-CBF,10,1.000,-1.476818,-0.000000,0.735588,-0.000000,-0.000000,1.500000,0.080000,-0.500000,0.000000,unknown,walking,unknown,1.925197,1.000000,0.625000,2.977892,2.377892,0.000000,0.000000,0.000000,0.000000,0.000000,0.000000,0.000000,2.377892,2.377892,2.377892,2.377892,0.000000,horizon_mpc_secbf,8,1.389955,true,osqp,optimal,75,4.307741,0,1.142750,geometric,false,0.750000,0.000000,0.735588,-0.000000,,,0.735588,0.000000,0.796741,3.676818
head_on,context_ext,Standard MPC-CBF,11,1.100,-1.403259,-0.000000,0.735588,-0.000000,-0.000000,1.450000,0.080000,-0.500000,0.000000,child,approaching,distracted,1.825257,1.000000,0.625000,2.854380,2.254380,0.000000,0.000000,0.000000,0.000000,0.000000,0.000000,0.000000,2.254380,2.254380,2.254380,2.254380,0.000000,horizon_mpc_secbf,8,1.266503,true,osqp,optimal,75,4.320353,0,1.019277,geometric,false,0.750000,0.000000,0.735588,-0.000000,,,0.735588,0.000000,0.870300,3.603259
head_on,context_ext,Standard MPC-CBF,12,1.200,-1.329700,-0.000000,0.735588,-0.000000,-0.000000,1.400000,0.080000,-0.500000,0.000000,child,approaching,distracted,1.725321,1.000000,0.625000,2.730872,2.130872,0.000000,0.000000,0.000000,0.000000,0.000000,0.000000,0.000000,2.130872,2.130872,2.130872,2.130872,0.000000,horizon_mpc_secbf,8,1.143154,true,osqp,optimal,75,3.144095,0,0.895814,geometric,false,0.750000,0.000000,0.735588,-0.000000,,,0.735588,0.000000,0.943859,3.529700
head_on,context_ext,Standard MPC-CBF,13,1.300,-1.256141,-0.000000,0.735588,-0.000000,-0.000000,1.350000,0.080000,-0.500000,0.000000,child,approaching,distracted,1.625391,1.000000,0.625000,2.607369,2.007369,0.000000,0.000000,0.000000,0.000000,0.000000,0.000000,0.000000,2.007369,2.007369,2.007369,2.007369,0.000000,horizon_mpc_secbf,8,1.020017,true,osqp,optimal,75,3.333917,0,0.772362,geometric,false,0.750000,0.000000,0.735588,-0.000001,,,0.735588,0.000000,1.017418,3.456141
head_on,context_ext,Standard MPC-CBF,14,1.400,-1.182582,-0.000000,0.735588,-0.000001,-0.000001,1.300000,0.080000,-0.500000,0.000000,child,approaching,distracted,1.525467,1.000000,0.625000,2.483871,1.883871,0.000000,0.000000,0.000000,0.000000,0.000000,0.000000,0.000000,1.883871,1.883871,1.883871,1.883871,0.000000,horizon_mpc_secbf,8,0.897179,true,osqp,optimal,75,3.234056,0,0.648924,geometric,false,0.750000,0.000000,0.735588,-0.000003,,,0.735588,0.000003,1.090977,3.382582
head_on,context_ext,Standard MPC-CBF,15,1.500,-1.109023,-0.000000,0.735588,-0.000003,-0.000004,1.250000,0.080000,-0.500000,0.000000,child,approaching,distracted,1.425549,1.000000,0.625000,2.360380,1.760380,0.000000,0.000000,0.000000,0.000000,0.000000,0.000000,0.000000,1.760380,1.760380,1.760380,1.760380,0.000000,horizon_mpc_secbf,8,0.774778,true,osqp,optimal,75,3.691429,0,0.525502,geometric,false,0.750000,0.000000,0.735588,-0.000018,,,0.735588,0.000015,1.164535,3.309023
head_on,context_ext,Standard MPC-CBF,16,1.600,-1.035465,-0.000002,0.735588,-0.000018,-0.000025,1.200000,0.080000,-0.500000,0.000000,child,approaching,distracted,1.325639,1.000000,0.625000,2.236896,1.636896,0.000000,0.000000,0.000000,0.000000,0.000000,0.000000,0.000000,1.636896,1.636896,1.636896,1.636896,0.000000,horizon_mpc_secbf,8,0.653134,true,osqp,optimal,75,4.093488,0,0.402102,geometric,false,0.750000,0.000001,0.735588,-0.000106,,,0.735588,0.000087,1.238094,3.235465
head_on,context_ext,Standard MPC-CBF,17,1.700,-0.961906,-0.000013,0.735588,-0.000106,-0.000143,1.150000,0.080000,-0.500000,0.000000,child,approaching,distracted,1.225742,1.000000,0.625000,2.113421,1.513421,0.000000,0.000000,0.000000,0.000000,0.000000,0.000000,0.000000,1.513421,1.513421,1.513421,1.513421,0.000000,horizon_mpc_secbf,8,0.533724,true,osqp,optimal,75,3.406554,0,0.278742,geometric,false,0.750000,0.000003,0.735588,-0.000605,,,0.735588,0.000499,1.311653,3.161906
head_on,context_ext,Standard MPC-CBF,18,1.800,-0.888347,-0.000073,0.735588,-0.000605,-0.000822,1.100000,0.080000,-0.500000,0.000000,child,approaching,distracted,1.125871,1.000000,0.625000,1.989959,1.389959,0.000000,0.000000,0.000000,0.000000,0.000000,0.000000,0.000000,1.389959,1.389959,1.389959,1.389959,0.000000,horizon_mpc_secbf,8,0.416973,true,osqp,optimal,75,5.016328,0,0.155511,geometric,false,0.750000,0.000018,0.735588,-0.003465,,,0.735596,0.002860,1.385213,3.088347
head_on,context_ext,Standard MPC-CBF,19,1.900,-0.814788,-0.000420,0.735588,-0.003465,-0.004711,1.050000,0.080000,-0.500000,0.000000,child,approaching,distracted,1.026112,1.000000,0.625000,1.866521,1.266521,0.000000,0.000000,0.000000,0.000000,0.000000,0.000000,0.000000,1.266521,1.266521,1.266521,1.266521,0.000000,horizon_mpc_secbf,8,0.303505,true,osqp,optimal,75,4.402977,0,0.032936,geometric,false,0.750000,0.000104,0.735588,-0.019851,,,0.735856,0.016386,1.458798,3.014788
head_on,context_ext,Standard MPC-CBF,20,2.000,-0.741229,-0.002405,0.735588,-0.019851,-0.026980,1.000000,0.080000,-0.500000,0.000000,child,approaching,distracted,0.926950,1.000000,0.625000,1.743178,1.143178,0.000000,0.000000,0.000000,0.000000,0.000000,0.000000,0.000000,1.143178,1.143178,1.143178,1.143178,0.000000,horizon_mpc_secbf,8,0.194255,true,osqp,optimal,75,3.318168,0,-0.088643,geometric,false,0.750000,0.000613,0.735588,-0.050465,,,0.737317,0.030614,1.532530,2.941230
head_on,context_ext,Standard MPC-CBF,21,2.100,-0.667671,-0.007451,0.735588,-0.050465,-0.068498,0.950000,0.080000,-0.500000,0.000000,child,approaching,distracted,0.828579,1.000000,0.625000,1.620033,1.020033,0.000000,0.000000,0.000000,0.000000,0.000000,0.000000,0.000000,1.020033,1.020033,1.020033,1.020033,0.000000,horizon_mpc_secbf,8,0.090633,true,osqp,optimal,75,3.517162,0,-0.209302,geometric,false,0.749997,0.001949,0.735589,-0.082496,,,0.740201,0.032031,1.606550,2.867680
head_on,context_ext,Standard MPC-CBF,22,2.200,-0.594112,-0.015701,0.735589,-0.082496,-0.111683,0.900000,0.080000,-0.500000,0.000000,child,approaching,distracted,0.730723,1.000000,0.625000,1.497173,0.897173,0.000000,0.000000,0.000000,0.000000,0.000000,0.000000,0.000000,0.897173,0.897173,0.897173,0.897173,0.000010,horizon_mpc_secbf,8,-0.000001,true,osqp,optimal,50,3.121876,0,-0.324853,geometric,false,0.749988,0.004214,0.732055,-0.117319,,,0.741396,0.035002,1.680690,2.794156
head_on,context_ext,Standard MPC-CBF,23,2.300,-0.520906,-0.027433,0.732055,-0.117319,-0.158908,0.850000,0.080000,-0.500000,0.000000,child,approaching,distracted,0.635792,1.000000,0.625000,1.375109,0.775109,0.000000,0.000000,0.000000,0.000000,0.000000,0.000000,0.000000,0.775109,0.775109,0.775109,0.775109,0.000118,horizon_mpc_secbf,8,-0.000118,true,osqp,optimal,50,2.999838,0,-0.361656,geometric,false,0.749962,0.007561,0.656194,-0.201935,,,0.686563,0.113644,1.749346,2.721044
head_on,context_ext,Standard MPC-CBF,24,2.400,-0.455287,-0.047626,0.656194,-0.201935,-0.298540,0.800000,0.080000,-0.500000,0.000000,child,approaching,distracted,0.585710,1.000000,0.625000,1.261758,0.661758,0.000000,0.000000,0.000000,0.000000,0.000000,0.000000,0.000000,0.661758,0.661758,0.661758,0.661758,0.000188,horizon_mpc_secbf,8,-0.000188,true,osqp,optimal,50,4.739384,0,-0.417186,geometric,false,0.749879,0.013450,0.614666,-0.294774,,,0.681693,0.101704,1.817515,2.655714
head_on,context_ext,Standard MPC-CBF,25,2.500,-0.393820,-0.077104,0.614666,-0.294774,-0.447169,0.750000,0.080000,-0.500000,0.000000,child,approaching,distracted,0.521110,1.000000,0.625000,1.154559,0.554559,0.000000,0.000000,0.000000,0.000000,0.000000,0.000000,0.000000,0.554559,0.554559,0.554559,0.554559,0.000229,horizon_mpc_secbf,8,0.000173,true,osqp,optimal,50,4.818507,0,-0.505014,geometric,false,0.749669,0.022285,0.621643,-0.377802,,,0.727444,0.083321,1.890260,2.594966
head_on,context_ext,Standard MPC-CBF,26,2.600,-0.331656,-0.114884,0.621643,-0.377802,-0.546097,0.700000,0.080000,-0.500000,0.000000,child,approaching,distracted,0.435942,1.000000,0.625000,1.049902,0.449902,0.000000,0.000000,0.000000,0.000000,0.000000,0.000000,0.000000,0.449902,0.449902,0.449902,0.449902,0.000190,horizon_mpc_secbf,8,0.000222,true,osqp,optimal,100,4.003180,0,-0.570209,geometric,false,0.749229,0.033999,0.618099,-0.422189,,,0.748525,0.044528,1.965112,2.534261
head_on,context_ext,Standard MPC-CBF,27,2.700,-0.269846,-0.157103,0.618099,-0.422189,-0.599256,0.650000,0.080000,-0.500000,0.000000,child,approaching,distracted,0.358030,1.000000,0.625000,0.949913,0.349913,0.000000,0.000000,0.000000,0.000000,0.000000,0.000000,0.000000,0.349913,0.349913,0.349913,0.349913,0.000247,horizon_mpc_secbf,8,0.000240,true,osqp,optimal,125,4.616822,0,-0.602059,geometric,false,0.748487,0.047610,0.597482,-0.442802,,,0.743679,0.029154,2.039480,2.474838
head_on,context_ext,Standard MPC-CBF,28,2.800,-0.210098,-0.201383,0.597482,-0.442802,-0.637789,0.600000,0.080000,-0.500000,0.000000,child,approaching,distracted,0.288945,1.000000,0.625000,0.857575,0.257575,0.000000,0.000000,0.000000,0.000000,0.000000,0.000000,0.000000,0.257575,0.257575,0.257575,0.257575,0.000266,horizon_mpc_secbf,8,0.000178,true,osqp,optimal,125,3.734213,0,-0.608933,geometric,false,0.747395,0.062451,0.578107,-0.462176,,,0.740145,0.027400,2.113495,2.418497
head_on,context_ext,Standard MPC-CBF,29,2.900,-0.152287,-0.247601,0.578107,-0.462176,-0.674414,0.550000,0.080000,-0.500000,0.000000,child,approaching,distracted,0.223806,1.000000,0.625000,0.774938,0.174938,0.000000,0.000000,0.000000,0.000000,0.000000,0.000000,0.000000,0.174938,0.174938,0.174938,0.174938,0.000283,horizon_mpc_secbf,8,0.000092,true,osqp,optimal,125,3.562537,0,-0.582239,geometric,false,0.745879,0.078511,0.559904,-0.480378,,,0.737737,0.025742,2.187268,2.365282
head_on,context_ext,Standard MPC-CBF,30,3.000,-0.096297,-0.295639,0.559904,-0.480378,-0.709099,0.500000,0.080000,-0.500000,0.000000,child,approaching,distracted,0.163482,1.000000,0.625000,0.704751,0.104751,0.000000,0.000000,0.000000,0.000000,0.000000,0.000000,0.000000,0.104751,0.104751,0.104751,0.104751,0.000303,horizon_mpc_secbf,8,0.000010,true,osqp,optimal,125,3.518055,0,-0.513019,geometric,false,0.743860,0.095769,0.543461,-0.496821,,,0.736329,0.023254,2.260901,2.315250
head_on,context_ext,Standard MPC-CBF,31,3.100,-0.041950,-0.345321,0.543461,-0.496821,-0.740593,0.450000,0.080000,-0.500000,0.000000,child,approaching,distracted,0.108344,1.000000,0.625000,0.650318,0.050318,0.000000,0.000000,0.000000,0.000000,0.000000,0.000000,0.000000,0.050318,0.050318,0.050318,0.050318,0.000326,horizon_mpc_secbf,8,-0.000047,true,osqp,optimal,125,3.680881,0,-0.395577,geometric,false,0.741259,0.114174,0.530555,-0.509727,,,0.735738,0.018252,2.334475,2.268389
head_on,context_ext,Standard MPC-CBF,32,3.200,0.011105,-0.396293,0.530555,-0.509727,-0.765379,0.400000,0.080000,-0.500000,0.000000,child,approaching,distracted,0.057964,1.000000,0.625000,0.614894,0.014894,0.000000,0.000000,0.000000,0.000000,0.000000,0.000000,0.000000,0.014894,0.014894,0.014894,0.014894,0.000355,horizon_mpc_secbf,8,-0.000126,true,osqp,optimal,125,4.200945,0,-0.239938,geometric,false,0.738002,0.133613,0.529300,-0.510981,,,0.735704,0.001775,2.408045,2.224480
head_on,context_ext,Standard MPC-CBF,33,3.300,0.064035,-0.447391,0.529300,-0.510981,-0.767790,0.350000,0.080000,-0.500000,0.000000,child,approaching,distracted,0.000000,1.000000,0.625000,0.599931,-0.000069,0.000000,0.000000,0.000000,0.000000,0.000000,0.000000,0.000000,-0.000069,-0.000069,-0.000069,-0.000069,0.000358,horizon_mpc_secbf,8,-0.000335,true,osqp,optimal,125,4.531738,1,-0.117860,geometric,false,0.734070,0.153756,0.585888,-0.454396,,,0.741444,0.080025,2.482190,2.182316
head_on,context_ext,Standard MPC-CBF,34,3.400,0.122624,-0.492831,0.585888,-0.454396,-0.659665,0.300000,0.080000,-0.500000,0.000000,child,approaching,distracted,,0.000000,0.625000,0.599665,-0.000335,0.000000,0.000000,0.000000,0.000000,0.000000,0.000000,0.000000,-0.000335,-0.000335,-0.000335,-0.000335,0.000068,horizon_mpc_secbf,8,-0.000060,true,osqp,optimal,75,4.198922,0,-0.121606,geometric,false,0.729746,0.173123,0.695477,-0.243154,,,0.736758,0.237976,2.555866,2.135035
head_on,context_ext,Standard MPC-CBF,35,3.500,0.192172,-0.517146,0.695477,-0.243154,-0.336339,0.250000,0.080000,-0.500000,0.000000,child,approaching,distracted,,0.000000,0.625000,0.599940,-0.000060,0.000000,0.000000,0.000000,0.000000,0.000000,0.000000,0.000000,-0.000060,-0.000060,-0.000060,-0.000060,0.000000,horizon_mpc_secbf,8,0.015354,true,osqp,optimal,75,4.175776,1,0.027921,geometric,false,0.726296,0.187068,0.731161,-0.147339,,,0.745859,0.102244,2.630451,2.073359
head_on,context_ext,Standard MPC-CBF,36,3.600,0.265288,-0.531880,0.731161,-0.147339,-0.198851,0.200000,0.080000,-0.500000,0.000000,child,approaching,distracted,,0.000000,0.625000,0.615354,0.015354,0.000000,0.000000,0.000000,0.000000,0.000000,0.000000,0.000000,0.015354,0.015354,0.015354,0.015354,0.000000,horizon_mpc_secbf,8,0.051140,true,osqp,optimal,75,3.516928,0,0.258543,geometric,false,0.723170,0.198810,0.735590,-0.112732,,,0.744178,0.034889,2.704869,2.006492
head_on,context_ext,Standard MPC-CBF,37,3.700,0.338847,-0.543154,0.735590,-0.112732,-0.152071,0.150000,0.080000,-0.500000,0.000000,child,approaching,distracted,,0.000000,0.625000,0.651140,0.051140,0.000000,0.000000,0.000000,0.000000,0.000000,0.000000,0.000000,0.051140,0.051140,0.051140,0.051140,0.000000,horizon_mpc_secbf,8,0.104731,true,osqp,optimal,75,3.181015,0,0.491315,geometric,false,0.719967,0.210113,0.735589,-0.085499,,,0.740541,0.027234,2.778923,1.938790
head_on,context_ext,Standard MPC-CBF,38,3.800,0.412405,-0.551703,0.735589,-0.085499,-0.115713,0.100000,0.080000,-0.500000,0.000000,child,approaching,distracted,,0.000000,0.625000,0.704731,0.104731,0.000000,0.000000,0.000000,0.000000,0.000000,0.000000,0.000000,0.104731,0.104731,0.104731,0.104731,0.000000,horizon_mpc_secbf,8,0.172217,true,osqp,optimal,75,3.329473,0,0.703359,geometric,false,0.716645,0.221178,0.735587,-0.056779,,,0.737775,0.028720,2.852701,1.870794
head_on,context_ext,Standard MPC-CBF,39,3.900,0.485964,-0.557381,0.735587,-0.056779,-0.077036,0.050000,0.080000,-0.500000,0.000000,child,approaching,distracted,,0.000000,0.625000,0.772217,0.172217,0.000000,0.000000,0.000000,0.000000,0.000000,0.000000,0.000000,0.172217,0.172217,0.172217,0.172217,0.000000,horizon_mpc_secbf,8,0.250062,true,osqp,optimal,75,4.222753,0,0.891012,geometric,false,0.713236,0.231935,0.735586,-0.025721,,,0.736036,0.031057,2.926304,1.802385
head_on,context_ext,Standard MPC-CBF,40,4.000,0.559523,-0.559953,0.735586,-0.025721,-0.034953,0.000000,0.080000,-0.500000,0.000000,child,approaching,distracted,,0.000000,0.625000,0.850062,0.250062,0.000000,0.000000,0.000000,0.000000,0.000000,0.000000,0.000000,0.250062,0.250062,0.250062,0.250062,0.000000,horizon_mpc_secbf,8,0.335531,true,osqp,optimal,75,3.272399,0,1.057911,geometric,false,0.709790,0.242277,0.735587,0.007215,,,0.735622,0.032936,2.999867,1.733411
head_on,context_ext,Standard MPC-CBF,41,4.100,0.633082,-0.559232,0.735587,0.007215,0.009808,-0.050000,0.080000,-0.500000,0.000000,child,approaching,distracted,,0.000000,0.625000,0.935531,0.335531,0.000000,0.000000,0.000000,0.000000,0.000000,0.000000,0.000000,0.335531,0.335531,0.335531,0.335531,0.000000,horizon_mpc_secbf,8,0.426647,true,osqp,optimal,75,4.289653,0,1.209373,geometric,false,0.706361,0.252100,0.735588,0.041458,,,0.736756,0.034244,3.073542,1.663723
head_on,context_ext,Standard MPC-CBF,42,4.200,0.706640,-0.555086,0.735588,0.041458,0.056301,-0.100000,0.080000,-0.500000,0.000000,child,approaching,distracted,,0.000000,0.625000,1.026647,0.426647,0.000000,0.000000,0.000000,0.000000,0.000000,0.000000,0.000000,0.426647,0.426647,0.426647,0.426647,0.000000,horizon_mpc_secbf,8,0.522027,true,osqp,optimal,75,4.343050,0,1.350126,geometric,false,0.703006,0.261309,0.735589,0.076508,,,0.739557,0.035049,3.147498,1.593187
head_on,context_ext,Standard MPC-CBF,43,4.300,0.780199,-0.547435,0.735589,0.076508,0.103636,-0.150000,0.080000,-0.500000,0.000000,child,approaching,distracted,,0.000000,0.625000,1.122027,0.522027,0.000000,0.000000,0.000000,0.000000,0.000000,0.000000,0.000000,0.522027,0.522027,0.522027,0.522027,0.000000,horizon_mpc_secbf,8,0.620723,true,osqp,optimal,50,4.250744,0,1.483797,geometric,false,0.699785,0.269817,0.735592,0.111908,,,0.744056,0.035400,3.221904,1.521683
head_on,context_ext,Standard MPC-CBF,44,4.400,0.853758,-0.536245,0.735592,0.111908,0.150975,-0.200000,0.080000,-0.500000,0.000000,child,approaching,distracted,,0.000000,0.625000,1.220723,0.620723,0.000000,0.000000,0.000000,0.000000,0.000000,0.000000,0.000000,0.620723,0.620723,0.620723,0.620723,0.000000,horizon_mpc_secbf,8,0.721890,true,osqp,optimal,50,3.106461,0,1.611122,geometric,false,0.696759,0.277538,0.733333,0.147071,,,0.747935,0.035236,3.296697,1.449112
head_on,context_ext,Standard MPC-CBF,45,4.500,0.927092,-0.521537,0.733333,0.147071,0.197926,-0.250000,0.080000,-0.500000,0.000000,child,approaching,distracted,,0.000000,0.625000,1.321890,0.721890,0.000000,0.000000,0.000000,0.000000,0.000000,0.000000,0.000000,0.721890,0.721890,0.721890,0.721890,0.000000,horizon_mpc_secbf,8,0.824270,true,osqp,optimal,75,4.741720,0,1.727664,geometric,false,0.694007,0.284349,0.721569,0.180165,,,0.743721,0.035122,3.371069,1.375608
head_on,context_ext,Standard MPC-CBF,46,4.600,0.999249,-0.503521,0.721569,0.180165,0.244682,-0.300000,0.080000,-0.500000,0.000000,child,approaching,distracted,,0.000000,0.625000,1.424270,0.824270,0.000000,0.000000,0.000000,0.000000,0.000000,0.000000,0.000000,0.824270,0.824270,0.824270,0.824270,0.000000,horizon_mpc_secbf,8,0.927336,true,osqp,optimal,75,3.297839,0,1.839393,geometric,false,0.691650,0.290035,0.708208,0.212422,,,0.739379,0.034915,3.445007,1.302051
head_on,context_ext,Standard MPC-CBF,47,4.700,1.070069,-0.482279,0.708208,0.212422,0.291404,-0.350000,0.080000,-0.500000,0.000000,child,approaching,distracted,,0.000000,0.625000,1.527336,0.927336,0.000000,0.000000,0.000000,0.000000,0.000000,0.000000,0.000000,0.927336,0.927336,0.927336,0.927336,0.000000,horizon_mpc_secbf,8,1.030862,true,osqp,optimal,75,3.616571,0,1.948971,geometric,false,0.689795,0.294419,0.695276,0.243642,,,0.736729,0.033793,3.518680,1.228550
head_on,context_ext,Standard MPC-CBF,48,4.800,1.139597,-0.457915,0.695276,0.243642,0.337054,-0.400000,0.080000,-0.500000,0.000000,child,approaching,distracted,,0.000000,0.625000,1.630862,1.030862,0.000000,0.000000,0.000000,0.000000,0.000000,0.000000,0.000000,1.030862,1.030862,1.030862,1.030862,0.000000,horizon_mpc_secbf,8,1.134824,true,osqp,optimal,75,4.777021,0,2.058403,geometric,false,0.688544,0.297334,0.683506,0.272058,,,0.735660,0.030757,3.592246,1.155050
head_on,context_ext,Standard MPC-CBF,49,4.900,1.207948,-0.430709,0.683506,0.272058,0.378809,-0.450000,0.080000,-0.500000,0.000000,child,approaching,distracted,,0.000000,0.625000,1.734824,1.134824,0.000000,0.000000,0.000000,0.000000,0.000000,0.000000,0.000000,1.134824,1.134824,1.134824,1.134824,0.000000,horizon_mpc_secbf,8,1.239767,true,osqp,optimal,75,4.920416,0,2.173699,geometric,false,0.687959,0.298684,0.676248,0.289581,,,0.735641,0.018967,3.665810,1.081517
head_on,context_ext,Standard MPC-CBF,50,5.000,1.275572,-0.401751,0.676248,0.289581,0.404593,-0.500000,0.080000,-0.500000,0.000000,child,approaching,distracted,,0.000000,0.625000,1.839767,1.239767,0.000000,0.000000,0.000000,0.000000,0.000000,0.000000,0.000000,1.239767,1.239767,1.239767,1.239767,0.000000,horizon_mpc_secbf,8,1.346387,true,osqp,optimal,75,4.559168,0,2.297016,geometric,false,0.687850,0.298935,0.674915,0.292797,,,0.735691,0.003481,3.739379,1.007953
head_on,context_ext,Standard MPC-CBF,51,5.100,1.343064,-0.372471,0.674915,0.292797,0.409325,-0.550000,0.080000,-0.500000,0.000000,child,approaching,distracted,,0.000000,0.625000,1.946387,1.346387,0.000000,0.000000,0.000000,0.000000,0.000000,0.000000,0.000000,1.346387,1.346387,1.346387,1.346387,0.000000,horizon_mpc_secbf,8,1.454575,true,osqp,optimal,75,4.385616,0,2.420679,geometric,false,0.687835,0.298970,0.674675,0.293378,,,0.735702,0.000629,3.812949,0.934384
head_on,context_ext,Standard MPC-CBF,52,5.200,1.410531,-0.343133,0.674675,0.293378,0.410179,-0.600000,0.080000,-0.500000,0.000000,child,approaching,distracted,,0.000000,0.625000,2.054575,1.454575,0.000000,0.000000,0.000000,0.000000,0.000000,0.000000,0.000000,1.454575,1.454575,1.454575,1.454575,0.000000,horizon_mpc_secbf,8,1.564123,true,osqp,optimal,75,4.091742,0,2.543592,geometric,false,0.687839,0.298961,0.674637,0.293470,,,0.735703,0.000099,3.886520,0.860814
head_on,context_ext,Standard MPC-CBF,53,5.300,1.477995,-0.313786,0.674637,0.293470,0.410314,-0.650000,0.080000,-0.500000,0.000000,child,approaching,distracted,,0.000000,0.625000,2.164123,1.564123,0.000000,0.000000,0.000000,0.000000,0.000000,0.000000,0.000000,1.564123,1.564123,1.564123,1.564123,0.000000,horizon_mpc_secbf,8,1.674841,true,osqp,optimal,75,3.653052,0,2.665751,geometric,false,0.687848,0.298941,0.674637,0.293469,,,0.735703,0.000001,3.960090,0.787244
head_on,context_ext,Standard MPC-CBF,54,5.400,1.545459,-0.284439,0.674637,0.293469,0.410313,-0.700000,0.080000,-0.500000,0.000000,child,approaching,distracted,,0.000000,0.625000,2.274841,1.674841,0.000000,0.000000,0.000000,0.000000,0.000000,0.000000,0.000000,1.674841,1.674841,1.674841,1.674841,0.000000,horizon_mpc_secbf,8,1.786565,true,osqp,optimal,75,5.049123,0,2.787302,geometric,false,0.687858,0.298917,0.674645,0.293449,,,0.735703,0.000022,4.033660,0.713674
head_on,context_ext,Standard MPC-CBF,55,5.500,1.612923,-0.255094,0.674645,0.293449,0.410284,-0.750000,0.080000,-0.500000,0.000000,child,approaching,distracted,,0.000000,0.625000,2.386565,1.786565,0.000000,0.000000,0.000000,0.000000,0.000000,0.000000,0.000000,1.786565,1.786565,1.786565,1.786565,0.000000,horizon_mpc_secbf,8,1.899162,true,osqp,optimal,75,3.521507,0,2.908386,geometric,false,0.687870,0.298890,0.674656,0.293424,,,0.735703,0.000028,4.107231,0.640103
head_on,context_ext,Standard MPC-CBF,56,5.600,1.680389,-0.225752,0.674656,0.293424,0.410245,-0.800000,0.080000,-0.500000,0.000000,child,approaching,distracted,,0.000000,0.625000,2.499162,1.899162,0.000000,0.000000,0.000000,0.000000,0.000000,0.000000,0.000000,1.899162,1.899162,1.899162,1.899162,0.000000,horizon_mpc_secbf,8,2.012520,true,osqp,optimal,75,4.150977,0,3.029113,geometric,false,0.687883,0.298860,0.674669,0.293394,,,0.735702,0.000032,4.180801,0.566533
head_on,context_ext,Standard MPC-CBF,57,5.700,1.747856,-0.196413,0.674669,0.293394,0.410201,-0.850000,0.080000,-0.500000,0.000000,child,approaching,distracted,,0.000000,0.625000,2.612520,2.012520,0.000000,0.000000,0.000000,0.000000,0.000000,0.000000,0.000000,2.012520,2.012520,2.012520,2.012520,0.000000,horizon_mpc_secbf,8,2.126542,true,osqp,optimal,75,4.112702,0,3.149571,geometric,false,0.687898,0.298825,0.674683,0.293359,,,0.735701,0.000037,4.254371,0.492963
head_on,context_ext,Standard MPC-CBF,58,5.800,1.815324,-0.167077,0.674683,0.293359,0.410151,-0.900000,0.080000,-0.500000,0.000000,child,approaching,distracted,,0.000000,0.625000,2.726542,2.126542,0.000000,0.000000,0.000000,0.000000,0.000000,0.000000,0.000000,2.126542,2.126542,2.126542,2.126542,0.000000,horizon_mpc_secbf,8,2.241150,true,osqp,optimal,75,4.532324,0,3.269828,geometric,false,0.687916,0.298783,0.674700,0.293319,,,0.735701,0.000044,4.327941,0.419393
head_on,context_ext,Standard MPC-CBF,59,5.900,1.882794,-0.137745,0.674700,0.293319,0.410091,-0.950000,0.080000,-0.500000,0.000000,child,approaching,distracted,,0.000000,0.625000,2.841150,2.241150,0.000000,0.000000,0.000000,0.000000,0.000000,0.000000,0.000000,2.241150,2.241150,2.241150,2.241150,0.000000,horizon_mpc_secbf,8,2.356277,true,osqp,optimal,75,3.466617,0,3.389939,geometric,false,0.687938,0.298733,0.674720,0.293270,,,0.735700,0.000053,4.401511,0.345823
head_on,context_ext,Standard MPC-CBF,60,6.000,1.950266,-0.108418,0.674720,0.293270,0.410019,-1.000000,0.080000,-0.500000,0.000000,child,approaching,distracted,,0.000000,0.625000,2.956277,2.356277,0.000000,0.000000,0.000000,0.000000,0.000000,0.000000,0.000000,2.356277,2.356277,2.356277,2.356277,0.000000,horizon_mpc_secbf,8,2.471863,true,osqp,optimal,75,3.212860,0,3.509946,geometric,false,0.687966,0.298669,0.674746,0.293208,,,0.735699,0.000067,4.475081,0.272253
head_on,context_ext,Standard MPC-CBF,61,6.100,2.017741,-0.079097,0.674746,0.293208,0.409928,-1.050000,0.080000,-0.500000,0.000000,child,approaching,distracted,,0.000000,0.625000,3.071863,2.471863,0.000000,0.000000,0.000000,0.000000,0.000000,0.000000,0.000000,2.471863,2.471863,2.471863,2.471863,0.000000,horizon_mpc_secbf,8,2.587862,true,osqp,optimal,75,3.075297,0,3.629886,geometric,false,0.688004,0.298580,0.674781,0.293123,,,0.735697,0.000091,4.548651,0.198683
head_on,context_ext,Standard MPC-CBF,62,6.200,2.085219,-0.049785,0.674781,0.293123,0.409804,-1.100000,0.080000,-0.500000,0.000000,child,approaching,distracted,,0.000000,0.625000,3.187862,2.587862,0.000000,0.000000,0.000000,0.000000,0.000000,0.000000,0.000000,2.587862,2.587862,2.587862,2.587862,0.000000,horizon_mpc_secbf,8,2.704231,true,osqp,optimal,75,3.778369,0,3.749795,geometric,false,0.688066,0.298438,0.674836,0.292990,,,0.735695,0.000144,4.622220,0.125113
head_on,context_ext,Standard MPC-CBF,63,6.300,2.152702,-0.020486,0.674836,0.292990,0.409608,-1.150000,0.080000,-0.500000,0.000000,child,approaching,distracted,,0.000000,0.625000,3.304231,2.704231,0.000000,0.000000,0.000000,0.000000,0.000000,0.000000,0.000000,2.704231,2.704231,2.704231,2.704231,0.000000,horizon_mpc_secbf,8,2.804368,true,osqp,optimal,50,3.050383,0,3.704685,geometric,false,0.472978,0.204856,0.507611,0.219978,,,0.553226,0.182470,4.677543,0.051544
head_on,context_ext,Standard MPC-CBF,64,6.400,2.203463,0.001512,0.507611,0.219978,0.408929,-1.200000,0.080000,-0.500000,0.000000,child,approaching,distracted,,0.000000,0.625000,3.404368,2.804368,0.000000,0.000000,0.000000,0.000000,0.000000,0.000000,0.000000,2.804368,2.804368,2.804368,2.804368,0.000000,horizon_mpc_secbf,8,2.854366,true,osqp,optimal,50,3.090709,0,3.304345,geometric,false,-0.034633,-0.015121,0.000104,-0.000238,,,0.000260,0.553225,4.677569,0.003779
head_on,context_ext,Standard MPC-CBF,65,6.500,2.203474,0.001488,0.000104,-0.000238,-1.159741,-1.250000,0.080000,-0.500000,0.000000,child,approaching,distracted,,0.000000,0.625000,3.454366,2.854366,0.000000,0.000000,0.000000,0.000000,0.000000,0.000000,0.000000,2.854366,2.854366,2.854366,2.854366,0.000000,horizon_mpc_secbf,8,2.901506,true,osqp,optimal,50,3.999564,0,3.325766,geometric,false,-0.034737,-0.014883,-0.028759,-0.012370,,,0.031307,0.031309,4.680699,0.003779
head_on,context_ext,Standard MPC-CBF,66,6.600,2.200598,0.000251,-0.028759,-0.012370,-2.735378,-1.300000,0.080000,-0.500000,0.000000,child,approaching,distracted,,0.000000,0.625000,3.501506,2.901506,0.000000,0.000000,0.000000,0.000000,0.000000,0.000000,0.000000,2.901506,2.901506,2.901506,2.901506,0.000000,horizon_mpc_secbf,8,2.950514,true,osqp,optimal,50,4.268735,0,3.391588,geometric,false,-0.005978,-0.002513,-0.009886,-0.004204,,,0.010743,0.020564,4.681774,0.000648
head_on,context_ext,Standard MPC-CBF,67,6.700,2.199609,-0.000169,-0.009886,-0.004204,-2.739534,-1.350000,0.080000,-0.500000,0.000000,child,approaching,distracted,,0.000000,0.625000,3.550514,2.950514,0.000000,0.000000,0.000000,0.000000,0.000000,0.000000,0.000000,2.950514,2.950514,2.950514,2.950514,0.000000,horizon_mpc_secbf,8,3.000654,true,osqp,optimal,25,3.977536,0,3.451909,geometric,false,0.003909,0.001691,0.001538,0.000680,,,0.001682,0.012425,4.681942,0.000426
head_on,context_ext,Standard MPC-CBF,68,6.800,2.199763,-0.000101,0.001538,0.000680,0.416175,-1.400000,0.080000,-0.500000,0.000000,child,approaching,distracted,,0.000000,0.625000,3.600654,3.000654,0.000000,0.000000,0.000000,0.000000,0.000000,0.000000,0.000000,3.000654,3.000654,3.000654,3.000654,0.000000,horizon_mpc_secbf,8,3.050862,true,osqp,optimal,25,2.926320,0,3.502734,geometric,false,0.002370,0.001011,0.002225,0.000955,,,0.002421,0.000740,4.682184,0.000258
head_on,context_ext,Standard MPC-CBF,69,6.900,2.199985,-0.000006,0.002225,0.000955,0.405240,-1.450000,0.080000,-0.500000,0.000000,child,approaching,distracted,,0.000000,0.625000,3.650862,3.050862,0.000000,0.000000,0.000000,0.000000,0.000000,0.000000,0.000000,3.050862,3.050862,3.050862,3.050862,0.000000,horizon_mpc_secbf,8,3.100900,true,osqp,optimal,25,3.613656,0,3.551239,geometric,false,0.000145,0.000057,0.000502,0.000211,,,0.000544,0.001877,4.682238,0.000016
head_on,context_ext,Standard MPC-CBF,70,7.000,2.200036,0.000015,0.000502,0.000211,0.397812,-1.500000,0.080000,-0.500000,0.000000,child,approaching,distracted,,0.000000,0.625000,3.700900,3.100900,0.000000,0.000000,0.000000,0.000000,0.000000,0.000000,0.000000,3.100900,3.100900,3.100900,3.100900,0.000000,horizon_mpc_secbf,8,3.150868,true,osqp,optimal,25,3.292679,0,3.600576,geometric,false,-0.000357,-0.000154,-0.000209,-0.000091,,,0.000228,0.000772,4.682261,0.000039
head_on,context_ext,Standard MPC-CBF,71,7.100,2.200015,0.000006,-0.000209,-0.000091,-2.729262,-1.550000,0.080000,-0.500000,0.000000,child,approaching,distracted,,0.000000,0.625000,3.750868,3.150868,0.000000,0.000000,0.000000,0.000000,0.000000,0.000000,0.000000,3.150868,3.150868,3.150868,3.150868,0.000000,horizon_mpc_secbf,8,3.200841,true,osqp,optimal,25,3.749058,0,3.650598,geometric,false,-0.000148,-0.000063,-0.000158,-0.000068,,,0.000172,0.000056,4.682278,0.000016
head_on,context_ext,Standard MPC-CBF,72,7.200,2.199999,-0.000000,-0.000158,-0.000068,-2.737590,-1.600000,0.080000,-0.500000,0.000000,child,approaching,distracted,,0.000000,0.625000,3.800841,3.200841,0.000000,0.000000,0.000000,0.000000,0.000000,0.000000,0.000000,3.200841,3.200841,3.200841,3.200841,0.000000,horizon_mpc_secbf,8,3.250830,true,osqp,optimal,25,4.128405,0,3.700730,geometric,false,0.000010,0.000005,-0.000000,0.000001,,,0.000001,0.000172,4.682279,0.000001
head_on,context_ext,Standard MPC-CBF,73,7.300,2.199999,-0.000000,-0.000000,0.000001,1.964456,-1.650000,0.080000,-0.500000,0.000000,child,approaching,distracted,,0.000000,0.625000,3.850830,3.250830,0.000000,0.000000,0.000000,0.000000,0.000000,0.000000,0.000000,3.250830,3.250830,3.250830,3.250830,0.000000,horizon_mpc_secbf,8,3.300820,true,osqp,optimal,25,3.777635,0,3.750731,geometric,false,0.000011,0.000004,0.000009,0.000003,,,0.000009,0.000010,4.682279,0.000001
head_on,context_ext,Standard MPC-CBF,74,7.400,2.200000,-0.000000,0.000009,0.000003,0.361472,-1.700000,0.080000,-0.500000,0.000000,child,approaching,distracted,,0.000000,0.625000,3.900820,3.300820,0.000000,0.000000,0.000000,0.000000,0.000000,0.000000,0.000000,3.300820,3.300820,3.300820,3.300820,0.000000,horizon_mpc_secbf,8,3.350810,true,osqp,optimal,25,4.335185,0,3.800718,geometric,false,0.000002,0.000000,0.000003,0.000001,,,0.000003,0.000006,4.682280,0.000000
head_on,context_ext,Standard MPC-CBF,75,7.500,2.200000,0.000000,0.000003,0.000001,0.297061,-1.750000,0.080000,-0.500000,0.000000,child,approaching,distracted,,0.000000,0.625000,3.950810,3.350810,0.000000,0.000000,0.000000,0.000000,0.000000,0.000000,0.000000,3.350810,3.350810,3.350810,3.350810,0.000000,horizon_mpc_secbf,8,3.400800,true,osqp,optimal,25,4.006744,0,3.850707,geometric,false,-0.000001,-0.000000,-0.000000,-0.000000,,,0.000001,0.000004,4.682280,0.000000
head_on,context_ext,Standard MPC-CBF,76,7.600,2.200000,0.000000,-0.000000,-0.000000,-2.634659,-1.800000,0.080000,-0.500000,0.000000,child,approaching,distracted,,0.000000,0.625000,4.000800,3.400800,0.000000,0.000000,0.000000,0.000000,0.000000,0.000000,0.000000,3.400800,3.400800,3.400800,3.400800,0.000000,horizon_mpc_secbf,8,3.450790,true,osqp,optimal,25,3.059821,0,3.900699,geometric,false,-0.000001,-0.000000,-0.000001,-0.000000,,,0.000001,0.000000,4.682280,0.000000
head_on,context_ext,Standard MPC-CBF,77,7.700,2.200000,0.000000,-0.000001,-0.000000,-2.795169,-1.850000,0.080000,-0.500000,0.000000,child,approaching,distracted,,0.000000,0.625000,4.050790,3.450790,0.000000,0.000000,0.000000,0.000000,0.000000,0.000000,0.000000,3.450790,3.450790,3.450790,3.450790,0.000000,horizon_mpc_secbf,8,3.500780,true,osqp,optimal,25,2.978209,0,3.950692,geometric,false,-0.000000,-0.000000,-0.000000,-0.000000,,,0.000000,0.000001,4.682280,0.000000
head_on,context_ext,Standard MPC-CBF,78,7.800,2.200000,-0.000000,-0.000000,-0.000000,-2.880046,-1.900000,0.080000,-0.500000,0.000000,child,approaching,distracted,,0.000000,0.625000,4.100780,3.500780,0.000000,0.000000,0.000000,0.000000,0.000000,0.000000,0.000000,3.500780,3.500780,3.500780,3.500780,0.000000,horizon_mpc_secbf,8,3.550771,true,osqp,optimal,25,2.894559,0,4.000685,geometric,false,0.000000,0.000000,0.000000,0.000000,,,0.000000,0.000000,4.682280,0.000000
head_on,context_ext,Standard MPC-CBF,79,7.900,2.200000,-0.000000,0.000000,0.000000,0.418063,-1.950000,0.080000,-0.500000,0.000000,child,approaching,distracted,,0.000000,0.625000,4.150771,3.550771,0.000000,0.000000,0.000000,0.000000,0.000000,0.000000,0.000000,3.550771,3.550771,3.550771,3.550771,0.000000,horizon_mpc_secbf,8,3.600762,true,osqp,optimal,25,3.293139,0,4.050678,geometric,false,0.000000,0.000000,0.000000,0.000000,,,0.000000,0.000000,4.682280,0.000000
head_on,context_ext,Standard MPC-CBF,80,8.000,2.200000,0.000000,0.000000,0.000000,0.331870,-2.000000,0.080000,-0.500000,0.000000,child,approaching,distracted,,0.000000,0.625000,4.200762,3.600762,0.000000,0.000000,0.000000,0.000000,0.000000,0.000000,0.000000,3.600762,3.600762,3.600762,3.600762,0.000000,horizon_mpc_secbf,8,3.650753,true,osqp,optimal,25,3.569926,0,4.100671,geometric,false,0.000000,0.000000,0.000000,0.000000,,,0.000000,0.000000,4.682280,0.000000
head_on,context_ext,Standard MPC-CBF,81,8.100,2.200000,0.000000,0.000000,0.000000,0.331719,-2.050000,0.080000,-0.500000,0.000000,child,approaching,distracted,,0.000000,0.625000,4.250753,3.650753,0.000000,0.000000,0.000000,0.000000,0.000000,0.000000,0.000000,3.650753,3.650753,3.650753,3.650753,0.000000,horizon_mpc_secbf,8,3.700744,true,osqp,optimal,25,4.194733,0,4.150664,geometric,false,-0.000000,-0.000000,-0.000000,-0.000000,,,0.000000,0.000000,4.682280,0.000000
head_on,context_ext,Standard MPC-CBF,82,8.200,2.200000,0.000000,-0.000000,-0.000000,-2.690380,-2.100000,0.080000,-0.500000,0.000000,child,approaching,distracted,,0.000000,0.625000,4.300744,3.700744,0.000000,0.000000,0.000000,0.000000,0.000000,0.000000,0.000000,3.700744,3.700744,3.700744,3.700744,0.000000,horizon_mpc_secbf,8,3.750736,true,osqp,optimal,25,4.305648,0,4.200658,geometric,false,0.000000,0.000000,-0.000000,-0.000000,,,0.000000,0.000000,4.682280,0.000000
head_on,context_ext,Standard MPC-CBF,83,8.300,2.200000,0.000000,-0.000000,-0.000000,-2.690380,-2.150000,0.080000,-0.500000,0.000000,child,approaching,distracted,,0.000000,0.625000,4.350736,3.750736,0.000000,0.000000,0.000000,0.000000,0.000000,0.000000,0.000000,3.750736,3.750736,3.750736,3.750736,0.000000,horizon_mpc_secbf,8,3.800727,true,osqp,optimal,25,4.533850,0,4.250651,geometric,false,0.000000,0.000000,-0.000000,-0.000000,,,0.000000,0.000000,4.682280,0.000000
head_on,context_ext,Standard MPC-CBF,84,8.400,2.200000,0.000000,-0.000000,-0.000000,-2.690380,-2.200000,0.080000,-0.500000,0.000000,child,approaching,distracted,,0.000000,0.625000,4.400727,3.800727,0.000000,0.000000,0.000000,0.000000,0.000000,0.000000,0.000000,3.800727,3.800727,3.800727,3.800727,0.000000,horizon_mpc_secbf,8,3.850719,true,osqp,optimal,25,5.067729,0,4.300645,geometric,false,0.000000,0.000000,-0.000000,-0.000000,,,0.000000,0.000000,4.682280,0.000000
head_on,context_ext,Standard MPC-CBF,85,8.500,2.200000,0.000000,-0.000000,-0.000000,-2.690380,-2.250000,0.080000,-0.500000,0.000000,child,approaching,distracted,,0.000000,0.625000,4.450719,3.850719,0.000000,0.000000,0.000000,0.000000,0.000000,0.000000,0.000000,3.850719,3.850719,3.850719,3.850719,0.000000,horizon_mpc_secbf,8,3.900711,true,osqp,optimal,25,5.032409,0,4.350638,geometric,false,0.000000,0.000000,-0.000000,-0.000000,,,0.000000,0.000000,4.682280,0.000000
head_on,context_ext,Standard MPC-CBF,86,8.600,2.200000,0.000000,-0.000000,-0.000000,-2.690380,-2.300000,0.080000,-0.500000,0.000000,child,approaching,distracted,,0.000000,0.625000,4.500711,3.900711,0.000000,0.000000,0.000000,0.000000,0.000000,0.000000,0.000000,3.900711,3.900711,3.900711,3.900711,0.000000,horizon_mpc_secbf,8,3.950703,true,osqp,optimal,25,4.709183,0,4.400632,geometric,false,0.000000,0.000000,0.000000,-0.000000,,,0.000000,0.000000,4.682280,0.000000
head_on,context_ext,Standard MPC-CBF,87,8.700,2.200000,0.000000,0.000000,-0.000000,-2.690380,-2.350000,0.080000,-0.500000,0.000000,child,approaching,distracted,,0.000000,0.625000,4.550703,3.950703,0.000000,0.000000,0.000000,0.000000,0.000000,0.000000,0.000000,3.950703,3.950703,3.950703,3.950703,0.000000,horizon_mpc_secbf,8,4.000696,true,osqp,optimal,25,4.347823,0,4.450626,geometric,false,0.000000,0.000000,0.000000,-0.000000,,,0.000000,0.000000,4.682280,0.000000
head_on,context_ext,Standard MPC-CBF,88,8.800,2.200000,0.000000,0.000000,-0.000000,-2.690380,-2.400000,0.080000,-0.500000,0.000000,child,approaching,distracted,,0.000000,0.625000,4.600696,4.000696,0.000000,0.000000,0.000000,0.000000,0.000000,0.000000,0.000000,4.000696,4.000696,4.000696,4.000696,0.000000,horizon_mpc_secbf,8,4.050688,true,osqp,optimal,25,3.345617,0,4.500620,geometric,false,0.000000,0.000000,0.000000,-0.000000,,,0.000000,0.000000,4.682280,0.000000
head_on,context_ext,Standard MPC-CBF,89,8.900,2.200000,0.000000,0.000000,-0.000000,-2.690380,-2.450000,0.080000,-0.500000,0.000000,child,approaching,distracted,,0.000000,0.625000,4.650688,4.050688,0.000000,0.000000,0.000000,0.000000,0.000000,0.000000,0.000000,4.050688,4.050688,4.050688,4.050688,0.000000,horizon_mpc_secbf,8,4.100681,true,osqp,optimal,25,4.222629,0,4.550614,geometric,false,0.000000,0.000000,0.000000,-0.000000,,,0.000000,0.000000,4.682280,0.000000
head_on,context_ext,Standard MPC-CBF,90,9.000,2.200000,0.000000,0.000000,-0.000000,-2.690380,-2.500000,0.080000,-0.500000,0.000000,child,approaching,distracted,,0.000000,0.625000,4.700681,4.100681,0.000000,0.000000,0.000000,0.000000,0.000000,0.000000,0.000000,4.100681,4.100681,4.100681,4.100681,0.000000,horizon_mpc_secbf,8,4.150674,true,osqp,optimal,25,4.321894,0,4.600608,geometric,false,0.000000,0.000000,0.000000,-0.000000,,,0.000000,0.000000,4.682280,0.000000
head_on,context_ext,Standard MPC-CBF,91,9.100,2.200000,0.000000,0.000000,-0.000000,-2.690380,-2.550000,0.080000,-0.500000,0.000000,child,approaching,distracted,,0.000000,0.625000,4.750674,4.150674,0.000000,0.000000,0.000000,0.000000,0.000000,0.000000,0.000000,4.150674,4.150674,4.150674,4.150674,0.000000,horizon_mpc_secbf,8,4.200667,true,osqp,optimal,25,3.700071,0,4.650603,geometric,false,0.000000,0.000000,0.000000,-0.000000,,,0.000000,0.000000,4.682280,0.000000
head_on,context_ext,Standard MPC-CBF,92,9.200,2.200000,0.000000,0.000000,-0.000000,-2.690380,-2.600000,0.080000,-0.500000,0.000000,child,approaching,distracted,,0.000000,0.625000,4.800667,4.200667,0.000000,0.000000,0.000000,0.000000,0.000000,0.000000,0.000000,4.200667,4.200667,4.200667,4.200667,0.000000,horizon_mpc_secbf,8,4.250660,true,osqp,optimal,25,2.836655,0,4.700597,geometric,false,0.000000,0.000000,0.000000,-0.000000,,,0.000000,0.000000,4.682280,0.000000
head_on,context_ext,Standard MPC-CBF,93,9.300,2.200000,0.000000,0.000000,-0.000000,-2.690380,-2.650000,0.080000,-0.500000,0.000000,child,approaching,distracted,,0.000000,0.625000,4.850660,4.250660,0.000000,0.000000,0.000000,0.000000,0.000000,0.000000,0.000000,4.250660,4.250660,4.250660,4.250660,0.000000,horizon_mpc_secbf,8,4.300653,true,osqp,optimal,25,3.542701,0,4.750592,geometric,false,0.000000,0.000000,0.000000,-0.000000,,,0.000000,0.000000,4.682280,0.000000
head_on,context_ext,Standard MPC-CBF,94,9.400,2.200000,0.000000,0.000000,-0.000000,-2.690380,-2.700000,0.080000,-0.500000,0.000000,child,approaching,distracted,,0.000000,0.625000,4.900653,4.300653,0.000000,0.000000,0.000000,0.000000,0.000000,0.000000,0.000000,4.300653,4.300653,4.300653,4.300653,0.000000,horizon_mpc_secbf,8,4.350646,true,osqp,optimal,25,3.197454,0,4.800586,geometric,false,0.000000,0.000000,0.000000,-0.000000,,,0.000000,0.000000,4.682280,0.000000
head_on,context_ext,Standard MPC-CBF,95,9.500,2.200000,0.000000,0.000000,-0.000000,-2.690380,-2.750000,0.080000,-0.500000,0.000000,child,approaching,distracted,,0.000000,0.625000,4.950646,4.350646,0.000000,0.000000,0.000000,0.000000,0.000000,0.000000,0.000000,4.350646,4.350646,4.350646,4.350646,0.000000,horizon_mpc_secbf,8,4.400640,true,osqp,optimal,25,3.267302,0,4.850581,geometric,false,0.000000,0.000000,0.000000,-0.000000,,,0.000000,0.000000,4.682280,0.000000
head_on,context_ext,Standard MPC-CBF,96,9.600,2.200000,0.000000,0.000000,-0.000000,-2.690380,-2.800000,0.080000,-0.500000,0.000000,child,approaching,distracted,,0.000000,0.625000,5.000640,4.400640,0.000000,0.000000,0.000000,0.000000,0.000000,0.000000,0.000000,4.400640,4.400640,4.400640,4.400640,0.000000,horizon_mpc_secbf,8,4.450634,true,osqp,optimal,25,4.576248,0,4.900576,geometric,false,0.000000,0.000000,0.000000,-0.000000,,,0.000000,0.000000,4.682280,0.000000
head_on,context_ext,Standard MPC-CBF,97,9.700,2.200000,0.000000,0.000000,-0.000000,-2.690380,-2.850000,0.080000,-0.500000,0.000000,child,approaching,distracted,,0.000000,0.625000,5.050634,4.450634,0.000000,0.000000,0.000000,0.000000,0.000000,0.000000,0.000000,4.450634,4.450634,4.450634,4.450634,0.000000,horizon_mpc_secbf,8,4.500627,true,osqp,optimal,25,3.735522,0,4.950571,geometric,false,0.000000,0.000000,0.000000,-0.000000,,,0.000000,0.000000,4.682280,0.000000
head_on,context_ext,Standard MPC-CBF,98,9.800,2.200000,0.000000,0.000000,-0.000000,-2.690380,-2.900000,0.080000,-0.500000,0.000000,child,approaching,distracted,,0.000000,0.625000,5.100627,4.500627,0.000000,0.000000,0.000000,0.000000,0.000000,0.000000,0.000000,4.500627,4.500627,4.500627,4.500627,0.000000,horizon_mpc_secbf,8,4.550621,true,osqp,optimal,25,3.995647,0,5.000566,geometric,false,0.000000,0.000000,0.000000,-0.000000,,,0.000000,0.000000,4.682280,0.000000
head_on,context_ext,Standard MPC-CBF,99,9.900,2.200000,0.000000,0.000000,-0.000000,-2.690380,-2.950000,0.080000,-0.500000,0.000000,child,approaching,distracted,,0.000000,0.625000,5.150621,4.550621,0.000000,0.000000,0.000000,0.000000,0.000000,0.000000,0.000000,4.550621,4.550621,4.550621,4.550621,0.000000,horizon_mpc_secbf,8,4.600615,true,osqp,optimal,25,4.351638,0,5.050561,geometric,false,0.000000,0.000000,0.000000,-0.000000,,,0.000000,0.000000,4.682280,0.000000
head_on,context_ext,Standard MPC-CBF,100,10.000,2.200000,0.000000,0.000000,-0.000000,-2.690380,-3.000000,0.080000,-0.500000,0.000000,child,approaching,distracted,,0.000000,0.625000,5.200615,4.600615,0.000000,0.000000,0.000000,0.000000,0.000000,0.000000,0.000000,4.600615,4.600615,4.600615,4.600615,0.000000,horizon_mpc_secbf,8,4.650609,true,osqp,optimal,25,3.176307,0,5.100556,geometric,false,0.000000,0.000000,0.000000,-0.000000,,,0.000000,0.000000,4.682280,0.000000
head_on,context_ext,Standard MPC-CBF,101,10.100,2.200000,0.000000,0.000000,-0.000000,-2.690380,-3.050000,0.080000,-0.500000,0.000000,child,approaching,distracted,,0.000000,0.625000,5.250609,4.650609,0.000000,0.000000,0.000000,0.000000,0.000000,0.000000,0.000000,4.650609,4.650609,4.650609,4.650609,0.000000,horizon_mpc_secbf,8,4.700604,true,osqp,optimal,25,3.208607,0,5.150551,geometric,false,0.000000,0.000000,0.000000,-0.000000,,,0.000000,0.000000,4.682280,0.000000
head_on,context_ext,Standard MPC-CBF,102,10.200,2.200000,0.000000,0.000000,-0.000000,-2.690380,-3.100000,0.080000,-0.500000,0.000000,child,approaching,distracted,,0.000000,0.625000,5.300604,4.700604,0.000000,0.000000,0.000000,0.000000,0.000000,0.000000,0.000000,4.700604,4.700604,4.700604,4.700604,0.000000,horizon_mpc_secbf,8,4.750598,true,osqp,optimal,25,3.134561,0,5.200547,geometric,false,0.000000,0.000000,0.000000,-0.000000,,,0.000000,0.000000,4.682280,0.000000
head_on,context_ext,Standard MPC-CBF,103,10.300,2.200000,0.000000,0.000000,-0.000000,-2.690380,-3.150000,0.080000,-0.500000,0.000000,child,approaching,distracted,,0.000000,0.625000,5.350598,4.750598,0.000000,0.000000,0.000000,0.000000,0.000000,0.000000,0.000000,4.750598,4.750598,4.750598,4.750598,0.000000,horizon_mpc_secbf,8,4.800593,true,osqp,optimal,25,3.936091,0,5.250542,geometric,false,0.000000,0.000000,0.000000,-0.000000,,,0.000000,0.000000,4.682280,0.000000
head_on,context_ext,Standard MPC-CBF,104,10.400,2.200000,0.000000,0.000000,-0.000000,-2.690380,-3.200000,0.080000,-0.500000,0.000000,child,approaching,distracted,,0.000000,0.625000,5.400593,4.800593,0.000000,0.000000,0.000000,0.000000,0.000000,0.000000,0.000000,4.800593,4.800593,4.800593,4.800593,0.000000,horizon_mpc_secbf,8,4.850587,true,osqp,optimal,25,4.552624,0,5.300538,geometric,false,0.000000,0.000000,0.000000,-0.000000,,,0.000000,0.000000,4.682280,0.000000
head_on,context_ext,Standard MPC-CBF,105,10.500,2.200000,0.000000,0.000000,-0.000000,-2.690380,-3.250000,0.080000,-0.500000,0.000000,child,approaching,distracted,,0.000000,0.625000,5.450587,4.850587,0.000000,0.000000,0.000000,0.000000,0.000000,0.000000,0.000000,4.850587,4.850587,4.850587,4.850587,0.000000,horizon_mpc_secbf,8,4.900582,true,osqp,optimal,25,4.002403,0,5.350533,geometric,false,0.000000,0.000000,0.000000,-0.000000,,,0.000000,0.000000,4.682280,0.000000
head_on,context_ext,Standard MPC-CBF,106,10.600,2.200000,0.000000,0.000000,-0.000000,-2.690380,-3.300000,0.080000,-0.500000,0.000000,child,approaching,distracted,,0.000000,0.625000,5.500582,4.900582,0.000000,0.000000,0.000000,0.000000,0.000000,0.000000,0.000000,4.900582,4.900582,4.900582,4.900582,0.000000,horizon_mpc_secbf,8,4.950577,true,osqp,optimal,25,4.684275,0,5.400529,geometric,false,0.000000,0.000000,0.000000,-0.000000,,,0.000000,0.000000,4.682280,0.000000
head_on,context_ext,Standard MPC-CBF,107,10.700,2.200000,0.000000,0.000000,-0.000000,-2.690380,-3.350000,0.080000,-0.500000,0.000000,child,approaching,distracted,,0.000000,0.625000,5.550577,4.950577,0.000000,0.000000,0.000000,0.000000,0.000000,0.000000,0.000000,4.950577,4.950577,4.950577,4.950577,0.000000,horizon_mpc_secbf,8,5.000571,true,osqp,optimal,25,4.815552,0,5.450525,geometric,false,0.000000,0.000000,0.000000,-0.000000,,,0.000000,0.000000,4.682280,0.000000
head_on,context_ext,Standard MPC-CBF,108,10.800,2.200000,0.000000,0.000000,-0.000000,-2.690380,-3.400000,0.080000,-0.500000,0.000000,child,approaching,distracted,,0.000000,0.625000,5.600571,5.000571,0.000000,0.000000,0.000000,0.000000,0.000000,0.000000,0.000000,5.000571,5.000571,5.000571,5.000571,0.000000,horizon_mpc_secbf,8,5.050566,true,osqp,optimal,25,3.765060,0,5.500520,geometric,false,0.000000,0.000000,0.000000,-0.000000,,,0.000000,0.000000,4.682280,0.000000
head_on,context_ext,Standard MPC-CBF,109,10.900,2.200000,0.000000,0.000000,-0.000000,-2.690380,-3.450000,0.080000,-0.500000,0.000000,child,approaching,distracted,,0.000000,0.625000,5.650566,5.050566,0.000000,0.000000,0.000000,0.000000,0.000000,0.000000,0.000000,5.050566,5.050566,5.050566,5.050566,0.000000,horizon_mpc_secbf,8,5.100561,true,osqp,optimal,25,3.725640,0,5.550516,geometric,false,0.000000,0.000000,0.000000,-0.000000,,,0.000000,0.000000,4.682280,0.000000
head_on,context_ext,Standard MPC-CBF,110,11.000,2.200000,0.000000,0.000000,-0.000000,-2.690380,-3.500000,0.080000,-0.500000,0.000000,child,approaching,distracted,,0.000000,0.625000,5.700561,5.100561,0.000000,0.000000,0.000000,0.000000,0.000000,0.000000,0.000000,5.100561,5.100561,5.100561,5.100561,0.000000,horizon_mpc_secbf,8,5.150556,true,osqp,optimal,25,4.779698,0,5.600512,geometric,false,0.000000,0.000000,0.000000,-0.000000,,,0.000000,0.000000,4.682280,0.000000
head_on,context_ext,Standard MPC-CBF,111,11.100,2.200000,0.000000,0.000000,-0.000000,-2.690380,-3.550000,0.080000,-0.500000,0.000000,child,approaching,distracted,,0.000000,0.625000,5.750556,5.150556,0.000000,0.000000,0.000000,0.000000,0.000000,0.000000,0.000000,5.150556,5.150556,5.150556,5.150556,0.000000,horizon_mpc_secbf,8,5.200552,true,osqp,optimal,25,3.737740,0,5.650508,geometric,false,0.000000,0.000000,0.000000,-0.000000,,,0.000000,0.000000,4.682280,0.000000
head_on,context_ext,Standard MPC-CBF,112,11.200,2.200000,0.000000,0.000000,-0.000000,-2.690380,-3.600000,0.080000,-0.500000,0.000000,child,approaching,distracted,,0.000000,0.625000,5.800552,5.200552,0.000000,0.000000,0.000000,0.000000,0.000000,0.000000,0.000000,5.200552,5.200552,5.200552,5.200552,0.000000,horizon_mpc_secbf,8,5.250547,true,osqp,optimal,25,4.557788,0,5.700504,geometric,false,0.000000,0.000000,0.000000,-0.000000,,,0.000000,0.000000,4.682280,0.000000
head_on,context_ext,Standard MPC-CBF,113,11.300,2.200000,0.000000,0.000000,-0.000000,-2.690380,-3.650000,0.080000,-0.500000,0.000000,child,approaching,distracted,,0.000000,0.625000,5.850547,5.250547,0.000000,0.000000,0.000000,0.000000,0.000000,0.000000,0.000000,5.250547,5.250547,5.250547,5.250547,0.000000,horizon_mpc_secbf,8,5.300542,true,osqp,optimal,25,4.529472,0,5.750500,geometric,false,0.000000,0.000000,0.000000,-0.000000,,,0.000000,0.000000,4.682280,0.000000
head_on,context_ext,Standard MPC-CBF,114,11.400,2.200000,0.000000,0.000000,-0.000000,-2.690380,-3.700000,0.080000,-0.500000,0.000000,child,approaching,distracted,,0.000000,0.625000,5.900542,5.300542,0.000000,0.000000,0.000000,0.000000,0.000000,0.000000,0.000000,5.300542,5.300542,5.300542,5.300542,0.000000,horizon_mpc_secbf,8,5.350538,true,osqp,optimal,25,4.629241,0,5.800496,geometric,false,0.000000,0.000000,0.000000,-0.000000,,,0.000000,0.000000,4.682280,0.000000
head_on,context_ext,Standard MPC-CBF,115,11.500,2.200000,0.000000,0.000000,-0.000000,-2.690380,-3.750000,0.080000,-0.500000,0.000000,child,approaching,distracted,,0.000000,0.625000,5.950538,5.350538,0.000000,0.000000,0.000000,0.000000,0.000000,0.000000,0.000000,5.350538,5.350538,5.350538,5.350538,0.000000,horizon_mpc_secbf,8,5.400533,true,osqp,optimal,25,3.954390,0,5.850493,geometric,false,0.000000,0.000000,0.000000,-0.000000,,,0.000000,0.000000,4.682280,0.000000
head_on,context_ext,Standard MPC-CBF,116,11.600,2.200000,0.000000,0.000000,-0.000000,-2.690380,-3.800000,0.080000,-0.500000,0.000000,child,approaching,distracted,,0.000000,0.625000,6.000533,5.400533,0.000000,0.000000,0.000000,0.000000,0.000000,0.000000,0.000000,5.400533,5.400533,5.400533,5.400533,0.000000,horizon_mpc_secbf,8,5.450529,true,osqp,optimal,25,4.271155,0,5.900489,geometric,false,0.000000,0.000000,0.000000,-0.000000,,,0.000000,0.000000,4.682280,0.000000
head_on,context_ext,Standard MPC-CBF,117,11.700,2.200000,0.000000,0.000000,-0.000000,-2.690380,-3.850000,0.080000,-0.500000,0.000000,child,approaching,distracted,,0.000000,0.625000,6.050529,5.450529,0.000000,0.000000,0.000000,0.000000,0.000000,0.000000,0.000000,5.450529,5.450529,5.450529,5.450529,0.000000,horizon_mpc_secbf,8,5.500525,true,osqp,optimal,25,3.235980,0,5.950485,geometric,false,0.000000,0.000000,0.000000,-0.000000,,,0.000000,0.000000,4.682280,0.000000
head_on,context_ext,Standard MPC-CBF,118,11.800,2.200000,0.000000,0.000000,-0.000000,-2.690380,-3.900000,0.080000,-0.500000,0.000000,child,approaching,distracted,,0.000000,0.625000,6.100525,5.500525,0.000000,0.000000,0.000000,0.000000,0.000000,0.000000,0.000000,5.500525,5.500525,5.500525,5.500525,0.000000,horizon_mpc_secbf,8,5.550520,true,osqp,optimal,25,3.476031,0,6.000482,geometric,false,0.000000,0.000000,0.000000,-0.000000,,,0.000000,0.000000,4.682280,0.000000
head_on,context_ext,Standard MPC-CBF,119,11.900,2.200000,0.000000,0.000000,-0.000000,-2.690380,-3.950000,0.080000,-0.500000,0.000000,child,approaching,distracted,,0.000000,0.625000,6.150520,5.550520,0.000000,0.000000,0.000000,0.000000,0.000000,0.000000,0.000000,5.550520,5.550520,5.550520,5.550520,0.000000,horizon_mpc_secbf,8,5.600516,true,osqp,optimal,25,2.810698,0,6.050478,geometric,false,0.000000,0.000000,0.000000,-0.000000,,,0.000000,0.000000,4.682280,0.000000
head_on,context_ext,EESM-MPC-ECBF,0,0.000,-2.200000,0.000000,0.000000,0.000000,0.000000,2.000000,0.080000,-0.500000,0.000000,unknown,walking,unknown,7.202830,1.000000,0.625000,4.200762,3.600762,0.000000,0.000000,0.000000,0.000000,0.499897,0.499897,0.000000,3.600762,3.100865,3.100865,3.100865,0.000000,horizon_mpc_secbf,8,2.125030,true,osqp,optimal,75,3.192882,0,1.980051,geometric,false,0.750000,0.000000,0.621017,-0.000000,,,0.621017,0.621017,0.062102,4.400000
head_on,context_ext,EESM-MPC-ECBF,1,0.100,-2.137898,-0.000000,0.621017,-0.000000,-0.000000,1.950000,0.080000,-0.500000,0.000000,unknown,walking,unknown,3.112664,1.000000,0.625000,4.088681,3.488681,0.000000,0.000000,0.000000,0.000000,1.120721,1.120721,0.000000,3.488681,2.367960,2.367960,2.367960,0.000000,horizon_mpc_secbf,8,1.380687,true,osqp,optimal,75,4.477441,0,1.142094,geometric,false,0.750000,0.000000,0.726100,-0.000000,,,0.726100,0.105084,0.134712,4.337898
head_on,context_ext,EESM-MPC-ECBF,2,0.200,-2.065288,-0.000000,0.726100,-0.000000,-0.000000,1.900000,0.080000,-0.500000,0.000000,unknown,walking,unknown,2.745926,1.000000,0.625000,3.966095,3.366095,0.000000,0.000000,0.000000,0.000000,1.225739,1.225739,0.000000,3.366095,2.140356,2.140356,2.140356,0.000000,horizon_mpc_secbf,8,1.152153,true,osqp,optimal,75,4.216087,0,0.905019,geometric,false,0.750000,0.000000,0.735588,-0.000000,,,0.735588,0.009488,0.208271,4.265288
head_on,context_ext,EESM-MPC-ECBF,3,0.300,-1.991729,-0.000000,0.735588,-0.000000,-0.000000,1.850000,0.080000,-0.500000,0.000000,unknown,walking,unknown,2.624875,1.000000,0.625000,3.842562,3.242562,0.000000,0.000000,0.000000,0.000000,1.235194,1.235194,0.000000,3.242562,2.007369,2.007369,2.007369,0.000000,horizon_mpc_secbf,8,1.019186,true,osqp,optimal,75,3.262325,0,0.772048,geometric,false,0.750000,0.000000,0.735588,-0.000000,,,0.735588,0.000000,0.281829,4.191729
head_on,context_ext,EESM-MPC-ECBF,4,0.400,-1.918171,-0.000000,0.735588,-0.000000,-0.000000,1.800000,0.080000,-0.500000,0.000000,unknown,walking,unknown,2.524913,1.000000,0.625000,3.719031,3.119031,0.000000,0.000000,0.000000,0.000000,1.235160,1.235160,0.000000,3.119031,1.883871,1.883871,1.883871,0.000000,horizon_mpc_secbf,8,0.895711,true,osqp,optimal,75,3.193954,0,0.648568,geometric,false,0.750000,0.000000,0.735588,-0.000000,,,0.735588,0.000000,0.355388,4.118171
head_on,context_ext,EESM-MPC-ECBF,5,0.500,-1.844612,-0.000000,0.735588,-0.000000,-0.000000,1.750000,0.080000,-0.500000,0.000000,unknown,walking,unknown,2.424953,1.000000,0.625000,3.595502,2.995502,0.000000,0.000000,0.000000,0.000000,1.235122,1.235122,0.000000,2.995502,1.760379,1.760379,1.760379,0.000000,horizon_mpc_secbf,8,0.772246,true,osqp,optimal,75,3.179643,0,0.525097,geometric,false,0.750000,0.000000,0.735588,-0.000000,,,0.735588,0.000000,0.428947,4.044612
head_on,context_ext,EESM-MPC-ECBF,6,0.600,-1.771053,-0.000000,0.735588,-0.000000,-0.000000,1.700000,0.080000,-0.500000,0.000000,unknown,walking,unknown,2.324995,1.000000,0.625000,3.471975,2.871975,0.000000,0.000000,0.000000,0.000000,1.235079,1.235079,0.000000,2.871975,1.636896,1.636896,1.636896,0.000000,horizon_mpc_secbf,8,0.648791,true,osqp,optimal,75,3.043820,0,0.401635,geometric,false,0.750000,0.000000,0.735588,-0.000000,,,0.735588,0.000000,0.502506,3.971053
head_on,context_ext,EESM-MPC-ECBF,7,0.700,-1.697494,-0.000000,0.735588,-0.000000,-0.000000,1.650000,0.080000,-0.500000,0.000000,unknown,walking,unknown,2.225041,1.000000,0.625000,3.348450,2.748450,0.000000,0.000000,0.000000,0.000000,1.235030,1.235030,0.000000,2.748450,1.513420,1.513420,1.513420,0.000000,horizon_mpc_secbf,8,0.525350,true,osqp,optimal,75,4.045078,0,0.278185,geometric,false,0.750000,0.000000,0.735588,-0.000000,,,0.735588,0.000000,0.576065,3.897494
head_on,context_ext,EESM-MPC-ECBF,8,0.800,-1.623935,-0.000000,0.735588,-0.000000,-0.000000,1.600000,0.080000,-0.500000,0.000000,unknown,walking,unknown,2.125089,1.000000,0.625000,3.224928,2.624928,0.000000,0.000000,0.000000,0.000000,1.234972,1.234972,0.000000,2.624928,1.389956,1.389956,1.389956,0.000000,horizon_mpc_secbf,8,0.401923,true,osqp,optimal,75,4.439443,0,0.154747,geometric,false,0.750000,0.000000,0.735588,-0.000000,,,0.735588,0.000000,0.649624,3.823935
head_on,context_ext,EESM-MPC-ECBF,9,0.900,-1.550376,-0.000000,0.735588,-0.000000,-0.000000,1.550000,0.080000,-0.500000,0.000000,unknown,walking,unknown,2.025141,1.000000,0.625000,3.101408,2.501408,0.000000,0.000000,0.000000,0.000000,1.234905,1.234905,0.000000,2.501408,1.266503,1.266503,1.266503,0.000000,horizon_mpc_secbf,8,0.278515,true,osqp,optimal,75,4.555394,0,0.031326,geometric,false,0.750000,0.000000,0.735588,-0.000000,,,0.735588,0.000000,0.723182,3.750376
head_on,context_ext,EESM-MPC-ECBF,10,1.000,-1.476818,-0.000000,0.735588,-0.000000,-0.000000,1.500000,0.080000,-0.500000,0.000000,unknown,walking,unknown,1.925197,1.000000,0.625000,2.977892,2.377892,0.000000,0.000000,0.000000,0.000000,1.234826,1.234826,0.000000,2.377892,1.143066,1.143066,1.143066,0.000000,horizon_mpc_secbf,8,0.155129,true,osqp,optimal,75,5.005747,0,-0.092076,geometric,false,0.750000,0.000000,0.735588,-0.000000,,,0.735588,0.000000,0.796741,3.676818
head_on,context_ext,EESM-MPC-ECBF,11,1.100,-1.403259,-0.000000,0.735588,-0.000000,-0.000000,1.450000,0.080000,-0.500000,0.000000,child,approaching,distracted,1.825257,1.000000,0.625000,2.854380,2.254380,0.000000,0.000000,0.000000,0.000000,1.234733,1.234733,0.000000,2.254380,1.019647,1.019647,1.019647,0.000000,horizon_mpc_secbf,8,0.031770,true,osqp,optimal,75,4.176112,0,-0.215456,geometric,false,0.750000,0.000000,0.735588,-0.000000,,,0.735588,0.000000,0.870300,3.603259
head_on,context_ext,EESM-MPC-ECBF,12,1.200,-1.329700,-0.000000,0.735588,-0.000000,-0.000000,1.400000,0.080000,-0.500000,0.000000,child,approaching,distracted,1.725321,1.000000,0.625000,2.730872,2.130872,0.000000,0.000000,0.000000,0.000000,1.234620,1.234620,0.000000,2.130872,0.896252,0.896252,0.896252,0.000132,horizon_mpc_secbf,8,-0.000131,true,osqp,optimal,50,2.984513,0,-0.241633,geometric,false,0.750000,0.000000,0.638656,-0.005155,,,0.638676,0.097070,0.934168,3.529700
head_on,context_ext,EESM-MPC-ECBF,13,1.300,-1.265834,-0.000516,0.638656,-0.005155,-0.008072,1.350000,0.080000,-0.500000,0.000000,child,approaching,distracted,1.772537,1.000000,0.625000,2.617073,2.017073,0.000000,0.000000,0.000000,0.000000,1.137412,1.137412,0.000000,2.017073,0.879661,0.879661,0.879661,0.000150,horizon_mpc_secbf,8,-0.000150,true,osqp,optimal,50,3.127608,0,-0.226570,geometric,false,0.750000,0.000112,0.607134,-0.007460,,,0.607180,0.031606,0.994886,3.465834
head_on,context_ext,EESM-MPC-ECBF,14,1.400,-1.205121,-0.001262,0.607134,-0.007460,-0.012287,1.300000,0.080000,-0.500000,0.000000,child,approaching,distracted,1.723241,1.000000,0.625000,2.506439,1.906439,0.000000,0.000000,0.000000,0.000000,1.105639,1.105639,0.000000,1.906439,0.800799,0.800799,0.800799,0.000249,horizon_mpc_secbf,8,-0.000249,true,osqp,optimal,50,3.117418,0,-0.217914,geometric,false,0.750000,0.000278,0.519952,-0.014016,,,0.520141,0.087428,1.046900,3.405121
head_on,context_ext,EESM-MPC-ECBF,15,1.500,-1.153126,-0.002663,0.519952,-0.014016,-0.026950,1.250000,0.080000,-0.500000,0.000000,child,approaching,distracted,1.771130,1.000000,0.625000,2.404547,1.804547,0.000000,0.000000,0.000000,0.000000,1.017999,1.017999,0.000000,1.804547,0.786548,0.786548,0.786548,0.000263,horizon_mpc_secbf,8,-0.000263,true,osqp,optimal,50,3.271555,0,-0.205547,geometric,false,0.750000,0.000596,0.493569,-0.018150,,,0.493903,0.026705,1.096290,3.353127
head_on,context_ext,EESM-MPC-ECBF,16,1.600,-1.103769,-0.004478,0.493569,-0.018150,-0.036757,1.200000,0.080000,-0.500000,0.000000,child,approaching,distracted,1.718660,1.000000,0.625000,2.305317,1.705317,0.000000,0.000000,0.000000,0.000000,0.991104,0.991104,0.000000,1.705317,0.714213,0.714213,0.714213,0.000352,horizon_mpc_secbf,8,-0.000352,true,osqp,optimal,50,4.273083,0,-0.199513,geometric,false,0.749999,0.001017,0.415734,-0.028384,,,0.416701,0.078505,1.137960,3.303772
head_on,context_ext,EESM-MPC-ECBF,17,1.700,-1.062195,-0.007317,0.415734,-0.028384,-0.068170,1.150000,0.080000,-0.500000,0.000000,child,approaching,distracted,1.765965,1.000000,0.625000,2.213918,1.613918,0.000000,0.000000,0.000000,0.000000,0.912304,0.912304,0.000000,1.613918,0.701614,0.701614,0.701614,0.000362,horizon_mpc_secbf,8,-0.000362,true,osqp,optimal,50,4.122007,0,-0.190349,geometric,false,0.749998,0.001682,0.394439,-0.035960,,,0.396075,0.022601,1.177568,3.262204
head_on,context_ext,EESM-MPC-ECBF,18,1.800,-1.022752,-0.010913,0.394439,-0.035960,-0.090915,1.100000,0.080000,-0.500000,0.000000,child,approaching,distracted,1.709146,1.000000,0.625000,2.124697,1.524697,0.000000,0.000000,0.000000,0.000000,0.889850,0.889850,0.000000,1.524697,0.634847,0.634847,0.634847,0.000442,horizon_mpc_secbf,8,-0.000442,true,osqp,optimal,50,4.558245,0,-0.187606,geometric,false,0.749996,0.002540,0.325888,-0.052273,,,0.330054,0.070465,1.210573,3.222770
head_on,context_ext,EESM-MPC-ECBF,19,1.900,-0.990163,-0.016140,0.325888,-0.052273,-0.159047,1.050000,0.080000,-0.500000,0.000000,child,approaching,distracted,1.753684,1.000000,0.625000,2.042427,1.442427,0.000000,0.000000,0.000000,0.000000,0.819116,0.819116,0.000000,1.442427,0.623310,0.623310,0.623310,0.000449,horizon_mpc_secbf,8,-0.000449,true,osqp,optimal,50,3.978415,0,-0.182200,geometric,false,0.749990,0.003794,0.309929,-0.065263,,,0.316726,0.020578,1.242246,3.190203
head_on,context_ext,EESM-MPC-ECBF,20,2.000,-0.959170,-0.022666,0.309929,-0.065263,-0.207543,1.000000,0.080000,-0.500000,0.000000,child,approaching,distracted,1.690900,1.000000,0.625000,1.961858,1.361858,0.000000,0.000000,0.000000,0.000000,0.800413,0.800413,0.000000,1.361858,0.561445,0.561445,0.561445,0.000520,horizon_mpc_secbf,8,-0.000520,true,osqp,optimal,50,2.886456,0,-0.183772,geometric,false,0.749981,0.005381,0.251603,-0.092417,,,0.268039,0.064337,1.269050,3.159251
head_on,context_ext,EESM-MPC-ECBF,21,2.100,-0.934009,-0.031908,0.251603,-0.092417,-0.352015,0.950000,0.080000,-0.500000,0.000000,child,approaching,distracted,1.728423,1.000000,0.625000,1.887330,1.287330,0.000000,0.000000,0.000000,0.000000,0.736637,0.736637,0.000000,1.287330,0.550693,0.550693,0.550693,0.000522,horizon_mpc_secbf,8,-0.000522,true,osqp,optimal,50,2.991020,0,-0.183187,geometric,false,0.749961,0.007636,0.242944,-0.122017,,,0.271864,0.030840,1.296236,3.134172
head_on,context_ext,EESM-MPC-ECBF,22,2.200,-0.909715,-0.044110,0.242944,-0.122017,-0.465439,0.900000,0.080000,-0.500000,0.000000,child,approaching,distracted,1.656488,1.000000,0.625000,1.813966,1.213966,0.000000,0.000000,0.000000,0.000000,0.719170,0.719170,0.000000,1.213966,0.494796,0.494796,0.494796,0.000581,horizon_mpc_secbf,8,-0.000581,true,osqp,optimal,50,3.246644,0,-0.190350,geometric,false,0.749925,0.010637,0.199318,-0.174688,,,0.265035,0.068393,1.322740,3.110028
head_on,context_ext,EESM-MPC-ECBF,23,2.300,-0.889783,-0.061579,0.199318,-0.174688,-0.719640,0.850000,0.080000,-0.500000,0.000000,child,approaching,distracted,1.677591,1.000000,0.625000,1.745534,1.145534,0.000000,0.000000,0.000000,0.000000,0.658063,0.658063,0.000000,1.145534,0.487471,0.487471,0.487471,0.000574,horizon_mpc_secbf,8,-0.000573,true,osqp,optimal,50,3.503700,0,-0.197025,geometric,false,0.749851,0.014944,0.205235,-0.219983,,,0.300856,0.045680,1.352825,3.090397
head_on,context_ext,EESM-MPC-ECBF,24,2.400,-0.869260,-0.083577,0.205235,-0.219983,-0.820068,0.800000,0.080000,-0.500000,0.000000,child,approaching,distracted,1.583223,1.000000,0.625000,1.677255,1.077255,0.000000,0.000000,0.000000,0.000000,0.639729,0.639729,0.000000,1.077255,0.437527,0.437527,0.437527,0.000618,horizon_mpc_secbf,8,-0.000617,true,osqp,optimal,50,3.268065,0,-0.214799,geometric,false,0.749722,0.020415,0.183905,-0.284048,,,0.338385,0.067522,1.386664,3.070397
head_on,context_ext,EESM-MPC-ECBF,25,2.500,-0.850869,-0.111982,0.183905,-0.284048,-0.996219,0.750000,0.080000,-0.500000,0.000000,child,approaching,distracted,1.568988,1.000000,0.625000,1.612340,1.012340,0.000000,0.000000,0.000000,0.000000,0.579176,0.579176,0.000000,1.012340,0.433163,0.433163,0.433163,0.000597,horizon_mpc_secbf,8,-0.000596,true,osqp,optimal,50,3.123513,0,-0.234636,geometric,false,0.749495,0.027510,0.213314,-0.334619,,,0.396829,0.058501,1.426347,3.052924
head_on,context_ext,EESM-MPC-ECBF,26,2.600,-0.829538,-0.145444,0.213314,-0.334619,-1.003271,0.700000,0.080000,-0.500000,0.000000,child,approaching,distracted,1.440201,1.000000,0.625000,1.546063,0.946063,0.000000,0.000000,0.000000,0.000000,0.556168,0.556168,0.000000,0.946063,0.389895,0.389895,0.389895,0.000619,horizon_mpc_secbf,8,-0.000618,true,osqp,optimal,50,3.948599,0,-0.271168,geometric,false,0.749137,0.035965,0.228490,-0.404764,,,0.464803,0.071767,1.472827,3.033027
head_on,context_ext,EESM-MPC-ECBF,27,2.700,-0.806689,-0.185920,0.228490,-0.404764,-1.056888,0.650000,0.080000,-0.500000,0.000000,child,approaching,distracted,1.367732,1.000000,0.625000,1.480762,0.880762,0.000000,0.000000,0.000000,0.000000,0.490766,0.490766,0.000000,0.880762,0.389995,0.389995,0.389995,0.000574,horizon_mpc_secbf,8,-0.000572,true,osqp,optimal,50,4.447957,0,-0.312806,geometric,false,0.748570,0.046288,0.296801,-0.448103,,,0.537482,0.080899,1.526575,3.012432
head_on,context_ext,EESM-MPC-ECBF,28,2.800,-0.777009,-0.230730,0.296801,-0.448103,-0.985788,0.600000,0.080000,-0.500000,0.000000,child,approaching,distracted,1.196004,1.000000,0.625000,1.411632,0.811632,0.000000,0.000000,0.000000,0.000000,0.456400,0.456400,0.000000,0.811632,0.355232,0.355232,0.355232,0.000563,horizon_mpc_secbf,8,-0.000533,true,osqp,optimal,50,3.426408,0,-0.374735,geometric,false,0.747758,0.057954,0.362386,-0.502921,,,0.619882,0.085478,1.588563,2.985937
head_on,context_ext,EESM-MPC-ECBF,29,2.900,-0.740770,-0.281022,0.362386,-0.502921,-0.946403,0.550000,0.080000,-0.500000,0.000000,child,approaching,distracted,1.065119,1.000000,0.625000,1.340308,0.740308,0.000000,0.000000,0.000000,0.000000,0.375988,0.375988,0.000000,0.740308,0.364319,0.364319,0.364319,0.000477,horizon_mpc_secbf,8,-0.000212,true,osqp,optimal,350,4.229389,0,-0.436525,geometric,false,0.746599,0.071346,0.472343,-0.501503,,,0.688922,0.109966,1.657455,2.954167
head_on,context_ext,EESM-MPC-ECBF,30,3.000,-0.693536,-0.331173,0.472343,-0.501503,-0.815333,0.500000,0.080000,-0.500000,0.000000,child,approaching,distracted,0.876189,1.000000,0.625000,1.262375,0.662375,0.000000,0.000000,0.000000,0.000000,0.323278,0.323278,0.000000,0.662375,0.339097,0.339097,0.339097,0.000381,horizon_mpc_secbf,8,-0.000055,true,osqp,optimal,100,3.304300,0,-0.490024,geometric,false,0.745135,0.085283,0.547209,-0.493072,,,0.736585,0.075339,1.731114,2.912426
head_on,context_ext,EESM-MPC-ECBF,31,3.100,-0.638815,-0.380480,0.547209,-0.493072,-0.733405,0.450000,0.080000,-0.500000,0.000000,child,approaching,distracted,0.753695,1.000000,0.625000,1.182184,0.582184,0.000000,0.000000,0.000000,0.000000,0.227725,0.227725,0.000000,0.582184,0.354460,0.354460,0.354460,0.000165,horizon_mpc_secbf,8,-0.000048,true,osqp,optimal,75,3.343816,0,-0.524970,geometric,false,0.743353,0.099630,0.627376,-0.407533,,,0.748120,0.117234,1.805926,2.864199
head_on,context_ext,EESM-MPC-ECBF,32,3.200,-0.576077,-0.421233,0.627376,-0.407533,-0.576082,0.400000,0.080000,-0.500000,0.000000,child,approaching,distracted,0.608847,1.000000,0.625000,1.097252,0.497252,0.000000,0.000000,0.000000,0.000000,0.175977,0.175977,0.000000,0.497252,0.321275,0.321275,0.321275,0.000169,horizon_mpc_secbf,8,-0.000035,true,osqp,optimal,100,3.425934,0,-0.561426,geometric,false,0.741512,0.112515,0.660592,-0.327386,,,0.737267,0.086758,1.879653,2.807854
head_on,context_ext,EESM-MPC-ECBF,33,3.300,-0.510018,-0.453972,0.660592,-0.327386,-0.460117,0.350000,0.080000,-0.500000,0.000000,child,approaching,distracted,0.506945,1.000000,0.625000,1.012303,0.412303,0.000000,0.000000,0.000000,0.000000,0.100008,0.100008,0.000000,0.412303,0.312295,0.312295,0.312295,0.000088,horizon_mpc_secbf,8,0.000031,true,osqp,optimal,50,3.358230,0,-0.591563,geometric,false,0.739693,0.123911,0.703282,-0.224314,,,0.738188,0.111563,1.953471,2.747779
head_on,context_ext,EESM-MPC-ECBF,34,3.400,-0.439690,-0.476403,0.703282,-0.224314,-0.308753,0.300000,0.080000,-0.500000,0.000000,child,approaching,distracted,0.393819,1.000000,0.625000,0.925595,0.325595,0.000000,0.000000,0.000000,0.000000,0.017610,0.017610,0.000000,0.325595,0.307985,0.307985,0.307985,0.000000,horizon_mpc_secbf,8,0.035811,true,osqp,optimal,50,4.062604,0,-0.588396,geometric,false,0.738076,0.133206,0.732245,-0.147004,,,0.746855,0.082556,2.028157,2.682335
head_on,context_ext,EESM-MPC-ECBF,35,3.500,-0.366466,-0.491104,0.732245,-0.147004,-0.198125,0.250000,0.080000,-0.500000,0.000000,child,approaching,distracted,0.298926,1.000000,0.625000,0.840351,0.240351,0.000000,0.000000,0.000000,0.000000,0.000000,0.000000,0.000000,0.240351,0.345972,0.345972,0.240351,0.000000,horizon_mpc_secbf,8,0.048547,true,osqp,optimal,50,4.364584,0,-0.569455,geometric,false,0.736635,0.140958,0.735491,-0.142035,,,0.749080,0.005935,2.103065,2.613030
head_on,context_ext,EESM-MPC-ECBF,36,3.600,-0.292916,-0.505307,0.735491,-0.142035,-0.190768,0.200000,0.080000,-0.500000,0.000000,child,approaching,distracted,0.240413,1.000000,0.625000,0.765213,0.165213,0.000000,0.000000,0.000000,0.000000,0.000000,0.000000,0.000000,0.165213,0.439444,0.439444,0.165213,0.000000,horizon_mpc_secbf,8,0.044802,true,osqp,optimal,50,3.891648,0,-0.518427,geometric,false,0.735052,0.148993,0.734979,-0.146267,,,0.749391,0.004262,2.178004,2.543613
head_on,context_ext,EESM-MPC-ECBF,37,3.700,-0.219419,-0.519934,0.734979,-0.146267,-0.196441,0.150000,0.080000,-0.500000,0.000000,child,approaching,distracted,0.199908,1.000000,0.625000,0.704550,0.104550,0.000000,0.000000,0.000000,0.000000,0.000000,0.000000,0.000000,0.104550,0.542808,0.542808,0.104550,0.000000,horizon_mpc_secbf,8,0.042202,true,osqp,optimal,50,3.222913,0,-0.417039,geometric,false,0.733259,0.157578,0.734821,-0.147817,,,0.749541,0.001558,2.252958,2.474655
head_on,context_ext,EESM-MPC-ECBF,38,3.800,-0.145936,-0.534715,0.734821,-0.147817,-0.198511,0.100000,0.080000,-0.500000,0.000000,child,approaching,distracted,0.193153,1.000000,0.625000,0.662088,0.062088,0.000000,0.000000,0.000000,0.000000,0.000000,0.000000,0.000000,0.062088,0.648739,0.648739,0.062088,0.000000,horizon_mpc_secbf,8,0.040921,true,osqp,optimal,75,2.931925,0,-0.263053,geometric,false,0.731245,0.166675,0.735589,-0.144140,,,0.749578,0.003756,2.327916,2.406104
head_on,context_ext,EESM-MPC-ECBF,39,3.900,-0.072377,-0.549129,0.735589,-0.144140,-0.193500,0.050000,0.080000,-0.500000,0.000000,child,approaching,distracted,0.433325,1.000000,0.625000,0.640921,0.040921,0.000000,0.000000,0.000000,0.000000,0.000000,0.000000,0.000000,0.040921,0.755428,0.755428,0.040921,0.000000,horizon_mpc_secbf,8,0.042577,true,osqp,optimal,75,3.675459,0,-0.063016,geometric,false,0.729016,0.176170,0.735590,-0.134460,,,0.747778,0.009680,2.402694,2.337786
head_on,context_ext,EESM-MPC-ECBF,40,4.000,0.001181,-0.562575,0.735590,-0.134460,-0.180796,0.000000,0.080000,-0.500000,0.000000,child,approaching,distracted,,0.000000,0.625000,0.642577,0.042577,0.000000,0.000000,0.000000,0.000000,0.000000,0.000000,0.000000,0.042577,0.042577,0.042577,0.042577,0.000000,horizon_mpc_secbf,8,0.066261,true,osqp,optimal,75,3.634259,0,0.163886,geometric,false,0.726595,0.185902,0.735590,-0.119038,,,0.745160,0.015422,2.477210,2.269646
head_on,context_ext,EESM-MPC-ECBF,41,4.100,0.074741,-0.574479,0.735590,-0.119038,-0.160435,-0.050000,0.080000,-0.500000,0.000000,child,approaching,distracted,,0.000000,0.625000,0.666261,0.066261,0.000000,0.000000,0.000000,0.000000,0.000000,0.000000,0.000000,0.066261,0.066261,0.066261,0.066261,0.000000,horizon_mpc_secbf,8,0.109224,true,osqp,optimal,75,3.396053,0,0.394443,geometric,false,0.724015,0.195709,0.735590,-0.098593,,,0.742168,0.020444,2.551427,2.201535
head_on,context_ext,EESM-MPC-ECBF,42,4.200,0.148299,-0.584338,0.735590,-0.098593,-0.133239,-0.100000,0.080000,-0.500000,0.000000,child,approaching,distracted,,0.000000,0.625000,0.709224,0.109224,0.000000,0.000000,0.000000,0.000000,0.000000,0.000000,0.000000,0.109224,0.109224,0.109224,0.109224,0.000000,horizon_mpc_secbf,8,0.167801,true,osqp,optimal,75,4.825305,0,0.611169,geometric,false,0.721316,0.205436,0.735588,-0.074052,,,0.739306,0.024541,2.625357,2.133290
head_on,context_ext,EESM-MPC-ECBF,43,4.300,0.221858,-0.591744,0.735588,-0.074052,-0.100332,-0.150000,0.080000,-0.500000,0.000000,child,approaching,distracted,,0.000000,0.625000,0.767801,0.167801,0.000000,0.000000,0.000000,0.000000,0.000000,0.000000,0.000000,0.167801,0.167801,0.167801,0.167801,0.000000,horizon_mpc_secbf,8,0.238406,true,osqp,optimal,75,4.304949,0,0.806758,geometric,false,0.718539,0.214945,0.735587,-0.046340,,,0.737045,0.027712,2.699062,2.064753
head_on,context_ext,EESM-MPC-ECBF,44,4.400,0.295417,-0.596378,0.735587,-0.046340,-0.062914,-0.200000,0.080000,-0.500000,0.000000,child,approaching,distracted,,0.000000,0.625000,0.838406,0.238406,0.000000,0.000000,0.000000,0.000000,0.000000,0.000000,0.000000,0.238406,0.238406,0.238406,0.238406,0.000000,horizon_mpc_secbf,8,0.318053,true,osqp,optimal,75,3.704842,0,0.981645,geometric,false,0.715732,0.224115,0.735587,-0.016271,,,0.735767,0.030069,2.772638,1.995771
head_on,context_ext,EESM-MPC-ECBF,45,4.500,0.368976,-0.598005,0.735587,-0.016271,-0.022116,-0.250000,0.080000,-0.500000,0.000000,child,approaching,distracted,,0.000000,0.625000,0.918053,0.318053,0.000000,0.000000,0.000000,0.000000,0.000000,0.000000,0.000000,0.318053,0.318053,0.318053,0.318053,0.000000,horizon_mpc_secbf,8,0.404465,true,osqp,optimal,75,3.453987,0,1.139684,geometric,false,0.712940,0.232843,0.735587,0.015484,,,0.735750,0.031755,2.846213,1.926203
head_on,context_ext,EESM-MPC-ECBF,46,4.600,0.442534,-0.596456,0.735587,0.015484,0.021046,-0.300000,0.080000,-0.500000,0.000000,child,approaching,distracted,,0.000000,0.625000,1.004465,0.404465,0.000000,0.000000,0.000000,0.000000,0.000000,0.000000,0.000000,0.404465,0.404465,0.404465,0.404465,0.000000,horizon_mpc_secbf,8,0.495988,true,osqp,optimal,75,3.341613,0,1.285275,geometric,false,0.710213,0.241035,0.735588,0.048376,,,0.737177,0.032893,2.919931,1.855922
head_on,context_ext,EESM-MPC-ECBF,47,4.700,0.516093,-0.591619,0.735588,0.048376,0.065671,-0.350000,0.080000,-0.500000,0.000000,child,approaching,distracted,,0.000000,0.625000,1.095988,0.495988,0.000000,0.000000,0.000000,0.000000,0.000000,0.000000,0.000000,0.495988,0.495988,0.495988,0.495988,0.000000,horizon_mpc_secbf,8,0.591446,true,osqp,optimal,75,3.197465,0,1.422181,geometric,false,0.707598,0.248605,0.735588,0.081948,,,0.740139,0.033572,2.993945,1.784812
head_on,context_ext,EESM-MPC-ECBF,48,4.800,0.589652,-0.583424,0.735588,0.081948,0.110948,-0.400000,0.080000,-0.500000,0.000000,child,approaching,distracted,,0.000000,0.625000,1.191446,0.591446,0.000000,0.000000,0.000000,0.000000,0.000000,0.000000,0.000000,0.591446,0.591446,0.591446,0.591446,0.000000,horizon_mpc_secbf,8,0.690015,true,osqp,optimal,50,4.886727,0,1.553285,geometric,false,0.705148,0.255473,0.735576,0.115781,,,0.744632,0.033833,3.068408,1.712777
head_on,context_ext,EESM-MPC-ECBF,49,4.900,0.663210,-0.571846,0.735576,0.115781,0.156121,-0.450000,0.080000,-0.500000,0.000000,child,approaching,distracted,,0.000000,0.625000,1.290015,0.690015,0.000000,0.000000,0.000000,0.000000,0.000000,0.000000,0.000000,0.690015,0.690015,0.690015,0.690015,0.000000,horizon_mpc_secbf,8,0.790899,true,osqp,optimal,50,2.894669,0,1.678519,geometric,false,0.702914,0.261557,0.732930,0.149306,,,0.747984,0.033630,3.143207,1.639735
head_on,context_ext,EESM-MPC-ECBF,50,5.000,0.736503,-0.556915,0.732930,0.149306,0.200962,-0.500000,0.080000,-0.500000,0.000000,child,approaching,distracted,,0.000000,0.625000,1.390899,0.790899,0.000000,0.000000,0.000000,0.000000,0.000000,0.000000,0.000000,0.790899,0.790899,0.790899,0.790899,0.000000,horizon_mpc_secbf,8,0.892938,true,osqp,optimal,75,3.911226,0,1.793918,geometric,false,0.700963,0.266742,0.721343,0.180710,,,0.743634,0.033473,3.217570,1.565880
head_on,context_ext,EESM-MPC-ECBF,51,5.100,0.808637,-0.538844,0.721343,0.180710,0.245467,-0.550000,0.080000,-0.500000,0.000000,child,approaching,distracted,,0.000000,0.625000,1.492938,0.892938,0.000000,0.000000,0.000000,0.000000,0.000000,0.000000,0.000000,0.892938,0.892938,0.892938,0.892938,0.000000,horizon_mpc_secbf,8,0.995677,true,osqp,optimal,75,4.396945,0,1.905258,geometric,false,0.699383,0.270856,0.708653,0.211347,,,0.739498,0.033161,3.291520,1.492060
head_on,context_ext,EESM-MPC-ECBF,52,5.200,0.879502,-0.517710,0.708653,0.211347,0.289839,-0.600000,0.080000,-0.500000,0.000000,child,approaching,distracted,,0.000000,0.625000,1.595677,0.995677,0.000000,0.000000,0.000000,0.000000,0.000000,0.000000,0.000000,0.995677,0.995677,0.995677,0.995677,0.000000,horizon_mpc_secbf,8,1.098935,true,osqp,optimal,75,4.335044,0,2.014992,geometric,false,0.698254,0.273755,0.696546,0.240576,,,0.736921,0.031638,3.365212,1.418357
head_on,context_ext,EESM-MPC-ECBF,53,5.300,0.949157,-0.493652,0.696546,0.240576,0.332557,-0.650000,0.080000,-0.500000,0.000000,child,approaching,distracted,,0.000000,0.625000,1.698935,1.098935,0.000000,0.000000,0.000000,0.000000,0.000000,0.000000,0.000000,1.098935,1.098935,1.098935,1.098935,0.000000,horizon_mpc_secbf,8,1.202846,true,osqp,optimal,75,3.112727,0,2.126332,geometric,false,0.697636,0.275326,0.686500,0.264829,,,0.735810,0.026251,3.438793,1.344731
head_on,context_ext,EESM-MPC-ECBF,54,5.400,1.017807,-0.467169,0.686500,0.264829,0.368176,-0.700000,0.080000,-0.500000,0.000000,child,approaching,distracted,,0.000000,0.625000,1.802846,1.202846,0.000000,0.000000,0.000000,0.000000,0.000000,0.000000,0.000000,1.202846,1.202846,1.202846,1.202846,0.000000,horizon_mpc_secbf,8,1.308548,true,osqp,optimal,75,3.073639,0,2.249920,geometric,false,0.697513,0.275637,0.684671,0.269246,,,0.735709,0.004781,3.512364,1.271152
head_on,context_ext,EESM-MPC-ECBF,55,5.500,1.086274,-0.440245,0.684671,0.269246,0.374673,-0.750000,0.080000,-0.500000,0.000000,child,approaching,distracted,,0.000000,0.625000,1.908548,1.308548,0.000000,0.000000,0.000000,0.000000,0.000000,0.000000,0.000000,1.308548,1.308548,1.308548,1.308548,0.000000,horizon_mpc_secbf,8,1.415977,true,osqp,optimal,75,2.832434,0,2.374416,geometric,false,0.697485,0.275709,0.684332,0.270063,,,0.735693,0.000884,3.585933,1.197581
head_on,context_ext,EESM-MPC-ECBF,56,5.600,1.154707,-0.413238,0.684332,0.270063,0.375874,-0.800000,0.080000,-0.500000,0.000000,child,approaching,distracted,,0.000000,0.625000,2.015977,1.415977,0.000000,0.000000,0.000000,0.000000,0.000000,0.000000,0.000000,1.415977,1.415977,1.415977,1.415977,0.000000,horizon_mpc_secbf,8,1.524910,true,osqp,optimal,75,3.082164,0,2.498136,geometric,false,0.697474,0.275734,0.684266,0.270224,,,0.735690,0.000175,3.659502,1.124012
head_on,context_ext,EESM-MPC-ECBF,57,5.700,1.223134,-0.386216,0.684266,0.270224,0.376112,-0.850000,0.080000,-0.500000,0.000000,child,approaching,distracted,,0.000000,0.625000,2.124910,1.524910,0.000000,0.000000,0.000000,0.000000,0.000000,0.000000,0.000000,1.524910,1.524910,1.524910,1.524910,0.000000,horizon_mpc_secbf,8,1.635132,true,osqp,optimal,75,3.827568,0,2.621004,geometric,false,0.697467,0.275752,0.684248,0.270266,,,0.735690,0.000046,3.733071,1.050443
head_on,context_ext,EESM-MPC-ECBF,58,5.800,1.291559,-0.359189,0.684248,0.270266,0.376174,-0.900000,0.080000,-0.500000,0.000000,child,approaching,distracted,,0.000000,0.625000,2.235132,1.635132,0.000000,0.000000,0.000000,0.000000,0.000000,0.000000,0.000000,1.635132,1.635132,1.635132,1.635132,0.000000,horizon_mpc_secbf,8,1.746465,true,osqp,optimal,75,3.251661,0,2.743175,geometric,false,0.697461,0.275769,0.684239,0.270288,,,0.735689,0.000023,3.806640,0.976874
head_on,context_ext,EESM-MPC-ECBF,59,5.900,1.359983,-0.332160,0.684239,0.270288,0.376206,-0.950000,0.080000,-0.500000,0.000000,child,approaching,distracted,,0.000000,0.625000,2.346465,1.746465,0.000000,0.000000,0.000000,0.000000,0.000000,0.000000,0.000000,1.746465,1.746465,1.746465,1.746465,0.000000,horizon_mpc_secbf,8,1.858756,true,osqp,optimal,75,4.629227,0,2.864804,geometric,false,0.697453,0.275788,0.684231,0.270307,,,0.735689,0.000020,3.880209,0.903305
head_on,context_ext,EESM-MPC-ECBF,60,6.000,1.428406,-0.305130,0.684231,0.270307,0.376233,-1.000000,0.080000,-0.500000,0.000000,child,approaching,distracted,,0.000000,0.625000,2.458756,1.858756,0.000000,0.000000,0.000000,0.000000,0.000000,0.000000,0.000000,1.858756,1.858756,1.858756,1.858756,0.000000,horizon_mpc_secbf,8,1.971880,true,osqp,optimal,75,4.528122,0,2.986019,geometric,false,0.697446,0.275807,0.684223,0.270326,,,0.735689,0.000021,3.953778,0.829736
head_on,context_ext,EESM-MPC-ECBF,61,6.100,1.496828,-0.278097,0.684223,0.270326,0.376262,-1.050000,0.080000,-0.500000,0.000000,child,approaching,distracted,,0.000000,0.625000,2.571880,1.971880,0.000000,0.000000,0.000000,0.000000,0.000000,0.000000,0.000000,1.971880,1.971880,1.971880,1.971880,0.000000,horizon_mpc_secbf,8,2.085732,true,osqp,optimal,75,3.972199,0,3.106918,geometric,false,0.697437,0.275829,0.684215,0.270347,,,0.735688,0.000023,4.027347,0.756167
head_on,context_ext,EESM-MPC-ECBF,62,6.200,1.565250,-0.251062,0.684215,0.270347,0.376293,-1.100000,0.080000,-0.500000,0.000000,child,approaching,distracted,,0.000000,0.625000,2.685732,2.085732,0.000000,0.000000,0.000000,0.000000,0.000000,0.000000,0.000000,2.085732,2.085732,2.085732,2.085732,0.000000,horizon_mpc_secbf,8,2.200223,true,osqp,optimal,75,3.346107,0,3.227578,geometric,false,0.697427,0.275853,0.684205,0.270371,,,0.735688,0.000025,4.100916,0.682598
head_on,context_ext,EESM-MPC-ECBF,63,6.300,1.633670,-0.224025,0.684205,0.270371,0.376327,-1.150000,0.080000,-0.500000,0.000000,child,approaching,distracted,,0.000000,0.625000,2.800223,2.200223,0.000000,0.000000,0.000000,0.000000,0.000000,0.000000,0.000000,2.200223,2.200223,2.200223,2.200223,0.000000,horizon_mpc_secbf,8,2.315278,true,osqp,optimal,75,3.369901,0,3.348060,geometric,false,0.697417,0.275880,0.684194,0.270397,,,0.735688,0.000028,4.174484,0.609030
head_on,context_ext,EESM-MPC-ECBF,64,6.400,1.702089,-0.196986,0.684194,0.270397,0.376366,-1.200000,0.080000,-0.500000,0.000000,child,approaching,distracted,,0.000000,0.625000,2.915278,2.315278,0.000000,0.000000,0.000000,0.000000,0.000000,0.000000,0.000000,2.315278,2.315278,2.315278,2.315278,0.000000,horizon_mpc_secbf,8,2.430831,true,osqp,optimal,75,3.156685,0,3.468409,geometric,false,0.697405,0.275911,0.684182,0.270426,,,0.735687,0.000032,4.248053,0.535461
head_on,context_ext,EESM-MPC-ECBF,65,6.500,1.770508,-0.169943,0.684182,0.270426,0.376409,-1.250000,0.080000,-0.500000,0.000000,child,approaching,distracted,,0.000000,0.625000,3.030831,2.430831,0.000000,0.000000,0.000000,0.000000,0.000000,0.000000,0.000000,2.430831,2.430831,2.430831,2.430831,0.000000,horizon_mpc_secbf,8,2.546829,true,osqp,optimal,75,3.896812,0,3.588661,geometric,false,0.697391,0.275946,0.684168,0.270461,,,0.735686,0.000037,4.321622,0.461892
head_on,context_ext,EESM-MPC-ECBF,66,6.600,1.838924,-0.142897,0.684168,0.270461,0.376460,-1.300000,0.080000,-0.500000,0.000000,child,approaching,distracted,,0.000000,0.625000,3.146829,2.546829,0.000000,0.000000,0.000000,0.000000,0.000000,0.000000,0.000000,2.546829,2.546829,2.546829,2.546829,0.000000,horizon_mpc_secbf,8,2.663222,true,osqp,optimal,75,3.043136,0,3.708845,geometric,false,0.697374,0.275988,0.684151,0.270501,,,0.735686,0.000044,4.395190,0.388323
head_on,context_ext,EESM-MPC-ECBF,67,6.700,1.907340,-0.115847,0.684151,0.270501,0.376520,-1.350000,0.080000,-0.500000,0.000000,child,approaching,distracted,,0.000000,0.625000,3.263222,2.663222,0.000000,0.000000,0.000000,0.000000,0.000000,0.000000,0.000000,2.663222,2.663222,2.663222,2.663222,0.000000,horizon_mpc_secbf,8,2.779970,true,osqp,optimal,75,4.174650,0,3.828980,geometric,false,0.697353,0.276041,0.684130,0.270551,,,0.735685,0.000054,4.468759,0.314755
head_on,context_ext,EESM-MPC-ECBF,68,6.800,1.975753,-0.088792,0.684130,0.270551,0.376593,-1.400000,0.080000,-0.500000,0.000000,child,approaching,distracted,,0.000000,0.625000,3.379970,2.779970,0.000000,0.000000,0.000000,0.000000,0.000000,0.000000,0.000000,2.779970,2.779970,2.779970,2.779970,0.000000,horizon_mpc_secbf,8,2.897036,true,osqp,optimal,75,4.508320,0,3.949081,geometric,false,0.697326,0.276109,0.684103,0.270617,,,0.735684,0.000070,4.542327,0.241186
head_on,context_ext,EESM-MPC-ECBF,69,6.900,2.044163,-0.061730,0.684103,0.270617,0.376689,-1.450000,0.080000,-0.500000,0.000000,child,approaching,distracted,,0.000000,0.625000,3.497036,2.897036,0.000000,0.000000,0.000000,0.000000,0.000000,0.000000,0.000000,2.897036,2.897036,2.897036,2.897036,0.000000,horizon_mpc_secbf,8,3.014388,true,osqp,optimal,75,4.342791,0,4.069157,geometric,false,0.697287,0.276209,0.684065,0.270710,,,0.735682,0.000101,4.615895,0.167618
head_on,context_ext,EESM-MPC-ECBF,70,7.000,2.112569,-0.034659,0.684065,0.270710,0.376826,-1.500000,0.080000,-0.500000,0.000000,child,approaching,distracted,,0.000000,0.625000,3.614388,3.014388,0.000000,0.000000,0.000000,0.000000,0.000000,0.000000,0.000000,3.014388,3.014388,3.014388,3.014388,0.000000,horizon_mpc_secbf,8,3.131997,true,osqp,optimal,75,3.357896,0,4.189196,geometric,false,0.697215,0.276389,0.683997,0.270874,,,0.735679,0.000178,4.689463,0.094050
head_on,context_ext,EESM-MPC-ECBF,71,7.100,2.180969,-0.007572,0.683997,0.270874,0.377068,-1.550000,0.080000,-0.500000,0.000000,child,approaching,distracted,,0.000000,0.625000,3.731997,3.131997,0.000000,0.000000,0.000000,0.000000,0.000000,0.000000,0.000000,3.131997,3.131997,3.131997,3.131997,0.000000,horizon_mpc_secbf,8,3.209242,true,osqp,optimal,50,3.075767,0,3.904234,geometric,false,0.190310,0.075717,0.275013,0.109201,,,0.295900,0.439780,4.719053,0.020482
head_on,context_ext,EESM-MPC-ECBF,72,7.200,2.208470,0.003348,0.275013,0.109201,0.377983,-1.600000,0.080000,-0.500000,0.000000,child,approaching,distracted,,0.000000,0.625000,3.809242,3.209242,0.000000,0.000000,0.000000,0.000000,0.000000,0.000000,0.000000,3.209242,3.209242,3.209242,3.209242,0.000000,horizon_mpc_secbf,8,3.256952,true,osqp,optimal,50,3.256387,0,3.686341,geometric,false,-0.084703,-0.033484,-0.022986,-0.009003,,,0.024686,0.320586,4.721522,0.009108
head_on,context_ext,EESM-MPC-ECBF,73,7.300,2.206172,0.002448,-0.022986,-0.009003,-2.768286,-1.650000,0.080000,-0.500000,0.000000,child,approaching,distracted,,0.000000,0.625000,3.856952,3.256952,0.000000,0.000000,0.000000,0.000000,0.000000,0.000000,0.000000,3.256952,3.256952,3.256952,3.256952,0.000000,horizon_mpc_secbf,8,3.301479,true,osqp,optimal,50,3.249615,0,3.702228,geometric,false,-0.061718,-0.024481,-0.055072,-0.021825,,,0.059239,0.034554,4.727446,0.006640
head_on,context_ext,EESM-MPC-ECBF,74,7.400,2.200665,0.000266,-0.055072,-0.021825,-2.764278,-1.700000,0.080000,-0.500000,0.000000,child,approaching,distracted,,0.000000,0.625000,3.901479,3.301479,0.000000,0.000000,0.000000,0.000000,0.000000,0.000000,0.000000,3.301479,3.301479,3.301479,3.301479,0.000000,horizon_mpc_secbf,8,3.349986,true,osqp,optimal,50,3.461504,0,3.786545,geometric,false,-0.006645,-0.002656,-0.014954,-0.005945,,,0.016092,0.043147,4.729055,0.000716
head_on,context_ext,EESM-MPC-ECBF,75,7.500,2.199169,-0.000329,-0.014954,-0.005945,-2.763225,-1.750000,0.080000,-0.500000,0.000000,child,approaching,distracted,,0.000000,0.625000,3.949986,3.349986,0.000000,0.000000,0.000000,0.000000,0.000000,0.000000,0.000000,3.349986,3.349986,3.349986,3.349986,0.000000,horizon_mpc_secbf,8,3.400404,true,osqp,optimal,50,3.134817,0,3.854164,geometric,false,0.008309,0.003289,0.004317,0.001705,,,0.004642,0.020734,4.729519,0.000894
head_on,context_ext,EESM-MPC-ECBF,76,7.600,2.199601,-0.000158,0.004317,0.001705,0.376062,-1.800000,0.080000,-0.500000,0.000000,child,approaching,distracted,,0.000000,0.625000,4.000404,3.400404,0.000000,0.000000,0.000000,0.000000,0.000000,0.000000,0.000000,3.400404,3.400404,3.400404,3.400404,0.000000,horizon_mpc_secbf,8,3.450795,true,osqp,optimal,25,4.777076,0,3.904314,geometric,false,0.003991,0.001584,0.004043,0.001605,,,0.004350,0.000292,4.729954,0.000429
head_on,context_ext,EESM-MPC-ECBF,77,7.700,2.200005,0.000002,0.004043,0.001605,0.377884,-1.850000,0.080000,-0.500000,0.000000,child,approaching,distracted,,0.000000,0.625000,4.050795,3.450795,0.000000,0.000000,0.000000,0.000000,0.000000,0.000000,0.000000,3.450795,3.450795,3.450795,3.450795,0.000000,horizon_mpc_secbf,8,3.500786,true,osqp,optimal,25,4.113916,0,3.950699,geometric,false,-0.000052,-0.000021,0.000002,-0.000002,,,0.000003,0.004349,4.729954,0.000006
head_on,context_ext,EESM-MPC-ECBF,78,7.800,2.200005,0.000002,0.000002,-0.000002,-0.912828,-1.900000,0.080000,-0.500000,0.000000,child,approaching,distracted,,0.000000,0.625000,4.100786,3.500786,0.000000,0.000000,0.000000,0.000000,0.000000,0.000000,0.000000,3.500786,3.500786,3.500786,3.500786,0.000000,horizon_mpc_secbf,8,3.550772,true,osqp,optimal,25,3.820091,0,4.000647,geometric,false,-0.000053,-0.000019,-0.000044,-0.000016,,,0.000047,0.000047,4.729959,0.000006
head_on,context_ext,EESM-MPC-ECBF,79,7.900,2.200001,0.000000,-0.000044,-0.000016,-2.794794,-1.950000,0.080000,-0.500000,0.000000,child,approaching,distracted,,0.000000,0.625000,4.150772,3.550772,0.000000,0.000000,0.000000,0.000000,0.000000,0.000000,0.000000,3.550772,3.550772,3.550772,3.550772,0.000000,horizon_mpc_secbf,8,3.600761,true,osqp,optimal,25,3.533811,0,4.050664,geometric,false,-0.000009,-0.000003,-0.000015,-0.000005,,,0.000016,0.000030,4.729961,0.000001
head_on,context_ext,EESM-MPC-ECBF,80,8.000,2.199999,-0.000000,-0.000015,-0.000005,-2.821113,-2.000000,0.080000,-0.500000,0.000000,child,approaching,distracted,,0.000000,0.625000,4.200761,3.600761,0.000000,0.000000,0.000000,0.000000,0.000000,0.000000,0.000000,3.600761,3.600761,3.600761,3.600761,0.000000,horizon_mpc_secbf,8,3.650753,true,osqp,optimal,25,2.818785,0,4.100673,geometric,false,0.000006,0.000002,0.000002,0.000001,,,0.000002,0.000019,4.729961,0.000001
head_on,context_ext,EESM-MPC-ECBF,81,8.100,2.200000,-0.000000,0.000002,0.000001,0.409080,-2.050000,0.080000,-0.500000,0.000000,child,approaching,distracted,,0.000000,0.625000,4.250753,3.650753,0.000000,0.000000,0.000000,0.000000,0.000000,0.000000,0.000000,3.650753,3.650753,3.650753,3.650753,0.000000,horizon_mpc_secbf,8,3.700744,true,osqp,optimal,25,4.004523,0,4.150667,geometric,false,0.000004,0.000001,0.000003,0.000001,,,0.000004,0.000001,4.729961,0.000000
head_on,context_ext,EESM-MPC-ECBF,82,8.200,2.200000,-0.000000,0.000003,0.000001,0.340852,-2.100000,0.080000,-0.500000,0.000000,child,approaching,distracted,,0.000000,0.625000,4.300744,3.700744,0.000000,0.000000,0.000000,0.000000,0.000000,0.000000,0.000000,3.700744,3.700744,3.700744,3.700744,0.000000,horizon_mpc_secbf,8,3.750736,true,osqp,optimal,25,3.842453,0,4.200658,geometric,false,0.000000,0.000000,0.000001,0.000000,,,0.000001,0.000003,4.729961,0.000000
head_on,context_ext,EESM-MPC-ECBF,83,8.300,2.200000,0.000000,0.000001,0.000000,0.304876,-2.150000,0.080000,-0.500000,0.000000,child,approaching,distracted,,0.000000,0.625000,4.350736,3.750736,0.000000,0.000000,0.000000,0.000000,0.000000,0.000000,0.000000,3.750736,3.750736,3.750736,3.750736,0.000000,horizon_mpc_secbf,8,3.800727,true,osqp,optimal,25,3.133974,0,4.250651,geometric,false,-0.000001,-0.000000,-0.000000,-0.000000,,,0.000000,0.000001,4.729961,0.000000
head_on,context_ext,EESM-MPC-ECBF,84,8.400,2.200000,0.000000,-0.000000,-0.000000,-2.769496,-2.200000,0.080000,-0.500000,0.000000,child,approaching,distracted,,0.000000,0.625000,4.400727,3.800727,0.000000,0.000000,0.000000,0.000000,0.000000,0.000000,0.000000,3.800727,3.800727,3.800727,3.800727,0.000000,horizon_mpc_secbf,8,3.850719,true,osqp,optimal,25,4.623251,0,4.300644,geometric,false,-0.000000,-0.000000,-0.000000,-0.000000,,,0.000000,0.000000,4.729961,0.000000
head_on,context_ext,EESM-MPC-ECBF,85,8.500,2.200000,-0.000000,-0.000000,-0.000000,-2.806913,-2.250000,0.080000,-0.500000,0.000000,child,approaching,distracted,,0.000000,0.625000,4.450719,3.850719,0.000000,0.000000,0.000000,0.000000,0.000000,0.000000,0.000000,3.850719,3.850719,3.850719,3.850719,0.000000,horizon_mpc_secbf,8,3.900711,true,osqp,optimal,25,3.649892,0,4.350638,geometric,false,0.000000,0.000000,-0.000000,0.000000,,,0.000000,0.000000,4.729961,0.000000
head_on,context_ext,EESM-MPC-ECBF,86,8.600,2.200000,-0.000000,-0.000000,0.000000,2.060932,-2.300000,0.080000,-0.500000,0.000000,child,approaching,distracted,,0.000000,0.625000,4.500711,3.900711,0.000000,0.000000,0.000000,0.000000,0.000000,0.000000,0.000000,3.900711,3.900711,3.900711,3.900711,0.000000,horizon_mpc_secbf,8,3.950703,true,osqp,optimal,25,3.630868,0,4.400632,geometric,false,0.000000,0.000000,0.000000,0.000000,,,0.000000,0.000000,4.729961,0.000000
head_on,context_ext,EESM-MPC-ECBF,87,8.700,2.200000,0.000000,0.000000,0.000000,0.156479,-2.350000,0.080000,-0.500000,0.000000,child,approaching,distracted,,0.000000,0.625000,4.550703,3.950703,0.000000,0.000000,0.000000,0.000000,0.000000,0.000000,0.000000,3.950703,3.950703,3.950703,3.950703,0.000000,horizon_mpc_secbf,8,4.000696,true,osqp,optimal,25,3.313642,0,4.450626,geometric,false,0.000000,0.000000,0.000000,0.000000,,,0.000000,0.000000,4.729961,0.000000
head_on,context_ext,EESM-MPC-ECBF,88,8.800,2.200000,0.000000,0.000000,0.000000,0.156400,-2.400000,0.080000,-0.500000,0.000000,child,approaching,distracted,,0.000000,0.625000,4.600696,4.000696,0.000000,0.000000,0.000000,0.000000,0.000000,0.000000,0.000000,4.000696,4.000696,4.000696,4.000696,0.000000,horizon_mpc_secbf,8,4.050688,true,osqp,optimal,25,2.886359,0,4.500620,geometric,false,0.000000,0.000000,0.000000,0.000000,,,0.000000,0.000000,4.729961,0.000000
head_on,context_ext,EESM-MPC-ECBF,89,8.900,2.200000,0.000000,0.000000,0.000000,0.156400,-2.450000,0.080000,-0.500000,0.000000,child,approaching,distracted,,0.000000,0.625000,4.650688,4.050688,0.000000,0.000000,0.000000,0.000000,0.000000,0.000000,0.000000,4.050688,4.050688,4.050688,4.050688,0.000000,horizon_mpc_secbf,8,4.100681,true,osqp,optimal,25,2.939295,0,4.550614,geometric,false,0.000000,0.000000,0.000000,0.000000,,,0.000000,0.000000,4.729961,0.000000
head_on,context_ext,EESM-MPC-ECBF,90,9.000,2.200000,0.000000,0.000000,0.000000,0.156400,-2.500000,0.080000,-0.500000,0.000000,child,approaching,distracted,,0.000000,0.625000,4.700681,4.100681,0.000000,0.000000,0.000000,0.000000,0.000000,0.000000,0.000000,4.100681,4.100681,4.100681,4.100681,0.000000,horizon_mpc_secbf,8,4.150674,true,osqp,optimal,25,3.085631,0,4.600608,geometric,false,0.000000,0.000000,0.000000,0.000000,,,0.000000,0.000000,4.729961,0.000000
head_on,context_ext,EESM-MPC-ECBF,91,9.100,2.200000,0.000000,0.000000,0.000000,0.156400,-2.550000,0.080000,-0.500000,0.000000,child,approaching,distracted,,0.000000,0.625000,4.750674,4.150674,0.000000,0.000000,0.000000,0.000000,0.000000,0.000000,0.000000,4.150674,4.150674,4.150674,4.150674,0.000000,horizon_mpc_secbf,8,4.200667,true,osqp,optimal,25,3.029756,0,4.650603,geometric,false,0.000000,0.000000,0.000000,0.000000,,,0.000000,0.000000,4.729961,0.000000
head_on,context_ext,EESM-MPC-ECBF,92,9.200,2.200000,0.000000,0.000000,0.000000,0.156400,-2.600000,0.080000,-0.500000,0.000000,child,approaching,distracted,,0.000000,0.625000,4.800667,4.200667,0.000000,0.000000,0.000000,0.000000,0.000000,0.000000,0.000000,4.200667,4.200667,4.200667,4.200667,0.000000,horizon_mpc_secbf,8,4.250660,true,osqp,optimal,25,3.091211,0,4.700597,geometric,false,0.000000,0.000000,0.000000,0.000000,,,0.000000,0.000000,4.729961,0.000000
head_on,context_ext,EESM-MPC-ECBF,93,9.300,2.200000,0.000000,0.000000,0.000000,0.156400,-2.650000,0.080000,-0.500000,0.000000,child,approaching,distracted,,0.000000,0.625000,4.850660,4.250660,0.000000,0.000000,0.000000,0.000000,0.000000,0.000000,0.000000,4.250660,4.250660,4.250660,4.250660,0.000000,horizon_mpc_secbf,8,4.300653,true,osqp,optimal,25,4.650105,0,4.750592,geometric,false,0.000000,0.000000,0.000000,0.000000,,,0.000000,0.000000,4.729961,0.000000
head_on,context_ext,EESM-MPC-ECBF,94,9.400,2.200000,0.000000,0.000000,0.000000,0.156400,-2.700000,0.080000,-0.500000,0.000000,child,approaching,distracted,,0.000000,0.625000,4.900653,4.300653,0.000000,0.000000,0.000000,0.000000,0.000000,0.000000,0.000000,4.300653,4.300653,4.300653,4.300653,0.000000,horizon_mpc_secbf,8,4.350646,true,osqp,optimal,25,3.794983,0,4.800586,geometric,false,0.000000,0.000000,0.000000,0.000000,,,0.000000,0.000000,4.729961,0.000000
head_on,context_ext,EESM-MPC-ECBF,95,9.500,2.200000,0.000000,0.000000,0.000000,0.156400,-2.750000,0.080000,-0.500000,0.000000,child,approaching,distracted,,0.000000,0.625000,4.950646,4.350646,0.000000,0.000000,0.000000,0.000000,0.000000,0.000000,0.000000,4.350646,4.350646,4.350646,4.350646,0.000000,horizon_mpc_secbf,8,4.400640,true,osqp,optimal,25,4.459424,0,4.850581,geometric,false,0.000000,0.000000,0.000000,0.000000,,,0.000000,0.000000,4.729961,0.000000
head_on,context_ext,EESM-MPC-ECBF,96,9.600,2.200000,0.000000,0.000000,0.000000,0.156400,-2.800000,0.080000,-0.500000,0.000000,child,approaching,distracted,,0.000000,0.625000,5.000640,4.400640,0.000000,0.000000,0.000000,0.000000,0.000000,0.000000,0.000000,4.400640,4.400640,4.400640,4.400640,0.000000,horizon_mpc_secbf,8,4.450634,true,osqp,optimal,25,3.135506,0,4.900576,geometric,false,0.000000,0.000000,0.000000,0.000000,,,0.000000,0.000000,4.729961,0.000000
head_on,context_ext,EESM-MPC-ECBF,97,9.700,2.200000,0.000000,0.000000,0.000000,0.156400,-2.850000,0.080000,-0.500000,0.000000,child,approaching,distracted,,0.000000,0.625000,5.050634,4.450634,0.000000,0.000000,0.000000,0.000000,0.000000,0.000000,0.000000,4.450634,4.450634,4.450634,4.450634,0.000000,horizon_mpc_secbf,8,4.500627,true,osqp,optimal,25,3.224235,0,4.950571,geometric,false,0.000000,0.000000,0.000000,0.000000,,,0.000000,0.000000,4.729961,0.000000
head_on,context_ext,EESM-MPC-ECBF,98,9.800,2.200000,0.000000,0.000000,0.000000,0.156400,-2.900000,0.080000,-0.500000,0.000000,child,approaching,distracted,,0.000000,0.625000,5.100627,4.500627,0.000000,0.000000,0.000000,0.000000,0.000000,0.000000,0.000000,4.500627,4.500627,4.500627,4.500627,0.000000,horizon_mpc_secbf,8,4.550621,true,osqp,optimal,25,3.097895,0,5.000566,geometric,false,0.000000,0.000000,0.000000,0.000000,,,0.000000,0.000000,4.729961,0.000000
head_on,context_ext,EESM-MPC-ECBF,99,9.900,2.200000,0.000000,0.000000,0.000000,0.156400,-2.950000,0.080000,-0.500000,0.000000,child,approaching,distracted,,0.000000,0.625000,5.150621,4.550621,0.000000,0.000000,0.000000,0.000000,0.000000,0.000000,0.000000,4.550621,4.550621,4.550621,4.550621,0.000000,horizon_mpc_secbf,8,4.600615,true,osqp,optimal,25,3.186106,0,5.050561,geometric,false,0.000000,0.000000,0.000000,0.000000,,,0.000000,0.000000,4.729961,0.000000
head_on,context_ext,EESM-MPC-ECBF,100,10.000,2.200000,0.000000,0.000000,0.000000,0.156400,-3.000000,0.080000,-0.500000,0.000000,child,approaching,distracted,,0.000000,0.625000,5.200615,4.600615,0.000000,0.000000,0.000000,0.000000,0.000000,0.000000,0.000000,4.600615,4.600615,4.600615,4.600615,0.000000,horizon_mpc_secbf,8,4.650609,true,osqp,optimal,25,2.982326,0,5.100556,geometric,false,0.000000,0.000000,0.000000,0.000000,,,0.000000,0.000000,4.729961,0.000000
head_on,context_ext,EESM-MPC-ECBF,101,10.100,2.200000,0.000000,0.000000,0.000000,0.156400,-3.050000,0.080000,-0.500000,0.000000,child,approaching,distracted,,0.000000,0.625000,5.250609,4.650609,0.000000,0.000000,0.000000,0.000000,0.000000,0.000000,0.000000,4.650609,4.650609,4.650609,4.650609,0.000000,horizon_mpc_secbf,8,4.700604,true,osqp,optimal,25,3.442671,0,5.150551,geometric,false,0.000000,0.000000,0.000000,0.000000,,,0.000000,0.000000,4.729961,0.000000
head_on,context_ext,EESM-MPC-ECBF,102,10.200,2.200000,0.000000,0.000000,0.000000,0.156400,-3.100000,0.080000,-0.500000,0.000000,child,approaching,distracted,,0.000000,0.625000,5.300604,4.700604,0.000000,0.000000,0.000000,0.000000,0.000000,0.000000,0.000000,4.700604,4.700604,4.700604,4.700604,0.000000,horizon_mpc_secbf,8,4.750598,true,osqp,optimal,25,4.593603,0,5.200547,geometric,false,0.000000,0.000000,0.000000,0.000000,,,0.000000,0.000000,4.729961,0.000000
head_on,context_ext,EESM-MPC-ECBF,103,10.300,2.200000,0.000000,0.000000,0.000000,0.156400,-3.150000,0.080000,-0.500000,0.000000,child,approaching,distracted,,0.000000,0.625000,5.350598,4.750598,0.000000,0.000000,0.000000,0.000000,0.000000,0.000000,0.000000,4.750598,4.750598,4.750598,4.750598,0.000000,horizon_mpc_secbf,8,4.800593,true,osqp,optimal,25,4.088483,0,5.250542,geometric,false,0.000000,0.000000,0.000000,0.000000,,,0.000000,0.000000,4.729961,0.000000
head_on,context_ext,EESM-MPC-ECBF,104,10.400,2.200000,0.000000,0.000000,0.000000,0.156400,-3.200000,0.080000,-0.500000,0.000000,child,approaching,distracted,,0.000000,0.625000,5.400593,4.800593,0.000000,0.000000,0.000000,0.000000,0.000000,0.000000,0.000000,4.800593,4.800593,4.800593,4.800593,0.000000,horizon_mpc_secbf,8,4.850587,true,osqp,optimal,25,4.142128,0,5.300538,geometric,false,0.000000,0.000000,0.000000,0.000000,,,0.000000,0.000000,4.729961,0.000000
head_on,context_ext,EESM-MPC-ECBF,105,10.500,2.200000,0.000000,0.000000,0.000000,0.156400,-3.250000,0.080000,-0.500000,0.000000,child,approaching,distracted,,0.000000,0.625000,5.450587,4.850587,0.000000,0.000000,0.000000,0.000000,0.000000,0.000000,0.000000,4.850587,4.850587,4.850587,4.850587,0.000000,horizon_mpc_secbf,8,4.900582,true,osqp,optimal,25,3.151150,0,5.350533,geometric,false,0.000000,0.000000,0.000000,0.000000,,,0.000000,0.000000,4.729961,0.000000
head_on,context_ext,EESM-MPC-ECBF,106,10.600,2.200000,0.000000,0.000000,0.000000,0.156400,-3.300000,0.080000,-0.500000,0.000000,child,approaching,distracted,,0.000000,0.625000,5.500582,4.900582,0.000000,0.000000,0.000000,0.000000,0.000000,0.000000,0.000000,4.900582,4.900582,4.900582,4.900582,0.000000,horizon_mpc_secbf,8,4.950577,true,osqp,optimal,25,3.051355,0,5.400529,geometric,false,0.000000,0.000000,0.000000,0.000000,,,0.000000,0.000000,4.729961,0.000000
head_on,context_ext,EESM-MPC-ECBF,107,10.700,2.200000,0.000000,0.000000,0.000000,0.156400,-3.350000,0.080000,-0.500000,0.000000,child,approaching,distracted,,0.000000,0.625000,5.550577,4.950577,0.000000,0.000000,0.000000,0.000000,0.000000,0.000000,0.000000,4.950577,4.950577,4.950577,4.950577,0.000000,horizon_mpc_secbf,8,5.000571,true,osqp,optimal,25,3.205472,0,5.450525,geometric,false,0.000000,0.000000,0.000000,0.000000,,,0.000000,0.000000,4.729961,0.000000
head_on,context_ext,EESM-MPC-ECBF,108,10.800,2.200000,0.000000,0.000000,0.000000,0.156400,-3.400000,0.080000,-0.500000,0.000000,child,approaching,distracted,,0.000000,0.625000,5.600571,5.000571,0.000000,0.000000,0.000000,0.000000,0.000000,0.000000,0.000000,5.000571,5.000571,5.000571,5.000571,0.000000,horizon_mpc_secbf,8,5.050566,true,osqp,optimal,25,3.767779,0,5.500520,geometric,false,0.000000,0.000000,0.000000,0.000000,,,0.000000,0.000000,4.729961,0.000000
head_on,context_ext,EESM-MPC-ECBF,109,10.900,2.200000,0.000000,0.000000,0.000000,0.156400,-3.450000,0.080000,-0.500000,0.000000,child,approaching,distracted,,0.000000,0.625000,5.650566,5.050566,0.000000,0.000000,0.000000,0.000000,0.000000,0.000000,0.000000,5.050566,5.050566,5.050566,5.050566,0.000000,horizon_mpc_secbf,8,5.100561,true,osqp,optimal,25,3.352087,0,5.550516,geometric,false,0.000000,0.000000,0.000000,0.000000,,,0.000000,0.000000,4.729961,0.000000
head_on,context_ext,EESM-MPC-ECBF,110,11.000,2.200000,0.000000,0.000000,0.000000,0.156400,-3.500000,0.080000,-0.500000,0.000000,child,approaching,distracted,,0.000000,0.625000,5.700561,5.100561,0.000000,0.000000,0.000000,0.000000,0.000000,0.000000,0.000000,5.100561,5.100561,5.100561,5.100561,0.000000,horizon_mpc_secbf,8,5.150556,true,osqp,optimal,25,3.589630,0,5.600512,geometric,false,0.000000,0.000000,0.000000,0.000000,,,0.000000,0.000000,4.729961,0.000000
head_on,context_ext,EESM-MPC-ECBF,111,11.100,2.200000,0.000000,0.000000,0.000000,0.156400,-3.550000,0.080000,-0.500000,0.000000,child,approaching,distracted,,0.000000,0.625000,5.750556,5.150556,0.000000,0.000000,0.000000,0.000000,0.000000,0.000000,0.000000,5.150556,5.150556,5.150556,5.150556,0.000000,horizon_mpc_secbf,8,5.200552,true,osqp,optimal,25,4.039579,0,5.650508,geometric,false,0.000000,0.000000,0.000000,0.000000,,,0.000000,0.000000,4.729961,0.000000
head_on,context_ext,EESM-MPC-ECBF,112,11.200,2.200000,0.000000,0.000000,0.000000,0.156400,-3.600000,0.080000,-0.500000,0.000000,child,approaching,distracted,,0.000000,0.625000,5.800552,5.200552,0.000000,0.000000,0.000000,0.000000,0.000000,0.000000,0.000000,5.200552,5.200552,5.200552,5.200552,0.000000,horizon_mpc_secbf,8,5.250547,true,osqp,optimal,25,3.966124,0,5.700504,geometric,false,0.000000,0.000000,0.000000,0.000000,,,0.000000,0.000000,4.729961,0.000000
head_on,context_ext,EESM-MPC-ECBF,113,11.300,2.200000,0.000000,0.000000,0.000000,0.156400,-3.650000,0.080000,-0.500000,0.000000,child,approaching,distracted,,0.000000,0.625000,5.850547,5.250547,0.000000,0.000000,0.000000,0.000000,0.000000,0.000000,0.000000,5.250547,5.250547,5.250547,5.250547,0.000000,horizon_mpc_secbf,8,5.300542,true,osqp,optimal,25,3.197899,0,5.750500,geometric,false,0.000000,0.000000,0.000000,0.000000,,,0.000000,0.000000,4.729961,0.000000
head_on,context_ext,EESM-MPC-ECBF,114,11.400,2.200000,0.000000,0.000000,0.000000,0.156400,-3.700000,0.080000,-0.500000,0.000000,child,approaching,distracted,,0.000000,0.625000,5.900542,5.300542,0.000000,0.000000,0.000000,0.000000,0.000000,0.000000,0.000000,5.300542,5.300542,5.300542,5.300542,0.000000,horizon_mpc_secbf,8,5.350538,true,osqp,optimal,25,2.977667,0,5.800496,geometric,false,0.000000,0.000000,0.000000,0.000000,,,0.000000,0.000000,4.729961,0.000000
head_on,context_ext,EESM-MPC-ECBF,115,11.500,2.200000,0.000000,0.000000,0.000000,0.156400,-3.750000,0.080000,-0.500000,0.000000,child,approaching,distracted,,0.000000,0.625000,5.950538,5.350538,0.000000,0.000000,0.000000,0.000000,0.000000,0.000000,0.000000,5.350538,5.350538,5.350538,5.350538,0.000000,horizon_mpc_secbf,8,5.400533,true,osqp,optimal,25,3.307090,0,5.850493,geometric,false,0.000000,0.000000,0.000000,0.000000,,,0.000000,0.000000,4.729961,0.000000
head_on,context_ext,EESM-MPC-ECBF,116,11.600,2.200000,0.000000,0.000000,0.000000,0.156400,-3.800000,0.080000,-0.500000,0.000000,child,approaching,distracted,,0.000000,0.625000,6.000533,5.400533,0.000000,0.000000,0.000000,0.000000,0.000000,0.000000,0.000000,5.400533,5.400533,5.400533,5.400533,0.000000,horizon_mpc_secbf,8,5.450529,true,osqp,optimal,25,2.888958,0,5.900489,geometric,false,0.000000,0.000000,0.000000,0.000000,,,0.000000,0.000000,4.729961,0.000000
head_on,context_ext,EESM-MPC-ECBF,117,11.700,2.200000,0.000000,0.000000,0.000000,0.156400,-3.850000,0.080000,-0.500000,0.000000,child,approaching,distracted,,0.000000,0.625000,6.050529,5.450529,0.000000,0.000000,0.000000,0.000000,0.000000,0.000000,0.000000,5.450529,5.450529,5.450529,5.450529,0.000000,horizon_mpc_secbf,8,5.500525,true,osqp,optimal,25,3.842904,0,5.950485,geometric,false,0.000000,0.000000,0.000000,0.000000,,,0.000000,0.000000,4.729961,0.000000
head_on,context_ext,EESM-MPC-ECBF,118,11.800,2.200000,0.000000,0.000000,0.000000,0.156400,-3.900000,0.080000,-0.500000,0.000000,child,approaching,distracted,,0.000000,0.625000,6.100525,5.500525,0.000000,0.000000,0.000000,0.000000,0.000000,0.000000,0.000000,5.500525,5.500525,5.500525,5.500525,0.000000,horizon_mpc_secbf,8,5.550520,true,osqp,optimal,25,3.182159,0,6.000482,geometric,false,0.000000,0.000000,0.000000,0.000000,,,0.000000,0.000000,4.729961,0.000000
head_on,context_ext,EESM-MPC-ECBF,119,11.900,2.200000,0.000000,0.000000,0.000000,0.156400,-3.950000,0.080000,-0.500000,0.000000,child,approaching,distracted,,0.000000,0.625000,6.150520,5.550520,0.000000,0.000000,0.000000,0.000000,0.000000,0.000000,0.000000,5.550520,5.550520,5.550520,5.550520,0.000000,horizon_mpc_secbf,8,5.600516,true,osqp,optimal,25,4.460483,0,6.050478,geometric,false,0.000000,0.000000,0.000000,0.000000,,,0.000000,0.000000,4.729961,0.000000
head_on,context_ext,SEESM w/o Feasibility-Preserving Update,0,0.000,-2.200000,0.000000,0.000000,0.000000,0.000000,2.000000,0.080000,-0.500000,0.000000,unknown,walking,unknown,7.202830,1.000000,0.625000,4.200762,3.600762,0.307125,0.307125,0.307125,0.307125,0.499897,0.807022,0.307125,3.600762,3.100865,2.793740,2.793740,0.000000,horizon_mpc_secbf,8,1.817905,true,osqp,optimal,75,3.860115,0,1.672926,accept,false,0.750000,0.000000,0.621017,-0.000000,,,0.621017,0.621017,0.062102,4.400000
head_on,context_ext,SEESM w/o Feasibility-Preserving Update,1,0.100,-2.137898,-0.000000,0.621017,-0.000000,-0.000000,1.950000,0.080000,-0.500000,0.000000,unknown,walking,unknown,3.112664,1.000000,0.625000,4.088681,3.488681,0.332414,0.332414,0.332414,0.332414,1.120721,1.453135,0.025289,3.488681,2.367960,2.035546,2.035546,0.000000,horizon_mpc_secbf,8,1.048273,true,osqp,optimal,75,4.690994,0,0.809680,accept,false,0.750000,0.000000,0.726100,-0.000000,,,0.726100,0.105084,0.134712,4.337898
head_on,context_ext,SEESM w/o Feasibility-Preserving Update,2,0.200,-2.065288,-0.000000,0.726100,-0.000000,-0.000000,1.900000,0.080000,-0.500000,0.000000,unknown,walking,unknown,2.745926,1.000000,0.625000,3.966095,3.366095,0.342866,0.342866,0.342866,0.342866,1.225739,1.568605,0.010452,3.366095,2.140356,1.797490,1.797490,0.000000,horizon_mpc_secbf,8,0.809287,true,osqp,optimal,75,3.048944,0,0.562153,accept,false,0.750000,0.000000,0.735588,-0.000000,,,0.735588,0.009488,0.208271,4.265288
head_on,context_ext,SEESM w/o Feasibility-Preserving Update,3,0.300,-1.991729,-0.000000,0.735588,-0.000000,-0.000000,1.850000,0.080000,-0.500000,0.000000,unknown,walking,unknown,2.624875,1.000000,0.625000,3.842562,3.242562,0.346316,0.346316,0.346316,0.346316,1.235194,1.581510,0.003450,3.242562,2.007369,1.661053,1.661053,0.000000,horizon_mpc_secbf,8,0.672870,true,osqp,optimal,75,3.392108,0,0.425732,accept,false,0.750000,0.000000,0.735588,-0.000000,,,0.735588,0.000000,0.281829,4.191729
head_on,context_ext,SEESM w/o Feasibility-Preserving Update,4,0.400,-1.918171,-0.000000,0.735588,-0.000000,-0.000000,1.800000,0.080000,-0.500000,0.000000,unknown,walking,unknown,2.524913,1.000000,0.625000,3.719031,3.119031,0.349165,0.349165,0.349165,0.349165,1.235160,1.584325,0.002849,3.119031,1.883871,1.534706,1.534706,0.000000,horizon_mpc_secbf,8,0.546546,true,osqp,optimal,75,3.365593,0,0.299403,accept,false,0.750000,0.000000,0.735588,-0.000000,,,0.735588,0.000000,0.355388,4.118171
head_on,context_ext,SEESM w/o Feasibility-Preserving Update,5,0.500,-1.844612,-0.000000,0.735588,-0.000000,-0.000000,1.750000,0.080000,-0.500000,0.000000,unknown,walking,unknown,2.424953,1.000000,0.625000,3.595502,2.995502,0.352014,0.352014,0.352014,0.352014,1.235122,1.587136,0.002849,2.995502,1.760379,1.408366,1.408366,0.000000,horizon_mpc_secbf,8,0.420232,true,osqp,optimal,75,3.352588,0,0.173083,accept,false,0.750000,0.000000,0.735588,-0.000000,,,0.735588,0.000000,0.428947,4.044612
head_on,context_ext,SEESM w/o Feasibility-Preserving Update,6,0.600,-1.771053,-0.000000,0.735588,-0.000000,-0.000000,1.700000,0.080000,-0.500000,0.000000,unknown,walking,unknown,2.324995,1.000000,0.625000,3.471975,2.871975,0.354863,0.354863,0.354863,0.354863,1.235079,1.589942,0.002849,2.871975,1.636896,1.282033,1.282033,0.000000,horizon_mpc_secbf,8,0.293929,true,osqp,optimal,75,3.628486,0,0.046773,accept,false,0.750000,0.000000,0.735588,-0.000000,,,0.735588,0.000000,0.502506,3.971053
head_on,context_ext,SEESM w/o Feasibility-Preserving Update,7,0.700,-1.697494,-0.000000,0.735588,-0.000000,-0.000000,1.650000,0.080000,-0.500000,0.000000,unknown,walking,unknown,2.225041,1.000000,0.625000,3.348450,2.748450,0.357711,0.357711,0.357711,0.357711,1.235030,1.592741,0.002849,2.748450,1.513420,1.155709,1.155709,0.000000,horizon_mpc_secbf,8,0.167638,true,osqp,optimal,75,3.857964,0,-0.079527,accept,false,0.750000,0.000000,0.735588,-0.000000,,,0.735588,0.000000,0.576065,3.897494
head_on,context_ext,SEESM w/o Feasibility-Preserving Update,8,0.800,-1.623935,-0.000000,0.735588,-0.000000,-0.000000,1.600000,0.080000,-0.500000,0.000000,unknown,walking,unknown,2.125089,1.000000,0.625000,3.224928,2.624928,0.360560,0.360560,0.360560,0.360560,1.234972,1.595532,0.002849,2.624928,1.389956,1.029396,1.029396,0.000000,horizon_mpc_secbf,8,0.041363,true,osqp,optimal,75,4.306043,0,-0.205812,accept,false,0.750000,0.000000,0.735588,-0.000000,,,0.735588,0.000000,0.649624,3.823935
head_on,context_ext,SEESM w/o Feasibility-Preserving Update,9,0.900,-1.550376,-0.000000,0.735588,-0.000000,-0.000000,1.550000,0.080000,-0.500000,0.000000,unknown,walking,unknown,2.025141,1.000000,0.625000,3.101408,2.501408,0.363408,0.363408,0.363408,0.363408,1.234905,1.598314,0.002849,2.501408,1.266503,0.903095,0.903095,0.000123,horizon_mpc_secbf,8,-0.000123,true,osqp,optimal,50,4.176326,0,-0.241856,accept,false,0.750000,0.000000,0.645556,-0.003884,,,0.645567,0.090116,0.714180,3.750376
head_on,context_ext,SEESM w/o Feasibility-Preserving Update,10,1.000,-1.485821,-0.000388,0.645556,-0.003884,-0.006016,1.500000,0.080000,-0.500000,0.000000,unknown,walking,unknown,2.084565,1.000000,0.625000,2.986903,2.386903,0.361715,0.361715,0.361715,0.361715,1.144709,1.506424,0.000000,2.386903,1.242194,0.880479,0.880479,0.000150,horizon_mpc_secbf,8,-0.000150,true,osqp,optimal,50,3.290037,0,-0.226979,accept,false,0.750000,0.000079,0.608160,-0.005613,,,0.608186,0.037435,0.774999,3.685821
head_on,context_ext,SEESM w/o Feasibility-Preserving Update,11,1.100,-1.425005,-0.000950,0.608160,-0.005613,-0.009230,1.450000,0.080000,-0.500000,0.000000,child,approaching,distracted,2.055092,1.000000,0.625000,2.876144,2.276144,0.672214,0.672214,0.672214,0.672214,1.107180,1.779394,0.310499,2.276144,1.168964,0.496750,0.496750,0.000640,horizon_mpc_secbf,8,-0.000640,true,osqp,optimal,50,3.028866,0,-0.197287,accept,false,0.750000,0.000197,0.195618,-0.023640,,,0.197042,0.412935,0.794703,3.625005
head_on,context_ext,SEESM w/o Feasibility-Preserving Update,12,1.200,-1.405443,-0.003314,0.195618,-0.023640,-0.120262,1.400000,0.080000,-0.500000,0.000000,child,approaching,distracted,3.176861,1.000000,0.625000,2.806680,2.206680,0.609114,0.609114,0.609114,0.609114,0.694146,1.303260,0.000000,2.206680,1.512534,0.903420,0.903420,0.000108,horizon_mpc_secbf,8,-0.000108,true,osqp,optimal,50,3.264160,0,-0.161117,accept,false,0.750000,0.000689,0.565340,-0.007590,,,0.565391,0.370070,0.851242,3.605445
head_on,context_ext,SEESM w/o Feasibility-Preserving Update,13,1.300,-1.348909,-0.004073,0.565340,-0.007590,-0.013424,1.350000,0.080000,-0.500000,0.000000,child,approaching,distracted,1.972801,1.000000,0.625000,2.700218,2.100218,0.676842,0.676842,0.676842,0.676842,1.064079,1.740922,0.067728,2.100218,1.036139,0.359296,0.359296,0.013946,horizon_mpc_secbf,8,0.040780,true,osqp,optimal,925,5.765617,0,-0.109328,accept,false,0.750000,0.000861,0.000657,-0.573128,,,0.573128,0.799187,0.908555,3.548911
head_on,context_ext,SEESM w/o Feasibility-Preserving Update,14,1.400,-1.348843,-0.061385,0.000657,-0.573128,-1.569650,1.300000,0.080000,-0.500000,0.000000,child,approaching,distracted,4.372868,1.000000,0.625000,2.652614,2.052614,0.562812,0.562812,0.562812,0.562812,0.388716,0.951529,0.000000,2.052614,1.663898,1.101085,1.101085,0.000000,horizon_mpc_secbf,8,0.127769,true,osqp,optimal,75,3.995992,0,-0.013693,accept,false,0.749888,0.012971,0.621040,-0.087588,,,0.627186,0.787797,0.971274,3.549374
head_on,context_ext,SEESM w/o Feasibility-Preserving Update,15,1.500,-1.286739,-0.070144,0.621040,-0.087588,-0.140110,1.250000,0.080000,-0.500000,0.000000,child,approaching,distracted,1.742677,1.000000,0.625000,2.541179,1.941179,0.689787,0.689787,0.689787,0.689787,1.105657,1.795444,0.126974,1.941179,0.835521,0.145735,0.145735,0.209166,horizon_mpc_secbf,8,-0.145830,true,osqp,optimal,4075,17.739522,0,-0.115534,accept,false,0.749848,0.015085,0.014796,-0.735589,,,0.735738,0.887377,1.044847,3.487445
head_on,context_ext,SEESM w/o Feasibility-Preserving Update,16,1.600,-1.285260,-0.143703,0.014796,-0.735589,-1.550685,1.200000,0.080000,-0.500000,0.000000,child,approaching,distracted,4.242173,1.000000,0.625000,2.495307,1.895307,0.562812,0.562812,0.562812,0.562812,0.303739,0.866552,0.000000,1.895307,1.591568,1.028756,1.028756,0.000000,horizon_mpc_secbf,8,0.059806,true,osqp,optimal,75,3.459200,0,-0.080746,accept,false,0.749363,0.030898,0.623044,-0.100613,,,0.631115,0.879295,1.107959,3.488221
head_on,context_ext,SEESM w/o Feasibility-Preserving Update,17,1.700,-1.222955,-0.153765,0.623044,-0.100613,-0.160105,1.150000,0.080000,-0.500000,0.000000,child,approaching,distracted,1.610842,1.000000,0.625000,2.384442,1.784442,0.697203,0.697203,0.697203,0.697203,1.090577,1.787779,0.134390,1.784442,0.693865,-0.003337,-0.003337,0.331638,horizon_mpc_secbf,8,-0.274719,true,osqp,optimal,5625,22.220986,0,-0.130055,accept,false,0.749244,0.033657,0.033039,-0.735589,,,0.736331,0.866776,1.181592,3.426407
head_on,context_ext,SEESM w/o Feasibility-Preserving Update,18,1.800,-1.219651,-0.227323,0.033039,-0.735589,-1.525912,1.100000,0.080000,-0.500000,0.000000,child,approaching,distracted,4.029371,1.000000,0.625000,2.339921,1.739921,0.562812,0.562812,0.562812,0.562812,0.271189,0.834002,0.000000,1.739921,1.468732,0.905920,0.905920,0.000080,horizon_mpc_secbf,8,-0.000024,true,osqp,optimal,50,3.682840,0,-0.132976,accept,false,0.748348,0.049747,0.561235,-0.099493,,,0.569986,0.826807,1.238591,3.427199
head_on,context_ext,SEESM w/o Feasibility-Preserving Update,19,1.900,-1.163528,-0.237273,0.561235,-0.099493,-0.175452,1.050000,0.080000,-0.500000,0.000000,child,approaching,distracted,1.578713,1.000000,0.625000,2.236150,1.636150,0.699010,0.699010,0.699010,0.699010,1.010804,1.709814,0.136197,1.636150,0.625346,-0.073664,-0.073664,0.366434,horizon_mpc_secbf,8,-0.319733,true,osqp,optimal,3500,13.160510,0,-0.149163,accept,false,0.748141,0.052776,0.051884,-0.735590,,,0.737417,0.814897,1.312332,3.371887
head_on,context_ext,SEESM w/o Feasibility-Preserving Update,20,2.000,-1.158340,-0.310832,0.051884,-0.735590,-1.500379,1.000000,0.080000,-0.500000,0.000000,child,approaching,distracted,3.867725,1.000000,0.625000,2.193440,1.593440,0.570253,0.570253,0.570253,0.570253,0.231420,0.801673,0.000000,1.593440,1.362020,0.791767,0.791767,0.000206,horizon_mpc_secbf,8,-0.000161,true,osqp,optimal,50,3.636799,0,-0.136120,accept,false,0.746808,0.069121,0.465397,-0.122653,,,0.481288,0.739381,1.360461,3.372693
head_on,context_ext,SEESM w/o Feasibility-Preserving Update,21,2.100,-1.111800,-0.323097,0.465397,-0.122653,-0.257686,0.950000,0.080000,-0.500000,0.000000,child,approaching,distracted,1.624411,1.000000,0.625000,2.100835,1.500835,0.696439,0.696439,0.696439,0.696439,0.884893,1.581333,0.126186,1.500835,0.615941,-0.080498,-0.080498,0.328696,horizon_mpc_secbf,8,-0.295257,true,osqp,optimal,6775,24.869481,0,-0.171795,accept,false,0.746456,0.072824,0.071758,-0.735590,,,0.739082,0.728453,1.434369,3.327523
head_on,context_ext,SEESM w/o Feasibility-Preserving Update,22,2.200,-1.104624,-0.396656,0.071758,-0.735590,-1.473553,0.900000,0.080000,-0.500000,0.000000,child,approaching,distracted,3.782873,1.000000,0.625000,2.060514,1.460514,0.575026,0.575026,0.575026,0.575026,0.183643,0.758668,0.000000,1.460514,1.276872,0.701846,0.701846,0.000290,horizon_mpc_secbf,8,-0.000257,true,osqp,optimal,50,3.227718,0,-0.149084,accept,false,0.744655,0.089381,0.411834,-0.155107,,,0.440074,0.672764,1.478377,3.328344
head_on,context_ext,SEESM w/o Feasibility-Preserving Update,23,2.300,-1.063441,-0.412167,0.411834,-0.155107,-0.360196,0.850000,0.080000,-0.500000,0.000000,child,approaching,distracted,1.629134,1.000000,0.625000,1.975724,1.375724,0.696174,0.696174,0.696174,0.696174,0.783171,1.479345,0.121148,1.375724,0.592552,-0.103622,-0.103622,0.298542,horizon_mpc_secbf,8,-0.279665,true,osqp,optimal,3225,14.641368,0,-0.196047,accept,false,0.744089,0.093977,0.092898,-0.735591,,,0.741433,0.662330,1.552520,3.289366
head_on,context_ext,SEESM w/o Feasibility-Preserving Update,24,2.400,-1.054151,-0.485726,0.092898,-0.735591,-1.445171,0.800000,0.080000,-0.500000,0.000000,child,approaching,distracted,3.798119,1.000000,0.625000,1.938536,1.338536,0.574168,0.574168,0.574168,0.574168,0.126304,0.700473,0.000000,1.338536,1.212231,0.638063,0.638063,0.000324,horizon_mpc_secbf,8,-0.000305,true,osqp,optimal,50,4.835695,0,-0.174282,accept,false,0.741782,0.110721,0.406854,-0.187470,,,0.447968,0.631668,1.597317,3.290202
head_on,context_ext,SEESM w/o Feasibility-Preserving Update,25,2.500,-1.013465,-0.504473,0.406854,-0.187470,-0.431781,0.750000,0.080000,-0.500000,0.000000,child,approaching,distracted,1.568665,1.000000,0.625000,1.857799,1.257799,0.699575,0.699575,0.699575,0.699575,0.704683,1.404258,0.125407,1.257799,0.553116,-0.146459,-0.146459,0.287063,horizon_mpc_secbf,8,-0.276669,true,osqp,optimal,3125,13.378249,0,-0.212196,accept,false,0.740926,0.116316,0.115472,-0.735591,,,0.744600,0.620758,1.671777,3.252822
head_on,context_ext,SEESM w/o Feasibility-Preserving Update,26,2.600,-1.001918,-0.578032,0.115472,-0.735591,-1.415088,0.700000,0.080000,-0.500000,0.000000,child,approaching,distracted,3.966185,1.000000,0.625000,1.824700,1.224700,0.564715,0.564715,0.564715,0.564715,0.057626,0.622341,0.000000,1.224700,1.167074,0.602359,0.602359,0.000301,horizon_mpc_secbf,8,-0.000296,true,osqp,optimal,50,3.472097,0,-0.209300,accept,false,0.738070,0.133241,0.453226,-0.213862,,,0.501150,0.621514,1.721892,3.253675
head_on,context_ext,SEESM w/o Feasibility-Preserving Update,27,2.700,-0.956596,-0.599418,0.453226,-0.213862,-0.440888,0.650000,0.080000,-0.500000,0.000000,child,approaching,distracted,1.440069,1.000000,0.625000,1.744350,1.144350,0.706809,0.706809,0.706809,0.706809,0.637625,1.344434,0.142094,1.144350,0.506725,-0.200084,-0.200084,0.291826,horizon_mpc_secbf,8,-0.285723,true,osqp,optimal,3925,17.791012,0,-0.210922,accept,false,0.736833,0.139920,0.139689,-0.735585,,,0.748732,0.608688,1.796765,3.213004
head_on,context_ext,SEESM w/o Feasibility-Preserving Update,28,2.800,-0.942627,-0.672977,0.139689,-0.735585,-1.383129,0.600000,0.080000,-0.500000,0.000000,child,approaching,distracted,4.427388,1.000000,0.625000,1.716587,1.116587,0.562812,0.562812,0.562812,0.562812,0.000000,0.562812,0.000000,1.116587,1.141009,0.578197,0.553774,0.000270,horizon_mpc_secbf,8,-0.000270,true,osqp,optimal,50,3.178679,0,-0.252879,accept,false,0.733373,0.157048,0.509259,-0.228102,,,0.558010,0.627791,1.852566,3.213876
head_on,context_ext,SEESM w/o Feasibility-Preserving Update,29,2.900,-0.891701,-0.695787,0.509259,-0.228102,-0.421114,0.550000,0.080000,-0.500000,0.000000,child,approaching,distracted,1.328576,1.000000,0.625000,1.637176,1.037176,0.713080,0.713080,0.713080,0.713080,0.544108,1.257188,0.150268,1.037176,0.493069,-0.220011,-0.220011,0.271872,horizon_mpc_secbf,8,-0.269097,true,osqp,optimal,4200,16.633293,0,-0.187657,accept,false,0.731700,0.164669,0.163900,-0.728309,,,0.746524,0.607848,1.927218,3.169027
head_on,context_ext,SEESM w/o Feasibility-Preserving Update,30,3.000,-0.875311,-0.768618,0.163900,-0.728309,-1.349442,0.500000,0.080000,-0.500000,0.000000,child,approaching,distracted,5.565850,1.000000,0.625000,1.616054,1.016054,0.562812,0.562812,0.562812,0.562812,0.000000,0.562812,0.000000,1.016054,1.129972,0.567160,0.453242,0.000278,horizon_mpc_secbf,8,-0.000271,true,osqp,optimal,50,3.947166,0,-0.305827,accept,false,0.727619,0.181855,0.550515,-0.256463,,,0.607322,0.610008,1.987950,3.169907
head_on,context_ext,SEESM w/o Feasibility-Preserving Update,31,3.100,-0.820259,-0.794264,0.550515,-0.256463,-0.435965,0.450000,0.080000,-0.500000,0.000000,child,approaching,distracted,1.308465,1.000000,0.625000,1.542043,0.942043,0.714211,0.714211,0.714211,0.714211,0.390161,1.104373,0.151399,0.942043,0.551881,-0.162330,-0.162330,0.182608,horizon_mpc_secbf,8,-0.181680,true,osqp,optimal,4000,15.608785,0,-0.140066,accept,false,0.725338,0.190748,0.188813,-0.717990,,,0.742401,0.586375,2.062191,3.122951
head_on,context_ext,SEESM w/o Feasibility-Preserving Update,32,3.200,-0.801378,-0.866063,0.188813,-0.717990,-1.313645,0.400000,0.080000,-0.500000,0.000000,child,approaching,distracted,9.583421,1.000000,0.625000,1.529165,0.929165,0.562812,0.562812,0.562812,0.562812,0.000000,0.562812,0.000000,0.929165,1.141205,0.578392,0.366352,0.000246,horizon_mpc_secbf,8,-0.000188,true,osqp,optimal,50,3.476998,0,-0.353209,accept,false,0.720600,0.207933,0.604620,-0.239268,,,0.650242,0.634090,2.127215,3.123833
head_on,context_ext,SEESM w/o Feasibility-Preserving Update,33,3.300,-0.740916,-0.889990,0.604620,-0.239268,-0.376822,0.350000,0.080000,-0.500000,0.000000,child,approaching,distracted,1.289987,1.000000,0.625000,1.459787,0.859787,0.715251,0.715251,0.715251,0.715251,0.250451,0.965702,0.152438,0.859787,0.609336,-0.105915,-0.105915,0.108945,horizon_mpc_secbf,8,-0.108811,true,osqp,optimal,2450,11.825116,0,-0.060508,accept,false,0.717849,0.217238,0.214107,-0.707512,,,0.739199,0.609715,2.201135,3.072632
head_on,context_ext,SEESM w/o Feasibility-Preserving Update,34,3.400,-0.719505,-0.960741,0.214107,-0.707512,-1.276937,0.300000,0.080000,-0.500000,0.000000,child,approaching,distracted,,0.000000,0.625000,1.456892,0.856892,0.337812,0.337812,0.337812,0.337812,0.000000,0.337812,0.000000,0.856892,0.856892,0.519079,0.519079,0.000000,horizon_mpc_secbf,8,0.087307,true,osqp,optimal,50,3.896222,0,-0.265175,accept,false,0.712417,0.234440,0.650902,-0.029572,,,0.651573,0.806468,2.266292,3.073521
head_on,context_ext,SEESM w/o Feasibility-Preserving Update,35,3.500,-0.654415,-0.963698,0.650902,-0.029572,-0.045402,0.250000,0.080000,-0.500000,0.000000,child,approaching,distracted,1.067939,1.000000,0.625000,1.381040,0.781040,0.727741,0.727741,0.727741,0.727741,0.279829,1.007570,0.389928,0.781040,0.501211,-0.226530,-0.226530,0.218249,horizon_mpc_secbf,8,-0.218227,true,osqp,optimal,2850,11.568610,0,0.037732,accept,false,0.710594,0.239908,0.235828,-0.698516,,,0.737252,0.787256,2.340017,3.012706
head_on,context_ext,SEESM w/o Feasibility-Preserving Update,36,3.600,-0.630832,-1.033550,0.235828,-0.698516,-1.245199,0.200000,0.080000,-0.500000,0.000000,child,approaching,distracted,,0.000000,0.625000,1.389344,0.789344,0.337812,0.337812,0.337812,0.337812,0.000000,0.337812,0.000000,0.789344,0.789344,0.451531,0.451531,0.000000,horizon_mpc_secbf,8,0.144130,true,osqp,optimal,50,3.370191,0,-0.221843,accept,false,0.704512,0.257221,0.653518,-0.020503,,,0.653839,0.796346,2.405401,3.013609
head_on,context_ext,SEESM w/o Feasibility-Preserving Update,37,3.700,-0.565481,-1.035600,0.653518,-0.020503,-0.031363,0.150000,0.080000,-0.500000,0.000000,child,approaching,distracted,1.197942,1.000000,0.625000,1.325321,0.725321,0.720428,0.720428,0.720428,0.720428,0.107698,0.828126,0.382616,0.725321,0.617624,-0.102805,-0.102805,0.081923,horizon_mpc_secbf,8,-0.081915,true,osqp,optimal,850,6.316957,0,0.150054,accept,false,0.702368,0.263019,0.258117,-0.689281,,,0.736025,0.776921,2.479004,2.953024
head_on,context_ext,SEESM w/o Feasibility-Preserving Update,38,3.800,-0.539669,-1.104528,0.258117,-0.689281,-1.212488,0.100000,0.080000,-0.500000,0.000000,child,approaching,distracted,,0.000000,0.625000,1.346211,0.746211,0.337812,0.337812,0.337812,0.337812,0.000000,0.337812,0.000000,0.746211,0.746211,0.408398,0.408398,0.000000,horizon_mpc_secbf,8,0.205572,true,osqp,optimal,50,4.915887,0,-0.136190,accept,false,0.695597,0.280438,0.654991,-0.004795,,,0.655008,0.791220,2.544504,2.953941
head_on,context_ext,SEESM w/o Feasibility-Preserving Update,39,3.900,-0.474170,-1.105008,0.654991,-0.004795,-0.007321,0.050000,0.080000,-0.500000,0.000000,child,approaching,distracted,1.503248,1.000000,0.625000,1.295761,0.695761,0.703255,0.703255,0.703255,0.703255,0.000000,0.703255,0.365442,0.695761,0.746687,0.043433,-0.007493,0.000407,horizon_mpc_secbf,8,-0.000413,true,osqp,optimal,125,4.669903,0,0.011945,accept,false,0.693154,0.286422,0.553486,-0.486803,,,0.737105,0.492579,2.618215,2.893480
head_on,context_ext,SEESM w/o Feasibility-Preserving Update,40,4.000,-0.418821,-1.153688,0.553486,-0.486803,-0.721385,0.000000,0.080000,-0.500000,0.000000,child,approaching,distracted,,0.000000,0.625000,1.302842,0.702842,0.337812,0.337812,0.337812,0.337812,0.000000,0.337812,0.000000,0.702842,0.702842,0.365030,0.365030,0.000000,horizon_mpc_secbf,8,0.255828,true,osqp,optimal,50,3.581223,0,-0.063420,accept,false,0.686350,0.302363,0.702970,0.044074,,,0.704350,0.551521,2.688650,2.861681
head_on,context_ext,SEESM w/o Feasibility-Preserving Update,41,4.100,-0.348524,-1.149281,0.702970,0.044074,0.062614,-0.050000,0.080000,-0.500000,0.000000,child,approaching,distracted,2.035456,1.000000,0.625000,1.265009,0.665009,0.673318,0.673318,0.673318,0.673318,0.000000,0.673318,0.335506,0.665009,0.890885,0.217567,-0.008309,0.000368,horizon_mpc_secbf,8,-0.000378,true,osqp,optimal,125,3.568620,0,0.013868,accept,false,0.683695,0.308319,0.669287,-0.306398,,,0.736088,0.352087,2.762259,2.795679
head_on,context_ext,SEESM w/o Feasibility-Preserving Update,42,4.200,-0.281595,-1.179921,0.669287,-0.306398,-0.429320,-0.100000,0.080000,-0.500000,0.000000,child,approaching,distracted,,0.000000,0.625000,1.272940,0.672940,0.337812,0.337812,0.337812,0.337812,0.000000,0.337812,0.000000,0.672940,0.672940,0.335128,0.335128,0.000000,horizon_mpc_secbf,8,0.295983,true,osqp,optimal,50,3.403628,0,0.071043,accept,false,0.677335,0.322052,0.719260,0.091079,,,0.725003,0.400607,2.834759,2.747822
head_on,context_ext,SEESM w/o Feasibility-Preserving Update,43,4.300,-0.209669,-1.170813,0.719260,0.091079,0.125959,-0.150000,0.080000,-0.500000,0.000000,child,approaching,distracted,4.375243,1.000000,0.625000,1.252235,0.652235,0.562812,0.562812,0.562812,0.562812,0.000000,0.562812,0.225000,0.652235,1.040009,0.477197,0.089423,0.000000,horizon_mpc_secbf,8,0.068839,true,osqp,optimal,50,3.243373,0,-0.131378,accept,false,0.674587,0.327769,0.726475,0.162543,,,0.744436,0.071827,2.909203,2.679050
head_on,context_ext,SEESM w/o Feasibility-Preserving Update,44,4.400,-0.137022,-1.154558,0.726475,0.162543,0.220117,-0.200000,0.080000,-0.500000,0.000000,child,approaching,distracted,6.371358,1.000000,0.625000,1.236164,0.636164,0.562812,0.562812,0.562812,0.562812,0.000000,0.562812,0.000000,0.636164,1.076874,0.514061,0.073351,0.000000,horizon_mpc_secbf,8,0.068099,true,osqp,optimal,50,3.823323,0,-0.040826,accept,false,0.672419,0.332195,0.723004,0.176714,,,0.744286,0.014590,2.983631,2.606660
head_on,context_ext,SEESM w/o Feasibility-Preserving Update,45,4.500,-0.064722,-1.136887,0.723004,0.176714,0.239717,-0.250000,0.080000,-0.500000,0.000000,child,approaching,distracted,,0.000000,0.625000,1.230911,0.630911,0.337812,0.337812,0.337812,0.337812,0.000000,0.337812,0.000000,0.630911,0.630911,0.293099,0.293099,0.000000,horizon_mpc_secbf,8,0.299394,true,osqp,optimal,50,3.364544,0,0.294390,accept,false,0.670284,0.336481,0.719816,0.184418,,,0.743065,0.008337,3.057938,2.534063
head_on,context_ext,SEESM w/o Feasibility-Preserving Update,46,4.600,0.007260,-1.118445,0.719816,0.184418,0.250807,-0.300000,0.080000,-0.500000,0.000000,child,approaching,distracted,,0.000000,0.625000,1.237206,0.637206,0.337812,0.337812,0.337812,0.337812,0.000000,0.337812,0.000000,0.637206,0.637206,0.299394,0.299394,0.000000,horizon_mpc_secbf,8,0.316857,true,osqp,optimal,50,4.373992,0,0.413977,accept,false,0.668108,0.340780,0.716060,0.193487,,,0.741741,0.009816,3.132112,2.461509
head_on,context_ext,SEESM w/o Feasibility-Preserving Update,47,4.700,0.078866,-1.099096,0.716060,0.193487,0.263908,-0.350000,0.080000,-0.500000,0.000000,child,approaching,distracted,,0.000000,0.625000,1.254669,0.654669,0.337812,0.337812,0.337812,0.337812,0.000000,0.337812,0.000000,0.654669,0.654669,0.316857,0.316857,0.000000,horizon_mpc_secbf,8,0.344704,true,osqp,optimal,50,3.794764,0,0.538276,accept,false,0.665912,0.345052,0.711301,0.204969,,,0.740244,0.012429,3.206136,2.388979
head_on,context_ext,SEESM w/o Feasibility-Preserving Update,48,4.800,0.149996,-1.078600,0.711301,0.204969,0.280560,-0.400000,0.080000,-0.500000,0.000000,child,approaching,distracted,,0.000000,0.625000,1.282517,0.682517,0.337812,0.337812,0.337812,0.337812,0.000000,0.337812,0.000000,0.682517,0.682517,0.344704,0.344704,0.000000,horizon_mpc_secbf,8,0.381950,true,osqp,optimal,50,4.200713,0,0.664039,accept,false,0.663735,0.349221,0.705566,0.218802,,,0.738714,0.014975,3.280008,2.316440
head_on,context_ext,SEESM w/o Feasibility-Preserving Update,49,4.900,0.220553,-1.056719,0.705566,0.218802,0.300705,-0.450000,0.080000,-0.500000,0.000000,child,approaching,distracted,,0.000000,0.625000,1.319762,0.719762,0.337812,0.337812,0.337812,0.337812,0.000000,0.337812,0.000000,0.719762,0.719762,0.381950,0.381950,0.000000,horizon_mpc_secbf,8,0.427521,true,osqp,optimal,50,3.332692,0,0.788985,accept,false,0.661624,0.353205,0.698978,0.234700,,,0.737329,0.017208,3.353741,2.243851
head_on,context_ext,SEESM w/o Feasibility-Preserving Update,50,5.000,0.290451,-1.033249,0.698978,0.234700,0.323947,-0.500000,0.080000,-0.500000,0.000000,child,approaching,distracted,,0.000000,0.625000,1.365334,0.765334,0.337812,0.337812,0.337812,0.337812,0.000000,0.337812,0.000000,0.765334,0.765334,0.427521,0.427521,0.000000,horizon_mpc_secbf,8,0.480351,true,osqp,optimal,50,3.377754,0,0.911698,accept,false,0.659627,0.356921,0.691677,0.252323,,,0.736264,0.019076,3.427367,2.171171
head_on,context_ext,SEESM w/o Feasibility-Preserving Update,51,5.100,0.359618,-1.008017,0.691677,0.252323,0.349798,-0.550000,0.080000,-0.500000,0.000000,child,approaching,distracted,,0.000000,0.625000,1.418163,0.818163,0.337812,0.337812,0.337812,0.337812,0.000000,0.337812,0.000000,0.818163,0.818163,0.480351,0.480351,0.000000,horizon_mpc_secbf,8,0.539434,true,osqp,optimal,50,3.187058,0,1.031487,accept,false,0.657794,0.360288,0.683806,0.271329,,,0.735670,0.020571,3.500934,2.098357
head_on,context_ext,SEESM w/o Feasibility-Preserving Update,52,5.200,0.427999,-0.980884,0.683806,0.271329,0.377738,-0.600000,0.080000,-0.500000,0.000000,child,approaching,distracted,,0.000000,0.625000,1.477246,0.877246,0.337812,0.337812,0.337812,0.337812,0.000000,0.337812,0.000000,0.877246,0.877246,0.539434,0.539434,0.000000,horizon_mpc_secbf,8,0.603870,true,osqp,optimal,50,3.725403,0,1.148201,accept,false,0.656177,0.363224,0.675504,0.291378,,,0.735668,0.021700,3.574501,2.025369
head_on,context_ext,SEESM w/o Feasibility-Preserving Update,53,5.300,0.495549,-0.951746,0.675504,0.291378,0.407236,-0.650000,0.080000,-0.500000,0.000000,child,approaching,distracted,,0.000000,0.625000,1.541682,0.941682,0.337812,0.337812,0.337812,0.337812,0.000000,0.337812,0.000000,0.941682,0.941682,0.603870,0.603870,0.000000,horizon_mpc_secbf,8,0.672877,true,osqp,optimal,50,3.836710,0,1.262068,accept,false,0.654829,0.365649,0.666916,0.312118,,,0.736338,0.022448,3.648135,1.952171
head_on,context_ext,SEESM w/o Feasibility-Preserving Update,54,5.400,0.562241,-0.920535,0.666916,0.312118,0.437723,-0.700000,0.080000,-0.500000,0.000000,child,approaching,distracted,,0.000000,0.625000,1.610690,1.010690,0.337812,0.337812,0.337812,0.337812,0.000000,0.337812,0.000000,1.010690,1.010690,0.672877,0.672877,0.000000,horizon_mpc_secbf,8,0.745815,true,osqp,optimal,50,4.338530,0,1.373679,accept,false,0.653802,0.367482,0.658252,0.333040,,,0.737707,0.022645,3.721905,1.878733
head_on,context_ext,SEESM w/o Feasibility-Preserving Update,55,5.500,0.628066,-0.887231,0.658252,0.333040,0.468393,-0.750000,0.080000,-0.500000,0.000000,child,approaching,distracted,,0.000000,0.625000,1.683627,1.083627,0.337812,0.337812,0.337812,0.337812,0.000000,0.337812,0.000000,1.083627,1.083627,0.745815,0.745815,0.000000,horizon_mpc_secbf,8,0.822259,true,osqp,optimal,50,4.047564,0,1.484632,accept,false,0.653145,0.368648,0.650139,0.352630,,,0.739614,0.021203,3.795867,1.805036
head_on,context_ext,SEESM w/o Feasibility-Preserving Update,56,5.600,0.693080,-0.851968,0.650139,0.352630,0.496983,-0.800000,0.080000,-0.500000,0.000000,child,approaching,distracted,,0.000000,0.625000,1.760071,1.160071,0.337812,0.337812,0.337812,0.337812,0.000000,0.337812,0.000000,1.160071,1.160071,0.822259,0.822259,0.000000,horizon_mpc_secbf,8,0.902473,true,osqp,optimal,50,3.984484,0,1.601643,accept,false,0.652879,0.369119,0.645641,0.363491,,,0.740931,0.011756,3.869960,1.731085
head_on,context_ext,SEESM w/o Feasibility-Preserving Update,57,5.700,0.757644,-0.815618,0.645641,0.363491,0.512764,-0.850000,0.080000,-0.500000,0.000000,child,approaching,distracted,,0.000000,0.625000,1.840286,1.240286,0.337812,0.337812,0.337812,0.337812,0.000000,0.337812,0.000000,1.240286,1.240286,0.902473,0.902473,0.000000,horizon_mpc_secbf,8,0.986699,true,osqp,optimal,50,3.129954,0,1.724767,accept,false,0.652850,0.369171,0.644852,0.365401,,,0.741183,0.002066,3.944078,1.656992
head_on,context_ext,SEESM w/o Feasibility-Preserving Update,58,5.800,0.822129,-0.779078,0.644852,0.365401,0.515531,-0.900000,0.080000,-0.500000,0.000000,child,approaching,distracted,,0.000000,0.625000,1.924512,1.324512,0.337812,0.337812,0.337812,0.337812,0.000000,0.337812,0.000000,1.324512,1.324512,0.986699,0.986699,0.000000,horizon_mpc_secbf,8,1.074556,true,osqp,optimal,50,2.908505,0,1.847801,accept,false,0.652865,0.369144,0.644729,0.365705,,,0.741225,0.000328,4.018201,1.582874
head_on,context_ext,SEESM w/o Feasibility-Preserving Update,59,5.900,0.886602,-0.742508,0.644729,0.365705,0.515970,-0.950000,0.080000,-0.500000,0.000000,child,approaching,distracted,,0.000000,0.625000,2.012368,1.412368,0.337812,0.337812,0.337812,0.337812,0.000000,0.337812,0.000000,1.412368,1.412368,1.074556,1.074556,0.000000,horizon_mpc_secbf,8,1.165610,true,osqp,optimal,50,3.114180,0,1.969818,accept,false,0.652890,0.369100,0.644725,0.365719,,,0.741229,0.000015,4.092324,1.508752
head_on,context_ext,SEESM w/o Feasibility-Preserving Update,60,6.000,0.951075,-0.705936,0.644725,0.365719,0.515990,-1.000000,0.080000,-0.500000,0.000000,child,approaching,distracted,,0.000000,0.625000,2.103423,1.503423,0.337812,0.337812,0.337812,0.337812,0.000000,0.337812,0.000000,1.503423,1.503423,1.165610,1.165610,0.000000,horizon_mpc_secbf,8,1.259468,true,osqp,optimal,75,2.982268,0,2.090798,accept,false,0.652917,0.369051,0.644730,0.365671,,,0.741210,0.000049,4.166445,1.434629
head_on,context_ext,SEESM w/o Feasibility-Preserving Update,61,6.100,1.015548,-0.669369,0.644730,0.365671,0.515929,-1.050000,0.080000,-0.500000,0.000000,child,approaching,distracted,,0.000000,0.625000,2.197280,1.597280,0.337812,0.337812,0.337812,0.337812,0.000000,0.337812,0.000000,1.597280,1.597280,1.259468,1.259468,0.000000,horizon_mpc_secbf,8,1.355786,true,osqp,optimal,75,4.076105,0,2.210897,accept,false,0.652947,0.368999,0.644752,0.365618,,,0.741203,0.000057,4.240565,1.360508
head_on,context_ext,SEESM w/o Feasibility-Preserving Update,62,6.200,1.080023,-0.632807,0.644752,0.365618,0.515852,-1.100000,0.080000,-0.500000,0.000000,child,approaching,distracted,,0.000000,0.625000,2.293598,1.693598,0.337812,0.337812,0.337812,0.337812,0.000000,0.337812,0.000000,1.693598,1.693598,1.355786,1.355786,0.000000,horizon_mpc_secbf,8,1.454268,true,osqp,optimal,75,3.367410,0,2.330265,accept,false,0.652978,0.368944,0.644776,0.365561,,,0.741195,0.000062,4.314684,1.286388
head_on,context_ext,SEESM w/o Feasibility-Preserving Update,63,6.300,1.144500,-0.596251,0.644776,0.365561,0.515769,-1.150000,0.080000,-0.500000,0.000000,child,approaching,distracted,,0.000000,0.625000,2.392080,1.792080,0.337812,0.337812,0.337812,0.337812,0.000000,0.337812,0.000000,1.792080,1.792080,1.454268,1.454268,0.000000,horizon_mpc_secbf,8,1.554657,true,osqp,optimal,75,4.666285,0,2.449041,accept,false,0.653011,0.368885,0.644801,0.365500,,,0.741187,0.000066,4.388803,1.212268
head_on,context_ext,SEESM w/o Feasibility-Preserving Update,64,6.400,1.208981,-0.559701,0.644801,0.365500,0.515681,-1.200000,0.080000,-0.500000,0.000000,child,approaching,distracted,,0.000000,0.625000,2.492470,1.892470,0.337812,0.337812,0.337812,0.337812,0.000000,0.337812,0.000000,1.892470,1.892470,1.554657,1.554657,0.000000,horizon_mpc_secbf,8,1.656733,true,osqp,optimal,75,4.068436,0,2.567347,accept,false,0.653046,0.368823,0.644828,0.365435,,,0.741178,0.000070,4.462921,1.138150
head_on,context_ext,SEESM w/o Feasibility-Preserving Update,65,6.500,1.273463,-0.523158,0.644828,0.365435,0.515587,-1.250000,0.080000,-0.500000,0.000000,child,approaching,distracted,,0.000000,0.625000,2.594545,1.994545,0.337812,0.337812,0.337812,0.337812,0.000000,0.337812,0.000000,1.994545,1.994545,1.656733,1.656733,0.000000,horizon_mpc_secbf,8,1.760304,true,osqp,optimal,75,3.700159,0,2.685287,accept,false,0.653084,0.368756,0.644857,0.365365,,,0.741169,0.000075,4.537038,1.064032
head_on,context_ext,SEESM w/o Feasibility-Preserving Update,66,6.600,1.337949,-0.486621,0.644857,0.365365,0.515486,-1.300000,0.080000,-0.500000,0.000000,child,approaching,distracted,,0.000000,0.625000,2.698117,2.098117,0.337812,0.337812,0.337812,0.337812,0.000000,0.337812,0.000000,2.098117,2.098117,1.760304,1.760304,0.000000,horizon_mpc_secbf,8,1.865206,true,osqp,optimal,75,3.243173,0,2.802948,accept,false,0.653125,0.368684,0.644888,0.365290,,,0.741159,0.000081,4.611154,0.989915
head_on,context_ext,SEESM w/o Feasibility-Preserving Update,67,6.700,1.402438,-0.450092,0.644888,0.365290,0.515377,-1.350000,0.080000,-0.500000,0.000000,child,approaching,distracted,,0.000000,0.625000,2.803018,2.203018,0.337812,0.337812,0.337812,0.337812,0.000000,0.337812,0.000000,2.203018,2.203018,1.865206,1.865206,0.000000,horizon_mpc_secbf,8,1.971294,true,osqp,optimal,75,3.907632,0,2.920400,accept,false,0.653169,0.368606,0.644921,0.365209,,,0.741149,0.000088,4.685269,0.915799
head_on,context_ext,SEESM w/o Feasibility-Preserving Update,68,6.800,1.466930,-0.413571,0.644921,0.365209,0.515260,-1.400000,0.080000,-0.500000,0.000000,child,approaching,distracted,,0.000000,0.625000,2.909106,2.309106,0.337812,0.337812,0.337812,0.337812,0.000000,0.337812,0.000000,2.309106,2.309106,1.971294,1.971294,0.000000,horizon_mpc_secbf,8,2.078444,true,osqp,optimal,75,3.552581,0,3.037704,accept,false,0.653217,0.368521,0.644958,0.365121,,,0.741137,0.000095,4.759382,0.841685
head_on,context_ext,SEESM w/o Feasibility-Preserving Update,69,6.900,1.531426,-0.377059,0.644958,0.365121,0.515133,-1.450000,0.080000,-0.500000,0.000000,child,approaching,distracted,,0.000000,0.625000,3.016256,2.416256,0.337812,0.337812,0.337812,0.337812,0.000000,0.337812,0.000000,2.416256,2.416256,2.078444,2.078444,0.000000,horizon_mpc_secbf,8,2.186547,true,osqp,optimal,75,3.860930,0,3.154907,accept,false,0.653270,0.368427,0.644998,0.365025,,,0.741124,0.000105,4.833495,0.767571
head_on,context_ext,SEESM w/o Feasibility-Preserving Update,70,7.000,1.595925,-0.340556,0.644998,0.365025,0.514993,-1.500000,0.080000,-0.500000,0.000000,child,approaching,distracted,,0.000000,0.625000,3.124359,2.524359,0.337812,0.337812,0.337812,0.337812,0.000000,0.337812,0.000000,2.524359,2.524359,2.186547,2.186547,0.000000,horizon_mpc_secbf,8,2.295508,true,osqp,optimal,75,3.185004,0,3.272048,accept,false,0.653328,0.368324,0.645042,0.364918,,,0.741110,0.000116,4.907606,0.693459
head_on,context_ext,SEESM w/o Feasibility-Preserving Update,71,7.100,1.660430,-0.304065,0.645042,0.364918,0.514838,-1.550000,0.080000,-0.500000,0.000000,child,approaching,distracted,,0.000000,0.625000,3.233321,2.633321,0.337812,0.337812,0.337812,0.337812,0.000000,0.337812,0.000000,2.633321,2.633321,2.295508,2.295508,0.000000,horizon_mpc_secbf,8,2.405245,true,osqp,optimal,75,4.708549,0,3.389161,accept,false,0.653394,0.368208,0.645092,0.364798,,,0.741094,0.000130,4.981715,0.619348
head_on,context_ext,SEESM w/o Feasibility-Preserving Update,72,7.200,1.724939,-0.267585,0.645092,0.364798,0.514664,-1.600000,0.080000,-0.500000,0.000000,child,approaching,distracted,,0.000000,0.625000,3.343057,2.743057,0.337812,0.337812,0.337812,0.337812,0.000000,0.337812,0.000000,2.743057,2.743057,2.405245,2.405245,0.000000,horizon_mpc_secbf,8,2.515684,true,osqp,optimal,75,4.042477,0,3.506272,accept,false,0.653468,0.368075,0.645148,0.364662,,,0.741077,0.000147,5.055823,0.545238
head_on,context_ext,SEESM w/o Feasibility-Preserving Update,73,7.300,1.789454,-0.231119,0.645148,0.364662,0.514467,-1.650000,0.080000,-0.500000,0.000000,child,approaching,distracted,,0.000000,0.625000,3.453496,2.853496,0.337812,0.337812,0.337812,0.337812,0.000000,0.337812,0.000000,2.853496,2.853496,2.515684,2.515684,0.000000,horizon_mpc_secbf,8,2.626761,true,osqp,optimal,75,4.307891,0,3.623403,accept,false,0.653555,0.367921,0.645213,0.364504,,,0.741056,0.000171,5.129928,0.471131
head_on,context_ext,SEESM w/o Feasibility-Preserving Update,74,7.400,1.853975,-0.194668,0.645213,0.364504,0.514238,-1.700000,0.080000,-0.500000,0.000000,child,approaching,distracted,,0.000000,0.625000,3.564573,2.964573,0.337812,0.337812,0.337812,0.337812,0.000000,0.337812,0.000000,2.964573,2.964573,2.626761,2.626761,0.000000,horizon_mpc_secbf,8,2.738419,true,osqp,optimal,75,3.144139,0,3.740574,accept,false,0.653658,0.367738,0.645291,0.364317,,,0.741031,0.000202,5.204032,0.397025
head_on,context_ext,SEESM w/o Feasibility-Preserving Update,75,7.500,1.918504,-0.158236,0.645291,0.364317,0.513967,-1.750000,0.080000,-0.500000,0.000000,child,approaching,distracted,,0.000000,0.625000,3.676232,3.076232,0.337812,0.337812,0.337812,0.337812,0.000000,0.337812,0.000000,3.076232,3.076232,2.738419,2.738419,0.000000,horizon_mpc_secbf,8,2.850610,true,osqp,optimal,75,2.946343,0,3.857803,accept,false,0.653786,0.367511,0.645386,0.364087,,,0.741001,0.000249,5.278132,0.322922
head_on,context_ext,SEESM w/o Feasibility-Preserving Update,76,7.600,1.983043,-0.121828,0.645386,0.364087,0.513634,-1.800000,0.080000,-0.500000,0.000000,child,approaching,distracted,,0.000000,0.625000,3.788423,3.188423,0.337812,0.337812,0.337812,0.337812,0.000000,0.337812,0.000000,3.188423,3.188423,2.850610,2.850610,0.000000,horizon_mpc_secbf,8,2.963291,true,osqp,optimal,75,3.120427,0,3.975113,accept,false,0.653953,0.367213,0.645510,0.363789,,,0.740962,0.000323,5.352228,0.248822
head_on,context_ext,SEESM w/o Feasibility-Preserving Update,77,7.700,2.047594,-0.085449,0.645510,0.363789,0.513200,-1.850000,0.080000,-0.500000,0.000000,child,approaching,distracted,,0.000000,0.625000,3.901104,3.301104,0.337812,0.337812,0.337812,0.337812,0.000000,0.337812,0.000000,3.301104,3.301104,2.963291,2.963291,0.000000,horizon_mpc_secbf,8,3.076427,true,osqp,optimal,75,3.379379,0,4.092536,accept,false,0.654194,0.366784,0.645686,0.363363,,,0.740907,0.000461,5.426319,0.174726
head_on,context_ext,SEESM w/o Feasibility-Preserving Update,78,7.800,2.112162,-0.049113,0.645686,0.363363,0.512583,-1.900000,0.080000,-0.500000,0.000000,child,approaching,distracted,,0.000000,0.625000,4.014239,3.414239,0.337812,0.337812,0.337812,0.337812,0.000000,0.337812,0.000000,3.414239,3.414239,3.076427,3.076427,0.000000,horizon_mpc_secbf,8,3.189993,true,osqp,optimal,75,4.027318,0,4.210163,accept,false,0.654623,0.366018,0.645993,0.362623,,,0.740812,0.000801,5.500400,0.100636
head_on,context_ext,SEESM w/o Feasibility-Preserving Update,79,7.900,2.176762,-0.012850,0.645993,0.362623,0.511510,-1.950000,0.080000,-0.500000,0.000000,child,approaching,distracted,,0.000000,0.625000,4.127806,3.527806,0.337812,0.337812,0.337812,0.337812,0.000000,0.337812,0.000000,3.527806,3.527806,3.189993,3.189993,0.000000,horizon_mpc_secbf,8,3.269970,true,osqp,optimal,50,4.447320,0,3.989344,accept,false,0.232384,0.128503,0.303348,0.168671,,,0.347088,0.393729,5.535109,0.026555
head_on,context_ext,SEESM w/o Feasibility-Preserving Update,80,8.000,2.207096,0.004017,0.303348,0.168671,0.507463,-2.000000,0.080000,-0.500000,0.000000,child,approaching,distracted,,0.000000,0.625000,4.207782,3.607782,0.337812,0.337812,0.337812,0.337812,0.000000,0.337812,0.000000,3.607782,3.607782,3.269970,3.269970,0.000000,horizon_mpc_secbf,8,3.319296,true,osqp,optimal,50,4.521722,0,3.763226,accept,false,-0.070964,-0.040169,-0.006742,-0.004337,,,0.008017,0.355089,5.535910,0.008154
head_on,context_ext,SEESM w/o Feasibility-Preserving Update,81,8.100,2.206422,0.003583,-0.006742,-0.004337,-2.569901,-2.050000,0.080000,-0.500000,0.000000,child,approaching,distracted,,0.000000,0.625000,4.257108,3.657108,0.337812,0.337812,0.337812,0.337812,0.000000,0.337812,0.000000,3.657108,3.657108,3.319296,3.319296,0.000000,horizon_mpc_secbf,8,3.363908,true,osqp,optimal,50,4.366607,0,3.765410,accept,false,-0.064222,-0.035831,-0.054360,-0.030428,,,0.062296,0.054297,5.542140,0.007354
head_on,context_ext,SEESM w/o Feasibility-Preserving Update,82,8.200,2.200986,0.000540,-0.054360,-0.030428,-2.631296,-2.100000,0.080000,-0.500000,0.000000,child,approaching,distracted,,0.000000,0.625000,4.301720,3.701720,0.337812,0.337812,0.337812,0.337812,0.000000,0.337812,0.000000,3.701720,3.701720,3.363908,3.363908,0.000000,horizon_mpc_secbf,8,3.412168,true,osqp,optimal,50,4.112114,0,3.846508,accept,false,-0.009862,-0.005403,-0.017497,-0.009697,,,0.020004,0.042293,5.544140,0.001125
head_on,context_ext,SEESM w/o Feasibility-Preserving Update,83,8.300,2.199237,-0.000429,-0.017497,-0.009697,-2.635516,-2.150000,0.080000,-0.500000,0.000000,child,approaching,distracted,,0.000000,0.625000,4.349980,3.749980,0.337812,0.337812,0.337812,0.337812,0.000000,0.337812,0.000000,3.749980,3.749980,3.412168,3.412168,0.000000,horizon_mpc_secbf,8,3.462488,true,osqp,optimal,50,3.681335,0,3.915369,accept,false,0.007635,0.004293,0.003323,0.001893,,,0.003824,0.023828,5.544523,0.000876
head_on,context_ext,SEESM w/o Feasibility-Preserving Update,84,8.400,2.199569,-0.000240,0.003323,0.001893,0.517874,-2.200000,0.080000,-0.500000,0.000000,child,approaching,distracted,,0.000000,0.625000,4.400300,3.800300,0.337812,0.337812,0.337812,0.337812,0.000000,0.337812,0.000000,3.800300,3.800300,3.462488,3.462488,0.000000,horizon_mpc_secbf,8,3.512889,true,osqp,optimal,25,3.151129,0,3.966500,accept,false,0.004312,0.002400,0.004138,0.002313,,,0.004740,0.000917,5.544997,0.000493
head_on,context_ext,SEESM w/o Feasibility-Preserving Update,85,8.500,2.199983,-0.000009,0.004138,0.002313,0.509801,-2.250000,0.080000,-0.500000,0.000000,child,approaching,distracted,,0.000000,0.625000,4.450702,3.850702,0.337812,0.337812,0.337812,0.337812,0.000000,0.337812,0.000000,3.850702,3.850702,3.512889,3.512889,0.000000,horizon_mpc_secbf,8,3.562966,true,osqp,optimal,25,3.699727,0,4.013654,accept,false,0.000174,0.000087,0.000854,0.000469,,,0.000974,0.003766,5.545094,0.000019
head_on,context_ext,SEESM w/o Feasibility-Preserving Update,86,8.600,2.200068,0.000038,0.000854,0.000469,0.502283,-2.300000,0.080000,-0.500000,0.000000,child,approaching,distracted,,0.000000,0.625000,4.500778,3.900778,0.337812,0.337812,0.337812,0.337812,0.000000,0.337812,0.000000,3.900778,3.900778,3.562966,3.562966,0.000000,horizon_mpc_secbf,8,3.612917,true,osqp,optimal,25,3.170922,0,4.062475,accept,false,-0.000680,-0.000382,-0.000416,-0.000236,,,0.000478,0.001452,5.545142,0.000078
head_on,context_ext,SEESM w/o Feasibility-Preserving Update,87,8.700,2.200026,0.000015,-0.000416,-0.000236,-2.625523,-2.350000,0.080000,-0.500000,0.000000,child,approaching,distracted,,0.000000,0.625000,4.550729,3.950729,0.337812,0.337812,0.337812,0.337812,0.000000,0.337812,0.000000,3.950729,3.950729,3.612917,3.612917,0.000000,horizon_mpc_secbf,8,3.662881,true,osqp,optimal,25,3.607198,0,4.112553,accept,false,-0.000264,-0.000146,-0.000290,-0.000161,,,0.000332,0.000147,5.545175,0.000030
head_on,context_ext,SEESM w/o Feasibility-Preserving Update,88,8.800,2.199997,-0.000002,-0.000290,-0.000161,-2.633030,-2.400000,0.080000,-0.500000,0.000000,child,approaching,distracted,,0.000000,0.625000,4.600693,4.000693,0.337812,0.337812,0.337812,0.337812,0.000000,0.337812,0.000000,4.000693,4.000693,3.662881,3.662881,0.000000,horizon_mpc_secbf,8,3.712873,true,osqp,optimal,25,4.166235,0,4.162804,accept,false,0.000026,0.000015,-0.000001,0.000002,,,0.000002,0.000332,5.545175,0.000003
head_on,context_ext,SEESM w/o Feasibility-Preserving Update,89,8.900,2.199997,-0.000001,-0.000001,0.000002,2.034092,-2.450000,0.080000,-0.500000,0.000000,child,approaching,distracted,,0.000000,0.625000,4.650685,4.050685,0.337812,0.337812,0.337812,0.337812,0.000000,0.337812,0.000000,4.050685,4.050685,3.712873,3.712873,0.000000,horizon_mpc_secbf,8,3.762868,true,osqp,optimal,25,3.992019,0,4.212821,accept,false,0.000027,0.000014,0.000022,0.000012,,,0.000025,0.000025,5.545178,0.000003
head_on,context_ext,SEESM w/o Feasibility-Preserving Update,90,9.000,2.200000,-0.000000,0.000022,0.000012,0.493768,-2.500000,0.080000,-0.500000,0.000000,child,approaching,distracted,,0.000000,0.625000,4.700680,4.100680,0.337812,0.337812,0.337812,0.337812,0.000000,0.337812,0.000000,4.100680,4.100680,3.762868,3.762868,0.000000,horizon_mpc_secbf,8,3.812861,true,osqp,optimal,25,3.731797,0,4.262803,accept,false,0.000005,0.000002,0.000008,0.000004,,,0.000009,0.000016,5.545179,0.000001
head_on,context_ext,SEESM w/o Feasibility-Preserving Update,91,9.100,2.200000,0.000000,0.000008,0.000004,0.457850,-2.550000,0.080000,-0.500000,0.000000,child,approaching,distracted,,0.000000,0.625000,4.750674,4.150674,0.337812,0.337812,0.337812,0.337812,0.000000,0.337812,0.000000,4.150674,4.150674,3.812861,3.812861,0.000000,horizon_mpc_secbf,8,3.862854,true,osqp,optimal,25,3.448920,0,4.312789,accept,false,-0.000003,-0.000002,-0.000001,-0.000001,,,0.000001,0.000010,5.545179,0.000000
head_on,context_ext,SEESM w/o Feasibility-Preserving Update,92,9.200,2.200000,0.000000,-0.000001,-0.000001,-2.565708,-2.600000,0.080000,-0.500000,0.000000,child,approaching,distracted,,0.000000,0.625000,4.800667,4.200667,0.337812,0.337812,0.337812,0.337812,0.000000,0.337812,0.000000,4.200667,4.200667,3.862854,3.862854,0.000000,horizon_mpc_secbf,8,3.912847,true,osqp,optimal,25,3.645404,0,4.362783,accept,false,-0.000002,-0.000001,-0.000002,-0.000001,,,0.000002,0.000001,5.545179,0.000000
head_on,context_ext,SEESM w/o Feasibility-Preserving Update,93,9.300,2.200000,0.000000,-0.000002,-0.000001,-2.655912,-2.650000,0.080000,-0.500000,0.000000,child,approaching,distracted,,0.000000,0.625000,4.850660,4.250660,0.337812,0.337812,0.337812,0.337812,0.000000,0.337812,0.000000,4.250660,4.250660,3.912847,3.912847,0.000000,horizon_mpc_secbf,8,3.962840,true,osqp,optimal,25,3.158274,0,4.412779,accept,false,-0.000000,-0.000000,-0.000000,-0.000000,,,0.000000,0.000001,5.545179,0.000000
head_on,context_ext,SEESM w/o Feasibility-Preserving Update,94,9.400,2.200000,-0.000000,-0.000000,-0.000000,-2.705216,-2.700000,0.080000,-0.500000,0.000000,child,approaching,distracted,,0.000000,0.625000,4.900653,4.300653,0.337812,0.337812,0.337812,0.337812,0.000000,0.337812,0.000000,4.300653,4.300653,3.962840,3.962840,0.000000,horizon_mpc_secbf,8,4.012834,true,osqp,optimal,25,3.667643,0,4.462774,accept,false,0.000000,0.000000,0.000000,0.000000,,,0.000000,0.000001,5.545179,0.000000
head_on,context_ext,SEESM w/o Feasibility-Preserving Update,95,9.500,2.200000,-0.000000,0.000000,0.000000,0.527439,-2.750000,0.080000,-0.500000,0.000000,child,approaching,distracted,,0.000000,0.625000,4.950646,4.350646,0.337812,0.337812,0.337812,0.337812,0.000000,0.337812,0.000000,4.350646,4.350646,4.012834,4.012834,0.000000,horizon_mpc_secbf,8,4.062827,true,osqp,optimal,25,3.307801,0,4.512769,accept,false,0.000000,0.000000,0.000000,0.000000,,,0.000000,0.000000,5.545179,0.000000
head_on,context_ext,SEESM w/o Feasibility-Preserving Update,96,9.600,2.200000,0.000000,0.000000,0.000000,0.477306,-2.800000,0.080000,-0.500000,0.000000,child,approaching,distracted,,0.000000,0.625000,5.000640,4.400640,0.337812,0.337812,0.337812,0.337812,0.000000,0.337812,0.000000,4.400640,4.400640,4.062827,4.062827,0.000000,horizon_mpc_secbf,8,4.112821,true,osqp,optimal,25,4.068502,0,4.562763,accept,false,0.000000,0.000000,0.000000,0.000000,,,0.000000,0.000000,5.545179,0.000000
head_on,context_ext,SEESM w/o Feasibility-Preserving Update,97,9.700,2.200000,0.000000,0.000000,0.000000,0.477111,-2.850000,0.080000,-0.500000,0.000000,child,approaching,distracted,,0.000000,0.625000,5.050634,4.450634,0.337812,0.337812,0.337812,0.337812,0.000000,0.337812,0.000000,4.450634,4.450634,4.112821,4.112821,0.000000,horizon_mpc_secbf,8,4.162815,true,osqp,optimal,25,4.350902,0,4.612758,accept,false,-0.000000,-0.000000,-0.000000,-0.000000,,,0.000000,0.000000,5.545179,0.000000
head_on,context_ext,SEESM w/o Feasibility-Preserving Update,98,9.800,2.200000,0.000000,-0.000000,-0.000000,-2.593421,-2.900000,0.080000,-0.500000,0.000000,child,approaching,distracted,,0.000000,0.625000,5.100627,4.500627,0.337812,0.337812,0.337812,0.337812,0.000000,0.337812,0.000000,4.500627,4.500627,4.162815,4.162815,0.000000,horizon_mpc_secbf,8,4.212809,true,osqp,optimal,25,3.825101,0,4.662753,accept,false,0.000000,0.000000,-0.000000,-0.000000,,,0.000000,0.000000,5.545179,0.000000
head_on,context_ext,SEESM w/o Feasibility-Preserving Update,99,9.900,2.200000,0.000000,-0.000000,-0.000000,-1.582981,-2.950000,0.080000,-0.500000,0.000000,child,approaching,distracted,,0.000000,0.625000,5.150621,4.550621,0.337812,0.337812,0.337812,0.337812,0.000000,0.337812,0.000000,4.550621,4.550621,4.212809,4.212809,0.000000,horizon_mpc_secbf,8,4.262803,true,osqp,optimal,25,3.167246,0,4.712749,accept,false,0.000000,0.000000,-0.000000,-0.000000,,,0.000000,0.000000,5.545179,0.000000
head_on,context_ext,SEESM w/o Feasibility-Preserving Update,100,10.000,2.200000,0.000000,-0.000000,-0.000000,-1.582981,-3.000000,0.080000,-0.500000,0.000000,child,approaching,distracted,,0.000000,0.625000,5.200615,4.600615,0.337812,0.337812,0.337812,0.337812,0.000000,0.337812,0.000000,4.600615,4.600615,4.262803,4.262803,0.000000,horizon_mpc_secbf,8,4.312797,true,osqp,optimal,25,2.811761,0,4.762744,accept,false,0.000000,0.000000,-0.000000,-0.000000,,,0.000000,0.000000,5.545179,0.000000
head_on,context_ext,SEESM w/o Feasibility-Preserving Update,101,10.100,2.200000,0.000000,-0.000000,-0.000000,-1.582981,-3.050000,0.080000,-0.500000,0.000000,child,approaching,distracted,,0.000000,0.625000,5.250609,4.650609,0.337812,0.337812,0.337812,0.337812,0.000000,0.337812,0.000000,4.650609,4.650609,4.312797,4.312797,0.000000,horizon_mpc_secbf,8,4.362791,true,osqp,optimal,25,3.254559,0,4.812739,accept,false,0.000000,0.000000,-0.000000,-0.000000,,,0.000000,0.000000,5.545179,0.000000
head_on,context_ext,SEESM w/o Feasibility-Preserving Update,102,10.200,2.200000,0.000000,-0.000000,-0.000000,-1.582981,-3.100000,0.080000,-0.500000,0.000000,child,approaching,distracted,,0.000000,0.625000,5.300604,4.700604,0.337812,0.337812,0.337812,0.337812,0.000000,0.337812,0.000000,4.700604,4.700604,4.362791,4.362791,0.000000,horizon_mpc_secbf,8,4.412786,true,osqp,optimal,25,3.172351,0,4.862734,accept,false,0.000000,0.000000,0.000000,-0.000000,,,0.000000,0.000000,5.545179,0.000000
head_on,context_ext,SEESM w/o Feasibility-Preserving Update,103,10.300,2.200000,0.000000,0.000000,-0.000000,-1.582981,-3.150000,0.080000,-0.500000,0.000000,child,approaching,distracted,,0.000000,0.625000,5.350598,4.750598,0.337812,0.337812,0.337812,0.337812,0.000000,0.337812,0.000000,4.750598,4.750598,4.412786,4.412786,0.000000,horizon_mpc_secbf,8,4.462780,true,osqp,optimal,25,3.036075,0,4.912730,accept,false,0.000000,0.000000,0.000000,-0.000000,,,0.000000,0.000000,5.545179,0.000000
head_on,context_ext,SEESM w/o Feasibility-Preserving Update,104,10.400,2.200000,0.000000,0.000000,-0.000000,-1.582981,-3.200000,0.080000,-0.500000,0.000000,child,approaching,distracted,,0.000000,0.625000,5.400593,4.800593,0.337812,0.337812,0.337812,0.337812,0.000000,0.337812,0.000000,4.800593,4.800593,4.462780,4.462780,0.000000,horizon_mpc_secbf,8,4.512775,true,osqp,optimal,25,4.021310,0,4.962725,accept,false,0.000000,0.000000,0.000000,-0.000000,,,0.000000,0.000000,5.545179,0.000000
head_on,context_ext,SEESM w/o Feasibility-Preserving Update,105,10.500,2.200000,0.000000,0.000000,-0.000000,-1.582981,-3.250000,0.080000,-0.500000,0.000000,child,approaching,distracted,,0.000000,0.625000,5.450587,4.850587,0.337812,0.337812,0.337812,0.337812,0.000000,0.337812,0.000000,4.850587,4.850587,4.512775,4.512775,0.000000,horizon_mpc_secbf,8,4.562769,true,osqp,optimal,25,3.876934,0,5.012721,accept,false,0.000000,0.000000,0.000000,-0.000000,,,0.000000,0.000000,5.545179,0.000000
head_on,context_ext,SEESM w/o Feasibility-Preserving Update,106,10.600,2.200000,0.000000,0.000000,-0.000000,-1.582981,-3.300000,0.080000,-0.500000,0.000000,child,approaching,distracted,,0.000000,0.625000,5.500582,4.900582,0.337812,0.337812,0.337812,0.337812,0.000000,0.337812,0.000000,4.900582,4.900582,4.562769,4.562769,0.000000,horizon_mpc_secbf,8,4.612764,true,osqp,optimal,25,4.016453,0,5.062716,accept,false,0.000000,0.000000,0.000000,-0.000000,,,0.000000,0.000000,5.545179,0.000000
head_on,context_ext,SEESM w/o Feasibility-Preserving Update,107,10.700,2.200000,0.000000,0.000000,-0.000000,-1.582981,-3.350000,0.080000,-0.500000,0.000000,child,approaching,distracted,,0.000000,0.625000,5.550577,4.950577,0.337812,0.337812,0.337812,0.337812,0.000000,0.337812,0.000000,4.950577,4.950577,4.612764,4.612764,0.000000,horizon_mpc_secbf,8,4.662759,true,osqp,optimal,25,3.593380,0,5.112712,accept,false,0.000000,0.000000,0.000000,-0.000000,,,0.000000,0.000000,5.545179,0.000000
head_on,context_ext,SEESM w/o Feasibility-Preserving Update,108,10.800,2.200000,0.000000,0.000000,-0.000000,-1.582981,-3.400000,0.080000,-0.500000,0.000000,child,approaching,distracted,,0.000000,0.625000,5.600571,5.000571,0.337812,0.337812,0.337812,0.337812,0.000000,0.337812,0.000000,5.000571,5.000571,4.662759,4.662759,0.000000,horizon_mpc_secbf,8,4.712754,true,osqp,optimal,25,3.700539,0,5.162708,accept,false,0.000000,0.000000,0.000000,-0.000000,,,0.000000,0.000000,5.545179,0.000000
head_on,context_ext,SEESM w/o Feasibility-Preserving Update,109,10.900,2.200000,0.000000,0.000000,-0.000000,-1.582981,-3.450000,0.080000,-0.500000,0.000000,child,approaching,distracted,,0.000000,0.625000,5.650566,5.050566,0.337812,0.337812,0.337812,0.337812,0.000000,0.337812,0.000000,5.050566,5.050566,4.712754,4.712754,0.000000,horizon_mpc_secbf,8,4.762749,true,osqp,optimal,25,2.793905,0,5.212704,accept,false,0.000000,0.000000,0.000000,-0.000000,,,0.000000,0.000000,5.545179,0.000000
head_on,context_ext,SEESM w/o Feasibility-Preserving Update,110,11.000,2.200000,0.000000,0.000000,-0.000000,-1.582981,-3.500000,0.080000,-0.500000,0.000000,child,approaching,distracted,,0.000000,0.625000,5.700561,5.100561,0.337812,0.337812,0.337812,0.337812,0.000000,0.337812,0.000000,5.100561,5.100561,4.762749,4.762749,0.000000,horizon_mpc_secbf,8,4.812744,true,osqp,optimal,25,3.294187,0,5.262700,accept,false,0.000000,0.000000,0.000000,-0.000000,,,0.000000,0.000000,5.545179,0.000000
head_on,context_ext,SEESM w/o Feasibility-Preserving Update,111,11.100,2.200000,0.000000,0.000000,-0.000000,-1.582981,-3.550000,0.080000,-0.500000,0.000000,child,approaching,distracted,,0.000000,0.625000,5.750556,5.150556,0.337812,0.337812,0.337812,0.337812,0.000000,0.337812,0.000000,5.150556,5.150556,4.812744,4.812744,0.000000,horizon_mpc_secbf,8,4.862739,true,osqp,optimal,25,3.513614,0,5.312696,accept,false,0.000000,0.000000,0.000000,-0.000000,,,0.000000,0.000000,5.545179,0.000000
head_on,context_ext,SEESM w/o Feasibility-Preserving Update,112,11.200,2.200000,0.000000,0.000000,-0.000000,-1.582981,-3.600000,0.080000,-0.500000,0.000000,child,approaching,distracted,,0.000000,0.625000,5.800552,5.200552,0.337812,0.337812,0.337812,0.337812,0.000000,0.337812,0.000000,5.200552,5.200552,4.862739,4.862739,0.000000,horizon_mpc_secbf,8,4.912734,true,osqp,optimal,25,3.360004,0,5.362692,accept,false,0.000000,0.000000,0.000000,-0.000000,,,0.000000,0.000000,5.545179,0.000000
head_on,context_ext,SEESM w/o Feasibility-Preserving Update,113,11.300,2.200000,0.000000,0.000000,-0.000000,-1.582981,-3.650000,0.080000,-0.500000,0.000000,child,approaching,distracted,,0.000000,0.625000,5.850547,5.250547,0.337812,0.337812,0.337812,0.337812,0.000000,0.337812,0.000000,5.250547,5.250547,4.912734,4.912734,0.000000,horizon_mpc_secbf,8,4.962730,true,osqp,optimal,25,3.241298,0,5.412688,accept,false,0.000000,0.000000,0.000000,-0.000000,,,0.000000,0.000000,5.545179,0.000000
head_on,context_ext,SEESM w/o Feasibility-Preserving Update,114,11.400,2.200000,0.000000,0.000000,-0.000000,-1.582981,-3.700000,0.080000,-0.500000,0.000000,child,approaching,distracted,,0.000000,0.625000,5.900542,5.300542,0.337812,0.337812,0.337812,0.337812,0.000000,0.337812,0.000000,5.300542,5.300542,4.962730,4.962730,0.000000,horizon_mpc_secbf,8,5.012725,true,osqp,optimal,25,4.194755,0,5.462684,accept,false,0.000000,0.000000,0.000000,-0.000000,,,0.000000,0.000000,5.545179,0.000000
head_on,context_ext,SEESM w/o Feasibility-Preserving Update,115,11.500,2.200000,0.000000,0.000000,-0.000000,-1.582981,-3.750000,0.080000,-0.500000,0.000000,child,approaching,distracted,,0.000000,0.625000,5.950538,5.350538,0.337812,0.337812,0.337812,0.337812,0.000000,0.337812,0.000000,5.350538,5.350538,5.012725,5.012725,0.000000,horizon_mpc_secbf,8,5.062721,true,osqp,optimal,25,3.951312,0,5.512680,accept,false,0.000000,0.000000,0.000000,-0.000000,,,0.000000,0.000000,5.545179,0.000000
head_on,context_ext,SEESM w/o Feasibility-Preserving Update,116,11.600,2.200000,0.000000,0.000000,-0.000000,-1.582981,-3.800000,0.080000,-0.500000,0.000000,child,approaching,distracted,,0.000000,0.625000,6.000533,5.400533,0.337812,0.337812,0.337812,0.337812,0.000000,0.337812,0.000000,5.400533,5.400533,5.062721,5.062721,0.000000,horizon_mpc_secbf,8,5.112716,true,osqp,optimal,25,3.085674,0,5.562676,accept,false,0.000000,0.000000,0.000000,-0.000000,,,0.000000,0.000000,5.545179,0.000000
head_on,context_ext,SEESM w/o Feasibility-Preserving Update,117,11.700,2.200000,0.000000,0.000000,-0.000000,-1.582981,-3.850000,0.080000,-0.500000,0.000000,child,approaching,distracted,,0.000000,0.625000,6.050529,5.450529,0.337812,0.337812,0.337812,0.337812,0.000000,0.337812,0.000000,5.450529,5.450529,5.112716,5.112716,0.000000,horizon_mpc_secbf,8,5.162712,true,osqp,optimal,25,3.132701,0,5.612673,accept,false,0.000000,0.000000,0.000000,-0.000000,,,0.000000,0.000000,5.545179,0.000000
head_on,context_ext,SEESM w/o Feasibility-Preserving Update,118,11.800,2.200000,0.000000,0.000000,-0.000000,-1.582981,-3.900000,0.080000,-0.500000,0.000000,child,approaching,distracted,,0.000000,0.625000,6.100525,5.500525,0.337812,0.337812,0.337812,0.337812,0.000000,0.337812,0.000000,5.500525,5.500525,5.162712,5.162712,0.000000,horizon_mpc_secbf,8,5.212708,true,osqp,optimal,25,2.851824,0,5.662669,accept,false,0.000000,0.000000,0.000000,-0.000000,,,0.000000,0.000000,5.545179,0.000000
head_on,context_ext,SEESM w/o Feasibility-Preserving Update,119,11.900,2.200000,0.000000,0.000000,-0.000000,-1.582981,-3.950000,0.080000,-0.500000,0.000000,child,approaching,distracted,,0.000000,0.625000,6.150520,5.550520,0.337812,0.337812,0.337812,0.337812,0.000000,0.337812,0.000000,5.550520,5.550520,5.212708,5.212708,0.000000,horizon_mpc_secbf,8,5.262704,true,osqp,optimal,25,2.884476,0,5.712666,accept,false,0.000000,0.000000,0.000000,-0.000000,,,0.000000,0.000000,5.545179,0.000000
head_on,context_ext,Proposed MPC-SECBF,0,0.000,-2.200000,0.000000,0.000000,0.000000,0.000000,2.000000,0.080000,-0.500000,0.000000,unknown,walking,unknown,7.202830,1.000000,0.625000,4.200762,3.600762,0.307125,0.050000,0.307125,0.050000,0.499897,0.549897,0.050000,3.600762,3.100865,3.050865,3.050865,0.000000,horizon_mpc_secbf,8,2.075030,true,osqp,optimal,75,3.580694,0,1.930051,accept,false,0.750000,0.000000,0.621017,-0.000000,,,0.621017,0.621017,0.062102,4.400000
head_on,context_ext,Proposed MPC-SECBF,1,0.100,-2.137898,-0.000000,0.621017,-0.000000,-0.000000,1.950000,0.080000,-0.500000,0.000000,unknown,walking,unknown,3.112664,1.000000,0.625000,4.088681,3.488681,0.332414,0.100000,0.332414,0.100000,1.120721,1.220721,0.050000,3.488681,2.367960,2.267960,2.267960,0.000000,horizon_mpc_secbf,8,1.280687,true,osqp,optimal,75,3.365610,0,1.042094,accept,false,0.750000,0.000000,0.726100,-0.000000,,,0.726100,0.105084,0.134712,4.337898
head_on,context_ext,Proposed MPC-SECBF,2,0.200,-2.065288,-0.000000,0.726100,-0.000000,-0.000000,1.900000,0.080000,-0.500000,0.000000,unknown,walking,unknown,2.745926,1.000000,0.625000,3.966095,3.366095,0.342866,0.150000,0.342866,0.150000,1.225739,1.375739,0.050000,3.366095,2.140356,1.990356,1.990356,0.000000,horizon_mpc_secbf,8,1.002153,true,osqp,optimal,75,3.488099,0,0.755019,accept,false,0.750000,0.000000,0.735588,-0.000000,,,0.735588,0.009488,0.208271,4.265288
head_on,context_ext,Proposed MPC-SECBF,3,0.300,-1.991729,-0.000000,0.735588,-0.000000,-0.000000,1.850000,0.080000,-0.500000,0.000000,unknown,walking,unknown,2.624875,1.000000,0.625000,3.842562,3.242562,0.346316,0.200000,0.346316,0.200000,1.235194,1.435194,0.050000,3.242562,2.007369,1.807369,1.807369,0.000000,horizon_mpc_secbf,8,0.819186,true,osqp,optimal,75,4.214145,0,0.572048,accept,false,0.750000,0.000000,0.735588,-0.000000,,,0.735588,0.000000,0.281829,4.191729
head_on,context_ext,Proposed MPC-SECBF,4,0.400,-1.918171,-0.000000,0.735588,-0.000000,-0.000000,1.800000,0.080000,-0.500000,0.000000,unknown,walking,unknown,2.524913,1.000000,0.625000,3.719031,3.119031,0.349165,0.250000,0.349165,0.250000,1.235160,1.485160,0.050000,3.119031,1.883871,1.633871,1.633871,0.000000,horizon_mpc_secbf,8,0.645711,true,osqp,optimal,75,4.155503,0,0.398568,accept,false,0.750000,0.000000,0.735588,-0.000000,,,0.735588,0.000000,0.355388,4.118171
head_on,context_ext,Proposed MPC-SECBF,5,0.500,-1.844612,-0.000000,0.735588,-0.000000,-0.000000,1.750000,0.080000,-0.500000,0.000000,unknown,walking,unknown,2.424953,1.000000,0.625000,3.595502,2.995502,0.352014,0.300000,0.352014,0.300000,1.235122,1.535122,0.050000,2.995502,1.760379,1.460379,1.460379,0.000000,horizon_mpc_secbf,8,0.472246,true,osqp,optimal,75,3.637898,0,0.225097,accept,false,0.750000,0.000000,0.735588,-0.000000,,,0.735588,0.000000,0.428947,4.044612
head_on,context_ext,Proposed MPC-SECBF,6,0.600,-1.771053,-0.000000,0.735588,-0.000000,-0.000000,1.700000,0.080000,-0.500000,0.000000,unknown,walking,unknown,2.324995,1.000000,0.625000,3.471975,2.871975,0.354863,0.300000,0.354863,0.300000,1.235079,1.535079,0.000000,2.871975,1.636896,1.336896,1.336896,0.000000,horizon_mpc_secbf,8,0.348791,true,osqp,optimal,75,3.421871,0,0.101635,fallback,true,0.750000,0.000000,0.735588,-0.000000,,,0.735588,0.000000,0.502506,3.971053
head_on,context_ext,Proposed MPC-SECBF,7,0.700,-1.697494,-0.000000,0.735588,-0.000000,-0.000000,1.650000,0.080000,-0.500000,0.000000,unknown,walking,unknown,2.225041,1.000000,0.625000,3.348450,2.748450,0.357711,0.300000,0.357711,0.300000,1.235030,1.535030,0.000000,2.748450,1.513420,1.213420,1.213420,0.000000,horizon_mpc_secbf,8,0.225350,true,osqp,optimal,75,2.868678,0,-0.021815,fallback,true,0.750000,0.000000,0.735588,-0.000000,,,0.735588,0.000000,0.576065,3.897494
head_on,context_ext,Proposed MPC-SECBF,8,0.800,-1.623935,-0.000000,0.735588,-0.000000,-0.000000,1.600000,0.080000,-0.500000,0.000000,unknown,walking,unknown,2.125089,1.000000,0.625000,3.224928,2.624928,0.360560,0.300000,0.360560,0.300000,1.234972,1.534972,0.000000,2.624928,1.389956,1.089956,1.089956,0.000000,horizon_mpc_secbf,8,0.101923,true,osqp,optimal,75,3.329195,0,-0.145253,fallback,true,0.750000,0.000000,0.735588,-0.000000,,,0.735588,0.000000,0.649624,3.823935
head_on,context_ext,Proposed MPC-SECBF,9,0.900,-1.550376,-0.000000,0.735588,-0.000000,-0.000000,1.550000,0.080000,-0.500000,0.000000,unknown,walking,unknown,2.025141,1.000000,0.625000,3.101408,2.501408,0.363408,0.300000,0.363408,0.300000,1.234905,1.534905,0.000000,2.501408,1.266503,0.966503,0.966503,0.000042,horizon_mpc_secbf,8,-0.000042,true,osqp,optimal,50,3.810295,0,-0.245845,fallback,true,0.750000,0.000000,0.712827,-0.001322,,,0.712829,0.022799,0.720906,3.750376
head_on,context_ext,Proposed MPC-SECBF,10,1.000,-1.479094,-0.000132,0.712827,-0.001322,-0.001854,1.500000,0.080000,-0.500000,0.000000,unknown,walking,unknown,1.963265,1.000000,0.625000,2.980171,2.380171,0.365172,0.300000,0.365172,0.300000,1.212028,1.512028,0.000000,2.380171,1.168143,0.868143,0.868143,0.000167,horizon_mpc_secbf,8,-0.000167,true,osqp,optimal,50,2.946541,0,-0.236272,fallback,true,0.750000,0.000027,0.605139,-0.005810,,,0.605167,0.107782,0.781423,3.679094
head_on,context_ext,Proposed MPC-SECBF,11,1.100,-1.418580,-0.000713,0.605139,-0.005810,-0.009601,1.450000,0.080000,-0.500000,0.000000,child,approaching,distracted,2.054899,1.000000,0.625000,2.869715,2.269715,0.672224,0.300000,0.672224,0.300000,1.104153,1.404153,0.000000,2.269715,1.165562,0.865562,0.865562,0.000168,horizon_mpc_secbf,8,-0.000168,true,osqp,optimal,50,3.615527,0,-0.220018,fallback,true,0.750000,0.000148,0.586370,-0.006860,,,0.586410,0.018798,0.840064,3.618580
head_on,context_ext,Proposed MPC-SECBF,12,1.200,-1.359943,-0.001399,0.586370,-0.006860,-0.011699,1.400000,0.080000,-0.500000,0.000000,child,approaching,distracted,1.990560,1.000000,0.625000,2.761143,2.161143,0.675843,0.300000,0.675843,0.300000,1.085245,1.385245,0.000000,2.161143,1.075898,0.775898,0.775898,0.000282,horizon_mpc_secbf,8,-0.000282,true,osqp,optimal,50,4.007935,0,-0.211667,fallback,true,0.750000,0.000295,0.488626,-0.011832,,,0.488769,0.097871,0.888941,3.559943
head_on,context_ext,Proposed MPC-SECBF,13,1.300,-1.311080,-0.002582,0.488626,-0.011832,-0.024211,1.350000,0.080000,-0.500000,0.000000,child,approaching,distracted,2.087868,1.000000,0.625000,2.662361,2.062361,0.670370,0.300000,0.670370,0.300000,0.987244,1.287244,0.000000,2.062361,1.075117,0.775117,0.775117,0.000280,horizon_mpc_secbf,8,-0.000280,true,osqp,optimal,50,4.308408,0,-0.197294,fallback,true,0.750000,0.000552,0.473581,-0.013600,,,0.473776,0.015148,0.936319,3.511081
head_on,context_ext,Proposed MPC-SECBF,14,1.400,-1.263722,-0.003942,0.473581,-0.013600,-0.028710,1.300000,0.080000,-0.500000,0.000000,child,approaching,distracted,2.020426,1.000000,0.625000,2.565096,1.965096,0.674164,0.300000,0.674164,0.300000,0.971966,1.271966,0.000000,1.965096,0.993130,0.693130,0.693130,0.000384,horizon_mpc_secbf,8,-0.000384,true,osqp,optimal,50,3.503041,0,-0.190570,fallback,true,0.750000,0.000854,0.385227,-0.020450,,,0.385770,0.088619,0.974896,3.463724
head_on,context_ext,Proposed MPC-SECBF,15,1.500,-1.225199,-0.005987,0.385227,-0.020450,-0.053035,1.250000,0.080000,-0.500000,0.000000,child,approaching,distracted,2.122995,1.000000,0.625000,2.476692,1.876692,0.668394,0.300000,0.668394,0.300000,0.883162,1.183162,0.000000,1.876692,0.993531,0.693531,0.693531,0.000380,horizon_mpc_secbf,8,-0.000380,true,osqp,optimal,50,3.265389,0,-0.178418,fallback,true,0.749999,0.001311,0.373687,-0.023963,,,0.374455,0.012063,1.012341,3.425205
head_on,context_ext,Proposed MPC-SECBF,16,1.600,-1.187831,-0.008384,0.373687,-0.023963,-0.064039,1.200000,0.080000,-0.500000,0.000000,child,approaching,distracted,2.051663,1.000000,0.625000,2.389466,1.789466,0.672406,0.300000,0.672406,0.300000,0.871160,1.171160,0.000000,1.789466,0.918306,0.618306,0.618306,0.000474,horizon_mpc_secbf,8,-0.000474,true,osqp,optimal,50,2.865936,0,-0.173584,fallback,true,0.749998,0.001856,0.294163,-0.033967,,,0.296118,0.080151,1.041953,3.387841
head_on,context_ext,Proposed MPC-SECBF,17,1.700,-1.158414,-0.011780,0.294163,-0.033967,-0.114961,1.150000,0.080000,-0.500000,0.000000,child,approaching,distracted,2.158882,1.000000,0.625000,2.310238,1.710238,0.666375,0.300000,0.666375,0.300000,0.790775,1.090775,0.000000,1.710238,0.919463,0.619463,0.619463,0.000468,horizon_mpc_secbf,8,-0.000468,true,osqp,optimal,50,3.148614,0,-0.163793,fallback,true,0.749995,0.002631,0.285927,-0.039841,,,0.288690,0.010116,1.070822,3.358435
head_on,context_ext,Proposed MPC-SECBF,18,1.800,-1.129822,-0.015765,0.285927,-0.039841,-0.138449,1.100000,0.080000,-0.500000,0.000000,child,approaching,distracted,2.082820,1.000000,0.625000,2.231877,1.631877,0.670654,0.300000,0.670654,0.300000,0.781629,1.081629,0.000000,1.631877,0.850248,0.550248,0.550248,0.000553,horizon_mpc_secbf,8,-0.000553,true,osqp,optimal,50,3.714305,0,-0.161212,fallback,true,0.749992,0.003551,0.215005,-0.054387,,,0.221777,0.072399,1.093000,3.329859
head_on,context_ext,Proposed MPC-SECBF,19,1.900,-1.108321,-0.021203,0.215005,-0.054387,-0.247760,1.050000,0.080000,-0.500000,0.000000,child,approaching,distracted,2.192992,1.000000,0.625000,2.160692,1.560692,0.664457,0.300000,0.664457,0.300000,0.709014,1.009014,0.000000,1.560692,0.851678,0.551678,0.551678,0.000545,horizon_mpc_secbf,8,-0.000545,true,osqp,optimal,50,3.050778,0,-0.154108,fallback,true,0.749985,0.004807,0.210097,-0.063748,,,0.219555,0.010570,1.114955,3.308389
head_on,context_ext,Proposed MPC-SECBF,20,2.000,-1.087311,-0.027578,0.210097,-0.063748,-0.294596,1.000000,0.080000,-0.500000,0.000000,child,approaching,distracted,2.110974,1.000000,0.625000,2.090082,1.490082,0.669070,0.300000,0.669070,0.300000,0.702251,1.002251,0.000000,1.490082,0.787831,0.487831,0.487831,0.000622,horizon_mpc_secbf,8,-0.000622,true,osqp,optimal,50,3.539115,0,-0.154240,fallback,true,0.749974,0.006292,0.147900,-0.084485,,,0.170330,0.065562,1.131988,3.287427
head_on,context_ext,Proposed MPC-SECBF,21,2.100,-1.072521,-0.036027,0.147900,-0.084485,-0.518996,0.950000,0.080000,-0.500000,0.000000,child,approaching,distracted,2.220952,1.000000,0.625000,2.025847,1.425847,0.662884,0.300000,0.662884,0.300000,0.636679,0.936679,0.000000,1.425847,0.789168,0.489168,0.489168,0.000613,horizon_mpc_secbf,8,-0.000613,true,osqp,optimal,50,3.928632,0,-0.150388,fallback,true,0.749955,0.008256,0.146928,-0.099477,,,0.177436,0.015024,1.149732,3.272720
head_on,context_ext,Proposed MPC-SECBF,22,2.200,-1.057829,-0.045974,0.146928,-0.099477,-0.595154,0.900000,0.080000,-0.500000,0.000000,child,approaching,distracted,2.130578,1.000000,0.625000,1.961877,1.361877,0.667968,0.300000,0.667968,0.300000,0.631731,0.931731,0.000000,1.361877,0.730146,0.430146,0.430146,0.000681,horizon_mpc_secbf,8,-0.000681,true,osqp,optimal,50,4.344702,0,-0.154074,fallback,true,0.749925,0.010583,0.094469,-0.129915,,,0.160631,0.060649,1.165795,3.258153
head_on,context_ext,Proposed MPC-SECBF,23,2.300,-1.048382,-0.058966,0.094469,-0.129915,-0.942070,0.850000,0.080000,-0.500000,0.000000,child,approaching,distracted,2.234256,1.000000,0.625000,1.903461,1.303461,0.662136,0.300000,0.662136,0.300000,0.572115,0.872115,0.000000,1.303461,0.731347,0.431347,0.431347,0.000669,horizon_mpc_secbf,8,-0.000669,true,osqp,optimal,50,3.398811,0,-0.154301,fallback,true,0.749876,0.013612,0.099326,-0.156278,,,0.185171,0.026807,1.184312,3.248917
head_on,context_ext,Proposed MPC-SECBF,24,2.400,-1.038449,-0.074594,0.099326,-0.156278,-1.004628,0.800000,0.080000,-0.500000,0.000000,child,approaching,distracted,2.131291,1.000000,0.625000,1.844937,1.244937,0.667927,0.300000,0.667927,0.300000,0.567414,0.867414,0.000000,1.244937,0.677523,0.377523,0.377523,0.000727,horizon_mpc_secbf,8,-0.000727,true,osqp,optimal,50,2.928056,0,-0.162671,fallback,true,0.749801,0.017271,0.060323,-0.208020,,,0.216590,0.064796,1.205971,3.239308
head_on,context_ext,Proposed MPC-SECBF,25,2.500,-1.032417,-0.095396,0.060323,-0.208020,-1.288550,0.750000,0.080000,-0.500000,0.000000,child,approaching,distracted,2.216858,1.000000,0.625000,1.791026,1.191026,0.663114,0.300000,0.663114,0.300000,0.510198,0.810198,0.000000,1.191026,0.680828,0.380828,0.380828,0.000709,horizon_mpc_secbf,8,-0.000708,true,osqp,optimal,50,3.294809,0,-0.168780,fallback,true,0.749674,0.022124,0.077472,-0.248949,,,0.260725,0.044377,1.232043,3.233824
head_on,context_ext,Proposed MPC-SECBF,26,2.600,-1.024669,-0.120291,0.077472,-0.248949,-1.269100,0.700000,0.080000,-0.500000,0.000000,child,approaching,distracted,2.085269,1.000000,0.625000,1.736261,1.136261,0.670516,0.300000,0.670516,0.300000,0.504239,0.804239,0.000000,1.136261,0.632022,0.332022,0.332022,0.000755,horizon_mpc_secbf,8,-0.000755,true,osqp,optimal,50,3.212035,0,-0.184882,fallback,true,0.749479,0.027958,0.057341,-0.311727,,,0.316957,0.065926,1.263739,3.226912
head_on,context_ext,Proposed MPC-SECBF,27,2.700,-1.018935,-0.151463,0.057341,-0.311727,-1.388885,0.650000,0.080000,-0.500000,0.000000,child,approaching,distracted,2.130477,1.000000,0.625000,1.684910,1.084910,0.667973,0.300000,0.667973,0.300000,0.447696,0.747696,0.000000,1.084910,0.637214,0.337214,0.337214,0.000726,horizon_mpc_secbf,8,-0.000725,true,osqp,optimal,50,3.271096,0,-0.201428,fallback,true,0.749171,0.035251,0.094065,-0.357158,,,0.369337,0.058418,1.300673,3.222497
head_on,context_ext,Proposed MPC-SECBF,28,2.800,-1.009529,-0.187179,0.094065,-0.357158,-1.313274,0.600000,0.080000,-0.500000,0.000000,child,approaching,distracted,1.955337,1.000000,0.625000,1.631554,1.031554,0.677825,0.300000,0.677825,0.300000,0.439512,0.739512,0.000000,1.031554,0.592042,0.292042,0.292042,0.000757,horizon_mpc_secbf,8,-0.000756,true,osqp,optimal,50,3.447067,0,-0.232074,fallback,true,0.748728,0.043666,0.103039,-0.427619,,,0.439858,0.071030,1.344659,3.214982
head_on,context_ext,Proposed MPC-SECBF,29,2.900,-0.999225,-0.229941,0.103039,-0.427619,-1.334343,0.550000,0.080000,-0.500000,0.000000,child,approaching,distracted,1.931137,1.000000,0.625000,1.579925,0.979925,0.679186,0.300000,0.679186,0.300000,0.380232,0.680232,0.000000,0.979925,0.599692,0.299692,0.299692,0.000711,horizon_mpc_secbf,8,-0.000710,true,osqp,optimal,50,3.927587,0,-0.263335,fallback,true,0.748070,0.053767,0.169057,-0.470591,,,0.500036,0.078771,1.394662,3.207478
head_on,context_ext,Proposed MPC-SECBF,30,3.000,-0.982319,-0.277000,0.169057,-0.470591,-1.225911,0.500000,0.080000,-0.500000,0.000000,child,approaching,distracted,1.711550,1.000000,0.625000,1.524703,0.924703,0.691538,0.300000,0.691538,0.300000,0.364400,0.664400,0.000000,0.924703,0.560303,0.260303,0.260303,0.000719,horizon_mpc_secbf,8,-0.000708,true,osqp,optimal,50,4.454848,0,-0.313223,fallback,true,0.747175,0.065037,0.219765,-0.536047,,,0.579348,0.082800,1.452597,3.194352
head_on,context_ext,Proposed MPC-SECBF,31,3.100,-0.960343,-0.330605,0.219765,-0.536047,-1.181722,0.450000,0.080000,-0.500000,0.000000,child,approaching,distracted,1.605415,1.000000,0.625000,1.468899,0.868899,0.697508,0.300000,0.697508,0.300000,0.297127,0.597127,0.000000,0.868899,0.571771,0.271771,0.271771,0.000645,horizon_mpc_secbf,8,-0.000490,true,osqp,optimal,100,4.038034,0,-0.355317,fallback,true,0.745930,0.078032,0.316681,-0.559478,,,0.642886,0.099708,1.516886,3.177588
head_on,context_ext,Proposed MPC-SECBF,32,3.200,-0.928675,-0.386553,0.316681,-0.559478,-1.055730,0.400000,0.080000,-0.500000,0.000000,child,approaching,distracted,1.381088,1.000000,0.625000,1.408207,0.808207,0.710126,0.300000,0.710126,0.300000,0.261527,0.561527,0.000000,0.808207,0.546680,0.246680,0.246680,0.000556,horizon_mpc_secbf,8,0.000209,true,osqp,optimal,100,3.314348,0,-0.394024,fallback,true,0.744340,0.091964,0.390136,-0.599449,,,0.715224,0.083626,1.588408,3.152464
head_on,context_ext,Proposed MPC-SECBF,33,3.300,-0.889661,-0.446497,0.390136,-0.599449,-0.993842,0.350000,0.080000,-0.500000,0.000000,child,approaching,distracted,1.276700,1.000000,0.625000,1.346833,0.746833,0.715998,0.300000,0.715998,0.300000,0.167883,0.467883,0.000000,0.746833,0.578950,0.278950,0.278950,0.000403,horizon_mpc_secbf,8,-0.000101,true,osqp,optimal,75,3.442498,0,-0.445269,fallback,true,0.742289,0.107271,0.511745,-0.528541,,,0.735689,0.140772,1.661977,3.121757
head_on,context_ext,Proposed MPC-SECBF,34,3.400,-0.838487,-0.499352,0.511745,-0.528541,-0.801542,0.300000,0.080000,-0.500000,0.000000,child,approaching,distracted,1.023297,1.000000,0.625000,1.277419,0.677419,0.730252,0.300000,0.730252,0.300000,0.162301,0.462301,0.000000,0.677419,0.515118,0.215118,0.215118,0.000328,horizon_mpc_secbf,8,-0.000064,true,osqp,optimal,125,3.608077,0,-0.456923,fallback,true,0.740073,0.121625,0.519456,-0.520825,,,0.735590,0.010908,1.735536,3.079245
head_on,context_ext,Proposed MPC-SECBF,35,3.500,-0.786541,-0.551434,0.519456,-0.520825,-0.786714,0.250000,0.080000,-0.500000,0.000000,child,approaching,distracted,1.023426,1.000000,0.625000,1.213724,0.613724,0.730245,0.300000,0.730245,0.300000,0.061339,0.361339,0.000000,0.613724,0.552385,0.252385,0.252385,0.000196,horizon_mpc_secbf,8,-0.000096,true,osqp,optimal,125,4.203694,0,-0.491023,fallback,true,0.737533,0.136178,0.623983,-0.415758,,,0.749806,0.148206,1.810517,3.037023
head_on,context_ext,Proposed MPC-SECBF,36,3.600,-0.724143,-0.593010,0.623983,-0.415758,-0.587747,0.200000,0.080000,-0.500000,0.000000,child,approaching,distracted,0.818333,1.000000,0.625000,1.143233,0.543233,0.741781,0.300000,0.741781,0.300000,0.036277,0.336277,0.000000,0.543233,0.506956,0.206956,0.206956,0.000202,horizon_mpc_secbf,8,-0.000008,true,osqp,optimal,125,3.403779,0,-0.509411,fallback,true,0.735037,0.149064,0.647638,-0.358650,,,0.740314,0.061813,1.884548,2.983667
head_on,context_ext,Proposed MPC-SECBF,37,3.700,-0.659379,-0.628875,0.647638,-0.358650,-0.505742,0.150000,0.080000,-0.500000,0.000000,child,approaching,distracted,0.758998,1.000000,0.625000,1.075917,0.475917,0.745119,0.300000,0.745119,0.300000,0.000000,0.300000,0.000000,0.475917,0.519834,0.219834,0.175917,0.000152,horizon_mpc_secbf,8,-0.000071,true,osqp,optimal,75,4.459701,0,-0.504310,fallback,true,0.732493,0.161100,0.670402,-0.303675,,,0.735974,0.059502,1.958145,2.927718
head_on,context_ext,Proposed MPC-SECBF,38,3.800,-0.592339,-0.659242,0.670402,-0.303675,-0.425325,0.100000,0.080000,-0.500000,0.000000,child,approaching,distracted,0.713725,1.000000,0.625000,1.012824,0.412824,0.747665,0.300000,0.747665,0.300000,0.000000,0.300000,0.000000,0.412824,0.547267,0.247267,0.112824,0.000150,horizon_mpc_secbf,8,-0.000103,true,osqp,optimal,75,4.874131,0,-0.457517,fallback,true,0.729933,0.172330,0.667167,-0.311492,,,0.736301,0.008460,2.031775,2.869104
head_on,context_ext,Proposed MPC-SECBF,39,3.900,-0.525622,-0.690391,0.667167,-0.311492,-0.436808,0.050000,0.080000,-0.500000,0.000000,child,approaching,distracted,0.805395,1.000000,0.625000,0.961688,0.361688,0.742509,0.300000,0.742509,0.300000,0.000000,0.300000,0.000000,0.361688,0.633044,0.333044,0.061688,0.000149,horizon_mpc_secbf,8,-0.000122,true,osqp,optimal,50,3.936476,0,-0.370452,fallback,true,0.727039,0.184157,0.660543,-0.327505,,,0.737276,0.017329,2.105503,2.811700
head_on,context_ext,Proposed MPC-SECBF,40,4.000,-0.459568,-0.723142,0.660543,-0.327505,-0.460292,0.000000,0.080000,-0.500000,0.000000,child,approaching,distracted,1.113665,1.000000,0.625000,0.925332,0.325332,0.725169,0.300000,0.725169,0.300000,0.000000,0.300000,0.000000,0.325332,0.730312,0.430312,0.025332,0.000167,horizon_mpc_secbf,8,-0.000135,true,osqp,optimal,75,3.346593,0,-0.253402,fallback,true,0.723724,0.196782,0.655441,-0.339825,,,0.738298,0.013335,2.179333,2.756127
head_on,context_ext,Proposed MPC-SECBF,41,4.100,-0.394024,-0.757125,0.655441,-0.339825,-0.478313,-0.050000,0.080000,-0.500000,0.000000,child,approaching,distracted,2.442819,1.000000,0.625000,0.905058,0.305058,0.650404,0.300000,0.650404,0.300000,0.000000,0.300000,0.000000,0.305058,0.829548,0.529548,0.005058,0.000196,horizon_mpc_secbf,8,-0.000160,true,osqp,optimal,75,3.472595,0,-0.126768,fallback,true,0.719960,0.210137,0.658172,-0.333225,,,0.737719,0.007143,2.253105,2.702258
head_on,context_ext,Proposed MPC-SECBF,42,4.200,-0.328206,-0.790447,0.658172,-0.333225,-0.468666,-0.100000,0.080000,-0.500000,0.000000,child,approaching,distracted,,0.000000,0.625000,0.899865,0.299865,0.337812,0.249865,0.337812,0.249865,0.000000,0.249865,0.000000,0.299865,0.299865,0.050000,0.050000,0.000000,horizon_mpc_secbf,8,0.032772,true,osqp,optimal,50,3.032130,0,-0.185832,project,true,0.715829,0.223805,0.732009,-0.079195,,,0.736280,0.264543,2.326733,2.648893
head_on,context_ext,Proposed MPC-SECBF,43,4.300,-0.255006,-0.798367,0.732009,-0.079195,-0.107770,-0.150000,0.080000,-0.500000,0.000000,child,approaching,distracted,4.210014,1.000000,0.625000,0.884621,0.284621,0.562812,0.299865,0.562812,0.299865,0.000000,0.299865,0.050000,0.284621,0.878871,0.579007,-0.015244,0.000292,horizon_mpc_secbf,8,-0.000280,true,osqp,optimal,100,3.650140,0,0.050835,accept,false,0.713234,0.231943,0.708892,-0.210774,,,0.739563,0.133594,2.400689,2.581558
head_on,context_ext,Proposed MPC-SECBF,44,4.400,-0.184116,-0.819444,0.708892,-0.210774,-0.289004,-0.200000,0.080000,-0.500000,0.000000,child,approaching,distracted,,0.000000,0.625000,0.899584,0.299584,0.337812,0.249584,0.337812,0.249584,0.000000,0.249584,0.000000,0.299584,0.299584,0.050000,0.050000,0.000000,horizon_mpc_secbf,8,0.063871,true,osqp,optimal,75,3.007544,0,0.104864,project,true,0.709274,0.243784,0.735589,-0.033053,,,0.736332,0.179715,2.474322,2.521012
head_on,context_ext,Proposed MPC-SECBF,45,4.500,-0.110557,-0.822749,0.735589,-0.033053,-0.044904,-0.250000,0.080000,-0.500000,0.000000,child,approaching,distracted,,0.000000,0.625000,0.913455,0.313455,0.337812,0.263455,0.337812,0.263455,0.000000,0.263455,0.013871,0.313455,0.313455,0.050000,0.050000,0.000000,horizon_mpc_secbf,8,0.075762,true,osqp,optimal,75,3.209804,0,0.227684,project,true,0.706543,0.251588,0.735590,0.011064,,,0.735673,0.044116,2.547890,2.452670
head_on,context_ext,Proposed MPC-SECBF,46,4.600,-0.036998,-0.821643,0.735590,0.011064,0.015039,-0.300000,0.080000,-0.500000,0.000000,child,approaching,distracted,,0.000000,0.625000,0.939218,0.339218,0.337812,0.289218,0.337812,0.289218,0.000000,0.289218,0.025762,0.339218,0.339218,0.050000,0.050000,0.000000,horizon_mpc_secbf,8,0.088684,true,osqp,optimal,75,4.265306,0,0.363476,project,true,0.704014,0.258582,0.735590,0.033871,,,0.736370,0.022808,2.621526,2.383120
head_on,context_ext,Proposed MPC-SECBF,47,4.700,0.036561,-0.818256,0.735590,0.033871,0.046014,-0.350000,0.080000,-0.500000,0.000000,child,approaching,distracted,,0.000000,0.625000,0.977902,0.377902,0.337812,0.289218,0.337812,0.289218,0.000000,0.289218,0.000000,0.377902,0.377902,0.088684,0.088684,0.000000,horizon_mpc_secbf,8,0.138980,true,osqp,optimal,75,4.156150,0,0.526357,fallback,true,0.701501,0.265322,0.735591,0.055251,,,0.737663,0.021380,2.695293,2.313009
head_on,context_ext,Proposed MPC-SECBF,48,4.800,0.110120,-0.812731,0.735591,0.055251,0.074971,-0.400000,0.080000,-0.500000,0.000000,child,approaching,distracted,,0.000000,0.625000,1.028197,0.428197,0.337812,0.289218,0.337812,0.289218,0.000000,0.289218,0.000000,0.428197,0.428197,0.138980,0.138980,0.000000,horizon_mpc_secbf,8,0.199170,true,osqp,optimal,75,3.182269,0,0.683964,fallback,true,0.699004,0.271835,0.735590,0.078352,,,0.739751,0.023101,2.769268,2.242349
head_on,context_ext,Proposed MPC-SECBF,49,4.900,0.183679,-0.804895,0.735590,0.078352,0.106116,-0.450000,0.080000,-0.500000,0.000000,child,approaching,distracted,,0.000000,0.625000,1.088388,0.488388,0.337812,0.289218,0.337812,0.289218,0.000000,0.289218,0.000000,0.488388,0.488388,0.199170,0.199170,0.000000,horizon_mpc_secbf,8,0.267619,true,osqp,optimal,75,3.597437,0,0.834555,fallback,true,0.696552,0.278057,0.735590,0.103314,,,0.742809,0.024962,2.843549,2.171039
head_on,context_ext,Proposed MPC-SECBF,50,5.000,0.257238,-0.794564,0.735590,0.103314,0.139538,-0.500000,0.080000,-0.500000,0.000000,child,approaching,distracted,,0.000000,0.625000,1.156837,0.556837,0.337812,0.289218,0.337812,0.289218,0.000000,0.289218,0.000000,0.556837,0.556837,0.267619,0.267619,0.000000,horizon_mpc_secbf,8,0.342910,true,osqp,optimal,50,3.901407,0,0.978313,fallback,true,0.694186,0.283913,0.735577,0.129743,,,0.746932,0.026429,2.918242,2.098966
head_on,context_ext,Proposed MPC-SECBF,51,5.100,0.330795,-0.781590,0.735577,0.129743,0.174587,-0.550000,0.080000,-0.500000,0.000000,child,approaching,distracted,,0.000000,0.625000,1.232127,0.632127,0.337812,0.289218,0.337812,0.289218,0.000000,0.289218,0.000000,0.632127,0.632127,0.342910,0.342910,0.000000,horizon_mpc_secbf,8,0.423572,true,osqp,optimal,50,3.520035,0,1.113426,fallback,true,0.691945,0.289330,0.731239,0.156798,,,0.747861,0.027401,2.993028,2.026033
head_on,context_ext,Proposed MPC-SECBF,52,5.200,0.403919,-0.765910,0.731239,0.156798,0.211229,-0.600000,0.080000,-0.500000,0.000000,child,approaching,distracted,,0.000000,0.625000,1.312790,0.712790,0.337812,0.289218,0.337812,0.289218,0.000000,0.289218,0.000000,0.712790,0.712790,0.423572,0.423572,0.000000,horizon_mpc_secbf,8,0.508175,true,osqp,optimal,50,3.823060,0,1.238861,fallback,true,0.689892,0.294193,0.720372,0.183060,,,0.743268,0.028421,3.067355,1.952569
head_on,context_ext,Proposed MPC-SECBF,53,5.300,0.475956,-0.747604,0.720372,0.183060,0.248851,-0.650000,0.080000,-0.500000,0.000000,child,approaching,distracted,,0.000000,0.625000,1.397393,0.797393,0.337812,0.289218,0.337812,0.289218,0.000000,0.289218,0.000000,0.797393,0.797393,0.508175,0.508175,0.000000,horizon_mpc_secbf,8,0.595820,true,osqp,optimal,50,3.165653,0,1.358216,fallback,true,0.688091,0.298380,0.709254,0.209916,,,0.739666,0.029067,3.141322,1.879159
head_on,context_ext,Proposed MPC-SECBF,54,5.400,0.546882,-0.726612,0.709254,0.209916,0.287753,-0.700000,0.080000,-0.500000,0.000000,child,approaching,distracted,,0.000000,0.625000,1.485038,0.885038,0.337812,0.289218,0.337812,0.289218,0.000000,0.289218,0.000000,0.885038,0.885038,0.595820,0.595820,0.000000,horizon_mpc_secbf,8,0.685844,true,osqp,optimal,50,4.561289,0,1.473128,fallback,true,0.686603,0.301790,0.698099,0.236859,,,0.737187,0.029161,3.215040,1.805759
head_on,context_ext,Proposed MPC-SECBF,55,5.500,0.616692,-0.702926,0.698099,0.236859,0.327103,-0.750000,0.080000,-0.500000,0.000000,child,approaching,distracted,,0.000000,0.625000,1.575062,0.975062,0.337812,0.289218,0.337812,0.289218,0.000000,0.289218,0.000000,0.975062,0.975062,0.685844,0.685844,0.000000,horizon_mpc_secbf,8,0.777779,true,osqp,optimal,75,6.323242,0,1.585085,fallback,true,0.685482,0.304327,0.687151,0.263256,,,0.735854,0.028577,3.288626,1.732331
head_on,context_ext,Proposed MPC-SECBF,56,5.600,0.685407,-0.676601,0.687151,0.263256,0.365864,-0.800000,0.080000,-0.500000,0.000000,child,approaching,distracted,,0.000000,0.625000,1.666997,1.066997,0.337812,0.289218,0.337812,0.289218,0.000000,0.289218,0.000000,1.066997,1.066997,0.777779,0.777779,0.000000,horizon_mpc_secbf,8,0.871421,true,osqp,optimal,75,5.080504,0,1.696453,fallback,true,0.684779,0.305905,0.677249,0.287163,,,0.735615,0.025876,3.362187,1.658849
head_on,context_ext,Proposed MPC-SECBF,57,5.700,0.753132,-0.647885,0.677249,0.287163,0.401034,-0.850000,0.080000,-0.500000,0.000000,child,approaching,distracted,,0.000000,0.625000,1.760638,1.160638,0.337812,0.289218,0.337812,0.289218,0.000000,0.289218,0.000000,1.160638,1.160638,0.871421,0.871421,0.000000,horizon_mpc_secbf,8,0.967371,true,osqp,optimal,75,3.187386,0,1.815499,fallback,true,0.684508,0.306512,0.672463,0.298719,,,0.735825,0.012508,3.435770,1.585302
head_on,context_ext,Proposed MPC-SECBF,58,5.800,0.820378,-0.618013,0.672463,0.298719,0.418033,-0.900000,0.080000,-0.500000,0.000000,child,approaching,distracted,,0.000000,0.625000,1.856589,1.256589,0.337812,0.289218,0.337812,0.289218,0.000000,0.289218,0.000000,1.256589,1.256589,0.967371,0.967371,0.000000,horizon_mpc_secbf,8,1.065951,true,osqp,optimal,75,3.044621,0,1.939937,fallback,true,0.684463,0.306611,0.671607,0.300784,,,0.735885,0.002236,3.509358,1.511720
head_on,context_ext,Proposed MPC-SECBF,59,5.900,0.887539,-0.587934,0.671607,0.300784,0.421071,-0.950000,0.080000,-0.500000,0.000000,child,approaching,distracted,,0.000000,0.625000,1.955169,1.355169,0.337812,0.289218,0.337812,0.289218,0.000000,0.289218,0.000000,1.355169,1.355169,1.065951,1.065951,0.000000,horizon_mpc_secbf,8,1.166897,true,osqp,optimal,75,3.492175,0,2.064054,fallback,true,0.684462,0.306614,0.671459,0.301141,,,0.735896,0.000386,3.582948,1.438131
head_on,context_ext,Proposed MPC-SECBF,60,6.000,0.954685,-0.557820,0.671459,0.301141,0.421596,-1.000000,0.080000,-0.500000,0.000000,child,approaching,distracted,,0.000000,0.625000,2.056114,1.456114,0.337812,0.289218,0.337812,0.289218,0.000000,0.289218,0.000000,1.456114,1.456114,1.166897,1.166897,0.000000,horizon_mpc_secbf,8,1.269897,true,osqp,optimal,75,3.523048,0,2.187117,fallback,true,0.684469,0.306598,0.671439,0.301189,,,0.735898,0.000052,3.656537,1.364541
head_on,context_ext,Proposed MPC-SECBF,61,6.100,1.021829,-0.527701,0.671439,0.301189,0.421666,-1.050000,0.080000,-0.500000,0.000000,child,approaching,distracted,,0.000000,0.625000,2.159114,1.559114,0.337812,0.289218,0.337812,0.289218,0.000000,0.289218,0.000000,1.559114,1.559114,1.269897,1.269897,0.000000,horizon_mpc_secbf,8,1.374674,true,osqp,optimal,75,4.014637,0,2.309213,fallback,true,0.684478,0.306577,0.671443,0.301180,,,0.735898,0.000010,3.730127,1.290952
head_on,context_ext,Proposed MPC-SECBF,62,6.200,1.088973,-0.497583,0.671443,0.301180,0.421652,-1.100000,0.080000,-0.500000,0.000000,child,approaching,distracted,,0.000000,0.625000,2.263892,1.663892,0.337812,0.289218,0.337812,0.289218,0.000000,0.289218,0.000000,1.663892,1.663892,1.374674,1.374674,0.000000,horizon_mpc_secbf,8,1.480994,true,osqp,optimal,75,4.060775,0,2.430525,fallback,true,0.684489,0.306554,0.671452,0.301159,,,0.735897,0.000022,3.803717,1.217362
head_on,context_ext,Proposed MPC-SECBF,63,6.300,1.156118,-0.467467,0.671452,0.301159,0.421622,-1.150000,0.080000,-0.500000,0.000000,child,approaching,distracted,,0.000000,0.625000,2.370211,1.770211,0.337812,0.289218,0.337812,0.289218,0.000000,0.289218,0.000000,1.770211,1.770211,1.480994,1.480994,0.000000,horizon_mpc_secbf,8,1.588657,true,osqp,optimal,75,4.075958,0,2.551222,fallback,true,0.684499,0.306530,0.671462,0.301135,,,0.735896,0.000026,3.877307,1.143772
head_on,context_ext,Proposed MPC-SECBF,64,6.400,1.223264,-0.437354,0.671462,0.301135,0.421587,-1.200000,0.080000,-0.500000,0.000000,child,approaching,distracted,,0.000000,0.625000,2.477875,1.877875,0.337812,0.289218,0.337812,0.289218,0.000000,0.289218,0.000000,1.877875,1.877875,1.588657,1.588657,0.000000,horizon_mpc_secbf,8,1.697498,true,osqp,optimal,75,3.191782,0,2.671443,fallback,true,0.684511,0.306504,0.671472,0.301110,,,0.735895,0.000028,3.950896,1.070183
head_on,context_ext,Proposed MPC-SECBF,65,6.500,1.290411,-0.407243,0.671472,0.301110,0.421549,-1.250000,0.080000,-0.500000,0.000000,child,approaching,distracted,,0.000000,0.625000,2.586715,1.986715,0.337812,0.289218,0.337812,0.289218,0.000000,0.289218,0.000000,1.986715,1.986715,1.697498,1.697498,0.000000,horizon_mpc_secbf,8,1.807372,true,osqp,optimal,75,3.061660,0,2.791298,fallback,true,0.684523,0.306476,0.671484,0.301082,,,0.735895,0.000030,4.024486,0.996593
head_on,context_ext,Proposed MPC-SECBF,66,6.600,1.357560,-0.377135,0.671484,0.301082,0.421508,-1.300000,0.080000,-0.500000,0.000000,child,approaching,distracted,,0.000000,0.625000,2.696590,2.096590,0.337812,0.289218,0.337812,0.289218,0.000000,0.289218,0.000000,2.096590,2.096590,1.807372,1.807372,0.000000,horizon_mpc_secbf,8,1.918160,true,osqp,optimal,75,3.152964,0,2.910877,fallback,true,0.684537,0.306446,0.671496,0.301052,,,0.735894,0.000032,4.098075,0.923004
head_on,context_ext,Proposed MPC-SECBF,67,6.700,1.424710,-0.347029,0.671496,0.301052,0.421464,-1.350000,0.080000,-0.500000,0.000000,child,approaching,distracted,,0.000000,0.625000,2.807377,2.207377,0.337812,0.289218,0.337812,0.289218,0.000000,0.289218,0.000000,2.207377,2.207377,1.918160,1.918160,0.000000,horizon_mpc_secbf,8,2.029756,true,osqp,optimal,75,2.980559,0,3.030249,fallback,true,0.684551,0.306414,0.671510,0.301019,,,0.735893,0.000035,4.171664,0.849414
head_on,context_ext,Proposed MPC-SECBF,68,6.800,1.491860,-0.316927,0.671510,0.301019,0.421417,-1.400000,0.080000,-0.500000,0.000000,child,approaching,distracted,,0.000000,0.625000,2.918974,2.318974,0.337812,0.289218,0.337812,0.289218,0.000000,0.289218,0.000000,2.318974,2.318974,2.029756,2.029756,0.000000,horizon_mpc_secbf,8,2.142073,true,osqp,optimal,75,3.491336,0,3.149471,fallback,true,0.684567,0.306378,0.671525,0.300984,,,0.735892,0.000038,4.245253,0.775825
head_on,context_ext,Proposed MPC-SECBF,69,6.900,1.559013,-0.286829,0.671525,0.300984,0.421364,-1.450000,0.080000,-0.500000,0.000000,child,approaching,distracted,,0.000000,0.625000,3.031291,2.431291,0.337812,0.289218,0.337812,0.289218,0.000000,0.289218,0.000000,2.431291,2.431291,2.142073,2.142073,0.000000,horizon_mpc_secbf,8,2.255033,true,osqp,optimal,75,3.179639,0,3.268585,fallback,true,0.684585,0.306338,0.671541,0.300945,,,0.735890,0.000042,4.318842,0.702236
head_on,context_ext,Proposed MPC-SECBF,70,7.000,1.626167,-0.256735,0.671541,0.300945,0.421307,-1.500000,0.080000,-0.500000,0.000000,child,approaching,distracted,,0.000000,0.625000,3.144250,2.544250,0.337812,0.289218,0.337812,0.289218,0.000000,0.289218,0.000000,2.544250,2.544250,2.255033,2.255033,0.000000,horizon_mpc_secbf,8,2.368569,true,osqp,optimal,75,4.700285,0,3.387629,fallback,true,0.684605,0.306294,0.671559,0.300901,,,0.735889,0.000047,4.392431,0.628647
head_on,context_ext,Proposed MPC-SECBF,71,7.100,1.693323,-0.226644,0.671559,0.300901,0.421242,-1.550000,0.080000,-0.500000,0.000000,child,approaching,distracted,,0.000000,0.625000,3.257787,2.657787,0.337812,0.289218,0.337812,0.289218,0.000000,0.289218,0.000000,2.657787,2.657787,2.368569,2.368569,0.000000,horizon_mpc_secbf,8,2.482624,true,osqp,optimal,75,4.436243,0,3.506629,fallback,true,0.684627,0.306244,0.671579,0.300852,,,0.735888,0.000053,4.466020,0.555058
head_on,context_ext,Proposed MPC-SECBF,72,7.200,1.760481,-0.196559,0.671579,0.300852,0.421170,-1.600000,0.080000,-0.500000,0.000000,child,approaching,distracted,,0.000000,0.625000,3.371842,2.771842,0.337812,0.289218,0.337812,0.289218,0.000000,0.289218,0.000000,2.771842,2.771842,2.482624,2.482624,0.000000,horizon_mpc_secbf,8,2.597147,true,osqp,optimal,75,3.759827,0,3.625608,fallback,true,0.684653,0.306187,0.671603,0.300795,,,0.735886,0.000061,4.539609,0.481469
head_on,context_ext,Proposed MPC-SECBF,73,7.300,1.827641,-0.166480,0.671603,0.300795,0.421086,-1.650000,0.080000,-0.500000,0.000000,child,approaching,distracted,,0.000000,0.625000,3.486365,2.886365,0.337812,0.289218,0.337812,0.289218,0.000000,0.289218,0.000000,2.886365,2.886365,2.597147,2.597147,0.000000,horizon_mpc_secbf,8,2.712095,true,osqp,optimal,75,2.842941,0,3.744585,fallback,true,0.684683,0.306119,0.671631,0.300728,,,0.735884,0.000072,4.613197,0.407881
head_on,context_ext,Proposed MPC-SECBF,74,7.400,1.894804,-0.136407,0.671631,0.300728,0.420988,-1.700000,0.080000,-0.500000,0.000000,child,approaching,distracted,,0.000000,0.625000,3.601312,3.001312,0.337812,0.289218,0.337812,0.289218,0.000000,0.289218,0.000000,3.001312,3.001312,2.712095,2.712095,0.000000,horizon_mpc_secbf,8,2.827427,true,osqp,optimal,75,2.869514,0,3.863575,fallback,true,0.684721,0.306035,0.671664,0.300647,,,0.735881,0.000088,4.686785,0.334292
head_on,context_ext,Proposed MPC-SECBF,75,7.500,1.961971,-0.106342,0.671664,0.300647,0.420869,-1.750000,0.080000,-0.500000,0.000000,child,approaching,distracted,,0.000000,0.625000,3.716645,3.116645,0.337812,0.289218,0.337812,0.289218,0.000000,0.289218,0.000000,3.116645,3.116645,2.827427,2.827427,0.000000,horizon_mpc_secbf,8,2.943112,true,osqp,optimal,75,3.063839,0,3.982593,fallback,true,0.684769,0.305928,0.671707,0.300543,,,0.735878,0.000112,4.760373,0.260704
head_on,context_ext,Proposed MPC-SECBF,76,7.600,2.029141,-0.076288,0.671707,0.300543,0.420716,-1.800000,0.080000,-0.500000,0.000000,child,approaching,distracted,,0.000000,0.625000,3.832329,3.232329,0.337812,0.289218,0.337812,0.289218,0.000000,0.289218,0.000000,3.232329,3.232329,2.943112,2.943112,0.000000,horizon_mpc_secbf,8,3.059119,true,osqp,optimal,75,3.502044,0,4.101653,fallback,true,0.684836,0.305778,0.671767,0.300399,,,0.735874,0.000156,4.833960,0.187116
head_on,context_ext,Proposed MPC-SECBF,77,7.700,2.096318,-0.046248,0.671767,0.300399,0.420504,-1.850000,0.080000,-0.500000,0.000000,child,approaching,distracted,,0.000000,0.625000,3.948337,3.348337,0.337812,0.289218,0.337812,0.289218,0.000000,0.289218,0.000000,3.348337,3.348337,3.059119,3.059119,0.000000,horizon_mpc_secbf,8,3.175426,true,osqp,optimal,75,3.686204,0,4.220787,fallback,true,0.684948,0.305526,0.671865,0.300164,,,0.735867,0.000255,4.907547,0.113529
head_on,context_ext,Proposed MPC-SECBF,78,7.800,2.163504,-0.016232,0.671865,0.300164,0.420158,-1.900000,0.080000,-0.500000,0.000000,child,approaching,distracted,,0.000000,0.625000,4.064644,3.464644,0.337812,0.289218,0.337812,0.289218,0.000000,0.289218,0.000000,3.464644,3.464644,3.175426,3.175426,0.000000,horizon_mpc_secbf,8,3.266773,true,osqp,optimal,50,3.515177,0,4.088378,fallback,true,0.364955,0.162317,0.417612,0.185968,,,0.457147,0.278720,4.953262,0.039942
head_on,context_ext,Proposed MPC-SECBF,79,7.900,2.205266,0.002365,0.417612,0.185968,0.418949,-1.950000,0.080000,-0.500000,0.000000,child,approaching,distracted,,0.000000,0.625000,4.155991,3.555991,0.337812,0.289218,0.337812,0.289218,0.000000,0.289218,0.000000,3.555991,3.555991,3.266773,3.266773,0.000000,horizon_mpc_secbf,8,3.316775,true,osqp,optimal,50,5.188449,0,3.766794,fallback,true,-0.052657,-0.023651,0.000103,-0.000228,,,0.000251,0.457146,4.953287,0.005772
head_on,context_ext,Proposed MPC-SECBF,80,8.000,2.205276,0.002342,0.000103,-0.000228,-1.146319,-2.000000,0.080000,-0.500000,0.000000,child,approaching,distracted,,0.000000,0.625000,4.205993,3.605993,0.337812,0.289218,0.337812,0.289218,0.000000,0.289218,0.000000,3.605993,3.605993,3.316775,3.316775,0.000000,horizon_mpc_secbf,8,3.362435,true,osqp,optimal,50,4.027559,0,3.773366,fallback,true,-0.052760,-0.023422,-0.043690,-0.019443,,,0.047821,0.047823,4.958069,0.005773
head_on,context_ext,Proposed MPC-SECBF,81,8.100,2.200907,0.000398,-0.043690,-0.019443,-2.722890,-2.050000,0.080000,-0.500000,0.000000,child,approaching,distracted,,0.000000,0.625000,4.251652,3.651652,0.337812,0.289218,0.337812,0.289218,0.000000,0.289218,0.000000,3.651652,3.651652,3.362435,3.362435,0.000000,horizon_mpc_secbf,8,3.410938,true,osqp,optimal,50,3.154944,0,3.847464,fallback,true,-0.009070,-0.003979,-0.015010,-0.006633,,,0.016410,0.031411,4.959710,0.000990
head_on,context_ext,Proposed MPC-SECBF,82,8.200,2.199406,-0.000265,-0.015010,-0.006633,-2.725512,-2.100000,0.080000,-0.500000,0.000000,child,approaching,distracted,,0.000000,0.625000,4.300155,3.700155,0.337812,0.289218,0.337812,0.289218,0.000000,0.289218,0.000000,3.700155,3.700155,3.410938,3.410938,0.000000,horizon_mpc_secbf,8,3.461161,true,osqp,optimal,25,2.993035,0,3.913170,fallback,true,0.005940,0.002653,0.002340,0.001060,,,0.002569,0.018979,4.959967,0.000651
head_on,context_ext,Proposed MPC-SECBF,83,8.300,2.199640,-0.000159,0.002340,0.001060,0.425316,-2.150000,0.080000,-0.500000,0.000000,child,approaching,distracted,,0.000000,0.625000,4.350379,3.750379,0.337812,0.289218,0.337812,0.289218,0.000000,0.289218,0.000000,3.750379,3.750379,3.461161,3.461161,0.000000,horizon_mpc_secbf,8,3.511488,true,osqp,optimal,25,2.877083,0,3.964428,fallback,true,0.003600,0.001593,0.003380,0.001502,,,0.003699,0.001130,4.960337,0.000394
head_on,context_ext,Proposed MPC-SECBF,84,8.400,2.199978,-0.000009,0.003380,0.001502,0.418095,-2.200000,0.080000,-0.500000,0.000000,child,approaching,distracted,,0.000000,0.625000,4.400705,3.800705,0.337812,0.289218,0.337812,0.289218,0.000000,0.289218,0.000000,3.800705,3.800705,3.511488,3.511488,0.000000,horizon_mpc_secbf,8,3.561555,true,osqp,optimal,25,3.760011,0,4.012161,fallback,true,0.000220,0.000091,0.000762,0.000333,,,0.000831,0.002867,4.960420,0.000024
head_on,context_ext,Proposed MPC-SECBF,85,8.500,2.200054,0.000024,0.000762,0.000333,0.412608,-2.250000,0.080000,-0.500000,0.000000,child,approaching,distracted,,0.000000,0.625000,4.450773,3.850773,0.337812,0.289218,0.337812,0.289218,0.000000,0.289218,0.000000,3.850773,3.850773,3.561555,3.561555,0.000000,horizon_mpc_secbf,8,3.611516,true,osqp,optimal,25,3.675391,0,4.061159,fallback,true,-0.000542,-0.000242,-0.000318,-0.000143,,,0.000348,0.001180,4.960455,0.000059
head_on,context_ext,Proposed MPC-SECBF,86,8.600,2.200022,0.000010,-0.000318,-0.000143,-2.717982,-2.300000,0.080000,-0.500000,0.000000,child,approaching,distracted,,0.000000,0.625000,4.500733,3.900733,0.337812,0.289218,0.337812,0.289218,0.000000,0.289218,0.000000,3.900733,3.900733,3.611516,3.611516,0.000000,horizon_mpc_secbf,8,3.661484,true,osqp,optimal,25,4.077478,0,4.111199,fallback,true,-0.000224,-0.000099,-0.000240,-0.000106,,,0.000262,0.000086,4.960481,0.000024
head_on,context_ext,Proposed MPC-SECBF,87,8.700,2.199998,-0.000001,-0.000240,-0.000106,-2.724405,-2.350000,0.080000,-0.500000,0.000000,child,approaching,distracted,,0.000000,0.625000,4.550702,3.950702,0.337812,0.289218,0.337812,0.289218,0.000000,0.289218,0.000000,3.950702,3.950702,3.661484,3.661484,0.000000,horizon_mpc_secbf,8,3.711476,true,osqp,optimal,25,4.656372,0,4.161406,fallback,true,0.000016,0.000008,-0.000001,0.000001,,,0.000002,0.000263,4.960481,0.000002
head_on,context_ext,Proposed MPC-SECBF,88,8.800,2.199998,-0.000001,-0.000001,0.000001,1.957414,-2.400000,0.080000,-0.500000,0.000000,child,approaching,distracted,,0.000000,0.625000,4.600694,4.000694,0.337812,0.289218,0.337812,0.289218,0.000000,0.289218,0.000000,4.000694,4.000694,3.711476,3.711476,0.000000,horizon_mpc_secbf,8,3.761470,true,osqp,optimal,25,4.730805,0,4.211414,fallback,true,0.000016,0.000006,0.000013,0.000005,,,0.000014,0.000015,4.960483,0.000002
head_on,context_ext,Proposed MPC-SECBF,89,8.900,2.200000,-0.000000,0.000013,0.000005,0.382655,-2.450000,0.080000,-0.500000,0.000000,child,approaching,distracted,,0.000000,0.625000,4.650688,4.050688,0.337812,0.289218,0.337812,0.289218,0.000000,0.289218,0.000000,4.050688,4.050688,3.761470,3.761470,0.000000,horizon_mpc_secbf,8,3.811463,true,osqp,optimal,25,3.941745,0,4.261401,fallback,true,0.000003,0.000001,0.000005,0.000002,,,0.000005,0.000010,4.960483,0.000000
head_on,context_ext,Proposed MPC-SECBF,90,9.000,2.200000,0.000000,0.000005,0.000002,0.329897,-2.500000,0.080000,-0.500000,0.000000,child,approaching,distracted,,0.000000,0.625000,4.700681,4.100681,0.337812,0.289218,0.337812,0.289218,0.000000,0.289218,0.000000,4.100681,4.100681,3.811463,3.811463,0.000000,horizon_mpc_secbf,8,3.861456,true,osqp,optimal,25,3.021594,0,4.311390,fallback,true,-0.000002,-0.000001,-0.000001,-0.000000,,,0.000001,0.000006,4.960483,0.000000
head_on,context_ext,Proposed MPC-SECBF,91,9.100,2.200000,0.000000,-0.000001,-0.000000,-2.639784,-2.550000,0.080000,-0.500000,0.000000,child,approaching,distracted,,0.000000,0.625000,4.750674,4.150674,0.337812,0.289218,0.337812,0.289218,0.000000,0.289218,0.000000,4.150674,4.150674,3.861456,3.861456,0.000000,horizon_mpc_secbf,8,3.911449,true,osqp,optimal,25,2.957222,0,4.361384,fallback,true,-0.000001,-0.000000,-0.000001,-0.000000,,,0.000001,0.000000,4.960483,0.000000
head_on,context_ext,Proposed MPC-SECBF,92,9.200,2.200000,0.000000,-0.000001,-0.000000,-2.771154,-2.600000,0.080000,-0.500000,0.000000,child,approaching,distracted,,0.000000,0.625000,4.800667,4.200667,0.337812,0.289218,0.337812,0.289218,0.000000,0.289218,0.000000,4.200667,4.200667,3.911449,3.911449,0.000000,horizon_mpc_secbf,8,3.961442,true,osqp,optimal,25,3.168223,0,4.411379,fallback,true,-0.000000,-0.000000,-0.000000,-0.000000,,,0.000000,0.000001,4.960483,0.000000
head_on,context_ext,Proposed MPC-SECBF,93,9.300,2.200000,-0.000000,-0.000000,-0.000000,-2.841392,-2.650000,0.080000,-0.500000,0.000000,child,approaching,distracted,,0.000000,0.625000,4.850660,4.250660,0.337812,0.289218,0.337812,0.289218,0.000000,0.289218,0.000000,4.250660,4.250660,3.961442,3.961442,0.000000,horizon_mpc_secbf,8,4.011435,true,osqp,optimal,25,3.832289,0,4.461374,fallback,true,0.000000,0.000000,0.000000,0.000000,,,0.000000,0.000000,4.960483,0.000000
head_on,context_ext,Proposed MPC-SECBF,94,9.400,2.200000,-0.000000,0.000000,0.000000,0.429587,-2.700000,0.080000,-0.500000,0.000000,child,approaching,distracted,,0.000000,0.625000,4.900653,4.300653,0.337812,0.289218,0.337812,0.289218,0.000000,0.289218,0.000000,4.300653,4.300653,4.011435,4.011435,0.000000,horizon_mpc_secbf,8,4.061429,true,osqp,optimal,25,3.048742,0,4.511369,fallback,true,0.000000,0.000000,0.000000,0.000000,,,0.000000,0.000000,4.960483,0.000000
head_on,context_ext,Proposed MPC-SECBF,95,9.500,2.200000,0.000000,0.000000,0.000000,0.358440,-2.750000,0.080000,-0.500000,0.000000,child,approaching,distracted,,0.000000,0.625000,4.950646,4.350646,0.337812,0.289218,0.337812,0.289218,0.000000,0.289218,0.000000,4.350646,4.350646,4.061429,4.061429,0.000000,horizon_mpc_secbf,8,4.111422,true,osqp,optimal,25,3.842004,0,4.561364,fallback,true,0.000000,0.000000,0.000000,0.000000,,,0.000000,0.000000,4.960483,0.000000
head_on,context_ext,Proposed MPC-SECBF,96,9.600,2.200000,0.000000,0.000000,0.000000,0.358280,-2.800000,0.080000,-0.500000,0.000000,child,approaching,distracted,,0.000000,0.625000,5.000640,4.400640,0.337812,0.289218,0.337812,0.289218,0.000000,0.289218,0.000000,4.400640,4.400640,4.111422,4.111422,0.000000,horizon_mpc_secbf,8,4.161416,true,osqp,optimal,25,4.080198,0,4.611358,fallback,true,-0.000000,-0.000000,-0.000000,-0.000000,,,0.000000,0.000000,4.960483,0.000000
head_on,context_ext,Proposed MPC-SECBF,97,9.700,2.200000,0.000000,-0.000000,-0.000000,-2.684198,-2.850000,0.080000,-0.500000,0.000000,child,approaching,distracted,,0.000000,0.625000,5.050634,4.450634,0.337812,0.289218,0.337812,0.289218,0.000000,0.289218,0.000000,4.450634,4.450634,4.161416,4.161416,0.000000,horizon_mpc_secbf,8,4.211410,true,osqp,optimal,25,4.421197,0,4.661353,fallback,true,0.000000,0.000000,-0.000000,-0.000000,,,0.000000,0.000000,4.960483,0.000000
head_on,context_ext,Proposed MPC-SECBF,98,9.800,2.200000,0.000000,-0.000000,-0.000000,-1.585913,-2.900000,0.080000,-0.500000,0.000000,child,approaching,distracted,,0.000000,0.625000,5.100627,4.500627,0.337812,0.289218,0.337812,0.289218,0.000000,0.289218,0.000000,4.500627,4.500627,4.211410,4.211410,0.000000,horizon_mpc_secbf,8,4.261404,true,osqp,optimal,25,3.048927,0,4.711348,fallback,true,0.000000,0.000000,-0.000000,-0.000000,,,0.000000,0.000000,4.960483,0.000000
head_on,context_ext,Proposed MPC-SECBF,99,9.900,2.200000,0.000000,-0.000000,-0.000000,-1.585913,-2.950000,0.080000,-0.500000,0.000000,child,approaching,distracted,,0.000000,0.625000,5.150621,4.550621,0.337812,0.289218,0.337812,0.289218,0.000000,0.289218,0.000000,4.550621,4.550621,4.261404,4.261404,0.000000,horizon_mpc_secbf,8,4.311398,true,osqp,optimal,25,2.957394,0,4.761343,fallback,true,0.000000,0.000000,-0.000000,-0.000000,,,0.000000,0.000000,4.960483,0.000000
head_on,context_ext,Proposed MPC-SECBF,100,10.000,2.200000,0.000000,-0.000000,-0.000000,-1.585913,-3.000000,0.080000,-0.500000,0.000000,child,approaching,distracted,,0.000000,0.625000,5.200615,4.600615,0.337812,0.289218,0.337812,0.289218,0.000000,0.289218,0.000000,4.600615,4.600615,4.311398,4.311398,0.000000,horizon_mpc_secbf,8,4.361392,true,osqp,optimal,25,2.988038,0,4.811339,fallback,true,0.000000,0.000000,-0.000000,-0.000000,,,0.000000,0.000000,4.960483,0.000000
head_on,context_ext,Proposed MPC-SECBF,101,10.100,2.200000,0.000000,-0.000000,-0.000000,-1.585913,-3.050000,0.080000,-0.500000,0.000000,child,approaching,distracted,,0.000000,0.625000,5.250609,4.650609,0.337812,0.289218,0.337812,0.289218,0.000000,0.289218,0.000000,4.650609,4.650609,4.361392,4.361392,0.000000,horizon_mpc_secbf,8,4.411386,true,osqp,optimal,25,3.216463,0,4.861334,fallback,true,0.000000,0.000000,0.000000,-0.000000,,,0.000000,0.000000,4.960483,0.000000
head_on,context_ext,Proposed MPC-SECBF,102,10.200,2.200000,0.000000,0.000000,-0.000000,-1.585913,-3.100000,0.080000,-0.500000,0.000000,child,approaching,distracted,,0.000000,0.625000,5.300604,4.700604,0.337812,0.289218,0.337812,0.289218,0.000000,0.289218,0.000000,4.700604,4.700604,4.411386,4.411386,0.000000,horizon_mpc_secbf,8,4.461381,true,osqp,optimal,25,3.739366,0,4.911329,fallback,true,0.000000,0.000000,0.000000,-0.000000,,,0.000000,0.000000,4.960483,0.000000
head_on,context_ext,Proposed MPC-SECBF,103,10.300,2.200000,0.000000,0.000000,-0.000000,-1.585913,-3.150000,0.080000,-0.500000,0.000000,child,approaching,distracted,,0.000000,0.625000,5.350598,4.750598,0.337812,0.289218,0.337812,0.289218,0.000000,0.289218,0.000000,4.750598,4.750598,4.461381,4.461381,0.000000,horizon_mpc_secbf,8,4.511375,true,osqp,optimal,25,2.971273,0,4.961325,fallback,true,0.000000,0.000000,0.000000,-0.000000,,,0.000000,0.000000,4.960483,0.000000
head_on,context_ext,Proposed MPC-SECBF,104,10.400,2.200000,0.000000,0.000000,-0.000000,-1.585913,-3.200000,0.080000,-0.500000,0.000000,child,approaching,distracted,,0.000000,0.625000,5.400593,4.800593,0.337812,0.289218,0.337812,0.289218,0.000000,0.289218,0.000000,4.800593,4.800593,4.511375,4.511375,0.000000,horizon_mpc_secbf,8,4.561370,true,osqp,optimal,25,4.117647,0,5.011320,fallback,true,0.000000,0.000000,0.000000,-0.000000,,,0.000000,0.000000,4.960483,0.000000
head_on,context_ext,Proposed MPC-SECBF,105,10.500,2.200000,0.000000,0.000000,-0.000000,-1.585913,-3.250000,0.080000,-0.500000,0.000000,child,approaching,distracted,,0.000000,0.625000,5.450587,4.850587,0.337812,0.289218,0.337812,0.289218,0.000000,0.289218,0.000000,4.850587,4.850587,4.561370,4.561370,0.000000,horizon_mpc_secbf,8,4.611364,true,osqp,optimal,25,4.399933,0,5.061316,fallback,true,0.000000,0.000000,0.000000,-0.000000,,,0.000000,0.000000,4.960483,0.000000
head_on,context_ext,Proposed MPC-SECBF,106,10.600,2.200000,0.000000,0.000000,-0.000000,-1.585913,-3.300000,0.080000,-0.500000,0.000000,child,approaching,distracted,,0.000000,0.625000,5.500582,4.900582,0.337812,0.289218,0.337812,0.289218,0.000000,0.289218,0.000000,4.900582,4.900582,4.611364,4.611364,0.000000,horizon_mpc_secbf,8,4.661359,true,osqp,optimal,25,3.611135,0,5.111311,fallback,true,0.000000,0.000000,0.000000,-0.000000,,,0.000000,0.000000,4.960483,0.000000
head_on,context_ext,Proposed MPC-SECBF,107,10.700,2.200000,0.000000,0.000000,-0.000000,-1.585913,-3.350000,0.080000,-0.500000,0.000000,child,approaching,distracted,,0.000000,0.625000,5.550577,4.950577,0.337812,0.289218,0.337812,0.289218,0.000000,0.289218,0.000000,4.950577,4.950577,4.661359,4.661359,0.000000,horizon_mpc_secbf,8,4.711354,true,osqp,optimal,25,3.604050,0,5.161307,fallback,true,0.000000,0.000000,0.000000,-0.000000,,,0.000000,0.000000,4.960483,0.000000
head_on,context_ext,Proposed MPC-SECBF,108,10.800,2.200000,0.000000,0.000000,-0.000000,-1.585913,-3.400000,0.080000,-0.500000,0.000000,child,approaching,distracted,,0.000000,0.625000,5.600571,5.000571,0.337812,0.289218,0.337812,0.289218,0.000000,0.289218,0.000000,5.000571,5.000571,4.711354,4.711354,0.000000,horizon_mpc_secbf,8,4.761349,true,osqp,optimal,25,3.568313,0,5.211303,fallback,true,0.000000,0.000000,0.000000,-0.000000,,,0.000000,0.000000,4.960483,0.000000
head_on,context_ext,Proposed MPC-SECBF,109,10.900,2.200000,0.000000,0.000000,-0.000000,-1.585913,-3.450000,0.080000,-0.500000,0.000000,child,approaching,distracted,,0.000000,0.625000,5.650566,5.050566,0.337812,0.289218,0.337812,0.289218,0.000000,0.289218,0.000000,5.050566,5.050566,4.761349,4.761349,0.000000,horizon_mpc_secbf,8,4.811344,true,osqp,optimal,25,2.854615,0,5.261299,fallback,true,0.000000,0.000000,0.000000,-0.000000,,,0.000000,0.000000,4.960483,0.000000
head_on,context_ext,Proposed MPC-SECBF,110,11.000,2.200000,0.000000,0.000000,-0.000000,-1.585913,-3.500000,0.080000,-0.500000,0.000000,child,approaching,distracted,,0.000000,0.625000,5.700561,5.100561,0.337812,0.289218,0.337812,0.289218,0.000000,0.289218,0.000000,5.100561,5.100561,4.811344,4.811344,0.000000,horizon_mpc_secbf,8,4.861339,true,osqp,optimal,25,3.738313,0,5.311295,fallback,true,0.000000,0.000000,0.000000,-0.000000,,,0.000000,0.000000,4.960483,0.000000
head_on,context_ext,Proposed MPC-SECBF,111,11.100,2.200000,0.000000,0.000000,-0.000000,-1.585913,-3.550000,0.080000,-0.500000,0.000000,child,approaching,distracted,,0.000000,0.625000,5.750556,5.150556,0.337812,0.289218,0.337812,0.289218,0.000000,0.289218,0.000000,5.150556,5.150556,4.861339,4.861339,0.000000,horizon_mpc_secbf,8,4.911334,true,osqp,optimal,25,3.072912,0,5.361291,fallback,true,0.000000,0.000000,0.000000,-0.000000,,,0.000000,0.000000,4.960483,0.000000
head_on,context_ext,Proposed MPC-SECBF,112,11.200,2.200000,0.000000,0.000000,-0.000000,-1.585913,-3.600000,0.080000,-0.500000,0.000000,child,approaching,distracted,,0.000000,0.625000,5.800552,5.200552,0.337812,0.289218,0.337812,0.289218,0.000000,0.289218,0.000000,5.200552,5.200552,4.911334,4.911334,0.000000,horizon_mpc_secbf,8,4.961329,true,osqp,optimal,25,3.005789,0,5.411287,fallback,true,0.000000,0.000000,0.000000,-0.000000,,,0.000000,0.000000,4.960483,0.000000
head_on,context_ext,Proposed MPC-SECBF,113,11.300,2.200000,0.000000,0.000000,-0.000000,-1.585913,-3.650000,0.080000,-0.500000,0.000000,child,approaching,distracted,,0.000000,0.625000,5.850547,5.250547,0.337812,0.289218,0.337812,0.289218,0.000000,0.289218,0.000000,5.250547,5.250547,4.961329,4.961329,0.000000,horizon_mpc_secbf,8,5.011325,true,osqp,optimal,25,4.539012,0,5.461283,fallback,true,0.000000,0.000000,0.000000,-0.000000,,,0.000000,0.000000,4.960483,0.000000
head_on,context_ext,Proposed MPC-SECBF,114,11.400,2.200000,0.000000,0.000000,-0.000000,-1.585913,-3.700000,0.080000,-0.500000,0.000000,child,approaching,distracted,,0.000000,0.625000,5.900542,5.300542,0.337812,0.289218,0.337812,0.289218,0.000000,0.289218,0.000000,5.300542,5.300542,5.011325,5.011325,0.000000,horizon_mpc_secbf,8,5.061320,true,osqp,optimal,25,4.163610,0,5.511279,fallback,true,0.000000,0.000000,0.000000,-0.000000,,,0.000000,0.000000,4.960483,0.000000
head_on,context_ext,Proposed MPC-SECBF,115,11.500,2.200000,0.000000,0.000000,-0.000000,-1.585913,-3.750000,0.080000,-0.500000,0.000000,child,approaching,distracted,,0.000000,0.625000,5.950538,5.350538,0.337812,0.289218,0.337812,0.289218,0.000000,0.289218,0.000000,5.350538,5.350538,5.061320,5.061320,0.000000,horizon_mpc_secbf,8,5.111316,true,osqp,optimal,25,3.799857,0,5.561275,fallback,true,0.000000,0.000000,0.000000,-0.000000,,,0.000000,0.000000,4.960483,0.000000
head_on,context_ext,Proposed MPC-SECBF,116,11.600,2.200000,0.000000,0.000000,-0.000000,-1.585913,-3.800000,0.080000,-0.500000,0.000000,child,approaching,distracted,,0.000000,0.625000,6.000533,5.400533,0.337812,0.289218,0.337812,0.289218,0.000000,0.289218,0.000000,5.400533,5.400533,5.111316,5.111316,0.000000,horizon_mpc_secbf,8,5.161311,true,osqp,optimal,25,3.502508,0,5.611271,fallback,true,0.000000,0.000000,0.000000,-0.000000,,,0.000000,0.000000,4.960483,0.000000
head_on,context_ext,Proposed MPC-SECBF,117,11.700,2.200000,0.000000,0.000000,-0.000000,-1.585913,-3.850000,0.080000,-0.500000,0.000000,child,approaching,distracted,,0.000000,0.625000,6.050529,5.450529,0.337812,0.289218,0.337812,0.289218,0.000000,0.289218,0.000000,5.450529,5.450529,5.161311,5.161311,0.000000,horizon_mpc_secbf,8,5.211307,true,osqp,optimal,25,3.284051,0,5.661268,fallback,true,0.000000,0.000000,0.000000,-0.000000,,,0.000000,0.000000,4.960483,0.000000
head_on,context_ext,Proposed MPC-SECBF,118,11.800,2.200000,0.000000,0.000000,-0.000000,-1.585913,-3.900000,0.080000,-0.500000,0.000000,child,approaching,distracted,,0.000000,0.625000,6.100525,5.500525,0.337812,0.289218,0.337812,0.289218,0.000000,0.289218,0.000000,5.500525,5.500525,5.211307,5.211307,0.000000,horizon_mpc_secbf,8,5.261303,true,osqp,optimal,25,3.127897,0,5.711264,fallback,true,0.000000,0.000000,0.000000,-0.000000,,,0.000000,0.000000,4.960483,0.000000
head_on,context_ext,Proposed MPC-SECBF,119,11.900,2.200000,0.000000,0.000000,-0.000000,-1.585913,-3.950000,0.080000,-0.500000,0.000000,child,approaching,distracted,,0.000000,0.625000,6.150520,5.550520,0.337812,0.289218,0.337812,0.289218,0.000000,0.289218,0.000000,5.550520,5.550520,5.261303,5.261303,0.000000,horizon_mpc_secbf,8,5.311299,true,osqp,optimal,25,3.890395,0,5.761260,fallback,true,0.000000,0.000000,0.000000,-0.000000,,,0.000000,0.000000,4.960483,0.000000
