scenario,context_level,method,step,time,robot_x,robot_y,robot_vx,robot_vy,robot_theta,human_x,human_y,human_vx,human_vy,human_type,motion_state,attention_state,ttc,head_on_factor,crowding_factor,distance,clearance,beta_candidate,beta_final,beta_requested,beta_applied,beta_dynamic,beta_cbf,delta_beta,h_standard,h_ee,h_see,h_cbf,slack,controller_type,horizon_steps,predicted_min_h,solver_success,solver_backend,solver_status,solver_iterations,solve_time_ms,active_constraints,min_cbf_value,guard_status,guard_active,u_ref_x,u_ref_y,cmd_vx,cmd_vy,cmd_v,cmd_omega,speed,command_step,path_length,goal_error
local_crowding,context_ext,Standard MPC-CBF,0,0.000,-2.200000,-0.350000,0.000000,0.000000,0.000000,0.150000,-1.100000,-0.060000,0.420000,pedestrian,walking,unknown,10.098536,1.000000,1.000000,2.466779,1.866779,0.000000,0.000000,0.000000,0.000000,0.000000,0.000000,0.000000,1.866779,1.866779,1.866779,1.866779,0.000000,horizon_mpc_secbf,8,1.175207,true,osqp,optimal,75,3.594089,0,1.090305,geometric,false,0.750000,0.000000,0.621017,0.000000,,,0.621017,0.621017,0.062102,4.400000
local_crowding,context_ext,Standard MPC-CBF,1,0.100,-2.137898,-0.350000,0.621017,0.000000,0.000000,0.144000,-1.058000,-0.060000,0.420000,pedestrian,walking,unknown,2.308990,1.000000,1.000000,2.389210,1.789210,0.000000,0.000000,0.000000,0.000000,0.000000,0.000000,0.000000,1.789210,1.789210,1.789210,1.789210,0.000000,horizon_mpc_secbf,8,1.088865,true,osqp,optimal,75,3.592426,0,0.913958,geometric,false,0.750000,-0.000000,0.726100,0.000000,,,0.726100,0.105084,0.134712,4.337898
local_crowding,context_ext,Standard MPC-CBF,2,0.200,-2.065288,-0.350000,0.726100,0.000000,0.000001,0.138000,-1.016000,-0.060000,0.420000,pedestrian,walking,unknown,1.947079,1.000000,1.000000,2.301746,1.701746,0.000000,0.000000,0.000000,0.000000,0.000000,0.000000,0.000000,1.701746,1.701746,1.701746,1.701746,0.000000,horizon_mpc_secbf,8,1.003312,true,osqp,optimal,75,3.136333,0,0.818666,geometric,false,0.750000,-0.000000,0.735587,0.000002,,,0.735587,0.009487,0.208270,4.265288
local_crowding,context_ext,Standard MPC-CBF,3,0.300,-1.991730,-0.350000,0.735587,0.000002,0.000003,0.132000,-0.974000,-0.060000,0.420000,pedestrian,walking,unknown,1.829952,1.000000,1.000000,2.213505,1.613505,0.000000,0.000000,0.000000,0.000000,0.000000,0.000000,0.000000,1.613505,1.613505,1.613505,1.613505,0.000000,horizon_mpc_secbf,8,0.918453,true,osqp,optimal,75,3.937029,0,0.731787,geometric,false,0.750000,-0.000000,0.735588,0.000011,,,0.735588,0.000009,0.281829,4.191730
local_crowding,context_ext,Standard MPC-CBF,4,0.400,-1.918171,-0.349999,0.735588,0.000011,0.000015,0.126000,-0.932000,-0.060000,0.420000,pedestrian,walking,unknown,1.733055,1.000000,1.000000,2.125408,1.525408,0.000000,0.000000,0.000000,0.000000,0.000000,0.000000,0.000000,1.525408,1.525408,1.525408,1.525408,0.000000,horizon_mpc_secbf,8,0.834226,true,osqp,optimal,75,4.402015,0,0.645237,geometric,false,0.750000,-0.000000,0.735588,0.000059,,,0.735588,0.000048,0.355388,4.118171
local_crowding,context_ext,Standard MPC-CBF,5,0.500,-1.844612,-0.349993,0.735588,0.000059,0.000080,0.120000,-0.890000,-0.060000,0.420000,pedestrian,walking,unknown,1.636404,1.000000,1.000000,2.037476,1.437476,0.000000,0.000000,0.000000,0.000000,0.000000,0.000000,0.000000,1.437476,1.437476,1.437476,1.437476,0.000000,horizon_mpc_secbf,8,0.750580,true,osqp,optimal,75,4.012230,0,0.559112,geometric,false,0.750000,-0.000001,0.735588,0.000332,,,0.735588,0.000273,0.428947,4.044612
local_crowding,context_ext,Standard MPC-CBF,6,0.600,-1.771053,-0.349960,0.735588,0.000332,0.000451,0.114000,-0.848000,-0.060000,0.420000,pedestrian,walking,unknown,1.540102,1.000000,1.000000,1.949736,1.349736,0.000000,0.000000,0.000000,0.000000,0.000000,0.000000,0.000000,1.349736,1.349736,1.349736,1.349736,0.000000,horizon_mpc_secbf,8,0.667529,true,osqp,optimal,75,2.870030,0,0.473736,geometric,false,0.750000,-0.000008,0.735588,0.001873,,,0.735590,0.001542,0.502506,3.971053
local_crowding,context_ext,Standard MPC-CBF,7,0.700,-1.697494,-0.349772,0.735588,0.001873,0.002547,0.108000,-0.806000,-0.060000,0.420000,pedestrian,walking,unknown,1.444581,1.000000,1.000000,1.862244,1.262244,0.000000,0.000000,0.000000,0.000000,0.000000,0.000000,0.000000,1.262244,1.262244,1.262244,1.262244,0.000000,horizon_mpc_secbf,8,0.585785,true,osqp,optimal,75,3.102785,0,0.390597,geometric,false,0.750000,-0.000044,0.735588,0.010575,,,0.735664,0.008702,0.576072,3.897495
local_crowding,context_ext,Standard MPC-CBF,8,0.800,-1.623936,-0.348715,0.735588,0.010575,0.014375,0.102000,-0.764000,-0.060000,0.420000,pedestrian,walking,unknown,1.351900,1.000000,1.000000,1.775195,1.175195,0.000000,0.000000,0.000000,0.000000,0.000000,0.000000,0.000000,1.175195,1.175195,1.175195,1.175195,0.000000,horizon_mpc_secbf,8,0.505260,true,osqp,optimal,75,3.227899,0,0.310871,geometric,false,0.750000,-0.000252,0.735588,0.031811,,,0.736275,0.021236,0.649700,3.823936
local_crowding,context_ext,Standard MPC-CBF,9,0.900,-1.550377,-0.345534,0.735588,0.031811,0.043219,0.096000,-0.722000,-0.060000,0.420000,child,crossing,distracted,1.263043,1.000000,1.000000,1.688871,1.088871,0.000000,0.000000,0.000000,0.000000,0.000000,0.000000,0.000000,1.088871,1.088871,1.088871,1.088871,0.000000,horizon_mpc_secbf,8,0.425775,true,osqp,optimal,75,3.380843,0,0.231845,geometric,false,0.749999,-0.000893,0.735588,0.054581,,,0.737610,0.022770,0.723461,3.750380
local_crowding,context_ext,Standard MPC-CBF,10,1.000,-1.476818,-0.340076,0.735588,0.054581,0.074065,0.090000,-0.680000,-0.060000,0.420000,child,crossing,distracted,1.173444,1.000000,1.000000,1.603268,1.003268,0.000000,0.000000,0.000000,0.000000,0.000000,0.000000,0.000000,1.003268,1.003268,1.003268,1.003268,0.000000,horizon_mpc_secbf,8,0.347205,true,osqp,optimal,75,3.534258,0,0.153023,geometric,false,0.749997,-0.002024,0.735588,0.076900,,,0.739597,0.022319,0.797420,3.676832
local_crowding,context_ext,Standard MPC-CBF,11,1.100,-1.403259,-0.332386,0.735588,0.076900,0.104164,0.084000,-0.638000,-0.060000,0.420000,child,crossing,distracted,1.082475,1.000000,1.000000,1.518335,0.918335,0.000000,0.000000,0.000000,0.000000,0.000000,0.000000,0.000000,0.918335,0.918335,0.918335,0.918335,0.000000,horizon_mpc_secbf,8,0.269438,true,osqp,optimal,75,3.230695,0,0.074291,geometric,false,0.749991,-0.003666,0.735589,0.098374,,,0.742138,0.021474,0.871634,3.603302
local_crowding,context_ext,Standard MPC-CBF,12,1.200,-1.329700,-0.322548,0.735589,0.098374,0.132946,0.078000,-0.596000,-0.060000,0.420000,child,crossing,distracted,0.990138,1.000000,1.000000,1.434014,0.834014,0.000000,0.000000,0.000000,0.000000,0.000000,0.000000,0.000000,0.834014,0.834014,0.834014,0.834014,0.000000,horizon_mpc_secbf,8,0.192360,true,osqp,optimal,50,4.403560,0,-0.004393,geometric,false,0.749977,-0.005833,0.735585,0.118883,,,0.745130,0.020509,0.946147,3.529807
local_crowding,context_ext,Standard MPC-CBF,13,1.300,-1.256142,-0.310660,0.735585,0.118883,0.160231,0.072000,-0.554000,-0.060000,0.420000,child,crossing,distracted,0.896543,1.000000,1.000000,1.350250,0.750250,0.000000,0.000000,0.000000,0.000000,0.000000,0.000000,0.000000,0.750250,0.750250,0.750250,0.750250,0.000000,horizon_mpc_secbf,8,0.115877,true,osqp,optimal,75,4.710137,0,-0.083079,geometric,false,0.749951,-0.008536,0.735589,0.138302,,,0.748477,0.019419,1.020995,3.456366
local_crowding,context_ext,Standard MPC-CBF,14,1.400,-1.182583,-0.296830,0.735589,0.138302,0.185845,0.066000,-0.512000,-0.060000,0.420000,child,crossing,distracted,0.801791,1.000000,1.000000,1.266988,0.666988,0.000000,0.000000,0.000000,0.000000,0.000000,0.000000,0.000000,0.666988,0.666988,0.666988,0.666988,0.000000,horizon_mpc_secbf,8,0.039942,true,osqp,optimal,75,3.714058,0,-0.157751,geometric,false,0.749907,-0.011788,0.731453,0.156304,,,0.747966,0.018471,1.095792,3.383001
local_crowding,context_ext,Standard MPC-CBF,15,1.500,-1.109438,-0.281199,0.731453,0.156304,0.210523,0.060000,-0.470000,-0.060000,0.420000,child,crossing,distracted,0.709990,1.000000,1.000000,1.184580,0.584580,0.000000,0.000000,0.000000,0.000000,0.000000,0.000000,0.000000,0.584580,0.584580,0.584580,0.584580,0.000056,horizon_mpc_secbf,8,-0.000056,true,osqp,optimal,50,3.023764,0,-0.187286,geometric,false,0.749838,-0.015589,0.682862,0.178091,,,0.705703,0.053252,1.166362,3.310153
local_crowding,context_ext,Standard MPC-CBF,16,1.600,-1.041152,-0.263390,0.682862,0.178091,0.255118,0.054000,-0.428000,-0.060000,0.420000,child,crossing,distracted,0.658546,1.000000,1.000000,1.107453,0.507453,0.000000,0.000000,0.000000,0.000000,0.000000,0.000000,0.000000,0.507453,0.507453,0.507453,0.507453,0.000147,horizon_mpc_secbf,8,-0.000147,true,osqp,optimal,50,3.018715,0,-0.174315,geometric,false,0.749732,-0.020034,0.596241,0.198221,,,0.628327,0.088930,1.229195,3.242309
local_crowding,context_ext,Standard MPC-CBF,17,1.700,-0.981527,-0.243568,0.596241,0.198221,0.320957,0.048000,-0.386000,-0.060000,0.420000,child,crossing,distracted,0.645659,1.000000,1.000000,1.039333,0.439333,0.000000,0.000000,0.000000,0.000000,0.000000,0.000000,0.000000,0.439333,0.439333,0.439333,0.439333,0.000226,horizon_mpc_secbf,8,-0.000226,true,osqp,optimal,50,3.471218,0,-0.156467,geometric,false,0.749581,-0.025076,0.512771,0.210868,,,0.554436,0.084422,1.284638,3.183307
local_crowding,context_ext,Standard MPC-CBF,18,1.800,-0.930250,-0.222481,0.512771,0.210868,0.390152,0.042000,-0.344000,-0.060000,0.420000,child,crossing,distracted,0.639112,1.000000,1.000000,0.979815,0.379815,0.000000,0.000000,0.000000,0.000000,0.000000,0.000000,0.000000,0.379815,0.379815,0.379815,0.379815,0.000296,horizon_mpc_secbf,8,-0.000296,true,osqp,optimal,50,4.170276,0,-0.140338,geometric,false,0.749378,-0.030528,0.438693,0.213535,,,0.487903,0.074126,1.333428,3.132847
local_crowding,context_ext,Standard MPC-CBF,19,1.900,-0.886381,-0.201128,0.438693,0.213535,0.452994,0.036000,-0.302000,-0.060000,0.420000,child,crossing,distracted,0.632750,1.000000,1.000000,0.927880,0.327880,0.000000,0.000000,0.000000,0.000000,0.000000,0.000000,0.000000,0.327880,0.327880,0.327880,0.327880,0.000356,horizon_mpc_secbf,8,-0.000356,true,osqp,optimal,50,3.407694,0,-0.127716,geometric,false,0.749129,-0.036134,0.374996,0.203516,,,0.426662,0.064480,1.376095,3.089969
local_crowding,context_ext,Standard MPC-CBF,20,2.000,-0.848881,-0.180776,0.374996,0.203516,0.497233,0.030000,-0.260000,-0.060000,0.420000,child,crossing,distracted,0.623947,1.000000,1.000000,0.882445,0.282445,0.000000,0.000000,0.000000,0.000000,0.000000,0.000000,0.000000,0.282445,0.282445,0.282445,0.282445,0.000406,horizon_mpc_secbf,8,-0.000406,true,osqp,optimal,50,4.338515,0,-0.120633,geometric,false,0.748847,-0.041564,0.323207,0.176908,,,0.368456,0.058224,1.412940,3.053574
local_crowding,context_ext,Standard MPC-CBF,21,2.100,-0.816561,-0.163086,0.323207,0.176908,0.500807,0.024000,-0.218000,-0.060000,0.420000,child,crossing,distracted,0.608559,1.000000,1.000000,0.842353,0.242353,0.000000,0.000000,0.000000,0.000000,0.000000,0.000000,0.000000,0.242353,0.242353,0.242353,0.242353,0.000447,horizon_mpc_secbf,8,-0.000447,true,osqp,optimal,50,4.478226,0,-0.123295,geometric,false,0.748564,-0.046383,0.287849,0.128753,,,0.315332,0.059742,1.444473,3.022346
local_crowding,context_ext,Standard MPC-CBF,22,2.200,-0.787776,-0.150210,0.287849,0.128753,0.420603,0.018000,-0.176000,-0.060000,0.420000,child,crossing,distracted,0.577579,1.000000,1.000000,0.806188,0.206188,0.000000,0.000000,0.000000,0.000000,0.000000,0.000000,0.000000,0.206188,0.206188,0.206188,0.206188,0.000058,horizon_mpc_secbf,8,0.000069,true,osqp,optimal,50,3.637927,0,-0.447422,geometric,false,0.748329,-0.050040,0.571647,-0.278462,,,0.635863,0.496353,1.508060,2.994448
local_crowding,context_ext,Standard MPC-CBF,23,2.300,-0.730611,-0.178056,0.571647,-0.278462,-0.453292,0.012000,-0.134000,-0.060000,0.420000,child,crossing,distracted,0.244269,1.000000,1.000000,0.743917,0.143917,0.000000,0.000000,0.000000,0.000000,0.000000,0.000000,0.000000,0.143917,0.143917,0.143917,0.143917,0.000068,horizon_mpc_secbf,8,-0.000064,true,osqp,optimal,50,3.385394,0,-0.479069,geometric,false,0.748712,-0.043928,0.610315,-0.358174,,,0.707653,0.088595,1.578825,2.935651
local_crowding,context_ext,Standard MPC-CBF,24,2.400,-0.669580,-0.213874,0.610315,-0.358174,-0.530707,0.006000,-0.092000,-0.060000,0.420000,child,crossing,distracted,0.165833,1.000000,1.000000,0.686485,0.086485,0.000000,0.000000,0.000000,0.000000,0.000000,0.000000,0.000000,0.086485,0.086485,0.086485,0.086485,0.000081,horizon_mpc_secbf,8,-0.000081,true,osqp,optimal,50,3.010193,0,-0.427900,geometric,false,0.749158,-0.035538,0.607137,-0.380264,,,0.716391,0.022318,1.650464,2.872807
local_crowding,context_ext,Standard MPC-CBF,25,2.500,-0.608866,-0.251900,0.607137,-0.380264,-0.559550,0.000000,-0.050000,-0.060000,0.420000,child,crossing,distracted,0.108740,1.000000,1.000000,0.641468,0.041468,0.000000,0.000000,0.000000,0.000000,0.000000,0.000000,0.000000,0.041468,0.041468,0.041468,0.041468,0.000094,horizon_mpc_secbf,8,-0.000094,true,osqp,optimal,75,3.354225,0,-0.328905,geometric,false,0.749543,-0.026178,0.598714,-0.389438,,,0.714227,0.012454,1.721887,2.810578
local_crowding,context_ext,Standard MPC-CBF,26,2.600,-0.548995,-0.290844,0.598714,-0.389438,-0.576696,-0.006000,-0.008000,-0.060000,0.420000,child,crossing,distracted,0.058235,1.000000,1.000000,0.612245,0.012245,0.000000,0.000000,0.000000,0.000000,0.000000,0.000000,0.000000,0.012245,0.012245,0.012245,0.012245,0.000088,horizon_mpc_secbf,8,-0.000090,true,osqp,optimal,75,3.908889,0,-0.198841,geometric,false,0.749826,-0.016136,0.599792,-0.389541,,,0.715188,0.001083,1.793406,2.749631
local_crowding,context_ext,Standard MPC-CBF,27,2.700,-0.489015,-0.329798,0.599792,-0.389541,-0.575995,-0.012000,0.034000,-0.060000,0.420000,child,crossing,distracted,0.000000,1.000000,1.000000,0.599910,-0.000090,0.000000,0.000000,0.000000,0.000000,0.000000,0.000000,0.000000,-0.000090,-0.000090,-0.000090,-0.000090,0.000046,horizon_mpc_secbf,8,-0.000046,true,osqp,optimal,50,3.307955,1,-0.090495,geometric,false,0.749979,-0.005634,0.642798,-0.352359,,,0.733038,0.056850,1.866709,2.689091
local_crowding,context_ext,Standard MPC-CBF,28,2.800,-0.424736,-0.365034,0.642798,-0.352359,-0.501433,-0.018000,0.076000,-0.060000,0.420000,child,crossing,distracted,,0.000000,1.000000,0.599954,-0.000046,0.000000,0.000000,0.000000,0.000000,0.000000,0.000000,0.000000,-0.000046,-0.000046,-0.000046,-0.000046,0.000000,horizon_mpc_secbf,8,0.012847,true,osqp,optimal,50,4.020892,1,0.041808,geometric,false,0.749988,0.004296,0.668352,-0.308645,,,0.736177,0.050635,1.940327,2.624779
local_crowding,context_ext,Standard MPC-CBF,29,2.900,-0.357900,-0.395898,0.668352,-0.308645,-0.432623,-0.024000,0.118000,-0.060000,0.420000,child,crossing,distracted,,0.000000,1.000000,0.612847,0.012847,0.000000,0.000000,0.000000,0.000000,0.000000,0.000000,0.000000,0.012847,0.012847,0.012847,0.012847,0.000000,horizon_mpc_secbf,8,0.040024,true,osqp,optimal,50,4.359283,0,0.205419,geometric,false,0.749879,0.013456,0.676758,-0.288353,,,0.735628,0.021965,2.013890,2.558312
local_crowding,context_ext,Standard MPC-CBF,30,3.000,-0.290224,-0.424734,0.676758,-0.288353,-0.402785,-0.030000,0.160000,-0.060000,0.420000,child,crossing,distracted,,0.000000,1.000000,0.640024,0.040024,0.000000,0.000000,0.000000,0.000000,0.000000,0.000000,0.000000,0.040024,0.040024,0.040024,0.040024,0.000000,horizon_mpc_secbf,8,0.079656,true,osqp,optimal,50,4.748331,0,0.368120,geometric,false,0.749662,0.022498,0.684226,-0.270323,,,0.735691,0.019515,2.087459,2.491346
local_crowding,context_ext,Standard MPC-CBF,31,3.100,-0.221802,-0.451766,0.684226,-0.270323,-0.376257,-0.036000,0.202000,-0.060000,0.420000,child,crossing,distracted,,0.000000,1.000000,0.679656,0.079656,0.000000,0.000000,0.000000,0.000000,0.000000,0.000000,0.000000,0.079656,0.079656,0.079656,0.079656,0.000000,horizon_mpc_secbf,8,0.129276,true,osqp,optimal,50,3.054959,0,0.519226,geometric,false,0.749339,0.031488,0.692319,-0.250788,,,0.736342,0.021145,2.161093,2.423939
local_crowding,context_ext,Standard MPC-CBF,32,3.200,-0.152570,-0.476845,0.692319,-0.250788,-0.347540,-0.042000,0.244000,-0.060000,0.420000,child,crossing,distracted,,0.000000,1.000000,0.729276,0.129276,0.000000,0.000000,0.000000,0.000000,0.000000,0.000000,0.000000,0.129276,0.129276,0.129276,0.129276,0.000000,horizon_mpc_secbf,8,0.186554,true,osqp,optimal,50,3.415194,0,0.655908,geometric,false,0.748912,0.040379,0.701120,-0.229540,,,0.737739,0.022999,2.234867,2.355987
local_crowding,context_ext,Standard MPC-CBF,33,3.300,-0.082458,-0.499799,0.701120,-0.229540,-0.316392,-0.048000,0.286000,-0.060000,0.420000,child,crossing,distracted,,0.000000,1.000000,0.786554,0.186554,0.000000,0.000000,0.000000,0.000000,0.000000,0.000000,0.000000,0.186554,0.186554,0.186554,0.186554,0.000000,horizon_mpc_secbf,8,0.249561,true,osqp,optimal,50,3.187600,0,0.779138,geometric,false,0.748390,0.049117,0.710480,-0.206940,,,0.740004,0.024462,2.308867,2.287368
local_crowding,context_ext,Standard MPC-CBF,34,3.400,-0.011410,-0.520493,0.710480,-0.206940,-0.283426,-0.054000,0.328000,-0.060000,0.420000,child,crossing,distracted,,0.000000,1.000000,0.849561,0.249561,0.000000,0.000000,0.000000,0.000000,0.000000,0.000000,0.000000,0.249561,0.249561,0.249561,0.249561,0.000000,horizon_mpc_secbf,8,0.316799,true,osqp,optimal,50,4.345176,0,0.891293,geometric,false,0.747781,0.057652,0.720236,-0.183376,,,0.743214,0.025504,2.383189,2.217972
local_crowding,context_ext,Standard MPC-CBF,35,3.500,0.060614,-0.538830,0.720236,-0.183376,-0.249308,-0.060000,0.370000,-0.060000,0.420000,child,crossing,distracted,,0.000000,1.000000,0.916799,0.316799,0.000000,0.000000,0.000000,0.000000,0.000000,0.000000,0.000000,0.316799,0.316799,0.316799,0.316799,0.000000,horizon_mpc_secbf,8,0.387149,true,osqp,optimal,50,3.791566,0,0.994933,geometric,false,0.747096,0.065941,0.730249,-0.159204,,,0.747401,0.026164,2.457929,2.147704
local_crowding,context_ext,Standard MPC-CBF,36,3.600,0.133639,-0.554751,0.730249,-0.159204,-0.214654,-0.066000,0.412000,-0.060000,0.420000,child,crossing,distracted,,0.000000,1.000000,0.987149,0.387149,0.000000,0.000000,0.000000,0.000000,0.000000,0.000000,0.000000,0.387149,0.387149,0.387149,0.387149,0.000000,horizon_mpc_secbf,8,0.459534,true,osqp,optimal,50,3.634146,0,1.089970,geometric,false,0.746345,0.073953,0.735582,-0.133359,,,0.747573,0.026389,2.532686,2.076481
local_crowding,context_ext,Standard MPC-CBF,37,3.700,0.207197,-0.568087,0.735582,-0.133359,-0.179349,-0.072000,0.454000,-0.060000,0.420000,child,crossing,distracted,,0.000000,1.000000,1.059534,0.459534,0.000000,0.000000,0.000000,0.000000,0.000000,0.000000,0.000000,0.459534,0.459534,0.459534,0.459534,0.000000,horizon_mpc_secbf,8,0.533026,true,osqp,optimal,50,4.334260,0,1.177001,geometric,false,0.745549,0.081591,0.735587,-0.106429,,,0.743247,0.026930,2.607011,2.004701
local_crowding,context_ext,Standard MPC-CBF,38,3.800,0.280755,-0.578729,0.735587,-0.106429,-0.143688,-0.078000,0.496000,-0.060000,0.420000,child,crossing,distracted,,0.000000,1.000000,1.133026,0.533026,0.000000,0.000000,0.000000,0.000000,0.000000,0.000000,0.000000,0.533026,0.533026,0.533026,0.533026,0.000000,horizon_mpc_secbf,8,0.607051,true,osqp,optimal,75,4.815680,0,1.258522,geometric,false,0.744730,0.088755,0.735589,-0.079273,,,0.739848,0.027156,2.680996,1.932826
local_crowding,context_ext,Standard MPC-CBF,39,3.900,0.354314,-0.586657,0.735589,-0.079273,-0.107354,-0.084000,0.538000,-0.060000,0.420000,child,crossing,distracted,,0.000000,1.000000,1.207051,0.607051,0.000000,0.000000,0.000000,0.000000,0.000000,0.000000,0.000000,0.607051,0.607051,0.607051,0.607051,0.000000,horizon_mpc_secbf,8,0.681208,true,osqp,optimal,75,3.786051,0,1.335948,geometric,false,0.743910,0.095385,0.735589,-0.052231,,,0.737441,0.027043,2.754740,1.860796
local_crowding,context_ext,Standard MPC-CBF,40,4.000,0.427873,-0.591880,0.735589,-0.052231,-0.070886,-0.090000,0.580000,-0.060000,0.420000,child,crossing,distracted,,0.000000,1.000000,1.281208,0.681208,0.000000,0.000000,0.000000,0.000000,0.000000,0.000000,0.000000,0.681208,0.681208,0.681208,0.681208,0.000000,horizon_mpc_secbf,8,0.755224,true,osqp,optimal,75,3.258170,0,1.410294,geometric,false,0.743110,0.101428,0.735589,-0.025520,,,0.736032,0.026711,2.828343,1.788558
local_crowding,context_ext,Standard MPC-CBF,41,4.100,0.501432,-0.594432,0.735589,-0.025520,-0.034679,-0.096000,0.622000,-0.060000,0.420000,child,crossing,distracted,,0.000000,1.000000,1.355224,0.755224,0.000000,0.000000,0.000000,0.000000,0.000000,0.000000,0.000000,0.755224,0.755224,0.755224,0.755224,0.000000,horizon_mpc_secbf,8,0.828914,true,osqp,optimal,75,3.549139,0,1.482325,geometric,false,0.742353,0.106828,0.735589,0.000680,,,0.735590,0.026199,2.901902,1.716065
local_crowding,context_ext,Standard MPC-CBF,42,4.200,0.574991,-0.594364,0.735589,0.000680,0.000924,-0.102000,0.664000,-0.060000,0.420000,child,crossing,distracted,,0.000000,1.000000,1.428914,0.828914,0.000000,0.000000,0.000000,0.000000,0.000000,0.000000,0.000000,0.828914,0.828914,0.828914,0.828914,0.000000,horizon_mpc_secbf,8,0.902167,true,osqp,optimal,75,4.094171,0,1.552639,geometric,false,0.741661,0.111529,0.735590,0.026209,,,0.736056,0.025529,2.975508,1.643279
local_crowding,context_ext,Standard MPC-CBF,43,4.300,0.648550,-0.591743,0.735590,0.026209,0.035615,-0.108000,0.706000,-0.060000,0.420000,child,crossing,distracted,,0.000000,1.000000,1.502167,0.902167,0.000000,0.000000,0.000000,0.000000,0.000000,0.000000,0.000000,0.902167,0.902167,0.902167,0.902167,0.000000,horizon_mpc_secbf,8,0.974920,true,osqp,optimal,75,3.352311,0,1.621713,geometric,false,0.741058,0.115470,0.735590,0.050917,,,0.737350,0.024709,3.049243,1.570171
local_crowding,context_ext,Standard MPC-CBF,44,4.400,0.722109,-0.586651,0.735590,0.050917,0.069109,-0.114000,0.748000,-0.060000,0.420000,child,crossing,distracted,,0.000000,1.000000,1.574920,0.974920,0.000000,0.000000,0.000000,0.000000,0.000000,0.000000,0.000000,0.974920,0.974920,0.974920,0.974920,0.000000,horizon_mpc_secbf,8,1.047157,true,osqp,optimal,75,3.754852,0,1.689975,geometric,false,0.740566,0.118585,0.735590,0.074625,,,0.739366,0.023708,3.123179,1.496718
local_crowding,context_ext,Standard MPC-CBF,45,4.500,0.795668,-0.579189,0.735590,0.074625,0.101104,-0.120000,0.790000,-0.060000,0.420000,child,crossing,distracted,,0.000000,1.000000,1.647157,1.047157,0.000000,0.000000,0.000000,0.000000,0.000000,0.000000,0.000000,1.047157,1.047157,1.047157,1.047157,0.000000,horizon_mpc_secbf,8,1.118916,true,osqp,optimal,75,4.176754,0,1.757998,geometric,false,0.740207,0.120803,0.735591,0.096910,,,0.741947,0.022285,3.197374,1.422911
local_crowding,context_ext,Standard MPC-CBF,46,4.600,0.869227,-0.569498,0.735591,0.096910,0.130991,-0.126000,0.832000,-0.060000,0.420000,child,crossing,distracted,,0.000000,1.000000,1.718916,1.118916,0.000000,0.000000,0.000000,0.000000,0.000000,0.000000,0.000000,1.118916,1.118916,1.118916,1.118916,0.000000,horizon_mpc_secbf,8,1.190399,true,osqp,optimal,75,4.609260,0,1.827501,geometric,false,0.740002,0.122056,0.735591,0.115893,,,0.744664,0.018983,3.271840,1.348753
local_crowding,context_ext,Standard MPC-CBF,47,4.700,0.942786,-0.557908,0.735591,0.115893,0.156266,-0.132000,0.874000,-0.060000,0.420000,child,crossing,distracted,,0.000000,1.000000,1.790399,1.190399,0.000000,0.000000,0.000000,0.000000,0.000000,0.000000,0.000000,1.190399,1.190399,1.190399,1.190399,0.000000,horizon_mpc_secbf,8,1.262611,true,osqp,optimal,75,3.294203,0,1.906922,geometric,false,0.739950,0.122367,0.735591,0.121258,,,0.745518,0.005365,3.346392,1.274289
local_crowding,context_ext,Standard MPC-CBF,48,4.800,1.016345,-0.545783,0.735591,0.121258,0.163375,-0.138000,0.916000,-0.060000,0.420000,child,crossing,distracted,,0.000000,1.000000,1.862611,1.262611,0.000000,0.000000,0.000000,0.000000,0.000000,0.000000,0.000000,1.262611,1.262611,1.262611,1.262611,0.000000,horizon_mpc_secbf,8,1.335789,true,osqp,optimal,75,3.183627,0,1.989392,geometric,false,0.739946,0.122391,0.735591,0.122198,,,0.745672,0.000940,3.420959,1.199737
local_crowding,context_ext,Standard MPC-CBF,49,4.900,1.089905,-0.533563,0.735591,0.122198,0.164619,-0.144000,0.958000,-0.060000,0.420000,child,crossing,distracted,,0.000000,1.000000,1.935789,1.335789,0.000000,0.000000,0.000000,0.000000,0.000000,0.000000,0.000000,1.335789,1.335789,1.335789,1.335789,0.000000,horizon_mpc_secbf,8,1.409883,true,osqp,optimal,75,3.229356,0,2.072273,geometric,false,0.739952,0.122357,0.735592,0.122331,,,0.745694,0.000133,3.495529,1.125170
local_crowding,context_ext,Standard MPC-CBF,50,5.000,1.163464,-0.521330,0.735592,0.122331,0.164794,-0.150000,1.000000,-0.060000,0.420000,child,crossing,distracted,,0.000000,1.000000,2.009883,1.409883,0.000000,0.000000,0.000000,0.000000,0.000000,0.000000,0.000000,1.409883,1.409883,1.409883,1.409883,0.000000,horizon_mpc_secbf,8,1.484807,true,osqp,optimal,75,4.097285,0,2.155131,geometric,false,0.739960,0.122308,0.735592,0.122313,,,0.745692,0.000017,3.570098,1.050600
local_crowding,context_ext,Standard MPC-CBF,51,5.100,1.237023,-0.509098,0.735592,0.122313,0.164771,-0.156000,1.042000,-0.060000,0.420000,child,crossing,distracted,,0.000000,1.000000,2.084807,1.484807,0.000000,0.000000,0.000000,0.000000,0.000000,0.000000,0.000000,1.484807,1.484807,1.484807,1.484807,0.000000,horizon_mpc_secbf,8,1.560475,true,osqp,optimal,75,3.312430,0,2.237919,geometric,false,0.739969,0.122254,0.735592,0.122265,,,0.745684,0.000048,3.644666,0.976031
local_crowding,context_ext,Standard MPC-CBF,52,5.200,1.310582,-0.496872,0.735592,0.122265,0.164707,-0.162000,1.084000,-0.060000,0.420000,child,crossing,distracted,,0.000000,1.000000,2.160475,1.560475,0.000000,0.000000,0.000000,0.000000,0.000000,0.000000,0.000000,1.560475,1.560475,1.560475,1.560475,0.000000,horizon_mpc_secbf,8,1.636815,true,osqp,optimal,75,3.397250,0,2.320654,geometric,false,0.739979,0.122195,0.735592,0.122207,,,0.745675,0.000058,3.719234,0.901463
local_crowding,context_ext,Standard MPC-CBF,53,5.300,1.384141,-0.484651,0.735592,0.122207,0.164631,-0.168000,1.126000,-0.060000,0.420000,child,crossing,distracted,,0.000000,1.000000,2.236815,1.636815,0.000000,0.000000,0.000000,0.000000,0.000000,0.000000,0.000000,1.636815,1.636815,1.636815,1.636815,0.000000,horizon_mpc_secbf,8,1.713759,true,osqp,optimal,75,4.552940,0,2.403358,geometric,false,0.739989,0.122130,0.735592,0.122143,,,0.745664,0.000064,3.793800,0.826896
local_crowding,context_ext,Standard MPC-CBF,54,5.400,1.457701,-0.472437,0.735592,0.122143,0.164546,-0.174000,1.168000,-0.060000,0.420000,child,crossing,distracted,,0.000000,1.000000,2.313759,1.713759,0.000000,0.000000,0.000000,0.000000,0.000000,0.000000,0.000000,1.713759,1.713759,1.713759,1.713759,0.000000,horizon_mpc_secbf,8,1.791250,true,osqp,optimal,75,4.529497,0,2.486052,geometric,false,0.740001,0.122058,0.735592,0.122072,,,0.745653,0.000071,3.868366,0.752329
local_crowding,context_ext,Standard MPC-CBF,55,5.500,1.531260,-0.460230,0.735592,0.122072,0.164452,-0.180000,1.210000,-0.060000,0.420000,child,crossing,distracted,,0.000000,1.000000,2.391250,1.791250,0.000000,0.000000,0.000000,0.000000,0.000000,0.000000,0.000000,1.791250,1.791250,1.791250,1.791250,0.000000,horizon_mpc_secbf,8,1.869238,true,osqp,optimal,75,3.380761,0,2.568753,geometric,false,0.740014,0.121978,0.735592,0.121994,,,0.745640,0.000079,3.942930,0.677764
local_crowding,context_ext,Standard MPC-CBF,56,5.600,1.604819,-0.448030,0.735592,0.121994,0.164348,-0.186000,1.252000,-0.060000,0.420000,child,crossing,distracted,,0.000000,1.000000,2.469238,1.869238,0.000000,0.000000,0.000000,0.000000,0.000000,0.000000,0.000000,1.869238,1.869238,1.869238,1.869238,0.000000,horizon_mpc_secbf,8,1.947677,true,osqp,optimal,75,3.205882,0,2.651476,geometric,false,0.740029,0.121888,0.735592,0.121905,,,0.745625,0.000088,4.017492,0.603200
local_crowding,context_ext,Standard MPC-CBF,57,5.700,1.678378,-0.435840,0.735592,0.121905,0.164231,-0.192000,1.294000,-0.060000,0.420000,child,crossing,distracted,,0.000000,1.000000,2.547677,1.947677,0.000000,0.000000,0.000000,0.000000,0.000000,0.000000,0.000000,1.947677,1.947677,1.947677,1.947677,0.000000,horizon_mpc_secbf,8,2.026530,true,osqp,optimal,75,2.861340,0,2.734233,geometric,false,0.740046,0.121784,0.735592,0.121804,,,0.745608,0.000101,4.092053,0.528638
local_crowding,context_ext,Standard MPC-CBF,58,5.800,1.751937,-0.423659,0.735592,0.121804,0.164098,-0.198000,1.336000,-0.060000,0.420000,child,crossing,distracted,,0.000000,1.000000,2.626530,2.026530,0.000000,0.000000,0.000000,0.000000,0.000000,0.000000,0.000000,2.026530,2.026530,2.026530,2.026530,0.000000,horizon_mpc_secbf,8,2.105759,true,osqp,optimal,75,3.976616,0,2.817034,geometric,false,0.740066,0.121663,0.735592,0.121687,,,0.745589,0.000118,4.166612,0.454077
local_crowding,context_ext,Standard MPC-CBF,59,5.900,1.825497,-0.411491,0.735592,0.121687,0.163942,-0.204000,1.378000,-0.060000,0.420000,child,crossing,distracted,,0.000000,1.000000,2.705759,2.105759,0.000000,0.000000,0.000000,0.000000,0.000000,0.000000,0.000000,2.105759,2.105759,2.105759,2.105759,0.000000,horizon_mpc_secbf,8,2.185337,true,osqp,optimal,75,3.740560,0,2.899892,geometric,false,0.740090,0.121517,0.735592,0.121545,,,0.745566,0.000141,4.241168,0.379518
local_crowding,context_ext,Standard MPC-CBF,60,6.000,1.899056,-0.399336,0.735592,0.121545,0.163755,-0.210000,1.420000,-0.060000,0.420000,child,crossing,distracted,,0.000000,1.000000,2.785337,2.185337,0.000000,0.000000,0.000000,0.000000,0.000000,0.000000,0.000000,2.185337,2.185337,2.185337,2.185337,0.000000,horizon_mpc_secbf,8,2.265235,true,osqp,optimal,75,3.527579,0,2.982819,geometric,false,0.740120,0.121334,0.735592,0.121369,,,0.745537,0.000176,4.315722,0.304961
local_crowding,context_ext,Standard MPC-CBF,61,6.100,1.972615,-0.387199,0.735592,0.121369,0.163522,-0.216000,1.462000,-0.060000,0.420000,child,crossing,distracted,,0.000000,1.000000,2.865235,2.265235,0.000000,0.000000,0.000000,0.000000,0.000000,0.000000,0.000000,2.265235,2.265235,2.265235,2.265235,0.000000,horizon_mpc_secbf,8,2.345433,true,osqp,optimal,75,4.473065,0,3.065835,geometric,false,0.740161,0.121087,0.735591,0.121134,,,0.745499,0.000235,4.390272,0.230408
local_crowding,context_ext,Standard MPC-CBF,62,6.200,2.046174,-0.375086,0.735591,0.121134,0.163211,-0.222000,1.504000,-0.060000,0.420000,child,crossing,distracted,,0.000000,1.000000,2.945433,2.345433,0.000000,0.000000,0.000000,0.000000,0.000000,0.000000,0.000000,2.345433,2.345433,2.345433,2.345433,0.000000,horizon_mpc_secbf,8,2.425915,true,osqp,optimal,75,4.808175,0,3.148979,geometric,false,0.740222,0.120715,0.735591,0.120786,,,0.745442,0.000349,4.464816,0.155858
local_crowding,context_ext,Standard MPC-CBF,63,6.300,2.119733,-0.363007,0.735591,0.120786,0.162750,-0.228000,1.546000,-0.060000,0.420000,child,crossing,distracted,,0.000000,1.000000,3.025915,2.425915,0.000000,0.000000,0.000000,0.000000,0.000000,0.000000,0.000000,2.425915,2.425915,2.425915,2.425915,0.000000,horizon_mpc_secbf,8,2.506679,true,osqp,optimal,75,3.509052,0,3.232390,geometric,false,0.740342,0.119973,0.735591,0.120111,,,0.745333,0.000675,4.539349,0.081314
local_crowding,context_ext,Standard MPC-CBF,64,6.400,2.193292,-0.350996,0.735591,0.120111,0.161857,-0.234000,1.588000,-0.060000,0.420000,child,crossing,distracted,,0.000000,1.000000,3.106679,2.506679,0.000000,0.000000,0.000000,0.000000,0.000000,0.000000,0.000000,2.506679,2.506679,2.506679,2.506679,0.000000,horizon_mpc_secbf,8,2.550020,true,osqp,optimal,75,3.374739,0,2.939707,geometric,false,0.067076,0.009962,0.181775,0.028860,,,0.184052,0.561283,4.557755,0.006781
local_crowding,context_ext,Standard MPC-CBF,65,6.500,2.211470,-0.348110,0.181775,0.028860,0.157455,-0.240000,1.630000,-0.060000,0.420000,child,crossing,distracted,,0.000000,1.000000,3.150020,2.550020,0.000000,0.000000,0.000000,0.000000,0.000000,0.000000,0.000000,2.550020,2.550020,2.550020,2.550020,0.000000,horizon_mpc_secbf,8,2.576948,true,osqp,optimal,75,3.268890,0,2.817506,geometric,false,-0.114699,-0.018899,-0.063832,-0.010705,,,0.064723,0.248774,4.564227,0.011625
local_crowding,context_ext,Standard MPC-CBF,66,6.600,2.205087,-0.349181,-0.063832,-0.010705,-2.975440,-0.246000,1.672000,-0.060000,0.420000,child,crossing,distracted,,0.000000,1.000000,3.176948,2.576948,0.000000,0.000000,0.000000,0.000000,0.000000,0.000000,0.000000,2.576948,2.576948,2.576948,2.576948,0.000000,horizon_mpc_secbf,8,2.604917,true,osqp,optimal,50,3.845883,0,2.854975,geometric,false,-0.050867,-0.008194,-0.053087,-0.008628,,,0.053784,0.010943,4.569605,0.005152
local_crowding,context_ext,Standard MPC-CBF,67,6.700,2.199778,-0.350043,-0.053087,-0.008628,-2.980469,-0.252000,1.714000,-0.060000,0.420000,child,crossing,distracted,,0.000000,1.000000,3.204917,2.604917,0.000000,0.000000,0.000000,0.000000,0.000000,0.000000,0.000000,2.604917,2.604917,2.604917,2.604917,0.000000,horizon_mpc_secbf,8,2.636656,true,osqp,optimal,50,3.655857,0,2.921078,geometric,false,0.002221,0.000434,-0.000056,0.000290,,,0.000296,0.053777,4.569635,0.000226
local_crowding,context_ext,Standard MPC-CBF,68,6.800,2.199772,-0.350014,-0.000056,0.000290,1.759756,-0.258000,1.756000,-0.060000,0.420000,child,crossing,distracted,,0.000000,1.000000,3.236656,2.636656,0.000000,0.000000,0.000000,0.000000,0.000000,0.000000,0.000000,2.636656,2.636656,2.636656,2.636656,0.000000,horizon_mpc_secbf,8,2.668791,true,osqp,optimal,50,3.183920,0,2.956815,geometric,false,0.002276,0.000144,0.001876,0.000169,,,0.001883,0.001935,4.569823,0.000228
local_crowding,context_ext,Standard MPC-CBF,69,6.900,2.199960,-0.349997,0.001876,0.000169,0.089976,-0.264000,1.798000,-0.060000,0.420000,child,crossing,distracted,,0.000000,1.000000,3.268791,2.668791,0.000000,0.000000,0.000000,0.000000,0.000000,0.000000,0.000000,2.668791,2.668791,2.668791,2.668791,0.000000,horizon_mpc_secbf,8,2.701077,true,osqp,optimal,50,3.322769,0,2.990496,geometric,false,0.000400,-0.000025,0.000653,0.000008,,,0.000653,0.001233,4.569889,0.000040
local_crowding,context_ext,Standard MPC-CBF,70,7.000,2.200025,-0.349997,0.000653,0.000008,0.012420,-0.270000,1.840000,-0.060000,0.420000,child,crossing,distracted,,0.000000,1.000000,3.301077,2.701077,0.000000,0.000000,0.000000,0.000000,0.000000,0.000000,0.000000,2.701077,2.701077,2.701077,2.701077,0.000000,horizon_mpc_secbf,8,2.733538,true,osqp,optimal,25,4.067177,0,3.024554,geometric,false,-0.000253,-0.000033,-0.000096,-0.000028,,,0.000100,0.000750,4.569899,0.000026
local_crowding,context_ext,Standard MPC-CBF,71,7.100,2.200016,-0.349999,-0.000096,-0.000028,-2.860251,-0.276000,1.882000,-0.060000,0.420000,child,crossing,distracted,,0.000000,1.000000,3.333538,2.733538,0.000000,0.000000,0.000000,0.000000,0.000000,0.000000,0.000000,2.733538,2.733538,2.733538,2.733538,0.000000,horizon_mpc_secbf,8,2.766216,true,osqp,optimal,25,4.561773,0,3.059217,geometric,false,-0.000157,-0.000006,-0.000145,-0.000011,,,0.000146,0.000052,4.569913,0.000016
local_crowding,context_ext,Standard MPC-CBF,72,7.200,2.200001,-0.350000,-0.000145,-0.000011,-3.068526,-0.282000,1.924000,-0.060000,0.420000,child,crossing,distracted,,0.000000,1.000000,3.366216,2.766216,0.000000,0.000000,0.000000,0.000000,0.000000,0.000000,0.000000,2.766216,2.766216,2.766216,2.766216,0.000000,horizon_mpc_secbf,8,2.799116,true,osqp,optimal,25,3.548512,0,3.094154,geometric,false,-0.000012,0.000005,-0.000034,0.000002,,,0.000035,0.000112,4.569917,0.000001
local_crowding,context_ext,Standard MPC-CBF,73,7.300,2.199998,-0.350000,-0.000034,0.000002,3.080134,-0.288000,1.966000,-0.060000,0.420000,child,crossing,distracted,,0.000000,1.000000,3.399116,2.799116,0.000000,0.000000,0.000000,0.000000,0.000000,0.000000,0.000000,2.799116,2.799116,2.799116,2.799116,0.000000,horizon_mpc_secbf,8,2.832229,true,osqp,optimal,25,2.972329,0,3.129209,geometric,false,0.000023,0.000003,0.000013,0.000003,,,0.000013,0.000047,4.569918,0.000002
local_crowding,context_ext,Standard MPC-CBF,74,7.400,2.199999,-0.350000,0.000013,0.000003,0.220245,-0.294000,2.008000,-0.060000,0.420000,child,crossing,distracted,,0.000000,1.000000,3.432229,2.832229,0.000000,0.000000,0.000000,0.000000,0.000000,0.000000,0.000000,2.832229,2.832229,2.832229,2.832229,0.000000,horizon_mpc_secbf,8,2.865545,true,osqp,optimal,25,3.122543,0,3.164382,geometric,false,0.000010,-0.000000,0.000010,0.000001,,,0.000010,0.000003,4.569919,0.000001
local_crowding,context_ext,Standard MPC-CBF,75,7.500,2.200000,-0.350000,0.000010,0.000001,0.053670,-0.300000,2.050000,-0.060000,0.420000,child,crossing,distracted,,0.000000,1.000000,3.465545,2.865545,0.000000,0.000000,0.000000,0.000000,0.000000,0.000000,0.000000,2.865545,2.865545,2.865545,2.865545,0.000000,horizon_mpc_secbf,8,2.899057,true,osqp,optimal,25,3.015267,0,3.199693,geometric,false,-0.000000,-0.000001,0.000001,-0.000001,,,0.000001,0.000009,4.569919,0.000000
local_crowding,context_ext,Standard MPC-CBF,76,7.600,2.200000,-0.350000,0.000001,-0.000001,-0.626286,-0.306000,2.092000,-0.060000,0.420000,child,crossing,distracted,,0.000000,1.000000,3.499057,2.899057,0.000000,0.000000,0.000000,0.000000,0.000000,0.000000,0.000000,2.899057,2.899057,2.899057,2.899057,0.000000,horizon_mpc_secbf,8,2.932761,true,osqp,optimal,25,3.499022,0,3.235147,geometric,false,-0.000002,0.000000,-0.000001,0.000000,,,0.000001,0.000002,4.569919,0.000000
local_crowding,context_ext,Standard MPC-CBF,77,7.700,2.200000,-0.350000,-0.000001,0.000000,3.097715,-0.312000,2.134000,-0.060000,0.420000,child,crossing,distracted,,0.000000,1.000000,3.532761,2.932761,0.000000,0.000000,0.000000,0.000000,0.000000,0.000000,0.000000,2.932761,2.932761,2.932761,2.932761,0.000000,horizon_mpc_secbf,8,2.966651,true,osqp,optimal,25,4.384897,0,3.270740,geometric,false,-0.000000,0.000000,-0.000001,0.000000,,,0.000001,0.000001,4.569919,0.000000
local_crowding,context_ext,Standard MPC-CBF,78,7.800,2.200000,-0.350000,-0.000001,0.000000,2.862171,-0.318000,2.176000,-0.060000,0.420000,child,crossing,distracted,,0.000000,1.000000,3.566651,2.966651,0.000000,0.000000,0.000000,0.000000,0.000000,0.000000,0.000000,2.966651,2.966651,2.966651,2.966651,0.000000,horizon_mpc_secbf,8,3.000722,true,osqp,optimal,25,4.029231,0,3.306466,geometric,false,0.000000,0.000000,-0.000000,0.000000,,,0.000000,0.000001,4.569919,0.000000
local_crowding,context_ext,Standard MPC-CBF,79,7.900,2.200000,-0.350000,-0.000000,0.000000,1.856804,-0.324000,2.218000,-0.060000,0.420000,child,crossing,distracted,,0.000000,1.000000,3.600722,3.000722,0.000000,0.000000,0.000000,0.000000,0.000000,0.000000,0.000000,3.000722,3.000722,3.000722,3.000722,0.000000,horizon_mpc_secbf,8,3.034969,true,osqp,optimal,25,4.986792,0,3.342320,geometric,false,0.000000,-0.000000,0.000000,-0.000000,,,0.000000,0.000000,4.569919,0.000000
local_crowding,context_ext,Standard MPC-CBF,80,8.000,2.200000,-0.350000,0.000000,-0.000000,-0.100372,-0.330000,2.260000,-0.060000,0.420000,child,crossing,distracted,,0.000000,1.000000,3.634969,3.034969,0.000000,0.000000,0.000000,0.000000,0.000000,0.000000,0.000000,3.034969,3.034969,3.034969,3.034969,0.000000,horizon_mpc_secbf,8,3.069387,true,osqp,optimal,25,4.145452,0,3.378301,geometric,false,0.000000,-0.000000,0.000000,-0.000000,,,0.000000,0.000000,4.569919,0.000000
local_crowding,context_ext,Standard MPC-CBF,81,8.100,2.200000,-0.350000,0.000000,-0.000000,-0.355294,-0.336000,2.302000,-0.060000,0.420000,child,crossing,distracted,,0.000000,1.000000,3.669387,3.069387,0.000000,0.000000,0.000000,0.000000,0.000000,0.000000,0.000000,3.069387,3.069387,3.069387,3.069387,0.000000,horizon_mpc_secbf,8,3.103971,true,osqp,optimal,25,4.112087,0,3.414404,geometric,false,-0.000000,-0.000000,-0.000000,-0.000000,,,0.000000,0.000000,4.569919,0.000000
local_crowding,context_ext,Standard MPC-CBF,82,8.200,2.200000,-0.350000,-0.000000,-0.000000,-2.417636,-0.342000,2.344000,-0.060000,0.420000,child,crossing,distracted,,0.000000,1.000000,3.703971,3.103971,0.000000,0.000000,0.000000,0.000000,0.000000,0.000000,0.000000,3.103971,3.103971,3.103971,3.103971,0.000000,horizon_mpc_secbf,8,3.138716,true,osqp,optimal,25,3.676462,0,3.450626,geometric,false,0.000000,0.000000,-0.000000,-0.000000,,,0.000000,0.000000,4.569919,0.000000
local_crowding,context_ext,Standard MPC-CBF,83,8.300,2.200000,-0.350000,-0.000000,-0.000000,-2.417636,-0.348000,2.386000,-0.060000,0.420000,child,crossing,distracted,,0.000000,1.000000,3.738716,3.138716,0.000000,0.000000,0.000000,0.000000,0.000000,0.000000,0.000000,3.138716,3.138716,3.138716,3.138716,0.000000,horizon_mpc_secbf,8,3.173619,true,osqp,optimal,25,3.930076,0,3.486964,geometric,false,0.000000,0.000000,0.000000,-0.000000,,,0.000000,0.000000,4.569919,0.000000
local_crowding,context_ext,Standard MPC-CBF,84,8.400,2.200000,-0.350000,0.000000,-0.000000,-2.417636,-0.354000,2.428000,-0.060000,0.420000,child,crossing,distracted,,0.000000,1.000000,3.773619,3.173619,0.000000,0.000000,0.000000,0.000000,0.000000,0.000000,0.000000,3.173619,3.173619,3.173619,3.173619,0.000000,horizon_mpc_secbf,8,3.208674,true,osqp,optimal,25,3.434725,0,3.523416,geometric,false,0.000000,0.000000,0.000000,-0.000000,,,0.000000,0.000000,4.569919,0.000000
local_crowding,context_ext,Standard MPC-CBF,85,8.500,2.200000,-0.350000,0.000000,-0.000000,-2.417636,-0.360000,2.470000,-0.060000,0.420000,child,crossing,distracted,,0.000000,1.000000,3.808674,3.208674,0.000000,0.000000,0.000000,0.000000,0.000000,0.000000,0.000000,3.208674,3.208674,3.208674,3.208674,0.000000,horizon_mpc_secbf,8,3.243878,true,osqp,optimal,25,3.222304,0,3.559978,geometric,false,0.000000,0.000000,0.000000,-0.000000,,,0.000000,0.000000,4.569919,0.000000
local_crowding,context_ext,Standard MPC-CBF,86,8.600,2.200000,-0.350000,0.000000,-0.000000,-2.417636,-0.366000,2.512000,-0.060000,0.420000,child,crossing,distracted,,0.000000,1.000000,3.843878,3.243878,0.000000,0.000000,0.000000,0.000000,0.000000,0.000000,0.000000,3.243878,3.243878,3.243878,3.243878,0.000000,horizon_mpc_secbf,8,3.279227,true,osqp,optimal,25,4.009331,0,3.596647,geometric,false,0.000000,0.000000,0.000000,-0.000000,,,0.000000,0.000000,4.569919,0.000000
local_crowding,context_ext,Standard MPC-CBF,87,8.700,2.200000,-0.350000,0.000000,-0.000000,-2.417636,-0.372000,2.554000,-0.060000,0.420000,child,crossing,distracted,,0.000000,1.000000,3.879227,3.279227,0.000000,0.000000,0.000000,0.000000,0.000000,0.000000,0.000000,3.279227,3.279227,3.279227,3.279227,0.000000,horizon_mpc_secbf,8,3.314716,true,osqp,optimal,25,4.507931,0,3.633421,geometric,false,0.000000,0.000000,0.000000,-0.000000,,,0.000000,0.000000,4.569919,0.000000
local_crowding,context_ext,Standard MPC-CBF,88,8.800,2.200000,-0.350000,0.000000,-0.000000,-2.417636,-0.378000,2.596000,-0.060000,0.420000,child,crossing,distracted,,0.000000,1.000000,3.914716,3.314716,0.000000,0.000000,0.000000,0.000000,0.000000,0.000000,0.000000,3.314716,3.314716,3.314716,3.314716,0.000000,horizon_mpc_secbf,8,3.350342,true,osqp,optimal,25,3.770747,0,3.670297,geometric,false,0.000000,0.000000,0.000000,-0.000000,,,0.000000,0.000000,4.569919,0.000000
local_crowding,context_ext,Standard MPC-CBF,89,8.900,2.200000,-0.350000,0.000000,-0.000000,-2.417636,-0.384000,2.638000,-0.060000,0.420000,child,crossing,distracted,,0.000000,1.000000,3.950342,3.350342,0.000000,0.000000,0.000000,0.000000,0.000000,0.000000,0.000000,3.350342,3.350342,3.350342,3.350342,0.000000,horizon_mpc_secbf,8,3.386101,true,osqp,optimal,25,3.056292,0,3.707273,geometric,false,0.000000,0.000000,0.000000,-0.000000,,,0.000000,0.000000,4.569919,0.000000
local_crowding,context_ext,Standard MPC-CBF,90,9.000,2.200000,-0.350000,0.000000,-0.000000,-2.417636,-0.390000,2.680000,-0.060000,0.420000,child,crossing,distracted,,0.000000,1.000000,3.986101,3.386101,0.000000,0.000000,0.000000,0.000000,0.000000,0.000000,0.000000,3.386101,3.386101,3.386101,3.386101,0.000000,horizon_mpc_secbf,8,3.421990,true,osqp,optimal,25,3.312835,0,3.744346,geometric,false,0.000000,0.000000,0.000000,-0.000000,,,0.000000,0.000000,4.569919,0.000000
local_crowding,context_ext,Standard MPC-CBF,91,9.100,2.200000,-0.350000,0.000000,-0.000000,-2.417636,-0.396000,2.722000,-0.060000,0.420000,child,crossing,distracted,,0.000000,1.000000,4.021990,3.421990,0.000000,0.000000,0.000000,0.000000,0.000000,0.000000,0.000000,3.421990,3.421990,3.421990,3.421990,0.000000,horizon_mpc_secbf,8,3.458004,true,osqp,optimal,25,3.253796,0,3.781513,geometric,false,0.000000,0.000000,0.000000,-0.000000,,,0.000000,0.000000,4.569919,0.000000
local_crowding,context_ext,Standard MPC-CBF,92,9.200,2.200000,-0.350000,0.000000,-0.000000,-2.417636,-0.402000,2.764000,-0.060000,0.420000,child,crossing,distracted,,0.000000,1.000000,4.058004,3.458004,0.000000,0.000000,0.000000,0.000000,0.000000,0.000000,0.000000,3.458004,3.458004,3.458004,3.458004,0.000000,horizon_mpc_secbf,8,3.494142,true,osqp,optimal,25,4.236944,0,3.818773,geometric,false,0.000000,0.000000,0.000000,-0.000000,,,0.000000,0.000000,4.569919,0.000000
local_crowding,context_ext,Standard MPC-CBF,93,9.300,2.200000,-0.350000,0.000000,-0.000000,-2.417636,-0.408000,2.806000,-0.060000,0.420000,child,crossing,distracted,,0.000000,1.000000,4.094142,3.494142,0.000000,0.000000,0.000000,0.000000,0.000000,0.000000,0.000000,3.494142,3.494142,3.494142,3.494142,0.000000,horizon_mpc_secbf,8,3.530399,true,osqp,optimal,25,3.769734,0,3.856123,geometric,false,0.000000,0.000000,0.000000,-0.000000,,,0.000000,0.000000,4.569919,0.000000
local_crowding,context_ext,Standard MPC-CBF,94,9.400,2.200000,-0.350000,0.000000,-0.000000,-2.417636,-0.414000,2.848000,-0.060000,0.420000,child,crossing,distracted,,0.000000,1.000000,4.130399,3.530399,0.000000,0.000000,0.000000,0.000000,0.000000,0.000000,0.000000,3.530399,3.530399,3.530399,3.530399,0.000000,horizon_mpc_secbf,8,3.566773,true,osqp,optimal,25,3.895594,0,3.893560,geometric,false,0.000000,0.000000,0.000000,-0.000000,,,0.000000,0.000000,4.569919,0.000000
local_crowding,context_ext,Standard MPC-CBF,95,9.500,2.200000,-0.350000,0.000000,-0.000000,-2.417636,-0.420000,2.890000,-0.060000,0.420000,child,crossing,distracted,,0.000000,1.000000,4.166773,3.566773,0.000000,0.000000,0.000000,0.000000,0.000000,0.000000,0.000000,3.566773,3.566773,3.566773,3.566773,0.000000,horizon_mpc_secbf,8,3.603261,true,osqp,optimal,25,3.808988,0,3.931084,geometric,false,0.000000,0.000000,0.000000,-0.000000,,,0.000000,0.000000,4.569919,0.000000
local_crowding,context_ext,Standard MPC-CBF,96,9.600,2.200000,-0.350000,0.000000,-0.000000,-2.417636,-0.426000,2.932000,-0.060000,0.420000,child,crossing,distracted,,0.000000,1.000000,4.203261,3.603261,0.000000,0.000000,0.000000,0.000000,0.000000,0.000000,0.000000,3.603261,3.603261,3.603261,3.603261,0.000000,horizon_mpc_secbf,8,3.639858,true,osqp,optimal,25,4.208706,0,3.968691,geometric,false,0.000000,0.000000,0.000000,-0.000000,,,0.000000,0.000000,4.569919,0.000000
local_crowding,context_ext,Standard MPC-CBF,97,9.700,2.200000,-0.350000,0.000000,-0.000000,-2.417636,-0.432000,2.974000,-0.060000,0.420000,child,crossing,distracted,,0.000000,1.000000,4.239858,3.639858,0.000000,0.000000,0.000000,0.000000,0.000000,0.000000,0.000000,3.639858,3.639858,3.639858,3.639858,0.000000,horizon_mpc_secbf,8,3.676564,true,osqp,optimal,25,3.115715,0,4.006380,geometric,false,0.000000,0.000000,0.000000,-0.000000,,,0.000000,0.000000,4.569919,0.000000
local_crowding,context_ext,Standard MPC-CBF,98,9.800,2.200000,-0.350000,0.000000,-0.000000,-2.417636,-0.438000,3.016000,-0.060000,0.420000,child,crossing,distracted,,0.000000,1.000000,4.276564,3.676564,0.000000,0.000000,0.000000,0.000000,0.000000,0.000000,0.000000,3.676564,3.676564,3.676564,3.676564,0.000000,horizon_mpc_secbf,8,3.713375,true,osqp,optimal,25,3.090665,0,4.044149,geometric,false,0.000000,0.000000,0.000000,-0.000000,,,0.000000,0.000000,4.569919,0.000000
local_crowding,context_ext,Standard MPC-CBF,99,9.900,2.200000,-0.350000,0.000000,-0.000000,-2.417636,-0.444000,3.058000,-0.060000,0.420000,child,crossing,distracted,,0.000000,1.000000,4.313375,3.713375,0.000000,0.000000,0.000000,0.000000,0.000000,0.000000,0.000000,3.713375,3.713375,3.713375,3.713375,0.000000,horizon_mpc_secbf,8,3.750287,true,osqp,optimal,25,3.199632,0,4.081995,geometric,false,0.000000,0.000000,0.000000,-0.000000,,,0.000000,0.000000,4.569919,0.000000
local_crowding,context_ext,Standard MPC-CBF,100,10.000,2.200000,-0.350000,0.000000,-0.000000,-2.417636,-0.450000,3.100000,-0.060000,0.420000,child,crossing,distracted,,0.000000,1.000000,4.350287,3.750287,0.000000,0.000000,0.000000,0.000000,0.000000,0.000000,0.000000,3.750287,3.750287,3.750287,3.750287,0.000000,horizon_mpc_secbf,8,3.787300,true,osqp,optimal,25,3.507979,0,4.119918,geometric,false,0.000000,0.000000,0.000000,-0.000000,,,0.000000,0.000000,4.569919,0.000000
local_crowding,context_ext,Standard MPC-CBF,101,10.100,2.200000,-0.350000,0.000000,-0.000000,-2.417636,-0.456000,3.142000,-0.060000,0.420000,child,crossing,distracted,,0.000000,1.000000,4.387300,3.787300,0.000000,0.000000,0.000000,0.000000,0.000000,0.000000,0.000000,3.787300,3.787300,3.787300,3.787300,0.000000,horizon_mpc_secbf,8,3.824410,true,osqp,optimal,25,3.028808,0,4.157915,geometric,false,0.000000,0.000000,0.000000,-0.000000,,,0.000000,0.000000,4.569919,0.000000
local_crowding,context_ext,Standard MPC-CBF,102,10.200,2.200000,-0.350000,0.000000,-0.000000,-2.417636,-0.462000,3.184000,-0.060000,0.420000,child,crossing,distracted,,0.000000,1.000000,4.424410,3.824410,0.000000,0.000000,0.000000,0.000000,0.000000,0.000000,0.000000,3.824410,3.824410,3.824410,3.824410,0.000000,horizon_mpc_secbf,8,3.861614,true,osqp,optimal,25,3.449654,0,4.195985,geometric,false,0.000000,0.000000,0.000000,-0.000000,,,0.000000,0.000000,4.569919,0.000000
local_crowding,context_ext,Standard MPC-CBF,103,10.300,2.200000,-0.350000,0.000000,-0.000000,-2.417636,-0.468000,3.226000,-0.060000,0.420000,child,crossing,distracted,,0.000000,1.000000,4.461614,3.861614,0.000000,0.000000,0.000000,0.000000,0.000000,0.000000,0.000000,3.861614,3.861614,3.861614,3.861614,0.000000,horizon_mpc_secbf,8,3.898911,true,osqp,optimal,25,3.981553,0,4.234125,geometric,false,0.000000,0.000000,0.000000,-0.000000,,,0.000000,0.000000,4.569919,0.000000
local_crowding,context_ext,Standard MPC-CBF,104,10.400,2.200000,-0.350000,0.000000,-0.000000,-2.417636,-0.474000,3.268000,-0.060000,0.420000,child,crossing,distracted,,0.000000,1.000000,4.498911,3.898911,0.000000,0.000000,0.000000,0.000000,0.000000,0.000000,0.000000,3.898911,3.898911,3.898911,3.898911,0.000000,horizon_mpc_secbf,8,3.936298,true,osqp,optimal,25,4.648137,0,4.272335,geometric,false,0.000000,0.000000,0.000000,-0.000000,,,0.000000,0.000000,4.569919,0.000000
local_crowding,context_ext,Standard MPC-CBF,105,10.500,2.200000,-0.350000,0.000000,-0.000000,-2.417636,-0.480000,3.310000,-0.060000,0.420000,child,crossing,distracted,,0.000000,1.000000,4.536298,3.936298,0.000000,0.000000,0.000000,0.000000,0.000000,0.000000,0.000000,3.936298,3.936298,3.936298,3.936298,0.000000,horizon_mpc_secbf,8,3.973773,true,osqp,optimal,25,4.783648,0,4.310612,geometric,false,0.000000,0.000000,0.000000,-0.000000,,,0.000000,0.000000,4.569919,0.000000
local_crowding,context_ext,Standard MPC-CBF,106,10.600,2.200000,-0.350000,0.000000,-0.000000,-2.417636,-0.486000,3.352000,-0.060000,0.420000,child,crossing,distracted,,0.000000,1.000000,4.573773,3.973773,0.000000,0.000000,0.000000,0.000000,0.000000,0.000000,0.000000,3.973773,3.973773,3.973773,3.973773,0.000000,horizon_mpc_secbf,8,4.011334,true,osqp,optimal,25,3.129793,0,4.348956,geometric,false,0.000000,0.000000,0.000000,-0.000000,,,0.000000,0.000000,4.569919,0.000000
local_crowding,context_ext,Standard MPC-CBF,107,10.700,2.200000,-0.350000,0.000000,-0.000000,-2.417636,-0.492000,3.394000,-0.060000,0.420000,child,crossing,distracted,,0.000000,1.000000,4.611334,4.011334,0.000000,0.000000,0.000000,0.000000,0.000000,0.000000,0.000000,4.011334,4.011334,4.011334,4.011334,0.000000,horizon_mpc_secbf,8,4.048978,true,osqp,optimal,25,3.269974,0,4.387364,geometric,false,0.000000,0.000000,0.000000,-0.000000,,,0.000000,0.000000,4.569919,0.000000
local_crowding,context_ext,Standard MPC-CBF,108,10.800,2.200000,-0.350000,0.000000,-0.000000,-2.417636,-0.498000,3.436000,-0.060000,0.420000,child,crossing,distracted,,0.000000,1.000000,4.648978,4.048978,0.000000,0.000000,0.000000,0.000000,0.000000,0.000000,0.000000,4.048978,4.048978,4.048978,4.048978,0.000000,horizon_mpc_secbf,8,4.086705,true,osqp,optimal,25,4.888561,0,4.425835,geometric,false,0.000000,0.000000,0.000000,-0.000000,,,0.000000,0.000000,4.569919,0.000000
local_crowding,context_ext,Standard MPC-CBF,109,10.900,2.200000,-0.350000,0.000000,-0.000000,-2.417636,-0.504000,3.478000,-0.060000,0.420000,child,crossing,distracted,,0.000000,1.000000,4.686705,4.086705,0.000000,0.000000,0.000000,0.000000,0.000000,0.000000,0.000000,4.086705,4.086705,4.086705,4.086705,0.000000,horizon_mpc_secbf,8,4.124511,true,osqp,optimal,25,2.950008,0,4.464369,geometric,false,0.000000,0.000000,0.000000,-0.000000,,,0.000000,0.000000,4.569919,0.000000
local_crowding,context_ext,Standard MPC-CBF,110,11.000,2.200000,-0.350000,0.000000,-0.000000,-2.417636,-0.510000,3.520000,-0.060000,0.420000,child,crossing,distracted,,0.000000,1.000000,4.724511,4.124511,0.000000,0.000000,0.000000,0.000000,0.000000,0.000000,0.000000,4.124511,4.124511,4.124511,4.124511,0.000000,horizon_mpc_secbf,8,4.162394,true,osqp,optimal,25,4.074923,0,4.502962,geometric,false,0.000000,0.000000,0.000000,-0.000000,,,0.000000,0.000000,4.569919,0.000000
local_crowding,context_ext,Standard MPC-CBF,111,11.100,2.200000,-0.350000,0.000000,-0.000000,-2.417636,-0.516000,3.562000,-0.060000,0.420000,child,crossing,distracted,,0.000000,1.000000,4.762394,4.162394,0.000000,0.000000,0.000000,0.000000,0.000000,0.000000,0.000000,4.162394,4.162394,4.162394,4.162394,0.000000,horizon_mpc_secbf,8,4.200354,true,osqp,optimal,25,4.728007,0,4.541615,geometric,false,0.000000,0.000000,0.000000,-0.000000,,,0.000000,0.000000,4.569919,0.000000
local_crowding,context_ext,Standard MPC-CBF,112,11.200,2.200000,-0.350000,0.000000,-0.000000,-2.417636,-0.522000,3.604000,-0.060000,0.420000,child,crossing,distracted,,0.000000,1.000000,4.800354,4.200354,0.000000,0.000000,0.000000,0.000000,0.000000,0.000000,0.000000,4.200354,4.200354,4.200354,4.200354,0.000000,horizon_mpc_secbf,8,4.238388,true,osqp,optimal,25,4.429231,0,4.580326,geometric,false,0.000000,0.000000,0.000000,-0.000000,,,0.000000,0.000000,4.569919,0.000000
local_crowding,context_ext,Standard MPC-CBF,113,11.300,2.200000,-0.350000,0.000000,-0.000000,-2.417636,-0.528000,3.646000,-0.060000,0.420000,child,crossing,distracted,,0.000000,1.000000,4.838388,4.238388,0.000000,0.000000,0.000000,0.000000,0.000000,0.000000,0.000000,4.238388,4.238388,4.238388,4.238388,0.000000,horizon_mpc_secbf,8,4.276495,true,osqp,optimal,25,4.306584,0,4.619093,geometric,false,0.000000,0.000000,0.000000,-0.000000,,,0.000000,0.000000,4.569919,0.000000
local_crowding,context_ext,Standard MPC-CBF,114,11.400,2.200000,-0.350000,0.000000,-0.000000,-2.417636,-0.534000,3.688000,-0.060000,0.420000,child,crossing,distracted,,0.000000,1.000000,4.876495,4.276495,0.000000,0.000000,0.000000,0.000000,0.000000,0.000000,0.000000,4.276495,4.276495,4.276495,4.276495,0.000000,horizon_mpc_secbf,8,4.314672,true,osqp,optimal,25,4.237355,0,4.657916,geometric,false,0.000000,0.000000,0.000000,-0.000000,,,0.000000,0.000000,4.569919,0.000000
local_crowding,context_ext,Standard MPC-CBF,115,11.500,2.200000,-0.350000,0.000000,-0.000000,-2.417636,-0.540000,3.730000,-0.060000,0.420000,child,crossing,distracted,,0.000000,1.000000,4.914672,4.314672,0.000000,0.000000,0.000000,0.000000,0.000000,0.000000,0.000000,4.314672,4.314672,4.314672,4.314672,0.000000,horizon_mpc_secbf,8,4.352918,true,osqp,optimal,25,3.505347,0,4.696793,geometric,false,0.000000,0.000000,0.000000,-0.000000,,,0.000000,0.000000,4.569919,0.000000
local_crowding,context_ext,Standard MPC-CBF,116,11.600,2.200000,-0.350000,0.000000,-0.000000,-2.417636,-0.546000,3.772000,-0.060000,0.420000,child,crossing,distracted,,0.000000,1.000000,4.952918,4.352918,0.000000,0.000000,0.000000,0.000000,0.000000,0.000000,0.000000,4.352918,4.352918,4.352918,4.352918,0.000000,horizon_mpc_secbf,8,4.391232,true,osqp,optimal,25,3.790902,0,4.735723,geometric,false,0.000000,0.000000,0.000000,-0.000000,,,0.000000,0.000000,4.569919,0.000000
local_crowding,context_ext,Standard MPC-CBF,117,11.700,2.200000,-0.350000,0.000000,-0.000000,-2.417636,-0.552000,3.814000,-0.060000,0.420000,child,crossing,distracted,,0.000000,1.000000,4.991232,4.391232,0.000000,0.000000,0.000000,0.000000,0.000000,0.000000,0.000000,4.391232,4.391232,4.391232,4.391232,0.000000,horizon_mpc_secbf,8,4.429612,true,osqp,optimal,25,3.192163,0,4.774705,geometric,false,0.000000,0.000000,0.000000,-0.000000,,,0.000000,0.000000,4.569919,0.000000
local_crowding,context_ext,Standard MPC-CBF,118,11.800,2.200000,-0.350000,0.000000,-0.000000,-2.417636,-0.558000,3.856000,-0.060000,0.420000,child,crossing,distracted,,0.000000,1.000000,5.029612,4.429612,0.000000,0.000000,0.000000,0.000000,0.000000,0.000000,0.000000,4.429612,4.429612,4.429612,4.429612,0.000000,horizon_mpc_secbf,8,4.468057,true,osqp,optimal,25,3.602669,0,4.813737,geometric,false,0.000000,0.000000,0.000000,-0.000000,,,0.000000,0.000000,4.569919,0.000000
local_crowding,context_ext,Standard MPC-CBF,119,11.900,2.200000,-0.350000,0.000000,-0.000000,-2.417636,-0.564000,3.898000,-0.060000,0.420000,child,crossing,distracted,,0.000000,1.000000,5.068057,4.468057,0.000000,0.000000,0.000000,0.000000,0.000000,0.000000,0.000000,4.468057,4.468057,4.468057,4.468057,0.000000,horizon_mpc_secbf,8,4.506564,true,osqp,optimal,25,4.008448,0,4.852820,geometric,false,0.000000,0.000000,0.000000,-0.000000,,,0.000000,0.000000,4.569919,0.000000
local_crowding,context_ext,EESM-MPC-ECBF,0,0.000,-2.200000,-0.350000,0.000000,0.000000,0.000000,0.150000,-1.100000,-0.060000,0.420000,pedestrian,walking,unknown,10.098536,1.000000,1.000000,2.466779,1.866779,0.000000,0.000000,0.000000,0.000000,0.153124,0.153124,0.000000,1.866779,1.713655,1.713655,1.713655,0.000000,horizon_mpc_secbf,8,1.022083,true,osqp,optimal,75,4.833292,0,0.937181,geometric,false,0.750000,0.000000,0.621017,0.000000,,,0.621017,0.621017,0.062102,4.400000
local_crowding,context_ext,EESM-MPC-ECBF,1,0.100,-2.137898,-0.350000,0.621017,0.000000,0.000000,0.144000,-1.058000,-0.060000,0.420000,pedestrian,walking,unknown,2.308990,1.000000,1.000000,2.389210,1.789210,0.000000,0.000000,0.000000,0.000000,0.762629,0.762629,0.000000,1.789210,1.026581,1.026581,1.026581,0.000000,horizon_mpc_secbf,8,0.326236,true,osqp,optimal,75,3.405336,0,0.151329,geometric,false,0.750000,-0.000000,0.726100,0.000000,,,0.726100,0.105084,0.134712,4.337898
local_crowding,context_ext,EESM-MPC-ECBF,2,0.200,-2.065288,-0.350000,0.726100,0.000000,0.000001,0.138000,-1.016000,-0.060000,0.420000,pedestrian,walking,unknown,1.947079,1.000000,1.000000,2.301746,1.701746,0.000000,0.000000,0.000000,0.000000,0.863366,0.863366,0.000000,1.701746,0.838380,0.838380,0.838380,0.000000,horizon_mpc_secbf,8,0.139946,true,osqp,optimal,75,3.340649,0,-0.044700,geometric,false,0.750000,-0.000000,0.735587,0.000002,,,0.735587,0.009487,0.208270,4.265288
local_crowding,context_ext,EESM-MPC-ECBF,3,0.300,-1.991730,-0.350000,0.735587,0.000002,0.000003,0.132000,-0.974000,-0.060000,0.420000,pedestrian,walking,unknown,1.829952,1.000000,1.000000,2.213505,1.613505,0.000000,0.000000,0.000000,0.000000,0.869787,0.869787,0.000000,1.613505,0.743718,0.743718,0.743718,0.000000,horizon_mpc_secbf,8,0.048666,true,osqp,optimal,75,3.670785,0,-0.137999,geometric,false,0.750000,-0.000000,0.735588,0.000011,,,0.735588,0.000009,0.281829,4.191730
local_crowding,context_ext,EESM-MPC-ECBF,4,0.400,-1.918171,-0.349999,0.735588,0.000011,0.000015,0.126000,-0.932000,-0.060000,0.420000,pedestrian,walking,unknown,1.733055,1.000000,1.000000,2.125408,1.525408,0.000000,0.000000,0.000000,0.000000,0.866358,0.866358,0.000000,1.525408,0.659050,0.659050,0.659050,0.000053,horizon_mpc_secbf,8,-0.000053,true,osqp,optimal,50,3.815155,0,-0.188432,geometric,false,0.750000,-0.000000,0.704085,0.008592,,,0.704138,0.032650,0.352243,4.118171
local_crowding,context_ext,EESM-MPC-ECBF,5,0.500,-1.847762,-0.349139,0.704085,0.008592,0.012203,0.120000,-0.890000,-0.060000,0.420000,pedestrian,walking,unknown,1.703410,1.000000,1.000000,2.040740,1.440740,0.000000,0.000000,0.000000,0.000000,0.830121,0.830121,0.000000,1.440740,0.610618,0.610618,0.610618,0.000108,horizon_mpc_secbf,8,-0.000108,true,osqp,optimal,50,5.120478,0,-0.184398,geometric,false,0.750000,-0.000159,0.654111,0.017973,,,0.654358,0.050847,0.417679,4.047762
local_crowding,context_ext,EESM-MPC-ECBF,6,0.600,-1.782351,-0.347342,0.654111,0.017973,0.027471,0.114000,-0.848000,-0.060000,0.420000,pedestrian,walking,unknown,1.716515,1.000000,1.000000,1.961328,1.361328,0.000000,0.000000,0.000000,0.000000,0.774980,0.774980,0.000000,1.361328,0.586347,0.586347,0.586347,0.000131,horizon_mpc_secbf,8,-0.000131,true,osqp,optimal,50,4.819255,0,-0.179079,geometric,false,0.750000,-0.000501,0.626872,0.022606,,,0.627279,0.027630,0.480407,3.982352
local_crowding,context_ext,EESM-MPC-ECBF,7,0.700,-1.719664,-0.345081,0.626872,0.022606,0.036047,0.108000,-0.806000,-0.060000,0.420000,pedestrian,walking,unknown,1.683564,1.000000,1.000000,1.884888,1.284888,0.000000,0.000000,0.000000,0.000000,0.742328,0.742328,0.000000,1.284888,0.542560,0.542560,0.542560,0.000178,horizon_mpc_secbf,8,-0.000178,true,osqp,optimal,50,4.929996,0,-0.175531,geometric,false,0.749999,-0.000941,0.582870,0.031848,,,0.583740,0.044962,0.538781,3.919667
local_crowding,context_ext,EESM-MPC-ECBF,8,0.800,-1.661377,-0.341897,0.582870,0.031848,0.054586,0.102000,-0.764000,-0.060000,0.420000,pedestrian,walking,unknown,1.695427,1.000000,1.000000,1.813193,1.213193,0.000000,0.000000,0.000000,0.000000,0.692172,0.692172,0.000000,1.213193,0.521021,0.521021,0.521021,0.000197,horizon_mpc_secbf,8,-0.000197,true,osqp,optimal,50,3.874348,0,-0.167474,geometric,false,0.749998,-0.001574,0.559531,0.049792,,,0.561742,0.029440,0.594955,3.861385
local_crowding,context_ext,EESM-MPC-ECBF,9,0.900,-1.605424,-0.336917,0.559531,0.049792,0.088755,0.096000,-0.722000,-0.060000,0.420000,child,crossing,distracted,1.668379,1.000000,1.000000,1.744457,1.144457,0.000000,0.000000,0.000000,0.000000,0.662462,0.662462,0.000000,1.144457,0.481995,0.481995,0.481995,0.000239,horizon_mpc_secbf,8,-0.000239,true,osqp,optimal,50,3.426302,0,-0.160991,geometric,false,0.749996,-0.002578,0.520322,0.070191,,,0.525035,0.044198,0.647458,3.805446
local_crowding,context_ext,EESM-MPC-ECBF,10,1.000,-1.553392,-0.329898,0.520322,0.070191,0.134090,0.090000,-0.680000,-0.060000,0.420000,child,crossing,distracted,1.686679,1.000000,1.000000,1.680270,1.080270,0.000000,0.000000,0.000000,0.000000,0.617201,0.617201,0.000000,1.080270,0.463069,0.463069,0.463069,0.000255,horizon_mpc_secbf,8,-0.000255,true,osqp,optimal,50,3.330256,0,-0.153259,geometric,false,0.749989,-0.004017,0.499201,0.085696,,,0.506503,0.026202,0.698109,3.753445
local_crowding,context_ext,EESM-MPC-ECBF,11,1.100,-1.503472,-0.321329,0.499201,0.085696,0.170010,0.084000,-0.638000,-0.060000,0.420000,child,crossing,distracted,1.659755,1.000000,1.000000,1.618749,1.018749,0.000000,0.000000,0.000000,0.000000,0.590326,0.590326,0.000000,1.018749,0.428422,0.428422,0.428422,0.000291,horizon_mpc_secbf,8,-0.000292,true,osqp,optimal,50,3.137648,0,-0.147402,geometric,false,0.749978,-0.005806,0.463718,0.100428,,,0.474469,0.038419,0.745555,3.703583
local_crowding,context_ext,EESM-MPC-ECBF,12,1.200,-1.457100,-0.311286,0.463718,0.100428,0.213277,0.078000,-0.596000,-0.060000,0.420000,child,crossing,distracted,1.677001,1.000000,1.000000,1.561279,0.961279,0.000000,0.000000,0.000000,0.000000,0.549297,0.549297,0.000000,0.961279,0.411982,0.411982,0.411982,0.000305,horizon_mpc_secbf,8,-0.000305,true,osqp,optimal,50,3.365657,0,-0.140547,geometric,false,0.749958,-0.007939,0.444858,0.110490,,,0.458374,0.021377,0.791393,3.657305
local_crowding,context_ext,EESM-MPC-ECBF,13,1.300,-1.412614,-0.300237,0.444858,0.110490,0.243446,0.072000,-0.554000,-0.060000,0.420000,child,crossing,distracted,1.648172,1.000000,1.000000,1.506146,0.906146,0.000000,0.000000,0.000000,0.000000,0.524805,0.524805,0.000000,0.906146,0.381341,0.381341,0.381341,0.000337,horizon_mpc_secbf,8,-0.000337,true,osqp,optimal,50,4.127148,0,-0.135509,geometric,false,0.749929,-0.010330,0.413217,0.118877,,,0.429977,0.032733,0.834391,3.612957
local_crowding,context_ext,EESM-MPC-ECBF,14,1.400,-1.371292,-0.288349,0.413217,0.118877,0.280121,0.066000,-0.512000,-0.060000,0.420000,child,crossing,distracted,1.662983,1.000000,1.000000,1.454589,0.854589,0.000000,0.000000,0.000000,0.000000,0.487406,0.487406,0.000000,0.854589,0.367183,0.367183,0.367183,0.000348,horizon_mpc_secbf,8,-0.000348,true,osqp,optimal,50,4.742952,0,-0.129687,geometric,false,0.749888,-0.012945,0.397006,0.123121,,,0.415659,0.016757,0.875956,3.571824
local_crowding,context_ext,EESM-MPC-ECBF,15,1.500,-1.331592,-0.276037,0.397006,0.123121,0.300717,0.060000,-0.470000,-0.060000,0.420000,child,crossing,distracted,1.630918,1.000000,1.000000,1.405044,0.805044,0.000000,0.000000,0.000000,0.000000,0.464809,0.464809,0.000000,0.805044,0.340235,0.340235,0.340235,0.000376,horizon_mpc_secbf,8,-0.000376,true,osqp,optimal,50,4.873066,0,-0.125721,geometric,false,0.749836,-0.015704,0.369681,0.124703,,,0.390147,0.027371,0.914971,3.532366
local_crowding,context_ext,EESM-MPC-ECBF,16,1.600,-1.294624,-0.263567,0.369681,0.124703,0.325340,0.054000,-0.428000,-0.060000,0.420000,child,crossing,distracted,1.641084,1.000000,1.000000,1.358611,0.758611,0.000000,0.000000,0.000000,0.000000,0.430397,0.430397,0.000000,0.758611,0.328214,0.328214,0.328214,0.000384,horizon_mpc_secbf,8,-0.000384,true,osqp,optimal,50,4.429509,0,-0.121283,geometric,false,0.749771,-0.018544,0.356950,0.122579,,,0.377410,0.012907,0.952712,3.495692
local_crowding,context_ext,EESM-MPC-ECBF,17,1.700,-1.258929,-0.251309,0.356950,0.122579,0.330789,0.048000,-0.386000,-0.060000,0.420000,child,crossing,distracted,1.603283,1.000000,1.000000,1.313851,0.713851,0.000000,0.000000,0.000000,0.000000,0.409117,0.409117,0.000000,0.713851,0.304734,0.304734,0.304734,0.000407,horizon_mpc_secbf,8,-0.000407,true,osqp,optimal,50,4.486553,0,-0.118934,geometric,false,0.749695,-0.021390,0.335058,0.116651,,,0.354784,0.022680,0.988191,3.460336
local_crowding,context_ext,EESM-MPC-ECBF,18,1.800,-1.225423,-0.239644,0.335058,0.116651,0.335027,0.042000,-0.344000,-0.060000,0.420000,child,crossing,distracted,1.604591,1.000000,1.000000,1.271712,0.671712,0.000000,0.000000,0.000000,0.000000,0.376939,0.376939,0.000000,0.671712,0.294773,0.294773,0.294773,0.000412,horizon_mpc_secbf,8,-0.000412,true,osqp,optimal,50,4.341531,0,-0.116618,geometric,false,0.749611,-0.024150,0.327462,0.107458,,,0.344642,0.011926,1.022655,3.427200
local_crowding,context_ext,EESM-MPC-ECBF,19,1.900,-1.192677,-0.228898,0.327462,0.107458,0.317082,0.036000,-0.302000,-0.060000,0.420000,child,crossing,distracted,1.556347,1.000000,1.000000,1.230849,0.630849,0.000000,0.000000,0.000000,0.000000,0.356221,0.356221,0.000000,0.630849,0.274628,0.274628,0.274628,0.000428,horizon_mpc_secbf,8,-0.000428,true,osqp,optimal,50,6.380419,0,-0.116958,geometric,false,0.749523,-0.026754,0.313271,0.093318,,,0.326875,0.020032,1.055342,3.394837
local_crowding,context_ext,EESM-MPC-ECBF,20,2.000,-1.161350,-0.219566,0.313271,0.093318,0.289514,0.030000,-0.260000,-0.060000,0.420000,child,crossing,distracted,1.541207,1.000000,1.000000,1.192035,0.592035,0.000000,0.000000,0.000000,0.000000,0.325323,0.325323,0.000000,0.592035,0.266712,0.266712,0.266712,0.000131,horizon_mpc_secbf,8,-0.000060,true,osqp,optimal,50,5.385378,0,-0.340611,geometric,false,0.749436,-0.029081,0.524585,-0.264113,,,0.587320,0.415223,1.114074,3.363879
local_crowding,context_ext,EESM-MPC-ECBF,21,2.100,-1.108891,-0.245977,0.524585,-0.264113,-0.466419,0.024000,-0.218000,-0.060000,0.420000,child,crossing,distracted,0.939595,1.000000,1.000000,1.133236,0.533236,0.000000,0.000000,0.000000,0.000000,0.234509,0.234509,0.000000,0.533236,0.298728,0.298728,0.298728,0.000052,horizon_mpc_secbf,8,-0.000052,true,osqp,optimal,75,6.130820,0,-0.388760,geometric,false,0.749630,-0.023566,0.644687,-0.265846,,,0.697349,0.120114,1.183809,3.310526
local_crowding,context_ext,EESM-MPC-ECBF,22,2.200,-1.044422,-0.272562,0.644687,-0.265846,-0.391120,0.018000,-0.176000,-0.060000,0.420000,child,crossing,distracted,0.729703,1.000000,1.000000,1.066802,0.466802,0.000000,0.000000,0.000000,0.000000,0.206489,0.206489,0.000000,0.466802,0.260313,0.260313,0.260313,0.000019,horizon_mpc_secbf,8,-0.000004,true,osqp,optimal,50,5.627415,0,-0.424684,geometric,false,0.749786,-0.017896,0.688935,-0.252203,,,0.733647,0.046304,1.257174,3.245346
local_crowding,context_ext,EESM-MPC-ECBF,23,2.300,-0.975529,-0.297782,0.688935,-0.252203,-0.350924,0.012000,-0.134000,-0.060000,0.420000,child,crossing,distracted,0.637691,1.000000,1.000000,1.001018,0.401018,0.000000,0.000000,0.000000,0.000000,0.131652,0.131652,0.000000,0.401018,0.269367,0.269367,0.269367,0.000000,horizon_mpc_secbf,8,0.060551,true,osqp,optimal,50,5.290154,0,-0.367947,geometric,false,0.749899,-0.012331,0.695855,-0.242253,,,0.736818,0.012119,1.330856,3.175958
local_crowding,context_ext,EESM-MPC-ECBF,24,2.400,-0.905943,-0.322008,0.695855,-0.242253,-0.335015,0.006000,-0.092000,-0.060000,0.420000,child,crossing,distracted,0.596385,1.000000,1.000000,0.940502,0.340502,0.000000,0.000000,0.000000,0.000000,0.034691,0.034691,0.000000,0.340502,0.305811,0.305811,0.305811,0.000000,horizon_mpc_secbf,8,0.153420,true,osqp,optimal,50,6.228482,0,-0.262446,geometric,false,0.749970,-0.006759,0.694132,-0.246410,,,0.736572,0.004499,1.404513,3.106070
local_crowding,context_ext,EESM-MPC-ECBF,25,2.500,-0.836530,-0.346649,0.694132,-0.246410,-0.341113,0.000000,-0.050000,-0.060000,0.420000,child,crossing,distracted,0.589245,1.000000,1.000000,0.887571,0.287571,0.000000,0.000000,0.000000,0.000000,0.000000,0.000000,0.000000,0.287571,0.366577,0.366577,0.287571,0.000000,horizon_mpc_secbf,8,0.184586,true,osqp,optimal,50,5.520617,0,-0.197091,geometric,false,0.750000,-0.000828,0.692205,-0.251061,,,0.736328,0.005035,1.478146,3.036532
local_crowding,context_ext,EESM-MPC-ECBF,26,2.600,-0.767310,-0.371755,0.692205,-0.251061,-0.347942,-0.006000,-0.008000,-0.060000,0.420000,child,crossing,distracted,0.625950,1.000000,1.000000,0.843748,0.243748,0.000000,0.000000,0.000000,0.000000,0.000000,0.000000,0.000000,0.243748,0.434856,0.434856,0.243748,0.000000,horizon_mpc_secbf,8,0.181755,true,osqp,optimal,50,4.700944,0,-0.143758,geometric,false,0.749980,0.005498,0.691227,-0.253419,,,0.736217,0.002553,1.551767,2.967389
local_crowding,context_ext,EESM-MPC-ECBF,27,2.700,-0.698187,-0.397097,0.691227,-0.253419,-0.351405,-0.012000,0.034000,-0.060000,0.420000,child,crossing,distracted,0.757087,1.000000,1.000000,0.810368,0.210368,0.000000,0.000000,0.000000,0.000000,0.000000,0.000000,0.000000,0.210368,0.506429,0.506429,0.210368,0.000000,horizon_mpc_secbf,8,0.179793,true,osqp,optimal,50,6.098317,0,-0.068004,geometric,false,0.749901,0.012186,0.691465,-0.252844,,,0.736243,0.000622,1.625392,2.898570
local_crowding,context_ext,EESM-MPC-ECBF,28,2.800,-0.629040,-0.422381,0.691465,-0.252844,-0.350561,-0.018000,0.076000,-0.060000,0.420000,child,crossing,distracted,1.200280,1.000000,1.000000,0.788514,0.188514,0.000000,0.000000,0.000000,0.000000,0.000000,0.000000,0.000000,0.188514,0.579613,0.579613,0.188514,0.000000,horizon_mpc_secbf,8,0.178832,true,osqp,optimal,50,5.909122,0,0.027943,geometric,false,0.749755,0.019183,0.692992,-0.249159,,,0.736422,0.003989,1.699034,2.829966
local_crowding,context_ext,EESM-MPC-ECBF,29,2.900,-0.559741,-0.447297,0.692992,-0.249159,-0.345149,-0.024000,0.118000,-0.060000,0.420000,child,crossing,distracted,5.541238,1.000000,1.000000,0.778832,0.178832,0.000000,0.000000,0.000000,0.000000,0.000000,0.000000,0.000000,0.178832,0.653427,0.653427,0.178832,0.000000,horizon_mpc_secbf,8,0.181399,true,osqp,optimal,50,5.908338,0,0.139701,geometric,false,0.749534,0.026425,0.695802,-0.242374,,,0.736808,0.007344,1.772715,2.761456
local_crowding,context_ext,EESM-MPC-ECBF,30,3.000,-0.490161,-0.471534,0.695802,-0.242374,-0.335192,-0.030000,0.160000,-0.060000,0.420000,child,crossing,distracted,,0.000000,1.000000,0.781399,0.181399,0.000000,0.000000,0.000000,0.000000,0.000000,0.000000,0.000000,0.181399,0.181399,0.181399,0.181399,0.000000,horizon_mpc_secbf,8,0.195689,true,osqp,optimal,50,9.639642,0,0.261409,geometric,false,0.749236,0.033849,0.699834,-0.232642,,,0.737489,0.010534,1.846464,2.692905
local_crowding,context_ext,EESM-MPC-ECBF,31,3.100,-0.420178,-0.494799,0.699834,-0.232642,-0.320933,-0.036000,0.202000,-0.060000,0.420000,child,crossing,distracted,,0.000000,1.000000,0.795689,0.195689,0.000000,0.000000,0.000000,0.000000,0.000000,0.000000,0.000000,0.195689,0.195689,0.195689,0.195689,0.000000,horizon_mpc_secbf,8,0.220681,true,osqp,optimal,50,4.474249,0,0.387005,geometric,false,0.748857,0.041384,0.704973,-0.220234,,,0.738573,0.013431,1.920321,2.624176
local_crowding,context_ext,EESM-MPC-ECBF,32,3.200,-0.349680,-0.516822,0.704973,-0.220234,-0.302794,-0.042000,0.244000,-0.060000,0.420000,child,crossing,distracted,,0.000000,1.000000,0.820681,0.220681,0.000000,0.000000,0.000000,0.000000,0.000000,0.000000,0.000000,0.220681,0.220681,0.220681,0.220681,0.000000,horizon_mpc_secbf,8,0.255046,true,osqp,optimal,50,3.318458,0,0.511468,geometric,false,0.748400,0.048967,0.711079,-0.205494,,,0.740176,0.015954,1.994338,2.555132
local_crowding,context_ext,EESM-MPC-ECBF,33,3.300,-0.278572,-0.537371,0.711079,-0.205494,-0.281325,-0.048000,0.286000,-0.060000,0.420000,child,crossing,distracted,,0.000000,1.000000,0.855046,0.255046,0.000000,0.000000,0.000000,0.000000,0.000000,0.000000,0.000000,0.255046,0.255046,0.255046,0.255046,0.000000,horizon_mpc_secbf,8,0.297352,true,osqp,optimal,50,3.290522,0,0.631498,geometric,false,0.747866,0.056536,0.717994,-0.188799,,,0.742402,0.018070,2.068579,2.485645
local_crowding,context_ext,EESM-MPC-ECBF,34,3.400,-0.206773,-0.556251,0.717994,-0.188799,-0.257133,-0.054000,0.328000,-0.060000,0.420000,child,crossing,distracted,,0.000000,1.000000,0.897352,0.297352,0.000000,0.000000,0.000000,0.000000,0.000000,0.000000,0.000000,0.297352,0.297352,0.297352,0.297352,0.000000,horizon_mpc_secbf,8,0.346219,true,osqp,optimal,50,3.211864,0,0.745512,geometric,false,0.747261,0.064037,0.725564,-0.170522,,,0.745333,0.019783,2.143112,2.415594
local_crowding,context_ext,EESM-MPC-ECBF,35,3.500,-0.134217,-0.573304,0.725564,-0.170522,-0.230831,-0.060000,0.370000,-0.060000,0.420000,child,crossing,distracted,,0.000000,1.000000,0.946219,0.346219,0.000000,0.000000,0.000000,0.000000,0.000000,0.000000,0.000000,0.346219,0.346219,0.346219,0.346219,0.000000,horizon_mpc_secbf,8,0.400420,true,osqp,optimal,50,3.792774,0,0.853255,geometric,false,0.746591,0.071423,0.733550,-0.151038,,,0.748937,0.021058,2.218006,2.344874
local_crowding,context_ext,EESM-MPC-ECBF,36,3.600,-0.060862,-0.588407,0.733550,-0.151038,-0.203062,-0.066000,0.412000,-0.060000,0.420000,child,crossing,distracted,,0.000000,1.000000,1.000420,0.400420,0.000000,0.000000,0.000000,0.000000,0.000000,0.000000,0.000000,0.400420,0.400420,0.400420,0.400420,0.000000,horizon_mpc_secbf,8,0.458707,true,osqp,optimal,50,3.063623,0,0.953565,geometric,false,0.745865,0.078651,0.735590,-0.129066,,,0.746827,0.022066,2.292688,2.273397
local_crowding,context_ext,EESM-MPC-ECBF,37,3.700,0.012697,-0.601314,0.735590,-0.129066,-0.173691,-0.072000,0.454000,-0.060000,0.420000,child,crossing,distracted,,0.000000,1.000000,1.058707,0.458707,0.000000,0.000000,0.000000,0.000000,0.000000,0.000000,0.000000,0.458707,0.458707,0.458707,0.458707,0.000000,horizon_mpc_secbf,8,0.520022,true,osqp,optimal,50,3.765499,0,1.046652,geometric,false,0.745098,0.085609,0.735593,-0.105982,,,0.743188,0.023083,2.367007,2.201693
local_crowding,context_ext,EESM-MPC-ECBF,38,3.800,0.086257,-0.611912,0.735593,-0.105982,-0.143093,-0.078000,0.496000,-0.060000,0.420000,child,crossing,distracted,,0.000000,1.000000,1.120022,0.520022,0.000000,0.000000,0.000000,0.000000,0.000000,0.000000,0.000000,0.520022,0.520022,0.520022,0.520022,0.000000,horizon_mpc_secbf,8,0.583526,true,osqp,optimal,50,3.361888,0,1.133545,geometric,false,0.744308,0.092227,0.735593,-0.082276,,,0.740180,0.023706,2.441025,2.129908
local_crowding,context_ext,EESM-MPC-ECBF,39,3.900,0.159816,-0.620140,0.735593,-0.082276,-0.111387,-0.084000,0.538000,-0.060000,0.420000,child,crossing,distracted,,0.000000,1.000000,1.183526,0.583526,0.000000,0.000000,0.000000,0.000000,0.000000,0.000000,0.000000,0.583526,0.583526,0.583526,0.583526,0.000000,horizon_mpc_secbf,8,0.648567,true,osqp,optimal,50,4.257169,0,1.215407,geometric,false,0.743511,0.098448,0.735593,-0.058241,,,0.737895,0.024036,2.514815,2.057991
local_crowding,context_ext,EESM-MPC-ECBF,40,4.000,0.233375,-0.625964,0.735593,-0.058241,-0.079010,-0.090000,0.580000,-0.060000,0.420000,child,crossing,distracted,,0.000000,1.000000,1.248567,0.648567,0.000000,0.000000,0.000000,0.000000,0.000000,0.000000,0.000000,0.648567,0.648567,0.648567,0.648567,0.000000,horizon_mpc_secbf,8,0.714646,true,osqp,optimal,50,5.001669,0,1.293237,geometric,false,0.742723,0.104222,0.735592,-0.034109,,,0.736383,0.024132,2.588453,1.985893
local_crowding,context_ext,EESM-MPC-ECBF,41,4.100,0.306934,-0.629375,0.735592,-0.034109,-0.046336,-0.096000,0.622000,-0.060000,0.420000,child,crossing,distracted,,0.000000,1.000000,1.314646,0.714646,0.000000,0.000000,0.000000,0.000000,0.000000,0.000000,0.000000,0.714646,0.714646,0.714646,0.714646,0.000000,horizon_mpc_secbf,8,0.781386,true,osqp,optimal,50,3.290404,0,1.367875,geometric,false,0.741964,0.109497,0.735591,-0.010082,,,0.735660,0.024027,2.662019,1.913569
local_crowding,context_ext,EESM-MPC-ECBF,42,4.200,0.380494,-0.630383,0.735591,-0.010082,-0.013705,-0.102000,0.664000,-0.060000,0.420000,child,crossing,distracted,,0.000000,1.000000,1.381386,0.781386,0.000000,0.000000,0.000000,0.000000,0.000000,0.000000,0.000000,0.781386,0.781386,0.781386,0.781386,0.000000,horizon_mpc_secbf,8,0.848507,true,osqp,optimal,75,3.157474,0,1.440016,geometric,false,0.741251,0.114225,0.735589,0.013663,,,0.735716,0.023745,2.735591,1.840983
local_crowding,context_ext,EESM-MPC-ECBF,43,4.300,0.454052,-0.629016,0.735589,0.013663,0.018573,-0.108000,0.706000,-0.060000,0.420000,child,crossing,distracted,,0.000000,1.000000,1.448507,0.848507,0.000000,0.000000,0.000000,0.000000,0.000000,0.000000,0.000000,0.848507,0.848507,0.848507,0.848507,0.000000,horizon_mpc_secbf,8,0.915807,true,osqp,optimal,75,2.981934,0,1.510234,geometric,false,0.740603,0.118354,0.735589,0.036968,,,0.736518,0.023305,2.809242,1.768102
local_crowding,context_ext,EESM-MPC-ECBF,44,4.400,0.527611,-0.625320,0.735589,0.036968,0.050214,-0.114000,0.748000,-0.060000,0.420000,child,crossing,distracted,,0.000000,1.000000,1.515807,0.915807,0.000000,0.000000,0.000000,0.000000,0.000000,0.000000,0.000000,0.915807,0.915807,0.915807,0.915807,0.000000,horizon_mpc_secbf,8,0.983148,true,osqp,optimal,75,3.341156,0,1.579010,geometric,false,0.740039,0.121830,0.735589,0.059685,,,0.738007,0.022717,2.883043,1.694900
local_crowding,context_ext,EESM-MPC-ECBF,45,4.500,0.601170,-0.619351,0.735589,0.059685,0.080962,-0.120000,0.790000,-0.060000,0.420000,child,crossing,distracted,,0.000000,1.000000,1.583148,0.983148,0.000000,0.000000,0.000000,0.000000,0.000000,0.000000,0.000000,0.983148,0.983148,0.983148,0.983148,0.000000,horizon_mpc_secbf,8,1.050441,true,osqp,optimal,75,3.674040,0,1.646776,geometric,false,0.739578,0.124595,0.735589,0.081642,,,0.740106,0.021957,2.957054,1.621359
local_crowding,context_ext,EESM-MPC-ECBF,46,4.600,0.674729,-0.611187,0.735589,0.081642,0.110536,-0.126000,0.832000,-0.060000,0.420000,child,crossing,distracted,,0.000000,1.000000,1.650441,1.050441,0.000000,0.000000,0.000000,0.000000,0.000000,0.000000,0.000000,1.050441,1.050441,1.050441,1.050441,0.000000,horizon_mpc_secbf,8,1.117661,true,osqp,optimal,75,3.223867,0,1.714095,geometric,false,0.739240,0.126587,0.735590,0.102460,,,0.742691,0.020819,3.031323,1.547472
local_crowding,context_ext,EESM-MPC-ECBF,47,4.700,0.748288,-0.600941,0.735590,0.102460,0.138400,-0.132000,0.874000,-0.060000,0.420000,child,crossing,distracted,,0.000000,1.000000,1.717661,1.117661,0.000000,0.000000,0.000000,0.000000,0.000000,0.000000,0.000000,1.117661,1.117661,1.117661,1.117661,0.000000,horizon_mpc_secbf,8,1.184938,true,osqp,optimal,75,3.469505,0,1.782573,geometric,false,0.739040,0.127749,0.735590,0.120500,,,0.745394,0.018040,3.105862,1.473241
local_crowding,context_ext,EESM-MPC-ECBF,48,4.800,0.821847,-0.588891,0.735590,0.120500,0.162372,-0.138000,0.916000,-0.060000,0.420000,child,crossing,distracted,,0.000000,1.000000,1.784938,1.184938,0.000000,0.000000,0.000000,0.000000,0.000000,0.000000,0.000000,1.184938,1.184938,1.184938,1.184938,0.000000,horizon_mpc_secbf,8,1.253152,true,osqp,optimal,75,4.187983,0,1.859969,geometric,false,0.738980,0.128096,0.735590,0.126793,,,0.746437,0.006293,3.180506,1.398704
local_crowding,context_ext,EESM-MPC-ECBF,49,4.900,0.895406,-0.576212,0.735590,0.126793,0.170692,-0.144000,0.958000,-0.060000,0.420000,child,crossing,distracted,,0.000000,1.000000,1.853152,1.253152,0.000000,0.000000,0.000000,0.000000,0.000000,0.000000,0.000000,1.253152,1.253152,1.253152,1.253152,0.000000,horizon_mpc_secbf,8,1.322594,true,osqp,optimal,75,4.669135,0,1.941210,geometric,false,0.738973,0.128135,0.735590,0.127905,,,0.746627,0.001112,3.255169,1.324061
local_crowding,context_ext,EESM-MPC-ECBF,50,5.000,0.968965,-0.563421,0.735590,0.127905,0.172160,-0.150000,1.000000,-0.060000,0.420000,child,crossing,distracted,,0.000000,1.000000,1.922594,1.322594,0.000000,0.000000,0.000000,0.000000,0.000000,0.000000,0.000000,1.322594,1.322594,1.322594,1.322594,0.000000,horizon_mpc_secbf,8,1.393208,true,osqp,optimal,75,3.145610,0,2.023019,geometric,false,0.738977,0.128114,0.735590,0.128079,,,0.746657,0.000174,3.329834,1.249398
local_crowding,context_ext,EESM-MPC-ECBF,51,5.100,1.042524,-0.550613,0.735590,0.128079,0.172390,-0.156000,1.042000,-0.060000,0.420000,child,crossing,distracted,,0.000000,1.000000,1.993208,1.393208,0.000000,0.000000,0.000000,0.000000,0.000000,0.000000,0.000000,1.393208,1.393208,1.393208,1.393208,0.000000,horizon_mpc_secbf,8,1.464885,true,osqp,optimal,75,3.324262,0,2.104848,geometric,false,0.738983,0.128080,0.735590,0.128081,,,0.746658,0.000002,3.404500,1.174732
local_crowding,context_ext,EESM-MPC-ECBF,52,5.200,1.116083,-0.537805,0.735590,0.128081,0.172392,-0.162000,1.084000,-0.060000,0.420000,child,crossing,distracted,,0.000000,1.000000,2.064885,1.464885,0.000000,0.000000,0.000000,0.000000,0.000000,0.000000,0.000000,1.464885,1.464885,1.464885,1.464885,0.000000,horizon_mpc_secbf,8,1.537520,true,osqp,optimal,75,3.322078,0,2.186628,geometric,false,0.738989,0.128041,0.735590,0.128050,,,0.746653,0.000032,3.479165,1.100067
local_crowding,context_ext,EESM-MPC-ECBF,53,5.300,1.189642,-0.525000,0.735590,0.128050,0.172350,-0.168000,1.126000,-0.060000,0.420000,child,crossing,distracted,,0.000000,1.000000,2.137520,1.537520,0.000000,0.000000,0.000000,0.000000,0.000000,0.000000,0.000000,1.537520,1.537520,1.537520,1.537520,0.000000,horizon_mpc_secbf,8,1.611022,true,osqp,optimal,75,3.802947,0,2.268369,geometric,false,0.738997,0.127999,0.735591,0.128009,,,0.746646,0.000040,3.553830,1.025401
local_crowding,context_ext,EESM-MPC-ECBF,54,5.400,1.263201,-0.512199,0.735591,0.128009,0.172297,-0.174000,1.168000,-0.060000,0.420000,child,crossing,distracted,,0.000000,1.000000,2.211022,1.611022,0.000000,0.000000,0.000000,0.000000,0.000000,0.000000,0.000000,1.611022,1.611022,1.611022,1.611022,0.000000,horizon_mpc_secbf,8,1.685305,true,osqp,optimal,75,3.144967,0,2.350093,geometric,false,0.739005,0.127953,0.735591,0.127964,,,0.746638,0.000045,3.628494,0.950737
local_crowding,context_ext,EESM-MPC-ECBF,55,5.500,1.336760,-0.499403,0.735591,0.127964,0.172237,-0.180000,1.210000,-0.060000,0.420000,child,crossing,distracted,,0.000000,1.000000,2.285305,1.685305,0.000000,0.000000,0.000000,0.000000,0.000000,0.000000,0.000000,1.685305,1.685305,1.685305,1.685305,0.000000,horizon_mpc_secbf,8,1.760298,true,osqp,optimal,75,3.723350,0,2.431820,geometric,false,0.739013,0.127903,0.735591,0.127915,,,0.746630,0.000049,3.703157,0.876073
local_crowding,context_ext,EESM-MPC-ECBF,56,5.600,1.410320,-0.486611,0.735591,0.127915,0.172172,-0.186000,1.252000,-0.060000,0.420000,child,crossing,distracted,,0.000000,1.000000,2.360298,1.760298,0.000000,0.000000,0.000000,0.000000,0.000000,0.000000,0.000000,1.760298,1.760298,1.760298,1.760298,0.000000,horizon_mpc_secbf,8,1.835934,true,osqp,optimal,75,4.709441,0,2.513565,geometric,false,0.739023,0.127848,0.735592,0.127860,,,0.746621,0.000054,3.777819,0.801410
local_crowding,context_ext,EESM-MPC-ECBF,57,5.700,1.483879,-0.473825,0.735592,0.127860,0.172100,-0.192000,1.294000,-0.060000,0.420000,child,crossing,distracted,,0.000000,1.000000,2.435934,1.835934,0.000000,0.000000,0.000000,0.000000,0.000000,0.000000,0.000000,1.835934,1.835934,1.835934,1.835934,0.000000,horizon_mpc_secbf,8,1.912157,true,osqp,optimal,75,4.601840,0,2.595344,geometric,false,0.739033,0.127787,0.735592,0.127800,,,0.746611,0.000060,3.852480,0.726748
local_crowding,context_ext,EESM-MPC-ECBF,58,5.800,1.557438,-0.461045,0.735592,0.127800,0.172021,-0.198000,1.336000,-0.060000,0.420000,child,crossing,distracted,,0.000000,1.000000,2.512157,1.912157,0.000000,0.000000,0.000000,0.000000,0.000000,0.000000,0.000000,1.912157,1.912157,1.912157,1.912157,0.000000,horizon_mpc_secbf,8,1.988915,true,osqp,optimal,75,3.909319,0,2.677168,geometric,false,0.739045,0.127719,0.735592,0.127733,,,0.746600,0.000067,3.927140,0.652087
local_crowding,context_ext,EESM-MPC-ECBF,59,5.900,1.630997,-0.448272,0.735592,0.127733,0.171933,-0.204000,1.378000,-0.060000,0.420000,child,crossing,distracted,,0.000000,1.000000,2.588915,1.988915,0.000000,0.000000,0.000000,0.000000,0.000000,0.000000,0.000000,1.988915,1.988915,1.988915,1.988915,0.000000,horizon_mpc_secbf,8,2.066164,true,osqp,optimal,75,3.432387,0,2.759047,geometric,false,0.739059,0.127642,0.735592,0.127658,,,0.746587,0.000076,4.001799,0.577427
local_crowding,context_ext,EESM-MPC-ECBF,60,6.000,1.704556,-0.435506,0.735592,0.127658,0.171833,-0.210000,1.420000,-0.060000,0.420000,child,crossing,distracted,,0.000000,1.000000,2.666164,2.066164,0.000000,0.000000,0.000000,0.000000,0.000000,0.000000,0.000000,2.066164,2.066164,2.066164,2.066164,0.000000,horizon_mpc_secbf,8,2.143861,true,osqp,optimal,75,4.100679,0,2.840989,geometric,false,0.739074,0.127553,0.735592,0.127571,,,0.746572,0.000087,4.076456,0.502768
local_crowding,context_ext,EESM-MPC-ECBF,61,6.100,1.778116,-0.422749,0.735592,0.127571,0.171718,-0.216000,1.462000,-0.060000,0.420000,child,crossing,distracted,,0.000000,1.000000,2.743861,2.143861,0.000000,0.000000,0.000000,0.000000,0.000000,0.000000,0.000000,2.143861,2.143861,2.143861,2.143861,0.000000,horizon_mpc_secbf,8,2.221973,true,osqp,optimal,75,5.093795,0,2.923001,geometric,false,0.739092,0.127448,0.735592,0.127469,,,0.746555,0.000102,4.151112,0.428111
local_crowding,context_ext,EESM-MPC-ECBF,62,6.200,1.851675,-0.410002,0.735592,0.127469,0.171583,-0.222000,1.504000,-0.060000,0.420000,child,crossing,distracted,,0.000000,1.000000,2.821973,2.221973,0.000000,0.000000,0.000000,0.000000,0.000000,0.000000,0.000000,2.221973,2.221973,2.221973,2.221973,0.000000,horizon_mpc_secbf,8,2.300466,true,osqp,optimal,75,3.190067,0,3.005093,geometric,false,0.739114,0.127319,0.735592,0.127344,,,0.746533,0.000124,4.225765,0.353455
local_crowding,context_ext,EESM-MPC-ECBF,63,6.300,1.925234,-0.397268,0.735592,0.127344,0.171419,-0.228000,1.546000,-0.060000,0.420000,child,crossing,distracted,,0.000000,1.000000,2.900466,2.300466,0.000000,0.000000,0.000000,0.000000,0.000000,0.000000,0.000000,2.300466,2.300466,2.300466,2.300466,0.000000,horizon_mpc_secbf,8,2.379315,true,osqp,optimal,75,4.531562,0,3.087275,geometric,false,0.739143,0.127154,0.735592,0.127186,,,0.746506,0.000158,4.300416,0.278802
local_crowding,context_ext,EESM-MPC-ECBF,64,6.400,1.998793,-0.384549,0.735592,0.127186,0.171210,-0.234000,1.588000,-0.060000,0.420000,child,crossing,distracted,,0.000000,1.000000,2.979315,2.379315,0.000000,0.000000,0.000000,0.000000,0.000000,0.000000,0.000000,2.379315,2.379315,2.379315,2.379315,0.000000,horizon_mpc_secbf,8,2.458494,true,osqp,optimal,75,4.255132,0,3.169567,geometric,false,0.739182,0.126925,0.735592,0.126969,,,0.746469,0.000217,4.375062,0.204152
local_crowding,context_ext,EESM-MPC-ECBF,65,6.500,2.072352,-0.371852,0.735592,0.126969,0.170923,-0.240000,1.630000,-0.060000,0.420000,child,crossing,distracted,,0.000000,1.000000,3.058494,2.458494,0.000000,0.000000,0.000000,0.000000,0.000000,0.000000,0.000000,2.458494,2.458494,2.458494,2.458494,0.000000,horizon_mpc_secbf,8,2.537989,true,osqp,optimal,75,4.344717,0,3.252017,geometric,false,0.739246,0.126553,0.735592,0.126623,,,0.746410,0.000345,4.449704,0.129505
local_crowding,context_ext,EESM-MPC-ECBF,66,6.600,2.145911,-0.359190,0.735592,0.126623,0.170468,-0.246000,1.672000,-0.060000,0.420000,child,crossing,distracted,,0.000000,1.000000,3.137989,2.537989,0.000000,0.000000,0.000000,0.000000,0.000000,0.000000,0.000000,2.537989,2.537989,2.537989,2.537989,0.000000,horizon_mpc_secbf,8,2.607232,true,osqp,optimal,75,3.588761,0,3.229993,geometric,false,0.540885,0.091899,0.574292,0.097857,,,0.582569,0.163845,4.507960,0.054864
local_crowding,context_ext,EESM-MPC-ECBF,67,6.700,2.203341,-0.349404,0.574292,0.097857,0.168775,-0.252000,1.714000,-0.060000,0.420000,child,crossing,distracted,,0.000000,1.000000,3.207232,2.607232,0.000000,0.000000,0.000000,0.000000,0.000000,0.000000,0.000000,2.607232,2.607232,2.607232,2.607232,0.000000,horizon_mpc_secbf,8,2.639029,true,osqp,optimal,75,4.610639,0,2.923969,geometric,false,-0.033406,-0.005958,0.000135,-0.000759,,,0.000771,0.582564,4.508038,0.003393
local_crowding,context_ext,EESM-MPC-ECBF,68,6.800,2.203354,-0.349480,0.000135,-0.000759,-1.394458,-0.258000,1.756000,-0.060000,0.420000,child,crossing,distracted,,0.000000,1.000000,3.239029,2.639029,0.000000,0.000000,0.000000,0.000000,0.000000,0.000000,0.000000,2.639029,2.639029,2.639029,2.639029,0.000000,horizon_mpc_secbf,8,2.669208,true,osqp,optimal,50,3.850601,0,2.939429,geometric,false,-0.033541,-0.005199,-0.027761,-0.004440,,,0.028113,0.028138,4.510849,0.003394
local_crowding,context_ext,EESM-MPC-ECBF,69,6.900,2.200578,-0.349924,-0.027761,-0.004440,-2.983007,-0.264000,1.798000,-0.060000,0.420000,child,crossing,distracted,,0.000000,1.000000,3.269208,2.669208,0.000000,0.000000,0.000000,0.000000,0.000000,0.000000,0.000000,2.669208,2.669208,2.669208,2.669208,0.000000,horizon_mpc_secbf,8,2.700820,true,osqp,optimal,50,4.087544,0,2.984101,geometric,false,-0.005781,-0.000759,-0.009551,-0.001391,,,0.009652,0.018463,4.511814,0.000583
local_crowding,context_ext,EESM-MPC-ECBF,70,7.000,2.199623,-0.350063,-0.009551,-0.001391,-2.996963,-0.270000,1.840000,-0.060000,0.420000,child,crossing,distracted,,0.000000,1.000000,3.300820,2.700820,0.000000,0.000000,0.000000,0.000000,0.000000,0.000000,0.000000,2.700820,2.700820,2.700820,2.700820,0.000000,horizon_mpc_secbf,8,2.733380,true,osqp,optimal,50,4.211607,0,3.025299,geometric,false,0.003770,0.000632,0.001484,0.000285,,,0.001512,0.011162,4.511965,0.000382
local_crowding,context_ext,EESM-MPC-ECBF,71,7.100,2.199771,-0.350035,0.001484,0.000285,0.189857,-0.276000,1.882000,-0.060000,0.420000,child,crossing,distracted,,0.000000,1.000000,3.333380,2.733380,0.000000,0.000000,0.000000,0.000000,0.000000,0.000000,0.000000,2.733380,2.733380,2.733380,2.733380,0.000000,horizon_mpc_secbf,8,2.766205,true,osqp,optimal,50,4.083486,0,3.060546,geometric,false,0.002286,0.000347,0.002148,0.000336,,,0.002174,0.000666,4.512183,0.000231
local_crowding,context_ext,EESM-MPC-ECBF,72,7.200,2.199986,-0.350001,0.002148,0.000336,0.155373,-0.282000,1.924000,-0.060000,0.420000,child,crossing,distracted,,0.000000,1.000000,3.366205,2.766205,0.000000,0.000000,0.000000,0.000000,0.000000,0.000000,0.000000,2.766205,2.766205,2.766205,2.766205,0.000000,horizon_mpc_secbf,8,2.799139,true,osqp,optimal,25,4.038508,0,3.094480,geometric,false,0.000138,0.000010,0.000481,0.000068,,,0.000486,0.001689,4.512231,0.000014
local_crowding,context_ext,EESM-MPC-ECBF,73,7.300,2.200034,-0.349994,0.000481,0.000068,0.140018,-0.288000,1.966000,-0.060000,0.420000,child,crossing,distracted,,0.000000,1.000000,3.399139,2.799139,0.000000,0.000000,0.000000,0.000000,0.000000,0.000000,0.000000,2.799139,2.799139,2.799139,2.799139,0.000000,horizon_mpc_secbf,8,2.832239,true,osqp,optimal,25,3.583759,0,3.129102,geometric,false,-0.000343,-0.000057,-0.000200,-0.000038,,,0.000203,0.000689,4.512252,0.000035
local_crowding,context_ext,EESM-MPC-ECBF,74,7.400,2.200014,-0.349998,-0.000200,-0.000038,-2.953650,-0.294000,2.008000,-0.060000,0.420000,child,crossing,distracted,,0.000000,1.000000,3.432239,2.832239,0.000000,0.000000,0.000000,0.000000,0.000000,0.000000,0.000000,2.832239,2.832239,2.832239,2.832239,0.000000,horizon_mpc_secbf,8,2.865544,true,osqp,optimal,25,3.536727,0,3.164289,geometric,false,-0.000144,-0.000019,-0.000152,-0.000024,,,0.000154,0.000050,4.512267,0.000014
local_crowding,context_ext,EESM-MPC-ECBF,75,7.500,2.199999,-0.350000,-0.000152,-0.000024,-2.987778,-0.300000,2.050000,-0.060000,0.420000,child,crossing,distracted,,0.000000,1.000000,3.465544,2.865544,0.000000,0.000000,0.000000,0.000000,0.000000,0.000000,0.000000,2.865544,2.865544,2.865544,2.865544,0.000000,horizon_mpc_secbf,8,2.899056,true,osqp,optimal,25,3.321717,0,3.199684,geometric,false,0.000009,0.000004,-0.000003,0.000007,,,0.000008,0.000152,4.512268,0.000001
local_crowding,context_ext,EESM-MPC-ECBF,76,7.600,2.199999,-0.350000,-0.000003,0.000007,2.020169,-0.306000,2.092000,-0.060000,0.420000,child,crossing,distracted,,0.000000,1.000000,3.499056,2.899056,0.000000,0.000000,0.000000,0.000000,0.000000,0.000000,0.000000,2.899056,2.899056,2.899056,2.899056,0.000000,horizon_mpc_secbf,8,2.932761,true,osqp,optimal,25,4.793231,0,3.235154,geometric,false,0.000012,-0.000003,0.000009,-0.000001,,,0.000009,0.000015,4.512269,0.000001
local_crowding,context_ext,EESM-MPC-ECBF,77,7.700,2.200000,-0.350000,0.000009,-0.000001,-0.103200,-0.312000,2.134000,-0.060000,0.420000,child,crossing,distracted,,0.000000,1.000000,3.532761,2.932761,0.000000,0.000000,0.000000,0.000000,0.000000,0.000000,0.000000,2.932761,2.932761,2.932761,2.932761,0.000000,horizon_mpc_secbf,8,2.966651,true,osqp,optimal,25,3.193079,0,3.270744,geometric,false,0.000003,-0.000002,0.000004,-0.000002,,,0.000004,0.000006,4.512269,0.000000
local_crowding,context_ext,EESM-MPC-ECBF,78,7.800,2.200000,-0.350000,0.000004,-0.000002,-0.389954,-0.318000,2.176000,-0.060000,0.420000,child,crossing,distracted,,0.000000,1.000000,3.566651,2.966651,0.000000,0.000000,0.000000,0.000000,0.000000,0.000000,0.000000,2.966651,2.966651,2.966651,2.966651,0.000000,horizon_mpc_secbf,8,3.000722,true,osqp,optimal,25,3.223380,0,3.306466,geometric,false,-0.000001,-0.000000,-0.000000,-0.000000,,,0.000000,0.000004,4.512269,0.000000
local_crowding,context_ext,EESM-MPC-ECBF,79,7.900,2.200000,-0.350000,-0.000000,-0.000000,-2.110526,-0.324000,2.218000,-0.060000,0.420000,child,crossing,distracted,,0.000000,1.000000,3.600722,3.000722,0.000000,0.000000,0.000000,0.000000,0.000000,0.000000,0.000000,3.000722,3.000722,3.000722,3.000722,0.000000,horizon_mpc_secbf,8,3.034969,true,osqp,optimal,25,4.605802,0,3.342320,geometric,false,-0.000001,0.000000,-0.000001,0.000000,,,0.000001,0.000001,4.512269,0.000000
local_crowding,context_ext,EESM-MPC-ECBF,80,8.000,2.200000,-0.350000,-0.000001,0.000000,2.973263,-0.330000,2.260000,-0.060000,0.420000,child,crossing,distracted,,0.000000,1.000000,3.634969,3.034969,0.000000,0.000000,0.000000,0.000000,0.000000,0.000000,0.000000,3.034969,3.034969,3.034969,3.034969,0.000000,horizon_mpc_secbf,8,3.069387,true,osqp,optimal,25,4.858810,0,3.378301,geometric,false,-0.000000,0.000000,-0.000000,0.000000,,,0.000000,0.000001,4.512269,0.000000
local_crowding,context_ext,EESM-MPC-ECBF,81,8.100,2.200000,-0.350000,-0.000000,0.000000,2.637771,-0.336000,2.302000,-0.060000,0.420000,child,crossing,distracted,,0.000000,1.000000,3.669387,3.069387,0.000000,0.000000,0.000000,0.000000,0.000000,0.000000,0.000000,3.069387,3.069387,3.069387,3.069387,0.000000,horizon_mpc_secbf,8,3.103971,true,osqp,optimal,25,4.616332,0,3.414404,geometric,false,0.000000,0.000000,0.000000,0.000000,,,0.000000,0.000000,4.512269,0.000000
local_crowding,context_ext,EESM-MPC-ECBF,82,8.200,2.200000,-0.350000,0.000000,0.000000,0.402375,-0.342000,2.344000,-0.060000,0.420000,child,crossing,distracted,,0.000000,1.000000,3.703971,3.103971,0.000000,0.000000,0.000000,0.000000,0.000000,0.000000,0.000000,3.103971,3.103971,3.103971,3.103971,0.000000,horizon_mpc_secbf,8,3.138716,true,osqp,optimal,25,2.820069,0,3.450626,geometric,false,0.000000,-0.000000,0.000000,-0.000000,,,0.000000,0.000000,4.512269,0.000000
local_crowding,context_ext,EESM-MPC-ECBF,83,8.300,2.200000,-0.350000,0.000000,-0.000000,-0.235771,-0.348000,2.386000,-0.060000,0.420000,child,crossing,distracted,,0.000000,1.000000,3.738716,3.138716,0.000000,0.000000,0.000000,0.000000,0.000000,0.000000,0.000000,3.138716,3.138716,3.138716,3.138716,0.000000,horizon_mpc_secbf,8,3.173619,true,osqp,optimal,25,2.739635,0,3.486964,geometric,false,0.000000,0.000000,0.000000,-0.000000,,,0.000000,0.000000,4.512269,0.000000
local_crowding,context_ext,EESM-MPC-ECBF,84,8.400,2.200000,-0.350000,0.000000,-0.000000,-0.235534,-0.354000,2.428000,-0.060000,0.420000,child,crossing,distracted,,0.000000,1.000000,3.773619,3.173619,0.000000,0.000000,0.000000,0.000000,0.000000,0.000000,0.000000,3.173619,3.173619,3.173619,3.173619,0.000000,horizon_mpc_secbf,8,3.208674,true,osqp,optimal,25,2.911716,0,3.523416,geometric,false,0.000000,0.000000,0.000000,-0.000000,,,0.000000,0.000000,4.512269,0.000000
local_crowding,context_ext,EESM-MPC-ECBF,85,8.500,2.200000,-0.350000,0.000000,-0.000000,-0.235298,-0.360000,2.470000,-0.060000,0.420000,child,crossing,distracted,,0.000000,1.000000,3.808674,3.208674,0.000000,0.000000,0.000000,0.000000,0.000000,0.000000,0.000000,3.208674,3.208674,3.208674,3.208674,0.000000,horizon_mpc_secbf,8,3.243878,true,osqp,optimal,25,3.390394,0,3.559978,geometric,false,-0.000000,-0.000000,-0.000000,-0.000000,,,0.000000,0.000000,4.512269,0.000000
local_crowding,context_ext,EESM-MPC-ECBF,86,8.600,2.200000,-0.350000,-0.000000,-0.000000,-2.634720,-0.366000,2.512000,-0.060000,0.420000,child,crossing,distracted,,0.000000,1.000000,3.843878,3.243878,0.000000,0.000000,0.000000,0.000000,0.000000,0.000000,0.000000,3.243878,3.243878,3.243878,3.243878,0.000000,horizon_mpc_secbf,8,3.279227,true,osqp,optimal,25,3.203016,0,3.596647,geometric,false,0.000000,0.000000,-0.000000,-0.000000,,,0.000000,0.000000,4.512269,0.000000
local_crowding,context_ext,EESM-MPC-ECBF,87,8.700,2.200000,-0.350000,-0.000000,-0.000000,-2.634720,-0.372000,2.554000,-0.060000,0.420000,child,crossing,distracted,,0.000000,1.000000,3.879227,3.279227,0.000000,0.000000,0.000000,0.000000,0.000000,0.000000,0.000000,3.279227,3.279227,3.279227,3.279227,0.000000,horizon_mpc_secbf,8,3.314716,true,osqp,optimal,25,3.396014,0,3.633421,geometric,false,0.000000,0.000000,0.000000,-0.000000,,,0.000000,0.000000,4.512269,0.000000
local_crowding,context_ext,EESM-MPC-ECBF,88,8.800,2.200000,-0.350000,0.000000,-0.000000,-2.634720,-0.378000,2.596000,-0.060000,0.420000,child,crossing,distracted,,0.000000,1.000000,3.914716,3.314716,0.000000,0.000000,0.000000,0.000000,0.000000,0.000000,0.000000,3.314716,3.314716,3.314716,3.314716,0.000000,horizon_mpc_secbf,8,3.350342,true,osqp,optimal,25,4.271047,0,3.670297,geometric,false,0.000000,0.000000,0.000000,-0.000000,,,0.000000,0.000000,4.512269,0.000000
local_crowding,context_ext,EESM-MPC-ECBF,89,8.900,2.200000,-0.350000,0.000000,-0.000000,-2.634720,-0.384000,2.638000,-0.060000,0.420000,child,crossing,distracted,,0.000000,1.000000,3.950342,3.350342,0.000000,0.000000,0.000000,0.000000,0.000000,0.000000,0.000000,3.350342,3.350342,3.350342,3.350342,0.000000,horizon_mpc_secbf,8,3.386101,true,osqp,optimal,25,5.018067,0,3.707273,geometric,false,0.000000,0.000000,0.000000,-0.000000,,,0.000000,0.000000,4.512269,0.000000
local_crowding,context_ext,EESM-MPC-ECBF,90,9.000,2.200000,-0.350000,0.000000,-0.000000,-2.634720,-0.390000,2.680000,-0.060000,0.420000,child,crossing,distracted,,0.000000,1.000000,3.986101,3.386101,0.000000,0.000000,0.000000,0.000000,0.000000,0.000000,0.000000,3.386101,3.386101,3.386101,3.386101,0.000000,horizon_mpc_secbf,8,3.421990,true,osqp,optimal,25,4.694906,0,3.744346,geometric,false,0.000000,0.000000,0.000000,-0.000000,,,0.000000,0.000000,4.512269,0.000000
local_crowding,context_ext,EESM-MPC-ECBF,91,9.100,2.200000,-0.350000,0.000000,-0.000000,-2.634720,-0.396000,2.722000,-0.060000,0.420000,child,crossing,distracted,,0.000000,1.000000,4.021990,3.421990,0.000000,0.000000,0.000000,0.000000,0.000000,0.000000,0.000000,3.421990,3.421990,3.421990,3.421990,0.000000,horizon_mpc_secbf,8,3.458004,true,osqp,optimal,25,3.046066,0,3.781513,geometric,false,0.000000,0.000000,0.000000,-0.000000,,,0.000000,0.000000,4.512269,0.000000
local_crowding,context_ext,EESM-MPC-ECBF,92,9.200,2.200000,-0.350000,0.000000,-0.000000,-2.634720,-0.402000,2.764000,-0.060000,0.420000,child,crossing,distracted,,0.000000,1.000000,4.058004,3.458004,0.000000,0.000000,0.000000,0.000000,0.000000,0.000000,0.000000,3.458004,3.458004,3.458004,3.458004,0.000000,horizon_mpc_secbf,8,3.494142,true,osqp,optimal,25,2.952994,0,3.818773,geometric,false,0.000000,0.000000,0.000000,-0.000000,,,0.000000,0.000000,4.512269,0.000000
local_crowding,context_ext,EESM-MPC-ECBF,93,9.300,2.200000,-0.350000,0.000000,-0.000000,-2.634720,-0.408000,2.806000,-0.060000,0.420000,child,crossing,distracted,,0.000000,1.000000,4.094142,3.494142,0.000000,0.000000,0.000000,0.000000,0.000000,0.000000,0.000000,3.494142,3.494142,3.494142,3.494142,0.000000,horizon_mpc_secbf,8,3.530399,true,osqp,optimal,25,3.977096,0,3.856123,geometric,false,0.000000,0.000000,0.000000,-0.000000,,,0.000000,0.000000,4.512269,0.000000
local_crowding,context_ext,EESM-MPC-ECBF,94,9.400,2.200000,-0.350000,0.000000,-0.000000,-2.634720,-0.414000,2.848000,-0.060000,0.420000,child,crossing,distracted,,0.000000,1.000000,4.130399,3.530399,0.000000,0.000000,0.000000,0.000000,0.000000,0.000000,0.000000,3.530399,3.530399,3.530399,3.530399,0.000000,horizon_mpc_secbf,8,3.566773,true,osqp,optimal,25,3.435638,0,3.893560,geometric,false,0.000000,0.000000,0.000000,-0.000000,,,0.000000,0.000000,4.512269,0.000000
local_crowding,context_ext,EESM-MPC-ECBF,95,9.500,2.200000,-0.350000,0.000000,-0.000000,-2.634720,-0.420000,2.890000,-0.060000,0.420000,child,crossing,distracted,,0.000000,1.000000,4.166773,3.566773,0.000000,0.000000,0.000000,0.000000,0.000000,0.000000,0.000000,3.566773,3.566773,3.566773,3.566773,0.000000,horizon_mpc_secbf,8,3.603261,true,osqp,optimal,25,4.391047,0,3.931084,geometric,false,0.000000,0.000000,0.000000,-0.000000,,,0.000000,0.000000,4.512269,0.000000
local_crowding,context_ext,EESM-MPC-ECBF,96,9.600,2.200000,-0.350000,0.000000,-0.000000,-2.634720,-0.426000,2.932000,-0.060000,0.420000,child,crossing,distracted,,0.000000,1.000000,4.203261,3.603261,0.000000,0.000000,0.000000,0.000000,0.000000,0.000000,0.000000,3.603261,3.603261,3.603261,3.603261,0.000000,horizon_mpc_secbf,8,3.639858,true,osqp,optimal,25,4.051202,0,3.968691,geometric,false,0.000000,0.000000,0.000000,-0.000000,,,0.000000,0.000000,4.512269,0.000000
local_crowding,context_ext,EESM-MPC-ECBF,97,9.700,2.200000,-0.350000,0.000000,-0.000000,-2.634720,-0.432000,2.974000,-0.060000,0.420000,child,crossing,distracted,,0.000000,1.000000,4.239858,3.639858,0.000000,0.000000,0.000000,0.000000,0.000000,0.000000,0.000000,3.639858,3.639858,3.639858,3.639858,0.000000,horizon_mpc_secbf,8,3.676564,true,osqp,optimal,25,3.272166,0,4.006380,geometric,false,0.000000,0.000000,0.000000,-0.000000,,,0.000000,0.000000,4.512269,0.000000
local_crowding,context_ext,EESM-MPC-ECBF,98,9.800,2.200000,-0.350000,0.000000,-0.000000,-2.634720,-0.438000,3.016000,-0.060000,0.420000,child,crossing,distracted,,0.000000,1.000000,4.276564,3.676564,0.000000,0.000000,0.000000,0.000000,0.000000,0.000000,0.000000,3.676564,3.676564,3.676564,3.676564,0.000000,horizon_mpc_secbf,8,3.713375,true,osqp,optimal,25,3.263794,0,4.044149,geometric,false,0.000000,0.000000,0.000000,-0.000000,,,0.000000,0.000000,4.512269,0.000000
local_crowding,context_ext,EESM-MPC-ECBF,99,9.900,2.200000,-0.350000,0.000000,-0.000000,-2.634720,-0.444000,3.058000,-0.060000,0.420000,child,crossing,distracted,,0.000000,1.000000,4.313375,3.713375,0.000000,0.000000,0.000000,0.000000,0.000000,0.000000,0.000000,3.713375,3.713375,3.713375,3.713375,0.000000,horizon_mpc_secbf,8,3.750287,true,osqp,optimal,25,3.136611,0,4.081995,geometric,false,0.000000,0.000000,0.000000,-0.000000,,,0.000000,0.000000,4.512269,0.000000
local_crowding,context_ext,EESM-MPC-ECBF,100,10.000,2.200000,-0.350000,0.000000,-0.000000,-2.634720,-0.450000,3.100000,-0.060000,0.420000,child,crossing,distracted,,0.000000,1.000000,4.350287,3.750287,0.000000,0.000000,0.000000,0.000000,0.000000,0.000000,0.000000,3.750287,3.750287,3.750287,3.750287,0.000000,horizon_mpc_secbf,8,3.787300,true,osqp,optimal,25,3.184957,0,4.119918,geometric,false,0.000000,0.000000,0.000000,-0.000000,,,0.000000,0.000000,4.512269,0.000000
local_crowding,context_ext,EESM-MPC-ECBF,101,10.100,2.200000,-0.350000,0.000000,-0.000000,-2.634720,-0.456000,3.142000,-0.060000,0.420000,child,crossing,distracted,,0.000000,1.000000,4.387300,3.787300,0.000000,0.000000,0.000000,0.000000,0.000000,0.000000,0.000000,3.787300,3.787300,3.787300,3.787300,0.000000,horizon_mpc_secbf,8,3.824410,true,osqp,optimal,25,4.078747,0,4.157915,geometric,false,0.000000,0.000000,0.000000,-0.000000,,,0.000000,0.000000,4.512269,0.000000
local_crowding,context_ext,EESM-MPC-ECBF,102,10.200,2.200000,-0.350000,0.000000,-0.000000,-2.634720,-0.462000,3.184000,-0.060000,0.420000,child,crossing,distracted,,0.000000,1.000000,4.424410,3.824410,0.000000,0.000000,0.000000,0.000000,0.000000,0.000000,0.000000,3.824410,3.824410,3.824410,3.824410,0.000000,horizon_mpc_secbf,8,3.861614,true,osqp,optimal,25,3.118267,0,4.195985,geometric,false,0.000000,0.000000,0.000000,-0.000000,,,0.000000,0.000000,4.512269,0.000000
local_crowding,context_ext,EESM-MPC-ECBF,103,10.300,2.200000,-0.350000,0.000000,-0.000000,-2.634720,-0.468000,3.226000,-0.060000,0.420000,child,crossing,distracted,,0.000000,1.000000,4.461614,3.861614,0.000000,0.000000,0.000000,0.000000,0.000000,0.000000,0.000000,3.861614,3.861614,3.861614,3.861614,0.000000,horizon_mpc_secbf,8,3.898911,true,osqp,optimal,25,3.281077,0,4.234125,geometric,false,0.000000,0.000000,0.000000,-0.000000,,,0.000000,0.000000,4.512269,0.000000
local_crowding,context_ext,EESM-MPC-ECBF,104,10.400,2.200000,-0.350000,0.000000,-0.000000,-2.634720,-0.474000,3.268000,-0.060000,0.420000,child,crossing,distracted,,0.000000,1.000000,4.498911,3.898911,0.000000,0.000000,0.000000,0.000000,0.000000,0.000000,0.000000,3.898911,3.898911,3.898911,3.898911,0.000000,horizon_mpc_secbf,8,3.936298,true,osqp,optimal,25,4.121996,0,4.272335,geometric,false,0.000000,0.000000,0.000000,-0.000000,,,0.000000,0.000000,4.512269,0.000000
local_crowding,context_ext,EESM-MPC-ECBF,105,10.500,2.200000,-0.350000,0.000000,-0.000000,-2.634720,-0.480000,3.310000,-0.060000,0.420000,child,crossing,distracted,,0.000000,1.000000,4.536298,3.936298,0.000000,0.000000,0.000000,0.000000,0.000000,0.000000,0.000000,3.936298,3.936298,3.936298,3.936298,0.000000,horizon_mpc_secbf,8,3.973773,true,osqp,optimal,25,4.319023,0,4.310612,geometric,false,0.000000,0.000000,0.000000,-0.000000,,,0.000000,0.000000,4.512269,0.000000
local_crowding,context_ext,EESM-MPC-ECBF,106,10.600,2.200000,-0.350000,0.000000,-0.000000,-2.634720,-0.486000,3.352000,-0.060000,0.420000,child,crossing,distracted,,0.000000,1.000000,4.573773,3.973773,0.000000,0.000000,0.000000,0.000000,0.000000,0.000000,0.000000,3.973773,3.973773,3.973773,3.973773,0.000000,horizon_mpc_secbf,8,4.011334,true,osqp,optimal,25,3.962361,0,4.348956,geometric,false,0.000000,0.000000,0.000000,-0.000000,,,0.000000,0.000000,4.512269,0.000000
local_crowding,context_ext,EESM-MPC-ECBF,107,10.700,2.200000,-0.350000,0.000000,-0.000000,-2.634720,-0.492000,3.394000,-0.060000,0.420000,child,crossing,distracted,,0.000000,1.000000,4.611334,4.011334,0.000000,0.000000,0.000000,0.000000,0.000000,0.000000,0.000000,4.011334,4.011334,4.011334,4.011334,0.000000,horizon_mpc_secbf,8,4.048978,true,osqp,optimal,25,3.280858,0,4.387364,geometric,false,0.000000,0.000000,0.000000,-0.000000,,,0.000000,0.000000,4.512269,0.000000
local_crowding,context_ext,EESM-MPC-ECBF,108,10.800,2.200000,-0.350000,0.000000,-0.000000,-2.634720,-0.498000,3.436000,-0.060000,0.420000,child,crossing,distracted,,0.000000,1.000000,4.648978,4.048978,0.000000,0.000000,0.000000,0.000000,0.000000,0.000000,0.000000,4.048978,4.048978,4.048978,4.048978,0.000000,horizon_mpc_secbf,8,4.086705,true,osqp,optimal,25,3.036671,0,4.425835,geometric,false,0.000000,0.000000,0.000000,-0.000000,,,0.000000,0.000000,4.512269,0.000000
local_crowding,context_ext,EESM-MPC-ECBF,109,10.900,2.200000,-0.350000,0.000000,-0.000000,-2.634720,-0.504000,3.478000,-0.060000,0.420000,child,crossing,distracted,,0.000000,1.000000,4.686705,4.086705,0.000000,0.000000,0.000000,0.000000,0.000000,0.000000,0.000000,4.086705,4.086705,4.086705,4.086705,0.000000,horizon_mpc_secbf,8,4.124511,true,osqp,optimal,25,3.329059,0,4.464369,geometric,false,0.000000,0.000000,0.000000,-0.000000,,,0.000000,0.000000,4.512269,0.000000
local_crowding,context_ext,EESM-MPC-ECBF,110,11.000,2.200000,-0.350000,0.000000,-0.000000,-2.634720,-0.510000,3.520000,-0.060000,0.420000,child,crossing,distracted,,0.000000,1.000000,4.724511,4.124511,0.000000,0.000000,0.000000,0.000000,0.000000,0.000000,0.000000,4.124511,4.124511,4.124511,4.124511,0.000000,horizon_mpc_secbf,8,4.162394,true,osqp,optimal,25,4.067138,0,4.502962,geometric,false,0.000000,0.000000,0.000000,-0.000000,,,0.000000,0.000000,4.512269,0.000000
local_crowding,context_ext,EESM-MPC-ECBF,111,11.100,2.200000,-0.350000,0.000000,-0.000000,-2.634720,-0.516000,3.562000,-0.060000,0.420000,child,crossing,distracted,,0.000000,1.000000,4.762394,4.162394,0.000000,0.000000,0.000000,0.000000,0.000000,0.000000,0.000000,4.162394,4.162394,4.162394,4.162394,0.000000,horizon_mpc_secbf,8,4.200354,true,osqp,optimal,25,4.276308,0,4.541615,geometric,false,0.000000,0.000000,0.000000,-0.000000,,,0.000000,0.000000,4.512269,0.000000
local_crowding,context_ext,EESM-MPC-ECBF,112,11.200,2.200000,-0.350000,0.000000,-0.000000,-2.634720,-0.522000,3.604000,-0.060000,0.420000,child,crossing,distracted,,0.000000,1.000000,4.800354,4.200354,0.000000,0.000000,0.000000,0.000000,0.000000,0.000000,0.000000,4.200354,4.200354,4.200354,4.200354,0.000000,horizon_mpc_secbf,8,4.238388,true,osqp,optimal,25,3.534262,0,4.580326,geometric,false,0.000000,0.000000,0.000000,-0.000000,,,0.000000,0.000000,4.512269,0.000000
local_crowding,context_ext,EESM-MPC-ECBF,113,11.300,2.200000,-0.350000,0.000000,-0.000000,-2.634720,-0.528000,3.646000,-0.060000,0.420000,child,crossing,distracted,,0.000000,1.000000,4.838388,4.238388,0.000000,0.000000,0.000000,0.000000,0.000000,0.000000,0.000000,4.238388,4.238388,4.238388,4.238388,0.000000,horizon_mpc_secbf,8,4.276495,true,osqp,optimal,25,4.135348,0,4.619093,geometric,false,0.000000,0.000000,0.000000,-0.000000,,,0.000000,0.000000,4.512269,0.000000
local_crowding,context_ext,EESM-MPC-ECBF,114,11.400,2.200000,-0.350000,0.000000,-0.000000,-2.634720,-0.534000,3.688000,-0.060000,0.420000,child,crossing,distracted,,0.000000,1.000000,4.876495,4.276495,0.000000,0.000000,0.000000,0.000000,0.000000,0.000000,0.000000,4.276495,4.276495,4.276495,4.276495,0.000000,horizon_mpc_secbf,8,4.314672,true,osqp,optimal,25,4.152237,0,4.657916,geometric,false,0.000000,0.000000,0.000000,-0.000000,,,0.000000,0.000000,4.512269,0.000000
local_crowding,context_ext,EESM-MPC-ECBF,115,11.500,2.200000,-0.350000,0.000000,-0.000000,-2.634720,-0.540000,3.730000,-0.060000,0.420000,child,crossing,distracted,,0.000000,1.000000,4.914672,4.314672,0.000000,0.000000,0.000000,0.000000,0.000000,0.000000,0.000000,4.314672,4.314672,4.314672,4.314672,0.000000,horizon_mpc_secbf,8,4.352918,true,osqp,optimal,25,3.209857,0,4.696793,geometric,false,0.000000,0.000000,0.000000,-0.000000,,,0.000000,0.000000,4.512269,0.000000
local_crowding,context_ext,EESM-MPC-ECBF,116,11.600,2.200000,-0.350000,0.000000,-0.000000,-2.634720,-0.546000,3.772000,-0.060000,0.420000,child,crossing,distracted,,0.000000,1.000000,4.952918,4.352918,0.000000,0.000000,0.000000,0.000000,0.000000,0.000000,0.000000,4.352918,4.352918,4.352918,4.352918,0.000000,horizon_mpc_secbf,8,4.391232,true,osqp,optimal,25,3.397402,0,4.735723,geometric,false,0.000000,0.000000,0.000000,-0.000000,,,0.000000,0.000000,4.512269,0.000000
local_crowding,context_ext,EESM-MPC-ECBF,117,11.700,2.200000,-0.350000,0.000000,-0.000000,-2.634720,-0.552000,3.814000,-0.060000,0.420000,child,crossing,distracted,,0.000000,1.000000,4.991232,4.391232,0.000000,0.000000,0.000000,0.000000,0.000000,0.000000,0.000000,4.391232,4.391232,4.391232,4.391232,0.000000,horizon_mpc_secbf,8,4.429612,true,osqp,optimal,25,3.103383,0,4.774705,geometric,false,0.000000,0.000000,0.000000,-0.000000,,,0.000000,0.000000,4.512269,0.000000
local_crowding,context_ext,EESM-MPC-ECBF,118,11.800,2.200000,-0.350000,0.000000,-0.000000,-2.634720,-0.558000,3.856000,-0.060000,0.420000,child,crossing,distracted,,0.000000,1.000000,5.029612,4.429612,0.000000,0.000000,0.000000,0.000000,0.000000,0.000000,0.000000,4.429612,4.429612,4.429612,4.429612,0.000000,horizon_mpc_secbf,8,4.468057,true,osqp,optimal,25,3.303094,0,4.813737,geometric,false,0.000000,0.000000,0.000000,-0.000000,,,0.000000,0.000000,4.512269,0.000000
local_crowding,context_ext,EESM-MPC-ECBF,119,11.900,2.200000,-0.350000,0.000000,-0.000000,-2.634720,-0.564000,3.898000,-0.060000,0.420000,child,crossing,distracted,,0.000000,1.000000,5.068057,4.468057,0.000000,0.000000,0.000000,0.000000,0.000000,0.000000,0.000000,4.468057,4.468057,4.468057,4.468057,0.000000,horizon_mpc_secbf,8,4.506564,true,osqp,optimal,25,3.843035,0,4.852820,geometric,false,0.000000,0.000000,0.000000,-0.000000,,,0.000000,0.000000,4.512269,0.000000
local_crowding,context_ext,SEESM w/o Feasibility-Preserving Update,0,0.000,-2.200000,-0.350000,0.000000,0.000000,0.000000,0.150000,-1.100000,-0.060000,0.420000,pedestrian,walking,unknown,10.098536,1.000000,1.000000,2.466779,1.866779,0.279000,0.279000,0.279000,0.279000,0.153124,0.432124,0.279000,1.866779,1.713655,1.434655,1.434655,0.000000,horizon_mpc_secbf,8,0.743083,true,osqp,optimal,75,3.608808,0,0.658181,accept,false,0.750000,0.000000,0.621017,0.000000,,,0.621017,0.621017,0.062102,4.400000
local_crowding,context_ext,SEESM w/o Feasibility-Preserving Update,1,0.100,-2.137898,-0.350000,0.621017,0.000000,0.000000,0.144000,-1.058000,-0.060000,0.420000,pedestrian,walking,unknown,2.308990,1.000000,1.000000,2.389210,1.789210,0.319584,0.319584,0.319584,0.319584,0.762629,1.082213,0.040584,1.789210,1.026581,0.706997,0.706997,0.000000,horizon_mpc_secbf,8,0.006652,true,osqp,optimal,75,4.380238,0,-0.168255,accept,false,0.750000,-0.000000,0.726100,0.000000,,,0.726100,0.105084,0.134712,4.337898
local_crowding,context_ext,SEESM w/o Feasibility-Preserving Update,2,0.200,-2.065288,-0.350000,0.726100,0.000000,0.000001,0.138000,-1.016000,-0.060000,0.420000,pedestrian,walking,unknown,1.947079,1.000000,1.000000,2.301746,1.701746,0.320000,0.320000,0.320000,0.320000,0.863366,1.183366,0.000416,1.701746,0.838380,0.518380,0.518380,0.000244,horizon_mpc_secbf,8,-0.000244,true,osqp,optimal,50,4.392960,0,-0.172657,accept,false,0.750000,-0.000000,0.548279,0.043212,,,0.549979,0.182996,0.189710,4.265288
local_crowding,context_ext,SEESM w/o Feasibility-Preserving Update,3,0.300,-2.010460,-0.345679,0.548279,0.043212,0.078651,0.132000,-0.974000,-0.060000,0.420000,pedestrian,walking,unknown,2.367147,1.000000,1.000000,2.232694,1.632694,0.318188,0.318188,0.318188,0.318188,0.678030,0.996219,0.000000,1.632694,0.954664,0.636476,0.636476,0.000084,horizon_mpc_secbf,8,-0.000084,true,osqp,optimal,50,4.530474,0,-0.154460,accept,false,0.750000,-0.000770,0.647264,0.020808,,,0.647598,0.101488,0.254469,4.210463
local_crowding,context_ext,SEESM w/o Feasibility-Preserving Update,4,0.400,-1.945734,-0.343598,0.647264,0.020808,0.032137,0.126000,-0.932000,-0.060000,0.420000,pedestrian,walking,unknown,1.968121,1.000000,1.000000,2.153671,1.553671,0.320000,0.320000,0.320000,0.320000,0.776144,1.096144,0.001812,1.553671,0.777527,0.457527,0.457527,0.000311,horizon_mpc_secbf,8,-0.000311,true,osqp,optimal,50,3.081265,0,-0.161841,accept,false,0.749999,-0.001158,0.479566,0.051633,,,0.482337,0.170508,0.302703,4.145739
local_crowding,context_ext,SEESM w/o Feasibility-Preserving Update,5,0.500,-1.897777,-0.338435,0.479566,0.051633,0.107253,0.120000,-0.890000,-0.060000,0.420000,pedestrian,walking,unknown,2.415483,1.000000,1.000000,2.091805,1.491805,0.317028,0.317028,0.317028,0.317028,0.602285,0.919313,0.000000,1.491805,0.889521,0.572492,0.572492,0.000154,horizon_mpc_secbf,8,-0.000154,true,osqp,optimal,50,3.405896,0,-0.145829,accept,false,0.749997,-0.002117,0.578165,0.029775,,,0.578931,0.100993,0.360596,4.097794
local_crowding,context_ext,SEESM w/o Feasibility-Preserving Update,6,0.600,-1.839961,-0.335457,0.578165,0.029775,0.051453,0.114000,-0.848000,-0.060000,0.420000,pedestrian,walking,unknown,1.982523,1.000000,1.000000,2.020065,1.420065,0.320000,0.320000,0.320000,0.320000,0.698596,1.018596,0.002972,1.420065,0.721469,0.401469,0.401469,0.000369,horizon_mpc_secbf,8,-0.000370,true,osqp,optimal,50,3.723995,0,-0.154042,accept,false,0.749995,-0.002700,0.418587,0.053642,,,0.422010,0.161352,0.402797,4.039987
local_crowding,context_ext,SEESM w/o Feasibility-Preserving Update,7,0.700,-1.798102,-0.330093,0.418587,0.053642,0.127454,0.108000,-0.806000,-0.060000,0.420000,pedestrian,walking,unknown,2.467304,1.000000,1.000000,1.964615,1.364615,0.315785,0.315785,0.315785,0.315785,0.532903,0.848688,0.000000,1.364615,0.831712,0.515928,0.515928,0.000213,horizon_mpc_secbf,8,-0.000213,true,osqp,optimal,50,2.976264,0,-0.139120,accept,false,0.749991,-0.003734,0.518885,0.033535,,,0.519967,0.102293,0.454794,3.998152
local_crowding,context_ext,SEESM w/o Feasibility-Preserving Update,8,0.800,-1.746214,-0.326740,0.518885,0.033535,0.064539,0.102000,-0.764000,-0.060000,0.420000,pedestrian,walking,unknown,1.991745,1.000000,1.000000,1.899234,1.299234,0.320000,0.320000,0.320000,0.320000,0.628889,0.948889,0.004215,1.299234,0.670345,0.350345,0.350345,0.000421,horizon_mpc_secbf,8,-0.000421,true,osqp,optimal,50,3.057319,0,-0.147373,accept,false,0.749987,-0.004421,0.364936,0.052463,,,0.368688,0.155108,0.491663,3.946282
local_crowding,context_ext,SEESM w/o Feasibility-Preserving Update,9,0.900,-1.709720,-0.321493,0.364936,0.052463,0.142781,0.096000,-0.722000,-0.060000,0.420000,child,crossing,distracted,2.527312,1.000000,1.000000,1.849603,1.249603,0.687839,0.687839,0.687839,0.687839,0.468425,1.156264,0.367839,1.249603,0.781178,0.093339,0.093339,0.000740,horizon_mpc_secbf,8,-0.000740,true,osqp,optimal,75,4.359297,0,-0.109093,accept,false,0.749980,-0.005468,0.074516,0.088196,,,0.115461,0.292610,0.503209,3.909824
local_crowding,context_ext,SEESM w/o Feasibility-Preserving Update,10,1.000,-1.702269,-0.312674,0.074516,0.088196,0.869276,0.090000,-0.680000,-0.060000,0.420000,child,crossing,distracted,6.197329,1.000000,1.000000,1.829523,1.229523,0.605000,0.605000,0.605000,0.605000,0.171390,0.776390,0.000000,1.229523,1.058133,0.453133,0.453133,0.000266,horizon_mpc_secbf,8,-0.000266,true,osqp,optimal,50,4.765124,0,-0.086559,accept,false,0.749966,-0.007174,0.414653,0.046599,,,0.417263,0.342671,0.544935,3.902447
local_crowding,context_ext,SEESM w/o Feasibility-Preserving Update,11,1.100,-1.660803,-0.308014,0.414653,0.046599,0.111912,0.084000,-0.638000,-0.060000,0.420000,child,crossing,distracted,2.194454,1.000000,1.000000,1.775733,1.175733,0.706562,0.706562,0.706562,0.706562,0.504842,1.211404,0.101562,1.175733,0.670892,-0.035670,-0.035670,0.084539,horizon_mpc_secbf,8,-0.036194,true,osqp,optimal,2450,10.984131,0,0.040701,accept,false,0.749956,-0.008156,0.007998,0.735589,,,0.735633,0.800047,0.618499,3.861032
local_crowding,context_ext,SEESM w/o Feasibility-Preserving Update,12,1.200,-1.660003,-0.234455,0.007998,0.735589,1.559924,0.078000,-0.596000,-0.060000,0.420000,child,crossing,distracted,511.164557,1.000000,1.000000,1.775210,1.175210,0.605000,0.605000,0.605000,0.605000,0.000000,0.605000,0.000000,1.175210,1.202062,0.597062,0.570210,0.000113,horizon_mpc_secbf,8,-0.000037,true,osqp,optimal,50,3.782740,0,-0.062503,accept,false,0.749664,-0.022440,0.529387,0.146057,,,0.549166,0.787016,0.673415,3.861732
local_crowding,context_ext,SEESM w/o Feasibility-Preserving Update,13,1.300,-1.607065,-0.219849,0.529387,0.146057,0.269201,0.072000,-0.554000,-0.060000,0.420000,child,crossing,distracted,1.760817,1.000000,1.000000,1.711992,1.111992,0.730954,0.730954,0.730954,0.730954,0.620652,1.351606,0.125954,1.111992,0.491340,-0.239614,-0.239614,0.299770,horizon_mpc_secbf,8,-0.243388,true,osqp,optimal,2075,9.856967,0,0.038249,accept,false,0.749562,-0.025625,0.025141,0.735589,,,0.736019,0.775766,0.747017,3.809289
local_crowding,context_ext,SEESM w/o Feasibility-Preserving Update,14,1.400,-1.604551,-0.146290,0.025141,0.735589,1.536631,0.066000,-0.512000,-0.060000,0.420000,child,crossing,distracted,70.786659,1.000000,1.000000,1.710112,1.110112,0.605000,0.605000,0.605000,0.605000,0.000000,0.605000,0.000000,1.110112,1.125599,0.520599,0.505112,0.000199,horizon_mpc_secbf,8,-0.000124,true,osqp,optimal,50,4.451653,0,-0.061085,accept,false,0.748927,-0.040100,0.461681,0.154474,,,0.486838,0.726817,0.795701,3.810000
local_crowding,context_ext,SEESM w/o Feasibility-Preserving Update,15,1.500,-1.558382,-0.130843,0.461681,0.154474,0.322881,0.060000,-0.470000,-0.060000,0.420000,child,crossing,distracted,1.864499,1.000000,1.000000,1.653538,1.053538,0.725122,0.725122,0.725122,0.725122,0.554368,1.279490,0.120122,1.053538,0.499170,-0.225952,-0.225952,0.298071,horizon_mpc_secbf,8,-0.235636,true,osqp,optimal,2650,12.194393,0,0.036150,accept,false,0.748728,-0.043660,0.042887,0.735589,,,0.736839,0.716299,0.869385,3.764767
local_crowding,context_ext,SEESM w/o Feasibility-Preserving Update,16,1.600,-1.554094,-0.057284,0.042887,0.735589,1.512559,0.054000,-0.428000,-0.060000,0.420000,child,crossing,distracted,35.767736,1.000000,1.000000,1.650271,1.050271,0.605000,0.605000,0.605000,0.605000,0.000000,0.605000,0.000000,1.050271,1.054286,0.449286,0.445271,0.000278,horizon_mpc_secbf,8,-0.000205,true,osqp,optimal,50,3.521034,0,-0.059972,accept,false,0.747730,-0.058302,0.399312,0.162036,,,0.430936,0.675280,0.912478,3.765488
local_crowding,context_ext,SEESM w/o Feasibility-Preserving Update,17,1.700,-1.514163,-0.041080,0.399312,0.162036,0.385485,0.048000,-0.386000,-0.060000,0.420000,child,crossing,distracted,1.983204,1.000000,1.000000,1.599788,0.999788,0.718445,0.718445,0.718445,0.718445,0.493515,1.211960,0.113445,0.999788,0.506273,-0.212172,-0.212172,0.296860,horizon_mpc_secbf,8,-0.229969,true,osqp,optimal,2300,10.176542,0,0.034405,accept,false,0.747419,-0.062165,0.061175,0.735589,,,0.738129,0.665808,0.986291,3.726987
local_crowding,context_ext,SEESM w/o Feasibility-Preserving Update,18,1.800,-1.508045,0.032479,0.061175,0.735589,1.487822,0.042000,-0.344000,-0.060000,0.420000,child,crossing,distracted,22.999600,1.000000,1.000000,1.595110,0.995110,0.605000,0.605000,0.605000,0.605000,0.007462,0.612462,0.000000,0.995110,0.987648,0.382648,0.382648,0.000362,horizon_mpc_secbf,8,-0.000290,true,osqp,optimal,50,4.640133,0,-0.058726,accept,false,0.746042,-0.076953,0.333811,0.169806,,,0.374518,0.628045,1.023743,3.727719
local_crowding,context_ext,SEESM w/o Feasibility-Preserving Update,19,1.900,-1.474664,0.049459,0.333811,0.169806,0.470576,0.036000,-0.302000,-0.060000,0.420000,child,crossing,distracted,2.160102,1.000000,1.000000,1.551009,0.951009,0.708494,0.708494,0.708494,0.708494,0.429575,1.138069,0.103494,0.951009,0.521434,-0.187060,-0.187060,0.284074,horizon_mpc_secbf,8,-0.251455,true,osqp,optimal,1975,10.174894,0,0.032209,accept,false,0.745607,-0.081052,0.079958,0.735589,,,0.739922,0.620122,1.097735,3.696312
local_crowding,context_ext,SEESM w/o Feasibility-Preserving Update,20,2.000,-1.466668,0.123018,0.079958,0.735589,1.462522,0.030000,-0.260000,-0.060000,0.420000,child,crossing,distracted,16.477069,1.000000,1.000000,1.544901,0.944901,0.605000,0.605000,0.605000,0.605000,0.018888,0.623888,0.000000,0.944901,0.926012,0.321012,0.321012,0.000445,horizon_mpc_secbf,8,-0.000374,true,osqp,optimal,50,3.265969,0,-0.057575,accept,false,0.743836,-0.095958,0.269144,0.177327,,,0.322310,0.589447,1.129966,3.697053
local_crowding,context_ext,SEESM w/o Feasibility-Preserving Update,21,2.100,-1.439754,0.140751,0.269144,0.177327,0.582575,0.024000,-0.218000,-0.060000,0.420000,child,crossing,distracted,2.403169,1.000000,1.000000,1.507076,0.907076,0.694822,0.694822,0.694822,0.694822,0.366544,1.061366,0.089822,0.907076,0.540532,-0.154290,-0.154290,0.255235,horizon_mpc_secbf,8,-0.255148,true,osqp,optimal,2350,10.625163,0,0.021469,accept,false,0.743274,-0.100216,0.099175,0.735589,,,0.742245,0.583563,1.204191,3.672689
local_crowding,context_ext,SEESM w/o Feasibility-Preserving Update,22,2.200,-1.429836,0.214310,0.099175,0.735589,1.436780,0.018000,-0.176000,-0.060000,0.420000,child,crossing,distracted,12.572952,1.000000,1.000000,1.499524,0.899524,0.605000,0.605000,0.605000,0.605000,0.030191,0.635191,0.000000,0.899524,0.869333,0.264333,0.264333,0.000523,horizon_mpc_secbf,8,-0.000451,true,osqp,optimal,50,3.889372,0,-0.056756,accept,false,0.741098,-0.115214,0.209483,0.184043,,,0.278846,0.562468,1.232075,3.673439
local_crowding,context_ext,SEESM w/o Feasibility-Preserving Update,23,2.300,-1.408888,0.232714,0.209483,0.184043,0.720842,0.012000,-0.134000,-0.060000,0.420000,child,crossing,distracted,2.711632,1.000000,1.000000,1.467447,0.867447,0.677471,0.677471,0.677471,0.677471,0.308642,0.986113,0.072471,0.867447,0.558805,-0.118666,-0.118666,0.211399,horizon_mpc_secbf,8,-0.193908,true,osqp,optimal,8225,28.872341,0,-0.001498,accept,false,0.740410,-0.119551,0.118768,0.735589,,,0.745115,0.558956,1.306587,3.655629
local_crowding,context_ext,SEESM w/o Feasibility-Preserving Update,24,2.400,-1.397011,0.306273,0.118768,0.735589,1.410718,0.006000,-0.092000,-0.060000,0.420000,child,crossing,distracted,10.006072,1.000000,1.000000,1.458445,0.858445,0.605000,0.605000,0.605000,0.605000,0.041275,0.646275,0.000000,0.858445,0.817169,0.212169,0.212169,0.000595,horizon_mpc_secbf,8,-0.000523,true,osqp,optimal,50,3.414618,0,-0.056253,accept,false,0.737820,-0.134615,0.154373,0.190061,,,0.244855,0.546689,1.331072,3.656389
local_crowding,context_ext,SEESM w/o Feasibility-Preserving Update,25,2.500,-1.381574,0.325279,0.154373,0.190061,0.888642,0.000000,-0.050000,-0.060000,0.420000,child,crossing,distracted,3.112973,1.000000,1.000000,1.431635,0.831635,0.654895,0.654895,0.654895,0.654895,0.255421,0.910316,0.049895,0.831635,0.576215,-0.078681,-0.078681,0.154281,horizon_mpc_secbf,8,-0.109595,true,osqp,optimal,2750,12.784467,0,-0.127155,accept,false,0.737015,-0.138959,-0.081737,-0.433505,,,0.441144,0.666771,1.375187,3.644677
local_crowding,context_ext,SEESM w/o Feasibility-Preserving Update,26,2.600,-1.389747,0.281929,-0.081737,-0.433505,-1.757158,-0.006000,-0.008000,-0.060000,0.420000,child,crossing,distracted,5.292838,1.000000,1.000000,1.413795,0.813795,0.605000,0.605000,0.605000,0.605000,0.000000,0.605000,0.000000,0.813795,0.914268,0.309268,0.208795,0.000574,horizon_mpc_secbf,8,-0.000537,true,osqp,optimal,50,3.158921,0,-0.077108,accept,false,0.738642,-0.130028,0.131915,-0.061003,,,0.145337,0.429425,1.389721,3.644944
local_crowding,context_ext,SEESM w/o Feasibility-Preserving Update,27,2.700,-1.376556,0.275828,0.131915,-0.061003,-0.433152,-0.012000,0.034000,-0.060000,0.420000,child,crossing,distracted,2.879445,1.000000,1.000000,1.385819,0.785819,0.668031,0.668031,0.668031,0.668031,0.189035,0.857066,0.063031,0.785819,0.596784,-0.071248,-0.071248,0.092030,horizon_mpc_secbf,8,-0.079838,true,osqp,optimal,2925,11.593510,0,-0.113208,accept,false,0.738775,-0.129271,-0.128716,-0.735589,,,0.746766,0.723184,1.464397,3.630897
local_crowding,context_ext,SEESM w/o Feasibility-Preserving Update,28,2.800,-1.389427,0.202269,-0.128716,-0.735589,-1.744026,-0.018000,0.076000,-0.060000,0.420000,child,crossing,distracted,20.713931,1.000000,1.000000,1.377228,0.777228,0.605000,0.605000,0.605000,0.605000,0.000000,0.605000,0.000000,0.777228,1.170173,0.565173,0.172228,0.000247,horizon_mpc_secbf,8,-0.000202,true,osqp,optimal,50,4.728175,0,-0.257084,accept,false,0.741277,-0.114053,0.288159,-0.483829,,,0.563140,0.486999,1.520711,3.631665
local_crowding,context_ext,SEESM w/o Feasibility-Preserving Update,29,2.900,-1.360612,0.153886,0.288159,-0.483829,-1.033633,-0.024000,0.118000,-0.060000,0.420000,child,crossing,distracted,1.979881,1.000000,1.000000,1.337093,0.737093,0.718632,0.718632,0.718632,0.718632,0.021661,0.740292,0.113632,0.737093,0.715433,-0.003199,-0.003199,0.000535,horizon_mpc_secbf,8,-0.000208,true,osqp,optimal,375,5.223965,0,-0.009064,accept,false,0.742601,-0.105091,-0.080062,-0.565683,,,0.571321,0.377210,1.577843,3.596089
local_crowding,context_ext,SEESM w/o Feasibility-Preserving Update,30,3.000,-1.368618,0.097318,-0.080062,-0.565683,-1.711395,-0.030000,0.160000,-0.060000,0.420000,child,crossing,distracted,,0.000000,1.000000,1.340085,0.740085,0.380000,0.380000,0.380000,0.380000,0.000000,0.380000,0.000000,0.740085,0.740085,0.360085,0.360085,0.000000,horizon_mpc_secbf,8,0.013013,true,osqp,optimal,50,4.867008,0,-0.240194,accept,false,0.744177,-0.093281,0.574467,-0.296056,,,0.646267,0.707889,1.642470,3.596544
local_crowding,context_ext,SEESM w/o Feasibility-Preserving Update,31,3.100,-1.311171,0.067713,0.574467,-0.296056,-0.475858,-0.036000,0.202000,-0.060000,0.420000,child,crossing,distracted,1.227052,1.000000,1.000000,1.282222,0.682222,0.750000,0.750000,0.750000,0.750000,0.217522,0.967522,0.370000,0.682222,0.464700,-0.285300,-0.285300,0.265879,horizon_mpc_secbf,8,-0.265406,true,osqp,optimal,1725,8.433244,0,0.128961,accept,false,0.744748,-0.088600,-0.087507,-0.735591,,,0.740778,0.794607,1.716548,3.535931
local_crowding,context_ext,SEESM w/o Feasibility-Preserving Update,32,3.200,-1.319922,-0.005847,-0.087507,-0.735591,-1.689202,-0.042000,0.244000,-0.060000,0.420000,child,crossing,distracted,,0.000000,1.000000,1.302117,0.702117,0.380000,0.380000,0.380000,0.380000,0.000000,0.380000,0.000000,0.702117,0.702117,0.322117,0.322117,0.000000,horizon_mpc_secbf,8,0.085279,true,osqp,optimal,50,3.206563,0,-0.161672,accept,false,0.746441,-0.072982,0.576618,-0.314845,,,0.656975,0.786187,1.782245,3.536706
local_crowding,context_ext,SEESM w/o Feasibility-Preserving Update,33,3.300,-1.262260,-0.037331,0.576618,-0.314845,-0.499783,-0.048000,0.286000,-0.060000,0.420000,child,crossing,distracted,1.540894,1.000000,1.000000,1.256571,0.656571,0.743325,0.743325,0.743325,0.743325,0.050997,0.794322,0.363325,0.656571,0.605573,-0.137751,-0.137751,0.102772,horizon_mpc_secbf,8,-0.102573,true,osqp,optimal,1150,7.110189,0,0.268586,accept,false,0.746960,-0.067456,-0.066434,-0.735591,,,0.738585,0.768468,1.856104,3.476350
local_crowding,context_ext,SEESM w/o Feasibility-Preserving Update,34,3.400,-1.268903,-0.110890,-0.066434,-0.735591,-1.660866,-0.054000,0.328000,-0.060000,0.420000,child,crossing,distracted,,0.000000,1.000000,1.291749,0.691749,0.380000,0.380000,0.380000,0.380000,0.000000,0.380000,0.000000,0.691749,0.691749,0.311749,0.311749,0.000000,horizon_mpc_secbf,8,0.160741,true,osqp,optimal,50,3.712706,0,-0.051670,accept,false,0.748225,-0.051575,0.585572,-0.297405,,,0.656768,0.785570,1.921780,3.477135
local_crowding,context_ext,SEESM w/o Feasibility-Preserving Update,35,3.500,-1.210346,-0.140631,0.585572,-0.297405,-0.469937,-0.060000,0.370000,-0.060000,0.420000,child,crossing,distracted,2.202715,1.000000,1.000000,1.258587,0.658587,0.706097,0.706097,0.706097,0.706097,0.000000,0.706097,0.326097,0.658587,0.727730,0.021633,-0.047511,0.000960,horizon_mpc_secbf,8,-0.000947,true,osqp,optimal,100,4.292405,0,0.379747,accept,false,0.748591,-0.045958,-0.038813,-0.678455,,,0.679565,0.731476,1.989737,3.416767
local_crowding,context_ext,SEESM w/o Feasibility-Preserving Update,36,3.600,-1.214228,-0.208476,-0.038813,-0.678455,-1.627942,-0.066000,0.412000,-0.060000,0.420000,child,crossing,distracted,,0.000000,1.000000,1.305150,0.705150,0.380000,0.380000,0.380000,0.380000,0.000000,0.380000,0.000000,0.705150,0.705150,0.325150,0.325150,0.000000,horizon_mpc_secbf,8,0.236640,true,osqp,optimal,50,3.777722,0,0.073700,accept,false,0.749357,-0.031062,0.596296,-0.265598,,,0.652772,0.757505,2.055014,3.417159
local_crowding,context_ext,SEESM w/o Feasibility-Preserving Update,37,3.700,-1.154598,-0.235036,0.596296,-0.265598,-0.419033,-0.072000,0.454000,-0.060000,0.420000,child,crossing,distracted,3.682549,1.000000,1.000000,1.283273,0.683273,0.622857,0.622857,0.622857,0.622857,0.000000,0.622857,0.242857,0.683273,0.839219,0.216363,0.060416,0.000031,horizon_mpc_secbf,8,-0.000030,true,osqp,optimal,50,3.035047,0,-0.231776,accept,false,0.749560,-0.025688,0.689504,-0.213363,,,0.721762,0.106847,2.127190,3.356567
local_crowding,context_ext,SEESM w/o Feasibility-Preserving Update,38,3.800,-1.085648,-0.256372,0.689504,-0.213363,-0.300099,-0.078000,0.496000,-0.060000,0.420000,child,crossing,distracted,2.966838,1.000000,1.000000,1.257544,0.657544,0.663115,0.663115,0.663115,0.663115,0.000000,0.663115,0.040259,0.657544,0.809575,0.146459,-0.005571,0.000239,horizon_mpc_secbf,8,-0.000243,true,osqp,optimal,75,3.470989,0,0.009258,accept,false,0.749696,-0.021363,0.519334,-0.380284,,,0.643680,0.238370,2.191558,3.286981
local_crowding,context_ext,SEESM w/o Feasibility-Preserving Update,39,3.900,-1.033714,-0.294401,0.519334,-0.380284,-0.632046,-0.084000,0.538000,-0.060000,0.420000,child,crossing,distracted,,0.000000,1.000000,1.262873,0.662873,0.380000,0.380000,0.380000,0.380000,0.000000,0.380000,0.000000,0.662873,0.662873,0.282873,0.282873,0.000000,horizon_mpc_secbf,8,0.262442,true,osqp,optimal,50,3.272880,0,0.126888,accept,false,0.749889,-0.012893,0.694464,-0.204142,,,0.723847,0.248387,2.263943,3.234192
local_crowding,context_ext,SEESM w/o Feasibility-Preserving Update,40,4.000,-0.964268,-0.314815,0.694464,-0.204142,-0.285903,-0.090000,0.580000,-0.060000,0.420000,child,crossing,distracted,8.054746,1.000000,1.000000,1.251015,0.651015,0.605000,0.605000,0.605000,0.605000,0.000000,0.605000,0.225000,0.651015,0.923674,0.318674,0.046015,0.000000,horizon_mpc_secbf,8,0.035843,true,osqp,optimal,50,3.488380,0,-0.079788,accept,false,0.749954,-0.008339,0.724854,-0.170951,,,0.744740,0.045003,2.338417,3.164463
local_crowding,context_ext,SEESM w/o Feasibility-Preserving Update,41,4.100,-0.891782,-0.331910,0.724854,-0.170951,-0.231610,-0.096000,0.622000,-0.060000,0.420000,child,crossing,distracted,13.109897,1.000000,1.000000,1.242262,0.642262,0.605000,0.605000,0.605000,0.605000,0.000000,0.605000,0.000000,0.642262,0.944900,0.339900,0.037262,0.000000,horizon_mpc_secbf,8,0.035225,true,osqp,optimal,50,3.236192,0,-0.021769,accept,false,0.749987,-0.004388,0.729274,-0.161563,,,0.746956,0.010376,2.413113,3.091835
local_crowding,context_ext,SEESM w/o Feasibility-Preserving Update,42,4.200,-0.818855,-0.348066,0.729274,-0.161563,-0.218019,-0.102000,0.664000,-0.060000,0.420000,child,crossing,distracted,,0.000000,1.000000,1.240225,0.640225,0.380000,0.380000,0.380000,0.380000,0.000000,0.380000,0.000000,0.640225,0.640225,0.260225,0.260225,0.000000,horizon_mpc_secbf,8,0.265300,true,osqp,optimal,50,3.985944,0,0.272439,accept,false,0.750000,-0.000480,0.731691,-0.155728,,,0.748080,0.006316,2.487921,3.018855
local_crowding,context_ext,SEESM w/o Feasibility-Preserving Update,43,4.300,-0.745686,-0.363639,0.731691,-0.155728,-0.209704,-0.108000,0.706000,-0.060000,0.420000,child,crossing,distracted,,0.000000,1.000000,1.245300,0.645300,0.380000,0.380000,0.380000,0.380000,0.000000,0.380000,0.000000,0.645300,0.645300,0.265300,0.265300,0.000000,horizon_mpc_secbf,8,0.277278,true,osqp,optimal,50,4.456768,0,0.347317,accept,false,0.749992,0.003473,0.734435,-0.149104,,,0.749418,0.007170,2.562862,2.945717
local_crowding,context_ext,SEESM w/o Feasibility-Preserving Update,44,4.400,-0.672242,-0.378550,0.734435,-0.149104,-0.200297,-0.114000,0.748000,-0.060000,0.420000,child,crossing,distracted,,0.000000,1.000000,1.257278,0.657278,0.380000,0.380000,0.380000,0.380000,0.000000,0.380000,0.000000,0.657278,0.657278,0.277278,0.277278,0.000000,horizon_mpc_secbf,8,0.295804,true,osqp,optimal,50,4.563977,0,0.426240,accept,false,0.749963,0.007454,0.735589,-0.140488,,,0.748884,0.008693,2.637751,2.872384
local_crowding,context_ext,SEESM w/o Feasibility-Preserving Update,45,4.500,-0.598683,-0.392598,0.735589,-0.140488,-0.188714,-0.120000,0.790000,-0.060000,0.420000,child,crossing,distracted,,0.000000,1.000000,1.275804,0.675804,0.380000,0.380000,0.380000,0.380000,0.000000,0.380000,0.000000,0.675804,0.675804,0.295804,0.295804,0.000000,horizon_mpc_secbf,8,0.320372,true,osqp,optimal,50,3.508131,0,0.507181,accept,false,0.749913,0.011414,0.735589,-0.130068,,,0.747000,0.010419,2.712451,2.799008
local_crowding,context_ext,SEESM w/o Feasibility-Preserving Update,46,4.600,-0.525124,-0.405605,0.735589,-0.130068,-0.175013,-0.126000,0.832000,-0.060000,0.420000,child,crossing,distracted,,0.000000,1.000000,1.300372,0.700372,0.380000,0.380000,0.380000,0.380000,0.000000,0.380000,0.000000,0.700372,0.700372,0.320372,0.320372,0.000000,horizon_mpc_secbf,8,0.350369,true,osqp,optimal,50,2.857906,0,0.588328,accept,false,0.749844,0.015300,0.735590,-0.118122,,,0.745013,0.011947,2.786952,2.725692
local_crowding,context_ext,SEESM w/o Feasibility-Preserving Update,47,4.700,-0.451565,-0.417417,0.735590,-0.118122,-0.159222,-0.132000,0.874000,-0.060000,0.420000,child,crossing,distracted,,0.000000,1.000000,1.330369,0.730369,0.380000,0.380000,0.380000,0.380000,0.000000,0.380000,0.000000,0.730369,0.730369,0.350369,0.350369,0.000000,horizon_mpc_secbf,8,0.385167,true,osqp,optimal,50,3.373281,0,0.668756,accept,false,0.749758,0.019063,0.735591,-0.104862,,,0.743027,0.013260,2.861255,2.652422
local_crowding,context_ext,SEESM w/o Feasibility-Preserving Update,48,4.800,-0.378006,-0.427903,0.735591,-0.104862,-0.141600,-0.138000,0.916000,-0.060000,0.420000,child,crossing,distracted,,0.000000,1.000000,1.365167,0.765167,0.380000,0.380000,0.380000,0.380000,0.000000,0.380000,0.000000,0.765167,0.765167,0.385167,0.385167,0.000000,horizon_mpc_secbf,8,0.424150,true,osqp,optimal,50,3.635643,0,0.747838,accept,false,0.749658,0.022654,0.735591,-0.090493,,,0.741137,0.014368,2.935368,2.579183
local_crowding,context_ext,SEESM w/o Feasibility-Preserving Update,49,4.900,-0.304447,-0.436953,0.735591,-0.090493,-0.122406,-0.144000,0.958000,-0.060000,0.420000,child,crossing,distracted,,0.000000,1.000000,1.404150,0.804150,0.380000,0.380000,0.380000,0.380000,0.000000,0.380000,0.000000,0.804150,0.804150,0.424150,0.424150,0.000000,horizon_mpc_secbf,8,0.466738,true,osqp,optimal,50,3.675086,0,0.825215,accept,false,0.749548,0.026024,0.735592,-0.075218,,,0.739428,0.015275,3.009311,2.505956
local_crowding,context_ext,SEESM w/o Feasibility-Preserving Update,50,5.000,-0.230888,-0.444475,0.735592,-0.075218,-0.101901,-0.150000,1.000000,-0.060000,0.420000,child,crossing,distracted,,0.000000,1.000000,1.446738,0.846738,0.380000,0.380000,0.380000,0.380000,0.000000,0.380000,0.000000,0.846738,0.846738,0.466738,0.466738,0.000000,horizon_mpc_secbf,8,0.512398,true,osqp,optimal,50,4.743031,0,0.900737,accept,false,0.749434,0.029126,0.735593,-0.059231,,,0.737974,0.015986,3.083109,2.432723
local_crowding,context_ext,SEESM w/o Feasibility-Preserving Update,51,5.100,-0.157329,-0.450398,0.735593,-0.059231,-0.080349,-0.156000,1.042000,-0.060000,0.420000,child,crossing,distracted,,0.000000,1.000000,1.492398,0.892398,0.380000,0.380000,0.380000,0.380000,0.000000,0.380000,0.000000,0.892398,0.892398,0.512398,0.512398,0.000000,horizon_mpc_secbf,8,0.560657,true,osqp,optimal,50,4.590361,0,0.974410,accept,false,0.749321,0.031913,0.735593,-0.042721,,,0.736833,0.016511,3.156792,2.359466
local_crowding,context_ext,SEESM w/o Feasibility-Preserving Update,52,5.200,-0.083769,-0.454670,0.735593,-0.042721,-0.058011,-0.162000,1.084000,-0.060000,0.420000,child,crossing,distracted,,0.000000,1.000000,1.540657,0.940657,0.380000,0.380000,0.380000,0.380000,0.000000,0.380000,0.000000,0.940657,0.940657,0.560657,0.560657,0.000000,horizon_mpc_secbf,8,0.611100,true,osqp,optimal,50,4.872172,0,1.046344,accept,false,0.749214,0.034338,0.735594,-0.025864,,,0.736048,0.016857,3.230397,2.286167
local_crowding,context_ext,SEESM w/o Feasibility-Preserving Update,53,5.300,-0.010210,-0.457256,0.735594,-0.025864,-0.035146,-0.168000,1.126000,-0.060000,0.420000,child,crossing,distracted,,0.000000,1.000000,1.591100,0.991100,0.380000,0.380000,0.380000,0.380000,0.000000,0.380000,0.000000,0.991100,0.991100,0.611100,0.611100,0.000000,horizon_mpc_secbf,8,0.663370,true,osqp,optimal,50,3.491060,0,1.116723,accept,false,0.749118,0.036353,0.735594,-0.008838,,,0.735647,0.017026,3.303961,2.212811
local_crowding,context_ext,SEESM w/o Feasibility-Preserving Update,54,5.400,0.063349,-0.458140,0.735594,-0.008838,-0.012014,-0.174000,1.168000,-0.060000,0.420000,child,crossing,distracted,,0.000000,1.000000,1.643370,1.043370,0.380000,0.380000,0.380000,0.380000,0.000000,0.380000,0.000000,1.043370,1.043370,0.663370,0.663370,0.000000,horizon_mpc_secbf,8,0.717178,true,osqp,optimal,50,3.078209,0,1.185835,accept,false,0.749041,0.037910,0.735594,0.008123,,,0.735639,0.016961,3.377525,2.139386
local_crowding,context_ext,SEESM w/o Feasibility-Preserving Update,55,5.500,0.136909,-0.457328,0.735594,0.008123,0.011043,-0.180000,1.210000,-0.060000,0.420000,child,crossing,distracted,,0.000000,1.000000,1.697178,1.097178,0.380000,0.380000,0.380000,0.380000,0.000000,0.380000,0.000000,1.097178,1.097178,0.717178,0.717178,0.000000,horizon_mpc_secbf,8,0.772330,true,osqp,optimal,50,3.228882,0,1.254397,accept,false,0.748987,0.038964,0.735595,0.024381,,,0.735999,0.016258,3.451125,2.065881
local_crowding,context_ext,SEESM w/o Feasibility-Preserving Update,56,5.600,0.210468,-0.454890,0.735595,0.024381,0.033133,-0.186000,1.252000,-0.060000,0.420000,child,crossing,distracted,,0.000000,1.000000,1.752330,1.152330,0.380000,0.380000,0.380000,0.380000,0.000000,0.380000,0.000000,1.152330,1.152330,0.772330,0.772330,0.000000,horizon_mpc_secbf,8,0.828957,true,osqp,optimal,50,3.282215,0,1.325506,accept,false,0.748960,0.039486,0.735594,0.036894,,,0.736519,0.012512,3.524777,1.992295
local_crowding,context_ext,SEESM w/o Feasibility-Preserving Update,57,5.700,0.284028,-0.451200,0.735594,0.036894,0.050113,-0.192000,1.294000,-0.060000,0.420000,child,crossing,distracted,,0.000000,1.000000,1.808957,1.208957,0.380000,0.380000,0.380000,0.380000,0.000000,0.380000,0.000000,1.208957,1.208957,0.828957,0.828957,0.000000,horizon_mpc_secbf,8,0.887833,true,osqp,optimal,50,3.636122,0,1.405792,accept,false,0.748956,0.039559,0.735594,0.039101,,,0.736632,0.002208,3.598440,1.918643
local_crowding,context_ext,SEESM w/o Feasibility-Preserving Update,58,5.800,0.357587,-0.447290,0.735594,0.039101,0.053106,-0.198000,1.336000,-0.060000,0.420000,child,crossing,distracted,,0.000000,1.000000,1.867833,1.267833,0.380000,0.380000,0.380000,0.380000,0.000000,0.380000,0.000000,1.267833,1.267833,0.887833,0.887833,0.000000,horizon_mpc_secbf,8,0.948912,true,osqp,optimal,50,3.071611,0,1.487787,accept,false,0.748957,0.039549,0.735593,0.039472,,,0.736652,0.000371,3.672106,1.844980
local_crowding,context_ext,SEESM w/o Feasibility-Preserving Update,59,5.900,0.431146,-0.443343,0.735593,0.039472,0.053609,-0.204000,1.378000,-0.060000,0.420000,child,crossing,distracted,,0.000000,1.000000,1.928912,1.328912,0.380000,0.380000,0.380000,0.380000,0.000000,0.380000,0.000000,1.328912,1.328912,0.948912,0.948912,0.000000,horizon_mpc_secbf,8,1.012019,true,osqp,optimal,50,3.402149,0,1.570150,accept,false,0.748958,0.039523,0.735593,0.039514,,,0.736653,0.000042,3.745771,1.771315
local_crowding,context_ext,SEESM w/o Feasibility-Preserving Update,60,6.000,0.504706,-0.439391,0.735593,0.039514,0.053665,-0.210000,1.420000,-0.060000,0.420000,child,crossing,distracted,,0.000000,1.000000,1.992019,1.392019,0.380000,0.380000,0.380000,0.380000,0.000000,0.380000,0.000000,1.392019,1.392019,1.012019,1.012019,0.000000,horizon_mpc_secbf,8,1.076974,true,osqp,optimal,50,4.099600,0,1.652636,accept,false,0.748960,0.039492,0.735592,0.039496,,,0.736651,0.000018,3.819436,1.697650
local_crowding,context_ext,SEESM w/o Feasibility-Preserving Update,61,6.100,0.578265,-0.435442,0.735592,0.039496,0.053641,-0.216000,1.462000,-0.060000,0.420000,child,crossing,distracted,,0.000000,1.000000,2.056974,1.456974,0.380000,0.380000,0.380000,0.380000,0.000000,0.380000,0.000000,1.456974,1.456974,1.076974,1.076974,0.000000,horizon_mpc_secbf,8,1.143608,true,osqp,optimal,50,4.028546,0,1.735199,accept,false,0.748961,0.039459,0.735590,0.039466,,,0.736648,0.000030,3.893101,1.623984
local_crowding,context_ext,SEESM w/o Feasibility-Preserving Update,62,6.200,0.651824,-0.431495,0.735590,0.039466,0.053600,-0.222000,1.504000,-0.060000,0.420000,child,crossing,distracted,,0.000000,1.000000,2.123608,1.523608,0.380000,0.380000,0.380000,0.380000,0.000000,0.380000,0.000000,1.523608,1.523608,1.143608,1.143608,0.000000,horizon_mpc_secbf,8,1.211768,true,osqp,optimal,75,2.797086,0,1.817834,accept,false,0.748963,0.039425,0.735589,0.039432,,,0.736645,0.000034,3.966765,1.550320
local_crowding,context_ext,SEESM w/o Feasibility-Preserving Update,63,6.300,0.725383,-0.427552,0.735589,0.039432,0.053555,-0.228000,1.546000,-0.060000,0.420000,child,crossing,distracted,,0.000000,1.000000,2.191768,1.591768,0.380000,0.380000,0.380000,0.380000,0.000000,0.380000,0.000000,1.591768,1.591768,1.211768,1.211768,0.000000,horizon_mpc_secbf,8,1.281317,true,osqp,optimal,75,2.859256,0,1.900546,accept,false,0.748965,0.039389,0.735589,0.039396,,,0.736643,0.000036,4.040430,1.476655
local_crowding,context_ext,SEESM w/o Feasibility-Preserving Update,64,6.400,0.798942,-0.423612,0.735589,0.039396,0.053507,-0.234000,1.588000,-0.060000,0.420000,child,crossing,distracted,,0.000000,1.000000,2.261317,1.661317,0.380000,0.380000,0.380000,0.380000,0.000000,0.380000,0.000000,1.661317,1.661317,1.281317,1.281317,0.000000,horizon_mpc_secbf,8,1.352130,true,osqp,optimal,75,3.122688,0,1.983341,accept,false,0.748967,0.039351,0.735589,0.039359,,,0.736642,0.000038,4.114094,1.402991
local_crowding,context_ext,SEESM w/o Feasibility-Preserving Update,65,6.500,0.872501,-0.419677,0.735589,0.039359,0.053456,-0.240000,1.630000,-0.060000,0.420000,child,crossing,distracted,,0.000000,1.000000,2.332130,1.732130,0.380000,0.380000,0.380000,0.380000,0.000000,0.380000,0.000000,1.732130,1.732130,1.352130,1.352130,0.000000,horizon_mpc_secbf,8,1.424097,true,osqp,optimal,75,2.982314,0,2.066227,accept,false,0.748969,0.039311,0.735589,0.039319,,,0.736639,0.000040,4.187758,1.329327
local_crowding,context_ext,SEESM w/o Feasibility-Preserving Update,66,6.600,0.946059,-0.415745,0.735589,0.039319,0.053402,-0.246000,1.672000,-0.060000,0.420000,child,crossing,distracted,,0.000000,1.000000,2.404097,1.804097,0.380000,0.380000,0.380000,0.380000,0.000000,0.380000,0.000000,1.804097,1.804097,1.424097,1.424097,0.000000,horizon_mpc_secbf,8,1.497117,true,osqp,optimal,75,3.373101,0,2.149210,accept,false,0.748971,0.039269,0.735589,0.039277,,,0.736637,0.000042,4.261421,1.255663
local_crowding,context_ext,SEESM w/o Feasibility-Preserving Update,67,6.700,1.019618,-0.411817,0.735589,0.039277,0.053345,-0.252000,1.714000,-0.060000,0.420000,child,crossing,distracted,,0.000000,1.000000,2.477117,1.877117,0.380000,0.380000,0.380000,0.380000,0.000000,0.380000,0.000000,1.877117,1.877117,1.497117,1.497117,0.000000,horizon_mpc_secbf,8,1.571101,true,osqp,optimal,75,4.140857,0,2.232297,accept,false,0.748974,0.039224,0.735589,0.039233,,,0.736635,0.000044,4.335085,1.181999
local_crowding,context_ext,SEESM w/o Feasibility-Preserving Update,68,6.800,1.093177,-0.407894,0.735589,0.039233,0.053285,-0.258000,1.756000,-0.060000,0.420000,child,crossing,distracted,,0.000000,1.000000,2.551101,1.951101,0.380000,0.380000,0.380000,0.380000,0.000000,0.380000,0.000000,1.951101,1.951101,1.571101,1.571101,0.000000,horizon_mpc_secbf,8,1.645967,true,osqp,optimal,75,4.191005,0,2.315495,accept,false,0.748976,0.039176,0.735590,0.039186,,,0.736633,0.000047,4.408748,1.108336
local_crowding,context_ext,SEESM w/o Feasibility-Preserving Update,69,6.900,1.166736,-0.403975,0.735590,0.039186,0.053221,-0.264000,1.798000,-0.060000,0.420000,child,crossing,distracted,,0.000000,1.000000,2.625967,2.025967,0.380000,0.380000,0.380000,0.380000,0.000000,0.380000,0.000000,2.025967,2.025967,1.645967,1.645967,0.000000,horizon_mpc_secbf,8,1.721642,true,osqp,optimal,75,4.774442,0,2.398807,accept,false,0.748979,0.039125,0.735590,0.039135,,,0.736630,0.000051,4.482411,1.034672
local_crowding,context_ext,SEESM w/o Feasibility-Preserving Update,70,7.000,1.240295,-0.400062,0.735590,0.039135,0.053152,-0.270000,1.840000,-0.060000,0.420000,child,crossing,distracted,,0.000000,1.000000,2.701642,2.101642,0.380000,0.380000,0.380000,0.380000,0.000000,0.380000,0.000000,2.101642,2.101642,1.721642,1.721642,0.000000,horizon_mpc_secbf,8,1.798060,true,osqp,optimal,75,4.607709,0,2.482238,accept,false,0.748982,0.039069,0.735590,0.039081,,,0.736627,0.000054,4.556074,0.961010
local_crowding,context_ext,SEESM w/o Feasibility-Preserving Update,71,7.100,1.313854,-0.396153,0.735590,0.039081,0.053078,-0.276000,1.882000,-0.060000,0.420000,child,crossing,distracted,,0.000000,1.000000,2.778060,2.178060,0.380000,0.380000,0.380000,0.380000,0.000000,0.380000,0.000000,2.178060,2.178060,1.798060,1.798060,0.000000,horizon_mpc_secbf,8,1.875164,true,osqp,optimal,75,4.089456,0,2.565790,accept,false,0.748985,0.039010,0.735590,0.039022,,,0.736624,0.000059,4.629736,0.887347
local_crowding,context_ext,SEESM w/o Feasibility-Preserving Update,72,7.200,1.387413,-0.392251,0.735590,0.039022,0.052998,-0.282000,1.924000,-0.060000,0.420000,child,crossing,distracted,,0.000000,1.000000,2.855164,2.255164,0.380000,0.380000,0.380000,0.380000,0.000000,0.380000,0.000000,2.255164,2.255164,1.875164,1.875164,0.000000,horizon_mpc_secbf,8,1.952899,true,osqp,optimal,75,4.032719,0,2.649466,accept,false,0.748988,0.038944,0.735590,0.038957,,,0.736621,0.000064,4.703398,0.813684
local_crowding,context_ext,SEESM w/o Feasibility-Preserving Update,73,7.300,1.460972,-0.388356,0.735590,0.038957,0.052911,-0.288000,1.966000,-0.060000,0.420000,child,crossing,distracted,,0.000000,1.000000,2.932899,2.332899,0.380000,0.380000,0.380000,0.380000,0.000000,0.380000,0.000000,2.332899,2.332899,1.952899,1.952899,0.000000,horizon_mpc_secbf,8,2.031216,true,osqp,optimal,75,3.552937,0,2.733267,accept,false,0.748992,0.038873,0.735590,0.038887,,,0.736618,0.000070,4.777060,0.740022
local_crowding,context_ext,SEESM w/o Feasibility-Preserving Update,74,7.400,1.534531,-0.384467,0.735590,0.038887,0.052816,-0.294000,2.008000,-0.060000,0.420000,child,crossing,distracted,,0.000000,1.000000,3.011216,2.411216,0.380000,0.380000,0.380000,0.380000,0.000000,0.380000,0.000000,2.411216,2.411216,2.031216,2.031216,0.000000,horizon_mpc_secbf,8,2.110074,true,osqp,optimal,75,3.533761,0,2.817194,accept,false,0.748996,0.038793,0.735591,0.038809,,,0.736614,0.000078,4.850722,0.666361
local_crowding,context_ext,SEESM w/o Feasibility-Preserving Update,75,7.500,1.608090,-0.380586,0.735591,0.038809,0.052710,-0.300000,2.050000,-0.060000,0.420000,child,crossing,distracted,,0.000000,1.000000,3.090074,2.490074,0.380000,0.380000,0.380000,0.380000,0.000000,0.380000,0.000000,2.490074,2.490074,2.110074,2.110074,0.000000,horizon_mpc_secbf,8,2.189432,true,osqp,optimal,75,3.222713,0,2.901249,accept,false,0.749001,0.038703,0.735591,0.038721,,,0.736610,0.000088,4.924383,0.592699
local_crowding,context_ext,SEESM w/o Feasibility-Preserving Update,76,7.600,1.681650,-0.376714,0.735591,0.038721,0.052591,-0.306000,2.092000,-0.060000,0.420000,child,crossing,distracted,,0.000000,1.000000,3.169432,2.569432,0.380000,0.380000,0.380000,0.380000,0.000000,0.380000,0.000000,2.569432,2.569432,2.189432,2.189432,0.000000,horizon_mpc_secbf,8,2.269255,true,osqp,optimal,75,6.371079,0,2.985433,accept,false,0.749006,0.038601,0.735591,0.038621,,,0.736605,0.000100,4.998043,0.519038
local_crowding,context_ext,SEESM w/o Feasibility-Preserving Update,77,7.700,1.755209,-0.372852,0.735591,0.038621,0.052456,-0.312000,2.134000,-0.060000,0.420000,child,crossing,distracted,,0.000000,1.000000,3.249255,2.649255,0.380000,0.380000,0.380000,0.380000,0.000000,0.380000,0.000000,2.649255,2.649255,2.269255,2.269255,0.000000,horizon_mpc_secbf,8,2.349511,true,osqp,optimal,75,3.954350,0,3.069748,accept,false,0.749012,0.038481,0.735592,0.038505,,,0.736599,0.000116,5.071703,0.445378
local_crowding,context_ext,SEESM w/o Feasibility-Preserving Update,78,7.800,1.828768,-0.369001,0.735592,0.038505,0.052298,-0.318000,2.176000,-0.060000,0.420000,child,crossing,distracted,,0.000000,1.000000,3.329511,2.729511,0.380000,0.380000,0.380000,0.380000,0.000000,0.380000,0.000000,2.729511,2.729511,2.349511,2.349511,0.000000,horizon_mpc_secbf,8,2.430172,true,osqp,optimal,75,3.262915,0,3.154197,accept,false,0.749019,0.038338,0.735592,0.038366,,,0.736592,0.000139,5.145362,0.371718
local_crowding,context_ext,SEESM w/o Feasibility-Preserving Update,79,7.900,1.902327,-0.365165,0.735592,0.038366,0.052110,-0.324000,2.218000,-0.060000,0.420000,child,crossing,distracted,,0.000000,1.000000,3.410172,2.810172,0.380000,0.380000,0.380000,0.380000,0.000000,0.380000,0.000000,2.810172,2.810172,2.430172,2.430172,0.000000,horizon_mpc_secbf,8,2.511212,true,osqp,optimal,75,2.866858,0,3.238787,accept,false,0.749029,0.038158,0.735593,0.038194,,,0.736584,0.000173,5.219021,0.298059
local_crowding,context_ext,SEESM w/o Feasibility-Preserving Update,80,8.000,1.975886,-0.361345,0.735593,0.038194,0.051876,-0.330000,2.260000,-0.060000,0.420000,child,crossing,distracted,,0.000000,1.000000,3.491212,2.891212,0.380000,0.380000,0.380000,0.380000,0.000000,0.380000,0.000000,2.891212,2.891212,2.511212,2.511212,0.000000,horizon_mpc_secbf,8,2.592611,true,osqp,optimal,75,3.178557,0,3.323535,accept,false,0.749041,0.037918,0.735594,0.037965,,,0.736573,0.000228,5.292678,0.224401
local_crowding,context_ext,SEESM w/o Feasibility-Preserving Update,81,8.100,2.049446,-0.357549,0.735594,0.037965,0.051566,-0.336000,2.302000,-0.060000,0.420000,child,crossing,distracted,,0.000000,1.000000,3.572611,2.972611,0.380000,0.380000,0.380000,0.380000,0.000000,0.380000,0.000000,2.972611,2.972611,2.592611,2.592611,0.000000,horizon_mpc_secbf,8,2.674353,true,osqp,optimal,75,3.257547,0,3.408481,accept,false,0.749059,0.037557,0.735594,0.037627,,,0.736556,0.000338,5.366333,0.150743
local_crowding,context_ext,SEESM w/o Feasibility-Preserving Update,82,8.200,2.123005,-0.353786,0.735594,0.037627,0.051107,-0.342000,2.344000,-0.060000,0.420000,child,crossing,distracted,,0.000000,1.000000,3.654353,3.054353,0.380000,0.380000,0.380000,0.380000,0.000000,0.380000,0.000000,3.054353,3.054353,2.674353,2.674353,0.000000,horizon_mpc_secbf,8,2.756441,true,osqp,optimal,75,3.831780,0,3.493781,accept,false,0.749095,0.036834,0.735594,0.036970,,,0.736523,0.000657,5.439986,0.077088
local_crowding,context_ext,SEESM w/o Feasibility-Preserving Update,83,8.300,2.196565,-0.350089,0.735594,0.036970,0.050216,-0.348000,2.386000,-0.060000,0.420000,child,crossing,distracted,,0.000000,1.000000,3.736441,3.136441,0.380000,0.380000,0.380000,0.380000,0.000000,0.380000,0.000000,3.136441,3.136441,2.756441,2.756441,0.000000,horizon_mpc_secbf,8,2.801317,true,osqp,optimal,50,4.205807,0,3.204998,accept,false,0.034354,0.000890,0.154665,0.007083,,,0.154827,0.581697,5.455468,0.003437
local_crowding,context_ext,SEESM w/o Feasibility-Preserving Update,84,8.400,2.212031,-0.349381,0.154665,0.007083,0.045765,-0.354000,2.428000,-0.060000,0.420000,child,crossing,distracted,,0.000000,1.000000,3.781317,3.181317,0.380000,0.380000,0.380000,0.380000,0.000000,0.380000,0.000000,3.181317,3.181317,2.801317,2.801317,0.000000,horizon_mpc_secbf,8,2.831679,true,osqp,optimal,50,4.019827,0,3.103777,accept,false,-0.120311,-0.006194,-0.073129,-0.003920,,,0.073234,0.228060,5.462792,0.012047
local_crowding,context_ext,SEESM w/o Feasibility-Preserving Update,85,8.500,2.204718,-0.349773,-0.073129,-0.003920,-3.088040,-0.360000,2.470000,-0.060000,0.420000,child,crossing,distracted,,0.000000,1.000000,3.811679,3.211679,0.380000,0.380000,0.380000,0.380000,0.000000,0.380000,0.000000,3.211679,3.211679,2.831679,2.831679,0.000000,horizon_mpc_secbf,8,2.863602,true,osqp,optimal,50,4.304372,0,3.149906,accept,false,-0.047182,-0.002274,-0.051632,-0.002558,,,0.051696,0.021540,5.467961,0.004724
local_crowding,context_ext,SEESM w/o Feasibility-Preserving Update,86,8.600,2.199555,-0.350028,-0.051632,-0.002558,-3.092090,-0.366000,2.512000,-0.060000,0.420000,child,crossing,distracted,,0.000000,1.000000,3.843602,3.243602,0.380000,0.380000,0.380000,0.380000,0.000000,0.380000,0.000000,3.243602,3.243602,2.863602,2.863602,0.000000,horizon_mpc_secbf,8,2.898943,true,osqp,optimal,50,4.799665,0,3.216293,accept,false,0.004450,0.000284,-0.000007,0.000127,,,0.000127,0.051695,5.467974,0.000446
local_crowding,context_ext,SEESM w/o Feasibility-Preserving Update,87,8.700,2.199554,-0.350016,-0.000007,0.000127,1.626799,-0.372000,2.554000,-0.060000,0.420000,child,crossing,distracted,,0.000000,1.000000,3.878943,3.278943,0.380000,0.380000,0.380000,0.380000,0.000000,0.380000,0.000000,3.278943,3.278943,2.898943,2.898943,0.000000,horizon_mpc_secbf,8,2.934666,true,osqp,optimal,50,3.423521,0,3.255491,accept,false,0.004457,0.000158,0.003691,0.000152,,,0.003694,0.003698,5.468343,0.000446
local_crowding,context_ext,SEESM w/o Feasibility-Preserving Update,88,8.800,2.199923,-0.350001,0.003691,0.000152,0.041274,-0.378000,2.596000,-0.060000,0.420000,child,crossing,distracted,,0.000000,1.000000,3.914666,3.314666,0.380000,0.380000,0.380000,0.380000,0.000000,0.380000,0.000000,3.314666,3.314666,2.934666,2.934666,0.000000,horizon_mpc_secbf,8,2.970372,true,osqp,optimal,25,3.628575,0,3.291058,accept,false,0.000766,0.000005,0.001265,0.000034,,,0.001265,0.002429,5.468470,0.000077
local_crowding,context_ext,SEESM w/o Feasibility-Preserving Update,89,8.900,2.200050,-0.349997,0.001265,0.000034,0.027016,-0.384000,2.638000,-0.060000,0.420000,child,crossing,distracted,,0.000000,1.000000,3.950372,3.350372,0.380000,0.380000,0.380000,0.380000,0.000000,0.380000,0.000000,3.350372,3.350372,2.970372,2.970372,0.000000,horizon_mpc_secbf,8,3.006120,true,osqp,optimal,25,3.305256,0,3.327189,accept,false,-0.000499,-0.000029,-0.000195,-0.000020,,,0.000196,0.001460,5.468489,0.000050
local_crowding,context_ext,SEESM w/o Feasibility-Preserving Update,90,9.000,2.200030,-0.349999,-0.000195,-0.000020,-3.039590,-0.390000,2.680000,-0.060000,0.420000,child,crossing,distracted,,0.000000,1.000000,3.986120,3.386120,0.380000,0.380000,0.380000,0.380000,0.000000,0.380000,0.000000,3.386120,3.386120,3.006120,3.006120,0.000000,horizon_mpc_secbf,8,3.041991,true,osqp,optimal,25,3.074639,0,3.364188,accept,false,-0.000304,-0.000009,-0.000284,-0.000012,,,0.000285,0.000090,5.468518,0.000030
local_crowding,context_ext,SEESM w/o Feasibility-Preserving Update,91,9.100,2.200002,-0.350000,-0.000284,-0.000012,-3.098740,-0.396000,2.722000,-0.060000,0.420000,child,crossing,distracted,,0.000000,1.000000,4.021991,3.421991,0.380000,0.380000,0.380000,0.380000,0.000000,0.380000,0.000000,3.421991,3.421991,3.041991,3.041991,0.000000,horizon_mpc_secbf,8,3.078002,true,osqp,optimal,25,3.022806,0,3.401472,accept,false,-0.000020,0.000003,-0.000065,0.000000,,,0.000065,0.000220,5.468524,0.000002
local_crowding,context_ext,SEESM w/o Feasibility-Preserving Update,92,9.200,2.199995,-0.350000,-0.000065,0.000000,3.137146,-0.402000,2.764000,-0.060000,0.420000,child,crossing,distracted,,0.000000,1.000000,4.058002,3.458002,0.380000,0.380000,0.380000,0.380000,0.000000,0.380000,0.000000,3.458002,3.458002,3.078002,3.078002,0.000000,horizon_mpc_secbf,8,3.114141,true,osqp,optimal,25,3.731391,0,3.438785,accept,false,0.000045,0.000003,0.000026,0.000002,,,0.000026,0.000091,5.468527,0.000005
local_crowding,context_ext,SEESM w/o Feasibility-Preserving Update,93,9.300,2.199998,-0.350000,0.000026,0.000002,0.093736,-0.408000,2.806000,-0.060000,0.420000,child,crossing,distracted,,0.000000,1.000000,4.094141,3.494141,0.380000,0.380000,0.380000,0.380000,0.000000,0.380000,0.000000,3.494141,3.494141,3.114141,3.114141,0.000000,horizon_mpc_secbf,8,3.150400,true,osqp,optimal,25,4.714456,0,3.476134,accept,false,0.000019,0.000000,0.000020,0.000001,,,0.000020,0.000006,5.468529,0.000002
local_crowding,context_ext,SEESM w/o Feasibility-Preserving Update,94,9.400,2.200000,-0.350000,0.000020,0.000001,0.035709,-0.414000,2.848000,-0.060000,0.420000,child,crossing,distracted,,0.000000,1.000000,4.130400,3.530400,0.380000,0.380000,0.380000,0.380000,0.000000,0.380000,0.000000,3.530400,3.530400,3.150400,3.150400,0.000000,horizon_mpc_secbf,8,3.186773,true,osqp,optimal,25,3.848827,0,3.513562,accept,false,-0.000001,-0.000000,0.000000,-0.000001,,,0.000001,0.000020,5.468529,0.000000
local_crowding,context_ext,SEESM w/o Feasibility-Preserving Update,95,9.500,2.200000,-0.350000,0.000000,-0.000001,-1.198802,-0.420000,2.890000,-0.060000,0.420000,child,crossing,distracted,,0.000000,1.000000,4.166773,3.566773,0.380000,0.380000,0.380000,0.380000,0.000000,0.380000,0.000000,3.566773,3.566773,3.186773,3.186773,0.000000,horizon_mpc_secbf,8,3.223261,true,osqp,optimal,25,3.096026,0,3.551083,accept,false,-0.000002,0.000001,-0.000001,0.000000,,,0.000001,0.000002,5.468529,0.000000
local_crowding,context_ext,SEESM w/o Feasibility-Preserving Update,96,9.600,2.200000,-0.350000,-0.000001,0.000000,2.900336,-0.426000,2.932000,-0.060000,0.420000,child,crossing,distracted,,0.000000,1.000000,4.203261,3.603261,0.380000,0.380000,0.380000,0.380000,0.000000,0.380000,0.000000,3.603261,3.603261,3.223261,3.223261,0.000000,horizon_mpc_secbf,8,3.259858,true,osqp,optimal,25,2.795774,0,3.588691,accept,false,-0.000000,0.000000,-0.000000,0.000000,,,0.000001,0.000001,5.468529,0.000000
local_crowding,context_ext,SEESM w/o Feasibility-Preserving Update,97,9.700,2.200000,-0.350000,-0.000000,0.000000,2.617841,-0.432000,2.974000,-0.060000,0.420000,child,crossing,distracted,,0.000000,1.000000,4.239858,3.639858,0.380000,0.380000,0.380000,0.380000,0.000000,0.380000,0.000000,3.639858,3.639858,3.259858,3.259858,0.000000,horizon_mpc_secbf,8,3.296564,true,osqp,optimal,25,3.260628,0,3.626380,accept,false,0.000000,-0.000000,0.000000,0.000000,,,0.000000,0.000001,5.468529,0.000000
local_crowding,context_ext,SEESM w/o Feasibility-Preserving Update,98,9.800,2.200000,-0.350000,0.000000,0.000000,0.906851,-0.438000,3.016000,-0.060000,0.420000,child,crossing,distracted,,0.000000,1.000000,4.276564,3.676564,0.380000,0.380000,0.380000,0.380000,0.000000,0.380000,0.000000,3.676564,3.676564,3.296564,3.296564,0.000000,horizon_mpc_secbf,8,3.333375,true,osqp,optimal,25,3.339269,0,3.664149,accept,false,0.000000,-0.000000,0.000000,-0.000000,,,0.000000,0.000000,5.468529,0.000000
local_crowding,context_ext,SEESM w/o Feasibility-Preserving Update,99,9.900,2.200000,-0.350000,0.000000,-0.000000,-0.314592,-0.444000,3.058000,-0.060000,0.420000,child,crossing,distracted,,0.000000,1.000000,4.313375,3.713375,0.380000,0.380000,0.380000,0.380000,0.000000,0.380000,0.000000,3.713375,3.713375,3.333375,3.333375,0.000000,horizon_mpc_secbf,8,3.370287,true,osqp,optimal,25,4.265540,0,3.701995,accept,false,0.000000,-0.000000,0.000000,-0.000000,,,0.000000,0.000000,5.468529,0.000000
local_crowding,context_ext,SEESM w/o Feasibility-Preserving Update,100,10.000,2.200000,-0.350000,0.000000,-0.000000,-0.627977,-0.450000,3.100000,-0.060000,0.420000,child,crossing,distracted,,0.000000,1.000000,4.350287,3.750287,0.380000,0.380000,0.380000,0.380000,0.000000,0.380000,0.000000,3.750287,3.750287,3.370287,3.370287,0.000000,horizon_mpc_secbf,8,3.407300,true,osqp,optimal,25,3.393595,0,3.739918,accept,false,-0.000000,0.000000,-0.000000,-0.000000,,,0.000000,0.000000,5.468529,0.000000
local_crowding,context_ext,SEESM w/o Feasibility-Preserving Update,101,10.100,2.200000,-0.350000,-0.000000,-0.000000,-2.936108,-0.456000,3.142000,-0.060000,0.420000,child,crossing,distracted,,0.000000,1.000000,4.387300,3.787300,0.380000,0.380000,0.380000,0.380000,0.000000,0.380000,0.000000,3.787300,3.787300,3.407300,3.407300,0.000000,horizon_mpc_secbf,8,3.444410,true,osqp,optimal,25,7.474816,0,3.777915,accept,false,0.000000,0.000000,-0.000000,-0.000000,,,0.000000,0.000000,5.468529,0.000000
local_crowding,context_ext,SEESM w/o Feasibility-Preserving Update,102,10.200,2.200000,-0.350000,-0.000000,-0.000000,-2.936108,-0.462000,3.184000,-0.060000,0.420000,child,crossing,distracted,,0.000000,1.000000,4.424410,3.824410,0.380000,0.380000,0.380000,0.380000,0.000000,0.380000,0.000000,3.824410,3.824410,3.444410,3.444410,0.000000,horizon_mpc_secbf,8,3.481614,true,osqp,optimal,25,4.232030,0,3.815985,accept,false,0.000000,0.000000,0.000000,-0.000000,,,0.000000,0.000000,5.468529,0.000000
local_crowding,context_ext,SEESM w/o Feasibility-Preserving Update,103,10.300,2.200000,-0.350000,0.000000,-0.000000,-2.936108,-0.468000,3.226000,-0.060000,0.420000,child,crossing,distracted,,0.000000,1.000000,4.461614,3.861614,0.380000,0.380000,0.380000,0.380000,0.000000,0.380000,0.000000,3.861614,3.861614,3.481614,3.481614,0.000000,horizon_mpc_secbf,8,3.518911,true,osqp,optimal,25,3.831696,0,3.854125,accept,false,0.000000,0.000000,0.000000,-0.000000,,,0.000000,0.000000,5.468529,0.000000
local_crowding,context_ext,SEESM w/o Feasibility-Preserving Update,104,10.400,2.200000,-0.350000,0.000000,-0.000000,-2.936108,-0.474000,3.268000,-0.060000,0.420000,child,crossing,distracted,,0.000000,1.000000,4.498911,3.898911,0.380000,0.380000,0.380000,0.380000,0.000000,0.380000,0.000000,3.898911,3.898911,3.518911,3.518911,0.000000,horizon_mpc_secbf,8,3.556298,true,osqp,optimal,25,2.969336,0,3.892335,accept,false,0.000000,0.000000,0.000000,-0.000000,,,0.000000,0.000000,5.468529,0.000000
local_crowding,context_ext,SEESM w/o Feasibility-Preserving Update,105,10.500,2.200000,-0.350000,0.000000,-0.000000,-2.936108,-0.480000,3.310000,-0.060000,0.420000,child,crossing,distracted,,0.000000,1.000000,4.536298,3.936298,0.380000,0.380000,0.380000,0.380000,0.000000,0.380000,0.000000,3.936298,3.936298,3.556298,3.556298,0.000000,horizon_mpc_secbf,8,3.593773,true,osqp,optimal,25,2.892076,0,3.930612,accept,false,0.000000,0.000000,0.000000,-0.000000,,,0.000000,0.000000,5.468529,0.000000
local_crowding,context_ext,SEESM w/o Feasibility-Preserving Update,106,10.600,2.200000,-0.350000,0.000000,-0.000000,-2.936108,-0.486000,3.352000,-0.060000,0.420000,child,crossing,distracted,,0.000000,1.000000,4.573773,3.973773,0.380000,0.380000,0.380000,0.380000,0.000000,0.380000,0.000000,3.973773,3.973773,3.593773,3.593773,0.000000,horizon_mpc_secbf,8,3.631334,true,osqp,optimal,25,3.203773,0,3.968956,accept,false,0.000000,0.000000,0.000000,-0.000000,,,0.000000,0.000000,5.468529,0.000000
local_crowding,context_ext,SEESM w/o Feasibility-Preserving Update,107,10.700,2.200000,-0.350000,0.000000,-0.000000,-2.936108,-0.492000,3.394000,-0.060000,0.420000,child,crossing,distracted,,0.000000,1.000000,4.611334,4.011334,0.380000,0.380000,0.380000,0.380000,0.000000,0.380000,0.000000,4.011334,4.011334,3.631334,3.631334,0.000000,horizon_mpc_secbf,8,3.668978,true,osqp,optimal,25,2.900050,0,4.007364,accept,false,0.000000,0.000000,0.000000,-0.000000,,,0.000000,0.000000,5.468529,0.000000
local_crowding,context_ext,SEESM w/o Feasibility-Preserving Update,108,10.800,2.200000,-0.350000,0.000000,-0.000000,-2.936108,-0.498000,3.436000,-0.060000,0.420000,child,crossing,distracted,,0.000000,1.000000,4.648978,4.048978,0.380000,0.380000,0.380000,0.380000,0.000000,0.380000,0.000000,4.048978,4.048978,3.668978,3.668978,0.000000,horizon_mpc_secbf,8,3.706705,true,osqp,optimal,25,3.119067,0,4.045835,accept,false,0.000000,0.000000,0.000000,-0.000000,,,0.000000,0.000000,5.468529,0.000000
local_crowding,context_ext,SEESM w/o Feasibility-Preserving Update,109,10.900,2.200000,-0.350000,0.000000,-0.000000,-2.936108,-0.504000,3.478000,-0.060000,0.420000,child,crossing,distracted,,0.000000,1.000000,4.686705,4.086705,0.380000,0.380000,0.380000,0.380000,0.000000,0.380000,0.000000,4.086705,4.086705,3.706705,3.706705,0.000000,horizon_mpc_secbf,8,3.744511,true,osqp,optimal,25,4.330441,0,4.084369,accept,false,0.000000,0.000000,0.000000,-0.000000,,,0.000000,0.000000,5.468529,0.000000
local_crowding,context_ext,SEESM w/o Feasibility-Preserving Update,110,11.000,2.200000,-0.350000,0.000000,-0.000000,-2.936108,-0.510000,3.520000,-0.060000,0.420000,child,crossing,distracted,,0.000000,1.000000,4.724511,4.124511,0.380000,0.380000,0.380000,0.380000,0.000000,0.380000,0.000000,4.124511,4.124511,3.744511,3.744511,0.000000,horizon_mpc_secbf,8,3.782394,true,osqp,optimal,25,4.294425,0,4.122962,accept,false,0.000000,0.000000,0.000000,-0.000000,,,0.000000,0.000000,5.468529,0.000000
local_crowding,context_ext,SEESM w/o Feasibility-Preserving Update,111,11.100,2.200000,-0.350000,0.000000,-0.000000,-2.936108,-0.516000,3.562000,-0.060000,0.420000,child,crossing,distracted,,0.000000,1.000000,4.762394,4.162394,0.380000,0.380000,0.380000,0.380000,0.000000,0.380000,0.000000,4.162394,4.162394,3.782394,3.782394,0.000000,horizon_mpc_secbf,8,3.820354,true,osqp,optimal,25,3.879095,0,4.161615,accept,false,0.000000,0.000000,0.000000,-0.000000,,,0.000000,0.000000,5.468529,0.000000
local_crowding,context_ext,SEESM w/o Feasibility-Preserving Update,112,11.200,2.200000,-0.350000,0.000000,-0.000000,-2.936108,-0.522000,3.604000,-0.060000,0.420000,child,crossing,distracted,,0.000000,1.000000,4.800354,4.200354,0.380000,0.380000,0.380000,0.380000,0.000000,0.380000,0.000000,4.200354,4.200354,3.820354,3.820354,0.000000,horizon_mpc_secbf,8,3.858388,true,osqp,optimal,25,3.037628,0,4.200326,accept,false,0.000000,0.000000,0.000000,-0.000000,,,0.000000,0.000000,5.468529,0.000000
local_crowding,context_ext,SEESM w/o Feasibility-Preserving Update,113,11.300,2.200000,-0.350000,0.000000,-0.000000,-2.936108,-0.528000,3.646000,-0.060000,0.420000,child,crossing,distracted,,0.000000,1.000000,4.838388,4.238388,0.380000,0.380000,0.380000,0.380000,0.000000,0.380000,0.000000,4.238388,4.238388,3.858388,3.858388,0.000000,horizon_mpc_secbf,8,3.896495,true,osqp,optimal,25,2.969862,0,4.239093,accept,false,0.000000,0.000000,0.000000,-0.000000,,,0.000000,0.000000,5.468529,0.000000
local_crowding,context_ext,SEESM w/o Feasibility-Preserving Update,114,11.400,2.200000,-0.350000,0.000000,-0.000000,-2.936108,-0.534000,3.688000,-0.060000,0.420000,child,crossing,distracted,,0.000000,1.000000,4.876495,4.276495,0.380000,0.380000,0.380000,0.380000,0.000000,0.380000,0.000000,4.276495,4.276495,3.896495,3.896495,0.000000,horizon_mpc_secbf,8,3.934672,true,osqp,optimal,25,3.214473,0,4.277916,accept,false,0.000000,0.000000,0.000000,-0.000000,,,0.000000,0.000000,5.468529,0.000000
local_crowding,context_ext,SEESM w/o Feasibility-Preserving Update,115,11.500,2.200000,-0.350000,0.000000,-0.000000,-2.936108,-0.540000,3.730000,-0.060000,0.420000,child,crossing,distracted,,0.000000,1.000000,4.914672,4.314672,0.380000,0.380000,0.380000,0.380000,0.000000,0.380000,0.000000,4.314672,4.314672,3.934672,3.934672,0.000000,horizon_mpc_secbf,8,3.972918,true,osqp,optimal,25,3.522560,0,4.316793,accept,false,0.000000,0.000000,0.000000,-0.000000,,,0.000000,0.000000,5.468529,0.000000
local_crowding,context_ext,SEESM w/o Feasibility-Preserving Update,116,11.600,2.200000,-0.350000,0.000000,-0.000000,-2.936108,-0.546000,3.772000,-0.060000,0.420000,child,crossing,distracted,,0.000000,1.000000,4.952918,4.352918,0.380000,0.380000,0.380000,0.380000,0.000000,0.380000,0.000000,4.352918,4.352918,3.972918,3.972918,0.000000,horizon_mpc_secbf,8,4.011232,true,osqp,optimal,25,3.026654,0,4.355723,accept,false,0.000000,0.000000,0.000000,-0.000000,,,0.000000,0.000000,5.468529,0.000000
local_crowding,context_ext,SEESM w/o Feasibility-Preserving Update,117,11.700,2.200000,-0.350000,0.000000,-0.000000,-2.936108,-0.552000,3.814000,-0.060000,0.420000,child,crossing,distracted,,0.000000,1.000000,4.991232,4.391232,0.380000,0.380000,0.380000,0.380000,0.000000,0.380000,0.000000,4.391232,4.391232,4.011232,4.011232,0.000000,horizon_mpc_secbf,8,4.049612,true,osqp,optimal,25,3.084216,0,4.394705,accept,false,0.000000,0.000000,0.000000,-0.000000,,,0.000000,0.000000,5.468529,0.000000
local_crowding,context_ext,SEESM w/o Feasibility-Preserving Update,118,11.800,2.200000,-0.350000,0.000000,-0.000000,-2.936108,-0.558000,3.856000,-0.060000,0.420000,child,crossing,distracted,,0.000000,1.000000,5.029612,4.429612,0.380000,0.380000,0.380000,0.380000,0.000000,0.380000,0.000000,4.429612,4.429612,4.049612,4.049612,0.000000,horizon_mpc_secbf,8,4.088057,true,osqp,optimal,25,3.690538,0,4.433737,accept,false,0.000000,0.000000,0.000000,-0.000000,,,0.000000,0.000000,5.468529,0.000000
local_crowding,context_ext,SEESM w/o Feasibility-Preserving Update,119,11.900,2.200000,-0.350000,0.000000,-0.000000,-2.936108,-0.564000,3.898000,-0.060000,0.420000,child,crossing,distracted,,0.000000,1.000000,5.068057,4.468057,0.380000,0.380000,0.380000,0.380000,0.000000,0.380000,0.000000,4.468057,4.468057,4.088057,4.088057,0.000000,horizon_mpc_secbf,8,4.126564,true,osqp,optimal,25,3.941594,0,4.472820,accept,false,0.000000,0.000000,0.000000,-0.000000,,,0.000000,0.000000,5.468529,0.000000
local_crowding,context_ext,Proposed MPC-SECBF,0,0.000,-2.200000,-0.350000,0.000000,0.000000,0.000000,0.150000,-1.100000,-0.060000,0.420000,pedestrian,walking,unknown,10.098536,1.000000,1.000000,2.466779,1.866779,0.279000,0.050000,0.279000,0.050000,0.153124,0.203124,0.050000,1.866779,1.713655,1.663655,1.663655,0.000000,horizon_mpc_secbf,8,0.972083,true,osqp,optimal,75,3.444659,0,0.887181,accept,false,0.750000,0.000000,0.621017,0.000000,,,0.621017,0.621017,0.062102,4.400000
local_crowding,context_ext,Proposed MPC-SECBF,1,0.100,-2.137898,-0.350000,0.621017,0.000000,0.000000,0.144000,-1.058000,-0.060000,0.420000,pedestrian,walking,unknown,2.308990,1.000000,1.000000,2.389210,1.789210,0.319584,0.100000,0.319584,0.100000,0.762629,0.862629,0.050000,1.789210,1.026581,0.926581,0.926581,0.000000,horizon_mpc_secbf,8,0.226236,true,osqp,optimal,75,3.188151,0,0.051329,accept,false,0.750000,-0.000000,0.726100,0.000000,,,0.726100,0.105084,0.134712,4.337898
local_crowding,context_ext,Proposed MPC-SECBF,2,0.200,-2.065288,-0.350000,0.726100,0.000000,0.000001,0.138000,-1.016000,-0.060000,0.420000,pedestrian,walking,unknown,1.947079,1.000000,1.000000,2.301746,1.701746,0.320000,0.150000,0.320000,0.150000,0.863366,1.013366,0.050000,1.701746,0.838380,0.688380,0.688380,0.000026,horizon_mpc_secbf,8,-0.000026,true,osqp,optimal,50,2.816625,0,-0.182810,accept,false,0.750000,-0.000000,0.724601,0.004659,,,0.724616,0.004894,0.207173,4.265288
local_crowding,context_ext,Proposed MPC-SECBF,3,0.300,-1.992828,-0.349534,0.724601,0.004659,0.006429,0.132000,-0.974000,-0.060000,0.420000,pedestrian,walking,unknown,1.856227,1.000000,1.000000,2.214690,1.614690,0.320000,0.200000,0.320000,0.200000,0.858246,1.058246,0.050000,1.614690,0.756444,0.556444,0.556444,0.000191,horizon_mpc_secbf,8,-0.000191,true,osqp,optimal,50,3.322338,0,-0.177191,accept,false,0.750000,-0.000083,0.591067,0.032802,,,0.591976,0.136468,0.266371,4.192828
local_crowding,context_ext,Proposed MPC-SECBF,4,0.400,-1.933721,-0.346254,0.591067,0.032802,0.055439,0.126000,-0.932000,-0.060000,0.420000,pedestrian,walking,unknown,2.105296,1.000000,1.000000,2.141390,1.541390,0.320000,0.200000,0.320000,0.200000,0.718811,0.918811,0.000000,1.541390,0.822579,0.622579,0.622579,0.000097,horizon_mpc_secbf,8,-0.000097,true,osqp,optimal,50,3.467096,0,-0.163497,fallback,true,0.750000,-0.000680,0.643737,0.020509,,,0.644063,0.054085,0.330777,4.133723
local_crowding,context_ext,Proposed MPC-SECBF,5,0.500,-1.869348,-0.344203,0.643737,0.020509,0.031849,0.120000,-0.890000,-0.060000,0.420000,pedestrian,walking,unknown,1.865049,1.000000,1.000000,2.062862,1.462862,0.320000,0.200000,0.320000,0.200000,0.768952,0.968952,0.000000,1.462862,0.693909,0.493909,0.493909,0.000257,horizon_mpc_secbf,8,-0.000258,true,osqp,optimal,50,3.635881,0,-0.167305,fallback,true,0.749999,-0.001068,0.521986,0.041191,,,0.523608,0.123495,0.383138,4.069352
local_crowding,context_ext,Proposed MPC-SECBF,6,0.600,-1.817149,-0.340084,0.521986,0.041191,0.078748,0.114000,-0.848000,-0.060000,0.420000,pedestrian,walking,unknown,2.118978,1.000000,1.000000,1.996827,1.396827,0.320000,0.200000,0.320000,0.200000,0.641500,0.841500,0.000000,1.396827,0.755327,0.555327,0.555327,0.000169,horizon_mpc_secbf,8,-0.000169,true,osqp,optimal,50,4.175439,0,-0.155569,fallback,true,0.749998,-0.001851,0.572559,0.029567,,,0.573322,0.051892,0.440470,4.017162
local_crowding,context_ext,Proposed MPC-SECBF,7,0.700,-1.759893,-0.337127,0.572559,0.029567,0.051595,0.108000,-0.806000,-0.060000,0.420000,pedestrian,walking,unknown,1.871121,1.000000,1.000000,1.925842,1.325842,0.320000,0.200000,0.320000,0.200000,0.688020,0.888020,0.000000,1.325842,0.637822,0.437822,0.437822,0.000314,horizon_mpc_secbf,8,-0.000314,true,osqp,optimal,50,4.231937,0,-0.159471,fallback,true,0.749996,-0.002438,0.462258,0.045962,,,0.464537,0.111513,0.486924,3.959914
local_crowding,context_ext,Proposed MPC-SECBF,8,0.800,-1.713668,-0.332531,0.462258,0.045962,0.099103,0.102000,-0.764000,-0.060000,0.420000,pedestrian,walking,unknown,2.129603,1.000000,1.000000,1.866230,1.266230,0.320000,0.200000,0.320000,0.200000,0.571546,0.771546,0.000000,1.266230,0.694684,0.494684,0.494684,0.000232,horizon_mpc_secbf,8,-0.000232,true,osqp,optimal,50,4.249111,0,-0.147623,fallback,true,0.749993,-0.003348,0.510386,0.041072,,,0.512035,0.048376,0.538128,3.913707
local_crowding,context_ext,Proposed MPC-SECBF,9,0.900,-1.662629,-0.328424,0.510386,0.041072,0.080300,0.096000,-0.722000,-0.060000,0.420000,child,crossing,distracted,1.880174,1.000000,1.000000,1.802132,1.202132,0.724240,0.200000,0.724240,0.200000,0.613798,0.813798,0.000000,1.202132,0.588334,0.388334,0.388334,0.000362,horizon_mpc_secbf,8,-0.000362,true,osqp,optimal,50,3.530335,0,-0.148462,fallback,true,0.749988,-0.004189,0.410906,0.064596,,,0.415953,0.102223,0.579723,3.862689
local_crowding,context_ext,Proposed MPC-SECBF,10,1.000,-1.621538,-0.321964,0.410906,0.064596,0.155929,0.090000,-0.680000,-0.060000,0.420000,child,crossing,distracted,2.152116,1.000000,1.000000,1.748586,1.148586,0.708943,0.200000,0.708943,0.200000,0.507951,0.707951,0.000000,1.148586,0.640635,0.440635,0.440635,0.000286,horizon_mpc_secbf,8,-0.000286,true,osqp,optimal,50,2.805197,0,-0.135967,fallback,true,0.749980,-0.005502,0.455653,0.067586,,,0.460639,0.044847,0.625787,3.821641
local_crowding,context_ext,Proposed MPC-SECBF,11,1.100,-1.575973,-0.315206,0.455653,0.067586,0.147254,0.084000,-0.638000,-0.060000,0.420000,child,crossing,distracted,1.902664,1.000000,1.000000,1.691067,1.091067,0.722975,0.200000,0.722975,0.200000,0.546364,0.746364,0.000000,1.091067,0.544703,0.344703,0.344703,0.000403,horizon_mpc_secbf,8,-0.000403,true,osqp,optimal,50,3.339630,0,-0.136722,fallback,true,0.749968,-0.006911,0.365504,0.083942,,,0.375019,0.091621,0.663289,3.776133
local_crowding,context_ext,Proposed MPC-SECBF,12,1.200,-1.539423,-0.306811,0.365504,0.083942,0.225746,0.078000,-0.596000,-0.060000,0.420000,child,crossing,distracted,2.182117,1.000000,1.000000,1.643072,1.043072,0.707256,0.200000,0.707256,0.200000,0.450232,0.650232,0.000000,1.043072,0.592840,0.392840,0.392840,0.000332,horizon_mpc_secbf,8,-0.000332,true,osqp,optimal,50,3.874183,0,-0.125562,fallback,true,0.749950,-0.008662,0.407053,0.084938,,,0.415821,0.041561,0.704871,3.739672
local_crowding,context_ext,Proposed MPC-SECBF,13,1.300,-1.498717,-0.298318,0.407053,0.084938,0.205715,0.072000,-0.554000,-0.060000,0.420000,child,crossing,distracted,1.925710,1.000000,1.000000,1.591391,0.991391,0.721679,0.200000,0.721679,0.200000,0.484876,0.684876,0.000000,0.991391,0.506515,0.306515,0.306515,0.000437,horizon_mpc_secbf,8,-0.000437,true,osqp,optimal,50,3.237827,0,-0.126736,fallback,true,0.749927,-0.010479,0.326057,0.092322,,,0.338875,0.081332,0.738758,3.699078
local_crowding,context_ext,Proposed MPC-SECBF,14,1.400,-1.466112,-0.289085,0.326057,0.092322,0.275925,0.066000,-0.512000,-0.060000,0.420000,child,crossing,distracted,2.209260,1.000000,1.000000,1.548243,0.948243,0.705729,0.200000,0.705729,0.200000,0.397410,0.597410,0.000000,0.948243,0.550833,0.350833,0.350833,0.000372,horizon_mpc_secbf,8,-0.000372,true,osqp,optimal,50,3.107862,0,-0.117055,fallback,true,0.749896,-0.012460,0.365301,0.090856,,,0.376430,0.039272,0.776401,3.666618
local_crowding,context_ext,Proposed MPC-SECBF,15,1.500,-1.429582,-0.280000,0.365301,0.090856,0.243768,0.060000,-0.470000,-0.060000,0.420000,child,crossing,distracted,1.945186,1.000000,1.000000,1.501650,0.901650,0.720583,0.200000,0.720583,0.200000,0.428313,0.628313,0.000000,0.901650,0.473338,0.273338,0.273338,0.000465,horizon_mpc_secbf,8,-0.000465,true,osqp,optimal,50,4.151039,0,-0.119012,fallback,true,0.749861,-0.014462,0.293768,0.088929,,,0.306933,0.071559,0.807095,3.630257
local_crowding,context_ext,Proposed MPC-SECBF,16,1.600,-1.400205,-0.271107,0.293768,0.088929,0.293949,0.054000,-0.428000,-0.060000,0.420000,child,crossing,distracted,2.227674,1.000000,1.000000,1.462644,0.862644,0.704693,0.200000,0.704693,0.200000,0.348508,0.548508,0.000000,0.862644,0.514136,0.314136,0.314136,0.000403,horizon_mpc_secbf,8,-0.000403,true,osqp,optimal,50,4.476889,0,-0.111057,fallback,true,0.749820,-0.016431,0.331904,0.084818,,,0.342570,0.038356,0.841352,3.601069
local_crowding,context_ext,Proposed MPC-SECBF,17,1.700,-1.367014,-0.262625,0.331904,0.084818,0.250197,0.048000,-0.386000,-0.060000,0.420000,child,crossing,distracted,1.955451,1.000000,1.000000,1.420383,0.820383,0.720006,0.200000,0.720006,0.200000,0.375578,0.575578,0.000000,0.820383,0.444805,0.244805,0.244805,0.000485,horizon_mpc_secbf,8,-0.000485,true,osqp,optimal,50,3.950733,0,-0.114381,fallback,true,0.749775,-0.018366,0.270802,0.073247,,,0.280533,0.062187,0.869405,3.568084
local_crowding,context_ext,Proposed MPC-SECBF,18,1.800,-1.339934,-0.255300,0.270802,0.073247,0.264162,0.042000,-0.344000,-0.060000,0.420000,child,crossing,distracted,2.227373,1.000000,1.000000,1.384778,0.784778,0.704710,0.200000,0.704710,0.200000,0.302433,0.502433,0.000000,0.784778,0.482345,0.282345,0.282345,0.000426,horizon_mpc_secbf,8,-0.000426,true,osqp,optimal,50,3.387931,0,-0.108627,fallback,true,0.749732,-0.020057,0.309515,0.066515,,,0.316582,0.039294,0.901063,3.541201
local_crowding,context_ext,Proposed MPC-SECBF,19,1.900,-1.308983,-0.248649,0.309515,0.066515,0.211680,0.036000,-0.302000,-0.060000,0.420000,child,crossing,distracted,1.946689,1.000000,1.000000,1.346040,0.746040,0.720499,0.200000,0.720499,0.200000,0.325444,0.525444,0.000000,0.746040,0.420597,0.220597,0.220597,0.000496,horizon_mpc_secbf,8,-0.000496,true,osqp,optimal,50,3.258355,0,-0.114232,fallback,true,0.749687,-0.021653,0.260725,0.045285,,,0.264628,0.053209,0.927526,3.510446
local_crowding,context_ext,Proposed MPC-SECBF,20,2.000,-1.282910,-0.244120,0.260725,0.045285,0.171973,0.030000,-0.260000,-0.060000,0.420000,child,crossing,distracted,2.192294,1.000000,1.000000,1.313006,0.713006,0.706683,0.200000,0.706683,0.200000,0.257926,0.457926,0.000000,0.713006,0.455081,0.255081,0.255081,0.000240,horizon_mpc_secbf,8,-0.000200,true,osqp,optimal,50,3.486818,0,-0.299674,fallback,true,0.749654,-0.022789,0.486811,-0.259974,,,0.551880,0.379866,0.982714,3.484519
local_crowding,context_ext,Proposed MPC-SECBF,21,2.100,-1.234229,-0.270118,0.486811,-0.259974,-0.490503,0.024000,-0.218000,-0.060000,0.420000,child,crossing,distracted,1.272301,1.000000,1.000000,1.259308,0.659308,0.750000,0.200000,0.750000,0.200000,0.238488,0.438488,0.000000,0.659308,0.420820,0.220820,0.220820,0.000125,horizon_mpc_secbf,8,-0.000073,true,osqp,optimal,50,3.786565,0,-0.347864,fallback,true,0.749797,-0.017441,0.539897,-0.318743,,,0.626965,0.079195,1.045410,3.435158
local_crowding,context_ext,Proposed MPC-SECBF,22,2.200,-1.180239,-0.301992,0.539897,-0.318743,-0.533314,0.018000,-0.176000,-0.060000,0.420000,child,crossing,distracted,1.164605,1.000000,1.000000,1.204845,0.604845,0.750000,0.200000,0.750000,0.200000,0.153284,0.353284,0.000000,0.604845,0.451561,0.251561,0.251561,0.000076,horizon_mpc_secbf,8,-0.000076,true,osqp,optimal,50,4.342680,0,-0.365139,fallback,true,0.749924,-0.010651,0.632954,-0.272149,,,0.688982,0.104070,1.114308,3.380580
local_crowding,context_ext,Proposed MPC-SECBF,23,2.300,-1.116944,-0.329207,0.632954,-0.272149,-0.406070,0.012000,-0.134000,-0.060000,0.420000,child,crossing,distracted,0.966021,1.000000,1.000000,1.145697,0.545697,0.750000,0.200000,0.750000,0.200000,0.157016,0.357016,0.000000,0.545697,0.388680,0.188680,0.188680,0.000072,horizon_mpc_secbf,8,-0.000068,true,osqp,optimal,50,3.534299,0,-0.379862,fallback,true,0.749985,-0.004701,0.638211,-0.280699,,,0.697212,0.010036,1.184030,3.317009
local_crowding,context_ext,Proposed MPC-SECBF,24,2.400,-1.053123,-0.357277,0.638211,-0.280699,-0.414358,0.006000,-0.092000,-0.060000,0.420000,child,crossing,distracted,0.970011,1.000000,1.000000,1.091839,0.491839,0.750000,0.200000,0.750000,0.200000,0.060643,0.260643,0.000000,0.491839,0.431197,0.231197,0.231197,0.000000,horizon_mpc_secbf,8,0.033791,true,osqp,optimal,50,4.703493,0,-0.355194,fallback,true,0.749998,0.001678,0.704845,-0.220162,,,0.738429,0.090027,1.257873,3.253131
local_crowding,context_ext,Proposed MPC-SECBF,25,2.500,-0.982639,-0.379293,0.704845,-0.220162,-0.302753,0.000000,-0.050000,-0.060000,0.420000,child,crossing,distracted,0.836232,1.000000,1.000000,1.036346,0.436346,0.750000,0.200000,0.750000,0.200000,0.042727,0.242727,0.000000,0.436346,0.393619,0.193619,0.193619,0.000000,horizon_mpc_secbf,8,0.047742,true,osqp,optimal,50,3.771355,0,-0.333527,fallback,true,0.749968,0.006903,0.708033,-0.212853,,,0.739336,0.007974,1.331806,3.182773
local_crowding,context_ext,Proposed MPC-SECBF,26,2.600,-0.911835,-0.400578,0.708033,-0.212853,-0.292031,-0.006000,-0.008000,-0.060000,0.420000,child,crossing,distracted,0.854764,1.000000,1.000000,0.987246,0.387246,0.750000,0.200000,0.750000,0.200000,0.000000,0.200000,0.000000,0.387246,0.434650,0.234650,0.187246,0.000000,horizon_mpc_secbf,8,0.087250,true,osqp,optimal,50,3.191630,0,-0.263693,fallback,true,0.749901,0.012189,0.706911,-0.215559,,,0.739046,0.002929,1.405711,3.112246
local_crowding,context_ext,Proposed MPC-SECBF,27,2.700,-0.841144,-0.422134,0.706911,-0.215559,-0.295975,-0.012000,0.034000,-0.060000,0.420000,child,crossing,distracted,0.947286,1.000000,1.000000,0.946329,0.346329,0.750000,0.200000,0.750000,0.200000,0.000000,0.200000,0.000000,0.346329,0.493466,0.293466,0.146329,0.000000,horizon_mpc_secbf,8,0.084695,true,osqp,optimal,50,3.093119,0,-0.217288,fallback,true,0.749789,0.017785,0.705937,-0.217906,,,0.738803,0.002541,1.479591,3.042000
local_crowding,context_ext,Proposed MPC-SECBF,28,2.800,-0.770550,-0.443925,0.705937,-0.217906,-0.299398,-0.018000,0.076000,-0.060000,0.420000,child,crossing,distracted,1.176097,1.000000,1.000000,0.914688,0.314688,0.750000,0.200000,0.750000,0.200000,0.000000,0.200000,0.000000,0.314688,0.557909,0.357909,0.114688,0.000000,horizon_mpc_secbf,8,0.082927,true,osqp,optimal,50,3.235473,0,-0.152851,fallback,true,0.749625,0.023702,0.705923,-0.217939,,,0.738799,0.000036,1.553471,2.972035
local_crowding,context_ext,Proposed MPC-SECBF,29,2.900,-0.699958,-0.465719,0.705923,-0.217939,-0.299446,-0.024000,0.118000,-0.060000,0.420000,child,crossing,distracted,1.800978,1.000000,1.000000,0.893111,0.293111,0.728695,0.200000,0.728695,0.200000,0.000000,0.200000,0.000000,0.293111,0.624966,0.424966,0.093111,0.000000,horizon_mpc_secbf,8,0.082063,true,osqp,optimal,50,3.694786,0,-0.072220,fallback,true,0.749404,0.029904,0.707028,-0.215271,,,0.739074,0.002888,1.627378,2.902266
local_crowding,context_ext,Proposed MPC-SECBF,30,3.000,-0.629255,-0.487246,0.707028,-0.215271,-0.295556,-0.030000,0.160000,-0.060000,0.420000,child,crossing,distracted,5.133117,1.000000,1.000000,0.882063,0.282063,0.605000,0.200000,0.605000,0.200000,0.000000,0.200000,0.000000,0.282063,0.693444,0.493444,0.082063,0.000000,horizon_mpc_secbf,8,0.081622,true,osqp,optimal,50,3.180684,0,0.021628,fallback,true,0.749119,0.036339,0.709266,-0.209869,,,0.739664,0.005848,1.701345,2.832582
local_crowding,context_ext,Proposed MPC-SECBF,31,3.100,-0.558329,-0.508233,0.709266,-0.209869,-0.287687,-0.036000,0.202000,-0.060000,0.420000,child,crossing,distracted,,0.000000,1.000000,0.881622,0.281622,0.380000,0.231622,0.380000,0.231622,0.000000,0.231622,0.031622,0.281622,0.281622,0.050000,0.050000,0.000000,horizon_mpc_secbf,8,0.059845,true,osqp,optimal,50,3.182457,0,0.093217,project,true,0.748769,0.042953,0.712593,-0.201836,,,0.740626,0.008694,1.775407,2.762864
local_crowding,context_ext,Proposed MPC-SECBF,32,3.200,-0.487069,-0.528416,0.712593,-0.201836,-0.276012,-0.042000,0.244000,-0.060000,0.420000,child,crossing,distracted,,0.000000,1.000000,0.891467,0.291467,0.380000,0.231622,0.380000,0.231622,0.000000,0.231622,0.000000,0.291467,0.291467,0.059845,0.059845,0.000000,horizon_mpc_secbf,8,0.079298,true,osqp,optimal,50,3.196448,0,0.201683,fallback,true,0.748352,0.049689,0.716929,-0.191369,,,0.742031,0.011330,1.849611,2.692986
local_crowding,context_ext,Proposed MPC-SECBF,33,3.300,-0.415377,-0.547553,0.716929,-0.191369,-0.260846,-0.048000,0.286000,-0.060000,0.420000,child,crossing,distracted,,0.000000,1.000000,0.910921,0.310921,0.380000,0.231622,0.380000,0.231622,0.000000,0.231622,0.000000,0.310921,0.310921,0.079298,0.079298,0.000000,horizon_mpc_secbf,8,0.107432,true,osqp,optimal,50,4.637574,0,0.311720,fallback,true,0.747870,0.056491,0.722167,-0.178723,,,0.743954,0.013688,1.924006,2.622827
local_crowding,context_ext,Proposed MPC-SECBF,34,3.400,-0.343160,-0.565426,0.722167,-0.178723,-0.242607,-0.054000,0.328000,-0.060000,0.420000,child,crossing,distracted,,0.000000,1.000000,0.939054,0.339054,0.380000,0.231622,0.380000,0.231622,0.000000,0.231622,0.000000,0.339054,0.339054,0.107432,0.107432,0.000000,horizon_mpc_secbf,8,0.143186,true,osqp,optimal,50,3.979102,0,0.420535,fallback,true,0.747324,0.063304,0.728186,-0.164192,,,0.746468,0.015728,1.998653,2.552268
local_crowding,context_ext,Proposed MPC-SECBF,35,3.500,-0.270341,-0.581845,0.728186,-0.164192,-0.221772,-0.060000,0.370000,-0.060000,0.420000,child,crossing,distracted,,0.000000,1.000000,0.974809,0.374809,0.380000,0.231622,0.380000,0.231622,0.000000,0.231622,0.000000,0.374809,0.374809,0.143186,0.143186,0.000000,horizon_mpc_secbf,8,0.185478,true,osqp,optimal,50,3.458964,0,0.526359,fallback,true,0.746719,0.070081,0.734382,-0.147961,,,0.749140,0.017373,2.073567,2.481197
local_crowding,context_ext,Proposed MPC-SECBF,36,3.600,-0.196903,-0.596641,0.734382,-0.147961,-0.198816,-0.066000,0.412000,-0.060000,0.420000,child,crossing,distracted,,0.000000,1.000000,1.017100,0.417100,0.380000,0.231622,0.380000,0.231622,0.000000,0.231622,0.000000,0.417100,0.417100,0.185478,0.185478,0.000000,horizon_mpc_secbf,8,0.233180,true,osqp,optimal,50,3.751722,0,0.627747,fallback,true,0.746061,0.076770,0.735591,-0.129231,,,0.746857,0.018769,2.148252,2.409559
local_crowding,context_ext,Proposed MPC-SECBF,37,3.700,-0.123344,-0.609564,0.735591,-0.129231,-0.173909,-0.072000,0.454000,-0.060000,0.420000,child,crossing,distracted,,0.000000,1.000000,1.064803,0.464803,0.380000,0.231622,0.380000,0.231622,0.000000,0.231622,0.000000,0.464803,0.464803,0.233180,0.233180,0.000000,horizon_mpc_secbf,8,0.285209,true,osqp,optimal,50,3.442184,0,0.723305,fallback,true,0.745363,0.083272,0.735593,-0.109103,,,0.743640,0.020128,2.222616,2.337798
local_crowding,context_ext,Proposed MPC-SECBF,38,3.800,-0.049785,-0.620474,0.735593,-0.109103,-0.147247,-0.078000,0.496000,-0.060000,0.420000,child,crossing,distracted,,0.000000,1.000000,1.116831,0.516831,0.380000,0.231622,0.380000,0.231622,0.000000,0.231622,0.000000,0.516831,0.516831,0.285209,0.285209,0.000000,horizon_mpc_secbf,8,0.340619,true,osqp,optimal,50,3.987660,0,0.813163,fallback,true,0.744638,0.089522,0.735594,-0.088017,,,0.740841,0.021086,2.296700,2.265985
local_crowding,context_ext,Proposed MPC-SECBF,39,3.900,0.023775,-0.629276,0.735594,-0.088017,-0.119089,-0.084000,0.538000,-0.060000,0.420000,child,crossing,distracted,,0.000000,1.000000,1.172241,0.572241,0.380000,0.231622,0.380000,0.231622,0.000000,0.231622,0.000000,0.572241,0.572241,0.340619,0.340619,0.000000,horizon_mpc_secbf,8,0.398627,true,osqp,optimal,50,3.387393,0,0.897975,fallback,true,0.743899,0.095465,0.735594,-0.066270,,,0.738573,0.021748,2.370558,2.194072
local_crowding,context_ext,Proposed MPC-SECBF,40,4.000,0.097334,-0.635903,0.735594,-0.066270,-0.089847,-0.090000,0.580000,-0.060000,0.420000,child,crossing,distracted,,0.000000,1.000000,1.230250,0.630250,0.380000,0.231622,0.380000,0.231622,0.000000,0.231622,0.000000,0.630250,0.630250,0.398627,0.398627,0.000000,horizon_mpc_secbf,8,0.458598,true,osqp,optimal,50,3.450467,0,0.978472,fallback,true,0.743162,0.101049,0.735594,-0.044109,,,0.736915,0.022161,2.444249,2.122014
local_crowding,context_ext,Proposed MPC-SECBF,41,4.100,0.170894,-0.640314,0.735594,-0.044109,-0.059892,-0.096000,0.622000,-0.060000,0.420000,child,crossing,distracted,,0.000000,1.000000,1.290220,0.690220,0.380000,0.231622,0.380000,0.231622,0.000000,0.231622,0.000000,0.690220,0.690220,0.458598,0.458598,0.000000,horizon_mpc_secbf,8,0.520022,true,osqp,optimal,50,5.263117,0,1.055372,fallback,true,0.742439,0.106224,0.735594,-0.021753,,,0.735916,0.022356,2.517841,2.049769
local_crowding,context_ext,Proposed MPC-SECBF,42,4.200,0.244453,-0.642489,0.735594,-0.021753,-0.029563,-0.102000,0.664000,-0.060000,0.420000,child,crossing,distracted,,0.000000,1.000000,1.351645,0.751645,0.380000,0.231622,0.380000,0.231622,0.000000,0.231622,0.000000,0.751645,0.751645,0.520022,0.520022,0.000000,horizon_mpc_secbf,8,0.582502,true,osqp,optimal,50,3.672424,0,1.129333,fallback,true,0.741749,0.110943,0.735593,0.000604,,,0.735594,0.022357,2.591400,1.977300
local_crowding,context_ext,Proposed MPC-SECBF,43,4.300,0.318012,-0.642429,0.735593,0.000604,0.000822,-0.108000,0.706000,-0.060000,0.420000,child,crossing,distracted,,0.000000,1.000000,1.414124,0.814124,0.380000,0.231622,0.380000,0.231622,0.000000,0.231622,0.000000,0.814124,0.814124,0.582502,0.582502,0.000000,horizon_mpc_secbf,8,0.645728,true,osqp,optimal,50,3.026488,0,1.200937,fallback,true,0.741107,0.115155,0.735592,0.022789,,,0.735945,0.022184,2.664995,1.904571
local_crowding,context_ext,Proposed MPC-SECBF,44,4.400,0.391572,-0.640150,0.735592,0.022789,0.030970,-0.114000,0.748000,-0.060000,0.420000,child,crossing,distracted,,0.000000,1.000000,1.477350,0.877350,0.380000,0.231622,0.380000,0.231622,0.000000,0.231622,0.000000,0.877350,0.877350,0.645728,0.645728,0.000000,horizon_mpc_secbf,8,0.709467,true,osqp,optimal,75,3.156382,0,1.270683,fallback,true,0.740529,0.118813,0.735589,0.044644,,,0.736943,0.021855,2.738689,1.831557
local_crowding,context_ext,Proposed MPC-SECBF,45,4.500,0.465130,-0.635686,0.735589,0.044644,0.060617,-0.120000,0.790000,-0.060000,0.420000,child,crossing,distracted,,0.000000,1.000000,1.541090,0.941090,0.380000,0.231622,0.380000,0.231622,0.000000,0.231622,0.000000,0.941090,0.941090,0.709467,0.709467,0.000000,horizon_mpc_secbf,8,0.773549,true,osqp,optimal,75,3.803017,0,1.339012,fallback,true,0.740033,0.121863,0.735589,0.066021,,,0.738546,0.021378,2.812544,1.758234
local_crowding,context_ext,Proposed MPC-SECBF,46,4.600,0.538689,-0.629083,0.735589,0.066021,0.089513,-0.126000,0.832000,-0.060000,0.420000,child,crossing,distracted,,0.000000,1.000000,1.605172,1.005172,0.380000,0.231622,0.380000,0.231622,0.000000,0.231622,0.000000,1.005172,1.005172,0.773549,0.773549,0.000000,horizon_mpc_secbf,8,0.837858,true,osqp,optimal,75,3.846875,0,1.406339,fallback,true,0.739636,0.124251,0.735589,0.086743,,,0.740686,0.020721,2.886612,1.684589
local_crowding,context_ext,Proposed MPC-SECBF,47,4.700,0.612248,-0.620409,0.735589,0.086743,0.117381,-0.132000,0.874000,-0.060000,0.420000,child,crossing,distracted,,0.000000,1.000000,1.669480,1.069480,0.380000,0.231622,0.380000,0.231622,0.000000,0.231622,0.000000,1.069480,1.069480,0.837858,0.837858,0.000000,horizon_mpc_secbf,8,0.902343,true,osqp,optimal,75,3.318190,0,1.473257,fallback,true,0.739354,0.125919,0.735589,0.106385,,,0.743243,0.019642,2.960936,1.610614
local_crowding,context_ext,Proposed MPC-SECBF,48,4.800,0.685807,-0.609771,0.735589,0.106385,0.143629,-0.138000,0.916000,-0.060000,0.420000,child,crossing,distracted,,0.000000,1.000000,1.733965,1.133965,0.380000,0.231622,0.380000,0.231622,0.000000,0.231622,0.000000,1.133965,1.133965,0.902343,0.902343,0.000000,horizon_mpc_secbf,8,0.967139,true,osqp,optimal,75,3.298263,0,1.541623,fallback,true,0.739201,0.126815,0.735589,0.123050,,,0.745810,0.016665,3.035517,1.536314
local_crowding,context_ext,Proposed MPC-SECBF,49,4.900,0.759366,-0.597466,0.735589,0.123050,0.165747,-0.144000,0.958000,-0.060000,0.420000,child,crossing,distracted,,0.000000,1.000000,1.798762,1.198762,0.380000,0.231622,0.380000,0.231622,0.000000,0.231622,0.000000,1.198762,1.198762,0.967139,0.967139,0.000000,horizon_mpc_secbf,8,1.033276,true,osqp,optimal,75,4.108255,0,1.620672,fallback,true,0.739174,0.126972,0.735589,0.126299,,,0.746353,0.003249,3.110153,1.461734
local_crowding,context_ext,Proposed MPC-SECBF,50,5.000,0.832925,-0.584836,0.735589,0.126299,0.170040,-0.150000,1.000000,-0.060000,0.420000,child,crossing,distracted,,0.000000,1.000000,1.864898,1.264898,0.380000,0.231622,0.380000,0.231622,0.000000,0.231622,0.000000,1.264898,1.264898,1.033276,1.033276,0.000000,horizon_mpc_secbf,8,1.100825,true,osqp,optimal,75,3.864954,0,1.701723,fallback,true,0.739173,0.126975,0.735590,0.126859,,,0.746448,0.000560,3.184798,1.387098
local_crowding,context_ext,Proposed MPC-SECBF,51,5.100,0.906484,-0.572150,0.735590,0.126859,0.170779,-0.156000,1.042000,-0.060000,0.420000,child,crossing,distracted,,0.000000,1.000000,1.932447,1.332447,0.380000,0.231622,0.380000,0.231622,0.000000,0.231622,0.000000,1.332447,1.332447,1.100825,1.100825,0.000000,horizon_mpc_secbf,8,1.169680,true,osqp,optimal,75,3.598455,0,1.783046,fallback,true,0.739178,0.126947,0.735590,0.126932,,,0.746461,0.000073,3.259444,1.312453
local_crowding,context_ext,Proposed MPC-SECBF,52,5.200,0.980043,-0.559457,0.735590,0.126932,0.170876,-0.162000,1.084000,-0.060000,0.420000,child,crossing,distracted,,0.000000,1.000000,2.001303,1.401303,0.380000,0.231622,0.380000,0.231622,0.000000,0.231622,0.000000,1.401303,1.401303,1.169680,1.169680,0.000000,horizon_mpc_secbf,8,1.239719,true,osqp,optimal,75,3.036671,0,1.864362,fallback,true,0.739184,0.126912,0.735590,0.126916,,,0.746458,0.000017,3.334090,1.237807
local_crowding,context_ext,Proposed MPC-SECBF,53,5.300,1.053602,-0.546765,0.735590,0.126916,0.170854,-0.168000,1.126000,-0.060000,0.420000,child,crossing,distracted,,0.000000,1.000000,2.071341,1.471341,0.380000,0.231622,0.380000,0.231622,0.000000,0.231622,0.000000,1.471341,1.471341,1.239719,1.239719,0.000000,horizon_mpc_secbf,8,1.310826,true,osqp,optimal,75,3.205100,0,1.945645,fallback,true,0.739191,0.126873,0.735590,0.126881,,,0.746453,0.000035,3.408735,1.163161
local_crowding,context_ext,Proposed MPC-SECBF,54,5.400,1.127161,-0.534077,0.735590,0.126881,0.170808,-0.174000,1.168000,-0.060000,0.420000,child,crossing,distracted,,0.000000,1.000000,2.142449,1.542449,0.380000,0.231622,0.380000,0.231622,0.000000,0.231622,0.000000,1.542449,1.542449,1.310826,1.310826,0.000000,horizon_mpc_secbf,8,1.382900,true,osqp,optimal,75,3.401293,0,2.026909,fallback,true,0.739198,0.126831,0.735590,0.126841,,,0.746446,0.000040,3.483379,1.088516
local_crowding,context_ext,Proposed MPC-SECBF,55,5.500,1.200720,-0.521393,0.735590,0.126841,0.170755,-0.180000,1.210000,-0.060000,0.420000,child,crossing,distracted,,0.000000,1.000000,2.214522,1.614522,0.380000,0.231622,0.380000,0.231622,0.000000,0.231622,0.000000,1.614522,1.614522,1.382900,1.382900,0.000000,horizon_mpc_secbf,8,1.455849,true,osqp,optimal,75,3.329529,0,2.108175,fallback,true,0.739206,0.126786,0.735591,0.126797,,,0.746439,0.000044,3.558023,1.013872
local_crowding,context_ext,Proposed MPC-SECBF,56,5.600,1.274279,-0.508713,0.735591,0.126797,0.170697,-0.186000,1.252000,-0.060000,0.420000,child,crossing,distracted,,0.000000,1.000000,2.287472,1.687472,0.380000,0.231622,0.380000,0.231622,0.000000,0.231622,0.000000,1.687472,1.687472,1.455849,1.455849,0.000000,horizon_mpc_secbf,8,1.529593,true,osqp,optimal,75,4.517694,0,2.189461,fallback,true,0.739214,0.126737,0.735591,0.126749,,,0.746431,0.000048,3.632666,0.939228
local_crowding,context_ext,Proposed MPC-SECBF,57,5.700,1.347838,-0.496038,0.735591,0.126749,0.170633,-0.192000,1.294000,-0.060000,0.420000,child,crossing,distracted,,0.000000,1.000000,2.361216,1.761216,0.380000,0.231622,0.380000,0.231622,0.000000,0.231622,0.000000,1.761216,1.761216,1.529593,1.529593,0.000000,horizon_mpc_secbf,8,1.604060,true,osqp,optimal,75,4.192332,0,2.270782,fallback,true,0.739223,0.126684,0.735591,0.126696,,,0.746422,0.000052,3.707309,0.864585
local_crowding,context_ext,Proposed MPC-SECBF,58,5.800,1.421397,-0.483369,0.735591,0.126696,0.170564,-0.198000,1.336000,-0.060000,0.420000,child,crossing,distracted,,0.000000,1.000000,2.435683,1.835683,0.380000,0.231622,0.380000,0.231622,0.000000,0.231622,0.000000,1.835683,1.835683,1.604060,1.604060,0.000000,horizon_mpc_secbf,8,1.679187,true,osqp,optimal,75,4.395779,0,2.352151,fallback,true,0.739233,0.126625,0.735591,0.126639,,,0.746413,0.000058,3.781950,0.789943
local_crowding,context_ext,Proposed MPC-SECBF,59,5.900,1.494957,-0.470705,0.735591,0.126639,0.170488,-0.204000,1.378000,-0.060000,0.420000,child,crossing,distracted,,0.000000,1.000000,2.510809,1.910809,0.380000,0.231622,0.380000,0.231622,0.000000,0.231622,0.000000,1.910809,1.910809,1.679187,1.679187,0.000000,horizon_mpc_secbf,8,1.754916,true,osqp,optimal,75,3.546798,0,2.433578,fallback,true,0.739245,0.126560,0.735592,0.126575,,,0.746402,0.000064,3.856590,0.715301
local_crowding,context_ext,Proposed MPC-SECBF,60,6.000,1.568516,-0.458047,0.735592,0.126575,0.170403,-0.210000,1.420000,-0.060000,0.420000,child,crossing,distracted,,0.000000,1.000000,2.586538,1.986538,0.380000,0.231622,0.380000,0.231622,0.000000,0.231622,0.000000,1.986538,1.986538,1.754916,1.754916,0.000000,horizon_mpc_secbf,8,1.831197,true,osqp,optimal,75,3.200325,0,2.515072,fallback,true,0.739257,0.126487,0.735592,0.126503,,,0.746390,0.000072,3.931229,0.640661
local_crowding,context_ext,Proposed MPC-SECBF,61,6.100,1.642075,-0.445397,0.735592,0.126503,0.170309,-0.216000,1.462000,-0.060000,0.420000,child,crossing,distracted,,0.000000,1.000000,2.662819,2.062819,0.380000,0.231622,0.380000,0.231622,0.000000,0.231622,0.000000,2.062819,2.062819,1.831197,1.831197,0.000000,horizon_mpc_secbf,8,1.907984,true,osqp,optimal,75,3.130778,0,2.596641,fallback,true,0.739271,0.126404,0.735592,0.126422,,,0.746377,0.000081,4.005867,0.566022
local_crowding,context_ext,Proposed MPC-SECBF,62,6.200,1.715634,-0.432755,0.735592,0.126422,0.170201,-0.222000,1.504000,-0.060000,0.420000,child,crossing,distracted,,0.000000,1.000000,2.739607,2.139607,0.380000,0.231622,0.380000,0.231622,0.000000,0.231622,0.000000,2.139607,2.139607,1.907984,1.907984,0.000000,horizon_mpc_secbf,8,1.985238,true,osqp,optimal,75,3.487865,0,2.678291,fallback,true,0.739288,0.126309,0.735592,0.126328,,,0.746361,0.000094,4.080503,0.491384
local_crowding,context_ext,Proposed MPC-SECBF,63,6.300,1.789193,-0.420122,0.735592,0.126328,0.170078,-0.228000,1.546000,-0.060000,0.420000,child,crossing,distracted,,0.000000,1.000000,2.816861,2.216861,0.380000,0.231622,0.380000,0.231622,0.000000,0.231622,0.000000,2.216861,2.216861,1.985238,1.985238,0.000000,horizon_mpc_secbf,8,2.062923,true,osqp,optimal,75,3.937413,0,2.760028,fallback,true,0.739307,0.126195,0.735592,0.126218,,,0.746342,0.000111,4.155137,0.416748
local_crowding,context_ext,Proposed MPC-SECBF,64,6.400,1.862753,-0.407500,0.735592,0.126218,0.169931,-0.234000,1.588000,-0.060000,0.420000,child,crossing,distracted,,0.000000,1.000000,2.894545,2.294545,0.380000,0.231622,0.380000,0.231622,0.000000,0.231622,0.000000,2.294545,2.294545,2.062923,2.062923,0.000000,horizon_mpc_secbf,8,2.141006,true,osqp,optimal,75,4.461962,0,2.841861,fallback,true,0.739331,0.126055,0.735592,0.126082,,,0.746319,0.000135,4.229769,0.342114
local_crowding,context_ext,Proposed MPC-SECBF,65,6.500,1.936312,-0.394892,0.735592,0.126082,0.169753,-0.240000,1.630000,-0.060000,0.420000,child,crossing,distracted,,0.000000,1.000000,2.972629,2.372629,0.380000,0.231622,0.380000,0.231622,0.000000,0.231622,0.000000,2.372629,2.372629,2.141006,2.141006,0.000000,horizon_mpc_secbf,8,2.219460,true,osqp,optimal,75,3.422338,0,2.923801,fallback,true,0.739362,0.125874,0.735592,0.125909,,,0.746290,0.000173,4.304398,0.267482
local_crowding,context_ext,Proposed MPC-SECBF,66,6.600,2.009871,-0.382301,0.735592,0.125909,0.169524,-0.246000,1.672000,-0.060000,0.420000,child,crossing,distracted,,0.000000,1.000000,3.051083,2.451083,0.380000,0.231622,0.380000,0.231622,0.000000,0.231622,0.000000,2.451083,2.451083,2.219460,2.219460,0.000000,horizon_mpc_secbf,8,2.298263,true,osqp,optimal,75,4.423066,0,3.005870,fallback,true,0.739405,0.125618,0.735592,0.125667,,,0.746249,0.000242,4.379023,0.192853
local_crowding,context_ext,Proposed MPC-SECBF,67,6.700,2.083430,-0.369734,0.735592,0.125667,0.169204,-0.252000,1.714000,-0.060000,0.420000,child,crossing,distracted,,0.000000,1.000000,3.129885,2.529885,0.380000,0.231622,0.380000,0.231622,0.000000,0.231622,0.000000,2.529885,2.529885,2.298263,2.298263,0.000000,horizon_mpc_secbf,8,2.377399,true,osqp,optimal,75,3.702085,0,3.088129,fallback,true,0.739478,0.125188,0.735592,0.125269,,,0.746182,0.000398,4.453641,0.118228
local_crowding,context_ext,Proposed MPC-SECBF,68,6.800,2.156989,-0.357207,0.735592,0.125269,0.168679,-0.258000,1.756000,-0.060000,0.420000,child,crossing,distracted,,0.000000,1.000000,3.209022,2.609022,0.380000,0.231622,0.380000,0.231622,0.000000,0.231622,0.000000,2.609022,2.609022,2.377399,2.377399,0.000000,horizon_mpc_secbf,8,2.440554,true,osqp,optimal,75,3.095651,0,3.008785,fallback,true,0.430106,0.072074,0.482519,0.081201,,,0.489304,0.256881,4.502572,0.043610
local_crowding,context_ext,Proposed MPC-SECBF,69,6.900,2.205241,-0.349087,0.482519,0.081201,0.166724,-0.264000,1.798000,-0.060000,0.420000,child,crossing,distracted,,0.000000,1.000000,3.272176,2.672176,0.380000,0.231622,0.380000,0.231622,0.000000,0.231622,0.000000,2.672176,2.672176,2.440554,2.440554,0.000000,horizon_mpc_secbf,8,2.472794,true,osqp,optimal,75,4.031581,0,2.761790,fallback,true,-0.052413,-0.009127,0.000082,-0.000470,,,0.000477,0.489301,4.502619,0.005320
local_crowding,context_ext,Proposed MPC-SECBF,70,7.000,2.205249,-0.349134,0.000082,-0.000470,-1.398506,-0.270000,1.840000,-0.060000,0.420000,child,crossing,distracted,,0.000000,1.000000,3.304417,2.704417,0.380000,0.231622,0.380000,0.231622,0.000000,0.231622,0.000000,2.704417,2.704417,2.472794,2.472794,0.000000,horizon_mpc_secbf,8,2.502480,true,osqp,optimal,75,4.108995,0,2.768223,fallback,true,-0.052495,-0.008657,-0.043474,-0.007252,,,0.044075,0.044081,4.507027,0.005320
local_crowding,context_ext,Proposed MPC-SECBF,71,7.100,2.200902,-0.349860,-0.043474,-0.007252,-2.976295,-0.276000,1.882000,-0.060000,0.420000,child,crossing,distracted,,0.000000,1.000000,3.334103,2.734103,0.380000,0.231622,0.380000,0.231622,0.000000,0.231622,0.000000,2.734103,2.734103,2.502480,2.502480,0.000000,horizon_mpc_secbf,8,2.534224,true,osqp,optimal,50,3.800307,0,2.818724,fallback,true,-0.009021,-0.001405,-0.014931,-0.002409,,,0.015124,0.028951,4.508539,0.000913
local_crowding,context_ext,Proposed MPC-SECBF,72,7.200,2.199409,-0.350100,-0.014931,-0.002409,-2.981629,-0.282000,1.924000,-0.060000,0.420000,child,crossing,distracted,,0.000000,1.000000,3.365847,2.765847,0.380000,0.231622,0.380000,0.231622,0.000000,0.231622,0.000000,2.765847,2.765847,2.534224,2.534224,0.000000,horizon_mpc_secbf,8,2.567273,true,osqp,optimal,50,4.287029,0,2.863664,fallback,true,0.005910,0.001004,0.002334,0.000419,,,0.002371,0.017495,4.508776,0.000599
local_crowding,context_ext,Proposed MPC-SECBF,73,7.300,2.199642,-0.350059,0.002334,0.000419,0.177717,-0.288000,1.966000,-0.060000,0.420000,child,crossing,distracted,,0.000000,1.000000,3.398896,2.798896,0.380000,0.231622,0.380000,0.231622,0.000000,0.231622,0.000000,2.798896,2.798896,2.567273,2.567273,0.000000,horizon_mpc_secbf,8,2.600594,true,osqp,optimal,50,3.641408,0,2.899463,fallback,true,0.003576,0.000585,0.003363,0.000557,,,0.003409,0.001038,4.509117,0.000362
local_crowding,context_ext,Proposed MPC-SECBF,74,7.400,2.199979,-0.350003,0.003363,0.000557,0.164145,-0.294000,2.008000,-0.060000,0.420000,child,crossing,distracted,,0.000000,1.000000,3.432216,2.832216,0.380000,0.231622,0.380000,0.231622,0.000000,0.231622,0.000000,2.832216,2.832216,2.600594,2.600594,0.000000,horizon_mpc_secbf,8,2.633955,true,osqp,optimal,25,4.371209,0,2.933204,fallback,true,0.000213,0.000028,0.000752,0.000121,,,0.000761,0.002647,4.509193,0.000022
local_crowding,context_ext,Proposed MPC-SECBF,75,7.500,2.200054,-0.349991,0.000752,0.000121,0.159645,-0.300000,2.050000,-0.060000,0.420000,child,crossing,distracted,,0.000000,1.000000,3.465577,2.865577,0.380000,0.231622,0.380000,0.231622,0.000000,0.231622,0.000000,2.865577,2.865577,2.633955,2.633955,0.000000,horizon_mpc_secbf,8,2.667448,true,osqp,optimal,25,3.790322,0,2.967912,fallback,true,-0.000538,-0.000093,-0.000314,-0.000059,,,0.000319,0.001081,4.509225,0.000055
local_crowding,context_ext,Proposed MPC-SECBF,76,7.600,2.200022,-0.349997,-0.000314,-0.000059,-2.955364,-0.306000,2.092000,-0.060000,0.420000,child,crossing,distracted,,0.000000,1.000000,3.499071,2.899071,0.380000,0.231622,0.380000,0.231622,0.000000,0.231622,0.000000,2.899071,2.899071,2.667448,2.667448,0.000000,horizon_mpc_secbf,8,2.701138,true,osqp,optimal,25,3.183128,0,3.003394,fallback,true,-0.000224,-0.000034,-0.000238,-0.000039,,,0.000242,0.000078,4.509249,0.000023
local_crowding,context_ext,Proposed MPC-SECBF,77,7.700,2.199999,-0.350001,-0.000238,-0.000039,-2.977496,-0.312000,2.134000,-0.060000,0.420000,child,crossing,distracted,,0.000000,1.000000,3.532760,2.932760,0.380000,0.231622,0.380000,0.231622,0.000000,0.231622,0.000000,2.932760,2.932760,2.701138,2.701138,0.000000,horizon_mpc_secbf,8,2.735027,true,osqp,optimal,25,2.893892,0,3.039109,fallback,true,0.000014,0.000006,-0.000004,0.000008,,,0.000009,0.000240,4.509250,0.000002
local_crowding,context_ext,Proposed MPC-SECBF,78,7.800,2.199998,-0.350000,-0.000004,0.000008,1.966243,-0.318000,2.176000,-0.060000,0.420000,child,crossing,distracted,,0.000000,1.000000,3.566650,2.966650,0.380000,0.231622,0.380000,0.231622,0.000000,0.231622,0.000000,2.966650,2.966650,2.735027,2.735027,0.000000,horizon_mpc_secbf,8,2.769099,true,osqp,optimal,25,3.573458,0,3.074852,fallback,true,0.000018,-0.000003,0.000014,-0.000001,,,0.000014,0.000020,4.509252,0.000002
local_crowding,context_ext,Proposed MPC-SECBF,79,7.900,2.200000,-0.350000,0.000014,-0.000001,-0.050991,-0.324000,2.218000,-0.060000,0.420000,child,crossing,distracted,,0.000000,1.000000,3.600722,3.000722,0.380000,0.231622,0.380000,0.231622,0.000000,0.231622,0.000000,3.000722,3.000722,2.769099,2.769099,0.000000,horizon_mpc_secbf,8,2.803347,true,osqp,optimal,25,3.663284,0,3.110703,fallback,true,0.000004,-0.000002,0.000005,-0.000002,,,0.000006,0.000008,4.509252,0.000000
local_crowding,context_ext,Proposed MPC-SECBF,80,8.000,2.200000,-0.350000,0.000005,-0.000002,-0.316250,-0.330000,2.260000,-0.060000,0.420000,child,crossing,distracted,,0.000000,1.000000,3.634969,3.034969,0.380000,0.231622,0.380000,0.231622,0.000000,0.231622,0.000000,3.034969,3.034969,2.803347,2.803347,0.000000,horizon_mpc_secbf,8,2.837765,true,osqp,optimal,25,4.097131,0,3.146678,fallback,true,-0.000002,-0.000000,-0.000000,-0.000001,,,0.000001,0.000006,4.509252,0.000000
local_crowding,context_ext,Proposed MPC-SECBF,81,8.100,2.200000,-0.350000,-0.000000,-0.000001,-2.284526,-0.336000,2.302000,-0.060000,0.420000,child,crossing,distracted,,0.000000,1.000000,3.669387,3.069387,0.380000,0.231622,0.380000,0.231622,0.000000,0.231622,0.000000,3.069387,3.069387,2.837765,2.837765,0.000000,horizon_mpc_secbf,8,2.872348,true,osqp,optimal,25,3.706551,0,3.182781,fallback,true,-0.000001,0.000000,-0.000001,0.000000,,,0.000001,0.000001,4.509253,0.000000
local_crowding,context_ext,Proposed MPC-SECBF,82,8.200,2.200000,-0.350000,-0.000001,0.000000,3.033089,-0.342000,2.344000,-0.060000,0.420000,child,crossing,distracted,,0.000000,1.000000,3.703971,3.103971,0.380000,0.231622,0.380000,0.231622,0.000000,0.231622,0.000000,3.103971,3.103971,2.872348,2.872348,0.000000,horizon_mpc_secbf,8,2.907094,true,osqp,optimal,25,3.765100,0,3.219003,fallback,true,-0.000000,0.000000,-0.000000,0.000000,,,0.000000,0.000001,4.509253,0.000000
local_crowding,context_ext,Proposed MPC-SECBF,83,8.300,2.200000,-0.350000,-0.000000,0.000000,2.707134,-0.348000,2.386000,-0.060000,0.420000,child,crossing,distracted,,0.000000,1.000000,3.738716,3.138716,0.380000,0.231622,0.380000,0.231622,0.000000,0.231622,0.000000,3.138716,3.138716,2.907094,2.907094,0.000000,horizon_mpc_secbf,8,2.941997,true,osqp,optimal,25,4.406249,0,3.255342,fallback,true,0.000000,0.000000,0.000000,0.000000,,,0.000000,0.000000,4.509253,0.000000
local_crowding,context_ext,Proposed MPC-SECBF,84,8.400,2.200000,-0.350000,0.000000,0.000000,0.354740,-0.354000,2.428000,-0.060000,0.420000,child,crossing,distracted,,0.000000,1.000000,3.773619,3.173619,0.380000,0.231622,0.380000,0.231622,0.000000,0.231622,0.000000,3.173619,3.173619,2.941997,2.941997,0.000000,horizon_mpc_secbf,8,2.977052,true,osqp,optimal,25,3.140978,0,3.291793,fallback,true,0.000000,-0.000000,0.000000,-0.000000,,,0.000000,0.000000,4.509253,0.000000
local_crowding,context_ext,Proposed MPC-SECBF,85,8.500,2.200000,-0.350000,0.000000,-0.000000,-0.170174,-0.360000,2.470000,-0.060000,0.420000,child,crossing,distracted,,0.000000,1.000000,3.808674,3.208674,0.380000,0.231622,0.380000,0.231622,0.000000,0.231622,0.000000,3.208674,3.208674,2.977052,2.977052,0.000000,horizon_mpc_secbf,8,3.012256,true,osqp,optimal,25,3.134333,0,3.328355,fallback,true,0.000000,0.000000,0.000000,-0.000000,,,0.000000,0.000000,4.509253,0.000000
local_crowding,context_ext,Proposed MPC-SECBF,86,8.600,2.200000,-0.350000,0.000000,-0.000000,-0.169912,-0.366000,2.512000,-0.060000,0.420000,child,crossing,distracted,,0.000000,1.000000,3.843878,3.243878,0.380000,0.231622,0.380000,0.231622,0.000000,0.231622,0.000000,3.243878,3.243878,3.012256,3.012256,0.000000,horizon_mpc_secbf,8,3.047604,true,osqp,optimal,25,2.981222,0,3.365025,fallback,true,-0.000000,-0.000000,-0.000000,-0.000000,,,0.000000,0.000000,4.509253,0.000000
local_crowding,context_ext,Proposed MPC-SECBF,87,8.700,2.200000,-0.350000,-0.000000,-0.000000,-2.501543,-0.372000,2.554000,-0.060000,0.420000,child,crossing,distracted,,0.000000,1.000000,3.879227,3.279227,0.380000,0.231622,0.380000,0.231622,0.000000,0.231622,0.000000,3.279227,3.279227,3.047604,3.047604,0.000000,horizon_mpc_secbf,8,3.083093,true,osqp,optimal,25,3.450754,0,3.401799,fallback,true,0.000000,0.000000,-0.000000,-0.000000,,,0.000000,0.000000,4.509253,0.000000
local_crowding,context_ext,Proposed MPC-SECBF,88,8.800,2.200000,-0.350000,-0.000000,-0.000000,-1.583266,-0.378000,2.596000,-0.060000,0.420000,child,crossing,distracted,,0.000000,1.000000,3.914716,3.314716,0.380000,0.231622,0.380000,0.231622,0.000000,0.231622,0.000000,3.314716,3.314716,3.083093,3.083093,0.000000,horizon_mpc_secbf,8,3.118719,true,osqp,optimal,25,3.945071,0,3.438675,fallback,true,0.000000,0.000000,0.000000,-0.000000,,,0.000000,0.000000,4.509253,0.000000
local_crowding,context_ext,Proposed MPC-SECBF,89,8.900,2.200000,-0.350000,0.000000,-0.000000,-1.583266,-0.384000,2.638000,-0.060000,0.420000,child,crossing,distracted,,0.000000,1.000000,3.950342,3.350342,0.380000,0.231622,0.380000,0.231622,0.000000,0.231622,0.000000,3.350342,3.350342,3.118719,3.118719,0.000000,horizon_mpc_secbf,8,3.154478,true,osqp,optimal,25,2.985868,0,3.475651,fallback,true,0.000000,0.000000,0.000000,-0.000000,,,0.000000,0.000000,4.509253,0.000000
local_crowding,context_ext,Proposed MPC-SECBF,90,9.000,2.200000,-0.350000,0.000000,-0.000000,-1.583266,-0.390000,2.680000,-0.060000,0.420000,child,crossing,distracted,,0.000000,1.000000,3.986101,3.386101,0.380000,0.231622,0.380000,0.231622,0.000000,0.231622,0.000000,3.386101,3.386101,3.154478,3.154478,0.000000,horizon_mpc_secbf,8,3.190367,true,osqp,optimal,25,3.366091,0,3.512723,fallback,true,0.000000,0.000000,0.000000,-0.000000,,,0.000000,0.000000,4.509253,0.000000
local_crowding,context_ext,Proposed MPC-SECBF,91,9.100,2.200000,-0.350000,0.000000,-0.000000,-1.583266,-0.396000,2.722000,-0.060000,0.420000,child,crossing,distracted,,0.000000,1.000000,4.021990,3.421990,0.380000,0.231622,0.380000,0.231622,0.000000,0.231622,0.000000,3.421990,3.421990,3.190367,3.190367,0.000000,horizon_mpc_secbf,8,3.226382,true,osqp,optimal,25,4.467492,0,3.549891,fallback,true,0.000000,0.000000,0.000000,-0.000000,,,0.000000,0.000000,4.509253,0.000000
local_crowding,context_ext,Proposed MPC-SECBF,92,9.200,2.200000,-0.350000,0.000000,-0.000000,-1.583266,-0.402000,2.764000,-0.060000,0.420000,child,crossing,distracted,,0.000000,1.000000,4.058004,3.458004,0.380000,0.231622,0.380000,0.231622,0.000000,0.231622,0.000000,3.458004,3.458004,3.226382,3.226382,0.000000,horizon_mpc_secbf,8,3.262520,true,osqp,optimal,25,3.967348,0,3.587150,fallback,true,0.000000,0.000000,0.000000,-0.000000,,,0.000000,0.000000,4.509253,0.000000
local_crowding,context_ext,Proposed MPC-SECBF,93,9.300,2.200000,-0.350000,0.000000,-0.000000,-1.583266,-0.408000,2.806000,-0.060000,0.420000,child,crossing,distracted,,0.000000,1.000000,4.094142,3.494142,0.380000,0.231622,0.380000,0.231622,0.000000,0.231622,0.000000,3.494142,3.494142,3.262520,3.262520,0.000000,horizon_mpc_secbf,8,3.298777,true,osqp,optimal,25,3.191678,0,3.624500,fallback,true,0.000000,0.000000,0.000000,-0.000000,,,0.000000,0.000000,4.509253,0.000000
local_crowding,context_ext,Proposed MPC-SECBF,94,9.400,2.200000,-0.350000,0.000000,-0.000000,-1.583266,-0.414000,2.848000,-0.060000,0.420000,child,crossing,distracted,,0.000000,1.000000,4.130399,3.530399,0.380000,0.231622,0.380000,0.231622,0.000000,0.231622,0.000000,3.530399,3.530399,3.298777,3.298777,0.000000,horizon_mpc_secbf,8,3.335151,true,osqp,optimal,25,2.986861,0,3.661938,fallback,true,0.000000,0.000000,0.000000,-0.000000,,,0.000000,0.000000,4.509253,0.000000
local_crowding,context_ext,Proposed MPC-SECBF,95,9.500,2.200000,-0.350000,0.000000,-0.000000,-1.583266,-0.420000,2.890000,-0.060000,0.420000,child,crossing,distracted,,0.000000,1.000000,4.166773,3.566773,0.380000,0.231622,0.380000,0.231622,0.000000,0.231622,0.000000,3.566773,3.566773,3.335151,3.335151,0.000000,horizon_mpc_secbf,8,3.371638,true,osqp,optimal,25,3.320837,0,3.699462,fallback,true,0.000000,0.000000,0.000000,-0.000000,,,0.000000,0.000000,4.509253,0.000000
local_crowding,context_ext,Proposed MPC-SECBF,96,9.600,2.200000,-0.350000,0.000000,-0.000000,-1.583266,-0.426000,2.932000,-0.060000,0.420000,child,crossing,distracted,,0.000000,1.000000,4.203261,3.603261,0.380000,0.231622,0.380000,0.231622,0.000000,0.231622,0.000000,3.603261,3.603261,3.371638,3.371638,0.000000,horizon_mpc_secbf,8,3.408236,true,osqp,optimal,25,3.376645,0,3.737069,fallback,true,0.000000,0.000000,0.000000,-0.000000,,,0.000000,0.000000,4.509253,0.000000
local_crowding,context_ext,Proposed MPC-SECBF,97,9.700,2.200000,-0.350000,0.000000,-0.000000,-1.583266,-0.432000,2.974000,-0.060000,0.420000,child,crossing,distracted,,0.000000,1.000000,4.239858,3.639858,0.380000,0.231622,0.380000,0.231622,0.000000,0.231622,0.000000,3.639858,3.639858,3.408236,3.408236,0.000000,horizon_mpc_secbf,8,3.444942,true,osqp,optimal,25,3.358085,0,3.774758,fallback,true,0.000000,0.000000,0.000000,-0.000000,,,0.000000,0.000000,4.509253,0.000000
local_crowding,context_ext,Proposed MPC-SECBF,98,9.800,2.200000,-0.350000,0.000000,-0.000000,-1.583266,-0.438000,3.016000,-0.060000,0.420000,child,crossing,distracted,,0.000000,1.000000,4.276564,3.676564,0.380000,0.231622,0.380000,0.231622,0.000000,0.231622,0.000000,3.676564,3.676564,3.444942,3.444942,0.000000,horizon_mpc_secbf,8,3.481752,true,osqp,optimal,25,3.564323,0,3.812526,fallback,true,0.000000,0.000000,0.000000,-0.000000,,,0.000000,0.000000,4.509253,0.000000
local_crowding,context_ext,Proposed MPC-SECBF,99,9.900,2.200000,-0.350000,0.000000,-0.000000,-1.583266,-0.444000,3.058000,-0.060000,0.420000,child,crossing,distracted,,0.000000,1.000000,4.313375,3.713375,0.380000,0.231622,0.380000,0.231622,0.000000,0.231622,0.000000,3.713375,3.713375,3.481752,3.481752,0.000000,horizon_mpc_secbf,8,3.518665,true,osqp,optimal,25,3.780231,0,3.850373,fallback,true,0.000000,0.000000,0.000000,-0.000000,,,0.000000,0.000000,4.509253,0.000000
local_crowding,context_ext,Proposed MPC-SECBF,100,10.000,2.200000,-0.350000,0.000000,-0.000000,-1.583266,-0.450000,3.100000,-0.060000,0.420000,child,crossing,distracted,,0.000000,1.000000,4.350287,3.750287,0.380000,0.231622,0.380000,0.231622,0.000000,0.231622,0.000000,3.750287,3.750287,3.518665,3.518665,0.000000,horizon_mpc_secbf,8,3.555677,true,osqp,optimal,25,4.320863,0,3.888296,fallback,true,0.000000,0.000000,0.000000,-0.000000,,,0.000000,0.000000,4.509253,0.000000
local_crowding,context_ext,Proposed MPC-SECBF,101,10.100,2.200000,-0.350000,0.000000,-0.000000,-1.583266,-0.456000,3.142000,-0.060000,0.420000,child,crossing,distracted,,0.000000,1.000000,4.387300,3.787300,0.380000,0.231622,0.380000,0.231622,0.000000,0.231622,0.000000,3.787300,3.787300,3.555677,3.555677,0.000000,horizon_mpc_secbf,8,3.592787,true,osqp,optimal,25,3.763363,0,3.926293,fallback,true,0.000000,0.000000,0.000000,-0.000000,,,0.000000,0.000000,4.509253,0.000000
local_crowding,context_ext,Proposed MPC-SECBF,102,10.200,2.200000,-0.350000,0.000000,-0.000000,-1.583266,-0.462000,3.184000,-0.060000,0.420000,child,crossing,distracted,,0.000000,1.000000,4.424410,3.824410,0.380000,0.231622,0.380000,0.231622,0.000000,0.231622,0.000000,3.824410,3.824410,3.592787,3.592787,0.000000,horizon_mpc_secbf,8,3.629992,true,osqp,optimal,25,3.136508,0,3.964362,fallback,true,0.000000,0.000000,0.000000,-0.000000,,,0.000000,0.000000,4.509253,0.000000
local_crowding,context_ext,Proposed MPC-SECBF,103,10.300,2.200000,-0.350000,0.000000,-0.000000,-1.583266,-0.468000,3.226000,-0.060000,0.420000,child,crossing,distracted,,0.000000,1.000000,4.461614,3.861614,0.380000,0.231622,0.380000,0.231622,0.000000,0.231622,0.000000,3.861614,3.861614,3.629992,3.629992,0.000000,horizon_mpc_secbf,8,3.667289,true,osqp,optimal,25,2.871235,0,4.002503,fallback,true,0.000000,0.000000,0.000000,-0.000000,,,0.000000,0.000000,4.509253,0.000000
local_crowding,context_ext,Proposed MPC-SECBF,104,10.400,2.200000,-0.350000,0.000000,-0.000000,-1.583266,-0.474000,3.268000,-0.060000,0.420000,child,crossing,distracted,,0.000000,1.000000,4.498911,3.898911,0.380000,0.231622,0.380000,0.231622,0.000000,0.231622,0.000000,3.898911,3.898911,3.667289,3.667289,0.000000,horizon_mpc_secbf,8,3.704676,true,osqp,optimal,25,3.571309,0,4.040712,fallback,true,0.000000,0.000000,0.000000,-0.000000,,,0.000000,0.000000,4.509253,0.000000
local_crowding,context_ext,Proposed MPC-SECBF,105,10.500,2.200000,-0.350000,0.000000,-0.000000,-1.583266,-0.480000,3.310000,-0.060000,0.420000,child,crossing,distracted,,0.000000,1.000000,4.536298,3.936298,0.380000,0.231622,0.380000,0.231622,0.000000,0.231622,0.000000,3.936298,3.936298,3.704676,3.704676,0.000000,horizon_mpc_secbf,8,3.742151,true,osqp,optimal,25,3.767786,0,4.078990,fallback,true,0.000000,0.000000,0.000000,-0.000000,,,0.000000,0.000000,4.509253,0.000000
local_crowding,context_ext,Proposed MPC-SECBF,106,10.600,2.200000,-0.350000,0.000000,-0.000000,-1.583266,-0.486000,3.352000,-0.060000,0.420000,child,crossing,distracted,,0.000000,1.000000,4.573773,3.973773,0.380000,0.231622,0.380000,0.231622,0.000000,0.231622,0.000000,3.973773,3.973773,3.742151,3.742151,0.000000,horizon_mpc_secbf,8,3.779711,true,osqp,optimal,25,4.204912,0,4.117333,fallback,true,0.000000,0.000000,0.000000,-0.000000,,,0.000000,0.000000,4.509253,0.000000
local_crowding,context_ext,Proposed MPC-SECBF,107,10.700,2.200000,-0.350000,0.000000,-0.000000,-1.583266,-0.492000,3.394000,-0.060000,0.420000,child,crossing,distracted,,0.000000,1.000000,4.611334,4.011334,0.380000,0.231622,0.380000,0.231622,0.000000,0.231622,0.000000,4.011334,4.011334,3.779711,3.779711,0.000000,horizon_mpc_secbf,8,3.817356,true,osqp,optimal,25,3.552408,0,4.155741,fallback,true,0.000000,0.000000,0.000000,-0.000000,,,0.000000,0.000000,4.509253,0.000000
local_crowding,context_ext,Proposed MPC-SECBF,108,10.800,2.200000,-0.350000,0.000000,-0.000000,-1.583266,-0.498000,3.436000,-0.060000,0.420000,child,crossing,distracted,,0.000000,1.000000,4.648978,4.048978,0.380000,0.231622,0.380000,0.231622,0.000000,0.231622,0.000000,4.048978,4.048978,3.817356,3.817356,0.000000,horizon_mpc_secbf,8,3.855082,true,osqp,optimal,25,4.661920,0,4.194213,fallback,true,0.000000,0.000000,0.000000,-0.000000,,,0.000000,0.000000,4.509253,0.000000
local_crowding,context_ext,Proposed MPC-SECBF,109,10.900,2.200000,-0.350000,0.000000,-0.000000,-1.583266,-0.504000,3.478000,-0.060000,0.420000,child,crossing,distracted,,0.000000,1.000000,4.686705,4.086705,0.380000,0.231622,0.380000,0.231622,0.000000,0.231622,0.000000,4.086705,4.086705,3.855082,3.855082,0.000000,horizon_mpc_secbf,8,3.892888,true,osqp,optimal,25,4.098140,0,4.232746,fallback,true,0.000000,0.000000,0.000000,-0.000000,,,0.000000,0.000000,4.509253,0.000000
local_crowding,context_ext,Proposed MPC-SECBF,110,11.000,2.200000,-0.350000,0.000000,-0.000000,-1.583266,-0.510000,3.520000,-0.060000,0.420000,child,crossing,distracted,,0.000000,1.000000,4.724511,4.124511,0.380000,0.231622,0.380000,0.231622,0.000000,0.231622,0.000000,4.124511,4.124511,3.892888,3.892888,0.000000,horizon_mpc_secbf,8,3.930772,true,osqp,optimal,25,2.789712,0,4.271340,fallback,true,0.000000,0.000000,0.000000,-0.000000,,,0.000000,0.000000,4.509253,0.000000
local_crowding,context_ext,Proposed MPC-SECBF,111,11.100,2.200000,-0.350000,0.000000,-0.000000,-1.583266,-0.516000,3.562000,-0.060000,0.420000,child,crossing,distracted,,0.000000,1.000000,4.762394,4.162394,0.380000,0.231622,0.380000,0.231622,0.000000,0.231622,0.000000,4.162394,4.162394,3.930772,3.930772,0.000000,horizon_mpc_secbf,8,3.968732,true,osqp,optimal,25,2.749974,0,4.309993,fallback,true,0.000000,0.000000,0.000000,-0.000000,,,0.000000,0.000000,4.509253,0.000000
local_crowding,context_ext,Proposed MPC-SECBF,112,11.200,2.200000,-0.350000,0.000000,-0.000000,-1.583266,-0.522000,3.604000,-0.060000,0.420000,child,crossing,distracted,,0.000000,1.000000,4.800354,4.200354,0.380000,0.231622,0.380000,0.231622,0.000000,0.231622,0.000000,4.200354,4.200354,3.968732,3.968732,0.000000,horizon_mpc_secbf,8,4.006766,true,osqp,optimal,25,3.672239,0,4.348704,fallback,true,0.000000,0.000000,0.000000,-0.000000,,,0.000000,0.000000,4.509253,0.000000
local_crowding,context_ext,Proposed MPC-SECBF,113,11.300,2.200000,-0.350000,0.000000,-0.000000,-1.583266,-0.528000,3.646000,-0.060000,0.420000,child,crossing,distracted,,0.000000,1.000000,4.838388,4.238388,0.380000,0.231622,0.380000,0.231622,0.000000,0.231622,0.000000,4.238388,4.238388,4.006766,4.006766,0.000000,horizon_mpc_secbf,8,4.044872,true,osqp,optimal,25,3.366102,0,4.387471,fallback,true,0.000000,0.000000,0.000000,-0.000000,,,0.000000,0.000000,4.509253,0.000000
local_crowding,context_ext,Proposed MPC-SECBF,114,11.400,2.200000,-0.350000,0.000000,-0.000000,-1.583266,-0.534000,3.688000,-0.060000,0.420000,child,crossing,distracted,,0.000000,1.000000,4.876495,4.276495,0.380000,0.231622,0.380000,0.231622,0.000000,0.231622,0.000000,4.276495,4.276495,4.044872,4.044872,0.000000,horizon_mpc_secbf,8,4.083050,true,osqp,optimal,25,3.151771,0,4.426294,fallback,true,0.000000,0.000000,0.000000,-0.000000,,,0.000000,0.000000,4.509253,0.000000
local_crowding,context_ext,Proposed MPC-SECBF,115,11.500,2.200000,-0.350000,0.000000,-0.000000,-1.583266,-0.540000,3.730000,-0.060000,0.420000,child,crossing,distracted,,0.000000,1.000000,4.914672,4.314672,0.380000,0.231622,0.380000,0.231622,0.000000,0.231622,0.000000,4.314672,4.314672,4.083050,4.083050,0.000000,horizon_mpc_secbf,8,4.121296,true,osqp,optimal,25,4.336501,0,4.465171,fallback,true,0.000000,0.000000,0.000000,-0.000000,,,0.000000,0.000000,4.509253,0.000000
local_crowding,context_ext,Proposed MPC-SECBF,116,11.600,2.200000,-0.350000,0.000000,-0.000000,-1.583266,-0.546000,3.772000,-0.060000,0.420000,child,crossing,distracted,,0.000000,1.000000,4.952918,4.352918,0.380000,0.231622,0.380000,0.231622,0.000000,0.231622,0.000000,4.352918,4.352918,4.121296,4.121296,0.000000,horizon_mpc_secbf,8,4.159610,true,osqp,optimal,25,3.291605,0,4.504101,fallback,true,0.000000,0.000000,0.000000,-0.000000,,,0.000000,0.000000,4.509253,0.000000
local_crowding,context_ext,Proposed MPC-SECBF,117,11.700,2.200000,-0.350000,0.000000,-0.000000,-1.583266,-0.552000,3.814000,-0.060000,0.420000,child,crossing,distracted,,0.000000,1.000000,4.991232,4.391232,0.380000,0.231622,0.380000,0.231622,0.000000,0.231622,0.000000,4.391232,4.391232,4.159610,4.159610,0.000000,horizon_mpc_secbf,8,4.197990,true,osqp,optimal,25,4.540981,0,4.543082,fallback,true,0.000000,0.000000,0.000000,-0.000000,,,0.000000,0.000000,4.509253,0.000000
local_crowding,context_ext,Proposed MPC-SECBF,118,11.800,2.200000,-0.350000,0.000000,-0.000000,-1.583266,-0.558000,3.856000,-0.060000,0.420000,child,crossing,distracted,,0.000000,1.000000,5.029612,4.429612,0.380000,0.231622,0.380000,0.231622,0.000000,0.231622,0.000000,4.429612,4.429612,4.197990,4.197990,0.000000,horizon_mpc_secbf,8,4.236434,true,osqp,optimal,25,3.255595,0,4.582115,fallback,true,0.000000,0.000000,0.000000,-0.000000,,,0.000000,0.000000,4.509253,0.000000
local_crowding,context_ext,Proposed MPC-SECBF,119,11.900,2.200000,-0.350000,0.000000,-0.000000,-1.583266,-0.564000,3.898000,-0.060000,0.420000,child,crossing,distracted,,0.000000,1.000000,5.068057,4.468057,0.380000,0.231622,0.380000,0.231622,0.000000,0.231622,0.000000,4.468057,4.468057,4.236434,4.236434,0.000000,horizon_mpc_secbf,8,4.274942,true,osqp,optimal,25,3.105682,0,4.621197,fallback,true,0.000000,0.000000,0.000000,-0.000000,,,0.000000,0.000000,4.509253,0.000000
