scenario,context_level,method,step,time,robot_x,robot_y,robot_vx,robot_vy,robot_theta,human_x,human_y,human_vx,human_vy,human_type,motion_state,attention_state,ttc,head_on_factor,crowding_factor,distance,clearance,beta_candidate,beta_final,beta_requested,beta_applied,beta_dynamic,beta_cbf,delta_beta,h_standard,h_ee,h_see,h_cbf,slack,controller_type,horizon_steps,predicted_min_h,solver_success,solver_backend,solver_status,solver_iterations,solve_time_ms,active_constraints,min_cbf_value,guard_status,guard_active,u_ref_x,u_ref_y,cmd_vx,cmd_vy,cmd_v,cmd_omega,speed,command_step,path_length,goal_error
crossing,context_bl,Standard MPC-CBF,0,0.000,-2.000000,-0.250000,0.000000,0.000000,0.000000,0.100000,-1.800000,0.000000,0.580000,pedestrian,walking,unknown,5.835878,1.000000,0.000000,2.610077,2.010077,0.000000,0.000000,0.000000,0.000000,0.000000,0.000000,0.000000,2.010077,2.010077,2.010077,2.010077,0.000000,horizon_mpc_secbf,8,1.271302,true,osqp,optimal,75,4.790212,0,1.165988,geometric,false,0.750000,0.000000,0.621017,-0.000000,,,0.621017,0.621017,0.062102,4.000000
crossing,context_bl,Standard MPC-CBF,1,0.100,-1.937898,-0.250000,0.621017,-0.000000,-0.000000,0.100000,-1.742000,0.000000,0.580000,pedestrian,walking,unknown,2.282422,1.000000,0.000000,2.525687,1.925687,0.000000,0.000000,0.000000,0.000000,0.000000,0.000000,0.000000,1.925687,1.925687,1.925687,1.925687,0.000000,horizon_mpc_secbf,8,1.178264,true,osqp,optimal,75,4.644521,0,0.997193,geometric,false,0.750000,0.000000,0.726102,-0.000001,,,0.726102,0.105085,0.134712,3.937898
crossing,context_bl,Standard MPC-CBF,2,0.200,-1.865288,-0.250000,0.726102,-0.000001,-0.000001,0.100000,-1.684000,0.000000,0.580000,pedestrian,walking,unknown,1.974130,1.000000,0.000000,2.432841,1.832841,0.000000,0.000000,0.000000,0.000000,0.000000,0.000000,0.000000,1.832841,1.832841,1.832841,1.832841,0.000000,horizon_mpc_secbf,8,1.086691,true,osqp,optimal,75,3.402768,0,0.896747,geometric,false,0.750000,0.000000,0.735589,-0.000002,,,0.735589,0.009486,0.208271,3.865288
crossing,context_bl,Standard MPC-CBF,3,0.300,-1.791729,-0.250000,0.735589,-0.000002,-0.000002,0.100000,-1.626000,0.000000,0.580000,pedestrian,walking,unknown,1.858076,1.000000,0.000000,2.339234,1.739234,0.000000,0.000000,0.000000,0.000000,0.000000,0.000000,0.000000,1.739234,1.739234,1.739234,1.739234,0.000000,horizon_mpc_secbf,8,0.996603,true,osqp,optimal,75,4.880648,0,0.803194,geometric,false,0.750000,0.000000,0.735589,-0.000000,,,0.735589,0.000001,0.281830,3.791729
crossing,context_bl,Standard MPC-CBF,4,0.400,-1.718170,-0.250000,0.735589,-0.000000,-0.000000,0.100000,-1.568000,0.000000,0.580000,pedestrian,walking,unknown,1.758194,1.000000,0.000000,2.245633,1.645633,0.000000,0.000000,0.000000,0.000000,0.000000,0.000000,0.000000,1.645633,1.645633,1.645633,1.645633,0.000000,horizon_mpc_secbf,8,0.907978,true,osqp,optimal,75,4.478375,0,0.709658,geometric,false,0.750000,0.000000,0.735589,0.000008,,,0.735589,0.000008,0.355388,3.718170
crossing,context_bl,Standard MPC-CBF,5,0.500,-1.644612,-0.250000,0.735589,0.000008,0.000010,0.100000,-1.510000,0.000000,0.580000,pedestrian,walking,unknown,1.658327,1.000000,0.000000,2.152039,1.552039,0.000000,0.000000,0.000000,0.000000,0.000000,0.000000,0.000000,1.552039,1.552039,1.552039,1.552039,0.000000,horizon_mpc_secbf,8,0.820805,true,osqp,optimal,75,3.479832,0,0.616159,geometric,false,0.750000,-0.000000,0.735589,0.000054,,,0.735589,0.000046,0.428947,3.644612
crossing,context_bl,Standard MPC-CBF,6,0.600,-1.571053,-0.249994,0.735589,0.000054,0.000073,0.100000,-1.452000,0.000000,0.580000,pedestrian,walking,unknown,1.558507,1.000000,0.000000,2.058455,1.458455,0.000000,0.000000,0.000000,0.000000,0.000000,0.000000,0.000000,1.458455,1.458455,1.458455,1.458455,0.000000,horizon_mpc_secbf,8,0.735085,true,osqp,optimal,75,4.152886,0,0.522804,geometric,false,0.750000,-0.000001,0.735589,0.000314,,,0.735589,0.000260,0.502506,3.571053
crossing,context_bl,Standard MPC-CBF,7,0.700,-1.497494,-0.249963,0.735589,0.000314,0.000426,0.100000,-1.394000,0.000000,0.580000,pedestrian,walking,unknown,1.458901,1.000000,0.000000,1.964894,1.364894,0.000000,0.000000,0.000000,0.000000,0.000000,0.000000,0.000000,1.364894,1.364894,1.364894,1.364894,0.000000,horizon_mpc_secbf,8,0.651078,true,osqp,optimal,75,5.288409,0,0.430189,geometric,false,0.750000,-0.000008,0.735589,0.001789,,,0.735592,0.001475,0.576065,3.497494
crossing,context_bl,Standard MPC-CBF,8,0.800,-1.423935,-0.249784,0.735589,0.001789,0.002432,0.100000,-1.336000,0.000000,0.580000,pedestrian,walking,unknown,1.360385,1.000000,0.000000,1.871428,1.271428,0.000000,0.000000,0.000000,0.000000,0.000000,0.000000,0.000000,1.271428,1.271428,1.271428,1.271428,0.000000,horizon_mpc_secbf,8,0.569272,true,osqp,optimal,75,2.919634,0,0.341663,geometric,false,0.750000,-0.000047,0.735590,0.010134,,,0.735660,0.008345,0.649631,3.423935
crossing,context_bl,Standard MPC-CBF,9,0.900,-1.350376,-0.248771,0.735590,0.010134,0.013776,0.100000,-1.278000,0.000000,0.580000,pedestrian,walking,unknown,1.267584,1.000000,0.000000,1.778455,1.178455,0.000000,0.000000,0.000000,0.000000,0.000000,0.000000,0.000000,1.178455,1.178455,1.178455,1.178455,0.000000,horizon_mpc_secbf,8,0.489489,true,osqp,optimal,75,4.537079,0,0.261843,geometric,false,0.750000,-0.000275,0.735591,0.032726,,,0.736318,0.022592,0.723263,3.350376
crossing,context_bl,Standard MPC-CBF,10,1.000,-1.276817,-0.245498,0.735591,0.032726,0.044460,0.100000,-1.220000,0.000000,0.580000,pedestrian,walking,attentive,1.185699,1.000000,0.000000,1.686795,1.086795,0.000000,0.000000,0.000000,0.000000,0.000000,0.000000,0.000000,1.086795,1.086795,1.086795,1.086795,0.000000,horizon_mpc_secbf,8,0.411401,true,osqp,optimal,75,4.246449,0,0.184191,geometric,false,0.749999,-0.001030,0.735591,0.056927,,,0.737790,0.024202,0.797042,3.276820
crossing,context_bl,Standard MPC-CBF,11,1.100,-1.203258,-0.239805,0.735591,0.056927,0.077236,0.100000,-1.162000,0.000000,0.580000,pedestrian,walking,attentive,1.104066,1.000000,0.000000,1.596535,0.996535,0.000000,0.000000,0.000000,0.000000,0.000000,0.000000,0.000000,0.996535,0.996535,0.996535,0.996535,0.000000,horizon_mpc_secbf,8,0.334880,true,osqp,optimal,75,3.689220,0,0.107507,geometric,false,0.749996,-0.002387,0.735590,0.080431,,,0.739974,0.023504,0.871040,3.203274
crossing,context_bl,Standard MPC-CBF,12,1.200,-1.129699,-0.231762,0.735590,0.080431,0.108910,0.100000,-1.104000,0.000000,0.580000,pedestrian,walking,attentive,1.020951,1.000000,0.000000,1.507633,0.907633,0.000000,0.000000,0.000000,0.000000,0.000000,0.000000,0.000000,0.907633,0.907633,0.907633,0.907633,0.000000,horizon_mpc_secbf,8,0.259868,true,osqp,optimal,75,5.498993,0,0.031555,geometric,false,0.749987,-0.004370,0.735590,0.102778,,,0.742735,0.022347,0.945313,3.129752
crossing,context_bl,Standard MPC-CBF,13,1.300,-1.056140,-0.221484,0.735590,0.102778,0.138823,0.100000,-1.046000,0.000000,0.580000,pedestrian,walking,attentive,0.936126,1.000000,0.000000,1.420030,0.820030,0.000000,0.000000,0.000000,0.000000,0.000000,0.000000,0.000000,0.820030,0.820030,0.820030,0.820030,0.000000,horizon_mpc_secbf,8,0.186331,true,osqp,optimal,75,5.113681,0,-0.043731,geometric,false,0.749967,-0.006998,0.735588,0.123825,,,0.745938,0.021047,1.019907,3.056273
crossing,context_bl,Standard MPC-CBF,14,1.400,-0.982581,-0.209102,0.735588,0.123825,0.166772,0.100000,-0.988000,0.000000,0.580000,pedestrian,walking,attentive,0.849621,1.000000,0.000000,1.333665,0.733665,0.000000,0.000000,0.000000,0.000000,0.000000,0.000000,0.000000,0.733665,0.733665,0.733665,0.733665,0.000000,horizon_mpc_secbf,8,0.114274,true,osqp,optimal,50,3.728726,0,-0.117708,geometric,false,0.749929,-0.010283,0.734715,0.143411,,,0.748581,0.019605,1.094765,2.982861
crossing,context_bl,Standard MPC-CBF,15,1.500,-0.909109,-0.194761,0.734715,0.143411,0.192768,0.100000,-0.930000,0.000000,0.580000,pedestrian,walking,attentive,0.762183,1.000000,0.000000,1.248550,0.648550,0.000000,0.000000,0.000000,0.000000,0.000000,0.000000,0.000000,0.648550,0.648550,0.648550,0.648550,0.000000,horizon_mpc_secbf,8,0.043887,true,osqp,optimal,50,4.325706,0,-0.187765,geometric,false,0.749865,-0.014239,0.729499,0.161037,,,0.747062,0.018382,1.169471,2.909634
crossing,context_bl,Standard MPC-CBF,16,1.600,-0.836159,-0.178657,0.729499,0.161037,0.217265,0.100000,-0.872000,0.000000,0.580000,pedestrian,walking,attentive,0.676123,1.000000,0.000000,1.164954,0.564954,0.000000,0.000000,0.000000,0.000000,0.000000,0.000000,0.000000,0.564954,0.564954,0.564954,0.564954,0.000035,horizon_mpc_secbf,8,-0.000033,true,osqp,optimal,50,4.247967,0,-0.230377,geometric,false,0.749763,-0.018860,0.708874,0.200755,,,0.736753,0.044754,1.243147,2.837057
crossing,context_bl,Standard MPC-CBF,17,1.700,-0.765272,-0.158582,0.708874,0.200755,0.275976,0.100000,-0.814000,0.000000,0.580000,pedestrian,walking,attentive,0.611394,1.000000,0.000000,1.085481,0.485481,0.000000,0.000000,0.000000,0.000000,0.000000,0.000000,0.000000,0.485481,0.485481,0.485481,0.485481,0.000117,horizon_mpc_secbf,8,-0.000117,true,osqp,optimal,50,4.060477,0,-0.227347,geometric,false,0.749590,-0.024781,0.662937,0.274445,,,0.717500,0.086835,1.314897,2.766783
crossing,context_bl,Standard MPC-CBF,18,1.800,-0.698978,-0.131137,0.662937,0.274445,0.392503,0.100000,-0.756000,0.000000,0.580000,pedestrian,walking,attentive,0.583172,1.000000,0.000000,1.014308,0.414308,0.000000,0.000000,0.000000,0.000000,0.000000,0.000000,0.000000,0.414308,0.414308,0.414308,0.414308,0.000188,horizon_mpc_secbf,8,-0.000173,true,osqp,optimal,50,3.831383,0,-0.222297,geometric,false,0.749274,-0.032998,0.627746,0.348993,,,0.718235,0.082437,1.386720,2.701594
crossing,context_bl,Standard MPC-CBF,19,1.900,-0.636204,-0.096238,0.627746,0.348993,0.507397,0.100000,-0.698000,0.000000,0.580000,pedestrian,walking,attentive,0.554934,1.000000,0.000000,0.950849,0.350849,0.000000,0.000000,0.000000,0.000000,0.000000,0.000000,0.000000,0.350849,0.350849,0.350849,0.350849,0.000256,horizon_mpc_secbf,8,0.000316,true,osqp,optimal,50,3.745647,0,-0.218326,geometric,false,0.748727,-0.043671,0.607463,0.423415,,,0.740467,0.077136,1.460767,2.640684
crossing,context_bl,Standard MPC-CBF,20,2.000,-0.575457,-0.053896,0.607463,0.423415,0.608724,0.100000,-0.640000,0.000000,0.580000,pedestrian,walking,attentive,0.524177,1.000000,0.000000,0.894293,0.294293,0.000000,0.000000,0.000000,0.000000,0.000000,0.000000,0.000000,0.294293,0.294293,0.294293,0.294293,0.000336,horizon_mpc_secbf,8,0.003877,true,osqp,optimal,50,3.971610,0,-0.206446,geometric,false,0.747835,-0.056943,0.569041,0.471239,,,0.738833,0.061346,1.534650,2.582913
crossing,context_bl,Standard MPC-CBF,21,2.100,-0.518553,-0.006772,0.569041,0.471239,0.691659,0.100000,-0.582000,0.000000,0.580000,pedestrian,walking,attentive,0.498579,1.000000,0.000000,0.844686,0.244686,0.000000,0.000000,0.000000,0.000000,0.000000,0.000000,0.000000,0.244686,0.244686,0.244686,0.244686,0.000441,horizon_mpc_secbf,8,0.013864,true,osqp,optimal,75,4.267416,0,-0.186588,geometric,false,0.746527,-0.072095,0.527257,0.513023,,,0.735658,0.059091,1.608216,2.530271
crossing,context_bl,Standard MPC-CBF,22,2.200,-0.465828,0.044530,0.527257,0.513023,0.771716,0.100000,-0.524000,0.000000,0.580000,pedestrian,walking,attentive,0.481900,1.000000,0.000000,0.802114,0.202114,0.000000,0.000000,0.000000,0.000000,0.000000,0.000000,0.000000,0.202114,0.202114,0.202114,0.202114,0.000637,horizon_mpc_secbf,8,0.034988,true,osqp,optimal,325,4.369637,0,-0.130991,geometric,false,0.744706,-0.088951,0.466679,0.573599,,,0.739463,0.085669,1.682162,2.483355
crossing,context_bl,Standard MPC-CBF,23,2.300,-0.419160,0.101890,0.466679,0.573599,0.887819,0.100000,-0.466000,0.000000,0.580000,pedestrian,walking,attentive,0.530126,1.000000,0.000000,0.769432,0.169432,0.000000,0.000000,0.000000,0.000000,0.000000,0.000000,0.000000,0.169432,0.169432,0.169432,0.169432,0.002153,horizon_mpc_secbf,8,0.102930,true,osqp,optimal,825,5.505286,0,-0.019335,geometric,false,0.742189,-0.107959,0.357473,0.648122,,,0.740169,0.132211,1.756179,2.444619
crossing,context_bl,Standard MPC-CBF,24,2.400,-0.383412,0.166702,0.357473,0.648122,1.066762,0.100000,-0.408000,0.000000,0.580000,pedestrian,walking,attentive,0.848309,1.000000,0.000000,0.750979,0.150979,0.000000,0.000000,0.000000,0.000000,0.000000,0.000000,0.000000,0.150979,0.150979,0.150979,0.150979,0.024605,horizon_mpc_secbf,8,0.153766,true,osqp,optimal,4025,16.151465,0,0.200466,geometric,false,0.738794,-0.129166,0.146318,0.735589,,,0.750000,0.228554,1.831179,2.419565
crossing,context_bl,Standard MPC-CBF,25,2.500,-0.368780,0.240261,0.146318,0.735589,1.374446,0.100000,-0.350000,0.000000,0.580000,pedestrian,walking,attentive,,0.000000,0.000000,0.753766,0.153766,0.000000,0.000000,0.000000,0.000000,0.000000,0.000000,0.000000,0.153766,0.153766,0.153766,0.153766,0.041049,horizon_mpc_secbf,8,0.156637,true,osqp,optimal,3450,16.220883,0,0.220492,geometric,false,0.734435,-0.152004,0.151775,0.733328,,,0.748869,0.005907,1.906066,2.418983
crossing,context_bl,Standard MPC-CBF,26,2.600,-0.353603,0.313594,0.151775,0.733328,1.366710,0.100000,-0.292000,0.000000,0.580000,pedestrian,walking,attentive,,0.000000,0.000000,0.756637,0.156637,0.000000,0.000000,0.000000,0.000000,0.000000,0.000000,0.000000,0.156637,0.156637,0.156637,0.156637,0.056151,horizon_mpc_secbf,8,0.051670,true,osqp,optimal,7200,27.197053,0,-0.002110,geometric,false,0.729380,-0.174657,0.416676,0.623603,,,0.750000,0.286726,1.981066,2.420141
crossing,context_bl,Standard MPC-CBF,27,2.700,-0.311935,0.375954,0.416676,0.623603,0.981750,0.100000,-0.234000,0.000000,0.580000,pedestrian,walking,attentive,0.690248,1.000000,0.000000,0.736026,0.136026,0.000000,0.000000,0.000000,0.000000,0.000000,0.000000,0.000000,0.136026,0.136026,0.136026,0.136026,0.086758,horizon_mpc_secbf,8,0.049610,true,osqp,optimal,6400,25.377663,0,0.025717,geometric,false,0.723935,-0.196005,0.416675,0.623604,,,0.750000,0.000002,2.056066,2.395175
crossing,context_bl,Standard MPC-CBF,28,2.800,-0.270268,0.438314,0.416675,0.623604,0.981752,0.100000,-0.176000,0.000000,0.580000,pedestrian,walking,attentive,0.659767,1.000000,0.000000,0.717273,0.117273,0.000000,0.000000,0.000000,0.000000,0.000000,0.000000,0.000000,0.117273,0.117273,0.117273,0.117273,0.114044,horizon_mpc_secbf,8,0.049610,true,osqp,optimal,1575,9.781855,0,0.053568,geometric,false,0.717737,-0.217608,0.416675,0.623604,,,0.750000,0.000000,2.131066,2.372318
crossing,context_bl,Standard MPC-CBF,29,2.900,-0.228600,0.500675,0.416675,0.623604,0.981753,0.100000,-0.118000,0.000000,0.580000,pedestrian,walking,attentive,0.640526,1.000000,0.000000,0.700526,0.100526,0.000000,0.000000,0.000000,0.000000,0.000000,0.000000,0.000000,0.100526,0.100526,0.100526,0.100526,0.136384,horizon_mpc_secbf,8,0.033381,true,osqp,optimal,2450,12.675667,0,0.079975,geometric,false,0.710762,-0.239411,0.416667,0.623609,,,0.750000,0.000009,2.206066,2.351632
crossing,context_bl,Standard MPC-CBF,30,3.000,-0.186934,0.563036,0.416667,0.623609,0.981765,0.100000,-0.060000,0.000000,0.580000,pedestrian,walking,attentive,0.638027,1.000000,0.000000,0.685933,0.085933,0.000000,0.000000,0.000000,0.000000,0.000000,0.000000,0.000000,0.085933,0.085933,0.085933,0.085933,0.146816,horizon_mpc_secbf,8,0.022752,true,osqp,optimal,1550,10.539955,0,0.098050,geometric,false,0.702991,-0.261351,0.416681,0.623600,,,0.750000,0.000017,2.281066,2.333175
crossing,context_bl,Standard MPC-CBF,31,3.100,-0.145266,0.625396,0.416681,0.623600,0.981743,0.100000,-0.002000,0.000000,0.580000,pedestrian,walking,attentive,0.662738,1.000000,0.000000,0.673632,0.073632,0.000000,0.000000,0.000000,0.000000,0.000000,0.000000,0.000000,0.073632,0.073632,0.073632,0.073632,0.132011,horizon_mpc_secbf,8,-0.016305,true,osqp,optimal,1875,10.905325,0,-0.016111,geometric,false,0.694411,-0.283361,0.502096,0.538186,,,0.736033,0.120794,2.354669,2.316999
crossing,context_bl,Standard MPC-CBF,32,3.200,-0.095056,0.679214,0.502096,0.538186,0.820077,0.100000,0.056000,0.000000,0.580000,pedestrian,walking,attentive,0.279263,1.000000,0.000000,0.653026,0.053026,0.000000,0.000000,0.000000,0.000000,0.000000,0.000000,0.000000,0.053026,0.053026,0.053026,0.053026,0.114239,horizon_mpc_secbf,8,-0.032566,true,osqp,optimal,2275,10.860803,0,-0.091465,geometric,false,0.685592,-0.304079,0.557043,0.483239,,,0.737439,0.077707,2.428413,2.291877
crossing,context_bl,Standard MPC-CBF,33,3.300,-0.039352,0.727538,0.557043,0.483239,0.714571,0.100000,0.114000,0.000000,0.580000,pedestrian,walking,attentive,0.133945,1.000000,0.000000,0.629165,0.029165,0.000000,0.000000,0.000000,0.000000,0.000000,0.000000,0.000000,0.029165,0.029165,0.029165,0.029165,0.092284,horizon_mpc_secbf,8,-0.039747,true,osqp,optimal,3375,14.902320,0,-0.163568,geometric,false,0.676317,-0.324184,0.613267,0.427015,,,0.747287,0.079513,2.503142,2.261534
crossing,context_bl,Standard MPC-CBF,34,3.400,0.021975,0.770240,0.613267,0.427015,0.608235,0.100000,0.172000,0.000000,0.580000,pedestrian,walking,attentive,0.014313,1.000000,0.000000,0.603306,0.003306,0.000000,0.000000,0.000000,0.000000,0.000000,0.000000,0.000000,0.003306,0.003306,0.003306,0.003306,0.076768,horizon_mpc_secbf,8,-0.040193,true,osqp,optimal,3425,13.805666,0,-0.162492,geometric,false,0.666558,-0.343802,0.623580,0.416709,,,0.749999,0.014579,2.578142,2.225640
crossing,context_bl,Standard MPC-CBF,35,3.500,0.084333,0.811911,0.623580,0.416709,0.589100,0.100000,0.230000,0.000000,0.580000,pedestrian,walking,attentive,0.000000,1.000000,0.000000,0.582122,-0.017878,0.000000,0.000000,0.000000,0.000000,0.000000,0.000000,0.000000,-0.017878,-0.017878,-0.017878,-0.017878,0.061980,horizon_mpc_secbf,8,-0.040205,true,osqp,optimal,2425,10.991804,0,-0.135998,geometric,false,0.655959,-0.363617,0.623637,0.416625,,,0.750000,0.000102,2.653142,2.190305
crossing,context_bl,Standard MPC-CBF,36,3.600,0.146697,0.853573,0.623637,0.416625,0.588964,0.100000,0.288000,0.000000,0.580000,pedestrian,walking,attentive,0.000000,1.000000,0.000000,0.567498,-0.032502,0.000000,0.000000,0.000000,0.000000,0.000000,0.000000,0.000000,-0.032502,-0.032502,-0.032502,-0.032502,0.044308,horizon_mpc_secbf,8,-0.038271,true,osqp,optimal,1725,9.286588,0,-0.072507,geometric,false,0.644406,-0.383720,0.593919,0.446363,,,0.742953,0.042042,2.727437,2.156990
crossing,context_bl,Standard MPC-CBF,37,3.700,0.206089,0.898210,0.593919,0.446363,0.644496,0.100000,0.346000,0.000000,0.580000,pedestrian,walking,attentive,0.000000,1.000000,0.000000,0.562308,-0.037692,0.000000,0.000000,0.000000,0.000000,0.000000,0.000000,0.000000,-0.037692,-0.037692,-0.037692,-0.037692,0.032214,horizon_mpc_secbf,8,-0.030452,true,osqp,optimal,1300,8.839165,0,0.044350,geometric,false,0.631687,-0.404317,0.506932,0.533350,,,0.735827,0.123018,2.801020,2.129907
crossing,context_bl,Standard MPC-CBF,38,3.800,0.256782,0.951544,0.506932,0.533350,0.810787,0.100000,0.404000,0.000000,0.580000,pedestrian,walking,attentive,,0.000000,0.000000,0.569548,-0.030452,0.000000,0.000000,0.000000,0.000000,0.000000,0.000000,0.000000,-0.030452,-0.030452,-0.030452,-0.030452,0.017080,horizon_mpc_secbf,8,-0.013969,true,osqp,optimal,2675,12.463351,0,0.137906,geometric,false,0.617521,-0.425638,0.424464,0.615817,,,0.747931,0.116628,2.875813,2.117196
crossing,context_bl,Standard MPC-CBF,39,3.900,0.299228,1.013126,0.424464,0.615817,0.967309,0.100000,0.462000,0.000000,0.580000,pedestrian,walking,attentive,,0.000000,0.000000,0.586031,-0.013969,0.000000,0.000000,0.000000,0.000000,0.000000,0.000000,0.000000,-0.013969,-0.013969,-0.013969,-0.013969,0.002388,horizon_mpc_secbf,8,-0.000281,true,osqp,optimal,450,6.218718,0,0.102419,geometric,false,0.602109,-0.447174,0.531001,0.509268,,,0.735741,0.150675,2.949387,2.118517
crossing,context_bl,Standard MPC-CBF,40,4.000,0.352328,1.064053,0.531001,0.509268,0.764509,0.100000,0.520000,0.000000,0.580000,pedestrian,walking,attentive,,0.000000,0.000000,0.599719,-0.000281,0.000000,0.000000,0.000000,0.000000,0.000000,0.000000,0.000000,-0.000281,-0.000281,-0.000281,-0.000281,0.000324,horizon_mpc_secbf,8,0.000071,true,osqp,optimal,200,4.950531,0,-0.052071,geometric,false,0.586360,-0.467634,0.717608,0.189731,,,0.742266,0.370035,3.023614,2.107500
crossing,context_bl,Standard MPC-CBF,41,4.100,0.424089,1.083026,0.717608,0.189731,0.258479,0.100000,0.578000,0.000000,0.580000,pedestrian,walking,attentive,,0.000000,0.000000,0.600071,0.000071,0.000000,0.000000,0.000000,0.000000,0.000000,0.000000,0.000000,0.000071,0.000071,0.000071,0.000071,0.000304,horizon_mpc_secbf,8,-0.000139,true,osqp,optimal,125,3.565571,1,-0.072856,geometric,false,0.572618,-0.484364,0.735599,0.020934,,,0.735896,0.169753,3.097203,2.064087
crossing,context_bl,Standard MPC-CBF,42,4.200,0.497649,1.085120,0.735599,0.020934,0.028451,0.100000,0.636000,0.000000,0.580000,pedestrian,walking,attentive,,0.000000,0.000000,0.599861,-0.000139,0.000000,0.000000,0.000000,0.000000,0.000000,0.000000,0.000000,-0.000139,-0.000139,-0.000139,-0.000139,0.000003,horizon_mpc_secbf,8,0.000006,true,osqp,optimal,75,4.743077,0,-0.089716,geometric,false,0.560613,-0.498210,0.720164,-0.177276,,,0.741663,0.198810,3.171369,2.009876
crossing,context_bl,Standard MPC-CBF,43,4.300,0.569665,1.067392,0.720164,-0.177276,-0.241362,0.100000,0.694000,0.000000,0.580000,pedestrian,walking,attentive,,0.000000,0.000000,0.600006,0.000006,0.000000,0.000000,0.000000,0.000000,0.000000,0.000000,0.000000,0.000006,0.000006,0.000006,0.000006,0.000000,horizon_mpc_secbf,8,0.014367,true,osqp,optimal,75,3.920611,1,0.050230,geometric,false,0.551663,-0.508102,0.703394,-0.224048,,,0.738214,0.049687,3.245191,1.944577
crossing,context_bl,Standard MPC-CBF,44,4.400,0.640005,1.044987,0.703394,-0.224048,-0.308363,0.100000,0.752000,0.000000,0.580000,pedestrian,walking,attentive,,0.000000,0.000000,0.614367,0.014367,0.000000,0.000000,0.000000,0.000000,0.000000,0.000000,0.000000,0.014367,0.014367,0.014367,0.014367,0.000000,horizon_mpc_secbf,8,0.044573,true,osqp,optimal,75,4.260033,0,0.228909,geometric,false,0.543153,-0.517190,0.693410,-0.248151,,,0.736476,0.026089,3.318838,1.877919
crossing,context_bl,Standard MPC-CBF,45,4.500,0.709346,1.020172,0.693410,-0.248151,-0.343669,0.100000,0.810000,0.000000,0.580000,pedestrian,walking,attentive,,0.000000,0.000000,0.644573,0.044573,0.000000,0.000000,0.000000,0.000000,0.000000,0.000000,0.000000,0.044573,0.044573,0.044573,0.044573,0.000000,horizon_mpc_secbf,8,0.089185,true,osqp,optimal,75,5.075778,0,0.413664,geometric,false,0.534555,-0.526072,0.683948,-0.270994,,,0.735679,0.024726,3.392406,1.810836
crossing,context_bl,Standard MPC-CBF,46,4.600,0.777741,0.993073,0.683948,-0.270994,-0.377244,0.100000,0.868000,0.000000,0.580000,pedestrian,walking,attentive,,0.000000,0.000000,0.689185,0.089185,0.000000,0.000000,0.000000,0.000000,0.000000,0.000000,0.000000,0.089185,0.089185,0.089185,0.089185,0.000000,horizon_mpc_secbf,8,0.146050,true,osqp,optimal,75,4.053348,0,0.592721,geometric,false,0.525834,-0.534788,0.673665,-0.295814,,,0.735752,0.026866,3.465982,1.743315
crossing,context_bl,Standard MPC-CBF,47,4.700,0.845107,0.963491,0.673665,-0.295814,-0.413762,0.100000,0.926000,0.000000,0.580000,pedestrian,walking,attentive,,0.000000,0.000000,0.746050,0.146050,0.000000,0.000000,0.000000,0.000000,0.000000,0.000000,0.000000,0.146050,0.146050,0.146050,0.146050,0.000000,horizon_mpc_secbf,8,0.213072,true,osqp,optimal,75,4.265535,0,0.762347,geometric,false,0.517050,-0.543285,0.662501,-0.322765,,,0.736942,0.029172,3.539676,1.675213
crossing,context_bl,Standard MPC-CBF,48,4.800,0.911357,0.931215,0.662501,-0.322765,-0.453348,0.100000,0.984000,0.000000,0.580000,pedestrian,walking,attentive,,0.000000,0.000000,0.813072,0.213072,0.000000,0.000000,0.000000,0.000000,0.000000,0.000000,0.000000,0.213072,0.213072,0.213072,0.213072,0.000000,horizon_mpc_secbf,8,0.288484,true,osqp,optimal,75,3.871687,0,0.922769,geometric,false,0.508279,-0.551500,0.650595,-0.351504,,,0.739479,0.031108,3.613624,1.606366
crossing,context_bl,Standard MPC-CBF,49,4.900,0.976417,0.896064,0.650595,-0.351504,-0.495351,0.100000,1.042000,0.000000,0.580000,pedestrian,walking,attentive,,0.000000,0.000000,0.888484,0.288484,0.000000,0.000000,0.000000,0.000000,0.000000,0.000000,0.000000,0.288484,0.288484,0.288484,0.288484,0.000000,horizon_mpc_secbf,8,0.370897,true,osqp,optimal,75,3.739073,0,1.075882,geometric,false,0.499596,-0.559378,0.638111,-0.381652,,,0.743534,0.032630,3.687977,1.536615
crossing,context_bl,Standard MPC-CBF,50,5.000,1.040228,0.857899,0.638111,-0.381652,-0.539018,0.100000,1.100000,0.000000,0.580000,pedestrian,walking,attentive,,0.000000,0.000000,0.970897,0.370897,0.000000,0.000000,0.000000,0.000000,0.000000,0.000000,0.000000,0.370897,0.370897,0.370897,0.370897,0.000000,horizon_mpc_secbf,8,0.459158,true,osqp,optimal,75,3.087498,0,1.222849,geometric,false,0.491079,-0.566870,0.624239,-0.412276,,,0.748095,0.033620,3.762787,1.465812
crossing,context_bl,Standard MPC-CBF,51,5.100,1.102652,0.816672,0.624239,-0.412276,-0.583684,0.100000,1.158000,0.000000,0.580000,pedestrian,walking,attentive,,0.000000,0.000000,1.059158,0.459158,0.000000,0.000000,0.000000,0.000000,0.000000,0.000000,0.000000,0.459158,0.459158,0.459158,0.459158,0.000000,horizon_mpc_secbf,8,0.551522,true,osqp,optimal,100,3.914249,0,1.357009,geometric,false,0.482818,-0.573922,0.601700,-0.438580,,,0.744577,0.034639,3.837244,1.393923
crossing,context_bl,Standard MPC-CBF,52,5.200,1.162822,0.772814,0.601700,-0.438580,-0.629861,0.100000,1.216000,0.000000,0.580000,pedestrian,walking,attentive,,0.000000,0.000000,1.151522,0.551522,0.000000,0.000000,0.000000,0.000000,0.000000,0.000000,0.000000,0.551522,0.551522,0.551522,0.551522,0.000000,horizon_mpc_secbf,8,0.647111,true,osqp,optimal,100,4.858660,0,1.485340,geometric,false,0.475041,-0.580376,0.576510,-0.463771,,,0.739897,0.035624,3.911234,1.321747
crossing,context_bl,Standard MPC-CBF,53,5.300,1.220473,0.726437,0.576510,-0.463771,-0.677445,0.100000,1.274000,0.000000,0.580000,pedestrian,walking,attentive,,0.000000,0.000000,1.247111,0.647111,0.000000,0.000000,0.000000,0.000000,0.000000,0.000000,0.000000,0.647111,0.647111,0.647111,0.647111,0.000000,horizon_mpc_secbf,8,0.745488,true,osqp,optimal,100,5.042718,0,1.611676,geometric,false,0.467927,-0.586126,0.551068,-0.489216,,,0.736890,0.035983,3.984923,1.249436
crossing,context_bl,Standard MPC-CBF,54,5.400,1.275579,0.677515,0.551068,-0.489216,-0.726011,0.100000,1.332000,0.000000,0.580000,pedestrian,walking,attentive,,0.000000,0.000000,1.345488,0.745488,0.000000,0.000000,0.000000,0.000000,0.000000,0.000000,0.000000,0.745488,0.745488,0.745488,0.745488,0.000000,horizon_mpc_secbf,8,0.846361,true,osqp,optimal,100,4.324001,0,1.737238,geometric,false,0.461654,-0.591080,0.525691,-0.514595,,,0.735635,0.035889,4.058487,1.176890
crossing,context_bl,Standard MPC-CBF,55,5.500,1.328149,0.626055,0.525691,-0.514595,-0.774732,0.100000,1.390000,0.000000,0.580000,pedestrian,walking,attentive,,0.000000,0.000000,1.446361,0.846361,0.000000,0.000000,0.000000,0.000000,0.000000,0.000000,0.000000,0.846361,0.846361,0.846361,0.846361,0.000000,horizon_mpc_secbf,8,0.949532,true,osqp,optimal,125,4.630052,0,1.862873,geometric,false,0.456413,-0.595136,0.500712,-0.539577,,,0.736108,0.035328,4.132097,1.104019
crossing,context_bl,Standard MPC-CBF,56,5.600,1.378220,0.572098,0.500712,-0.539577,-0.822741,0.100000,1.448000,0.000000,0.580000,pedestrian,walking,attentive,,0.000000,0.000000,1.549532,0.949532,0.000000,0.000000,0.000000,0.000000,0.000000,0.000000,0.000000,0.949532,0.949532,0.949532,0.949532,0.000000,horizon_mpc_secbf,8,1.054872,true,osqp,optimal,125,3.513681,0,1.989197,geometric,false,0.452421,-0.598177,0.476685,-0.563604,,,0.738159,0.033980,4.205913,1.030755
crossing,context_bl,Standard MPC-CBF,57,5.700,1.425888,0.515737,0.476685,-0.563604,-0.868757,0.100000,1.506000,0.000000,0.580000,pedestrian,walking,attentive,,0.000000,0.000000,1.654872,1.054872,0.000000,0.000000,0.000000,0.000000,0.000000,0.000000,0.000000,1.054872,1.054872,1.054872,1.054872,0.000000,horizon_mpc_secbf,8,1.162304,true,osqp,optimal,100,3.859028,0,2.116805,geometric,false,0.449904,-0.600072,0.455447,-0.584834,,,0.741258,0.030029,4.280039,0.957057
crossing,context_bl,Standard MPC-CBF,58,5.800,1.471433,0.457254,0.455447,-0.584834,-0.909140,0.100000,1.564000,0.000000,0.580000,pedestrian,walking,attentive,,0.000000,0.000000,1.762304,1.162304,0.000000,0.000000,0.000000,0.000000,0.000000,0.000000,0.000000,1.162304,1.162304,1.162304,1.162304,0.000000,horizon_mpc_secbf,8,1.271834,true,osqp,optimal,100,4.309865,0,2.246880,geometric,false,0.448981,-0.600763,0.446178,-0.594117,,,0.743001,0.013119,4.354339,0.882945
crossing,context_bl,Standard MPC-CBF,59,5.900,1.516051,0.397842,0.446178,-0.594117,-0.926660,0.100000,1.622000,0.000000,0.580000,pedestrian,walking,attentive,,0.000000,0.000000,1.871834,1.271834,0.000000,0.000000,0.000000,0.000000,0.000000,0.000000,0.000000,1.271834,1.271834,1.271834,1.271834,0.000000,horizon_mpc_secbf,8,1.383260,true,osqp,optimal,125,4.632343,0,2.377058,geometric,false,0.448852,-0.600859,0.444494,-0.595804,,,0.743342,0.002383,4.428673,0.808645
crossing,context_bl,Standard MPC-CBF,60,6.000,1.560500,0.338262,0.444494,-0.595804,-0.929833,0.100000,1.680000,0.000000,0.580000,pedestrian,walking,attentive,,0.000000,0.000000,1.983260,1.383260,0.000000,0.000000,0.000000,0.000000,0.000000,0.000000,0.000000,1.383260,1.383260,1.383260,1.383260,0.000000,horizon_mpc_secbf,8,1.496302,true,osqp,optimal,100,3.763090,0,2.506047,geometric,false,0.448890,-0.600831,0.444235,-0.596067,,,0.743398,0.000370,4.503013,0.734311
crossing,context_bl,Standard MPC-CBF,61,6.100,1.604924,0.278655,0.444235,-0.596067,-0.930325,0.100000,1.738000,0.000000,0.580000,pedestrian,walking,attentive,,0.000000,0.000000,2.096302,1.496302,0.000000,0.000000,0.000000,0.000000,0.000000,0.000000,0.000000,1.496302,1.496302,1.496302,1.496302,0.000000,horizon_mpc_secbf,8,1.610712,true,osqp,optimal,100,4.437306,0,2.633924,geometric,false,0.448970,-0.600771,0.444238,-0.596044,,,0.743381,0.000023,4.577351,0.659971
crossing,context_bl,Standard MPC-CBF,62,6.200,1.649347,0.219051,0.444238,-0.596044,-0.930303,0.100000,1.796000,0.000000,0.580000,pedestrian,walking,attentive,,0.000000,0.000000,2.210712,1.610712,0.000000,0.000000,0.000000,0.000000,0.000000,0.000000,0.000000,1.610712,1.610712,1.610712,1.610712,0.000000,horizon_mpc_secbf,8,1.726288,true,osqp,optimal,100,3.651580,0,2.760947,geometric,false,0.449069,-0.600697,0.444311,-0.595970,,,0.743366,0.000104,4.651688,0.585633
crossing,context_bl,Standard MPC-CBF,63,6.300,1.693779,0.159454,0.444311,-0.595970,-0.930165,0.100000,1.854000,0.000000,0.580000,pedestrian,walking,attentive,,0.000000,0.000000,2.326288,1.726288,0.000000,0.000000,0.000000,0.000000,0.000000,0.000000,0.000000,1.726288,1.726288,1.726288,1.726288,0.000000,horizon_mpc_secbf,8,1.842865,true,osqp,optimal,100,3.774785,0,2.887305,geometric,false,0.449184,-0.600611,0.444407,-0.595874,,,0.743346,0.000136,4.726023,0.511296
crossing,context_bl,Standard MPC-CBF,64,6.400,1.738219,0.099866,0.444407,-0.595874,-0.929984,0.100000,1.912000,0.000000,0.580000,pedestrian,walking,attentive,,0.000000,0.000000,2.442865,1.842865,0.000000,0.000000,0.000000,0.000000,0.000000,0.000000,0.000000,1.842865,1.842865,1.842865,1.842865,0.000000,horizon_mpc_secbf,8,1.960307,true,osqp,optimal,75,4.050443,0,3.013168,geometric,false,0.449320,-0.600510,0.444532,-0.595769,,,0.743337,0.000163,4.800356,0.436962
crossing,context_bl,Standard MPC-CBF,65,6.500,1.782672,0.040289,0.444532,-0.595769,-0.929766,0.100000,1.970000,0.000000,0.580000,pedestrian,walking,attentive,,0.000000,0.000000,2.560307,1.960307,0.000000,0.000000,0.000000,0.000000,0.000000,0.000000,0.000000,1.960307,1.960307,1.960307,1.960307,0.000000,horizon_mpc_secbf,8,2.078496,true,osqp,optimal,75,3.982939,0,3.138625,geometric,false,0.449484,-0.600386,0.444669,-0.595629,,,0.743307,0.000196,4.874687,0.362628
crossing,context_bl,Standard MPC-CBF,66,6.600,1.827139,-0.019274,0.444669,-0.595629,-0.929505,0.100000,2.028000,0.000000,0.580000,pedestrian,walking,attentive,,0.000000,0.000000,2.678496,2.078496,0.000000,0.000000,0.000000,0.000000,0.000000,0.000000,0.000000,2.078496,2.078496,2.078496,2.078496,0.000000,horizon_mpc_secbf,8,2.197336,true,osqp,optimal,75,3.991600,0,3.263780,geometric,false,0.449693,-0.600230,0.444843,-0.595453,,,0.743269,0.000248,4.949014,0.288298
crossing,context_bl,Standard MPC-CBF,67,6.700,1.871624,-0.078819,0.444843,-0.595453,-0.929176,0.100000,2.086000,0.000000,0.580000,pedestrian,walking,attentive,,0.000000,0.000000,2.797336,2.197336,0.000000,0.000000,0.000000,0.000000,0.000000,0.000000,0.000000,2.197336,2.197336,2.197336,2.197336,0.000000,horizon_mpc_secbf,8,2.316746,true,osqp,optimal,100,4.978813,0,3.388689,geometric,false,0.449979,-0.600016,0.445072,-0.595208,,,0.743210,0.000336,5.023335,0.213971
crossing,context_bl,Standard MPC-CBF,68,6.800,1.916131,-0.138340,0.445072,-0.595208,-0.928731,0.100000,2.144000,0.000000,0.580000,pedestrian,walking,attentive,,0.000000,0.000000,2.916746,2.316746,0.000000,0.000000,0.000000,0.000000,0.000000,0.000000,0.000000,2.316746,2.316746,2.316746,2.316746,0.000000,horizon_mpc_secbf,8,2.436654,true,osqp,optimal,100,3.953978,0,3.513409,geometric,false,0.450426,-0.599680,0.445437,-0.594843,,,0.743137,0.000516,5.097649,0.139650
crossing,context_bl,Standard MPC-CBF,69,6.900,1.960675,-0.197824,0.445437,-0.594843,-0.928043,0.100000,2.202000,0.000000,0.580000,pedestrian,walking,attentive,,0.000000,0.000000,3.036654,2.436654,0.000000,0.000000,0.000000,0.000000,0.000000,0.000000,0.000000,2.436654,2.436654,2.436654,2.436654,0.000000,horizon_mpc_secbf,8,2.549571,true,osqp,optimal,75,4.500275,0,3.563716,geometric,false,0.393254,-0.521760,0.402208,-0.534299,,,0.668765,0.074393,5.164525,0.065336
crossing,context_bl,Standard MPC-CBF,70,7.000,2.000895,-0.251254,0.402208,-0.534299,-0.925521,0.100000,2.260000,0.000000,0.580000,pedestrian,walking,attentive,,0.000000,0.000000,3.149571,2.549571,0.000000,0.000000,0.000000,0.000000,0.000000,0.000000,0.000000,2.549571,2.549571,2.549571,2.549571,0.000000,horizon_mpc_secbf,8,2.596013,true,osqp,optimal,50,4.067505,0,3.012106,geometric,false,-0.008953,0.012539,0.002354,0.001679,,,0.002891,0.668696,5.164814,0.001541
crossing,context_bl,Standard MPC-CBF,71,7.100,2.001131,-0.251086,0.002354,0.001679,0.619387,0.100000,2.318000,0.000000,0.580000,pedestrian,walking,attentive,,0.000000,0.000000,3.196013,2.596013,0.000000,0.000000,0.000000,0.000000,0.000000,0.000000,0.000000,2.596013,2.596013,2.596013,2.596013,0.000000,horizon_mpc_secbf,8,2.641542,true,osqp,optimal,50,4.488659,0,3.049446,geometric,false,-0.011307,0.010860,-0.008963,0.009285,,,0.012905,0.013636,5.166105,0.001568
crossing,context_bl,Standard MPC-CBF,72,7.200,2.000234,-0.250158,-0.008963,0.009285,2.338572,0.100000,2.376000,0.000000,0.580000,pedestrian,walking,attentive,,0.000000,0.000000,3.241542,2.641542,0.000000,0.000000,0.000000,0.000000,0.000000,0.000000,0.000000,2.641542,2.641542,2.641542,2.641542,0.000000,horizon_mpc_secbf,8,2.688269,true,osqp,optimal,50,3.257978,0,3.107045,geometric,false,-0.002344,0.001576,-0.003480,0.002898,,,0.004529,0.008417,5.166558,0.000282
crossing,context_bl,Standard MPC-CBF,73,7.300,1.999886,-0.249868,-0.003480,0.002898,2.447108,0.100000,2.434000,0.000000,0.580000,pedestrian,walking,attentive,,0.000000,0.000000,3.288269,2.688269,0.000000,0.000000,0.000000,0.000000,0.000000,0.000000,0.000000,2.688269,2.688269,2.688269,2.688269,0.000000,horizon_mpc_secbf,8,2.735846,true,osqp,optimal,50,4.492962,0,3.162349,geometric,false,0.001136,-0.001323,0.000344,-0.000598,,,0.000690,0.005181,5.166627,0.000174
crossing,context_bl,Standard MPC-CBF,74,7.400,1.999921,-0.249928,0.000344,-0.000598,-1.049419,0.100000,2.492000,0.000000,0.580000,pedestrian,walking,attentive,,0.000000,0.000000,3.335846,2.735846,0.000000,0.000000,0.000000,0.000000,0.000000,0.000000,0.000000,2.735846,2.735846,2.735846,2.735846,0.000000,horizon_mpc_secbf,8,2.783778,true,osqp,optimal,25,4.360633,0,3.213562,geometric,false,0.000792,-0.000724,0.000712,-0.000699,,,0.000998,0.000382,5.166726,0.000107
crossing,context_bl,Standard MPC-CBF,75,7.500,1.999992,-0.249997,0.000712,-0.000699,-0.775576,0.100000,2.550000,0.000000,0.580000,pedestrian,walking,attentive,,0.000000,0.000000,3.383778,2.783778,0.000000,0.000000,0.000000,0.000000,0.000000,0.000000,0.000000,2.783778,2.783778,2.783778,2.783778,0.000000,horizon_mpc_secbf,8,2.831949,true,osqp,optimal,25,4.100973,0,3.263937,geometric,false,0.000080,-0.000026,0.000188,-0.000141,,,0.000235,0.000766,5.166750,0.000008
crossing,context_bl,Standard MPC-CBF,76,7.600,2.000011,-0.250012,0.000188,-0.000141,-0.643133,0.100000,2.608000,0.000000,0.580000,pedestrian,walking,attentive,,0.000000,0.000000,3.431949,2.831949,0.000000,0.000000,0.000000,0.000000,0.000000,0.000000,0.000000,2.831949,2.831949,2.831949,2.831949,0.000000,horizon_mpc_secbf,8,2.880388,true,osqp,optimal,25,4.055167,0,3.314863,geometric,false,-0.000108,0.000115,-0.000057,0.000071,,,0.000091,0.000324,5.166759,0.000016
crossing,context_bl,Standard MPC-CBF,77,7.700,2.000005,-0.250004,-0.000057,0.000071,2.251436,0.100000,2.666000,0.000000,0.580000,pedestrian,walking,attentive,,0.000000,0.000000,3.480388,2.880388,0.000000,0.000000,0.000000,0.000000,0.000000,0.000000,0.000000,2.880388,2.880388,2.880388,2.880388,0.000000,horizon_mpc_secbf,8,2.929118,true,osqp,optimal,25,5.395574,0,3.366265,geometric,false,-0.000051,0.000044,-0.000052,0.000049,,,0.000071,0.000023,5.166766,0.000007
crossing,context_bl,Standard MPC-CBF,78,7.800,2.000000,-0.250000,-0.000052,0.000049,2.389421,0.100000,2.724000,0.000000,0.580000,pedestrian,walking,attentive,,0.000000,0.000000,3.529118,2.929118,0.000000,0.000000,0.000000,0.000000,0.000000,0.000000,0.000000,2.929118,2.929118,2.929118,2.929118,0.000000,horizon_mpc_secbf,8,2.978131,true,osqp,optimal,25,3.995149,0,3.417883,geometric,false,0.000001,-0.000004,-0.000007,-0.000001,,,0.000007,0.000068,5.166767,0.000000
crossing,context_bl,Standard MPC-CBF,79,7.900,1.999999,-0.250000,-0.000007,-0.000001,-2.928420,0.100000,2.782000,0.000000,0.580000,pedestrian,walking,attentive,,0.000000,0.000000,3.578131,2.978131,0.000000,0.000000,0.000000,0.000000,0.000000,0.000000,0.000000,2.978131,2.978131,2.978131,2.978131,0.000000,horizon_mpc_secbf,8,3.027409,true,osqp,optimal,25,3.819933,0,3.469610,geometric,false,0.000008,-0.000003,0.000005,-0.000003,,,0.000006,0.000012,5.166767,0.000001
crossing,context_bl,Standard MPC-CBF,80,8.000,2.000000,-0.250000,0.000005,-0.000003,-0.450465,0.100000,2.840000,0.000000,0.580000,pedestrian,walking,attentive,,0.000000,0.000000,3.627409,3.027409,0.000000,0.000000,0.000000,0.000000,0.000000,0.000000,0.000000,3.027409,3.027409,3.027409,3.027409,0.000000,horizon_mpc_secbf,8,3.076942,true,osqp,optimal,25,4.978520,0,3.521483,geometric,false,0.000003,-0.000000,0.000003,-0.000001,,,0.000003,0.000003,5.166768,0.000000
crossing,context_bl,Standard MPC-CBF,81,8.100,2.000000,-0.250000,0.000003,-0.000001,-0.207548,0.100000,2.898000,0.000000,0.580000,pedestrian,walking,attentive,,0.000000,0.000000,3.676942,3.076942,0.000000,0.000000,0.000000,0.000000,0.000000,0.000000,0.000000,3.076942,3.076942,3.076942,3.076942,0.000000,horizon_mpc_secbf,8,3.126719,true,osqp,optimal,25,4.305298,0,3.573507,geometric,false,-0.000000,0.000000,0.000000,0.000000,,,0.000000,0.000003,5.166768,0.000000
crossing,context_bl,Standard MPC-CBF,82,8.200,2.000000,-0.250000,0.000000,0.000000,1.031689,0.100000,2.956000,0.000000,0.580000,pedestrian,walking,attentive,,0.000000,0.000000,3.726719,3.126719,0.000000,0.000000,0.000000,0.000000,0.000000,0.000000,0.000000,3.126719,3.126719,3.126719,3.126719,0.000000,horizon_mpc_secbf,8,3.176731,true,osqp,optimal,25,4.727612,0,3.625678,geometric,false,-0.000001,0.000000,-0.000000,0.000000,,,0.000001,0.000001,5.166768,0.000000
crossing,context_bl,Standard MPC-CBF,83,8.300,2.000000,-0.250000,-0.000000,0.000000,2.772714,0.100000,3.014000,0.000000,0.580000,pedestrian,walking,attentive,,0.000000,0.000000,3.776731,3.176731,0.000000,0.000000,0.000000,0.000000,0.000000,0.000000,0.000000,3.176731,3.176731,3.176731,3.176731,0.000000,horizon_mpc_secbf,8,3.226968,true,osqp,optimal,25,5.085071,0,3.677990,geometric,false,-0.000000,-0.000000,-0.000000,0.000000,,,0.000000,0.000000,5.166768,0.000000
crossing,context_bl,Standard MPC-CBF,84,8.400,2.000000,-0.250000,-0.000000,0.000000,2.998462,0.100000,3.072000,0.000000,0.580000,pedestrian,walking,attentive,,0.000000,0.000000,3.826968,3.226968,0.000000,0.000000,0.000000,0.000000,0.000000,0.000000,0.000000,3.226968,3.226968,3.226968,3.226968,0.000000,horizon_mpc_secbf,8,3.277422,true,osqp,optimal,25,3.621363,0,3.730437,geometric,false,0.000000,-0.000000,0.000000,-0.000000,,,0.000000,0.000000,5.166768,0.000000
crossing,context_bl,Standard MPC-CBF,85,8.500,2.000000,-0.250000,0.000000,-0.000000,-0.897381,0.100000,3.130000,0.000000,0.580000,pedestrian,walking,attentive,,0.000000,0.000000,3.877422,3.277422,0.000000,0.000000,0.000000,0.000000,0.000000,0.000000,0.000000,3.277422,3.277422,3.277422,3.277422,0.000000,horizon_mpc_secbf,8,3.328084,true,osqp,optimal,25,3.298129,0,3.783016,geometric,false,0.000000,-0.000000,0.000000,-0.000000,,,0.000000,0.000000,5.166768,0.000000
crossing,context_bl,Standard MPC-CBF,86,8.600,2.000000,-0.250000,0.000000,-0.000000,-0.311324,0.100000,3.188000,0.000000,0.580000,pedestrian,walking,attentive,,0.000000,0.000000,3.928084,3.328084,0.000000,0.000000,0.000000,0.000000,0.000000,0.000000,0.000000,3.328084,3.328084,3.328084,3.328084,0.000000,horizon_mpc_secbf,8,3.378947,true,osqp,optimal,25,4.547414,0,3.835721,geometric,false,0.000000,0.000000,0.000000,-0.000000,,,0.000000,0.000000,5.166768,0.000000
crossing,context_bl,Standard MPC-CBF,87,8.700,2.000000,-0.250000,0.000000,-0.000000,-0.311168,0.100000,3.246000,0.000000,0.580000,pedestrian,walking,attentive,,0.000000,0.000000,3.978947,3.378947,0.000000,0.000000,0.000000,0.000000,0.000000,0.000000,0.000000,3.378947,3.378947,3.378947,3.378947,0.000000,horizon_mpc_secbf,8,3.430002,true,osqp,optimal,25,3.733759,0,3.888549,geometric,false,0.000000,0.000000,0.000000,-0.000000,,,0.000000,0.000000,5.166768,0.000000
crossing,context_bl,Standard MPC-CBF,88,8.800,2.000000,-0.250000,0.000000,-0.000000,-0.311012,0.100000,3.304000,0.000000,0.580000,pedestrian,walking,attentive,,0.000000,0.000000,4.030002,3.430002,0.000000,0.000000,0.000000,0.000000,0.000000,0.000000,0.000000,3.430002,3.430002,3.430002,3.430002,0.000000,horizon_mpc_secbf,8,3.481243,true,osqp,optimal,25,4.223810,0,3.941496,geometric,false,0.000000,0.000000,0.000000,-0.000000,,,0.000000,0.000000,5.166768,0.000000
crossing,context_bl,Standard MPC-CBF,89,8.900,2.000000,-0.250000,0.000000,-0.000000,-0.311012,0.100000,3.362000,0.000000,0.580000,pedestrian,walking,attentive,,0.000000,0.000000,4.081243,3.481243,0.000000,0.000000,0.000000,0.000000,0.000000,0.000000,0.000000,3.481243,3.481243,3.481243,3.481243,0.000000,horizon_mpc_secbf,8,3.532663,true,osqp,optimal,25,4.860385,0,3.994557,geometric,false,0.000000,0.000000,0.000000,-0.000000,,,0.000000,0.000000,5.166768,0.000000
crossing,context_bl,Standard MPC-CBF,90,9.000,2.000000,-0.250000,0.000000,-0.000000,-0.311012,0.100000,3.420000,0.000000,0.580000,pedestrian,walking,attentive,,0.000000,0.000000,4.132663,3.532663,0.000000,0.000000,0.000000,0.000000,0.000000,0.000000,0.000000,3.532663,3.532663,3.532663,3.532663,0.000000,horizon_mpc_secbf,8,3.584254,true,osqp,optimal,25,3.859598,0,4.047730,geometric,false,0.000000,0.000000,0.000000,-0.000000,,,0.000000,0.000000,5.166768,0.000000
crossing,context_bl,Standard MPC-CBF,91,9.100,2.000000,-0.250000,0.000000,-0.000000,-0.311012,0.100000,3.478000,0.000000,0.580000,pedestrian,walking,attentive,,0.000000,0.000000,4.184254,3.584254,0.000000,0.000000,0.000000,0.000000,0.000000,0.000000,0.000000,3.584254,3.584254,3.584254,3.584254,0.000000,horizon_mpc_secbf,8,3.636012,true,osqp,optimal,25,4.482796,0,4.101011,geometric,false,0.000000,0.000000,0.000000,-0.000000,,,0.000000,0.000000,5.166768,0.000000
crossing,context_bl,Standard MPC-CBF,92,9.200,2.000000,-0.250000,0.000000,-0.000000,-0.311012,0.100000,3.536000,0.000000,0.580000,pedestrian,walking,attentive,,0.000000,0.000000,4.236012,3.636012,0.000000,0.000000,0.000000,0.000000,0.000000,0.000000,0.000000,3.636012,3.636012,3.636012,3.636012,0.000000,horizon_mpc_secbf,8,3.687929,true,osqp,optimal,25,4.293264,0,4.154396,geometric,false,0.000000,0.000000,0.000000,-0.000000,,,0.000000,0.000000,5.166768,0.000000
crossing,context_bl,Standard MPC-CBF,93,9.300,2.000000,-0.250000,0.000000,-0.000000,-0.311012,0.100000,3.594000,0.000000,0.580000,pedestrian,walking,attentive,,0.000000,0.000000,4.287929,3.687929,0.000000,0.000000,0.000000,0.000000,0.000000,0.000000,0.000000,3.687929,3.687929,3.687929,3.687929,0.000000,horizon_mpc_secbf,8,3.740000,true,osqp,optimal,25,3.489933,0,4.207882,geometric,false,0.000000,0.000000,0.000000,-0.000000,,,0.000000,0.000000,5.166768,0.000000
crossing,context_bl,Standard MPC-CBF,94,9.400,2.000000,-0.250000,0.000000,-0.000000,-0.311012,0.100000,3.652000,0.000000,0.580000,pedestrian,walking,attentive,,0.000000,0.000000,4.340000,3.740000,0.000000,0.000000,0.000000,0.000000,0.000000,0.000000,0.000000,3.740000,3.740000,3.740000,3.740000,0.000000,horizon_mpc_secbf,8,3.792220,true,osqp,optimal,25,3.299053,0,4.261466,geometric,false,0.000000,0.000000,0.000000,-0.000000,,,0.000000,0.000000,5.166768,0.000000
crossing,context_bl,Standard MPC-CBF,95,9.500,2.000000,-0.250000,0.000000,-0.000000,-0.311012,0.100000,3.710000,0.000000,0.580000,pedestrian,walking,attentive,,0.000000,0.000000,4.392220,3.792220,0.000000,0.000000,0.000000,0.000000,0.000000,0.000000,0.000000,3.792220,3.792220,3.792220,3.792220,0.000000,horizon_mpc_secbf,8,3.844584,true,osqp,optimal,25,3.617355,0,4.315145,geometric,false,0.000000,0.000000,0.000000,-0.000000,,,0.000000,0.000000,5.166768,0.000000
crossing,context_bl,Standard MPC-CBF,96,9.600,2.000000,-0.250000,0.000000,-0.000000,-0.311012,0.100000,3.768000,0.000000,0.580000,pedestrian,walking,attentive,,0.000000,0.000000,4.444584,3.844584,0.000000,0.000000,0.000000,0.000000,0.000000,0.000000,0.000000,3.844584,3.844584,3.844584,3.844584,0.000000,horizon_mpc_secbf,8,3.897085,true,osqp,optimal,25,3.304074,0,4.368916,geometric,false,0.000000,0.000000,0.000000,-0.000000,,,0.000000,0.000000,5.166768,0.000000
crossing,context_bl,Standard MPC-CBF,97,9.700,2.000000,-0.250000,0.000000,-0.000000,-0.311012,0.100000,3.826000,0.000000,0.580000,pedestrian,walking,attentive,,0.000000,0.000000,4.497085,3.897085,0.000000,0.000000,0.000000,0.000000,0.000000,0.000000,0.000000,3.897085,3.897085,3.897085,3.897085,0.000000,horizon_mpc_secbf,8,3.949720,true,osqp,optimal,25,3.915108,0,4.422777,geometric,false,0.000000,0.000000,0.000000,-0.000000,,,0.000000,0.000000,5.166768,0.000000
crossing,context_bl,Standard MPC-CBF,98,9.800,2.000000,-0.250000,0.000000,-0.000000,-0.311012,0.100000,3.884000,0.000000,0.580000,pedestrian,walking,attentive,,0.000000,0.000000,4.549720,3.949720,0.000000,0.000000,0.000000,0.000000,0.000000,0.000000,0.000000,3.949720,3.949720,3.949720,3.949720,0.000000,horizon_mpc_secbf,8,4.002485,true,osqp,optimal,25,7.276557,0,4.476724,geometric,false,0.000000,0.000000,0.000000,-0.000000,,,0.000000,0.000000,5.166768,0.000000
crossing,context_bl,Standard MPC-CBF,99,9.900,2.000000,-0.250000,0.000000,-0.000000,-0.311012,0.100000,3.942000,0.000000,0.580000,pedestrian,walking,attentive,,0.000000,0.000000,4.602485,4.002485,0.000000,0.000000,0.000000,0.000000,0.000000,0.000000,0.000000,4.002485,4.002485,4.002485,4.002485,0.000000,horizon_mpc_secbf,8,4.055373,true,osqp,optimal,25,3.565020,0,4.530756,geometric,false,0.000000,0.000000,0.000000,-0.000000,,,0.000000,0.000000,5.166768,0.000000
crossing,context_bl,Standard MPC-CBF,100,10.000,2.000000,-0.250000,0.000000,-0.000000,-0.311012,0.100000,4.000000,0.000000,0.580000,pedestrian,walking,attentive,,0.000000,0.000000,4.655373,4.055373,0.000000,0.000000,0.000000,0.000000,0.000000,0.000000,0.000000,4.055373,4.055373,4.055373,4.055373,0.000000,horizon_mpc_secbf,8,4.108382,true,osqp,optimal,25,2.729026,0,4.584869,geometric,false,0.000000,0.000000,0.000000,-0.000000,,,0.000000,0.000000,5.166768,0.000000
crossing,context_bl,Standard MPC-CBF,101,10.100,2.000000,-0.250000,0.000000,-0.000000,-0.311012,0.100000,4.058000,0.000000,0.580000,pedestrian,walking,attentive,,0.000000,0.000000,4.708382,4.108382,0.000000,0.000000,0.000000,0.000000,0.000000,0.000000,0.000000,4.108382,4.108382,4.108382,4.108382,0.000000,horizon_mpc_secbf,8,4.161508,true,osqp,optimal,25,3.078002,0,4.639061,geometric,false,0.000000,0.000000,0.000000,-0.000000,,,0.000000,0.000000,5.166768,0.000000
crossing,context_bl,Standard MPC-CBF,102,10.200,2.000000,-0.250000,0.000000,-0.000000,-0.311012,0.100000,4.116000,0.000000,0.580000,pedestrian,walking,attentive,,0.000000,0.000000,4.761508,4.161508,0.000000,0.000000,0.000000,0.000000,0.000000,0.000000,0.000000,4.161508,4.161508,4.161508,4.161508,0.000000,horizon_mpc_secbf,8,4.214746,true,osqp,optimal,25,3.524518,0,4.693331,geometric,false,0.000000,0.000000,0.000000,-0.000000,,,0.000000,0.000000,5.166768,0.000000
crossing,context_bl,Standard MPC-CBF,103,10.300,2.000000,-0.250000,0.000000,-0.000000,-0.311012,0.100000,4.174000,0.000000,0.580000,pedestrian,walking,attentive,,0.000000,0.000000,4.814746,4.214746,0.000000,0.000000,0.000000,0.000000,0.000000,0.000000,0.000000,4.214746,4.214746,4.214746,4.214746,0.000000,horizon_mpc_secbf,8,4.268092,true,osqp,optimal,25,4.213215,0,4.747675,geometric,false,0.000000,0.000000,0.000000,-0.000000,,,0.000000,0.000000,5.166768,0.000000
crossing,context_bl,Standard MPC-CBF,104,10.400,2.000000,-0.250000,0.000000,-0.000000,-0.311012,0.100000,4.232000,0.000000,0.580000,pedestrian,walking,attentive,,0.000000,0.000000,4.868092,4.268092,0.000000,0.000000,0.000000,0.000000,0.000000,0.000000,0.000000,4.268092,4.268092,4.268092,4.268092,0.000000,horizon_mpc_secbf,8,4.321544,true,osqp,optimal,25,3.571307,0,4.802092,geometric,false,0.000000,0.000000,0.000000,-0.000000,,,0.000000,0.000000,5.166768,0.000000
crossing,context_bl,Standard MPC-CBF,105,10.500,2.000000,-0.250000,0.000000,-0.000000,-0.311012,0.100000,4.290000,0.000000,0.580000,pedestrian,walking,attentive,,0.000000,0.000000,4.921544,4.321544,0.000000,0.000000,0.000000,0.000000,0.000000,0.000000,0.000000,4.321544,4.321544,4.321544,4.321544,0.000000,horizon_mpc_secbf,8,4.375098,true,osqp,optimal,25,3.422977,0,4.856580,geometric,false,0.000000,0.000000,0.000000,-0.000000,,,0.000000,0.000000,5.166768,0.000000
crossing,context_bl,Standard MPC-CBF,106,10.600,2.000000,-0.250000,0.000000,-0.000000,-0.311012,0.100000,4.348000,0.000000,0.580000,pedestrian,walking,attentive,,0.000000,0.000000,4.975098,4.375098,0.000000,0.000000,0.000000,0.000000,0.000000,0.000000,0.000000,4.375098,4.375098,4.375098,4.375098,0.000000,horizon_mpc_secbf,8,4.428751,true,osqp,optimal,25,6.087427,0,4.911136,geometric,false,0.000000,0.000000,0.000000,-0.000000,,,0.000000,0.000000,5.166768,0.000000
crossing,context_bl,Standard MPC-CBF,107,10.700,2.000000,-0.250000,0.000000,-0.000000,-0.311012,0.100000,4.406000,0.000000,0.580000,pedestrian,walking,attentive,,0.000000,0.000000,5.028751,4.428751,0.000000,0.000000,0.000000,0.000000,0.000000,0.000000,0.000000,4.428751,4.428751,4.428751,4.428751,0.000000,horizon_mpc_secbf,8,4.482499,true,osqp,optimal,25,3.511581,0,4.965759,geometric,false,0.000000,0.000000,0.000000,-0.000000,,,0.000000,0.000000,5.166768,0.000000
crossing,context_bl,Standard MPC-CBF,108,10.800,2.000000,-0.250000,0.000000,-0.000000,-0.311012,0.100000,4.464000,0.000000,0.580000,pedestrian,walking,attentive,,0.000000,0.000000,5.082499,4.482499,0.000000,0.000000,0.000000,0.000000,0.000000,0.000000,0.000000,4.482499,4.482499,4.482499,4.482499,0.000000,horizon_mpc_secbf,8,4.536340,true,osqp,optimal,25,2.731953,0,5.020447,geometric,false,0.000000,0.000000,0.000000,-0.000000,,,0.000000,0.000000,5.166768,0.000000
crossing,context_bl,Standard MPC-CBF,109,10.900,2.000000,-0.250000,0.000000,-0.000000,-0.311012,0.100000,4.522000,0.000000,0.580000,pedestrian,walking,attentive,,0.000000,0.000000,5.136340,4.536340,0.000000,0.000000,0.000000,0.000000,0.000000,0.000000,0.000000,4.536340,4.536340,4.536340,4.536340,0.000000,horizon_mpc_secbf,8,4.590270,true,osqp,optimal,25,2.860306,0,5.075198,geometric,false,0.000000,0.000000,0.000000,-0.000000,,,0.000000,0.000000,5.166768,0.000000
crossing,context_bl,Standard MPC-CBF,110,11.000,2.000000,-0.250000,0.000000,-0.000000,-0.311012,0.100000,4.580000,0.000000,0.580000,pedestrian,walking,attentive,,0.000000,0.000000,5.190270,4.590270,0.000000,0.000000,0.000000,0.000000,0.000000,0.000000,0.000000,4.590270,4.590270,4.590270,4.590270,0.000000,horizon_mpc_secbf,8,4.644287,true,osqp,optimal,25,3.004146,0,5.130010,geometric,false,0.000000,0.000000,0.000000,-0.000000,,,0.000000,0.000000,5.166768,0.000000
crossing,context_bl,Standard MPC-CBF,111,11.100,2.000000,-0.250000,0.000000,-0.000000,-0.311012,0.100000,4.638000,0.000000,0.580000,pedestrian,walking,attentive,,0.000000,0.000000,5.244287,4.644287,0.000000,0.000000,0.000000,0.000000,0.000000,0.000000,0.000000,4.644287,4.644287,4.644287,4.644287,0.000000,horizon_mpc_secbf,8,4.698388,true,osqp,optimal,25,2.706570,0,5.184883,geometric,false,0.000000,0.000000,0.000000,-0.000000,,,0.000000,0.000000,5.166768,0.000000
crossing,context_bl,Standard MPC-CBF,112,11.200,2.000000,-0.250000,0.000000,-0.000000,-0.311012,0.100000,4.696000,0.000000,0.580000,pedestrian,walking,attentive,,0.000000,0.000000,5.298388,4.698388,0.000000,0.000000,0.000000,0.000000,0.000000,0.000000,0.000000,4.698388,4.698388,4.698388,4.698388,0.000000,horizon_mpc_secbf,8,4.752571,true,osqp,optimal,25,3.347343,0,5.239813,geometric,false,0.000000,0.000000,0.000000,-0.000000,,,0.000000,0.000000,5.166768,0.000000
crossing,context_bl,Standard MPC-CBF,113,11.300,2.000000,-0.250000,0.000000,-0.000000,-0.311012,0.100000,4.754000,0.000000,0.580000,pedestrian,walking,attentive,,0.000000,0.000000,5.352571,4.752571,0.000000,0.000000,0.000000,0.000000,0.000000,0.000000,0.000000,4.752571,4.752571,4.752571,4.752571,0.000000,horizon_mpc_secbf,8,4.806833,true,osqp,optimal,25,4.094399,0,5.294800,geometric,false,0.000000,0.000000,0.000000,-0.000000,,,0.000000,0.000000,5.166768,0.000000
crossing,context_bl,Standard MPC-CBF,114,11.400,2.000000,-0.250000,0.000000,-0.000000,-0.311012,0.100000,4.812000,0.000000,0.580000,pedestrian,walking,attentive,,0.000000,0.000000,5.406833,4.806833,0.000000,0.000000,0.000000,0.000000,0.000000,0.000000,0.000000,4.806833,4.806833,4.806833,4.806833,0.000000,horizon_mpc_secbf,8,4.861172,true,osqp,optimal,25,3.101319,0,5.349842,geometric,false,0.000000,0.000000,0.000000,-0.000000,,,0.000000,0.000000,5.166768,0.000000
crossing,context_bl,Standard MPC-CBF,115,11.500,2.000000,-0.250000,0.000000,-0.000000,-0.311012,0.100000,4.870000,0.000000,0.580000,pedestrian,walking,attentive,,0.000000,0.000000,5.461172,4.861172,0.000000,0.000000,0.000000,0.000000,0.000000,0.000000,0.000000,4.861172,4.861172,4.861172,4.861172,0.000000,horizon_mpc_secbf,8,4.915586,true,osqp,optimal,25,6.825197,0,5.404938,geometric,false,0.000000,0.000000,0.000000,-0.000000,,,0.000000,0.000000,5.166768,0.000000
crossing,context_bl,Standard MPC-CBF,116,11.600,2.000000,-0.250000,0.000000,-0.000000,-0.311012,0.100000,4.928000,0.000000,0.580000,pedestrian,walking,attentive,,0.000000,0.000000,5.515586,4.915586,0.000000,0.000000,0.000000,0.000000,0.000000,0.000000,0.000000,4.915586,4.915586,4.915586,4.915586,0.000000,horizon_mpc_secbf,8,4.970071,true,osqp,optimal,25,4.459969,0,5.460086,geometric,false,0.000000,0.000000,0.000000,-0.000000,,,0.000000,0.000000,5.166768,0.000000
crossing,context_bl,Standard MPC-CBF,117,11.700,2.000000,-0.250000,0.000000,-0.000000,-0.311012,0.100000,4.986000,0.000000,0.580000,pedestrian,walking,attentive,,0.000000,0.000000,5.570071,4.970071,0.000000,0.000000,0.000000,0.000000,0.000000,0.000000,0.000000,4.970071,4.970071,4.970071,4.970071,0.000000,horizon_mpc_secbf,8,5.024628,true,osqp,optimal,25,3.235733,0,5.515285,geometric,false,0.000000,0.000000,0.000000,-0.000000,,,0.000000,0.000000,5.166768,0.000000
crossing,context_bl,Standard MPC-CBF,118,11.800,2.000000,-0.250000,0.000000,-0.000000,-0.311012,0.100000,5.044000,0.000000,0.580000,pedestrian,walking,attentive,,0.000000,0.000000,5.624628,5.024628,0.000000,0.000000,0.000000,0.000000,0.000000,0.000000,0.000000,5.024628,5.024628,5.024628,5.024628,0.000000,horizon_mpc_secbf,8,5.079252,true,osqp,optimal,25,4.757406,0,5.570534,geometric,false,0.000000,0.000000,0.000000,-0.000000,,,0.000000,0.000000,5.166768,0.000000
crossing,context_bl,Standard MPC-CBF,119,11.900,2.000000,-0.250000,0.000000,-0.000000,-0.311012,0.100000,5.102000,0.000000,0.580000,pedestrian,walking,attentive,,0.000000,0.000000,5.679252,5.079252,0.000000,0.000000,0.000000,0.000000,0.000000,0.000000,0.000000,5.079252,5.079252,5.079252,5.079252,0.000000,horizon_mpc_secbf,8,5.133943,true,osqp,optimal,25,4.095438,0,5.625831,geometric,false,0.000000,0.000000,0.000000,-0.000000,,,0.000000,0.000000,5.166768,0.000000
crossing,context_bl,EESM-MPC-ECBF,0,0.000,-2.000000,-0.250000,0.000000,0.000000,0.000000,0.100000,-1.800000,0.000000,0.580000,pedestrian,walking,unknown,5.835878,1.000000,0.000000,2.610077,2.010077,0.000000,0.000000,0.000000,0.000000,0.296875,0.296875,0.000000,2.010077,1.713201,1.713201,1.713201,0.000000,horizon_mpc_secbf,8,0.974427,true,osqp,optimal,75,3.344986,0,0.869113,geometric,false,0.750000,0.000000,0.621017,-0.000000,,,0.621017,0.621017,0.062102,4.000000
crossing,context_bl,EESM-MPC-ECBF,1,0.100,-1.937898,-0.250000,0.621017,-0.000000,-0.000000,0.100000,-1.742000,0.000000,0.580000,pedestrian,walking,unknown,2.282422,1.000000,0.000000,2.525687,1.925687,0.000000,0.000000,0.000000,0.000000,0.840665,0.840665,0.000000,1.925687,1.085021,1.085021,1.085021,0.000000,horizon_mpc_secbf,8,0.337599,true,osqp,optimal,75,7.897408,0,0.156528,geometric,false,0.750000,0.000000,0.726102,-0.000001,,,0.726102,0.105085,0.134712,3.937898
crossing,context_bl,EESM-MPC-ECBF,2,0.200,-1.865288,-0.250000,0.726102,-0.000001,-0.000001,0.100000,-1.684000,0.000000,0.580000,pedestrian,walking,unknown,1.974130,1.000000,0.000000,2.432841,1.832841,0.000000,0.000000,0.000000,0.000000,0.927883,0.927883,0.000000,1.832841,0.904957,0.904957,0.904957,0.000000,horizon_mpc_secbf,8,0.158807,true,osqp,optimal,75,4.228179,0,-0.031136,geometric,false,0.750000,0.000000,0.735589,-0.000002,,,0.735589,0.009486,0.208271,3.865288
crossing,context_bl,EESM-MPC-ECBF,3,0.300,-1.791729,-0.250000,0.735589,-0.000002,-0.000002,0.100000,-1.626000,0.000000,0.580000,pedestrian,walking,unknown,1.858076,1.000000,0.000000,2.339234,1.739234,0.000000,0.000000,0.000000,0.000000,0.935569,0.935569,0.000000,1.739234,0.803665,0.803665,0.803665,0.000000,horizon_mpc_secbf,8,0.061034,true,osqp,optimal,75,4.142725,0,-0.132375,geometric,false,0.750000,0.000000,0.735589,-0.000000,,,0.735589,0.000001,0.281830,3.791729
crossing,context_bl,EESM-MPC-ECBF,4,0.400,-1.718170,-0.250000,0.735589,-0.000000,-0.000000,0.100000,-1.568000,0.000000,0.580000,pedestrian,walking,unknown,1.758194,1.000000,0.000000,2.245633,1.645633,0.000000,0.000000,0.000000,0.000000,0.935432,0.935432,0.000000,1.645633,0.710201,0.710201,0.710201,0.000046,horizon_mpc_secbf,8,-0.000046,true,osqp,optimal,50,4.614392,0,-0.197246,geometric,false,0.750000,0.000000,0.716511,0.022218,,,0.716855,0.029285,0.353515,3.718170
crossing,context_bl,EESM-MPC-ECBF,5,0.500,-1.646519,-0.247778,0.716511,0.022218,0.030999,0.100000,-1.510000,0.000000,0.580000,pedestrian,walking,unknown,1.713473,1.000000,0.000000,2.154886,1.554886,0.000000,0.000000,0.000000,0.000000,0.907026,0.907026,0.000000,1.554886,0.647859,0.647859,0.647859,0.000117,horizon_mpc_secbf,8,-0.000117,true,osqp,optimal,50,2.987694,0,-0.196279,geometric,false,0.750000,-0.000457,0.665841,0.059989,,,0.668538,0.063198,0.420369,3.646520
crossing,context_bl,EESM-MPC-ECBF,6,0.600,-1.579935,-0.241780,0.665841,0.059989,0.089852,0.100000,-1.452000,0.000000,0.580000,pedestrian,walking,unknown,1.741828,1.000000,0.000000,2.070463,1.470463,0.000000,0.000000,0.000000,0.000000,0.843770,0.843770,0.000000,1.470463,0.626693,0.626693,0.626693,0.000133,horizon_mpc_secbf,8,-0.000133,true,osqp,optimal,50,4.465232,0,-0.193669,geometric,false,0.749998,-0.001722,0.646533,0.073754,,,0.650727,0.023712,0.485442,3.579945
crossing,context_bl,EESM-MPC-ECBF,7,0.700,-1.515282,-0.234404,0.646533,0.073754,0.113585,0.100000,-1.394000,0.000000,0.580000,pedestrian,walking,unknown,1.692284,1.000000,0.000000,1.988416,1.388416,0.000000,0.000000,0.000000,0.000000,0.819938,0.819938,0.000000,1.388416,0.568478,0.568478,0.568478,0.000196,horizon_mpc_secbf,8,-0.000196,true,osqp,optimal,50,4.310915,0,-0.195571,geometric,false,0.749993,-0.003327,0.601159,0.106908,,,0.610591,0.056196,0.546501,3.515316
crossing,context_bl,EESM-MPC-ECBF,8,0.800,-1.455166,-0.223713,0.601159,0.106908,0.175996,0.100000,-1.336000,0.000000,0.580000,pedestrian,walking,unknown,1.716857,1.000000,0.000000,1.911994,1.311994,0.000000,0.000000,0.000000,0.000000,0.763648,0.763648,0.000000,1.311994,0.548346,0.548346,0.548346,0.000209,horizon_mpc_secbf,8,-0.000209,true,osqp,optimal,50,3.157868,0,-0.194385,geometric,false,0.749978,-0.005706,0.585068,0.120927,,,0.597435,0.021341,0.606244,3.455266
crossing,context_bl,EESM-MPC-ECBF,9,0.900,-1.396659,-0.211621,0.585068,0.120927,0.203819,0.100000,-1.278000,0.000000,0.580000,pedestrian,walking,unknown,1.666087,1.000000,0.000000,1.837703,1.237703,0.000000,0.000000,0.000000,0.000000,0.742341,0.742341,0.000000,1.237703,0.495363,0.495363,0.495363,0.000265,horizon_mpc_secbf,8,-0.000265,true,osqp,optimal,50,6.183393,0,-0.190752,geometric,false,0.749952,-0.008474,0.546114,0.163622,,,0.570099,0.057796,0.663254,3.396876
crossing,context_bl,EESM-MPC-ECBF,10,1.000,-1.342048,-0.195258,0.546114,0.163622,0.291101,0.100000,-1.220000,0.000000,0.580000,pedestrian,walking,attentive,1.703306,1.000000,0.000000,1.769067,1.169067,0.000000,0.000000,0.000000,0.000000,0.686106,0.686106,0.000000,1.169067,0.482961,0.482961,0.482961,0.000269,horizon_mpc_secbf,8,-0.000269,true,osqp,optimal,50,3.115570,0,-0.182668,geometric,false,0.749899,-0.012283,0.537534,0.186859,,,0.569087,0.024770,0.720163,3.342496
crossing,context_bl,EESM-MPC-ECBF,11,1.100,-1.288294,-0.176573,0.537534,0.186859,0.334556,0.100000,-1.162000,0.000000,0.580000,pedestrian,walking,attentive,1.655637,1.000000,0.000000,1.702477,1.102477,0.000000,0.000000,0.000000,0.000000,0.665850,0.665850,0.000000,1.102477,0.436627,0.436627,0.436627,0.000318,horizon_mpc_secbf,8,-0.000318,true,osqp,optimal,50,3.237727,0,-0.177875,geometric,false,0.749813,-0.016743,0.504754,0.228913,,,0.554236,0.053321,0.775586,3.289114
crossing,context_bl,EESM-MPC-ECBF,12,1.200,-1.237819,-0.153681,0.504754,0.228913,0.425773,0.100000,-1.104000,0.000000,0.580000,pedestrian,walking,attentive,1.693176,1.000000,0.000000,1.640995,1.040995,0.000000,0.000000,0.000000,0.000000,0.614800,0.614800,0.000000,1.040995,0.426195,0.426195,0.426195,0.000321,horizon_mpc_secbf,8,-0.000321,true,osqp,optimal,50,3.649195,0,-0.170669,geometric,false,0.749668,-0.022301,0.497740,0.249486,,,0.556766,0.021736,0.831263,3.239251
crossing,context_bl,EESM-MPC-ECBF,13,1.300,-1.188045,-0.128733,0.497740,0.249486,0.464637,0.100000,-1.046000,0.000000,0.580000,pedestrian,walking,attentive,1.643232,1.000000,0.000000,1.581278,0.981278,0.000000,0.000000,0.000000,0.000000,0.596970,0.596970,0.000000,0.981278,0.384308,0.384308,0.384308,0.000367,horizon_mpc_secbf,8,-0.000367,true,osqp,optimal,50,3.212229,0,-0.166598,geometric,false,0.749458,-0.028508,0.468551,0.287609,,,0.549780,0.048014,0.886241,3.190351
crossing,context_bl,EESM-MPC-ECBF,14,1.400,-1.141190,-0.099972,0.468551,0.287609,0.550524,0.100000,-0.988000,0.000000,0.580000,pedestrian,walking,attentive,1.680259,1.000000,0.000000,1.526154,0.926154,0.000000,0.000000,0.000000,0.000000,0.550575,0.550575,0.000000,0.926154,0.375579,0.375579,0.375579,0.000371,horizon_mpc_secbf,8,-0.000371,true,osqp,optimal,50,3.971942,0,-0.160319,geometric,false,0.749146,-0.035780,0.463030,0.305547,,,0.554757,0.018769,0.941717,3.144771
crossing,context_bl,EESM-MPC-ECBF,15,1.500,-1.094887,-0.069417,0.463030,0.305547,0.583294,0.100000,-0.930000,0.000000,0.580000,pedestrian,walking,attentive,1.627494,1.000000,0.000000,1.472535,0.872535,0.000000,0.000000,0.000000,0.000000,0.534897,0.534897,0.000000,0.872535,0.337637,0.337637,0.337637,0.000413,horizon_mpc_secbf,8,-0.000413,true,osqp,optimal,50,3.366677,0,-0.157058,geometric,false,0.748727,-0.043687,0.437712,0.340571,,,0.554599,0.043217,0.997177,3.100151
crossing,context_bl,EESM-MPC-ECBF,16,1.600,-1.051116,-0.035360,0.437712,0.340571,0.661227,0.100000,-0.872000,0.000000,0.580000,pedestrian,walking,attentive,1.663247,1.000000,0.000000,1.423037,0.823037,0.000000,0.000000,0.000000,0.000000,0.492657,0.492657,0.000000,0.823037,0.330380,0.330380,0.330380,0.000417,horizon_mpc_secbf,8,-0.000417,true,osqp,optimal,50,4.523366,0,-0.151800,geometric,false,0.748151,-0.052631,0.434260,0.356642,,,0.561938,0.016437,1.053370,3.058656
crossing,context_bl,EESM-MPC-ECBF,17,1.700,-1.007690,0.000304,0.434260,0.356642,0.687573,0.100000,-0.814000,0.000000,0.580000,pedestrian,walking,attentive,1.606848,1.000000,0.000000,1.374798,0.774798,0.000000,0.000000,0.000000,0.000000,0.478848,0.478848,0.000000,0.774798,0.295950,0.295950,0.295950,0.000457,horizon_mpc_secbf,8,-0.000457,true,osqp,optimal,50,4.241789,0,-0.149538,geometric,false,0.747416,-0.062201,0.413485,0.389567,,,0.568095,0.038931,1.110180,3.018087
crossing,context_bl,EESM-MPC-ECBF,18,1.800,-0.966341,0.039261,0.413485,0.389567,0.755623,0.100000,-0.756000,0.000000,0.580000,pedestrian,walking,attentive,1.639852,1.000000,0.000000,1.330235,0.730235,0.000000,0.000000,0.000000,0.000000,0.440269,0.440269,0.000000,0.730235,0.289965,0.289965,0.289965,0.000461,horizon_mpc_secbf,8,-0.000461,true,osqp,optimal,50,4.001298,0,-0.145541,geometric,false,0.746459,-0.072791,0.413065,0.404623,,,0.578223,0.015062,1.168002,2.980412
crossing,context_bl,EESM-MPC-ECBF,19,1.900,-0.925035,0.079723,0.413065,0.404623,0.775074,0.100000,-0.698000,0.000000,0.580000,pedestrian,walking,attentive,1.578313,1.000000,0.000000,1.286682,0.686682,0.000000,0.000000,0.000000,0.000000,0.428004,0.428004,0.000000,0.686682,0.258678,0.258678,0.258678,0.000498,horizon_mpc_secbf,8,-0.000498,true,osqp,optimal,50,2.965427,0,-0.144690,geometric,false,0.745280,-0.084011,0.398106,0.436537,,,0.590807,0.035246,1.227083,2.943560
crossing,context_bl,EESM-MPC-ECBF,20,2.000,-0.885224,0.123377,0.398106,0.436537,0.831411,0.100000,-0.640000,0.000000,0.580000,pedestrian,walking,attentive,1.605604,1.000000,0.000000,1.246359,0.646359,0.000000,0.000000,0.000000,0.000000,0.392543,0.392543,0.000000,0.646359,0.253816,0.253816,0.253816,0.000502,horizon_mpc_secbf,8,-0.000502,true,osqp,optimal,50,3.329498,0,-0.142505,geometric,false,0.743798,-0.096255,0.402444,0.451510,,,0.604832,0.015588,1.287566,2.909283
crossing,context_bl,EESM-MPC-ECBF,21,2.100,-0.844980,0.168528,0.402444,0.451510,0.842793,0.100000,-0.582000,0.000000,0.580000,pedestrian,walking,attentive,1.535902,1.000000,0.000000,1.206764,0.606764,0.000000,0.000000,0.000000,0.000000,0.381369,0.381369,0.000000,0.606764,0.225395,0.225395,0.225395,0.000536,horizon_mpc_secbf,8,-0.000536,true,osqp,optimal,50,3.185807,0,-0.143967,geometric,false,0.742014,-0.109158,0.395771,0.483555,,,0.624868,0.032733,1.350053,2.875600
crossing,context_bl,EESM-MPC-ECBF,22,2.200,-0.805403,0.216884,0.395771,0.483555,0.884900,0.100000,-0.524000,0.000000,0.580000,pedestrian,walking,attentive,1.551290,1.000000,0.000000,1.169899,0.569899,0.000000,0.000000,0.000000,0.000000,0.348299,0.348299,0.000000,0.569899,0.221600,0.221600,0.221600,0.000540,horizon_mpc_secbf,8,-0.000538,true,osqp,optimal,50,3.254615,0,-0.143848,geometric,false,0.739825,-0.123124,0.407526,0.500103,,,0.645120,0.020298,1.414565,2.843988
crossing,context_bl,EESM-MPC-ECBF,23,2.300,-0.764650,0.266894,0.407526,0.500103,0.887046,0.100000,-0.466000,0.000000,0.580000,pedestrian,walking,attentive,1.471496,1.000000,0.000000,1.133470,0.533470,0.000000,0.000000,0.000000,0.000000,0.336370,0.336370,0.000000,0.533470,0.197100,0.197100,0.197100,0.000577,horizon_mpc_secbf,8,-0.000504,true,osqp,optimal,50,3.203792,0,-0.143465,geometric,false,0.737225,-0.137836,0.411023,0.537316,,,0.676497,0.037377,1.482215,2.812556
crossing,context_bl,EESM-MPC-ECBF,24,2.400,-0.723548,0.320625,0.411023,0.537316,0.917792,0.100000,-0.408000,0.000000,0.580000,pedestrian,walking,attentive,1.486386,1.000000,0.000000,1.099603,0.499603,0.000000,0.000000,0.000000,0.000000,0.299170,0.299170,0.000000,0.499603,0.200433,0.200433,0.200433,0.000578,horizon_mpc_secbf,8,-0.000324,true,osqp,optimal,125,3.763909,0,-0.142613,geometric,false,0.734062,-0.153797,0.436985,0.555335,,,0.706649,0.031602,1.552880,2.782683
crossing,context_bl,EESM-MPC-ECBF,25,2.500,-0.679849,0.376159,0.436985,0.555335,0.904103,0.100000,-0.350000,0.000000,0.580000,pedestrian,walking,attentive,1.383133,1.000000,0.000000,1.065585,0.465585,0.000000,0.000000,0.000000,0.000000,0.284785,0.284785,0.000000,0.465585,0.180800,0.180800,0.180800,0.000631,horizon_mpc_secbf,8,0.001074,true,osqp,optimal,350,5.425759,0,-0.131461,geometric,false,0.730329,-0.170645,0.443324,0.596956,,,0.743568,0.042101,1.627236,2.752030
crossing,context_bl,EESM-MPC-ECBF,26,2.600,-0.635517,0.435854,0.443324,0.596956,0.932021,0.100000,-0.292000,0.000000,0.580000,pedestrian,walking,attentive,1.434008,1.000000,0.000000,1.034774,0.434774,0.000000,0.000000,0.000000,0.000000,0.234700,0.234700,0.000000,0.434774,0.200074,0.200074,0.200074,0.000601,horizon_mpc_secbf,8,0.003379,true,osqp,optimal,350,5.066070,0,-0.145324,geometric,false,0.725825,-0.188885,0.473597,0.566683,,,0.738528,0.042812,1.701089,2.723297
crossing,context_bl,EESM-MPC-ECBF,27,2.700,-0.588157,0.492523,0.473597,0.566683,0.874643,0.100000,-0.234000,0.000000,0.580000,pedestrian,walking,attentive,1.194864,1.000000,0.000000,1.000698,0.400698,0.000000,0.000000,0.000000,0.000000,0.255916,0.255916,0.000000,0.400698,0.144781,0.144781,0.144781,0.000895,horizon_mpc_secbf,8,0.017333,true,osqp,optimal,325,4.538330,0,-0.107886,geometric,false,0.720918,-0.206826,0.415347,0.624161,,,0.749727,0.081834,1.776062,2.692564
crossing,context_bl,EESM-MPC-ECBF,28,2.800,-0.546623,0.554939,0.415347,0.624161,0.983637,0.100000,-0.176000,0.000000,0.580000,pedestrian,walking,attentive,1.552513,1.000000,0.000000,0.975906,0.375906,0.000000,0.000000,0.000000,0.000000,0.167037,0.167037,0.000000,0.375906,0.208869,0.208869,0.208869,0.000660,horizon_mpc_secbf,8,0.016845,true,osqp,optimal,350,4.146502,0,-0.138203,geometric,false,0.715127,-0.226038,0.490570,0.549710,,,0.736776,0.105837,1.849740,2.670808
crossing,context_bl,EESM-MPC-ECBF,29,2.900,-0.497566,0.609910,0.490570,0.549710,0.842188,0.100000,-0.118000,0.000000,0.580000,pedestrian,walking,attentive,1.021185,1.000000,0.000000,0.941774,0.341774,0.000000,0.000000,0.000000,0.000000,0.235996,0.235996,0.000000,0.341774,0.105777,0.105777,0.105777,0.009783,horizon_mpc_secbf,8,0.080072,true,osqp,optimal,3525,15.313219,0,0.053624,geometric,false,0.709145,-0.244158,0.239915,0.696821,,,0.736965,0.290636,1.923436,2.641454
crossing,context_bl,EESM-MPC-ECBF,30,3.000,-0.473574,0.679592,0.239915,0.696821,1.239209,0.100000,-0.060000,0.000000,0.580000,pedestrian,walking,attentive,6.139906,1.000000,0.000000,0.935940,0.335940,0.000000,0.000000,0.000000,0.000000,0.016826,0.016826,0.000000,0.335940,0.319114,0.319114,0.319114,0.000500,horizon_mpc_secbf,8,0.012792,true,osqp,optimal,475,6.194115,0,-0.154342,geometric,false,0.702060,-0.263841,0.597041,0.443240,,,0.743586,0.437998,1.997795,2.642482
crossing,context_bl,EESM-MPC-ECBF,31,3.100,-0.413870,0.723916,0.597041,0.443240,0.638616,0.100000,-0.002000,0.000000,0.580000,pedestrian,walking,attentive,0.633824,1.000000,0.000000,0.889391,0.289391,0.000000,0.000000,0.000000,0.000000,0.294393,0.294393,0.000000,0.289391,-0.005002,-0.005002,-0.005002,0.186172,horizon_mpc_secbf,8,-0.034990,true,osqp,optimal,2925,12.316532,0,0.105550,geometric,false,0.695523,-0.280620,0.275240,0.682190,,,0.735622,0.400816,2.071357,2.602937
crossing,context_bl,EESM-MPC-ECBF,32,3.200,-0.386346,0.792135,0.275240,0.682190,1.187307,0.100000,0.056000,0.000000,0.580000,pedestrian,walking,attentive,4.247481,1.000000,0.000000,0.882285,0.282285,0.000000,0.000000,0.000000,0.000000,0.017789,0.017789,0.000000,0.282285,0.264497,0.264497,0.264497,0.001072,horizon_mpc_secbf,8,0.059551,true,osqp,optimal,175,3.997598,0,-0.096851,geometric,false,0.687318,-0.300157,0.538731,0.501553,,,0.736062,0.319465,2.144963,2.603976
crossing,context_bl,EESM-MPC-ECBF,33,3.300,-0.332473,0.842290,0.538731,0.501553,0.749674,0.100000,0.114000,0.000000,0.580000,pedestrian,walking,attentive,0.721182,1.000000,0.000000,0.847018,0.247018,0.000000,0.000000,0.000000,0.000000,0.188545,0.188545,0.000000,0.247018,0.058473,0.058473,0.058473,0.177571,horizon_mpc_secbf,8,-0.002599,true,osqp,optimal,2325,10.895417,0,0.076699,geometric,false,0.679212,-0.318073,0.398320,0.631208,,,0.746379,0.191118,2.219601,2.575564
crossing,context_bl,EESM-MPC-ECBF,34,3.400,-0.292641,0.905411,0.398320,0.631208,1.007863,0.100000,0.172000,0.000000,0.580000,pedestrian,walking,attentive,1.623345,1.000000,0.000000,0.831901,0.231901,0.000000,0.000000,0.000000,0.000000,0.047261,0.047261,0.000000,0.231901,0.184640,0.184640,0.184640,0.062927,horizon_mpc_secbf,8,0.123315,true,osqp,optimal,2300,11.169024,0,0.089343,geometric,false,0.669755,-0.337533,0.416678,0.623602,,,0.750000,0.019871,2.294601,2.567329
crossing,context_bl,EESM-MPC-ECBF,35,3.500,-0.250973,0.967771,0.416678,0.623602,0.981748,0.100000,0.230000,0.000000,0.580000,pedestrian,walking,attentive,1.554154,1.000000,0.000000,0.817000,0.217000,0.000000,0.000000,0.000000,0.000000,0.032869,0.032869,0.000000,0.217000,0.184131,0.184131,0.184131,0.077380,horizon_mpc_secbf,8,0.137707,true,osqp,optimal,2975,12.865900,0,0.121884,geometric,false,0.659654,-0.356871,0.416679,0.623601,,,0.750000,0.000002,2.369601,2.559267
crossing,context_bl,EESM-MPC-ECBF,36,3.600,-0.209305,1.030131,0.416679,0.623601,0.981745,0.100000,0.288000,0.000000,0.580000,pedestrian,walking,attentive,1.699320,1.000000,0.000000,0.804008,0.204008,0.000000,0.000000,0.000000,0.000000,0.010973,0.010973,0.000000,0.204008,0.193035,0.193035,0.193035,0.064388,horizon_mpc_secbf,8,0.029215,true,osqp,optimal,2550,15.257117,0,-0.133230,geometric,false,0.648935,-0.376010,0.623601,0.416680,,,0.750000,0.292631,2.444601,2.553383
crossing,context_bl,EESM-MPC-ECBF,37,3.700,-0.146945,1.071799,0.623601,0.416680,0.589052,0.100000,0.346000,0.000000,0.580000,pedestrian,walking,attentive,0.468828,1.000000,0.000000,0.766659,0.166659,0.000000,0.000000,0.000000,0.000000,0.089716,0.089716,0.000000,0.166659,0.076943,0.076943,0.076943,0.167913,horizon_mpc_secbf,8,-0.025590,true,osqp,optimal,1925,8.480219,0,-0.025061,geometric,false,0.638664,-0.393203,0.556166,0.484117,,,0.737353,0.095369,2.518336,2.521215
crossing,context_bl,EESM-MPC-ECBF,38,3.800,-0.091329,1.120211,0.556166,0.484117,0.716250,0.100000,0.404000,0.000000,0.580000,pedestrian,walking,attentive,0.598396,1.000000,0.000000,0.741326,0.141326,0.000000,0.000000,0.000000,0.000000,0.021665,0.021665,0.000000,0.141326,0.119662,0.119662,0.119662,0.089556,horizon_mpc_secbf,8,0.023022,true,osqp,optimal,4250,15.791813,0,-0.109517,geometric,false,0.627342,-0.411026,0.623602,0.416677,,,0.750000,0.095372,2.593336,2.500227
crossing,context_bl,EESM-MPC-ECBF,39,3.900,-0.028968,1.161879,0.623602,0.416677,0.589048,0.100000,0.462000,0.000000,0.580000,pedestrian,walking,attentive,0.408080,1.000000,0.000000,0.711662,0.111662,0.000000,0.000000,0.000000,0.000000,0.000000,0.000000,0.000000,0.111662,0.129764,0.129764,0.111662,0.062143,horizon_mpc_secbf,8,0.044686,true,osqp,optimal,3425,14.423866,0,-0.099824,geometric,false,0.615619,-0.428385,0.623603,0.416676,,,0.750000,0.000001,2.668336,2.471865
crossing,context_bl,EESM-MPC-ECBF,40,4.000,0.033392,1.203546,0.623603,0.416676,0.589046,0.100000,0.520000,0.000000,0.580000,pedestrian,walking,attentive,0.389107,1.000000,0.000000,0.686784,0.086784,0.000000,0.000000,0.000000,0.000000,0.000000,0.000000,0.000000,0.086784,0.162152,0.162152,0.086784,0.035334,horizon_mpc_secbf,8,0.030096,true,osqp,optimal,4500,17.598653,0,-0.157284,geometric,false,0.603137,-0.445787,0.646152,0.362239,,,0.740763,0.058922,2.742413,2.445474
crossing,context_bl,EESM-MPC-ECBF,41,4.100,0.098007,1.239770,0.646152,0.362239,0.510953,0.100000,0.578000,0.000000,0.580000,pedestrian,walking,attentive,0.281164,1.000000,0.000000,0.661773,0.061773,0.000000,0.000000,0.000000,0.000000,0.000000,0.000000,0.000000,0.061773,0.182359,0.182359,0.061773,0.015215,horizon_mpc_secbf,8,0.022455,true,osqp,optimal,12700,46.681260,0,-0.168199,geometric,false,0.590440,-0.462473,0.656693,0.336790,,,0.738020,0.027546,2.816215,2.415987
crossing,context_bl,EESM-MPC-ECBF,42,4.200,0.163676,1.273449,0.656693,0.336790,0.473880,0.100000,0.636000,0.000000,0.580000,pedestrian,walking,attentive,0.229851,1.000000,0.000000,0.640622,0.040622,0.000000,0.000000,0.000000,0.000000,0.000000,0.000000,0.000000,0.040622,0.221193,0.221193,0.040622,0.002173,horizon_mpc_secbf,8,0.009660,true,osqp,optimal,1675,7.784774,0,-0.189117,geometric,false,0.577219,-0.478872,0.680658,0.278941,,,0.735597,0.062616,2.889774,2.385997
crossing,context_bl,EESM-MPC-ECBF,43,4.300,0.231742,1.301343,0.680658,0.278941,0.388935,0.100000,0.694000,0.000000,0.580000,pedestrian,walking,attentive,0.143188,1.000000,0.000000,0.621468,0.021468,0.000000,0.000000,0.000000,0.000000,0.000000,0.000000,0.000000,0.021468,0.268219,0.268219,0.021468,0.000680,horizon_mpc_secbf,8,0.001919,true,osqp,optimal,350,5.486649,0,-0.171455,geometric,false,0.563781,-0.494622,0.701005,0.229836,,,0.737722,0.053154,2.963546,2.352318
crossing,context_bl,EESM-MPC-ECBF,44,4.400,0.301843,1.324327,0.701005,0.229836,0.316822,0.100000,0.752000,0.000000,0.580000,pedestrian,walking,attentive,0.070831,1.000000,0.000000,0.606876,0.006876,0.000000,0.000000,0.000000,0.000000,0.000000,0.000000,0.000000,0.006876,0.329780,0.329780,0.006876,0.000541,horizon_mpc_secbf,8,0.000289,true,osqp,optimal,375,6.839553,0,-0.111639,geometric,false,0.550004,-0.509898,0.712284,0.202556,,,0.740525,0.029520,3.037599,2.315652
crossing,context_bl,EESM-MPC-ECBF,45,4.500,0.373071,1.344583,0.712284,0.202556,0.277061,0.100000,0.810000,0.000000,0.580000,pedestrian,walking,attentive,0.023834,1.000000,0.000000,0.600289,0.000289,0.000000,0.000000,0.000000,0.000000,0.000000,0.000000,0.000000,0.000289,0.397807,0.397807,0.000289,0.000337,horizon_mpc_secbf,8,0.000139,true,osqp,optimal,200,3.928573,0,-0.062559,geometric,false,0.535628,-0.524979,0.735588,0.133302,,,0.747569,0.073069,3.112356,2.278067
crossing,context_bl,EESM-MPC-ECBF,46,4.600,0.446630,1.357913,0.735588,0.133302,0.179273,0.100000,0.868000,0.000000,0.580000,pedestrian,walking,attentive,,0.000000,0.000000,0.600139,0.000139,0.000000,0.000000,0.000000,0.000000,0.000000,0.000000,0.000000,0.000139,0.000139,0.000139,0.000139,0.000338,horizon_mpc_secbf,8,-0.000172,true,osqp,optimal,150,4.157649,0,-0.079590,geometric,false,0.521103,-0.539400,0.735595,-0.038540,,,0.736604,0.171842,3.186016,2.235697
crossing,context_bl,EESM-MPC-ECBF,47,4.700,0.520190,1.354059,0.735595,-0.038540,-0.052345,0.100000,0.926000,0.000000,0.580000,pedestrian,walking,attentive,,0.000000,0.000000,0.599828,-0.000172,0.000000,0.000000,0.000000,0.000000,0.000000,0.000000,0.000000,-0.000172,-0.000172,-0.000172,-0.000172,0.000014,horizon_mpc_secbf,8,-0.000001,true,osqp,optimal,75,4.191099,0,-0.094746,geometric,false,0.508551,-0.551250,0.697807,-0.237523,,,0.737124,0.202539,3.259729,2.182394
crossing,context_bl,EESM-MPC-ECBF,48,4.800,0.589970,1.330307,0.697807,-0.237523,-0.328084,0.100000,0.984000,0.000000,0.580000,pedestrian,walking,attentive,,0.000000,0.000000,0.599999,-0.000001,0.000000,0.000000,0.000000,0.000000,0.000000,0.000000,0.000000,-0.000001,-0.000001,-0.000001,-0.000001,0.000000,horizon_mpc_secbf,8,0.014887,true,osqp,optimal,75,3.098072,1,0.049517,geometric,false,0.499323,-0.559622,0.675880,-0.290473,,,0.735655,0.057310,3.333294,2.117912
crossing,context_bl,EESM-MPC-ECBF,49,4.900,0.657558,1.301259,0.675880,-0.290473,-0.405904,0.100000,1.042000,0.000000,0.580000,pedestrian,walking,attentive,,0.000000,0.000000,0.614887,0.014887,0.000000,0.000000,0.000000,0.000000,0.000000,0.000000,0.000000,0.014887,0.014887,0.014887,0.014887,0.000000,horizon_mpc_secbf,8,0.046785,true,osqp,optimal,75,3.246811,0,0.240931,geometric,false,0.490784,-0.567125,0.665594,-0.315303,,,0.736499,0.026877,3.406944,2.051476
crossing,context_bl,EESM-MPC-ECBF,50,5.000,0.724118,1.269729,0.665594,-0.315303,-0.442401,0.100000,1.100000,0.000000,0.580000,pedestrian,walking,attentive,,0.000000,0.000000,0.646785,0.046785,0.000000,0.000000,0.000000,0.000000,0.000000,0.000000,0.000000,0.046785,0.046785,0.046785,0.046785,0.000000,horizon_mpc_secbf,8,0.094133,true,osqp,optimal,75,3.362523,0,0.439172,geometric,false,0.482241,-0.574407,0.656250,-0.337858,,,0.738114,0.024413,3.480756,1.984301
crossing,context_bl,EESM-MPC-ECBF,51,5.100,0.789743,1.235943,0.656250,-0.337858,-0.475442,0.100000,1.158000,0.000000,0.580000,pedestrian,walking,attentive,,0.000000,0.000000,0.694133,0.094133,0.000000,0.000000,0.000000,0.000000,0.000000,0.000000,0.000000,0.094133,0.094133,0.094133,0.094133,0.000000,horizon_mpc_secbf,8,0.154532,true,osqp,optimal,75,3.174971,0,0.630379,geometric,false,0.473634,-0.581524,0.646138,-0.362267,,,0.740765,0.026421,3.554832,1.916442
crossing,context_bl,EESM-MPC-ECBF,52,5.200,0.854356,1.199716,0.646138,-0.362267,-0.510994,0.100000,1.216000,0.000000,0.580000,pedestrian,walking,attentive,,0.000000,0.000000,0.754532,0.154532,0.000000,0.000000,0.000000,0.000000,0.000000,0.000000,0.000000,0.154532,0.154532,0.154532,0.154532,0.000000,horizon_mpc_secbf,8,0.225663,true,osqp,optimal,75,5.360834,0,0.810446,geometric,false,0.465016,-0.588439,0.635154,-0.388791,,,0.744701,0.028709,3.629302,1.847749
crossing,context_bl,EESM-MPC-ECBF,53,5.300,0.917872,1.160837,0.635154,-0.388791,-0.549285,0.100000,1.274000,0.000000,0.580000,pedestrian,walking,attentive,,0.000000,0.000000,0.825663,0.225663,0.000000,0.000000,0.000000,0.000000,0.000000,0.000000,0.000000,0.225663,0.225663,0.225663,0.225663,0.000000,horizon_mpc_secbf,8,0.305415,true,osqp,optimal,75,4.873718,0,0.978176,geometric,false,0.456453,-0.595106,0.621844,-0.416211,,,0.748279,0.030479,3.704130,1.778050
crossing,context_bl,EESM-MPC-ECBF,54,5.400,0.980056,1.119216,0.621844,-0.416211,-0.589835,0.100000,1.332000,0.000000,0.580000,pedestrian,walking,attentive,,0.000000,0.000000,0.905415,0.305415,0.000000,0.000000,0.000000,0.000000,0.000000,0.000000,0.000000,0.305415,0.305415,0.305415,0.305415,0.000000,horizon_mpc_secbf,8,0.391384,true,osqp,optimal,100,3.512289,0,1.128567,geometric,false,0.448039,-0.601466,0.600242,-0.440037,,,0.744260,0.032161,3.778556,1.707348
crossing,context_bl,EESM-MPC-ECBF,55,5.500,1.040080,1.075212,0.600242,-0.440037,-0.632597,0.100000,1.390000,0.000000,0.580000,pedestrian,walking,attentive,,0.000000,0.000000,0.991384,0.391384,0.000000,0.000000,0.000000,0.000000,0.000000,0.000000,0.000000,0.391384,0.391384,0.391384,0.391384,0.000000,horizon_mpc_secbf,8,0.482200,true,osqp,optimal,100,4.824435,0,1.269423,geometric,false,0.439967,-0.607395,0.576417,-0.463863,,,0.739882,0.033694,3.852544,1.636348
crossing,context_bl,EESM-MPC-ECBF,56,5.600,1.097722,1.028826,0.576417,-0.463863,-0.677622,0.100000,1.448000,0.000000,0.580000,pedestrian,walking,attentive,,0.000000,0.000000,1.082200,0.482200,0.000000,0.000000,0.000000,0.000000,0.000000,0.000000,0.000000,0.482200,0.482200,0.482200,0.482200,0.000000,horizon_mpc_secbf,8,0.576995,true,osqp,optimal,100,3.394026,0,1.404864,geometric,false,0.432377,-0.612821,0.551945,-0.488337,,,0.736965,0.034610,3.926241,1.565088
crossing,context_bl,EESM-MPC-ECBF,57,5.700,1.152917,0.979992,0.551945,-0.488337,-0.724329,0.100000,1.506000,0.000000,0.580000,pedestrian,walking,attentive,,0.000000,0.000000,1.176995,0.576995,0.000000,0.000000,0.000000,0.000000,0.000000,0.000000,0.000000,0.576995,0.576995,0.576995,0.576995,0.000000,horizon_mpc_secbf,8,0.675167,true,osqp,optimal,100,4.097125,0,1.537085,geometric,false,0.425396,-0.617688,0.527111,-0.513174,,,0.735658,0.035123,3.999807,1.493463
crossing,context_bl,EESM-MPC-ECBF,58,5.800,1.205628,0.928675,0.527111,-0.513174,-0.772002,0.100000,1.564000,0.000000,0.580000,pedestrian,walking,attentive,,0.000000,0.000000,1.275167,0.675167,0.000000,0.000000,0.000000,0.000000,0.000000,0.000000,0.000000,0.675167,0.675167,0.675167,0.675167,0.000000,horizon_mpc_secbf,8,0.776296,true,osqp,optimal,125,5.452281,0,1.667646,geometric,false,0.419157,-0.621938,0.502163,-0.538123,,,0.736032,0.035282,4.073410,1.421373
crossing,context_bl,EESM-MPC-ECBF,59,5.900,1.255844,0.874863,0.502163,-0.538123,-0.819951,0.100000,1.622000,0.000000,0.580000,pedestrian,walking,attentive,,0.000000,0.000000,1.376296,0.776296,0.000000,0.000000,0.000000,0.000000,0.000000,0.000000,0.000000,0.776296,0.776296,0.776296,0.776296,0.000000,horizon_mpc_secbf,8,0.880089,true,osqp,optimal,75,5.712235,0,1.797633,geometric,false,0.413808,-0.625510,0.477350,-0.562922,,,0.738068,0.035082,4.147217,1.348734
crossing,context_bl,EESM-MPC-ECBF,60,6.000,1.303579,0.818571,0.477350,-0.562922,-0.867473,0.100000,1.680000,0.000000,0.580000,pedestrian,walking,attentive,,0.000000,0.000000,1.480089,0.880089,0.000000,0.000000,0.000000,0.000000,0.000000,0.000000,0.000000,0.880089,0.880089,0.880089,0.880089,0.000000,horizon_mpc_secbf,8,0.986345,true,osqp,optimal,75,4.458274,0,1.927834,geometric,false,0.409506,-0.628335,0.453013,-0.587268,,,0.741690,0.034424,4.221386,1.275478
crossing,context_bl,EESM-MPC-ECBF,61,6.100,1.348880,0.759844,0.453013,-0.587268,-0.913746,0.100000,1.738000,0.000000,0.580000,pedestrian,walking,attentive,,0.000000,0.000000,1.586345,0.986345,0.000000,0.000000,0.000000,0.000000,0.000000,0.000000,0.000000,0.986345,0.986345,0.986345,0.986345,0.000000,horizon_mpc_secbf,8,1.094923,true,osqp,optimal,100,2.967168,0,2.058787,geometric,false,0.406422,-0.630334,0.429866,-0.610415,,,0.746587,0.032735,4.296044,1.201558
crossing,context_bl,EESM-MPC-ECBF,62,6.200,1.391867,0.698802,0.429866,-0.610415,-0.957245,0.100000,1.796000,0.000000,0.580000,pedestrian,walking,attentive,,0.000000,0.000000,1.694923,1.094923,0.000000,0.000000,0.000000,0.000000,0.000000,0.000000,0.000000,1.094923,1.094923,1.094923,1.094923,0.000000,horizon_mpc_secbf,8,1.205390,true,osqp,optimal,100,3.580702,0,2.187696,geometric,false,0.404715,-0.631432,0.408657,-0.626925,,,0.748355,0.026877,4.370880,1.126966
crossing,context_bl,EESM-MPC-ECBF,63,6.300,1.432733,0.636110,0.408657,-0.626925,-0.993126,0.100000,1.854000,0.000000,0.580000,pedestrian,walking,attentive,,0.000000,0.000000,1.805390,1.205390,0.000000,0.000000,0.000000,0.000000,0.000000,0.000000,0.000000,1.205390,1.205390,1.205390,1.205390,0.000000,horizon_mpc_secbf,8,1.317773,true,osqp,optimal,100,4.937826,0,2.319208,geometric,false,0.404370,-0.631653,0.404241,-0.628755,,,0.747491,0.004780,4.445629,1.052132
crossing,context_bl,EESM-MPC-ECBF,64,6.400,1.473157,0.573234,0.404241,-0.628755,-0.999412,0.100000,1.912000,0.000000,0.580000,pedestrian,walking,attentive,,0.000000,0.000000,1.917773,1.317773,0.000000,0.000000,0.000000,0.000000,0.000000,0.000000,0.000000,1.317773,1.317773,1.317773,1.317773,0.000000,horizon_mpc_secbf,8,1.431902,true,osqp,optimal,100,3.849612,0,2.450668,geometric,false,0.404276,-0.631713,0.403399,-0.629103,,,0.747330,0.000911,4.520362,0.977384
crossing,context_bl,EESM-MPC-ECBF,65,6.500,1.513497,0.510324,0.403399,-0.629103,-1.000612,0.100000,1.970000,0.000000,0.580000,pedestrian,walking,attentive,,0.000000,0.000000,2.031902,1.431902,0.000000,0.000000,0.000000,0.000000,0.000000,0.000000,0.000000,1.431902,1.431902,1.431902,1.431902,0.000000,horizon_mpc_secbf,8,1.547525,true,osqp,optimal,100,4.557547,0,2.581048,geometric,false,0.404229,-0.631743,0.403213,-0.629180,,,0.747294,0.000202,4.595091,0.902651
crossing,context_bl,EESM-MPC-ECBF,66,6.600,1.553818,0.447406,0.403213,-0.629180,-1.000877,0.100000,2.028000,0.000000,0.580000,pedestrian,walking,attentive,,0.000000,0.000000,2.147525,1.547525,0.000000,0.000000,0.000000,0.000000,0.000000,0.000000,0.000000,1.547525,1.547525,1.547525,1.547525,0.000000,horizon_mpc_secbf,8,1.664417,true,osqp,optimal,100,4.602577,0,2.710430,geometric,false,0.404189,-0.631768,0.403145,-0.629208,,,0.747281,0.000073,4.669819,0.827921
crossing,context_bl,EESM-MPC-ECBF,67,6.700,1.594132,0.384485,0.403145,-0.629208,-1.000974,0.100000,2.086000,0.000000,0.580000,pedestrian,walking,attentive,,0.000000,0.000000,2.264417,1.664417,0.000000,0.000000,0.000000,0.000000,0.000000,0.000000,0.000000,1.664417,1.664417,1.664417,1.664417,0.000000,horizon_mpc_secbf,8,1.782392,true,osqp,optimal,75,4.161738,0,2.839023,geometric,false,0.404147,-0.631795,0.403097,-0.629226,,,0.747270,0.000051,4.744546,0.753193
crossing,context_bl,EESM-MPC-ECBF,68,6.800,1.634442,0.321562,0.403097,-0.629226,-1.001041,0.100000,2.144000,0.000000,0.580000,pedestrian,walking,attentive,,0.000000,0.000000,2.382392,1.782392,0.000000,0.000000,0.000000,0.000000,0.000000,0.000000,0.000000,1.782392,1.782392,1.782392,1.782392,0.000000,horizon_mpc_secbf,8,1.901296,true,osqp,optimal,75,3.829480,0,2.967011,geometric,false,0.404100,-0.631825,0.403047,-0.629246,,,0.747260,0.000054,4.819272,0.678466
crossing,context_bl,EESM-MPC-ECBF,69,6.900,1.674747,0.258638,0.403047,-0.629246,-1.001112,0.100000,2.202000,0.000000,0.580000,pedestrian,walking,attentive,,0.000000,0.000000,2.501296,1.901296,0.000000,0.000000,0.000000,0.000000,0.000000,0.000000,0.000000,1.901296,1.901296,1.901296,1.901296,0.000000,horizon_mpc_secbf,8,2.021004,true,osqp,optimal,75,3.844795,0,3.094539,geometric,false,0.404048,-0.631859,0.402990,-0.629268,,,0.747248,0.000061,4.893997,0.603740
crossing,context_bl,EESM-MPC-ECBF,70,7.000,1.715046,0.195711,0.402990,-0.629268,-1.001191,0.100000,2.260000,0.000000,0.580000,pedestrian,walking,attentive,,0.000000,0.000000,2.621004,2.021004,0.000000,0.000000,0.000000,0.000000,0.000000,0.000000,0.000000,2.021004,2.021004,2.021004,2.021004,0.000000,horizon_mpc_secbf,8,2.141409,true,osqp,optimal,75,3.195141,0,3.221718,geometric,false,0.403988,-0.631897,0.402926,-0.629294,,,0.747235,0.000069,4.968721,0.529015
crossing,context_bl,EESM-MPC-ECBF,71,7.100,1.755338,0.132782,0.402926,-0.629294,-1.001282,0.100000,2.318000,0.000000,0.580000,pedestrian,walking,attentive,,0.000000,0.000000,2.741409,2.141409,0.000000,0.000000,0.000000,0.000000,0.000000,0.000000,0.000000,2.141409,2.141409,2.141409,2.141409,0.000000,horizon_mpc_secbf,8,2.262424,true,osqp,optimal,75,3.666525,0,3.348632,geometric,false,0.403917,-0.631942,0.402852,-0.629324,,,0.747220,0.000081,5.043443,0.454292
crossing,context_bl,EESM-MPC-ECBF,72,7.200,1.795624,0.069849,0.402852,-0.629324,-1.001388,0.100000,2.376000,0.000000,0.580000,pedestrian,walking,attentive,,0.000000,0.000000,2.862424,2.262424,0.000000,0.000000,0.000000,0.000000,0.000000,0.000000,0.000000,2.262424,2.262424,2.262424,2.262424,0.000000,horizon_mpc_secbf,8,2.383974,true,osqp,optimal,75,3.730093,0,3.475347,geometric,false,0.403831,-0.631997,0.402762,-0.629360,,,0.747203,0.000097,5.118163,0.379570
crossing,context_bl,EESM-MPC-ECBF,73,7.300,1.835900,0.006913,0.402762,-0.629360,-1.001515,0.100000,2.434000,0.000000,0.580000,pedestrian,walking,attentive,,0.000000,0.000000,2.983974,2.383974,0.000000,0.000000,0.000000,0.000000,0.000000,0.000000,0.000000,2.383974,2.383974,2.383974,2.383974,0.000000,horizon_mpc_secbf,8,2.505995,true,osqp,optimal,75,3.224080,0,3.601911,geometric,false,0.403724,-0.632066,0.402650,-0.629406,,,0.747181,0.000121,5.192881,0.304850
crossing,context_bl,EESM-MPC-ECBF,74,7.400,1.876165,-0.056027,0.402650,-0.629406,-1.001674,0.100000,2.492000,0.000000,0.580000,pedestrian,walking,attentive,,0.000000,0.000000,3.105995,2.505995,0.000000,0.000000,0.000000,0.000000,0.000000,0.000000,0.000000,2.505995,2.505995,2.505995,2.505995,0.000000,horizon_mpc_secbf,8,2.628434,true,osqp,optimal,75,4.530709,0,3.728362,geometric,false,0.403579,-0.632158,0.402502,-0.629468,,,0.747153,0.000161,5.267596,0.230132
crossing,context_bl,EESM-MPC-ECBF,75,7.500,1.916415,-0.118974,0.402502,-0.629468,-1.001886,0.100000,2.550000,0.000000,0.580000,pedestrian,walking,attentive,,0.000000,0.000000,3.228434,2.628434,0.000000,0.000000,0.000000,0.000000,0.000000,0.000000,0.000000,2.628434,2.628434,2.628434,2.628434,0.000000,horizon_mpc_secbf,8,2.751243,true,osqp,optimal,75,4.102518,0,3.854722,geometric,false,0.403360,-0.632298,0.402280,-0.629559,,,0.747110,0.000240,5.342307,0.155416
crossing,context_bl,EESM-MPC-ECBF,76,7.600,1.956643,-0.181930,0.402280,-0.629559,-1.002203,0.100000,2.608000,0.000000,0.580000,pedestrian,walking,attentive,,0.000000,0.000000,3.351243,2.751243,0.000000,0.000000,0.000000,0.000000,0.000000,0.000000,0.000000,2.751243,2.751243,2.751243,2.751243,0.000000,horizon_mpc_secbf,8,2.874380,true,osqp,optimal,75,3.668136,0,3.980988,geometric,false,0.402919,-0.632579,0.401848,-0.629738,,,0.747029,0.000468,5.417010,0.080705
crossing,context_bl,EESM-MPC-ECBF,77,7.700,1.996828,-0.244904,0.401848,-0.629738,-1.002819,0.100000,2.666000,0.000000,0.580000,pedestrian,walking,attentive,,0.000000,0.000000,3.474380,2.874380,0.000000,0.000000,0.000000,0.000000,0.000000,0.000000,0.000000,2.874380,2.874380,2.874380,2.874380,0.000000,horizon_mpc_secbf,8,2.940905,true,osqp,optimal,50,4.068084,0,3.538197,geometric,false,0.031722,-0.050962,0.095225,-0.150263,,,0.177895,0.569134,5.434800,0.006003
crossing,context_bl,EESM-MPC-ECBF,78,7.800,2.006350,-0.259930,0.095225,-0.150263,-1.005949,0.100000,2.724000,0.000000,0.580000,pedestrian,walking,attentive,,0.000000,0.000000,3.540905,2.940905,0.000000,0.000000,0.000000,0.000000,0.000000,0.000000,0.000000,2.940905,2.940905,2.940905,2.940905,0.000000,horizon_mpc_secbf,8,2.983206,true,osqp,optimal,50,3.203118,0,3.362550,geometric,false,-0.063503,0.099301,-0.036269,0.056481,,,0.067123,0.245018,5.441512,0.011787
crossing,context_bl,EESM-MPC-ECBF,79,7.900,2.002723,-0.254282,-0.036269,0.056481,2.141623,0.100000,2.782000,0.000000,0.580000,pedestrian,walking,attentive,,0.000000,0.000000,3.583206,2.983206,0.000000,0.000000,0.000000,0.000000,0.000000,0.000000,0.000000,2.983206,2.983206,2.983206,2.983206,0.000000,horizon_mpc_secbf,8,3.027129,true,osqp,optimal,50,3.223223,0,3.421123,geometric,false,-0.027234,0.042820,-0.028784,0.045163,,,0.053556,0.013569,5.446868,0.005075
crossing,context_bl,EESM-MPC-ECBF,80,8.000,1.999845,-0.249766,-0.028784,0.045163,2.138214,0.100000,2.840000,0.000000,0.580000,pedestrian,walking,attentive,,0.000000,0.000000,3.627129,3.027129,0.000000,0.000000,0.000000,0.000000,0.000000,0.000000,0.000000,3.027129,3.027129,3.027129,3.027129,0.000000,horizon_mpc_secbf,8,3.076661,true,osqp,optimal,50,4.026742,0,3.521196,geometric,false,0.001550,-0.002343,0.000129,0.000086,,,0.000155,0.053553,5.446883,0.000281
crossing,context_bl,EESM-MPC-ECBF,81,8.100,1.999858,-0.249757,0.000129,0.000086,0.585311,0.100000,2.898000,0.000000,0.580000,pedestrian,walking,attentive,,0.000000,0.000000,3.676661,3.076661,0.000000,0.000000,0.000000,0.000000,0.000000,0.000000,0.000000,3.076661,3.076661,3.076661,3.076661,0.000000,horizon_mpc_secbf,8,3.126671,true,osqp,optimal,50,3.314074,0,3.575555,geometric,false,0.001420,-0.002429,0.001199,-0.001998,,,0.002330,0.002342,5.447116,0.000281
crossing,context_bl,EESM-MPC-ECBF,82,8.200,1.999978,-0.249957,0.001199,-0.001998,-1.030240,0.100000,2.956000,0.000000,0.580000,pedestrian,walking,attentive,,0.000000,0.000000,3.726671,3.126671,0.000000,0.000000,0.000000,0.000000,0.000000,0.000000,0.000000,3.126671,3.126671,3.126671,3.126671,0.000000,horizon_mpc_secbf,8,3.176762,true,osqp,optimal,25,3.900448,0,3.626428,geometric,false,0.000222,-0.000431,0.000388,-0.000699,,,0.000799,0.001531,5.447196,0.000049
crossing,context_bl,EESM-MPC-ECBF,83,8.300,2.000017,-0.250027,0.000388,-0.000699,-1.063403,0.100000,3.014000,0.000000,0.580000,pedestrian,walking,attentive,,0.000000,0.000000,3.776762,3.176762,0.000000,0.000000,0.000000,0.000000,0.000000,0.000000,0.000000,3.176762,3.176762,3.176762,3.176762,0.000000,horizon_mpc_secbf,8,3.226987,true,osqp,optimal,25,4.498925,0,3.677898,geometric,false,-0.000167,0.000267,-0.000071,0.000101,,,0.000123,0.000922,5.447208,0.000031
crossing,context_bl,EESM-MPC-ECBF,84,8.400,2.000010,-0.250017,-0.000071,0.000101,2.186310,0.100000,3.072000,0.000000,0.580000,pedestrian,walking,attentive,,0.000000,0.000000,3.826987,3.226987,0.000000,0.000000,0.000000,0.000000,0.000000,0.000000,0.000000,3.226987,3.226987,3.226987,3.226987,0.000000,horizon_mpc_secbf,8,3.277423,true,osqp,optimal,25,3.992619,0,3.730277,geometric,false,-0.000096,0.000166,-0.000091,0.000155,,,0.000179,0.000058,5.447226,0.000019
crossing,context_bl,EESM-MPC-ECBF,85,8.500,2.000000,-0.250001,-0.000091,0.000155,2.103603,0.100000,3.130000,0.000000,0.580000,pedestrian,walking,attentive,,0.000000,0.000000,3.877423,3.277423,0.000000,0.000000,0.000000,0.000000,0.000000,0.000000,0.000000,3.277423,3.277423,3.277423,3.277423,0.000000,horizon_mpc_secbf,8,3.328081,true,osqp,optimal,25,3.065802,0,3.782976,geometric,false,-0.000004,0.000012,-0.000019,0.000036,,,0.000041,0.000138,5.447230,0.000001
crossing,context_bl,EESM-MPC-ECBF,86,8.600,1.999999,-0.249998,-0.000019,0.000036,2.060478,0.100000,3.188000,0.000000,0.580000,pedestrian,walking,attentive,,0.000000,0.000000,3.928081,3.328081,0.000000,0.000000,0.000000,0.000000,0.000000,0.000000,0.000000,3.328081,3.328081,3.328081,3.328081,0.000000,horizon_mpc_secbf,8,3.378945,true,osqp,optimal,25,2.844633,0,3.835734,geometric,false,0.000015,-0.000024,0.000009,-0.000014,,,0.000017,0.000058,5.447232,0.000003
crossing,context_bl,EESM-MPC-ECBF,87,8.700,1.999999,-0.249999,0.000009,-0.000014,-1.000764,0.100000,3.246000,0.000000,0.580000,pedestrian,walking,attentive,,0.000000,0.000000,3.978945,3.378945,0.000000,0.000000,0.000000,0.000000,0.000000,0.000000,0.000000,3.378945,3.378945,3.378945,3.378945,0.000000,horizon_mpc_secbf,8,3.430002,true,osqp,optimal,25,3.604104,0,3.888560,geometric,false,0.000006,-0.000010,0.000006,-0.000011,,,0.000013,0.000004,5.447233,0.000001
crossing,context_bl,EESM-MPC-ECBF,88,8.800,2.000000,-0.250000,0.000006,-0.000011,-1.045422,0.100000,3.304000,0.000000,0.580000,pedestrian,walking,attentive,,0.000000,0.000000,4.030002,3.430002,0.000000,0.000000,0.000000,0.000000,0.000000,0.000000,0.000000,3.430002,3.430002,3.430002,3.430002,0.000000,horizon_mpc_secbf,8,3.481243,true,osqp,optimal,25,3.178283,0,3.941496,geometric,false,-0.000001,0.000001,-0.000000,-0.000000,,,0.000000,0.000013,5.447233,0.000000
crossing,context_bl,EESM-MPC-ECBF,89,8.900,2.000000,-0.250000,-0.000000,-0.000000,-2.416662,0.100000,3.362000,0.000000,0.580000,pedestrian,walking,attentive,,0.000000,0.000000,4.081243,3.481243,0.000000,0.000000,0.000000,0.000000,0.000000,0.000000,0.000000,3.481243,3.481243,3.481243,3.481243,0.000000,horizon_mpc_secbf,8,3.532663,true,osqp,optimal,25,3.794570,0,3.994557,geometric,false,-0.000000,0.000001,-0.000000,0.000001,,,0.000001,0.000001,5.447233,0.000000
crossing,context_bl,EESM-MPC-ECBF,90,9.000,2.000000,-0.250000,-0.000000,0.000001,1.858708,0.100000,3.420000,0.000000,0.580000,pedestrian,walking,attentive,,0.000000,0.000000,4.132663,3.532663,0.000000,0.000000,0.000000,0.000000,0.000000,0.000000,0.000000,3.532663,3.532663,3.532663,3.532663,0.000000,horizon_mpc_secbf,8,3.584254,true,osqp,optimal,25,3.564768,0,4.047730,geometric,false,0.000000,0.000000,-0.000000,0.000000,,,0.000000,0.000000,5.447234,0.000000
crossing,context_bl,EESM-MPC-ECBF,91,9.100,2.000000,-0.250000,-0.000000,0.000000,1.605547,0.100000,3.478000,0.000000,0.580000,pedestrian,walking,attentive,,0.000000,0.000000,4.184254,3.584254,0.000000,0.000000,0.000000,0.000000,0.000000,0.000000,0.000000,3.584254,3.584254,3.584254,3.584254,0.000000,horizon_mpc_secbf,8,3.636012,true,osqp,optimal,25,4.203389,0,4.101011,geometric,false,0.000000,-0.000000,0.000000,-0.000000,,,0.000000,0.000000,5.447234,0.000000
crossing,context_bl,EESM-MPC-ECBF,92,9.200,2.000000,-0.250000,0.000000,-0.000000,-0.509409,0.100000,3.536000,0.000000,0.580000,pedestrian,walking,attentive,,0.000000,0.000000,4.236012,3.636012,0.000000,0.000000,0.000000,0.000000,0.000000,0.000000,0.000000,3.636012,3.636012,3.636012,3.636012,0.000000,horizon_mpc_secbf,8,3.687929,true,osqp,optimal,25,4.108283,0,4.154396,geometric,false,0.000000,-0.000000,0.000000,-0.000000,,,0.000000,0.000000,5.447234,0.000000
crossing,context_bl,EESM-MPC-ECBF,93,9.300,2.000000,-0.250000,0.000000,-0.000000,-1.351898,0.100000,3.594000,0.000000,0.580000,pedestrian,walking,attentive,,0.000000,0.000000,4.287929,3.687929,0.000000,0.000000,0.000000,0.000000,0.000000,0.000000,0.000000,3.687929,3.687929,3.687929,3.687929,0.000000,horizon_mpc_secbf,8,3.740000,true,osqp,optimal,25,3.747124,0,4.207882,geometric,false,0.000000,0.000000,0.000000,-0.000000,,,0.000000,0.000000,5.447234,0.000000
crossing,context_bl,EESM-MPC-ECBF,94,9.400,2.000000,-0.250000,0.000000,-0.000000,-1.351930,0.100000,3.652000,0.000000,0.580000,pedestrian,walking,attentive,,0.000000,0.000000,4.340000,3.740000,0.000000,0.000000,0.000000,0.000000,0.000000,0.000000,0.000000,3.740000,3.740000,3.740000,3.740000,0.000000,horizon_mpc_secbf,8,3.792220,true,osqp,optimal,25,3.565081,0,4.261466,geometric,false,0.000000,0.000000,0.000000,-0.000000,,,0.000000,0.000000,5.447234,0.000000
crossing,context_bl,EESM-MPC-ECBF,95,9.500,2.000000,-0.250000,0.000000,-0.000000,-1.351960,0.100000,3.710000,0.000000,0.580000,pedestrian,walking,attentive,,0.000000,0.000000,4.392220,3.792220,0.000000,0.000000,0.000000,0.000000,0.000000,0.000000,0.000000,3.792220,3.792220,3.792220,3.792220,0.000000,horizon_mpc_secbf,8,3.844584,true,osqp,optimal,25,3.063294,0,4.315145,geometric,false,0.000000,0.000000,0.000000,-0.000000,,,0.000000,0.000000,5.447234,0.000000
crossing,context_bl,EESM-MPC-ECBF,96,9.600,2.000000,-0.250000,0.000000,-0.000000,-1.351960,0.100000,3.768000,0.000000,0.580000,pedestrian,walking,attentive,,0.000000,0.000000,4.444584,3.844584,0.000000,0.000000,0.000000,0.000000,0.000000,0.000000,0.000000,3.844584,3.844584,3.844584,3.844584,0.000000,horizon_mpc_secbf,8,3.897085,true,osqp,optimal,25,3.238550,0,4.368916,geometric,false,0.000000,0.000000,0.000000,-0.000000,,,0.000000,0.000000,5.447234,0.000000
crossing,context_bl,EESM-MPC-ECBF,97,9.700,2.000000,-0.250000,0.000000,-0.000000,-1.351960,0.100000,3.826000,0.000000,0.580000,pedestrian,walking,attentive,,0.000000,0.000000,4.497085,3.897085,0.000000,0.000000,0.000000,0.000000,0.000000,0.000000,0.000000,3.897085,3.897085,3.897085,3.897085,0.000000,horizon_mpc_secbf,8,3.949720,true,osqp,optimal,25,3.352536,0,4.422777,geometric,false,0.000000,0.000000,0.000000,-0.000000,,,0.000000,0.000000,5.447234,0.000000
crossing,context_bl,EESM-MPC-ECBF,98,9.800,2.000000,-0.250000,0.000000,-0.000000,-1.351960,0.100000,3.884000,0.000000,0.580000,pedestrian,walking,attentive,,0.000000,0.000000,4.549720,3.949720,0.000000,0.000000,0.000000,0.000000,0.000000,0.000000,0.000000,3.949720,3.949720,3.949720,3.949720,0.000000,horizon_mpc_secbf,8,4.002485,true,osqp,optimal,25,3.069141,0,4.476724,geometric,false,0.000000,0.000000,0.000000,-0.000000,,,0.000000,0.000000,5.447234,0.000000
crossing,context_bl,EESM-MPC-ECBF,99,9.900,2.000000,-0.250000,0.000000,-0.000000,-1.351960,0.100000,3.942000,0.000000,0.580000,pedestrian,walking,attentive,,0.000000,0.000000,4.602485,4.002485,0.000000,0.000000,0.000000,0.000000,0.000000,0.000000,0.000000,4.002485,4.002485,4.002485,4.002485,0.000000,horizon_mpc_secbf,8,4.055373,true,osqp,optimal,25,3.522489,0,4.530756,geometric,false,0.000000,0.000000,0.000000,-0.000000,,,0.000000,0.000000,5.447234,0.000000
crossing,context_bl,EESM-MPC-ECBF,100,10.000,2.000000,-0.250000,0.000000,-0.000000,-1.351960,0.100000,4.000000,0.000000,0.580000,pedestrian,walking,attentive,,0.000000,0.000000,4.655373,4.055373,0.000000,0.000000,0.000000,0.000000,0.000000,0.000000,0.000000,4.055373,4.055373,4.055373,4.055373,0.000000,horizon_mpc_secbf,8,4.108382,true,osqp,optimal,25,4.104229,0,4.584869,geometric,false,0.000000,0.000000,0.000000,-0.000000,,,0.000000,0.000000,5.447234,0.000000
crossing,context_bl,EESM-MPC-ECBF,101,10.100,2.000000,-0.250000,0.000000,-0.000000,-1.351960,0.100000,4.058000,0.000000,0.580000,pedestrian,walking,attentive,,0.000000,0.000000,4.708382,4.108382,0.000000,0.000000,0.000000,0.000000,0.000000,0.000000,0.000000,4.108382,4.108382,4.108382,4.108382,0.000000,horizon_mpc_secbf,8,4.161508,true,osqp,optimal,25,4.484350,0,4.639061,geometric,false,0.000000,0.000000,0.000000,-0.000000,,,0.000000,0.000000,5.447234,0.000000
crossing,context_bl,EESM-MPC-ECBF,102,10.200,2.000000,-0.250000,0.000000,-0.000000,-1.351960,0.100000,4.116000,0.000000,0.580000,pedestrian,walking,attentive,,0.000000,0.000000,4.761508,4.161508,0.000000,0.000000,0.000000,0.000000,0.000000,0.000000,0.000000,4.161508,4.161508,4.161508,4.161508,0.000000,horizon_mpc_secbf,8,4.214746,true,osqp,optimal,25,3.041410,0,4.693331,geometric,false,0.000000,0.000000,0.000000,-0.000000,,,0.000000,0.000000,5.447234,0.000000
crossing,context_bl,EESM-MPC-ECBF,103,10.300,2.000000,-0.250000,0.000000,-0.000000,-1.351960,0.100000,4.174000,0.000000,0.580000,pedestrian,walking,attentive,,0.000000,0.000000,4.814746,4.214746,0.000000,0.000000,0.000000,0.000000,0.000000,0.000000,0.000000,4.214746,4.214746,4.214746,4.214746,0.000000,horizon_mpc_secbf,8,4.268092,true,osqp,optimal,25,3.095777,0,4.747675,geometric,false,0.000000,0.000000,0.000000,-0.000000,,,0.000000,0.000000,5.447234,0.000000
crossing,context_bl,EESM-MPC-ECBF,104,10.400,2.000000,-0.250000,0.000000,-0.000000,-1.351960,0.100000,4.232000,0.000000,0.580000,pedestrian,walking,attentive,,0.000000,0.000000,4.868092,4.268092,0.000000,0.000000,0.000000,0.000000,0.000000,0.000000,0.000000,4.268092,4.268092,4.268092,4.268092,0.000000,horizon_mpc_secbf,8,4.321544,true,osqp,optimal,25,2.954162,0,4.802092,geometric,false,0.000000,0.000000,0.000000,-0.000000,,,0.000000,0.000000,5.447234,0.000000
crossing,context_bl,EESM-MPC-ECBF,105,10.500,2.000000,-0.250000,0.000000,-0.000000,-1.351960,0.100000,4.290000,0.000000,0.580000,pedestrian,walking,attentive,,0.000000,0.000000,4.921544,4.321544,0.000000,0.000000,0.000000,0.000000,0.000000,0.000000,0.000000,4.321544,4.321544,4.321544,4.321544,0.000000,horizon_mpc_secbf,8,4.375098,true,osqp,optimal,25,3.609358,0,4.856580,geometric,false,0.000000,0.000000,0.000000,-0.000000,,,0.000000,0.000000,5.447234,0.000000
crossing,context_bl,EESM-MPC-ECBF,106,10.600,2.000000,-0.250000,0.000000,-0.000000,-1.351960,0.100000,4.348000,0.000000,0.580000,pedestrian,walking,attentive,,0.000000,0.000000,4.975098,4.375098,0.000000,0.000000,0.000000,0.000000,0.000000,0.000000,0.000000,4.375098,4.375098,4.375098,4.375098,0.000000,horizon_mpc_secbf,8,4.428751,true,osqp,optimal,25,3.561866,0,4.911136,geometric,false,0.000000,0.000000,0.000000,-0.000000,,,0.000000,0.000000,5.447234,0.000000
crossing,context_bl,EESM-MPC-ECBF,107,10.700,2.000000,-0.250000,0.000000,-0.000000,-1.351960,0.100000,4.406000,0.000000,0.580000,pedestrian,walking,attentive,,0.000000,0.000000,5.028751,4.428751,0.000000,0.000000,0.000000,0.000000,0.000000,0.000000,0.000000,4.428751,4.428751,4.428751,4.428751,0.000000,horizon_mpc_secbf,8,4.482499,true,osqp,optimal,25,3.964367,0,4.965759,geometric,false,0.000000,0.000000,0.000000,-0.000000,,,0.000000,0.000000,5.447234,0.000000
crossing,context_bl,EESM-MPC-ECBF,108,10.800,2.000000,-0.250000,0.000000,-0.000000,-1.351960,0.100000,4.464000,0.000000,0.580000,pedestrian,walking,attentive,,0.000000,0.000000,5.082499,4.482499,0.000000,0.000000,0.000000,0.000000,0.000000,0.000000,0.000000,4.482499,4.482499,4.482499,4.482499,0.000000,horizon_mpc_secbf,8,4.536340,true,osqp,optimal,25,4.177063,0,5.020447,geometric,false,0.000000,0.000000,0.000000,-0.000000,,,0.000000,0.000000,5.447234,0.000000
crossing,context_bl,EESM-MPC-ECBF,109,10.900,2.000000,-0.250000,0.000000,-0.000000,-1.351960,0.100000,4.522000,0.000000,0.580000,pedestrian,walking,attentive,,0.000000,0.000000,5.136340,4.536340,0.000000,0.000000,0.000000,0.000000,0.000000,0.000000,0.000000,4.536340,4.536340,4.536340,4.536340,0.000000,horizon_mpc_secbf,8,4.590270,true,osqp,optimal,25,4.134947,0,5.075198,geometric,false,0.000000,0.000000,0.000000,-0.000000,,,0.000000,0.000000,5.447234,0.000000
crossing,context_bl,EESM-MPC-ECBF,110,11.000,2.000000,-0.250000,0.000000,-0.000000,-1.351960,0.100000,4.580000,0.000000,0.580000,pedestrian,walking,attentive,,0.000000,0.000000,5.190270,4.590270,0.000000,0.000000,0.000000,0.000000,0.000000,0.000000,0.000000,4.590270,4.590270,4.590270,4.590270,0.000000,horizon_mpc_secbf,8,4.644287,true,osqp,optimal,25,3.442540,0,5.130010,geometric,false,0.000000,0.000000,0.000000,-0.000000,,,0.000000,0.000000,5.447234,0.000000
crossing,context_bl,EESM-MPC-ECBF,111,11.100,2.000000,-0.250000,0.000000,-0.000000,-1.351960,0.100000,4.638000,0.000000,0.580000,pedestrian,walking,attentive,,0.000000,0.000000,5.244287,4.644287,0.000000,0.000000,0.000000,0.000000,0.000000,0.000000,0.000000,4.644287,4.644287,4.644287,4.644287,0.000000,horizon_mpc_secbf,8,4.698388,true,osqp,optimal,25,2.958215,0,5.184883,geometric,false,0.000000,0.000000,0.000000,-0.000000,,,0.000000,0.000000,5.447234,0.000000
crossing,context_bl,EESM-MPC-ECBF,112,11.200,2.000000,-0.250000,0.000000,-0.000000,-1.351960,0.100000,4.696000,0.000000,0.580000,pedestrian,walking,attentive,,0.000000,0.000000,5.298388,4.698388,0.000000,0.000000,0.000000,0.000000,0.000000,0.000000,0.000000,4.698388,4.698388,4.698388,4.698388,0.000000,horizon_mpc_secbf,8,4.752571,true,osqp,optimal,25,3.060339,0,5.239813,geometric,false,0.000000,0.000000,0.000000,-0.000000,,,0.000000,0.000000,5.447234,0.000000
crossing,context_bl,EESM-MPC-ECBF,113,11.300,2.000000,-0.250000,0.000000,-0.000000,-1.351960,0.100000,4.754000,0.000000,0.580000,pedestrian,walking,attentive,,0.000000,0.000000,5.352571,4.752571,0.000000,0.000000,0.000000,0.000000,0.000000,0.000000,0.000000,4.752571,4.752571,4.752571,4.752571,0.000000,horizon_mpc_secbf,8,4.806833,true,osqp,optimal,25,2.858699,0,5.294800,geometric,false,0.000000,0.000000,0.000000,-0.000000,,,0.000000,0.000000,5.447234,0.000000
crossing,context_bl,EESM-MPC-ECBF,114,11.400,2.000000,-0.250000,0.000000,-0.000000,-1.351960,0.100000,4.812000,0.000000,0.580000,pedestrian,walking,attentive,,0.000000,0.000000,5.406833,4.806833,0.000000,0.000000,0.000000,0.000000,0.000000,0.000000,0.000000,4.806833,4.806833,4.806833,4.806833,0.000000,horizon_mpc_secbf,8,4.861172,true,osqp,optimal,25,3.327693,0,5.349842,geometric,false,0.000000,0.000000,0.000000,-0.000000,,,0.000000,0.000000,5.447234,0.000000
crossing,context_bl,EESM-MPC-ECBF,115,11.500,2.000000,-0.250000,0.000000,-0.000000,-1.351960,0.100000,4.870000,0.000000,0.580000,pedestrian,walking,attentive,,0.000000,0.000000,5.461172,4.861172,0.000000,0.000000,0.000000,0.000000,0.000000,0.000000,0.000000,4.861172,4.861172,4.861172,4.861172,0.000000,horizon_mpc_secbf,8,4.915586,true,osqp,optimal,25,4.300895,0,5.404938,geometric,false,0.000000,0.000000,0.000000,-0.000000,,,0.000000,0.000000,5.447234,0.000000
crossing,context_bl,EESM-MPC-ECBF,116,11.600,2.000000,-0.250000,0.000000,-0.000000,-1.351960,0.100000,4.928000,0.000000,0.580000,pedestrian,walking,attentive,,0.000000,0.000000,5.515586,4.915586,0.000000,0.000000,0.000000,0.000000,0.000000,0.000000,0.000000,4.915586,4.915586,4.915586,4.915586,0.000000,horizon_mpc_secbf,8,4.970071,true,osqp,optimal,25,4.001181,0,5.460086,geometric,false,0.000000,0.000000,0.000000,-0.000000,,,0.000000,0.000000,5.447234,0.000000
crossing,context_bl,EESM-MPC-ECBF,117,11.700,2.000000,-0.250000,0.000000,-0.000000,-1.351960,0.100000,4.986000,0.000000,0.580000,pedestrian,walking,attentive,,0.000000,0.000000,5.570071,4.970071,0.000000,0.000000,0.000000,0.000000,0.000000,0.000000,0.000000,4.970071,4.970071,4.970071,4.970071,0.000000,horizon_mpc_secbf,8,5.024628,true,osqp,optimal,25,4.744213,0,5.515285,geometric,false,0.000000,0.000000,0.000000,-0.000000,,,0.000000,0.000000,5.447234,0.000000
crossing,context_bl,EESM-MPC-ECBF,118,11.800,2.000000,-0.250000,0.000000,-0.000000,-1.351960,0.100000,5.044000,0.000000,0.580000,pedestrian,walking,attentive,,0.000000,0.000000,5.624628,5.024628,0.000000,0.000000,0.000000,0.000000,0.000000,0.000000,0.000000,5.024628,5.024628,5.024628,5.024628,0.000000,horizon_mpc_secbf,8,5.079252,true,osqp,optimal,25,4.784908,0,5.570534,geometric,false,0.000000,0.000000,0.000000,-0.000000,,,0.000000,0.000000,5.447234,0.000000
crossing,context_bl,EESM-MPC-ECBF,119,11.900,2.000000,-0.250000,0.000000,-0.000000,-1.351960,0.100000,5.102000,0.000000,0.580000,pedestrian,walking,attentive,,0.000000,0.000000,5.679252,5.079252,0.000000,0.000000,0.000000,0.000000,0.000000,0.000000,0.000000,5.079252,5.079252,5.079252,5.079252,0.000000,horizon_mpc_secbf,8,5.133943,true,osqp,optimal,25,4.056804,0,5.625831,geometric,false,0.000000,0.000000,0.000000,-0.000000,,,0.000000,0.000000,5.447234,0.000000
crossing,context_bl,SEESM w/o Feasibility-Preserving Update,0,0.000,-2.000000,-0.250000,0.000000,0.000000,0.000000,0.100000,-1.800000,0.000000,0.580000,pedestrian,walking,unknown,5.835878,1.000000,0.000000,2.610077,2.010077,0.226000,0.226000,0.226000,0.226000,0.296875,0.522875,0.226000,2.010077,1.713201,1.487201,1.487201,0.000000,horizon_mpc_secbf,8,0.748427,true,osqp,optimal,75,4.405237,0,0.643113,accept,false,0.750000,0.000000,0.621017,-0.000000,,,0.621017,0.621017,0.062102,4.000000
crossing,context_bl,SEESM w/o Feasibility-Preserving Update,1,0.100,-1.937898,-0.250000,0.621017,-0.000000,-0.000000,0.100000,-1.742000,0.000000,0.580000,pedestrian,walking,unknown,2.282422,1.000000,0.000000,2.525687,1.925687,0.267222,0.267222,0.267222,0.267222,0.840665,1.107887,0.041222,1.925687,1.085021,0.817799,0.817799,0.000000,horizon_mpc_secbf,8,0.070377,true,osqp,optimal,75,3.933044,0,-0.110694,accept,false,0.750000,0.000000,0.726102,-0.000001,,,0.726102,0.105085,0.134712,3.937898
crossing,context_bl,SEESM w/o Feasibility-Preserving Update,2,0.200,-1.865288,-0.250000,0.726102,-0.000001,-0.000001,0.100000,-1.684000,0.000000,0.580000,pedestrian,walking,unknown,1.974130,1.000000,0.000000,2.432841,1.832841,0.274621,0.274621,0.274621,0.274621,0.927883,1.202504,0.007399,1.832841,0.904957,0.630336,0.630336,0.000160,horizon_mpc_secbf,8,-0.000160,true,osqp,optimal,50,3.715449,0,-0.181499,accept,false,0.750000,0.000000,0.638098,0.076926,,,0.642719,0.116887,0.198984,3.865288
crossing,context_bl,SEESM w/o Feasibility-Preserving Update,3,0.300,-1.801478,-0.242307,0.638098,0.076926,0.119977,0.100000,-1.626000,0.000000,0.580000,pedestrian,walking,unknown,2.157314,1.000000,0.000000,2.351643,1.751643,0.270224,0.270224,0.270224,0.270224,0.811637,1.081861,0.000000,1.751643,0.940006,0.669782,0.669782,0.000103,horizon_mpc_secbf,8,-0.000103,true,osqp,optimal,50,2.916761,0,-0.169827,accept,false,0.749998,-0.001518,0.661223,0.061532,,,0.664080,0.027780,0.265392,3.801486
crossing,context_bl,SEESM w/o Feasibility-Preserving Update,4,0.400,-1.735356,-0.236154,0.661223,0.061532,0.092791,0.100000,-1.568000,0.000000,0.580000,pedestrian,walking,unknown,1.986105,1.000000,0.000000,2.267674,1.667674,0.274333,0.274333,0.274333,0.274333,0.839328,1.113662,0.004109,1.667674,0.828346,0.554012,0.554012,0.000247,horizon_mpc_secbf,8,-0.000247,true,osqp,optimal,50,3.347921,0,-0.171431,accept,false,0.749995,-0.002780,0.568070,0.127232,,,0.582144,0.113991,0.323606,3.735382
crossing,context_bl,SEESM w/o Feasibility-Preserving Update,5,0.500,-1.678549,-0.223431,0.568070,0.127232,0.220335,0.100000,-1.510000,0.000000,0.580000,pedestrian,walking,unknown,2.198206,1.000000,0.000000,2.195107,1.595107,0.269243,0.269243,0.269243,0.269243,0.725250,0.994493,0.000000,1.595107,0.869858,0.600614,0.600614,0.000179,horizon_mpc_secbf,8,-0.000179,true,osqp,optimal,50,4.198778,0,-0.162676,accept,false,0.749980,-0.005417,0.597804,0.103792,,,0.606748,0.037861,0.384281,3.678645
crossing,context_bl,SEESM w/o Feasibility-Preserving Update,6,0.600,-1.618768,-0.213052,0.597804,0.103792,0.171909,0.100000,-1.452000,0.000000,0.580000,pedestrian,walking,unknown,1.989448,1.000000,0.000000,2.118763,1.518763,0.274253,0.274253,0.274253,0.274253,0.762911,1.037165,0.005010,1.518763,0.755852,0.481598,0.481598,0.000326,horizon_mpc_secbf,8,-0.000326,true,osqp,optimal,50,4.010131,0,-0.167606,accept,false,0.749961,-0.007657,0.504392,0.168951,,,0.531935,0.113893,0.437475,3.618957
crossing,context_bl,SEESM w/o Feasibility-Preserving Update,7,0.700,-1.568329,-0.196157,0.504392,0.168951,0.323213,0.100000,-1.394000,0.000000,0.580000,pedestrian,walking,unknown,2.238506,1.000000,0.000000,2.053814,1.453814,0.268276,0.268276,0.268276,0.268276,0.648895,0.917171,0.000000,1.453814,0.804918,0.536642,0.536642,0.000246,horizon_mpc_secbf,8,-0.000246,true,osqp,optimal,50,2.993828,0,-0.160510,accept,false,0.749915,-0.011316,0.541990,0.139116,,,0.559559,0.047997,0.493430,3.568735
crossing,context_bl,SEESM w/o Feasibility-Preserving Update,8,0.800,-1.514130,-0.182245,0.541990,0.139116,0.251252,0.100000,-1.336000,0.000000,0.580000,pedestrian,walking,unknown,1.984888,1.000000,0.000000,1.984078,1.384078,0.274363,0.274363,0.274363,0.274363,0.696573,0.970936,0.006087,1.384078,0.687505,0.413143,0.413143,0.000398,horizon_mpc_secbf,8,-0.000398,true,osqp,optimal,50,3.394700,0,-0.167407,accept,false,0.749861,-0.014458,0.446780,0.206017,,,0.491991,0.116364,0.542630,3.514783
crossing,context_bl,SEESM w/o Feasibility-Preserving Update,9,0.900,-1.469452,-0.161643,0.446780,0.206017,0.432059,0.100000,-1.278000,0.000000,0.580000,pedestrian,walking,unknown,2.282868,1.000000,0.000000,1.925989,1.325989,0.267211,0.267211,0.267211,0.267211,0.580064,0.847276,0.000000,1.325989,0.745924,0.478713,0.478713,0.000305,horizon_mpc_secbf,8,-0.000305,true,osqp,optimal,50,3.784013,0,-0.160214,accept,false,0.749757,-0.019094,0.493412,0.170842,,,0.522152,0.058411,0.594845,3.470577
crossing,context_bl,SEESM w/o Feasibility-Preserving Update,10,1.000,-1.420111,-0.144559,0.493412,0.170842,0.333327,0.100000,-1.220000,0.000000,0.580000,pedestrian,walking,attentive,1.974736,1.000000,0.000000,1.862072,1.262072,0.169417,0.169417,0.169417,0.169417,0.638126,0.807543,0.000000,1.262072,0.623946,0.454529,0.454529,0.000329,horizon_mpc_secbf,8,-0.000329,true,osqp,optimal,50,3.117478,0,-0.171044,accept,false,0.749644,-0.023111,0.485717,0.182833,,,0.518989,0.014247,0.646744,3.421736
crossing,context_bl,SEESM w/o Feasibility-Preserving Update,11,1.100,-1.371539,-0.126276,0.485717,0.182833,0.360013,0.100000,-1.162000,0.000000,0.580000,pedestrian,walking,attentive,1.916744,1.000000,0.000000,1.799487,1.199487,0.170374,0.170374,0.170374,0.170374,0.624923,0.795297,0.000957,1.199487,0.574564,0.404190,0.404190,0.000384,horizon_mpc_secbf,8,-0.000384,true,osqp,optimal,50,3.562880,0,-0.166697,accept,false,0.749496,-0.027504,0.447853,0.223765,,,0.500642,0.055760,0.696808,3.373809
crossing,context_bl,SEESM w/o Feasibility-Preserving Update,12,1.200,-1.326754,-0.103899,0.447853,0.223765,0.463359,0.100000,-1.104000,0.000000,0.580000,pedestrian,walking,attentive,1.999917,1.000000,0.000000,1.742363,1.142363,0.169001,0.169001,0.169001,0.169001,0.570693,0.739694,0.000000,1.142363,0.571670,0.402669,0.402669,0.000378,horizon_mpc_secbf,8,-0.000378,true,osqp,optimal,50,4.435402,0,-0.159095,accept,false,0.749278,-0.032906,0.446213,0.237216,,,0.505349,0.013551,0.747343,3.329961
crossing,context_bl,SEESM w/o Feasibility-Preserving Update,13,1.300,-1.282133,-0.080178,0.446213,0.237216,0.488624,0.100000,-1.046000,0.000000,0.580000,pedestrian,walking,attentive,1.932291,1.000000,0.000000,1.686150,1.086150,0.170117,0.170117,0.170117,0.170117,0.561818,0.731935,0.001116,1.086150,0.524332,0.354215,0.354215,0.000433,horizon_mpc_secbf,8,-0.000433,true,osqp,optimal,50,4.328903,0,-0.155338,accept,false,0.748998,-0.038754,0.409812,0.276115,,,0.494151,0.053274,0.796758,3.286523
crossing,context_bl,SEESM w/o Feasibility-Preserving Update,14,1.400,-1.241152,-0.052566,0.409812,0.276115,0.592897,0.100000,-0.988000,0.000000,0.580000,pedestrian,walking,attentive,2.029816,1.000000,0.000000,1.635152,1.035152,0.168508,0.168508,0.168508,0.168508,0.509876,0.678384,0.000000,1.035152,0.525276,0.356768,0.356768,0.000424,horizon_mpc_secbf,8,-0.000424,true,osqp,optimal,50,4.309872,0,-0.148200,accept,false,0.748612,-0.045601,0.410623,0.285285,,,0.499999,0.009206,0.846758,3.247159
crossing,context_bl,SEESM w/o Feasibility-Preserving Update,15,1.500,-1.200089,-0.024038,0.410623,0.285285,0.607203,0.100000,-0.930000,0.000000,0.580000,pedestrian,walking,attentive,1.948228,1.000000,0.000000,1.584613,0.984613,0.169854,0.169854,0.169854,0.169854,0.505366,0.675220,0.001346,0.984613,0.479247,0.309393,0.309393,0.000480,horizon_mpc_secbf,8,-0.000480,true,osqp,optimal,50,4.192159,0,-0.145067,accept,false,0.748137,-0.052827,0.374709,0.321989,,,0.494048,0.051351,0.896163,3.208057
crossing,context_bl,SEESM w/o Feasibility-Preserving Update,16,1.600,-1.162618,0.008161,0.374709,0.321989,0.709871,0.100000,-0.872000,0.000000,0.580000,pedestrian,walking,attentive,2.064275,1.000000,0.000000,1.539119,0.939119,0.167939,0.167939,0.167939,0.167939,0.454936,0.622876,0.000000,0.939119,0.484183,0.316244,0.316244,0.000466,horizon_mpc_secbf,8,-0.000466,true,osqp,optimal,50,3.554008,0,-0.138315,accept,false,0.747514,-0.061019,0.378214,0.326866,,,0.499888,0.006006,0.946151,3.173138
crossing,context_bl,SEESM w/o Feasibility-Preserving Update,17,1.700,-1.124797,0.040848,0.378214,0.326866,0.712701,0.100000,-0.814000,0.000000,0.580000,pedestrian,walking,attentive,1.963905,1.000000,0.000000,1.493617,0.893617,0.169596,0.169596,0.169596,0.169596,0.454983,0.624578,0.001656,0.893617,0.438635,0.269039,0.269039,0.000524,horizon_mpc_secbf,8,-0.000524,true,osqp,optimal,50,3.685548,0,-0.135806,accept,false,0.746772,-0.069508,0.342367,0.362259,,,0.498445,0.050375,0.995996,3.138303
crossing,context_bl,SEESM w/o Feasibility-Preserving Update,18,1.800,-1.090560,0.077074,0.342367,0.362259,0.813621,0.100000,-0.756000,0.000000,0.580000,pedestrian,walking,attentive,2.104567,1.000000,0.000000,1.453081,0.853081,0.167275,0.167275,0.167275,0.167275,0.405195,0.572470,0.000000,0.853081,0.447886,0.280612,0.280612,0.000507,horizon_mpc_secbf,8,-0.000507,true,osqp,optimal,50,4.462114,0,-0.129350,accept,false,0.745835,-0.078932,0.349021,0.362836,,,0.503454,0.006679,1.046341,3.107819
crossing,context_bl,SEESM w/o Feasibility-Preserving Update,19,1.900,-1.055658,0.113357,0.349021,0.362836,0.804803,0.100000,-0.698000,0.000000,0.580000,pedestrian,walking,attentive,1.978485,1.000000,0.000000,1.412036,0.812036,0.169355,0.169355,0.169355,0.169355,0.410174,0.579529,0.002080,0.812036,0.401863,0.232508,0.232508,0.000567,horizon_mpc_secbf,8,-0.000567,true,osqp,optimal,50,3.511156,0,-0.127483,accept,false,0.744753,-0.088561,0.312722,0.397934,,,0.506109,0.050492,1.096952,3.077186
crossing,context_bl,SEESM w/o Feasibility-Preserving Update,20,2.000,-1.024386,0.153151,0.312722,0.397934,0.904734,0.100000,-0.640000,0.000000,0.580000,pedestrian,walking,attentive,2.152590,1.000000,0.000000,1.375984,0.775984,0.166482,0.166482,0.166482,0.166482,0.360001,0.526483,0.000000,0.775984,0.415983,0.249501,0.249501,0.000545,horizon_mpc_secbf,8,-0.000545,true,osqp,optimal,50,4.857383,0,-0.121227,accept,false,0.743424,-0.099098,0.323143,0.393998,,,0.509564,0.011139,1.147909,3.051138
crossing,context_bl,SEESM w/o Feasibility-Preserving Update,21,2.100,-0.992072,0.192550,0.323143,0.393998,0.883881,0.100000,-0.582000,0.000000,0.580000,pedestrian,walking,attentive,1.990554,1.000000,0.000000,1.338861,0.738861,0.169156,0.169156,0.169156,0.169156,0.370543,0.539698,0.002674,0.738861,0.368318,0.199163,0.199163,0.000610,horizon_mpc_secbf,8,-0.000610,true,osqp,optimal,50,4.423979,0,-0.120049,accept,false,0.741928,-0.109737,0.285717,0.430013,,,0.516281,0.051940,1.199537,3.024623
crossing,context_bl,SEESM w/o Feasibility-Preserving Update,22,2.200,-0.963500,0.235552,0.285717,0.430013,0.984337,0.100000,-0.524000,0.000000,0.580000,pedestrian,walking,attentive,2.211240,1.000000,0.000000,1.306886,0.706886,0.165515,0.165515,0.165515,0.165515,0.318698,0.484213,0.000000,0.706886,0.388188,0.222673,0.222673,0.000580,horizon_mpc_secbf,8,-0.000580,true,osqp,optimal,50,4.131133,0,-0.113883,accept,false,0.740131,-0.121266,0.300778,0.421062,,,0.517456,0.017519,1.251282,3.003014
crossing,context_bl,SEESM w/o Feasibility-Preserving Update,23,2.300,-0.933422,0.277658,0.300778,0.421062,0.950517,0.100000,-0.466000,0.000000,0.580000,pedestrian,walking,attentive,1.997737,1.000000,0.000000,1.273180,0.673180,0.169037,0.169037,0.169037,0.169037,0.335809,0.504846,0.003523,0.673180,0.337372,0.168334,0.168334,0.000652,horizon_mpc_secbf,8,-0.000652,true,osqp,optimal,50,3.144887,0,-0.113490,accept,false,0.738153,-0.132777,0.261343,0.459561,,,0.528674,0.055111,1.304150,2.980501
crossing,context_bl,SEESM w/o Feasibility-Preserving Update,24,2.400,-0.907288,0.323614,0.261343,0.459561,1.053724,0.100000,-0.408000,0.000000,0.580000,pedestrian,walking,attentive,2.285161,1.000000,0.000000,1.244945,0.644945,0.164295,0.164295,0.164295,0.164295,0.280596,0.444891,0.000000,0.644945,0.364348,0.200054,0.200054,0.000613,horizon_mpc_secbf,8,-0.000613,true,osqp,optimal,50,3.847797,0,-0.107287,accept,false,0.735815,-0.145178,0.282325,0.444678,,,0.526731,0.025724,1.356823,2.963335
crossing,context_bl,SEESM w/o Feasibility-Preserving Update,25,2.500,-0.879055,0.368082,0.282325,0.444678,1.005111,0.100000,-0.350000,0.000000,0.580000,pedestrian,walking,attentive,1.996051,1.000000,0.000000,1.214163,0.614163,0.169065,0.169065,0.169065,0.169065,0.305844,0.474910,0.004770,0.614163,0.308318,0.139253,0.139253,0.000695,horizon_mpc_secbf,8,-0.000695,true,osqp,optimal,50,3.602587,0,-0.107856,accept,false,0.733292,-0.157425,0.239720,0.487846,,,0.543562,0.060652,1.411179,2.944654
crossing,context_bl,SEESM w/o Feasibility-Preserving Update,26,2.600,-0.855083,0.416866,0.239720,0.487846,1.114064,0.100000,-0.292000,0.000000,0.580000,pedestrian,walking,attentive,2.382222,1.000000,0.000000,1.189401,0.589401,0.162693,0.162693,0.162693,0.162693,0.244902,0.407596,0.000000,0.589401,0.344499,0.181806,0.181806,0.000643,horizon_mpc_secbf,8,-0.000643,true,osqp,optimal,50,3.788636,0,-0.101468,accept,false,0.730342,-0.170587,0.268568,0.465471,,,0.537394,0.036508,1.464918,2.931930
crossing,context_bl,SEESM w/o Feasibility-Preserving Update,27,2.700,-0.828226,0.463413,0.268568,0.465471,1.047474,0.100000,-0.234000,0.000000,0.580000,pedestrian,walking,attentive,1.978852,1.000000,0.000000,1.161030,0.561030,0.169349,0.169349,0.169349,0.169349,0.280744,0.450093,0.006656,0.561030,0.280286,0.110937,0.110937,0.000738,horizon_mpc_secbf,8,-0.000738,true,osqp,optimal,50,3.637675,0,-0.103324,accept,false,0.727221,-0.183440,0.221285,0.516598,,,0.561997,0.069640,1.521118,2.916817
crossing,context_bl,SEESM w/o Feasibility-Preserving Update,28,2.800,-0.806098,0.515073,0.221285,0.516598,1.166091,0.100000,-0.176000,0.000000,0.580000,pedestrian,walking,attentive,2.516603,1.000000,0.000000,1.139559,0.539559,0.160476,0.160476,0.160476,0.160476,0.210614,0.371090,0.000000,0.539559,0.328946,0.168469,0.168469,0.000668,horizon_mpc_secbf,8,-0.000668,true,osqp,optimal,50,4.473359,0,-0.096580,accept,false,0.723588,-0.197284,0.261043,0.484105,,,0.550001,0.051347,1.576118,2.908526
crossing,context_bl,SEESM w/o Feasibility-Preserving Update,29,2.900,-0.779994,0.563484,0.261043,0.484105,1.076261,0.100000,-0.118000,0.000000,0.580000,pedestrian,walking,attentive,1.935147,1.000000,0.000000,1.113018,0.513018,0.170070,0.170070,0.170070,0.170070,0.260953,0.431023,0.009594,0.513018,0.252065,0.081995,0.081995,0.000799,horizon_mpc_secbf,8,-0.000785,true,osqp,optimal,75,4.331596,0,-0.088866,accept,false,0.719815,-0.210633,0.199086,0.556718,,,0.591245,0.095454,1.635243,2.896570
crossing,context_bl,SEESM w/o Feasibility-Preserving Update,30,3.000,-0.760085,0.619156,0.199086,0.556718,1.227362,0.100000,-0.060000,0.000000,0.580000,pedestrian,walking,attentive,2.905532,1.000000,0.000000,1.095901,0.495901,0.154059,0.154059,0.154059,0.154059,0.164724,0.318782,0.000000,0.495901,0.331177,0.177118,0.177118,0.000667,horizon_mpc_secbf,8,-0.000667,true,osqp,optimal,50,4.028300,0,-0.092122,accept,false,0.715369,-0.225271,0.272871,0.490036,,,0.560887,0.099452,1.691331,2.893700
crossing,context_bl,SEESM w/o Feasibility-Preserving Update,31,3.100,-0.732798,0.668159,0.272871,0.490036,1.062718,0.100000,-0.002000,0.000000,0.580000,pedestrian,walking,attentive,1.743405,1.000000,0.000000,1.068955,0.468955,0.173234,0.173234,0.173234,0.173234,0.262640,0.435874,0.019175,0.468955,0.206316,0.033082,0.033082,0.035752,horizon_mpc_secbf,8,-0.035057,true,osqp,optimal,8675,31.656549,0,-0.039552,accept,false,0.710946,-0.238862,0.234824,0.698929,,,0.737322,0.212329,1.765064,2.882915
crossing,context_bl,SEESM w/o Feasibility-Preserving Update,32,3.200,-0.709315,0.738052,0.234824,0.698929,1.246668,0.100000,0.056000,0.000000,0.580000,pedestrian,walking,attentive,4.453764,1.000000,0.000000,1.058389,0.458389,0.136000,0.136000,0.136000,0.136000,0.072686,0.208686,0.000000,0.458389,0.385703,0.249703,0.249703,0.000582,horizon_mpc_secbf,8,-0.000581,true,osqp,optimal,50,4.198540,0,-0.092548,accept,false,0.704607,-0.256961,0.355936,0.470350,,,0.589847,0.258682,1.824048,2.883858
crossing,context_bl,SEESM w/o Feasibility-Preserving Update,33,3.300,-0.673722,0.785087,0.355936,0.470350,0.922991,0.100000,0.114000,0.000000,0.580000,pedestrian,walking,attentive,1.244995,1.000000,0.000000,1.024209,0.424209,0.181458,0.181458,0.181458,0.181458,0.324382,0.505840,0.045458,0.424209,0.099826,-0.081631,-0.081631,0.164359,horizon_mpc_secbf,8,-0.164284,true,osqp,optimal,2400,12.878574,0,-0.048378,accept,false,0.699417,-0.270768,0.265635,0.686167,,,0.735791,0.233947,1.897627,2.867088
crossing,context_bl,SEESM w/o Feasibility-Preserving Update,34,3.400,-0.647158,0.853704,0.265635,0.686167,1.201435,0.100000,0.172000,0.000000,0.580000,pedestrian,walking,attentive,3.299963,1.000000,0.000000,1.011418,0.411418,0.147551,0.147551,0.147551,0.147551,0.088051,0.235602,0.000000,0.411418,0.323366,0.175816,0.175816,0.000691,horizon_mpc_secbf,8,-0.000641,true,osqp,optimal,50,5.076551,0,-0.104542,accept,false,0.692241,-0.288622,0.365596,0.563718,,,0.671892,0.158070,1.964816,2.868032
crossing,context_bl,SEESM w/o Feasibility-Preserving Update,35,3.500,-0.610599,0.910076,0.365596,0.563718,0.995445,0.100000,0.230000,0.000000,0.580000,pedestrian,walking,attentive,1.392938,1.000000,0.000000,0.983592,0.383592,0.179017,0.179017,0.179017,0.179017,0.235495,0.414512,0.031466,0.383592,0.148097,-0.030920,-0.030920,0.130468,horizon_mpc_secbf,8,-0.125183,true,osqp,optimal,2900,15.120702,0,-0.052418,accept,false,0.685377,-0.304562,0.298806,0.672428,,,0.735829,0.127588,2.038399,2.856747
crossing,context_bl,SEESM w/o Feasibility-Preserving Update,36,3.600,-0.580718,0.977318,0.298806,0.672428,1.152635,0.100000,0.288000,0.000000,0.580000,pedestrian,walking,attentive,2.557574,1.000000,0.000000,0.968781,0.368781,0.159800,0.159800,0.159800,0.159800,0.098733,0.258533,0.000000,0.368781,0.270048,0.110248,0.110248,0.001317,horizon_mpc_secbf,8,0.011309,true,osqp,optimal,1350,9.167405,0,-0.050105,accept,false,0.677308,-0.322109,0.316333,0.665172,,,0.736559,0.018970,2.112055,2.857694
crossing,context_bl,SEESM w/o Feasibility-Preserving Update,37,3.700,-0.549085,1.043836,0.316333,0.665172,1.126887,0.100000,0.346000,0.000000,0.580000,pedestrian,walking,attentive,2.306255,1.000000,0.000000,0.953040,0.353040,0.163947,0.163947,0.163947,0.163947,0.102262,0.266208,0.004147,0.353040,0.250779,0.086832,0.086832,0.041099,horizon_mpc_secbf,8,-0.015503,true,osqp,optimal,5225,23.750091,0,-0.042464,accept,false,0.668783,-0.339454,0.333920,0.657882,,,0.737775,0.019038,2.185833,2.858644
crossing,context_bl,SEESM w/o Feasibility-Preserving Update,38,3.800,-0.515693,1.109624,0.333920,0.657882,1.101113,0.100000,0.404000,0.000000,0.580000,pedestrian,walking,attentive,2.091779,1.000000,0.000000,0.936474,0.336474,0.167486,0.167486,0.167486,0.167486,0.103841,0.271326,0.003539,0.336474,0.232633,0.065147,0.065147,0.085389,horizon_mpc_secbf,8,-0.039109,true,osqp,optimal,8200,41.646986,0,-0.027460,accept,false,0.659803,-0.356595,0.351599,0.650560,,,0.739493,0.019135,2.259782,2.859596
crossing,context_bl,SEESM w/o Feasibility-Preserving Update,39,3.900,-0.480533,1.174680,0.351599,0.650560,1.075310,0.100000,0.462000,0.000000,0.580000,pedestrian,walking,attentive,1.907388,1.000000,0.000000,0.919201,0.319201,0.170528,0.170528,0.170528,0.170528,0.103190,0.273718,0.003042,0.319201,0.216012,0.045483,0.045483,0.135098,horizon_mpc_secbf,8,-0.059013,true,osqp,optimal,2775,16.081109,0,-0.003735,accept,false,0.650364,-0.373533,0.369407,0.643183,,,0.741719,0.019276,2.333954,2.860552
crossing,context_bl,SEESM w/o Feasibility-Preserving Update,40,4.000,-0.443592,1.238998,0.369407,0.643183,1.049456,0.100000,0.520000,0.000000,0.580000,pedestrian,walking,attentive,1.748214,1.000000,0.000000,0.901361,0.301361,0.173154,0.173154,0.173154,0.173154,0.100019,0.273173,0.002626,0.301361,0.201342,0.028187,0.028187,0.189164,horizon_mpc_secbf,8,-0.074630,true,osqp,optimal,1950,11.914554,0,0.028185,accept,false,0.640463,-0.390265,0.387385,0.635734,,,0.744463,0.019459,2.408400,2.861513
crossing,context_bl,SEESM w/o Feasibility-Preserving Update,41,4.100,-0.404854,1.302572,0.387385,0.635734,1.023530,0.100000,0.578000,0.000000,0.580000,pedestrian,walking,attentive,1.611038,1.000000,0.000000,0.883109,0.283109,0.175418,0.175418,0.175418,0.175418,0.094011,0.269429,0.002263,0.283109,0.189098,0.013680,0.013680,0.243792,horizon_mpc_secbf,8,-0.085963,true,osqp,optimal,3800,19.068723,0,0.065170,accept,false,0.630097,-0.406790,0.405568,0.628207,,,0.747749,0.019680,2.483175,2.862482
crossing,context_bl,SEESM w/o Feasibility-Preserving Update,42,4.200,-0.364297,1.365392,0.405568,0.628207,0.997523,0.100000,0.636000,0.000000,0.580000,pedestrian,walking,attentive,1.494077,1.000000,0.000000,0.864630,0.264630,0.177348,0.177348,0.177348,0.177348,0.084816,0.262164,0.001930,0.264630,0.179813,0.002466,0.002466,0.295701,horizon_mpc_secbf,8,-0.091900,true,osqp,optimal,3100,16.354900,0,0.103489,accept,false,0.619259,-0.423105,0.422260,0.618017,,,0.748498,0.019556,2.558025,2.863458
crossing,context_bl,SEESM w/o Feasibility-Preserving Update,43,4.300,-0.322071,1.427194,0.422260,0.618017,0.971401,0.100000,0.694000,0.000000,0.580000,pedestrian,walking,attentive,1.384218,1.000000,0.000000,0.846001,0.246001,0.179160,0.179160,0.179160,0.179160,0.074790,0.253950,0.001813,0.246001,0.171211,-0.007949,-0.007949,0.343397,horizon_mpc_secbf,8,-0.098010,true,osqp,optimal,2700,14.610619,0,0.138599,accept,false,0.607992,-0.439142,0.436268,0.604007,,,0.745087,0.019812,2.632533,2.864436
crossing,context_bl,SEESM w/o Feasibility-Preserving Update,44,4.400,-0.278444,1.487595,0.436268,0.604007,0.945267,0.100000,0.752000,0.000000,0.580000,pedestrian,walking,attentive,1.274914,1.000000,0.000000,0.827236,0.227236,0.180964,0.180964,0.180964,0.180964,0.065436,0.246400,0.001804,0.227236,0.161800,-0.019164,-0.019164,0.379929,horizon_mpc_secbf,8,-0.120002,true,osqp,optimal,2600,14.248945,0,0.163921,accept,false,0.596367,-0.454803,0.450091,0.590194,,,0.742234,0.019542,2.706757,2.865405
crossing,context_bl,SEESM w/o Feasibility-Preserving Update,45,4.500,-0.233435,1.546614,0.450091,0.590194,0.919270,0.100000,0.810000,0.000000,0.580000,pedestrian,walking,attentive,1.182876,1.000000,0.000000,0.808566,0.208566,0.182483,0.182483,0.182483,0.182483,0.052702,0.235184,0.001519,0.208566,0.155864,-0.026618,-0.026618,0.395430,horizon_mpc_secbf,8,-0.129890,true,osqp,optimal,2475,13.674960,0,0.174391,accept,false,0.584390,-0.470094,0.463761,0.576513,,,0.739893,0.019339,2.780746,2.866366
crossing,context_bl,SEESM w/o Feasibility-Preserving Update,46,4.600,-0.187059,1.604265,0.463761,0.576513,0.893364,0.100000,0.868000,0.000000,0.580000,pedestrian,walking,attentive,1.107948,1.000000,0.000000,0.790247,0.190247,0.183719,0.183719,0.183719,0.183719,0.036464,0.220183,0.001236,0.190247,0.153783,-0.029936,-0.029936,0.387013,horizon_mpc_secbf,8,-0.135677,true,osqp,optimal,2525,13.861374,0,0.167825,accept,false,0.572065,-0.485017,0.477306,0.562968,,,0.738074,0.019156,2.854554,2.867321
crossing,context_bl,SEESM w/o Feasibility-Preserving Update,47,4.700,-0.139328,1.660562,0.477306,0.562968,0.867558,0.100000,0.926000,0.000000,0.580000,pedestrian,walking,attentive,1.051879,1.000000,0.000000,0.772567,0.172567,0.184644,0.184644,0.184644,0.184644,0.016602,0.201246,0.000925,0.172567,0.155965,-0.028679,-0.028679,0.363375,horizon_mpc_secbf,8,-0.142724,true,osqp,optimal,2275,12.302980,0,0.153683,accept,false,0.559395,-0.499577,0.490757,0.549516,,,0.736757,0.019024,2.928229,2.868270
crossing,context_bl,SEESM w/o Feasibility-Preserving Update,48,4.800,-0.090253,1.715514,0.490757,0.549516,0.841822,0.100000,0.984000,0.000000,0.580000,pedestrian,walking,attentive,1.018426,1.000000,0.000000,0.755849,0.155849,0.185196,0.185196,0.185196,0.185196,0.000000,0.185196,0.000552,0.155849,0.162722,-0.022474,-0.029347,0.327928,horizon_mpc_secbf,8,-0.121691,true,osqp,optimal,2350,13.541787,0,0.129237,accept,false,0.546383,-0.513776,0.504145,0.536140,,,0.735941,0.018925,3.001823,2.869216
crossing,context_bl,SEESM w/o Feasibility-Preserving Update,49,4.900,-0.039838,1.769128,0.504145,0.536140,0.816145,0.100000,1.042000,0.000000,0.580000,pedestrian,walking,attentive,1.015701,1.000000,0.000000,0.740452,0.140452,0.185241,0.185241,0.185241,0.185241,0.000000,0.185241,0.000045,0.140452,0.174322,-0.010919,-0.044789,0.299218,horizon_mpc_secbf,8,-0.123332,true,osqp,optimal,2975,13.998120,0,-0.019506,accept,false,0.533029,-0.527617,0.620005,0.420281,,,0.749028,0.163850,3.076726,2.870160
crossing,context_bl,SEESM w/o Feasibility-Preserving Update,50,5.000,0.022162,1.811156,0.620005,0.420281,0.595717,0.100000,1.100000,0.000000,0.580000,pedestrian,walking,attentive,0.510117,1.000000,0.000000,0.715403,0.115403,0.193583,0.193583,0.193583,0.193583,0.000000,0.193583,0.008342,0.115403,0.173323,-0.020260,-0.078180,0.282083,horizon_mpc_secbf,8,-0.131691,true,osqp,optimal,3500,16.986618,0,-0.026369,accept,false,0.519280,-0.541155,0.623645,0.416613,,,0.750000,0.005169,3.151726,2.856607
crossing,context_bl,SEESM w/o Feasibility-Preserving Update,51,5.100,0.084527,1.852817,0.623645,0.416613,0.588945,0.100000,1.158000,0.000000,0.580000,pedestrian,walking,attentive,0.535963,1.000000,0.000000,0.694989,0.094989,0.193157,0.193157,0.193157,0.193157,0.000000,0.193157,0.000000,0.094989,0.207646,0.014489,-0.098167,0.244685,horizon_mpc_secbf,8,-0.131265,true,osqp,optimal,3650,22.295593,0,-0.030692,accept,false,0.505056,-0.554453,0.623632,0.416634,,,0.750000,0.000025,3.226726,2.844447
crossing,context_bl,SEESM w/o Feasibility-Preserving Update,52,5.200,0.146890,1.894481,0.623632,0.416634,0.588978,0.100000,1.216000,0.000000,0.580000,pedestrian,walking,attentive,0.667598,1.000000,0.000000,0.680099,0.080099,0.190985,0.190985,0.190985,0.190985,0.000000,0.190985,0.000000,0.080099,0.245542,0.054558,-0.110886,0.202856,horizon_mpc_secbf,8,-0.129093,true,osqp,optimal,3625,18.545534,0,-0.027995,accept,false,0.490375,-0.567479,0.623621,0.416650,,,0.750000,0.000020,3.301726,2.834222
crossing,context_bl,SEESM w/o Feasibility-Preserving Update,53,5.300,0.209252,1.936146,0.623621,0.416650,0.589004,0.100000,1.274000,0.000000,0.580000,pedestrian,walking,attentive,1.191963,1.000000,0.000000,0.671098,0.071098,0.182333,0.182333,0.182333,0.182333,0.000000,0.182333,0.000000,0.071098,0.286510,0.104177,-0.111234,0.157691,horizon_mpc_secbf,8,-0.120442,true,osqp,optimal,2600,13.810159,0,-0.013189,accept,false,0.475259,-0.580197,0.623619,0.416652,,,0.750000,0.000002,3.376726,2.825953
crossing,context_bl,SEESM w/o Feasibility-Preserving Update,54,5.400,0.271614,1.977811,0.623619,0.416652,0.589007,0.100000,1.332000,0.000000,0.580000,pedestrian,walking,attentive,,0.000000,0.000000,0.668224,0.068224,0.070000,0.070000,0.070000,0.070000,0.000000,0.070000,0.000000,0.068224,0.068224,-0.001776,-0.001776,0.015540,horizon_mpc_secbf,8,0.000695,true,osqp,optimal,11100,45.988614,0,0.006731,accept,false,0.459733,-0.592575,0.628102,0.405815,,,0.747796,0.011727,3.451506,2.819656
crossing,context_bl,SEESM w/o Feasibility-Preserving Update,55,5.500,0.334424,2.018392,0.628102,0.405815,0.573627,0.100000,1.390000,0.000000,0.580000,pedestrian,walking,attentive,,0.000000,0.000000,0.670695,0.070695,0.070000,0.070000,0.070000,0.070000,0.000000,0.070000,0.000000,0.070695,0.070695,0.000695,0.000695,0.000793,horizon_mpc_secbf,8,0.000471,true,osqp,optimal,550,6.403299,0,-0.041968,accept,false,0.443885,-0.604538,0.680290,0.279834,,,0.735596,0.136363,3.525065,2.814204
crossing,context_bl,SEESM w/o Feasibility-Preserving Update,56,5.600,0.402453,2.046376,0.680290,0.279834,0.390249,0.100000,1.448000,0.000000,0.580000,pedestrian,walking,attentive,,0.000000,0.000000,0.670471,0.070471,0.070000,0.070000,0.070000,0.070000,0.000000,0.070000,0.000000,0.070471,0.070471,0.000471,0.000471,0.000372,horizon_mpc_secbf,8,0.000283,true,osqp,optimal,550,6.356868,0,-0.055499,accept,false,0.428311,-0.615670,0.735586,0.145063,,,0.749753,0.145674,3.600041,2.797409
crossing,context_bl,SEESM w/o Feasibility-Preserving Update,57,5.700,0.476012,2.060882,0.735586,0.145063,0.194709,0.100000,1.506000,0.000000,0.580000,pedestrian,walking,attentive,,0.000000,0.000000,0.670283,0.070283,0.070000,0.070000,0.070000,0.070000,0.000000,0.070000,0.000000,0.070283,0.070283,0.000283,0.000283,0.000334,horizon_mpc_secbf,8,-0.000022,true,osqp,optimal,150,4.753496,0,-0.068005,accept,false,0.412906,-0.626106,0.735596,-0.001365,,,0.735597,0.146428,3.673600,2.768161
crossing,context_bl,SEESM w/o Feasibility-Preserving Update,58,5.800,0.549571,2.060745,0.735596,-0.001365,-0.001856,0.100000,1.564000,0.000000,0.580000,pedestrian,walking,attentive,,0.000000,0.000000,0.669978,0.069978,0.070000,0.070000,0.070000,0.070000,0.000000,0.070000,0.000000,0.069978,0.069978,-0.000022,-0.000022,0.000288,horizon_mpc_secbf,8,-0.000170,true,osqp,optimal,150,4.449851,1,-0.083484,accept,false,0.398727,-0.635230,0.719812,-0.184410,,,0.743058,0.183725,3.747906,2.728239
crossing,context_bl,SEESM w/o Feasibility-Preserving Update,59,5.900,0.621553,2.042304,0.719812,-0.184410,-0.250798,0.100000,1.622000,0.000000,0.580000,pedestrian,walking,attentive,,0.000000,0.000000,0.669830,0.069830,0.070000,0.070000,0.070000,0.070000,0.000000,0.070000,0.000000,0.069830,0.069830,-0.000170,-0.000170,0.000047,horizon_mpc_secbf,8,-0.000035,true,osqp,optimal,75,4.672214,0,-0.097170,accept,false,0.386503,-0.642740,0.642264,-0.371643,,,0.742039,0.202657,3.822110,2.674841
crossing,context_bl,SEESM w/o Feasibility-Preserving Update,60,6.000,0.685779,2.005140,0.642264,-0.371643,-0.524570,0.100000,1.680000,0.000000,0.580000,pedestrian,walking,attentive,,0.000000,0.000000,0.669965,0.069965,0.070000,0.070000,0.070000,0.070000,0.000000,0.070000,0.000000,0.069965,0.069965,-0.000035,-0.000035,0.000000,horizon_mpc_secbf,8,0.013947,true,osqp,optimal,50,4.989816,1,0.037039,accept,false,0.377629,-0.647994,0.605600,-0.434669,,,0.745445,0.072914,3.896655,2.610141
crossing,context_bl,SEESM w/o Feasibility-Preserving Update,61,6.100,0.746339,1.961673,0.605600,-0.434669,-0.622539,0.100000,1.738000,0.000000,0.580000,pedestrian,walking,attentive,,0.000000,0.000000,0.683947,0.083947,0.070000,0.070000,0.070000,0.070000,0.000000,0.070000,0.000000,0.083947,0.083947,0.013947,0.013947,0.000000,horizon_mpc_secbf,8,0.045174,true,osqp,optimal,75,4.083604,0,0.230072,accept,false,0.369844,-0.652469,0.586464,-0.453815,,,0.741545,0.027070,3.970809,2.542275
crossing,context_bl,SEESM w/o Feasibility-Preserving Update,62,6.200,0.804985,1.916292,0.586464,-0.453815,-0.658570,0.100000,1.796000,0.000000,0.580000,pedestrian,walking,attentive,,0.000000,0.000000,0.715174,0.115174,0.070000,0.070000,0.070000,0.070000,0.000000,0.070000,0.000000,0.115174,0.115174,0.045174,0.045174,0.000000,horizon_mpc_secbf,8,0.092199,true,osqp,optimal,75,4.561874,0,0.431084,accept,false,0.362266,-0.656706,0.570595,-0.469683,,,0.739040,0.022442,4.044713,2.474041
crossing,context_bl,SEESM w/o Feasibility-Preserving Update,63,6.300,0.862045,1.869323,0.570595,-0.469683,-0.688696,0.100000,1.854000,0.000000,0.580000,pedestrian,walking,attentive,,0.000000,0.000000,0.762199,0.162199,0.070000,0.070000,0.070000,0.070000,0.000000,0.070000,0.000000,0.162199,0.162199,0.092199,0.092199,0.000000,horizon_mpc_secbf,8,0.152481,true,osqp,optimal,100,4.556717,0,0.624102,accept,false,0.354797,-0.660772,0.553462,-0.486809,,,0.737091,0.024225,4.118422,2.405509
crossing,context_bl,SEESM w/o Feasibility-Preserving Update,64,6.400,0.917391,1.820642,0.553462,-0.486809,-0.721413,0.100000,1.912000,0.000000,0.580000,pedestrian,walking,attentive,,0.000000,0.000000,0.822481,0.222481,0.070000,0.070000,0.070000,0.070000,0.000000,0.070000,0.000000,0.222481,0.222481,0.152481,0.152481,0.000000,horizon_mpc_secbf,8,0.223508,true,osqp,optimal,100,4.468205,0,0.804398,accept,false,0.347498,-0.664639,0.534637,-0.505642,,,0.735874,0.026628,4.192010,2.336579
crossing,context_bl,SEESM w/o Feasibility-Preserving Update,65,6.500,0.970855,1.770078,0.534637,-0.505642,-0.757533,0.100000,1.970000,0.000000,0.580000,pedestrian,walking,attentive,,0.000000,0.000000,0.893508,0.293508,0.070000,0.070000,0.070000,0.070000,0.000000,0.070000,0.000000,0.293508,0.293508,0.223508,0.223508,0.000000,horizon_mpc_secbf,8,0.303159,true,osqp,optimal,100,5.019914,0,0.972272,accept,false,0.340457,-0.668273,0.514354,-0.525926,,,0.735635,0.028685,4.265573,2.267125
crossing,context_bl,SEESM w/o Feasibility-Preserving Update,66,6.600,1.022290,1.717486,0.514354,-0.525926,-0.796521,0.100000,2.028000,0.000000,0.580000,pedestrian,walking,attentive,,0.000000,0.000000,0.973159,0.373159,0.070000,0.070000,0.070000,0.070000,0.000000,0.070000,0.000000,0.373159,0.373159,0.303159,0.303159,0.000000,horizon_mpc_secbf,8,0.389771,true,osqp,optimal,100,4.953182,0,1.130038,accept,false,0.333762,-0.671642,0.492932,-0.547347,,,0.736595,0.030295,4.339232,2.197024
crossing,context_bl,SEESM w/o Feasibility-Preserving Update,67,6.700,1.071583,1.662751,0.492932,-0.547347,-0.837659,0.100000,2.086000,0.000000,0.580000,pedestrian,walking,attentive,,0.000000,0.000000,1.059771,0.459771,0.070000,0.070000,0.070000,0.070000,0.000000,0.070000,0.000000,0.459771,0.459771,0.389771,0.389771,0.000000,horizon_mpc_secbf,8,0.482092,true,osqp,optimal,75,4.518812,0,1.280393,accept,false,0.327497,-0.674719,0.470658,-0.569613,,,0.738903,0.031494,4.413123,2.126164
crossing,context_bl,SEESM w/o Feasibility-Preserving Update,68,6.800,1.118649,1.605790,0.470658,-0.569613,-0.880237,0.100000,2.144000,0.000000,0.580000,pedestrian,walking,attentive,,0.000000,0.000000,1.152092,0.552092,0.070000,0.070000,0.070000,0.070000,0.000000,0.070000,0.000000,0.552092,0.552092,0.482092,0.482092,0.000000,horizon_mpc_secbf,8,0.579202,true,osqp,optimal,75,4.190684,0,1.425752,accept,false,0.321748,-0.677479,0.447801,-0.592462,,,0.742655,0.032319,4.487388,2.054443
crossing,context_bl,SEESM w/o Feasibility-Preserving Update,69,6.900,1.163429,1.546543,0.447801,-0.592462,-0.923574,0.100000,2.202000,0.000000,0.580000,pedestrian,walking,attentive,,0.000000,0.000000,1.249202,0.649202,0.070000,0.070000,0.070000,0.070000,0.000000,0.070000,0.000000,0.649202,0.649202,0.579202,0.579202,0.000000,horizon_mpc_secbf,8,0.680430,true,osqp,optimal,100,4.672557,0,1.568065,accept,false,0.316600,-0.679901,0.424702,-0.615578,,,0.747869,0.032679,4.562175,1.981772
crossing,context_bl,SEESM w/o Feasibility-Preserving Update,70,7.000,1.205899,1.484986,0.424702,-0.615578,-0.966865,0.100000,2.260000,0.000000,0.580000,pedestrian,walking,attentive,,0.000000,0.000000,1.350430,0.750430,0.070000,0.070000,0.070000,0.070000,0.000000,0.070000,0.000000,0.750430,0.750430,0.680430,0.680430,0.000000,horizon_mpc_secbf,8,0.784450,true,osqp,optimal,100,4.559821,0,1.700487,accept,false,0.312133,-0.681962,0.396167,-0.632100,,,0.745988,0.032973,4.636774,1.908080
crossing,context_bl,SEESM w/o Feasibility-Preserving Update,71,7.100,1.245516,1.421776,0.396167,-0.632100,-1.010942,0.100000,2.318000,0.000000,0.580000,pedestrian,walking,attentive,,0.000000,0.000000,1.454450,0.854450,0.070000,0.070000,0.070000,0.070000,0.000000,0.070000,0.000000,0.854450,0.854450,0.784450,0.784450,0.000000,horizon_mpc_secbf,8,0.890461,true,osqp,optimal,100,4.583807,0,1.827028,accept,false,0.308516,-0.683606,0.365494,-0.644804,,,0.741187,0.033200,4.710893,1.834143
crossing,context_bl,SEESM w/o Feasibility-Preserving Update,72,7.200,1.282066,1.357295,0.365494,-0.644804,-1.055124,0.100000,2.376000,0.000000,0.580000,pedestrian,walking,attentive,,0.000000,0.000000,1.560461,0.960461,0.070000,0.070000,0.070000,0.070000,0.000000,0.070000,0.000000,0.960461,0.960461,0.890461,0.890461,0.000000,horizon_mpc_secbf,8,0.998191,true,osqp,optimal,100,5.133939,0,1.952290,accept,false,0.305877,-0.684791,0.335488,-0.657232,,,0.737907,0.032478,4.784683,1.760349
crossing,context_bl,SEESM w/o Feasibility-Preserving Update,73,7.300,1.315614,1.291572,0.335488,-0.657232,-1.098819,0.100000,2.434000,0.000000,0.580000,pedestrian,walking,attentive,,0.000000,0.000000,1.668191,1.068191,0.070000,0.070000,0.070000,0.070000,0.000000,0.070000,0.000000,1.068191,1.068191,0.998191,0.998191,0.000000,horizon_mpc_secbf,8,1.107558,true,osqp,optimal,100,5.307540,0,2.078153,accept,false,0.304323,-0.685484,0.308967,-0.668217,,,0.736189,0.028706,4.858302,1.686662
crossing,context_bl,SEESM w/o Feasibility-Preserving Update,74,7.400,1.346511,1.224750,0.308967,-0.668217,-1.137698,0.100000,2.492000,0.000000,0.580000,pedestrian,walking,attentive,,0.000000,0.000000,1.777558,1.177558,0.070000,0.070000,0.070000,0.070000,0.000000,0.070000,0.000000,1.177558,1.177558,1.107558,1.107558,0.000000,horizon_mpc_secbf,8,1.219024,true,osqp,optimal,150,4.512651,0,2.210555,accept,false,0.303844,-0.685696,0.300229,-0.671847,,,0.735877,0.009462,4.931890,1.613052
crossing,context_bl,SEESM w/o Feasibility-Preserving Update,75,7.500,1.376534,1.157566,0.300229,-0.671847,-1.150547,0.100000,2.550000,0.000000,0.580000,pedestrian,walking,attentive,,0.000000,0.000000,1.889024,1.289024,0.070000,0.070000,0.070000,0.070000,0.000000,0.070000,0.000000,1.289024,1.289024,1.219024,1.219024,0.000000,horizon_mpc_secbf,8,1.332509,true,osqp,optimal,150,4.584824,0,2.344078,accept,false,0.303742,-0.685741,0.298643,-0.672502,,,0.735830,0.001717,5.005473,1.539465
crossing,context_bl,SEESM w/o Feasibility-Preserving Update,76,7.600,1.406398,1.090316,0.298643,-0.672502,-1.152879,0.100000,2.608000,0.000000,0.580000,pedestrian,walking,attentive,,0.000000,0.000000,2.002509,1.402509,0.070000,0.070000,0.070000,0.070000,0.000000,0.070000,0.000000,1.402509,1.402509,1.332509,1.332509,0.000000,horizon_mpc_secbf,8,1.447732,true,osqp,optimal,100,4.363315,0,2.476489,accept,false,0.303709,-0.685756,0.298340,-0.672618,,,0.735814,0.000324,5.079054,1.465882
crossing,context_bl,SEESM w/o Feasibility-Preserving Update,77,7.700,1.436232,1.023054,0.298340,-0.672618,-1.153319,0.100000,2.666000,0.000000,0.580000,pedestrian,walking,attentive,,0.000000,0.000000,2.117732,1.517732,0.070000,0.070000,0.070000,0.070000,0.000000,0.070000,0.000000,1.517732,1.517732,1.447732,1.447732,0.000000,horizon_mpc_secbf,8,1.564432,true,osqp,optimal,100,4.382332,0,2.607743,accept,false,0.303689,-0.685765,0.298272,-0.672647,,,0.735812,0.000074,5.152636,1.392300
crossing,context_bl,SEESM w/o Feasibility-Preserving Update,78,7.800,1.466059,0.955789,0.298272,-0.672647,-1.153420,0.100000,2.724000,0.000000,0.580000,pedestrian,walking,attentive,,0.000000,0.000000,2.234432,1.634432,0.070000,0.070000,0.070000,0.070000,0.000000,0.070000,0.000000,1.634432,1.634432,1.564432,1.564432,0.000000,horizon_mpc_secbf,8,1.682391,true,osqp,optimal,100,4.276344,0,2.738056,accept,false,0.303670,-0.685773,0.298244,-0.672658,,,0.735812,0.000030,5.226217,1.318719
crossing,context_bl,SEESM w/o Feasibility-Preserving Update,79,7.900,1.495884,0.888523,0.298244,-0.672658,-1.153460,0.100000,2.782000,0.000000,0.580000,pedestrian,walking,attentive,,0.000000,0.000000,2.352391,1.752391,0.070000,0.070000,0.070000,0.070000,0.000000,0.070000,0.000000,1.752391,1.752391,1.682391,1.682391,0.000000,horizon_mpc_secbf,8,1.801429,true,osqp,optimal,100,5.192478,0,2.867645,accept,false,0.303651,-0.685781,0.298224,-0.672667,,,0.735811,0.000022,5.299798,1.245138
crossing,context_bl,SEESM w/o Feasibility-Preserving Update,80,8.000,1.525706,0.821257,0.298224,-0.672667,-1.153490,0.100000,2.840000,0.000000,0.580000,pedestrian,walking,attentive,,0.000000,0.000000,2.471429,1.871429,0.070000,0.070000,0.070000,0.070000,0.000000,0.070000,0.000000,1.871429,1.871429,1.801429,1.801429,0.000000,horizon_mpc_secbf,8,1.921397,true,osqp,optimal,100,4.786336,0,2.996681,accept,false,0.303630,-0.685790,0.298203,-0.672675,,,0.735811,0.000022,5.373379,1.171557
crossing,context_bl,SEESM w/o Feasibility-Preserving Update,81,8.100,1.555526,0.753989,0.298203,-0.672675,-1.153521,0.100000,2.898000,0.000000,0.580000,pedestrian,walking,attentive,,0.000000,0.000000,2.591397,1.991397,0.070000,0.070000,0.070000,0.070000,0.000000,0.070000,0.000000,1.991397,1.991397,1.921397,1.921397,0.000000,horizon_mpc_secbf,8,2.042172,true,osqp,optimal,100,4.490827,0,3.125296,accept,false,0.303609,-0.685800,0.298181,-0.672684,,,0.735810,0.000023,5.446960,1.097976
crossing,context_bl,SEESM w/o Feasibility-Preserving Update,82,8.200,1.585345,0.686721,0.298181,-0.672684,-1.153552,0.100000,2.956000,0.000000,0.580000,pedestrian,walking,attentive,,0.000000,0.000000,2.712172,2.112172,0.070000,0.070000,0.070000,0.070000,0.000000,0.070000,0.000000,2.112172,2.112172,2.042172,2.042172,0.000000,horizon_mpc_secbf,8,2.163650,true,osqp,optimal,100,4.305908,0,3.253592,accept,false,0.303586,-0.685810,0.298158,-0.672694,,,0.735809,0.000025,5.520541,1.024395
crossing,context_bl,SEESM w/o Feasibility-Preserving Update,83,8.300,1.615160,0.619451,0.298158,-0.672694,-1.153586,0.100000,3.014000,0.000000,0.580000,pedestrian,walking,attentive,,0.000000,0.000000,2.833650,2.233650,0.070000,0.070000,0.070000,0.070000,0.000000,0.070000,0.000000,2.233650,2.233650,2.163650,2.163650,0.000000,horizon_mpc_secbf,8,2.285746,true,osqp,optimal,100,4.640782,0,3.381649,accept,false,0.303561,-0.685821,0.298133,-0.672704,,,0.735809,0.000027,5.594122,0.950814
crossing,context_bl,SEESM w/o Feasibility-Preserving Update,84,8.400,1.644974,0.552181,0.298133,-0.672704,-1.153623,0.100000,3.072000,0.000000,0.580000,pedestrian,walking,attentive,,0.000000,0.000000,2.955746,2.355746,0.070000,0.070000,0.070000,0.070000,0.000000,0.070000,0.000000,2.355746,2.355746,2.285746,2.285746,0.000000,horizon_mpc_secbf,8,2.408384,true,osqp,optimal,75,4.301093,0,3.509524,accept,false,0.303534,-0.685833,0.298105,-0.672714,,,0.735806,0.000030,5.667702,0.877233
crossing,context_bl,SEESM w/o Feasibility-Preserving Update,85,8.500,1.674784,0.484909,0.298105,-0.672714,-1.153664,0.100000,3.130000,0.000000,0.580000,pedestrian,walking,attentive,,0.000000,0.000000,3.078384,2.478384,0.070000,0.070000,0.070000,0.070000,0.000000,0.070000,0.000000,2.478384,2.478384,2.408384,2.408384,0.000000,horizon_mpc_secbf,8,2.531504,true,osqp,optimal,75,4.855473,0,3.637269,accept,false,0.303504,-0.685846,0.298076,-0.672727,,,0.735806,0.000032,5.741283,0.803652
crossing,context_bl,SEESM w/o Feasibility-Preserving Update,86,8.600,1.704592,0.417637,0.298076,-0.672727,-1.153707,0.100000,3.188000,0.000000,0.580000,pedestrian,walking,attentive,,0.000000,0.000000,3.201504,2.601504,0.070000,0.070000,0.070000,0.070000,0.000000,0.070000,0.000000,2.601504,2.601504,2.531504,2.531504,0.000000,horizon_mpc_secbf,8,2.655051,true,osqp,optimal,75,4.780208,0,3.764920,accept,false,0.303472,-0.685861,0.298044,-0.672740,,,0.735806,0.000035,5.814863,0.730072
crossing,context_bl,SEESM w/o Feasibility-Preserving Update,87,8.700,1.734396,0.350363,0.298044,-0.672740,-1.153754,0.100000,3.246000,0.000000,0.580000,pedestrian,walking,attentive,,0.000000,0.000000,3.325051,2.725051,0.070000,0.070000,0.070000,0.070000,0.000000,0.070000,0.000000,2.725051,2.725051,2.655051,2.655051,0.000000,horizon_mpc_secbf,8,2.778981,true,osqp,optimal,75,4.508604,0,3.892503,accept,false,0.303436,-0.685877,0.298009,-0.672756,,,0.735805,0.000039,5.888444,0.656491
crossing,context_bl,SEESM w/o Feasibility-Preserving Update,88,8.800,1.764197,0.283087,0.298009,-0.672756,-1.153806,0.100000,3.304000,0.000000,0.580000,pedestrian,walking,attentive,,0.000000,0.000000,3.448981,2.848981,0.070000,0.070000,0.070000,0.070000,0.000000,0.070000,0.000000,2.848981,2.848981,2.778981,2.778981,0.000000,horizon_mpc_secbf,8,2.903252,true,osqp,optimal,75,4.146525,0,4.020042,accept,false,0.303395,-0.685895,0.297969,-0.672773,,,0.735805,0.000043,5.962024,0.582911
crossing,context_bl,SEESM w/o Feasibility-Preserving Update,89,8.900,1.793994,0.215810,0.297969,-0.672773,-1.153865,0.100000,3.362000,0.000000,0.580000,pedestrian,walking,attentive,,0.000000,0.000000,3.573252,2.973252,0.070000,0.070000,0.070000,0.070000,0.000000,0.070000,0.000000,2.973252,2.973252,2.903252,2.903252,0.000000,horizon_mpc_secbf,8,3.027831,true,osqp,optimal,75,4.687533,0,4.147553,accept,false,0.303348,-0.685915,0.297923,-0.672792,,,0.735804,0.000050,6.035605,0.509330
crossing,context_bl,SEESM w/o Feasibility-Preserving Update,90,9.000,1.823786,0.148531,0.297923,-0.672792,-1.153933,0.100000,3.420000,0.000000,0.580000,pedestrian,walking,attentive,,0.000000,0.000000,3.697831,3.097831,0.070000,0.070000,0.070000,0.070000,0.000000,0.070000,0.000000,3.097831,3.097831,3.027831,3.027831,0.000000,horizon_mpc_secbf,8,3.152687,true,osqp,optimal,75,4.489675,0,4.275050,accept,false,0.303294,-0.685939,0.297870,-0.672814,,,0.735803,0.000058,6.109185,0.435750
crossing,context_bl,SEESM w/o Feasibility-Preserving Update,91,9.100,1.853573,0.081249,0.297870,-0.672814,-1.154011,0.100000,3.478000,0.000000,0.580000,pedestrian,walking,attentive,,0.000000,0.000000,3.822687,3.222687,0.070000,0.070000,0.070000,0.070000,0.000000,0.070000,0.000000,3.222687,3.222687,3.152687,3.152687,0.000000,horizon_mpc_secbf,8,3.277794,true,osqp,optimal,75,4.831945,0,4.402544,accept,false,0.303228,-0.685968,0.297806,-0.672841,,,0.735801,0.000069,6.182765,0.362170
crossing,context_bl,SEESM w/o Feasibility-Preserving Update,92,9.200,1.883354,0.013965,0.297806,-0.672841,-1.154105,0.100000,3.536000,0.000000,0.580000,pedestrian,walking,attentive,,0.000000,0.000000,3.947794,3.347794,0.070000,0.070000,0.070000,0.070000,0.000000,0.070000,0.000000,3.347794,3.347794,3.277794,3.277794,0.000000,horizon_mpc_secbf,8,3.403130,true,osqp,optimal,75,5.125234,0,4.530043,accept,false,0.303145,-0.686005,0.297726,-0.672875,,,0.735799,0.000087,6.256345,0.288589
crossing,context_bl,SEESM w/o Feasibility-Preserving Update,93,9.300,1.913126,-0.053322,0.297726,-0.672875,-1.154223,0.100000,3.594000,0.000000,0.580000,pedestrian,walking,attentive,,0.000000,0.000000,4.073130,3.473130,0.070000,0.070000,0.070000,0.070000,0.000000,0.070000,0.000000,3.473130,3.473130,3.403130,3.403130,0.000000,horizon_mpc_secbf,8,3.528673,true,osqp,optimal,75,5.053989,0,4.657551,accept,false,0.303034,-0.686054,0.297619,-0.672919,,,0.735797,0.000116,6.329925,0.215010
crossing,context_bl,SEESM w/o Feasibility-Preserving Update,94,9.400,1.942888,-0.120614,0.297619,-0.672919,-1.154381,0.100000,3.652000,0.000000,0.580000,pedestrian,walking,attentive,,0.000000,0.000000,4.198673,3.598673,0.070000,0.070000,0.070000,0.070000,0.000000,0.070000,0.000000,3.598673,3.598673,3.528673,3.528673,0.000000,horizon_mpc_secbf,8,3.654406,true,osqp,optimal,75,4.195327,0,4.785073,accept,false,0.302862,-0.686130,0.297457,-0.672986,,,0.735793,0.000175,6.403504,0.141430
crossing,context_bl,SEESM w/o Feasibility-Preserving Update,95,9.500,1.972634,-0.187913,0.297457,-0.672986,-1.154619,0.100000,3.710000,0.000000,0.580000,pedestrian,walking,attentive,,0.000000,0.000000,4.324406,3.724406,0.070000,0.070000,0.070000,0.070000,0.000000,0.070000,0.000000,3.724406,3.724406,3.654406,3.654406,0.000000,horizon_mpc_secbf,8,3.775566,true,osqp,optimal,50,4.217685,0,4.865171,accept,false,0.273660,-0.620871,0.277741,-0.629809,,,0.688331,0.047466,6.472337,0.067851
crossing,context_bl,SEESM w/o Feasibility-Preserving Update,96,9.600,2.000408,-0.250894,0.277741,-0.629809,-1.155458,0.100000,3.768000,0.000000,0.580000,pedestrian,walking,attentive,,0.000000,0.000000,4.445566,3.845566,0.070000,0.070000,0.070000,0.070000,0.000000,0.070000,0.000000,3.845566,3.845566,3.775566,3.775566,0.000000,horizon_mpc_secbf,8,3.828067,true,osqp,optimal,50,3.948926,0,4.299878,accept,false,-0.004081,0.008938,-0.001398,-0.000638,,,0.001537,0.688313,6.472491,0.000983
crossing,context_bl,SEESM w/o Feasibility-Preserving Update,97,9.700,2.000268,-0.250958,-0.001398,-0.000638,-2.713563,0.100000,3.826000,0.000000,0.580000,pedestrian,walking,attentive,,0.000000,0.000000,4.498067,3.898067,0.070000,0.070000,0.070000,0.070000,0.000000,0.070000,0.000000,3.898067,3.898067,3.828067,3.828067,0.000000,horizon_mpc_secbf,8,3.879889,true,osqp,optimal,50,4.394972,0,4.345635,accept,false,-0.002683,0.009576,-0.002463,0.007824,,,0.008202,0.008528,6.473311,0.000994
crossing,context_bl,SEESM w/o Feasibility-Preserving Update,98,9.800,2.000022,-0.250175,-0.002463,0.007824,1.875770,0.100000,3.884000,0.000000,0.580000,pedestrian,walking,attentive,,0.000000,0.000000,4.549889,3.949889,0.070000,0.070000,0.070000,0.070000,0.000000,0.070000,0.000000,3.949889,3.949889,3.879889,3.879889,0.000000,horizon_mpc_secbf,8,3.932374,true,osqp,optimal,25,4.194315,0,4.404108,accept,false,-0.000221,0.001752,-0.000604,0.002790,,,0.002855,0.005366,6.473597,0.000177
crossing,context_bl,SEESM w/o Feasibility-Preserving Update,99,9.900,1.999962,-0.249896,-0.000604,0.002790,1.783840,0.100000,3.942000,0.000000,0.580000,pedestrian,walking,attentive,,0.000000,0.000000,4.602374,4.002374,0.070000,0.070000,0.070000,0.070000,0.000000,0.070000,0.000000,4.002374,4.002374,3.932374,3.932374,0.000000,horizon_mpc_secbf,8,3.985306,true,osqp,optimal,25,4.485808,0,4.461078,accept,false,0.000383,-0.001038,0.000213,-0.000379,,,0.000435,0.003272,6.473640,0.000111
crossing,context_bl,SEESM w/o Feasibility-Preserving Update,100,10.000,1.999983,-0.249934,0.000213,-0.000379,-1.058829,0.100000,4.000000,0.000000,0.580000,pedestrian,walking,attentive,,0.000000,0.000000,4.655306,4.055306,0.070000,0.070000,0.070000,0.070000,0.000000,0.070000,0.000000,4.055306,4.055306,3.985306,3.985306,0.000000,horizon_mpc_secbf,8,4.038378,true,osqp,optimal,25,5.108046,0,4.515430,accept,false,0.000170,-0.000659,0.000177,-0.000609,,,0.000635,0.000233,6.473703,0.000068
crossing,context_bl,SEESM w/o Feasibility-Preserving Update,101,10.100,2.000001,-0.249995,0.000177,-0.000609,-1.288262,0.100000,4.058000,0.000000,0.580000,pedestrian,walking,attentive,,0.000000,0.000000,4.708378,4.108378,0.070000,0.070000,0.070000,0.070000,0.000000,0.070000,0.000000,4.108378,4.108378,4.038378,4.038378,0.000000,horizon_mpc_secbf,8,4.091518,true,osqp,optimal,25,4.054977,0,4.569200,accept,false,-0.000007,-0.000049,0.000025,-0.000145,,,0.000147,0.000488,6.473718,0.000005
crossing,context_bl,SEESM w/o Feasibility-Preserving Update,102,10.200,2.000003,-0.250010,0.000025,-0.000145,-1.402585,0.100000,4.116000,0.000000,0.580000,pedestrian,walking,attentive,,0.000000,0.000000,4.761518,4.161518,0.070000,0.070000,0.070000,0.070000,0.000000,0.070000,0.000000,4.161518,4.161518,4.091518,4.091518,0.000000,horizon_mpc_secbf,8,4.144750,true,osqp,optimal,25,4.335796,0,4.623282,accept,false,-0.000031,0.000096,-0.000022,0.000054,,,0.000059,0.000205,6.473724,0.000010
crossing,context_bl,SEESM w/o Feasibility-Preserving Update,103,10.300,2.000001,-0.250004,-0.000022,0.000054,1.951440,0.100000,4.174000,0.000000,0.580000,pedestrian,walking,attentive,,0.000000,0.000000,4.814750,4.214750,0.070000,0.070000,0.070000,0.070000,0.000000,0.070000,0.000000,4.214750,4.214750,4.144750,4.144750,0.000000,horizon_mpc_secbf,8,4.198092,true,osqp,optimal,25,4.105835,0,4.677635,accept,false,-0.000010,0.000042,-0.000012,0.000044,,,0.000045,0.000015,6.473729,0.000004
crossing,context_bl,SEESM w/o Feasibility-Preserving Update,104,10.400,2.000000,-0.250000,-0.000012,0.000044,1.833329,0.100000,4.232000,0.000000,0.580000,pedestrian,walking,attentive,,0.000000,0.000000,4.868092,4.268092,0.070000,0.070000,0.070000,0.070000,0.000000,0.070000,0.000000,4.268092,4.268092,4.198092,4.198092,0.000000,horizon_mpc_secbf,8,4.251544,true,osqp,optimal,25,4.197579,0,4.732091,accept,false,0.000002,-0.000002,0.000003,0.000003,,,0.000004,0.000044,6.473729,0.000000
crossing,context_bl,SEESM w/o Feasibility-Preserving Update,105,10.500,2.000000,-0.250000,0.000003,0.000003,0.765006,0.100000,4.290000,0.000000,0.580000,pedestrian,walking,attentive,,0.000000,0.000000,4.921544,4.321544,0.070000,0.070000,0.070000,0.070000,0.000000,0.070000,0.000000,4.321544,4.321544,4.251544,4.251544,0.000000,horizon_mpc_secbf,8,4.305098,true,osqp,optimal,25,4.417759,0,4.786582,accept,false,-0.000001,-0.000005,-0.000000,-0.000003,,,0.000003,0.000007,6.473729,0.000000
crossing,context_bl,SEESM w/o Feasibility-Preserving Update,106,10.600,2.000000,-0.250000,-0.000000,-0.000003,-1.598060,0.100000,4.348000,0.000000,0.580000,pedestrian,walking,attentive,,0.000000,0.000000,4.975098,4.375098,0.070000,0.070000,0.070000,0.070000,0.000000,0.070000,0.000000,4.375098,4.375098,4.305098,4.305098,0.000000,horizon_mpc_secbf,8,4.358751,true,osqp,optimal,25,4.516628,0,4.841137,accept,false,-0.000001,-0.000001,-0.000000,-0.000002,,,0.000002,0.000002,6.473729,0.000000
crossing,context_bl,SEESM w/o Feasibility-Preserving Update,107,10.700,2.000000,-0.250000,-0.000000,-0.000002,-1.864542,0.100000,4.406000,0.000000,0.580000,pedestrian,walking,attentive,,0.000000,0.000000,5.028751,4.428751,0.070000,0.070000,0.070000,0.070000,0.000000,0.070000,0.000000,4.428751,4.428751,4.358751,4.358751,0.000000,horizon_mpc_secbf,8,4.412499,true,osqp,optimal,25,5.142306,0,4.895759,accept,false,-0.000000,0.000000,-0.000000,0.000000,,,0.000000,0.000002,6.473730,0.000000
crossing,context_bl,SEESM w/o Feasibility-Preserving Update,108,10.800,2.000000,-0.250000,-0.000000,0.000000,2.957144,0.100000,4.464000,0.000000,0.580000,pedestrian,walking,attentive,,0.000000,0.000000,5.082499,4.482499,0.070000,0.070000,0.070000,0.070000,0.000000,0.070000,0.000000,4.482499,4.482499,4.412499,4.412499,0.000000,horizon_mpc_secbf,8,4.466340,true,osqp,optimal,25,4.468259,0,4.950447,accept,false,0.000000,0.000000,0.000000,0.000000,,,0.000000,0.000000,6.473730,0.000000
crossing,context_bl,SEESM w/o Feasibility-Preserving Update,109,10.900,2.000000,-0.250000,0.000000,0.000000,1.459391,0.100000,4.522000,0.000000,0.580000,pedestrian,walking,attentive,,0.000000,0.000000,5.136340,4.536340,0.070000,0.070000,0.070000,0.070000,0.000000,0.070000,0.000000,4.536340,4.536340,4.466340,4.466340,0.000000,horizon_mpc_secbf,8,4.520270,true,osqp,optimal,25,2.716592,0,5.005198,accept,false,0.000000,0.000000,0.000000,0.000000,,,0.000000,0.000000,6.473730,0.000000
crossing,context_bl,SEESM w/o Feasibility-Preserving Update,110,11.000,2.000000,-0.250000,0.000000,0.000000,1.198282,0.100000,4.580000,0.000000,0.580000,pedestrian,walking,attentive,,0.000000,0.000000,5.190270,4.590270,0.070000,0.070000,0.070000,0.070000,0.000000,0.070000,0.000000,4.590270,4.590270,4.520270,4.520270,0.000000,horizon_mpc_secbf,8,4.574287,true,osqp,optimal,25,3.335380,0,5.060010,accept,false,0.000000,-0.000000,0.000000,-0.000000,,,0.000000,0.000000,6.473730,0.000000
crossing,context_bl,SEESM w/o Feasibility-Preserving Update,111,11.100,2.000000,-0.250000,0.000000,-0.000000,-1.173489,0.100000,4.638000,0.000000,0.580000,pedestrian,walking,attentive,,0.000000,0.000000,5.244287,4.644287,0.070000,0.070000,0.070000,0.070000,0.000000,0.070000,0.000000,4.644287,4.644287,4.574287,4.574287,0.000000,horizon_mpc_secbf,8,4.628388,true,osqp,optimal,25,4.114850,0,5.114883,accept,false,-0.000000,-0.000000,-0.000000,-0.000000,,,0.000000,0.000000,6.473730,0.000000
crossing,context_bl,SEESM w/o Feasibility-Preserving Update,112,11.200,2.000000,-0.250000,-0.000000,-0.000000,-1.745681,0.100000,4.696000,0.000000,0.580000,pedestrian,walking,attentive,,0.000000,0.000000,5.298388,4.698388,0.070000,0.070000,0.070000,0.070000,0.000000,0.070000,0.000000,4.698388,4.698388,4.628388,4.628388,0.000000,horizon_mpc_secbf,8,4.682571,true,osqp,optimal,25,4.269388,0,5.169813,accept,false,0.000000,0.000000,-0.000000,-0.000000,,,0.000000,0.000000,6.473730,0.000000
crossing,context_bl,SEESM w/o Feasibility-Preserving Update,113,11.300,2.000000,-0.250000,-0.000000,-0.000000,-1.572561,0.100000,4.754000,0.000000,0.580000,pedestrian,walking,attentive,,0.000000,0.000000,5.352571,4.752571,0.070000,0.070000,0.070000,0.070000,0.000000,0.070000,0.000000,4.752571,4.752571,4.682571,4.682571,0.000000,horizon_mpc_secbf,8,4.736833,true,osqp,optimal,25,4.511787,0,5.224800,accept,false,0.000000,0.000000,0.000000,-0.000000,,,0.000000,0.000000,6.473730,0.000000
crossing,context_bl,SEESM w/o Feasibility-Preserving Update,114,11.400,2.000000,-0.250000,0.000000,-0.000000,-1.572561,0.100000,4.812000,0.000000,0.580000,pedestrian,walking,attentive,,0.000000,0.000000,5.406833,4.806833,0.070000,0.070000,0.070000,0.070000,0.000000,0.070000,0.000000,4.806833,4.806833,4.736833,4.736833,0.000000,horizon_mpc_secbf,8,4.791172,true,osqp,optimal,25,4.693560,0,5.279842,accept,false,0.000000,0.000000,0.000000,-0.000000,,,0.000000,0.000000,6.473730,0.000000
crossing,context_bl,SEESM w/o Feasibility-Preserving Update,115,11.500,2.000000,-0.250000,0.000000,-0.000000,-1.572561,0.100000,4.870000,0.000000,0.580000,pedestrian,walking,attentive,,0.000000,0.000000,5.461172,4.861172,0.070000,0.070000,0.070000,0.070000,0.000000,0.070000,0.000000,4.861172,4.861172,4.791172,4.791172,0.000000,horizon_mpc_secbf,8,4.845586,true,osqp,optimal,25,4.698949,0,5.334938,accept,false,0.000000,0.000000,0.000000,-0.000000,,,0.000000,0.000000,6.473730,0.000000
crossing,context_bl,SEESM w/o Feasibility-Preserving Update,116,11.600,2.000000,-0.250000,0.000000,-0.000000,-1.572561,0.100000,4.928000,0.000000,0.580000,pedestrian,walking,attentive,,0.000000,0.000000,5.515586,4.915586,0.070000,0.070000,0.070000,0.070000,0.000000,0.070000,0.000000,4.915586,4.915586,4.845586,4.845586,0.000000,horizon_mpc_secbf,8,4.900071,true,osqp,optimal,25,4.016269,0,5.390086,accept,false,0.000000,0.000000,0.000000,-0.000000,,,0.000000,0.000000,6.473730,0.000000
crossing,context_bl,SEESM w/o Feasibility-Preserving Update,117,11.700,2.000000,-0.250000,0.000000,-0.000000,-1.572561,0.100000,4.986000,0.000000,0.580000,pedestrian,walking,attentive,,0.000000,0.000000,5.570071,4.970071,0.070000,0.070000,0.070000,0.070000,0.000000,0.070000,0.000000,4.970071,4.970071,4.900071,4.900071,0.000000,horizon_mpc_secbf,8,4.954628,true,osqp,optimal,25,3.931919,0,5.445285,accept,false,0.000000,0.000000,0.000000,-0.000000,,,0.000000,0.000000,6.473730,0.000000
crossing,context_bl,SEESM w/o Feasibility-Preserving Update,118,11.800,2.000000,-0.250000,0.000000,-0.000000,-1.572561,0.100000,5.044000,0.000000,0.580000,pedestrian,walking,attentive,,0.000000,0.000000,5.624628,5.024628,0.070000,0.070000,0.070000,0.070000,0.000000,0.070000,0.000000,5.024628,5.024628,4.954628,4.954628,0.000000,horizon_mpc_secbf,8,5.009252,true,osqp,optimal,25,18.679969,0,5.500534,accept,false,0.000000,0.000000,0.000000,-0.000000,,,0.000000,0.000000,6.473730,0.000000
crossing,context_bl,SEESM w/o Feasibility-Preserving Update,119,11.900,2.000000,-0.250000,0.000000,-0.000000,-1.572561,0.100000,5.102000,0.000000,0.580000,pedestrian,walking,attentive,,0.000000,0.000000,5.679252,5.079252,0.070000,0.070000,0.070000,0.070000,0.000000,0.070000,0.000000,5.079252,5.079252,5.009252,5.009252,0.000000,horizon_mpc_secbf,8,5.063943,true,osqp,optimal,25,4.246655,0,5.555831,accept,false,0.000000,0.000000,0.000000,-0.000000,,,0.000000,0.000000,6.473730,0.000000
crossing,context_bl,Proposed MPC-SECBF,0,0.000,-2.000000,-0.250000,0.000000,0.000000,0.000000,0.100000,-1.800000,0.000000,0.580000,pedestrian,walking,unknown,5.835878,1.000000,0.000000,2.610077,2.010077,0.226000,0.050000,0.226000,0.050000,0.296875,0.346875,0.050000,2.010077,1.713201,1.663201,1.663201,0.000000,horizon_mpc_secbf,8,0.924427,true,osqp,optimal,75,13.931295,0,0.819113,accept,false,0.750000,0.000000,0.621017,-0.000000,,,0.621017,0.621017,0.062102,4.000000
crossing,context_bl,Proposed MPC-SECBF,1,0.100,-1.937898,-0.250000,0.621017,-0.000000,-0.000000,0.100000,-1.742000,0.000000,0.580000,pedestrian,walking,unknown,2.282422,1.000000,0.000000,2.525687,1.925687,0.267222,0.100000,0.267222,0.100000,0.840665,0.940665,0.050000,1.925687,1.085021,0.985021,0.985021,0.000000,horizon_mpc_secbf,8,0.237599,true,osqp,optimal,75,20.619169,0,0.056528,accept,false,0.750000,0.000000,0.726102,-0.000001,,,0.726102,0.105085,0.134712,3.937898
crossing,context_bl,Proposed MPC-SECBF,2,0.200,-1.865288,-0.250000,0.726102,-0.000001,-0.000001,0.100000,-1.684000,0.000000,0.580000,pedestrian,walking,unknown,1.974130,1.000000,0.000000,2.432841,1.832841,0.274621,0.150000,0.274621,0.150000,0.927883,1.077883,0.050000,1.832841,0.904957,0.754957,0.754957,0.000000,horizon_mpc_secbf,8,0.008807,true,osqp,optimal,75,4.081622,0,-0.181136,accept,false,0.750000,0.000000,0.735589,-0.000002,,,0.735589,0.009486,0.208271,3.865288
crossing,context_bl,Proposed MPC-SECBF,3,0.300,-1.791729,-0.250000,0.735589,-0.000002,-0.000002,0.100000,-1.626000,0.000000,0.580000,pedestrian,walking,unknown,1.858076,1.000000,0.000000,2.339234,1.739234,0.277406,0.200000,0.277406,0.200000,0.935569,1.135569,0.050000,1.739234,0.803665,0.603665,0.603665,0.000189,horizon_mpc_secbf,8,-0.000189,true,osqp,optimal,50,3.285861,0,-0.184871,accept,false,0.750000,0.000000,0.619765,0.091202,,,0.626440,0.147422,0.270915,3.791729
crossing,context_bl,Proposed MPC-SECBF,4,0.400,-1.729753,-0.240880,0.619765,0.091202,0.146107,0.100000,-1.568000,0.000000,0.580000,pedestrian,walking,unknown,2.105235,1.000000,0.000000,2.260363,1.660363,0.271474,0.250000,0.271474,0.250000,0.788340,1.038340,0.050000,1.660363,0.872024,0.622024,0.622024,0.000158,horizon_mpc_secbf,8,-0.000158,true,osqp,optimal,50,3.824922,0,-0.168605,accept,false,0.749998,-0.001834,0.621477,0.089980,,,0.627957,0.002103,0.333710,3.729764
crossing,context_bl,Proposed MPC-SECBF,5,0.500,-1.667605,-0.231882,0.621477,0.089980,0.143785,0.100000,-1.510000,0.000000,0.580000,pedestrian,walking,unknown,1.999758,1.000000,0.000000,2.181287,1.581287,0.274006,0.274006,0.274006,0.274006,0.790349,1.064355,0.024006,1.581287,0.790938,0.516932,0.516932,0.000286,horizon_mpc_secbf,8,-0.000286,true,osqp,optimal,50,3.567552,0,-0.168171,accept,false,0.749991,-0.003705,0.535196,0.150449,,,0.555940,0.105361,0.389304,3.667650
crossing,context_bl,Proposed MPC-SECBF,6,0.600,-1.614085,-0.216837,0.535196,0.150449,0.274039,0.100000,-1.452000,0.000000,0.580000,pedestrian,walking,unknown,2.207324,1.000000,0.000000,2.112751,1.512751,0.269024,0.269024,0.269024,0.269024,0.684888,0.953912,0.000000,1.512751,0.827863,0.558838,0.558838,0.000224,horizon_mpc_secbf,8,-0.000224,true,osqp,optimal,50,3.198043,0,-0.161356,accept,false,0.749968,-0.006882,0.562514,0.128345,,,0.576970,0.035141,0.447001,3.614238
crossing,context_bl,Proposed MPC-SECBF,7,0.700,-1.557834,-0.204003,0.562514,0.128345,0.224323,0.100000,-1.394000,0.000000,0.580000,pedestrian,walking,unknown,2.000022,1.000000,0.000000,2.040712,1.440712,0.273999,0.273999,0.273999,0.273999,0.719775,0.993775,0.004975,1.440712,0.720937,0.446938,0.446938,0.000361,horizon_mpc_secbf,8,-0.000361,true,osqp,optimal,50,4.176558,0,-0.166923,accept,false,0.749937,-0.009696,0.475535,0.189167,,,0.511779,0.106135,0.498179,3.558131
crossing,context_bl,Proposed MPC-SECBF,8,0.800,-1.510281,-0.185086,0.475535,0.189167,0.378607,0.100000,-1.336000,0.000000,0.580000,pedestrian,walking,unknown,2.245903,1.000000,0.000000,1.979294,1.379294,0.268098,0.268098,0.268098,0.268098,0.613509,0.881607,0.000000,1.379294,0.765786,0.497687,0.497687,0.000286,horizon_mpc_secbf,8,-0.000286,true,osqp,optimal,50,4.503531,0,-0.160832,accept,false,0.749872,-0.013867,0.510505,0.161276,,,0.535374,0.044730,0.551717,3.510881
crossing,context_bl,Proposed MPC-SECBF,9,0.900,-1.459230,-0.168958,0.510505,0.161276,0.305993,0.100000,-1.278000,0.000000,0.580000,pedestrian,walking,unknown,1.993944,1.000000,0.000000,1.913419,1.313419,0.274145,0.274145,0.274145,0.274145,0.657886,0.932031,0.006047,1.313419,0.655533,0.381388,0.381388,0.000428,horizon_mpc_secbf,8,-0.000428,true,osqp,optimal,50,3.290775,0,-0.167205,accept,false,0.749794,-0.017566,0.421745,0.225720,,,0.478349,0.109688,0.599552,3.460179
crossing,context_bl,Proposed MPC-SECBF,10,1.000,-1.417056,-0.146386,0.421745,0.225720,0.491414,0.100000,-1.220000,0.000000,0.580000,pedestrian,walking,attentive,2.292747,1.000000,0.000000,1.858522,1.258522,0.164170,0.164170,0.164170,0.164170,0.548122,0.712292,0.000000,1.258522,0.710400,0.546230,0.546230,0.000208,horizon_mpc_secbf,8,-0.000208,true,osqp,optimal,50,3.953346,0,-0.163424,accept,false,0.749655,-0.022731,0.554431,0.134597,,,0.570535,0.160963,0.656605,3.418626
crossing,context_bl,Proposed MPC-SECBF,11,1.100,-1.361612,-0.132927,0.554431,0.134597,0.238159,0.100000,-1.162000,0.000000,0.580000,pedestrian,walking,attentive,1.673171,1.000000,0.000000,1.787541,1.187541,0.174393,0.174393,0.174393,0.174393,0.708815,0.883208,0.010223,1.187541,0.478726,0.304333,0.304333,0.000511,horizon_mpc_secbf,8,-0.000511,true,osqp,optimal,50,3.287731,0,-0.173333,accept,false,0.749546,-0.026104,0.375454,0.282651,,,0.469955,0.232277,0.703601,3.363650
crossing,context_bl,Proposed MPC-SECBF,12,1.200,-1.324067,-0.104661,0.375454,0.282651,0.645306,0.100000,-1.104000,0.000000,0.580000,pedestrian,walking,attentive,2.383688,1.000000,0.000000,1.739725,1.139725,0.162669,0.162669,0.162669,0.162669,0.477831,0.640500,0.000000,1.139725,0.661895,0.499226,0.499226,0.000251,horizon_mpc_secbf,8,-0.000251,true,osqp,optimal,50,3.831516,0,-0.151332,accept,false,0.749284,-0.032761,0.518446,0.185813,,,0.550738,0.172697,0.758674,3.327243
crossing,context_bl,Proposed MPC-SECBF,13,1.300,-1.272222,-0.086080,0.518446,0.185813,0.344142,0.100000,-1.046000,0.000000,0.580000,pedestrian,walking,attentive,1.651344,1.000000,0.000000,1.674646,1.074646,0.174753,0.174753,0.174753,0.174753,0.650445,0.825198,0.012084,1.074646,0.424201,0.249449,0.249449,0.000567,horizon_mpc_secbf,8,-0.000567,true,osqp,optimal,50,4.091855,0,-0.162442,accept,false,0.749061,-0.037524,0.334402,0.338474,,,0.475803,0.239118,0.806255,3.276326
crossing,context_bl,Proposed MPC-SECBF,14,1.400,-1.238782,-0.052233,0.334402,0.338474,0.791449,0.100000,-0.988000,0.000000,0.580000,pedestrian,walking,attentive,2.505490,1.000000,0.000000,1.633401,1.033401,0.160659,0.160659,0.160659,0.160659,0.412438,0.573097,0.000000,1.033401,0.620963,0.460304,0.460304,0.000288,horizon_mpc_secbf,8,-0.000288,true,osqp,optimal,50,3.813069,0,-0.140189,accept,false,0.748606,-0.045712,0.487723,0.229100,,,0.538851,0.188335,0.860140,3.244815
crossing,context_bl,Proposed MPC-SECBF,15,1.500,-1.190010,-0.029323,0.487723,0.229100,0.439143,0.100000,-0.930000,0.000000,0.580000,pedestrian,walking,attentive,1.620109,1.000000,0.000000,1.573323,0.973323,0.175268,0.175268,0.175268,0.175268,0.600739,0.776007,0.014609,0.973323,0.372584,0.197316,0.197316,0.000623,horizon_mpc_secbf,8,-0.000623,true,osqp,optimal,50,4.846210,0,-0.152835,accept,false,0.748212,-0.051759,0.294808,0.389505,,,0.488493,0.250890,0.908989,3.197634
crossing,context_bl,Proposed MPC-SECBF,16,1.600,-1.160529,0.009628,0.294808,0.389505,0.922907,0.100000,-0.872000,0.000000,0.580000,pedestrian,walking,attentive,2.674873,1.000000,0.000000,1.538246,0.938246,0.157865,0.157865,0.157865,0.157865,0.350693,0.508558,0.000000,0.938246,0.587553,0.429688,0.429688,0.000318,horizon_mpc_secbf,8,-0.000318,true,osqp,optimal,50,4.991680,0,-0.129905,accept,false,0.747482,-0.061403,0.462288,0.264045,,,0.532381,0.209260,0.962227,3.171175
crossing,context_bl,Proposed MPC-SECBF,17,1.700,-1.114300,0.036032,0.462288,0.264045,0.518951,0.100000,-0.814000,0.000000,0.580000,pedestrian,walking,attentive,1.575711,1.000000,0.000000,1.482255,0.882255,0.176001,0.176001,0.176001,0.176001,0.559888,0.735889,0.018136,0.882255,0.322367,0.146366,0.146366,0.000681,horizon_mpc_secbf,8,-0.000681,true,osqp,optimal,50,3.621634,0,-0.144512,accept,false,0.746857,-0.068595,0.256025,0.437329,,,0.506760,0.269392,1.012903,3.127408
crossing,context_bl,Proposed MPC-SECBF,18,1.800,-1.088698,0.079765,0.256025,0.437329,1.041161,0.100000,-0.756000,0.000000,0.580000,pedestrian,walking,attentive,2.926622,1.000000,0.000000,1.453102,0.853102,0.153711,0.153711,0.153711,0.153711,0.291096,0.444807,0.000000,0.853102,0.562006,0.408296,0.408296,0.000340,horizon_mpc_secbf,8,-0.000340,true,osqp,optimal,50,3.305155,0,-0.120355,accept,false,0.745762,-0.079621,0.443176,0.290594,,,0.529953,0.237817,1.065899,3.106252
crossing,context_bl,Proposed MPC-SECBF,19,1.900,-1.044380,0.108824,0.443176,0.290594,0.580377,0.100000,-0.698000,0.000000,0.580000,pedestrian,walking,attentive,1.512767,1.000000,0.000000,1.400204,0.800204,0.177039,0.177039,0.177039,0.177039,0.528764,0.705803,0.023329,0.800204,0.271441,0.094401,0.094401,0.000744,horizon_mpc_secbf,8,-0.000744,true,osqp,optimal,50,4.623570,0,-0.137546,accept,false,0.744844,-0.087791,0.217116,0.484128,,,0.530584,0.297588,1.118957,3.065454
crossing,context_bl,Proposed MPC-SECBF,20,2.000,-1.022669,0.157237,0.217116,0.484128,1.149216,0.100000,-0.640000,0.000000,0.580000,pedestrian,walking,attentive,3.341237,1.000000,0.000000,1.376943,0.776943,0.146870,0.146870,0.146870,0.146870,0.231545,0.378414,0.000000,0.776943,0.545399,0.398529,0.398529,0.000351,horizon_mpc_secbf,8,-0.000351,true,osqp,optimal,50,4.800973,0,-0.111415,accept,false,0.743284,-0.100141,0.432476,0.307661,,,0.530745,0.278425,1.172031,3.049978
crossing,context_bl,Proposed MPC-SECBF,21,2.100,-0.979421,0.188003,0.432476,0.307661,0.618332,0.100000,-0.582000,0.000000,0.580000,pedestrian,walking,attentive,1.422717,1.000000,0.000000,1.325917,0.725917,0.178525,0.166215,0.178525,0.166215,0.509701,0.675917,0.019346,0.725917,0.216215,0.050000,0.050000,0.000775,horizon_mpc_secbf,8,-0.000779,true,osqp,optimal,50,5.617165,0,-0.129646,project,true,0.742025,-0.109085,0.183389,0.526403,,,0.557433,0.331501,1.227775,3.011444
crossing,context_bl,Proposed MPC-SECBF,22,2.200,-0.961082,0.240644,0.183389,0.526403,1.235565,0.100000,-0.524000,0.000000,0.580000,pedestrian,walking,attentive,3.930169,1.000000,0.000000,1.307890,0.707890,0.137152,0.137152,0.137152,0.137152,0.178317,0.315470,0.000000,0.707890,0.529572,0.392420,0.392420,0.000360,horizon_mpc_secbf,8,-0.000360,true,osqp,optimal,50,4.451152,0,-0.103623,accept,false,0.739911,-0.122601,0.424830,0.320454,,,0.532139,0.317347,1.280989,3.001456
crossing,context_bl,Proposed MPC-SECBF,23,2.300,-0.918599,0.272689,0.424830,0.320454,0.646255,0.100000,-0.466000,0.000000,0.580000,pedestrian,walking,attentive,1.326361,1.000000,0.000000,1.258255,0.658255,0.180115,0.112981,0.180115,0.112981,0.495274,0.608255,0.000000,0.658255,0.162981,0.050000,0.050000,0.000778,horizon_mpc_secbf,8,-0.000778,true,osqp,optimal,75,5.145356,0,-0.127362,project,true,0.738254,-0.132213,0.189072,0.537280,,,0.569578,0.320305,1.337946,2.965034
crossing,context_bl,Proposed MPC-SECBF,24,2.400,-0.899692,0.326417,0.189072,0.537280,1.232424,0.100000,-0.408000,0.000000,0.580000,pedestrian,walking,attentive,3.604886,1.000000,0.000000,1.240465,0.640465,0.142519,0.142519,0.142519,0.142519,0.174843,0.317362,0.029538,0.640465,0.465622,0.323102,0.323102,0.000452,horizon_mpc_secbf,8,-0.000452,true,osqp,optimal,50,4.494745,0,-0.099888,accept,false,0.735607,-0.146228,0.373992,0.373866,,,0.528816,0.246779,1.390828,2.956429
crossing,context_bl,Proposed MPC-SECBF,25,2.500,-0.862293,0.363804,0.373992,0.373866,0.785229,0.100000,-0.350000,0.000000,0.580000,pedestrian,walking,attentive,1.413416,1.000000,0.000000,1.198133,0.598133,0.178679,0.127062,0.178679,0.127062,0.421071,0.548133,0.000000,0.598133,0.177062,0.050000,0.050000,0.000820,horizon_mpc_secbf,8,-0.000815,true,osqp,optimal,200,4.937119,0,-0.112134,project,true,0.733328,-0.157258,0.186905,0.558449,,,0.588896,0.262816,1.449718,2.927367
crossing,context_bl,Proposed MPC-SECBF,26,2.600,-0.843602,0.419649,0.186905,0.558449,1.247829,0.100000,-0.292000,0.000000,0.580000,pedestrian,walking,attentive,3.587380,1.000000,0.000000,1.181875,0.581875,0.142808,0.142808,0.142808,0.142808,0.157754,0.300562,0.015746,0.581875,0.424122,0.281313,0.281313,0.000511,horizon_mpc_secbf,8,-0.000511,true,osqp,optimal,50,4.237998,0,-0.096253,accept,false,0.730030,-0.171917,0.346102,0.411015,,,0.537327,0.216980,1.503450,2.921387
crossing,context_bl,Proposed MPC-SECBF,27,2.700,-0.808992,0.460750,0.346102,0.411015,0.870926,0.100000,-0.234000,0.000000,0.580000,pedestrian,walking,attentive,1.440928,1.000000,0.000000,1.144091,0.544091,0.178225,0.120243,0.178225,0.120243,0.373848,0.494091,0.000000,0.544091,0.170243,0.050000,0.050000,0.000861,horizon_mpc_secbf,8,-0.000821,true,osqp,optimal,175,4.864728,0,-0.081810,project,true,0.727086,-0.183972,0.177967,0.594368,,,0.620440,0.248772,1.565494,2.897517
crossing,context_bl,Proposed MPC-SECBF,28,2.800,-0.791195,0.520187,0.177967,0.594368,1.279870,0.100000,-0.176000,0.000000,0.580000,pedestrian,walking,attentive,4.040182,1.000000,0.000000,1.130887,0.530887,0.136000,0.136000,0.136000,0.136000,0.124118,0.260118,0.015757,0.530887,0.406769,0.270769,0.270769,0.000533,horizon_mpc_secbf,8,-0.000533,true,osqp,optimal,50,3.682157,0,-0.093009,accept,false,0.722981,-0.199495,0.344799,0.429594,,,0.550852,0.234485,1.620579,2.895507
crossing,context_bl,Proposed MPC-SECBF,29,2.900,-0.756716,0.563146,0.344799,0.429594,0.894463,0.100000,-0.118000,0.000000,0.580000,pedestrian,walking,attentive,1.360397,1.000000,0.000000,1.094496,0.494496,0.179553,0.087390,0.179553,0.087390,0.357106,0.444496,0.000000,0.494496,0.137390,0.050000,0.050000,0.001068,horizon_mpc_secbf,8,-0.000941,true,osqp,optimal,1025,7.038548,0,-0.038803,project,true,0.719358,-0.212189,0.204248,0.692484,,,0.721977,0.298103,1.692777,2.874141
crossing,context_bl,Proposed MPC-SECBF,30,3.000,-0.736291,0.632395,0.204248,0.692484,1.283980,0.100000,-0.060000,0.000000,0.580000,pedestrian,walking,attentive,5.674971,1.000000,0.000000,1.085722,0.485722,0.136000,0.136000,0.136000,0.136000,0.062342,0.198342,0.048610,0.485722,0.423381,0.287381,0.287381,0.000519,horizon_mpc_secbf,8,-0.000519,true,osqp,optimal,50,3.020000,0,-0.092713,accept,false,0.713803,-0.230186,0.380274,0.442477,,,0.583433,0.305759,1.751120,2.875049
crossing,context_bl,Proposed MPC-SECBF,31,3.100,-0.698263,0.676642,0.380274,0.442477,0.860859,0.100000,-0.002000,0.000000,0.580000,pedestrian,walking,attentive,1.182023,1.000000,0.000000,1.047750,0.447750,0.182497,0.033759,0.182497,0.033759,0.363991,0.397750,0.000000,0.447750,0.083759,0.050000,0.050000,0.015877,horizon_mpc_secbf,8,-0.015626,true,osqp,optimal,7875,29.236676,0,-0.040692,project,true,0.709336,-0.243602,0.239379,0.697042,,,0.737001,0.290954,1.824821,2.852944
crossing,context_bl,Proposed MPC-SECBF,32,3.200,-0.674325,0.746347,0.239379,0.697042,1.239994,0.100000,0.056000,0.000000,0.580000,pedestrian,walking,attentive,4.339517,1.000000,0.000000,1.037381,0.437381,0.136000,0.083759,0.136000,0.083759,0.068854,0.152613,0.050000,0.437381,0.368527,0.284768,0.284768,0.000528,horizon_mpc_secbf,8,-0.000528,true,osqp,optimal,50,3.092053,0,-0.107771,accept,false,0.702809,-0.261839,0.421060,0.461620,,,0.624808,0.297374,1.887301,2.853896
crossing,context_bl,Proposed MPC-SECBF,33,3.300,-0.632219,0.792509,0.421060,0.461620,0.831317,0.100000,0.114000,0.000000,0.580000,pedestrian,walking,attentive,1.022990,1.000000,0.000000,0.998258,0.398258,0.185121,0.000000,0.185121,0.000000,0.357505,0.357505,0.000000,0.398258,0.040753,0.040753,0.040753,0.042746,horizon_mpc_secbf,8,-0.037763,true,osqp,optimal,10600,34.827790,0,-0.044524,zero,true,0.697302,-0.276171,0.270897,0.683987,,,0.735679,0.268320,1.960869,2.831149
crossing,context_bl,Proposed MPC-SECBF,34,3.400,-0.605130,0.860907,0.270897,0.683987,1.193694,0.100000,0.172000,0.000000,0.580000,pedestrian,walking,attentive,3.185795,1.000000,0.000000,0.985800,0.385800,0.149434,0.050000,0.149434,0.050000,0.081787,0.131787,0.050000,0.385800,0.304013,0.254013,0.254013,0.000579,horizon_mpc_secbf,8,0.000017,true,osqp,optimal,50,3.431964,0,-0.130578,accept,false,0.689892,-0.294191,0.477397,0.517475,,,0.704051,0.265270,2.031274,2.832105
crossing,context_bl,Proposed MPC-SECBF,35,3.500,-0.557390,0.912655,0.477397,0.517475,0.825662,0.100000,0.230000,0.000000,0.580000,pedestrian,walking,attentive,0.924343,1.000000,0.000000,0.947723,0.347723,0.186748,0.000000,0.186748,0.000000,0.301999,0.301999,0.000000,0.347723,0.045724,0.045724,0.045724,0.069694,horizon_mpc_secbf,8,-0.041371,true,osqp,optimal,4425,19.927872,0,-0.031030,zero,true,0.682754,-0.310398,0.304609,0.670023,,,0.736015,0.230492,2.104876,2.809272
crossing,context_bl,Proposed MPC-SECBF,36,3.600,-0.526929,0.979657,0.304609,0.670023,1.144103,0.100000,0.288000,0.000000,0.580000,pedestrian,walking,attentive,2.418958,1.000000,0.000000,0.933504,0.333504,0.162087,0.050000,0.162087,0.050000,0.087978,0.137978,0.050000,0.333504,0.245526,0.195526,0.195526,0.000809,horizon_mpc_secbf,8,0.022893,true,osqp,optimal,350,5.518473,0,-0.105436,accept,false,0.674391,-0.328173,0.455079,0.585201,,,0.741321,0.172731,2.179008,2.810236
crossing,context_bl,Proposed MPC-SECBF,37,3.700,-0.481421,1.038177,0.455079,0.585201,0.909836,0.100000,0.346000,0.000000,0.580000,pedestrian,walking,attentive,1.052822,1.000000,0.000000,0.903969,0.303969,0.184628,0.058730,0.184628,0.058730,0.195239,0.253969,0.008730,0.303969,0.108730,0.050000,0.050000,0.126989,horizon_mpc_secbf,8,-0.040475,true,osqp,optimal,2425,13.132705,0,0.015841,project,true,0.665650,-0.345558,0.340179,0.655290,,,0.738327,0.134590,2.252841,2.795863
crossing,context_bl,Proposed MPC-SECBF,38,3.800,-0.447403,1.103706,0.340179,0.655290,1.091964,0.100000,0.404000,0.000000,0.580000,pedestrian,walking,attentive,1.918645,1.000000,0.000000,0.888391,0.288391,0.170342,0.108730,0.170342,0.108730,0.086169,0.194899,0.050000,0.288391,0.202223,0.093493,0.093493,0.118840,horizon_mpc_secbf,8,0.002856,true,osqp,optimal,1925,10.181254,0,0.044944,accept,false,0.656296,-0.363010,0.358301,0.647784,,,0.740273,0.019615,2.326868,2.796838
crossing,context_bl,Proposed MPC-SECBF,39,3.900,-0.411573,1.168485,0.358301,0.647784,1.065562,0.100000,0.462000,0.000000,0.580000,pedestrian,walking,attentive,1.753759,1.000000,0.000000,0.872254,0.272254,0.173063,0.139293,0.173063,0.139293,0.082961,0.222254,0.030563,0.272254,0.189293,0.050000,0.050000,0.200411,horizon_mpc_secbf,8,-0.038839,true,osqp,optimal,2875,16.440657,0,0.078325,project,true,0.646461,-0.380248,0.376573,0.640216,,,0.742754,0.019777,2.401143,2.797818
crossing,context_bl,Proposed MPC-SECBF,40,4.000,-0.373916,1.232506,0.376573,0.640216,1.039101,0.100000,0.520000,0.000000,0.580000,pedestrian,walking,attentive,1.614254,1.000000,0.000000,0.855723,0.255723,0.175365,0.128830,0.175365,0.128830,0.076893,0.205723,0.000000,0.255723,0.178830,0.050000,0.050000,0.236597,horizon_mpc_secbf,8,-0.037455,true,osqp,optimal,4625,18.960388,0,0.111585,project,true,0.636142,-0.397270,0.395036,0.632564,,,0.745782,0.019986,2.475722,2.798804
crossing,context_bl,Proposed MPC-SECBF,41,4.100,-0.334412,1.295763,0.395036,0.632564,1.012557,0.100000,0.578000,0.000000,0.580000,pedestrian,walking,attentive,1.497652,1.000000,0.000000,0.838986,0.238986,0.177289,0.121332,0.177289,0.121332,0.067654,0.188986,0.000000,0.238986,0.171332,0.050000,0.050000,0.267877,horizon_mpc_secbf,8,-0.029592,true,osqp,optimal,6000,23.452863,0,0.139414,project,true,0.625334,-0.414074,0.416691,0.623591,,,0.749998,0.023441,2.550721,2.799797
crossing,context_bl,Proposed MPC-SECBF,42,4.200,-0.292743,1.358122,0.416691,0.623591,0.981725,0.100000,0.636000,0.000000,0.580000,pedestrian,walking,attentive,1.380740,1.000000,0.000000,0.822014,0.222014,0.179218,0.116087,0.179218,0.116087,0.055927,0.172014,0.000000,0.222014,0.166087,0.050000,0.050000,0.296226,horizon_mpc_secbf,8,-0.043598,true,osqp,optimal,2825,15.034667,0,0.168939,project,true,0.614021,-0.430672,0.428853,0.611431,,,0.746835,0.017198,2.625405,2.800487
crossing,context_bl,Proposed MPC-SECBF,43,4.300,-0.249858,1.419265,0.428853,0.611431,0.959136,0.100000,0.694000,0.000000,0.580000,pedestrian,walking,attentive,1.298835,1.000000,0.000000,0.805239,0.205239,0.180569,0.110808,0.180569,0.110808,0.044431,0.155239,0.000000,0.205239,0.160808,0.050000,0.050000,0.307867,horizon_mpc_secbf,8,-0.051146,true,osqp,optimal,2425,11.879150,0,0.180841,project,true,0.602322,-0.446888,0.443084,0.597191,,,0.743613,0.020132,2.699766,2.801483
crossing,context_bl,Proposed MPC-SECBF,44,4.400,-0.205550,1.478984,0.443084,0.597191,0.932470,0.100000,0.752000,0.000000,0.580000,pedestrian,walking,attentive,1.210187,1.000000,0.000000,0.788585,0.188585,0.182032,0.106778,0.182032,0.106778,0.031807,0.138585,0.000000,0.188585,0.156778,0.050000,0.050000,0.298388,horizon_mpc_secbf,8,-0.064088,true,osqp,optimal,2100,11.401359,0,0.174160,project,true,0.590252,-0.462713,0.457140,0.583143,,,0.740968,0.019873,2.773863,2.802469
crossing,context_bl,Proposed MPC-SECBF,45,4.500,-0.159836,1.537298,0.457140,0.583143,0.905935,0.100000,0.810000,0.000000,0.580000,pedestrian,walking,attentive,1.142415,1.000000,0.000000,0.772319,0.172319,0.183150,0.106620,0.183150,0.106620,0.015699,0.122319,0.000000,0.172319,0.156620,0.050000,0.050000,0.268080,horizon_mpc_secbf,8,-0.071577,true,osqp,optimal,2475,12.801488,0,0.042767,project,true,0.577816,-0.478152,0.554528,0.485756,,,0.737197,0.137727,2.847583,2.803449
crossing,context_bl,Proposed MPC-SECBF,46,4.600,-0.104383,1.585874,0.554528,0.485756,0.719385,0.100000,0.868000,0.000000,0.580000,pedestrian,walking,attentive,0.603755,1.000000,0.000000,0.746402,0.146402,0.192038,0.065203,0.192038,0.065203,0.031198,0.096402,0.000000,0.146402,0.115203,0.050000,0.050000,0.233435,horizon_mpc_secbf,8,-0.058225,true,osqp,optimal,4150,16.181502,0,-0.044324,project,true,0.565159,-0.493047,0.623554,0.416746,,,0.749998,0.097607,2.922583,2.792644
crossing,context_bl,Proposed MPC-SECBF,47,4.700,-0.042027,1.627549,0.623554,0.416746,0.589160,0.100000,0.926000,0.000000,0.580000,pedestrian,walking,attentive,0.408059,1.000000,0.000000,0.715781,0.115781,0.195267,0.072239,0.195267,0.072239,0.000000,0.072239,0.007036,0.115781,0.122239,0.050000,0.043542,0.196080,horizon_mpc_secbf,8,-0.037626,true,osqp,optimal,3850,16.148605,0,-0.044224,project,true,0.552099,-0.507629,0.623623,0.416647,,,0.750000,0.000120,2.997583,2.773998
crossing,context_bl,Proposed MPC-SECBF,48,4.800,0.020335,1.669213,0.623623,0.416647,0.589000,0.100000,0.984000,0.000000,0.580000,pedestrian,walking,attentive,0.383426,1.000000,0.000000,0.689829,0.089829,0.195673,0.103809,0.195673,0.103809,0.000000,0.103809,0.031570,0.089829,0.153809,0.050000,-0.013980,0.195012,horizon_mpc_secbf,8,-0.079673,true,osqp,optimal,3225,13.414952,0,-0.053255,project,true,0.538488,-0.522045,0.623627,0.416641,,,0.750000,0.000008,3.072583,2.757255
crossing,context_bl,Proposed MPC-SECBF,49,4.900,0.082698,1.710877,0.623627,0.416641,0.588989,0.100000,1.042000,0.000000,0.580000,pedestrian,walking,attentive,0.385112,1.000000,0.000000,0.669101,0.069101,0.195646,0.139416,0.195646,0.139416,0.000000,0.139416,0.035607,0.069101,0.189416,0.050000,-0.070315,0.197758,horizon_mpc_secbf,8,-0.102252,true,osqp,optimal,3125,14.999361,0,-0.051978,project,true,0.524338,-0.536255,0.623620,0.416652,,,0.750000,0.000013,3.147583,2.742460
crossing,context_bl,Proposed MPC-SECBF,50,5.000,0.145060,1.752542,0.623620,0.416652,0.589007,0.100000,1.100000,0.000000,0.580000,pedestrian,walking,attentive,0.450802,1.000000,0.000000,0.654096,0.054096,0.194562,0.178518,0.194562,0.178518,0.000000,0.178518,0.039102,0.054096,0.228518,0.050000,-0.124422,0.201661,horizon_mpc_secbf,8,-0.140360,true,osqp,optimal,3675,16.903330,0,-0.042762,project,true,0.509665,-0.550220,0.623620,0.416651,,,0.750000,0.000001,3.222583,2.729648
crossing,context_bl,Proposed MPC-SECBF,51,5.100,0.207422,1.794208,0.623620,0.416651,0.589005,0.100000,1.158000,0.000000,0.580000,pedestrian,walking,attentive,0.789842,1.000000,0.000000,0.645213,0.045213,0.188968,0.188968,0.188968,0.188968,0.000000,0.188968,0.010449,0.045213,0.270642,0.081674,-0.143755,0.180659,horizon_mpc_secbf,8,-0.150811,true,osqp,optimal,3300,16.481132,0,-0.020341,accept,false,0.494487,-0.563899,0.623622,0.416648,,,0.750000,0.000004,3.297583,2.718846
crossing,context_bl,Proposed MPC-SECBF,52,5.200,0.269784,1.835872,0.623622,0.416648,0.589001,0.100000,1.216000,0.000000,0.580000,pedestrian,walking,attentive,,0.000000,0.000000,0.642704,0.042704,0.070000,0.000000,0.070000,0.000000,0.000000,0.000000,0.000000,0.042704,0.042704,0.042704,0.042704,0.000388,horizon_mpc_secbf,8,0.003526,true,osqp,optimal,200,4.816609,0,-0.238696,zero,true,0.478829,-0.577255,0.735589,0.086355,,,0.740641,0.348755,3.371647,2.710076
crossing,context_bl,Proposed MPC-SECBF,53,5.300,0.343343,1.844508,0.735589,0.086355,0.116861,0.100000,1.274000,0.000000,0.580000,pedestrian,walking,attentive,0.122308,1.000000,0.000000,0.620238,0.020238,0.199982,0.050000,0.199982,0.050000,0.000000,0.050000,0.050000,0.020238,0.381945,0.331945,-0.029762,0.018034,horizon_mpc_secbf,8,-0.016218,true,osqp,optimal,1850,11.150948,0,0.094432,accept,false,0.465269,-0.588239,0.601378,0.438904,,,0.744508,0.377231,3.446097,2.670482
crossing,context_bl,Proposed MPC-SECBF,54,5.400,0.403481,1.888398,0.601378,0.438904,0.630467,0.100000,1.332000,0.000000,0.580000,pedestrian,walking,attentive,,0.000000,0.000000,0.633782,0.033782,0.070000,0.000000,0.070000,0.000000,0.000000,0.000000,0.000000,0.033782,0.033782,0.033782,0.033782,0.000108,horizon_mpc_secbf,8,0.000160,true,osqp,optimal,125,5.525215,0,-0.260551,zero,true,0.448690,-0.600981,0.724953,-0.150809,,,0.740473,0.602522,3.520145,2.668637
crossing,context_bl,Proposed MPC-SECBF,55,5.500,0.475976,1.873317,0.724953,-0.150809,-0.205101,0.100000,1.390000,0.000000,0.580000,pedestrian,walking,attentive,0.093652,1.000000,0.000000,0.612334,0.012334,0.200455,0.050000,0.200455,0.050000,0.000000,0.050000,0.050000,0.012334,0.528405,0.478405,-0.037666,0.012429,horizon_mpc_secbf,8,-0.009521,true,osqp,optimal,775,7.920281,0,0.228748,accept,false,0.437328,-0.609298,0.623600,0.416681,,,0.750000,0.576470,3.595145,2.613642
crossing,context_bl,Proposed MPC-SECBF,56,5.600,0.538336,1.914985,0.623600,0.416681,0.589054,0.100000,1.448000,0.000000,0.580000,pedestrian,walking,attentive,,0.000000,0.000000,0.640479,0.040479,0.070000,0.000000,0.070000,0.000000,0.000000,0.000000,0.000000,0.040479,0.040479,0.040479,0.040479,0.000000,horizon_mpc_secbf,8,0.031513,true,osqp,optimal,50,3.259966,0,-0.134583,zero,true,0.419664,-0.621597,0.634872,-0.256023,,,0.684551,0.672799,3.663600,2.612207
crossing,context_bl,Proposed MPC-SECBF,57,5.700,0.601823,1.889383,0.634872,-0.256023,-0.383320,0.100000,1.506000,0.000000,0.580000,pedestrian,walking,attentive,10.344555,1.000000,0.000000,0.631513,0.031513,0.136000,0.050000,0.136000,0.050000,0.000000,0.050000,0.050000,0.031513,0.623502,0.573502,-0.018487,0.000393,horizon_mpc_secbf,8,-0.000219,true,osqp,optimal,125,3.513814,0,0.079078,accept,false,0.410303,-0.627815,0.715060,-0.195904,,,0.741411,0.100222,3.737741,2.555750
crossing,context_bl,Proposed MPC-SECBF,58,5.800,0.673329,1.869793,0.715060,-0.195904,-0.267407,0.100000,1.564000,0.000000,0.580000,pedestrian,walking,attentive,,0.000000,0.000000,0.649781,0.049781,0.070000,0.000000,0.070000,0.000000,0.000000,0.000000,0.000000,0.049781,0.049781,0.049781,0.049781,0.000000,horizon_mpc_secbf,8,0.070041,true,osqp,optimal,50,3.410967,0,0.152615,zero,true,0.397887,-0.635756,0.632857,-0.388027,,,0.742342,0.208970,3.811975,2.500715
crossing,context_bl,Proposed MPC-SECBF,59,5.900,0.736615,1.830990,0.632857,-0.388027,-0.550022,0.100000,1.622000,0.000000,0.580000,pedestrian,walking,attentive,,0.000000,0.000000,0.670041,0.070041,0.070000,0.020041,0.070000,0.020041,0.000000,0.020041,0.020041,0.070041,0.070041,0.050000,0.050000,0.000000,horizon_mpc_secbf,8,0.085541,true,osqp,optimal,75,3.339515,0,0.310726,project,true,0.389217,-0.641101,0.607044,-0.433235,,,0.745785,0.052059,3.886554,2.434474
crossing,context_bl,Proposed MPC-SECBF,60,6.000,0.797319,1.787666,0.607044,-0.433235,-0.619849,0.100000,1.680000,0.000000,0.580000,pedestrian,walking,attentive,,0.000000,0.000000,0.705582,0.105582,0.070000,0.055582,0.070000,0.055582,0.000000,0.055582,0.035541,0.105582,0.105582,0.050000,0.050000,0.000000,horizon_mpc_secbf,8,0.100503,true,osqp,optimal,75,4.584555,0,0.473058,project,true,0.381219,-0.645888,0.587528,-0.452750,,,0.741735,0.027598,3.960727,2.366120
crossing,context_bl,Proposed MPC-SECBF,61,6.100,0.856072,1.742392,0.587528,-0.452750,-0.656556,0.100000,1.738000,0.000000,0.580000,pedestrian,walking,attentive,,0.000000,0.000000,0.756085,0.156085,0.070000,0.070000,0.070000,0.070000,0.000000,0.070000,0.014418,0.156085,0.156085,0.086085,0.086085,0.000000,horizon_mpc_secbf,8,0.149200,true,osqp,optimal,100,3.776128,0,0.649093,accept,false,0.373437,-0.650419,0.569123,-0.471150,,,0.738840,0.026025,4.034611,2.297432
crossing,context_bl,Proposed MPC-SECBF,62,6.200,0.912984,1.695276,0.569123,-0.471150,-0.691495,0.100000,1.796000,0.000000,0.580000,pedestrian,walking,attentive,,0.000000,0.000000,0.819200,0.219200,0.070000,0.070000,0.070000,0.070000,0.000000,0.070000,0.000000,0.219200,0.219200,0.149200,0.149200,0.000000,horizon_mpc_secbf,8,0.222466,true,osqp,optimal,100,4.795572,0,0.826210,accept,false,0.365853,-0.654715,0.549526,-0.490753,,,0.736762,0.027719,4.108287,2.228386
crossing,context_bl,Proposed MPC-SECBF,63,6.300,0.967937,1.646201,0.549526,-0.490753,-0.728961,0.100000,1.854000,0.000000,0.580000,pedestrian,walking,attentive,,0.000000,0.000000,0.892466,0.292466,0.070000,0.070000,0.070000,0.070000,0.000000,0.070000,0.000000,0.292466,0.292466,0.222466,0.222466,0.000000,horizon_mpc_secbf,8,0.303827,true,osqp,optimal,100,4.545994,0,0.990741,accept,false,0.358542,-0.658747,0.528628,-0.511653,,,0.735687,0.029556,4.181856,2.158873
crossing,context_bl,Proposed MPC-SECBF,64,6.400,1.020800,1.595036,0.528628,-0.511653,-0.769082,0.100000,1.912000,0.000000,0.580000,pedestrian,walking,attentive,,0.000000,0.000000,0.973827,0.373827,0.070000,0.070000,0.070000,0.070000,0.000000,0.070000,0.000000,0.373827,0.373827,0.303827,0.303827,0.000000,horizon_mpc_secbf,8,0.391703,true,osqp,optimal,75,3.116157,0,1.145380,accept,false,0.351593,-0.662482,0.506681,-0.533613,,,0.735846,0.031047,4.255441,2.088777
crossing,context_bl,Proposed MPC-SECBF,65,6.500,1.071468,1.541675,0.506681,-0.533613,-0.811281,0.100000,1.970000,0.000000,0.580000,pedestrian,walking,attentive,,0.000000,0.000000,1.061703,0.461703,0.070000,0.070000,0.070000,0.070000,0.000000,0.070000,0.000000,0.461703,0.461703,0.391703,0.391703,0.000000,horizon_mpc_secbf,8,0.484919,true,osqp,optimal,100,3.320765,0,1.292947,accept,false,0.345096,-0.665889,0.483938,-0.556342,,,0.737368,0.032154,4.329177,2.017987
crossing,context_bl,Proposed MPC-SECBF,66,6.600,1.119862,1.486040,0.483938,-0.556342,-0.854887,0.100000,2.028000,0.000000,0.580000,pedestrian,walking,attentive,,0.000000,0.000000,1.154919,0.554919,0.070000,0.070000,0.070000,0.070000,0.000000,0.070000,0.000000,0.554919,0.554919,0.484919,0.484919,0.000000,horizon_mpc_secbf,8,0.582622,true,osqp,optimal,75,3.197065,0,1.435873,accept,false,0.339141,-0.668942,0.460667,-0.579604,,,0.740375,0.032904,4.403215,1.946402
crossing,context_bl,Proposed MPC-SECBF,67,6.700,1.165928,1.428080,0.460667,-0.579604,-0.899237,0.100000,2.086000,0.000000,0.580000,pedestrian,walking,attentive,,0.000000,0.000000,1.252622,0.652622,0.070000,0.070000,0.070000,0.070000,0.000000,0.070000,0.000000,0.652622,0.652622,0.582622,0.582622,0.000000,horizon_mpc_secbf,8,0.684195,true,osqp,optimal,100,3.657330,0,1.576032,accept,false,0.333819,-0.671614,0.437130,-0.603150,,,0.744898,0.033293,4.477705,1.873934
crossing,context_bl,Proposed MPC-SECBF,68,6.800,1.209641,1.367765,0.437130,-0.603150,-0.943656,0.100000,2.144000,0.000000,0.580000,pedestrian,walking,attentive,,0.000000,0.000000,1.354195,0.754195,0.070000,0.070000,0.070000,0.070000,0.000000,0.070000,0.000000,0.754195,0.754195,0.684195,0.684195,0.000000,horizon_mpc_secbf,8,0.788901,true,osqp,optimal,100,4.096572,0,1.711906,accept,false,0.329223,-0.673878,0.411617,-0.624497,,,0.747948,0.033265,4.552499,1.800508
crossing,context_bl,Proposed MPC-SECBF,69,6.900,1.250803,1.305315,0.411617,-0.624497,-0.988038,0.100000,2.202000,0.000000,0.580000,pedestrian,walking,attentive,,0.000000,0.000000,1.458901,0.858901,0.070000,0.070000,0.070000,0.070000,0.000000,0.070000,0.000000,0.858901,0.858901,0.788901,0.788901,0.000000,horizon_mpc_secbf,8,0.895546,true,osqp,optimal,100,4.023093,0,1.838486,accept,false,0.325482,-0.675693,0.381361,-0.638232,,,0.743489,0.033228,4.626848,1.726355
crossing,context_bl,Proposed MPC-SECBF,70,7.000,1.288939,1.241492,0.381361,-0.638232,-1.032198,0.100000,2.260000,0.000000,0.580000,pedestrian,walking,attentive,,0.000000,0.000000,1.565546,0.965546,0.070000,0.070000,0.070000,0.070000,0.000000,0.070000,0.000000,0.965546,0.965546,0.895546,0.895546,0.000000,horizon_mpc_secbf,8,1.003778,true,osqp,optimal,100,3.927235,0,1.962961,accept,false,0.322756,-0.677000,0.351238,-0.650708,,,0.739452,0.032604,4.700794,1.652318
crossing,context_bl,Proposed MPC-SECBF,71,7.100,1.324063,1.176421,0.351238,-0.650708,-1.075835,0.100000,2.318000,0.000000,0.580000,pedestrian,walking,attentive,,0.000000,0.000000,1.673778,1.073778,0.070000,0.070000,0.070000,0.070000,0.000000,0.070000,0.000000,1.073778,1.073778,1.003778,1.003778,0.000000,horizon_mpc_secbf,8,1.113538,true,osqp,optimal,100,4.112503,0,2.088164,accept,false,0.321167,-0.677755,0.324792,-0.661662,,,0.737080,0.028624,4.774502,1.578470
crossing,context_bl,Proposed MPC-SECBF,72,7.200,1.356542,1.110255,0.324792,-0.661662,-1.114477,0.100000,2.376000,0.000000,0.580000,pedestrian,walking,attentive,,0.000000,0.000000,1.783538,1.183538,0.070000,0.070000,0.070000,0.070000,0.000000,0.070000,0.000000,1.183538,1.183538,1.113538,1.113538,0.000000,horizon_mpc_secbf,8,1.225347,true,osqp,optimal,125,3.958290,0,2.220409,accept,false,0.320709,-0.677972,0.317132,-0.664846,,,0.736609,0.008296,4.848162,1.504770
crossing,context_bl,Proposed MPC-SECBF,73,7.300,1.388255,1.043770,0.317132,-0.664846,-1.125717,0.100000,2.434000,0.000000,0.580000,pedestrian,walking,attentive,,0.000000,0.000000,1.895347,1.295347,0.070000,0.070000,0.070000,0.070000,0.000000,0.070000,0.000000,1.295347,1.295347,1.225347,1.225347,0.000000,horizon_mpc_secbf,8,1.339100,true,osqp,optimal,150,3.997110,0,2.353460,accept,false,0.320596,-0.678025,0.315722,-0.665431,,,0.736532,0.001526,4.921816,1.431109
crossing,context_bl,Proposed MPC-SECBF,74,7.400,1.419827,0.977227,0.315722,-0.665431,-1.127787,0.100000,2.492000,0.000000,0.580000,pedestrian,walking,attentive,,0.000000,0.000000,2.009100,1.409100,0.070000,0.070000,0.070000,0.070000,0.000000,0.070000,0.000000,1.409100,1.409100,1.339100,1.339100,0.000000,horizon_mpc_secbf,8,1.454523,true,osqp,optimal,150,3.859382,0,2.485404,accept,false,0.320548,-0.678048,0.315437,-0.665545,,,0.736512,0.000307,4.995467,1.357456
crossing,context_bl,Proposed MPC-SECBF,75,7.500,1.451371,0.910673,0.315437,-0.665545,-1.128202,0.100000,2.550000,0.000000,0.580000,pedestrian,walking,attentive,,0.000000,0.000000,2.124523,1.524523,0.070000,0.070000,0.070000,0.070000,0.000000,0.070000,0.000000,1.524523,1.524523,1.454523,1.454523,0.000000,horizon_mpc_secbf,8,1.571365,true,osqp,optimal,100,4.052375,0,2.616223,accept,false,0.320509,-0.678066,0.315354,-0.665571,,,0.736500,0.000088,5.069117,1.283805
crossing,context_bl,Proposed MPC-SECBF,76,7.600,1.482907,0.844116,0.315354,-0.665571,-1.128320,0.100000,2.608000,0.000000,0.580000,pedestrian,walking,attentive,,0.000000,0.000000,2.241365,1.641365,0.070000,0.070000,0.070000,0.070000,0.000000,0.070000,0.000000,1.641365,1.641365,1.571365,1.571365,0.000000,horizon_mpc_secbf,8,1.689418,true,osqp,optimal,100,3.156125,0,2.746148,accept,false,0.320471,-0.678084,0.315308,-0.665590,,,0.736498,0.000050,5.142767,1.210155
crossing,context_bl,Proposed MPC-SECBF,77,7.700,1.514437,0.777557,0.315308,-0.665590,-1.128388,0.100000,2.666000,0.000000,0.580000,pedestrian,walking,attentive,,0.000000,0.000000,2.359418,1.759418,0.070000,0.070000,0.070000,0.070000,0.000000,0.070000,0.000000,1.759418,1.759418,1.689418,1.689418,0.000000,horizon_mpc_secbf,8,1.808507,true,osqp,optimal,100,4.259471,0,2.875381,accept,false,0.320432,-0.678103,0.315266,-0.665608,,,0.736496,0.000045,5.216416,1.136505
crossing,context_bl,Proposed MPC-SECBF,78,7.800,1.545964,0.710996,0.315266,-0.665608,-1.128449,0.100000,2.724000,0.000000,0.580000,pedestrian,walking,attentive,,0.000000,0.000000,2.478507,1.878507,0.070000,0.070000,0.070000,0.070000,0.000000,0.070000,0.000000,1.878507,1.878507,1.808507,1.808507,0.000000,horizon_mpc_secbf,8,1.928491,true,osqp,optimal,100,4.574962,0,3.004086,accept,false,0.320389,-0.678123,0.315223,-0.665626,,,0.736493,0.000047,5.290066,1.062856
crossing,context_bl,Proposed MPC-SECBF,79,7.900,1.577486,0.644433,0.315223,-0.665626,-1.128512,0.100000,2.782000,0.000000,0.580000,pedestrian,walking,attentive,,0.000000,0.000000,2.598491,1.998491,0.070000,0.070000,0.070000,0.070000,0.000000,0.070000,0.000000,1.998491,1.998491,1.928491,1.928491,0.000000,horizon_mpc_secbf,8,2.049252,true,osqp,optimal,100,4.154478,0,3.132389,accept,false,0.320343,-0.678145,0.315177,-0.665645,,,0.736491,0.000050,5.363715,0.989206
crossing,context_bl,Proposed MPC-SECBF,80,8.000,1.609004,0.577869,0.315177,-0.665645,-1.128580,0.100000,2.840000,0.000000,0.580000,pedestrian,walking,attentive,,0.000000,0.000000,2.719252,2.119252,0.070000,0.070000,0.070000,0.070000,0.000000,0.070000,0.000000,2.119252,2.119252,2.049252,2.049252,0.000000,horizon_mpc_secbf,8,2.170689,true,osqp,optimal,100,3.287243,0,3.260389,accept,false,0.320294,-0.678168,0.315127,-0.665665,,,0.736488,0.000054,5.437364,0.915557
crossing,context_bl,Proposed MPC-SECBF,81,8.100,1.640516,0.511302,0.315127,-0.665665,-1.128653,0.100000,2.898000,0.000000,0.580000,pedestrian,walking,attentive,,0.000000,0.000000,2.840689,2.240689,0.070000,0.070000,0.070000,0.070000,0.000000,0.070000,0.000000,2.240689,2.240689,2.170689,2.170689,0.000000,horizon_mpc_secbf,8,2.292721,true,osqp,optimal,100,3.298972,0,3.388160,accept,false,0.320240,-0.678193,0.315073,-0.665688,,,0.736486,0.000058,5.511012,0.841908
crossing,context_bl,Proposed MPC-SECBF,82,8.200,1.672024,0.444734,0.315073,-0.665688,-1.128732,0.100000,2.956000,0.000000,0.580000,pedestrian,walking,attentive,,0.000000,0.000000,2.962721,2.362721,0.070000,0.070000,0.070000,0.070000,0.000000,0.070000,0.000000,2.362721,2.362721,2.292721,2.292721,0.000000,horizon_mpc_secbf,8,2.415277,true,osqp,optimal,100,3.195788,0,3.515761,accept,false,0.320181,-0.678221,0.315014,-0.665712,,,0.736483,0.000064,5.584660,0.768260
crossing,context_bl,Proposed MPC-SECBF,83,8.300,1.703525,0.378162,0.315014,-0.665712,-1.128819,0.100000,3.014000,0.000000,0.580000,pedestrian,walking,attentive,,0.000000,0.000000,3.085277,2.485277,0.070000,0.070000,0.070000,0.070000,0.000000,0.070000,0.000000,2.485277,2.485277,2.415277,2.415277,0.000000,horizon_mpc_secbf,8,2.538296,true,osqp,optimal,75,3.307728,0,3.643233,accept,false,0.320116,-0.678252,0.314947,-0.665737,,,0.736476,0.000072,5.658308,0.694612
crossing,context_bl,Proposed MPC-SECBF,84,8.400,1.735020,0.311589,0.314947,-0.665737,-1.128916,0.100000,3.072000,0.000000,0.580000,pedestrian,walking,attentive,,0.000000,0.000000,3.208296,2.608296,0.070000,0.070000,0.070000,0.070000,0.000000,0.070000,0.000000,2.608296,2.608296,2.538296,2.538296,0.000000,horizon_mpc_secbf,8,2.661727,true,osqp,optimal,75,3.166963,0,3.770619,accept,false,0.320043,-0.678286,0.314874,-0.665768,,,0.736473,0.000079,5.731955,0.620964
crossing,context_bl,Proposed MPC-SECBF,85,8.500,1.766507,0.245012,0.314874,-0.665768,-1.129023,0.100000,3.130000,0.000000,0.580000,pedestrian,walking,attentive,,0.000000,0.000000,3.331727,2.731727,0.070000,0.070000,0.070000,0.070000,0.000000,0.070000,0.000000,2.731727,2.731727,2.661727,2.661727,0.000000,horizon_mpc_secbf,8,2.785526,true,osqp,optimal,75,3.977332,0,3.897941,accept,false,0.319960,-0.678325,0.314792,-0.665802,,,0.736469,0.000089,5.805602,0.547317
crossing,context_bl,Proposed MPC-SECBF,86,8.600,1.797986,0.178432,0.314792,-0.665802,-1.129144,0.100000,3.188000,0.000000,0.580000,pedestrian,walking,attentive,,0.000000,0.000000,3.455526,2.855526,0.070000,0.070000,0.070000,0.070000,0.000000,0.070000,0.000000,2.855526,2.855526,2.785526,2.785526,0.000000,horizon_mpc_secbf,8,2.909655,true,osqp,optimal,75,3.907743,0,4.025221,accept,false,0.319865,-0.678371,0.314697,-0.665842,,,0.736465,0.000103,5.879249,0.473670
crossing,context_bl,Proposed MPC-SECBF,87,8.700,1.829456,0.111847,0.314697,-0.665842,-1.129283,0.100000,3.246000,0.000000,0.580000,pedestrian,walking,attentive,,0.000000,0.000000,3.579655,2.979655,0.070000,0.070000,0.070000,0.070000,0.000000,0.070000,0.000000,2.979655,2.979655,2.909655,2.909655,0.000000,horizon_mpc_secbf,8,3.034081,true,osqp,optimal,75,4.132222,0,4.152475,accept,false,0.319751,-0.678424,0.314585,-0.665889,,,0.736459,0.000121,5.952895,0.400023
crossing,context_bl,Proposed MPC-SECBF,88,8.800,1.860915,0.045258,0.314585,-0.665889,-1.129448,0.100000,3.304000,0.000000,0.580000,pedestrian,walking,attentive,,0.000000,0.000000,3.704081,3.104081,0.070000,0.070000,0.070000,0.070000,0.000000,0.070000,0.000000,3.104081,3.104081,3.034081,3.034081,0.000000,horizon_mpc_secbf,8,3.158775,true,osqp,optimal,75,3.760015,0,4.279716,accept,false,0.319611,-0.678490,0.314448,-0.665946,,,0.736452,0.000148,6.026540,0.326378
crossing,context_bl,Proposed MPC-SECBF,89,8.900,1.892360,-0.021336,0.314448,-0.665946,-1.129649,0.100000,3.362000,0.000000,0.580000,pedestrian,walking,attentive,,0.000000,0.000000,3.828775,3.228775,0.070000,0.070000,0.070000,0.070000,0.000000,0.070000,0.000000,3.228775,3.228775,3.158775,3.158775,0.000000,horizon_mpc_secbf,8,3.283711,true,osqp,optimal,75,3.354094,0,4.406953,accept,false,0.319430,-0.678575,0.314272,-0.666020,,,0.736444,0.000191,6.100184,0.252732
crossing,context_bl,Proposed MPC-SECBF,90,9.000,1.923787,-0.087938,0.314272,-0.666020,-1.129908,0.100000,3.420000,0.000000,0.580000,pedestrian,walking,attentive,,0.000000,0.000000,3.953711,3.353711,0.070000,0.070000,0.070000,0.070000,0.000000,0.070000,0.000000,3.353711,3.353711,3.283711,3.283711,0.000000,horizon_mpc_secbf,8,3.408866,true,osqp,optimal,75,3.277103,0,4.534190,accept,false,0.319172,-0.678696,0.314024,-0.666123,,,0.736431,0.000269,6.173827,0.179088
crossing,context_bl,Proposed MPC-SECBF,91,9.100,1.955189,-0.154550,0.314024,-0.666123,-1.130273,0.100000,3.478000,0.000000,0.580000,pedestrian,walking,attentive,,0.000000,0.000000,4.078866,3.478866,0.070000,0.070000,0.070000,0.070000,0.000000,0.070000,0.000000,3.478866,3.478866,3.408866,3.408866,0.000000,horizon_mpc_secbf,8,3.534221,true,osqp,optimal,75,3.197315,0,4.661428,accept,false,0.318727,-0.678906,0.313605,-0.666296,,,0.736410,0.000453,6.247468,0.105445
crossing,context_bl,Proposed MPC-SECBF,92,9.200,1.986550,-0.221180,0.313605,-0.666296,-1.130887,0.100000,3.536000,0.000000,0.580000,pedestrian,walking,attentive,,0.000000,0.000000,4.204221,3.604221,0.070000,0.070000,0.070000,0.070000,0.000000,0.070000,0.000000,3.604221,3.604221,3.534221,3.534221,0.000000,horizon_mpc_secbf,8,3.625106,true,osqp,optimal,50,3.869279,0,4.442219,accept,false,0.134504,-0.288200,0.165232,-0.353069,,,0.389820,0.346592,6.286450,0.031804
crossing,context_bl,Proposed MPC-SECBF,93,9.300,2.003073,-0.256487,0.165232,-0.353069,-1.133085,0.100000,3.594000,0.000000,0.580000,pedestrian,walking,attentive,,0.000000,0.000000,4.295106,3.695106,0.070000,0.070000,0.070000,0.070000,0.000000,0.070000,0.000000,3.695106,3.695106,3.625106,3.625106,0.000000,horizon_mpc_secbf,8,3.677178,true,osqp,optimal,50,3.039946,0,4.145064,accept,false,-0.030728,0.064869,-0.000281,-0.000137,,,0.000312,0.389815,6.286481,0.007178
crossing,context_bl,Proposed MPC-SECBF,94,9.400,2.003045,-0.256501,-0.000281,-0.000137,-2.687505,0.100000,3.652000,0.000000,0.580000,pedestrian,walking,attentive,,0.000000,0.000000,4.347178,3.747178,0.070000,0.070000,0.070000,0.070000,0.000000,0.070000,0.000000,3.747178,3.747178,3.677178,3.677178,0.000000,horizon_mpc_secbf,8,3.723452,true,osqp,optimal,50,3.621938,0,4.139190,accept,false,-0.030447,0.065006,-0.025271,0.053829,,,0.059466,0.059472,6.292428,0.007178
crossing,context_bl,Proposed MPC-SECBF,95,9.500,2.000518,-0.251118,-0.025271,0.053829,2.009727,0.100000,3.710000,0.000000,0.580000,pedestrian,walking,attentive,,0.000000,0.000000,4.393452,3.793452,0.070000,0.070000,0.070000,0.070000,0.000000,0.070000,0.000000,3.793452,3.793452,3.723452,3.723452,0.000000,horizon_mpc_secbf,8,3.773775,true,osqp,optimal,50,4.101796,0,4.225972,accept,false,-0.005176,0.011177,-0.008624,0.018495,,,0.020407,0.039059,6.294469,0.001232
crossing,context_bl,Proposed MPC-SECBF,96,9.600,1.999655,-0.249268,-0.008624,0.018495,2.007101,0.100000,3.768000,0.000000,0.580000,pedestrian,walking,attentive,,0.000000,0.000000,4.443775,3.843775,0.070000,0.070000,0.070000,0.070000,0.000000,0.070000,0.000000,3.843775,3.843775,3.773775,3.773775,0.000000,horizon_mpc_secbf,8,3.826596,true,osqp,optimal,50,4.348764,0,4.301307,accept,false,0.003448,-0.007318,0.001377,-0.002889,,,0.003200,0.023607,6.294789,0.000809
crossing,context_bl,Proposed MPC-SECBF,97,9.700,1.999793,-0.249557,0.001377,-0.002889,-1.126117,0.100000,3.826000,0.000000,0.580000,pedestrian,walking,attentive,,0.000000,0.000000,4.496596,3.896596,0.070000,0.070000,0.070000,0.070000,0.000000,0.070000,0.000000,3.896596,3.896596,3.826596,3.826596,0.000000,horizon_mpc_secbf,8,3.879691,true,osqp,optimal,50,3.332704,0,4.356887,accept,false,0.002071,-0.004429,0.001952,-0.004165,,,0.004599,0.001399,6.295249,0.000489
crossing,context_bl,Proposed MPC-SECBF,98,9.800,1.999988,-0.249974,0.001952,-0.004165,-1.132492,0.100000,3.884000,0.000000,0.580000,pedestrian,walking,attentive,,0.000000,0.000000,4.549691,3.949691,0.070000,0.070000,0.070000,0.070000,0.000000,0.070000,0.000000,3.949691,3.949691,3.879691,3.879691,0.000000,horizon_mpc_secbf,8,3.932558,true,osqp,optimal,25,3.276172,0,4.407723,accept,false,0.000119,-0.000264,0.000433,-0.000932,,,0.001028,0.003571,6.295352,0.000029
crossing,context_bl,Proposed MPC-SECBF,99,9.900,2.000031,-0.250067,0.000433,-0.000932,-1.135863,0.100000,3.942000,0.000000,0.580000,pedestrian,walking,attentive,,0.000000,0.000000,4.602558,4.002558,0.070000,0.070000,0.070000,0.070000,0.000000,0.070000,0.000000,4.002558,4.002558,3.932558,3.932558,0.000000,horizon_mpc_secbf,8,3.985404,true,osqp,optimal,25,3.433621,0,4.460396,accept,false,-0.000314,0.000668,-0.000185,0.000392,,,0.000434,0.001462,6.295395,0.000074
crossing,context_bl,Proposed MPC-SECBF,100,10.000,2.000013,-0.250028,-0.000185,0.000392,2.012058,0.100000,4.000000,0.000000,0.580000,pedestrian,walking,attentive,,0.000000,0.000000,4.655404,4.055404,0.070000,0.070000,0.070000,0.070000,0.000000,0.070000,0.000000,4.055404,4.055404,3.985404,3.985404,0.000000,horizon_mpc_secbf,8,4.038380,true,osqp,optimal,25,3.500027,0,4.514573,accept,false,-0.000129,0.000276,-0.000138,0.000295,,,0.000326,0.000108,6.295428,0.000030
crossing,context_bl,Proposed MPC-SECBF,101,10.100,1.999999,-0.249998,-0.000138,0.000295,2.008538,0.100000,4.058000,0.000000,0.580000,pedestrian,walking,attentive,,0.000000,0.000000,4.708380,4.108380,0.070000,0.070000,0.070000,0.070000,0.000000,0.070000,0.000000,4.108380,4.108380,4.038380,4.038380,0.000000,horizon_mpc_secbf,8,4.091506,true,osqp,optimal,25,3.814642,0,4.569059,accept,false,0.000009,-0.000019,0.000001,0.000000,,,0.000001,0.000326,6.295428,0.000002
crossing,context_bl,Proposed MPC-SECBF,102,10.200,1.999999,-0.249998,0.000001,0.000000,0.166225,0.100000,4.116000,0.000000,0.580000,pedestrian,walking,attentive,,0.000000,0.000000,4.761506,4.161506,0.070000,0.070000,0.070000,0.070000,0.000000,0.070000,0.000000,4.161506,4.161506,4.091506,4.091506,0.000000,horizon_mpc_secbf,8,4.144745,true,osqp,optimal,25,4.210847,0,4.623346,accept,false,0.000008,-0.000019,0.000007,-0.000016,,,0.000018,0.000017,6.295429,0.000002
crossing,context_bl,Proposed MPC-SECBF,103,10.300,2.000000,-0.250000,0.000007,-0.000016,-1.150857,0.100000,4.174000,0.000000,0.580000,pedestrian,walking,attentive,,0.000000,0.000000,4.814745,4.214745,0.070000,0.070000,0.070000,0.070000,0.000000,0.070000,0.000000,4.214745,4.214745,4.144745,4.144745,0.000000,horizon_mpc_secbf,8,4.198093,true,osqp,optimal,25,4.275250,0,4.677681,accept,false,0.000001,-0.000003,0.000002,-0.000006,,,0.000006,0.000012,6.295430,0.000000
crossing,context_bl,Proposed MPC-SECBF,104,10.400,2.000000,-0.250000,0.000002,-0.000006,-1.177458,0.100000,4.232000,0.000000,0.580000,pedestrian,walking,attentive,,0.000000,0.000000,4.868093,4.268093,0.070000,0.070000,0.070000,0.070000,0.000000,0.070000,0.000000,4.268093,4.268093,4.198093,4.198093,0.000000,horizon_mpc_secbf,8,4.251545,true,osqp,optimal,25,4.338384,0,4.732091,accept,false,-0.000001,0.000002,-0.000000,0.000001,,,0.000001,0.000007,6.295430,0.000000
crossing,context_bl,Proposed MPC-SECBF,105,10.500,2.000000,-0.250000,-0.000000,0.000001,2.050070,0.100000,4.290000,0.000000,0.580000,pedestrian,walking,attentive,,0.000000,0.000000,4.921545,4.321545,0.070000,0.070000,0.070000,0.070000,0.000000,0.070000,0.000000,4.321545,4.321545,4.251545,4.251545,0.000000,horizon_mpc_secbf,8,4.305098,true,osqp,optimal,25,3.194528,0,4.786579,accept,false,-0.000001,0.000001,-0.000001,0.000001,,,0.000001,0.000000,6.295430,0.000000
crossing,context_bl,Proposed MPC-SECBF,106,10.600,2.000000,-0.250000,-0.000001,0.000001,1.984473,0.100000,4.348000,0.000000,0.580000,pedestrian,walking,attentive,,0.000000,0.000000,4.975098,4.375098,0.070000,0.070000,0.070000,0.070000,0.000000,0.070000,0.000000,4.375098,4.375098,4.305098,4.305098,0.000000,horizon_mpc_secbf,8,4.358751,true,osqp,optimal,25,3.961861,0,4.841136,accept,false,-0.000000,0.000000,-0.000000,0.000000,,,0.000000,0.000001,6.295430,0.000000
crossing,context_bl,Proposed MPC-SECBF,107,10.700,2.000000,-0.250000,-0.000000,0.000000,1.949916,0.100000,4.406000,0.000000,0.580000,pedestrian,walking,attentive,,0.000000,0.000000,5.028751,4.428751,0.070000,0.070000,0.070000,0.070000,0.000000,0.070000,0.000000,4.428751,4.428751,4.358751,4.358751,0.000000,horizon_mpc_secbf,8,4.412499,true,osqp,optimal,25,3.762932,0,4.895759,accept,false,0.000000,-0.000000,0.000000,-0.000000,,,0.000000,0.000000,6.295430,0.000000
crossing,context_bl,Proposed MPC-SECBF,108,10.800,2.000000,-0.250000,0.000000,-0.000000,-1.128002,0.100000,4.464000,0.000000,0.580000,pedestrian,walking,attentive,,0.000000,0.000000,5.082499,4.482499,0.070000,0.070000,0.070000,0.070000,0.000000,0.070000,0.000000,4.482499,4.482499,4.412499,4.412499,0.000000,horizon_mpc_secbf,8,4.466340,true,osqp,optimal,25,4.098721,0,4.950447,accept,false,0.000000,-0.000000,0.000000,-0.000000,,,0.000000,0.000000,6.295430,0.000000
crossing,context_bl,Proposed MPC-SECBF,109,10.900,2.000000,-0.250000,0.000000,-0.000000,-1.163043,0.100000,4.522000,0.000000,0.580000,pedestrian,walking,attentive,,0.000000,0.000000,5.136340,4.536340,0.070000,0.070000,0.070000,0.070000,0.000000,0.070000,0.000000,4.536340,4.536340,4.466340,4.466340,0.000000,horizon_mpc_secbf,8,4.520270,true,osqp,optimal,25,3.068383,0,5.005198,accept,false,0.000000,0.000000,0.000000,-0.000000,,,0.000000,0.000000,6.295430,0.000000
crossing,context_bl,Proposed MPC-SECBF,110,11.000,2.000000,-0.250000,0.000000,-0.000000,-1.163034,0.100000,4.580000,0.000000,0.580000,pedestrian,walking,attentive,,0.000000,0.000000,5.190270,4.590270,0.070000,0.070000,0.070000,0.070000,0.000000,0.070000,0.000000,4.590270,4.590270,4.520270,4.520270,0.000000,horizon_mpc_secbf,8,4.574287,true,osqp,optimal,25,3.142375,0,5.060010,accept,false,-0.000000,0.000000,-0.000000,0.000000,,,0.000000,0.000000,6.295430,0.000000
crossing,context_bl,Proposed MPC-SECBF,111,11.100,2.000000,-0.250000,-0.000000,0.000000,2.027332,0.100000,4.638000,0.000000,0.580000,pedestrian,walking,attentive,,0.000000,0.000000,5.244287,4.644287,0.070000,0.070000,0.070000,0.070000,0.000000,0.070000,0.000000,4.644287,4.644287,4.574287,4.574287,0.000000,horizon_mpc_secbf,8,4.628388,true,osqp,optimal,25,4.145046,0,5.114883,accept,false,0.000000,0.000000,-0.000000,0.000000,,,0.000000,0.000000,6.295430,0.000000
crossing,context_bl,Proposed MPC-SECBF,112,11.200,2.000000,-0.250000,-0.000000,0.000000,1.579082,0.100000,4.696000,0.000000,0.580000,pedestrian,walking,attentive,,0.000000,0.000000,5.298388,4.698388,0.070000,0.070000,0.070000,0.070000,0.000000,0.070000,0.000000,4.698388,4.698388,4.628388,4.628388,0.000000,horizon_mpc_secbf,8,4.682571,true,osqp,optimal,25,4.511838,0,5.169813,accept,false,0.000000,0.000000,-0.000000,0.000000,,,0.000000,0.000000,6.295430,0.000000
crossing,context_bl,Proposed MPC-SECBF,113,11.300,2.000000,-0.250000,-0.000000,0.000000,1.579082,0.100000,4.754000,0.000000,0.580000,pedestrian,walking,attentive,,0.000000,0.000000,5.352571,4.752571,0.070000,0.070000,0.070000,0.070000,0.000000,0.070000,0.000000,4.752571,4.752571,4.682571,4.682571,0.000000,horizon_mpc_secbf,8,4.736833,true,osqp,optimal,25,3.210235,0,5.224800,accept,false,0.000000,0.000000,-0.000000,0.000000,,,0.000000,0.000000,6.295430,0.000000
crossing,context_bl,Proposed MPC-SECBF,114,11.400,2.000000,-0.250000,-0.000000,0.000000,1.579082,0.100000,4.812000,0.000000,0.580000,pedestrian,walking,attentive,,0.000000,0.000000,5.406833,4.806833,0.070000,0.070000,0.070000,0.070000,0.000000,0.070000,0.000000,4.806833,4.806833,4.736833,4.736833,0.000000,horizon_mpc_secbf,8,4.791172,true,osqp,optimal,25,2.876506,0,5.279842,accept,false,0.000000,0.000000,-0.000000,0.000000,,,0.000000,0.000000,6.295430,0.000000
crossing,context_bl,Proposed MPC-SECBF,115,11.500,2.000000,-0.250000,-0.000000,0.000000,1.579082,0.100000,4.870000,0.000000,0.580000,pedestrian,walking,attentive,,0.000000,0.000000,5.461172,4.861172,0.070000,0.070000,0.070000,0.070000,0.000000,0.070000,0.000000,4.861172,4.861172,4.791172,4.791172,0.000000,horizon_mpc_secbf,8,4.845586,true,osqp,optimal,25,3.310106,0,5.334938,accept,false,0.000000,0.000000,-0.000000,0.000000,,,0.000000,0.000000,6.295430,0.000000
crossing,context_bl,Proposed MPC-SECBF,116,11.600,2.000000,-0.250000,-0.000000,0.000000,1.579082,0.100000,4.928000,0.000000,0.580000,pedestrian,walking,attentive,,0.000000,0.000000,5.515586,4.915586,0.070000,0.070000,0.070000,0.070000,0.000000,0.070000,0.000000,4.915586,4.915586,4.845586,4.845586,0.000000,horizon_mpc_secbf,8,4.900071,true,osqp,optimal,25,3.103880,0,5.390086,accept,false,0.000000,0.000000,0.000000,0.000000,,,0.000000,0.000000,6.295430,0.000000
crossing,context_bl,Proposed MPC-SECBF,117,11.700,2.000000,-0.250000,0.000000,0.000000,1.579082,0.100000,4.986000,0.000000,0.580000,pedestrian,walking,attentive,,0.000000,0.000000,5.570071,4.970071,0.070000,0.070000,0.070000,0.070000,0.000000,0.070000,0.000000,4.970071,4.970071,4.900071,4.900071,0.000000,horizon_mpc_secbf,8,4.954628,true,osqp,optimal,25,3.786522,0,5.445285,accept,false,0.000000,0.000000,0.000000,0.000000,,,0.000000,0.000000,6.295430,0.000000
crossing,context_bl,Proposed MPC-SECBF,118,11.800,2.000000,-0.250000,0.000000,0.000000,1.579082,0.100000,5.044000,0.000000,0.580000,pedestrian,walking,attentive,,0.000000,0.000000,5.624628,5.024628,0.070000,0.070000,0.070000,0.070000,0.000000,0.070000,0.000000,5.024628,5.024628,4.954628,4.954628,0.000000,horizon_mpc_secbf,8,5.009252,true,osqp,optimal,25,4.434161,0,5.500534,accept,false,0.000000,0.000000,0.000000,0.000000,,,0.000000,0.000000,6.295430,0.000000
crossing,context_bl,Proposed MPC-SECBF,119,11.900,2.000000,-0.250000,0.000000,0.000000,1.579082,0.100000,5.102000,0.000000,0.580000,pedestrian,walking,attentive,,0.000000,0.000000,5.679252,5.079252,0.070000,0.070000,0.070000,0.070000,0.000000,0.070000,0.000000,5.079252,5.079252,5.009252,5.009252,0.000000,horizon_mpc_secbf,8,5.063943,true,osqp,optimal,25,3.485691,0,5.555831,accept,false,0.000000,0.000000,0.000000,0.000000,,,0.000000,0.000000,6.295430,0.000000
